solid 
  facet normal 1.119649E-01 -9.937122E-01 0.000000E+00
    outer loop
      vertex 1.190000E+02 1.900000E+01 -1.000000E+00
      vertex 1.190000E+02 1.900000E+01 -2.326829E-15
      vertex 1.176649E+02 1.884957E+01 -1.000000E+00
    endloop
  endfacet
  facet normal 3.302781E-01 -9.438837E-01 0.000000E+00
    outer loop
      vertex 1.176649E+02 1.884957E+01 -1.000000E+00
      vertex 1.176649E+02 1.884957E+01 -2.308406E-15
      vertex 1.163967E+02 1.840581E+01 -1.000000E+00
    endloop
  endfacet
  facet normal 1.119649E-01 -9.937122E-01 0.000000E+00
    outer loop
      vertex 1.190000E+02 1.900000E+01 -2.326829E-15
      vertex 1.176649E+02 1.884957E+01 -2.308406E-15
      vertex 1.176649E+02 1.884957E+01 -1.000000E+00
    endloop
  endfacet
  facet normal 5.320320E-01 -8.467242E-01 0.000000E+00
    outer loop
      vertex 1.163967E+02 1.840581E+01 -1.000000E+00
      vertex 1.163967E+02 1.840581E+01 -2.254062E-15
      vertex 1.152591E+02 1.769099E+01 -1.000000E+00
    endloop
  endfacet
  facet normal 3.302781E-01 -9.438837E-01 0.000000E+00
    outer loop
      vertex 1.176649E+02 1.884957E+01 -2.308406E-15
      vertex 1.163967E+02 1.840581E+01 -2.254062E-15
      vertex 1.163967E+02 1.840581E+01 -1.000000E+00
    endloop
  endfacet
  facet normal 7.071068E-01 -7.071068E-01 0.000000E+00
    outer loop
      vertex 1.152591E+02 1.769099E+01 -1.000000E+00
      vertex 1.152591E+02 1.769099E+01 -2.166521E-15
      vertex 1.143090E+02 1.674094E+01 -1.000000E+00
    endloop
  endfacet
  facet normal 5.320320E-01 -8.467242E-01 0.000000E+00
    outer loop
      vertex 1.163967E+02 1.840581E+01 -2.254062E-15
      vertex 1.152591E+02 1.769099E+01 -2.166521E-15
      vertex 1.152591E+02 1.769099E+01 -1.000000E+00
    endloop
  endfacet
  facet normal 8.467230E-01 -5.320340E-01 0.000000E+00
    outer loop
      vertex 1.143090E+02 1.674094E+01 -1.000000E+00
      vertex 1.143090E+02 1.674094E+01 -2.050174E-15
      vertex 1.135942E+02 1.560330E+01 -1.000000E+00
    endloop
  endfacet
  facet normal 7.071068E-01 -7.071068E-01 0.000000E+00
    outer loop
      vertex 1.152591E+02 1.769099E+01 -2.166521E-15
      vertex 1.143090E+02 1.674094E+01 -2.050174E-15
      vertex 1.143090E+02 1.674094E+01 -1.000000E+00
    endloop
  endfacet
  facet normal 9.438829E-01 -3.302802E-01 0.000000E+00
    outer loop
      vertex 1.135942E+02 1.560330E+01 -1.000000E+00
      vertex 1.135942E+02 1.560330E+01 -1.910854E-15
      vertex 1.131504E+02 1.433513E+01 -1.000000E+00
    endloop
  endfacet
  facet normal 8.467230E-01 -5.320340E-01 0.000000E+00
    outer loop
      vertex 1.143090E+02 1.674094E+01 -2.050174E-15
      vertex 1.135942E+02 1.560330E+01 -1.910854E-15
      vertex 1.135942E+02 1.560330E+01 -1.000000E+00
    endloop
  endfacet
  facet normal 9.937125E-01 -1.119617E-01 0.000000E+00
    outer loop
      vertex 1.131504E+02 1.433513E+01 -1.000000E+00
      vertex 1.131504E+02 1.433513E+01 -1.755547E-15
      vertex 1.130000E+02 1.300000E+01 -1.000000E+00
    endloop
  endfacet
  facet normal 9.438829E-01 -3.302802E-01 0.000000E+00
    outer loop
      vertex 1.135942E+02 1.560330E+01 -1.910854E-15
      vertex 1.131504E+02 1.433513E+01 -1.755547E-15
      vertex 1.131504E+02 1.433513E+01 -1.000000E+00
    endloop
  endfacet
  facet normal 9.937125E-01 -1.119617E-01 0.000000E+00
    outer loop
      vertex 1.131504E+02 1.433513E+01 -1.755547E-15
      vertex 1.130000E+02 1.300000E+01 -1.592041E-15
      vertex 1.130000E+02 1.300000E+01 -1.000000E+00
    endloop
  endfacet
  facet normal 6.343933E-01 0.000000E+00 7.730104E-01
    outer loop
      vertex 2.277785E+01 4.380000E+01 7.157348E+00
      vertex 2.353553E+01 4.380000E+01 6.535534E+00
      vertex 2.353553E+01 4.780000E+01 6.535534E+00
    endloop
  endfacet
  facet normal 6.343933E-01 -0.000000E+00 7.730104E-01
    outer loop
      vertex 2.277785E+01 4.380000E+01 7.157348E+00
      vertex 2.353553E+01 4.780000E+01 6.535534E+00
      vertex 2.277785E+01 4.780000E+01 7.157348E+00
    endloop
  endfacet
  facet normal 4.713970E-01 -0.000000E+00 8.819212E-01
    outer loop
      vertex 2.191342E+01 4.380000E+01 7.619398E+00
      vertex 2.277785E+01 4.780000E+01 7.157348E+00
      vertex 2.191342E+01 4.780000E+01 7.619398E+00
    endloop
  endfacet
  facet normal 4.713970E-01 0.000000E+00 8.819212E-01
    outer loop
      vertex 2.191342E+01 4.380000E+01 7.619398E+00
      vertex 2.277785E+01 4.380000E+01 7.157348E+00
      vertex 2.277785E+01 4.780000E+01 7.157348E+00
    endloop
  endfacet
  facet normal 2.902847E-01 -0.000000E+00 9.569403E-01
    outer loop
      vertex 2.097545E+01 4.380000E+01 7.903926E+00
      vertex 2.191342E+01 4.780000E+01 7.619398E+00
      vertex 2.097545E+01 4.780000E+01 7.903926E+00
    endloop
  endfacet
  facet normal 2.902847E-01 0.000000E+00 9.569403E-01
    outer loop
      vertex 2.097545E+01 4.380000E+01 7.903926E+00
      vertex 2.191342E+01 4.380000E+01 7.619398E+00
      vertex 2.191342E+01 4.780000E+01 7.619398E+00
    endloop
  endfacet
  facet normal 9.801709E-02 -0.000000E+00 9.951847E-01
    outer loop
      vertex 2.000000E+01 4.380000E+01 8.000000E+00
      vertex 2.097545E+01 4.780000E+01 7.903926E+00
      vertex 2.000000E+01 4.780000E+01 8.000000E+00
    endloop
  endfacet
  facet normal 9.801709E-02 0.000000E+00 9.951847E-01
    outer loop
      vertex 2.000000E+01 4.380000E+01 8.000000E+00
      vertex 2.097545E+01 4.380000E+01 7.903926E+00
      vertex 2.097545E+01 4.780000E+01 7.903926E+00
    endloop
  endfacet
  facet normal -6.343933E-01 0.000000E+00 7.730104E-01
    outer loop
      vertex 6.464466E+00 4.780000E+01 6.535534E+00
      vertex 6.464466E+00 4.380000E+01 6.535534E+00
      vertex 7.222149E+00 4.380000E+01 7.157348E+00
    endloop
  endfacet
  facet normal -4.713965E-01 0.000000E+00 8.819214E-01
    outer loop
      vertex 7.222149E+00 4.780000E+01 7.157348E+00
      vertex 7.222149E+00 4.380000E+01 7.157348E+00
      vertex 8.086583E+00 4.380000E+01 7.619398E+00
    endloop
  endfacet
  facet normal -6.343933E-01 0.000000E+00 7.730104E-01
    outer loop
      vertex 7.222149E+00 4.780000E+01 7.157348E+00
      vertex 6.464466E+00 4.780000E+01 6.535534E+00
      vertex 7.222149E+00 4.380000E+01 7.157348E+00
    endloop
  endfacet
  facet normal -2.902847E-01 0.000000E+00 9.569403E-01
    outer loop
      vertex 8.086583E+00 4.780000E+01 7.619398E+00
      vertex 8.086583E+00 4.380000E+01 7.619398E+00
      vertex 9.024549E+00 4.380000E+01 7.903926E+00
    endloop
  endfacet
  facet normal -4.713965E-01 0.000000E+00 8.819214E-01
    outer loop
      vertex 8.086583E+00 4.780000E+01 7.619398E+00
      vertex 7.222149E+00 4.780000E+01 7.157348E+00
      vertex 8.086583E+00 4.380000E+01 7.619398E+00
    endloop
  endfacet
  facet normal -9.801719E-02 0.000000E+00 9.951847E-01
    outer loop
      vertex 9.024549E+00 4.780000E+01 7.903926E+00
      vertex 9.024549E+00 4.380000E+01 7.903926E+00
      vertex 1.000000E+01 4.380000E+01 8.000000E+00
    endloop
  endfacet
  facet normal -2.902847E-01 0.000000E+00 9.569403E-01
    outer loop
      vertex 9.024549E+00 4.780000E+01 7.903926E+00
      vertex 8.086583E+00 4.780000E+01 7.619398E+00
      vertex 9.024549E+00 4.380000E+01 7.903926E+00
    endloop
  endfacet
  facet normal -9.801719E-02 0.000000E+00 9.951847E-01
    outer loop
      vertex 1.000000E+01 4.780000E+01 8.000000E+00
      vertex 9.024549E+00 4.780000E+01 7.903926E+00
      vertex 1.000000E+01 4.380000E+01 8.000000E+00
    endloop
  endfacet
  facet normal -6.343933E-01 0.000000E+00 7.730104E-01
    outer loop
      vertex 6.464466E+00 -1.780000E+01 6.535534E+00
      vertex 6.464466E+00 -2.180000E+01 6.535534E+00
      vertex 7.222149E+00 -2.180000E+01 7.157348E+00
    endloop
  endfacet
  facet normal -4.713965E-01 0.000000E+00 8.819214E-01
    outer loop
      vertex 7.222149E+00 -1.780000E+01 7.157348E+00
      vertex 7.222149E+00 -2.180000E+01 7.157348E+00
      vertex 8.086583E+00 -2.180000E+01 7.619398E+00
    endloop
  endfacet
  facet normal -6.343933E-01 0.000000E+00 7.730104E-01
    outer loop
      vertex 7.222149E+00 -1.780000E+01 7.157348E+00
      vertex 6.464466E+00 -1.780000E+01 6.535534E+00
      vertex 7.222149E+00 -2.180000E+01 7.157348E+00
    endloop
  endfacet
  facet normal -2.902847E-01 0.000000E+00 9.569403E-01
    outer loop
      vertex 8.086583E+00 -1.780000E+01 7.619398E+00
      vertex 8.086583E+00 -2.180000E+01 7.619398E+00
      vertex 9.024549E+00 -2.180000E+01 7.903926E+00
    endloop
  endfacet
  facet normal -4.713965E-01 0.000000E+00 8.819214E-01
    outer loop
      vertex 8.086583E+00 -1.780000E+01 7.619398E+00
      vertex 7.222149E+00 -1.780000E+01 7.157348E+00
      vertex 8.086583E+00 -2.180000E+01 7.619398E+00
    endloop
  endfacet
  facet normal -9.801719E-02 0.000000E+00 9.951847E-01
    outer loop
      vertex 9.024549E+00 -1.780000E+01 7.903926E+00
      vertex 9.024549E+00 -2.180000E+01 7.903926E+00
      vertex 1.000000E+01 -2.180000E+01 8.000000E+00
    endloop
  endfacet
  facet normal -2.902847E-01 0.000000E+00 9.569403E-01
    outer loop
      vertex 9.024549E+00 -1.780000E+01 7.903926E+00
      vertex 8.086583E+00 -1.780000E+01 7.619398E+00
      vertex 9.024549E+00 -2.180000E+01 7.903926E+00
    endloop
  endfacet
  facet normal -9.801719E-02 0.000000E+00 9.951847E-01
    outer loop
      vertex 1.000000E+01 -1.780000E+01 8.000000E+00
      vertex 9.024549E+00 -1.780000E+01 7.903926E+00
      vertex 1.000000E+01 -2.180000E+01 8.000000E+00
    endloop
  endfacet
  facet normal 6.343933E-01 0.000000E+00 7.730104E-01
    outer loop
      vertex 2.277785E+01 -2.180000E+01 7.157348E+00
      vertex 2.353553E+01 -2.180000E+01 6.535534E+00
      vertex 2.353553E+01 -1.780000E+01 6.535534E+00
    endloop
  endfacet
  facet normal 6.343933E-01 -0.000000E+00 7.730104E-01
    outer loop
      vertex 2.277785E+01 -2.180000E+01 7.157348E+00
      vertex 2.353553E+01 -1.780000E+01 6.535534E+00
      vertex 2.277785E+01 -1.780000E+01 7.157348E+00
    endloop
  endfacet
  facet normal 4.713970E-01 -0.000000E+00 8.819212E-01
    outer loop
      vertex 2.191342E+01 -2.180000E+01 7.619398E+00
      vertex 2.277785E+01 -1.780000E+01 7.157348E+00
      vertex 2.191342E+01 -1.780000E+01 7.619398E+00
    endloop
  endfacet
  facet normal 4.713970E-01 0.000000E+00 8.819212E-01
    outer loop
      vertex 2.191342E+01 -2.180000E+01 7.619398E+00
      vertex 2.277785E+01 -2.180000E+01 7.157348E+00
      vertex 2.277785E+01 -1.780000E+01 7.157348E+00
    endloop
  endfacet
  facet normal 2.902847E-01 -0.000000E+00 9.569403E-01
    outer loop
      vertex 2.097545E+01 -2.180000E+01 7.903926E+00
      vertex 2.191342E+01 -1.780000E+01 7.619398E+00
      vertex 2.097545E+01 -1.780000E+01 7.903926E+00
    endloop
  endfacet
  facet normal 2.902847E-01 0.000000E+00 9.569403E-01
    outer loop
      vertex 2.097545E+01 -2.180000E+01 7.903926E+00
      vertex 2.191342E+01 -2.180000E+01 7.619398E+00
      vertex 2.191342E+01 -1.780000E+01 7.619398E+00
    endloop
  endfacet
  facet normal 9.801709E-02 -0.000000E+00 9.951847E-01
    outer loop
      vertex 2.000000E+01 -2.180000E+01 8.000000E+00
      vertex 2.097545E+01 -1.780000E+01 7.903926E+00
      vertex 2.000000E+01 -1.780000E+01 8.000000E+00
    endloop
  endfacet
  facet normal 9.801709E-02 0.000000E+00 9.951847E-01
    outer loop
      vertex 2.000000E+01 -2.180000E+01 8.000000E+00
      vertex 2.097545E+01 -2.180000E+01 7.903926E+00
      vertex 2.097545E+01 -1.780000E+01 7.903926E+00
    endloop
  endfacet
  facet normal -6.343933E-01 0.000000E+00 7.730104E-01
    outer loop
      vertex 1.032221E+02 -1.780000E+01 7.157348E+00
      vertex 1.024645E+02 -1.780000E+01 6.535534E+00
      vertex 1.024645E+02 -2.180000E+01 6.535534E+00
    endloop
  endfacet
  facet normal -6.343933E-01 0.000000E+00 7.730104E-01
    outer loop
      vertex 1.032221E+02 -1.780000E+01 7.157348E+00
      vertex 1.024645E+02 -2.180000E+01 6.535534E+00
      vertex 1.032221E+02 -2.180000E+01 7.157348E+00
    endloop
  endfacet
  facet normal -4.713937E-01 0.000000E+00 8.819228E-01
    outer loop
      vertex 1.040866E+02 -1.780000E+01 7.619398E+00
      vertex 1.032221E+02 -2.180000E+01 7.157348E+00
      vertex 1.040866E+02 -2.180000E+01 7.619398E+00
    endloop
  endfacet
  facet normal -2.902847E-01 0.000000E+00 9.569403E-01
    outer loop
      vertex 1.040866E+02 -1.780000E+01 7.619398E+00
      vertex 1.040866E+02 -2.180000E+01 7.619398E+00
      vertex 1.050246E+02 -2.180000E+01 7.903926E+00
    endloop
  endfacet
  facet normal -4.713937E-01 0.000000E+00 8.819228E-01
    outer loop
      vertex 1.040866E+02 -1.780000E+01 7.619398E+00
      vertex 1.032221E+02 -1.780000E+01 7.157348E+00
      vertex 1.032221E+02 -2.180000E+01 7.157348E+00
    endloop
  endfacet
  facet normal -9.801747E-02 0.000000E+00 9.951847E-01
    outer loop
      vertex 1.050246E+02 -1.780000E+01 7.903926E+00
      vertex 1.050246E+02 -2.180000E+01 7.903926E+00
      vertex 1.060000E+02 -2.180000E+01 8.000000E+00
    endloop
  endfacet
  facet normal -2.902847E-01 0.000000E+00 9.569403E-01
    outer loop
      vertex 1.050246E+02 -1.780000E+01 7.903926E+00
      vertex 1.040866E+02 -1.780000E+01 7.619398E+00
      vertex 1.050246E+02 -2.180000E+01 7.903926E+00
    endloop
  endfacet
  facet normal -9.801747E-02 0.000000E+00 9.951847E-01
    outer loop
      vertex 1.060000E+02 -1.780000E+01 8.000000E+00
      vertex 1.050246E+02 -1.780000E+01 7.903926E+00
      vertex 1.060000E+02 -2.180000E+01 8.000000E+00
    endloop
  endfacet
  facet normal 6.343933E-01 0.000000E+00 7.730104E-01
    outer loop
      vertex 1.187779E+02 -2.180000E+01 7.157348E+00
      vertex 1.195355E+02 -2.180000E+01 6.535534E+00
      vertex 1.195355E+02 -1.780000E+01 6.535534E+00
    endloop
  endfacet
  facet normal 6.343933E-01 -0.000000E+00 7.730104E-01
    outer loop
      vertex 1.187779E+02 -2.180000E+01 7.157348E+00
      vertex 1.195355E+02 -1.780000E+01 6.535534E+00
      vertex 1.187779E+02 -1.780000E+01 7.157348E+00
    endloop
  endfacet
  facet normal 4.713937E-01 -0.000000E+00 8.819228E-01
    outer loop
      vertex 1.179134E+02 -2.180000E+01 7.619398E+00
      vertex 1.187779E+02 -1.780000E+01 7.157348E+00
      vertex 1.179134E+02 -1.780000E+01 7.619398E+00
    endloop
  endfacet
  facet normal 4.713937E-01 0.000000E+00 8.819228E-01
    outer loop
      vertex 1.179134E+02 -2.180000E+01 7.619398E+00
      vertex 1.187779E+02 -2.180000E+01 7.157348E+00
      vertex 1.187779E+02 -1.780000E+01 7.157348E+00
    endloop
  endfacet
  facet normal 2.902847E-01 -0.000000E+00 9.569403E-01
    outer loop
      vertex 1.169754E+02 -2.180000E+01 7.903926E+00
      vertex 1.179134E+02 -1.780000E+01 7.619398E+00
      vertex 1.169754E+02 -1.780000E+01 7.903926E+00
    endloop
  endfacet
  facet normal 2.902847E-01 0.000000E+00 9.569403E-01
    outer loop
      vertex 1.169754E+02 -2.180000E+01 7.903926E+00
      vertex 1.179134E+02 -2.180000E+01 7.619398E+00
      vertex 1.179134E+02 -1.780000E+01 7.619398E+00
    endloop
  endfacet
  facet normal 9.801747E-02 -0.000000E+00 9.951847E-01
    outer loop
      vertex 1.160000E+02 -2.180000E+01 8.000000E+00
      vertex 1.169754E+02 -1.780000E+01 7.903926E+00
      vertex 1.160000E+02 -1.780000E+01 8.000000E+00
    endloop
  endfacet
  facet normal 9.801747E-02 0.000000E+00 9.951847E-01
    outer loop
      vertex 1.160000E+02 -2.180000E+01 8.000000E+00
      vertex 1.169754E+02 -2.180000E+01 7.903926E+00
      vertex 1.169754E+02 -1.780000E+01 7.903926E+00
    endloop
  endfacet
  facet normal 6.343933E-01 0.000000E+00 7.730104E-01
    outer loop
      vertex 1.187779E+02 4.380000E+01 7.157348E+00
      vertex 1.195355E+02 4.380000E+01 6.535534E+00
      vertex 1.195355E+02 4.780000E+01 6.535534E+00
    endloop
  endfacet
  facet normal 6.343933E-01 -0.000000E+00 7.730104E-01
    outer loop
      vertex 1.187779E+02 4.380000E+01 7.157348E+00
      vertex 1.195355E+02 4.780000E+01 6.535534E+00
      vertex 1.187779E+02 4.780000E+01 7.157348E+00
    endloop
  endfacet
  facet normal 4.713937E-01 -0.000000E+00 8.819228E-01
    outer loop
      vertex 1.179134E+02 4.380000E+01 7.619398E+00
      vertex 1.187779E+02 4.780000E+01 7.157348E+00
      vertex 1.179134E+02 4.780000E+01 7.619398E+00
    endloop
  endfacet
  facet normal 4.713937E-01 0.000000E+00 8.819228E-01
    outer loop
      vertex 1.179134E+02 4.380000E+01 7.619398E+00
      vertex 1.187779E+02 4.380000E+01 7.157348E+00
      vertex 1.187779E+02 4.780000E+01 7.157348E+00
    endloop
  endfacet
  facet normal 2.902847E-01 -0.000000E+00 9.569403E-01
    outer loop
      vertex 1.169754E+02 4.380000E+01 7.903926E+00
      vertex 1.179134E+02 4.780000E+01 7.619398E+00
      vertex 1.169754E+02 4.780000E+01 7.903926E+00
    endloop
  endfacet
  facet normal 2.902847E-01 0.000000E+00 9.569403E-01
    outer loop
      vertex 1.169754E+02 4.380000E+01 7.903926E+00
      vertex 1.179134E+02 4.380000E+01 7.619398E+00
      vertex 1.179134E+02 4.780000E+01 7.619398E+00
    endloop
  endfacet
  facet normal 9.801747E-02 -0.000000E+00 9.951847E-01
    outer loop
      vertex 1.160000E+02 4.380000E+01 8.000000E+00
      vertex 1.169754E+02 4.780000E+01 7.903926E+00
      vertex 1.160000E+02 4.780000E+01 8.000000E+00
    endloop
  endfacet
  facet normal 9.801747E-02 0.000000E+00 9.951847E-01
    outer loop
      vertex 1.160000E+02 4.380000E+01 8.000000E+00
      vertex 1.169754E+02 4.380000E+01 7.903926E+00
      vertex 1.169754E+02 4.780000E+01 7.903926E+00
    endloop
  endfacet
  facet normal -6.343933E-01 0.000000E+00 7.730104E-01
    outer loop
      vertex 1.032221E+02 4.780000E+01 7.157348E+00
      vertex 1.024645E+02 4.780000E+01 6.535534E+00
      vertex 1.024645E+02 4.380000E+01 6.535534E+00
    endloop
  endfacet
  facet normal -6.343933E-01 0.000000E+00 7.730104E-01
    outer loop
      vertex 1.032221E+02 4.780000E+01 7.157348E+00
      vertex 1.024645E+02 4.380000E+01 6.535534E+00
      vertex 1.032221E+02 4.380000E+01 7.157348E+00
    endloop
  endfacet
  facet normal -4.713937E-01 0.000000E+00 8.819228E-01
    outer loop
      vertex 1.040866E+02 4.780000E+01 7.619398E+00
      vertex 1.032221E+02 4.380000E+01 7.157348E+00
      vertex 1.040866E+02 4.380000E+01 7.619398E+00
    endloop
  endfacet
  facet normal -4.713937E-01 0.000000E+00 8.819228E-01
    outer loop
      vertex 1.040866E+02 4.780000E+01 7.619398E+00
      vertex 1.032221E+02 4.780000E+01 7.157348E+00
      vertex 1.032221E+02 4.380000E+01 7.157348E+00
    endloop
  endfacet
  facet normal -2.902847E-01 0.000000E+00 9.569403E-01
    outer loop
      vertex 1.050246E+02 4.780000E+01 7.903926E+00
      vertex 1.040866E+02 4.380000E+01 7.619398E+00
      vertex 1.050246E+02 4.380000E+01 7.903926E+00
    endloop
  endfacet
  facet normal -2.902847E-01 0.000000E+00 9.569403E-01
    outer loop
      vertex 1.050246E+02 4.780000E+01 7.903926E+00
      vertex 1.040866E+02 4.780000E+01 7.619398E+00
      vertex 1.040866E+02 4.380000E+01 7.619398E+00
    endloop
  endfacet
  facet normal -9.801747E-02 0.000000E+00 9.951847E-01
    outer loop
      vertex 1.060000E+02 4.780000E+01 8.000000E+00
      vertex 1.050246E+02 4.380000E+01 7.903926E+00
      vertex 1.060000E+02 4.380000E+01 8.000000E+00
    endloop
  endfacet
  facet normal -9.801747E-02 0.000000E+00 9.951847E-01
    outer loop
      vertex 1.060000E+02 4.780000E+01 8.000000E+00
      vertex 1.050246E+02 4.780000E+01 7.903926E+00
      vertex 1.050246E+02 4.380000E+01 7.903926E+00
    endloop
  endfacet
  facet normal -9.951848E-01 -9.801670E-02 0.000000E+00
    outer loop
      vertex 4.800000E+01 -1.500000E+01 -3.000000E+00
      vertex 4.800000E+01 -1.500000E+01 1.836970E-15
      vertex 4.794236E+01 -1.441473E+01 -3.000000E+00
    endloop
  endfacet
  facet normal -9.569395E-01 -2.902876E-01 0.000000E+00
    outer loop
      vertex 4.794236E+01 -1.441473E+01 -3.000000E+00
      vertex 4.794236E+01 -1.441473E+01 1.765295E-15
      vertex 4.777164E+01 -1.385195E+01 -3.000000E+00
    endloop
  endfacet
  facet normal -9.951848E-01 -9.801670E-02 0.000000E+00
    outer loop
      vertex 4.800000E+01 -1.500000E+01 1.836970E-15
      vertex 4.794236E+01 -1.441473E+01 1.765295E-15
      vertex 4.794236E+01 -1.441473E+01 -3.000000E+00
    endloop
  endfacet
  facet normal -8.819216E-01 -4.713961E-01 0.000000E+00
    outer loop
      vertex 4.777164E+01 -1.385195E+01 -3.000000E+00
      vertex 4.777164E+01 -1.385195E+01 1.696375E-15
      vertex 4.749441E+01 -1.333329E+01 -3.000000E+00
    endloop
  endfacet
  facet normal -9.569395E-01 -2.902876E-01 0.000000E+00
    outer loop
      vertex 4.794236E+01 -1.441473E+01 1.765295E-15
      vertex 4.777164E+01 -1.385195E+01 1.696375E-15
      vertex 4.777164E+01 -1.385195E+01 -3.000000E+00
    endloop
  endfacet
  facet normal -8.819216E-01 -4.713961E-01 0.000000E+00
    outer loop
      vertex 4.777164E+01 -1.385195E+01 1.696375E-15
      vertex 4.749441E+01 -1.333329E+01 1.632857E-15
      vertex 4.749441E+01 -1.333329E+01 -3.000000E+00
    endloop
  endfacet
  facet normal -7.730104E-01 -6.343935E-01 0.000000E+00
    outer loop
      vertex 4.749441E+01 -1.333329E+01 -3.000000E+00
      vertex 4.712132E+01 -1.287868E+01 1.577183E-15
      vertex 4.712132E+01 -1.287868E+01 -3.000000E+00
    endloop
  endfacet
  facet normal -7.730104E-01 -6.343935E-01 -0.000000E+00
    outer loop
      vertex 4.749441E+01 -1.333329E+01 1.632857E-15
      vertex 4.712132E+01 -1.287868E+01 1.577183E-15
      vertex 4.749441E+01 -1.333329E+01 -3.000000E+00
    endloop
  endfacet
  facet normal -6.190957E-01 -7.853155E-01 0.000000E+00
    outer loop
      vertex 4.712132E+01 -1.287868E+01 -3.000000E+00
      vertex 4.656750E+01 -1.244208E+01 1.523715E-15
      vertex 4.656750E+01 -1.244208E+01 -3.000000E+00
    endloop
  endfacet
  facet normal -6.190957E-01 -7.853155E-01 -0.000000E+00
    outer loop
      vertex 4.712132E+01 -1.287868E+01 1.577183E-15
      vertex 4.656750E+01 -1.244208E+01 1.523715E-15
      vertex 4.712132E+01 -1.287868E+01 -3.000000E+00
    endloop
  endfacet
  facet normal -4.186591E-01 -9.081434E-01 0.000000E+00
    outer loop
      vertex 4.656750E+01 -1.244208E+01 -3.000000E+00
      vertex 4.592705E+01 -1.214683E+01 1.487558E-15
      vertex 4.592705E+01 -1.214683E+01 -3.000000E+00
    endloop
  endfacet
  facet normal -4.186591E-01 -9.081434E-01 -0.000000E+00
    outer loop
      vertex 4.656750E+01 -1.244208E+01 1.523715E-15
      vertex 4.592705E+01 -1.214683E+01 1.487558E-15
      vertex 4.656750E+01 -1.244208E+01 -3.000000E+00
    endloop
  endfacet
  facet normal -1.950909E-01 -9.807852E-01 0.000000E+00
    outer loop
      vertex 4.592705E+01 -1.214683E+01 -3.000000E+00
      vertex 4.523538E+01 -1.200925E+01 1.470709E-15
      vertex 4.523538E+01 -1.200925E+01 -3.000000E+00
    endloop
  endfacet
  facet normal -1.950909E-01 -9.807852E-01 -0.000000E+00
    outer loop
      vertex 4.592705E+01 -1.214683E+01 1.487558E-15
      vertex 4.523538E+01 -1.200925E+01 1.470709E-15
      vertex 4.592705E+01 -1.214683E+01 -3.000000E+00
    endloop
  endfacet
  facet normal 3.925991E-02 -9.992290E-01 0.000000E+00
    outer loop
      vertex 4.523538E+01 -1.200925E+01 -3.000000E+00
      vertex 4.453070E+01 -1.203693E+01 1.474099E-15
      vertex 4.453070E+01 -1.203693E+01 -3.000000E+00
    endloop
  endfacet
  facet normal 2.714409E-01 -9.624552E-01 0.000000E+00
    outer loop
      vertex 4.453070E+01 -1.203693E+01 -3.000000E+00
      vertex 4.453070E+01 -1.203693E+01 1.474099E-15
      vertex 4.385195E+01 -1.222836E+01 -3.000000E+00
    endloop
  endfacet
  facet normal 3.925991E-02 -9.992290E-01 0.000000E+00
    outer loop
      vertex 4.523538E+01 -1.200925E+01 1.470709E-15
      vertex 4.453070E+01 -1.203693E+01 1.474099E-15
      vertex 4.523538E+01 -1.200925E+01 -3.000000E+00
    endloop
  endfacet
  facet normal 4.886211E-01 -8.724961E-01 0.000000E+00
    outer loop
      vertex 4.385195E+01 -1.222836E+01 -3.000000E+00
      vertex 4.385195E+01 -1.222836E+01 1.497542E-15
      vertex 4.323664E+01 -1.257295E+01 -3.000000E+00
    endloop
  endfacet
  facet normal 2.714409E-01 -9.624552E-01 0.000000E+00
    outer loop
      vertex 4.453070E+01 -1.203693E+01 1.474099E-15
      vertex 4.385195E+01 -1.222836E+01 1.497542E-15
      vertex 4.385195E+01 -1.222836E+01 -3.000000E+00
    endloop
  endfacet
  facet normal 6.787989E-01 -7.343242E-01 0.000000E+00
    outer loop
      vertex 4.323664E+01 -1.257295E+01 -3.000000E+00
      vertex 4.323664E+01 -1.257295E+01 1.539742E-15
      vertex 4.271878E+01 -1.305166E+01 -3.000000E+00
    endloop
  endfacet
  facet normal 4.886211E-01 -8.724961E-01 0.000000E+00
    outer loop
      vertex 4.385195E+01 -1.222836E+01 1.497542E-15
      vertex 4.323664E+01 -1.257295E+01 1.539742E-15
      vertex 4.323664E+01 -1.257295E+01 -3.000000E+00
    endloop
  endfacet
  facet normal 8.314705E-01 -5.555686E-01 0.000000E+00
    outer loop
      vertex 4.271878E+01 -1.305166E+01 -3.000000E+00
      vertex 4.271878E+01 -1.305166E+01 1.598367E-15
      vertex 4.232698E+01 -1.363803E+01 -3.000000E+00
    endloop
  endfacet
  facet normal 6.787989E-01 -7.343242E-01 0.000000E+00
    outer loop
      vertex 4.323664E+01 -1.257295E+01 1.539742E-15
      vertex 4.271878E+01 -1.305166E+01 1.598367E-15
      vertex 4.271878E+01 -1.305166E+01 -3.000000E+00
    endloop
  endfacet
  facet normal 9.381909E-01 -3.461181E-01 0.000000E+00
    outer loop
      vertex 4.232698E+01 -1.363803E+01 -3.000000E+00
      vertex 4.232698E+01 -1.363803E+01 1.670177E-15
      vertex 4.208289E+01 -1.429966E+01 -3.000000E+00
    endloop
  endfacet
  facet normal 8.314705E-01 -5.555686E-01 0.000000E+00
    outer loop
      vertex 4.271878E+01 -1.305166E+01 1.598367E-15
      vertex 4.232698E+01 -1.363803E+01 1.670177E-15
      vertex 4.232698E+01 -1.363803E+01 -3.000000E+00
    endloop
  endfacet
  facet normal 9.930686E-01 -1.175364E-01 0.000000E+00
    outer loop
      vertex 4.208289E+01 -1.429966E+01 -3.000000E+00
      vertex 4.208289E+01 -1.429966E+01 1.751204E-15
      vertex 4.200000E+01 -1.500000E+01 -3.000000E+00
    endloop
  endfacet
  facet normal 9.381909E-01 -3.461181E-01 0.000000E+00
    outer loop
      vertex 4.232698E+01 -1.363803E+01 1.670177E-15
      vertex 4.208289E+01 -1.429966E+01 1.751204E-15
      vertex 4.208289E+01 -1.429966E+01 -3.000000E+00
    endloop
  endfacet
  facet normal 9.930686E-01 -1.175364E-01 0.000000E+00
    outer loop
      vertex 4.208289E+01 -1.429966E+01 1.751204E-15
      vertex 4.200000E+01 -1.500000E+01 1.836970E-15
      vertex 4.200000E+01 -1.500000E+01 -3.000000E+00
    endloop
  endfacet
  facet normal -0.000000E+00 -6.087618E-01 -7.933531E-01
    outer loop
      vertex 1.354142E+02 -2.441421E+01 -2.414214E+00
      vertex -9.414213E+00 -2.441421E+01 -2.414214E+00
      vertex -9.000000E+00 -2.400000E+01 -2.732051E+00
    endloop
  endfacet
  facet normal -0.000000E+00 -3.826827E-01 -9.238799E-01
    outer loop
      vertex 1.350000E+02 -2.400000E+01 -2.732051E+00
      vertex -9.000000E+00 -2.400000E+01 -2.732051E+00
      vertex -8.517638E+00 -2.351764E+01 -2.931852E+00
    endloop
  endfacet
  facet normal -0.000000E+00 -6.087618E-01 -7.933531E-01
    outer loop
      vertex 1.350000E+02 -2.400000E+01 -2.732051E+00
      vertex 1.354142E+02 -2.441421E+01 -2.414214E+00
      vertex -9.000000E+00 -2.400000E+01 -2.732051E+00
    endloop
  endfacet
  facet normal -0.000000E+00 -1.305265E-01 -9.914448E-01
    outer loop
      vertex 1.345176E+02 -2.351764E+01 -2.931852E+00
      vertex -8.517638E+00 -2.351764E+01 -2.931852E+00
      vertex -8.000000E+00 -2.300000E+01 -3.000000E+00
    endloop
  endfacet
  facet normal -0.000000E+00 -3.826827E-01 -9.238799E-01
    outer loop
      vertex 1.345176E+02 -2.351764E+01 -2.931852E+00
      vertex 1.350000E+02 -2.400000E+01 -2.732051E+00
      vertex -8.517638E+00 -2.351764E+01 -2.931852E+00
    endloop
  endfacet
  facet normal -0.000000E+00 -1.305265E-01 -9.914448E-01
    outer loop
      vertex 1.340000E+02 -2.300000E+01 -3.000000E+00
      vertex 1.345176E+02 -2.351764E+01 -2.931852E+00
      vertex -8.000000E+00 -2.300000E+01 -3.000000E+00
    endloop
  endfacet
  facet normal -6.087617E-01 0.000000E+00 -7.933530E-01
    outer loop
      vertex -9.414213E+00 -2.441421E+01 -2.414214E+00
      vertex -9.414213E+00 5.041422E+01 -2.414214E+00
      vertex -9.000000E+00 5.000000E+01 -2.732051E+00
    endloop
  endfacet
  facet normal -3.826833E-01 0.000000E+00 -9.238795E-01
    outer loop
      vertex -9.000000E+00 -2.400000E+01 -2.732051E+00
      vertex -9.000000E+00 5.000000E+01 -2.732051E+00
      vertex -8.517638E+00 4.951764E+01 -2.931852E+00
    endloop
  endfacet
  facet normal -6.087617E-01 0.000000E+00 -7.933531E-01
    outer loop
      vertex -9.000000E+00 -2.400000E+01 -2.732051E+00
      vertex -9.414213E+00 -2.441421E+01 -2.414214E+00
      vertex -9.000000E+00 5.000000E+01 -2.732051E+00
    endloop
  endfacet
  facet normal -1.305262E-01 0.000000E+00 -9.914449E-01
    outer loop
      vertex -8.517638E+00 -2.351764E+01 -2.931852E+00
      vertex -8.517638E+00 4.951764E+01 -2.931852E+00
      vertex -8.000000E+00 4.900000E+01 -3.000000E+00
    endloop
  endfacet
  facet normal -3.826833E-01 0.000000E+00 -9.238796E-01
    outer loop
      vertex -8.517638E+00 -2.351764E+01 -2.931852E+00
      vertex -9.000000E+00 -2.400000E+01 -2.732051E+00
      vertex -8.517638E+00 4.951764E+01 -2.931852E+00
    endloop
  endfacet
  facet normal -1.305262E-01 0.000000E+00 -9.914448E-01
    outer loop
      vertex -8.000000E+00 -2.300000E+01 -3.000000E+00
      vertex -8.517638E+00 -2.351764E+01 -2.931852E+00
      vertex -8.000000E+00 4.900000E+01 -3.000000E+00
    endloop
  endfacet
  facet normal 0.000000E+00 6.087601E-01 -7.933545E-01
    outer loop
      vertex -9.000000E+00 5.000000E+01 -2.732051E+00
      vertex -9.414213E+00 5.041422E+01 -2.414214E+00
      vertex 1.354142E+02 5.041422E+01 -2.414214E+00
    endloop
  endfacet
  facet normal 0.000000E+00 6.087600E-01 -7.933545E-01
    outer loop
      vertex -9.000000E+00 5.000000E+01 -2.732051E+00
      vertex 1.354142E+02 5.041422E+01 -2.414214E+00
      vertex 1.350000E+02 5.000000E+01 -2.732051E+00
    endloop
  endfacet
  facet normal 0.000000E+00 3.826840E-01 -9.238793E-01
    outer loop
      vertex -8.517638E+00 4.951764E+01 -2.931852E+00
      vertex 1.350000E+02 5.000000E+01 -2.732051E+00
      vertex 1.345176E+02 4.951764E+01 -2.931852E+00
    endloop
  endfacet
  facet normal 0.000000E+00 3.826840E-01 -9.238793E-01
    outer loop
      vertex -8.517638E+00 4.951764E+01 -2.931852E+00
      vertex -9.000000E+00 5.000000E+01 -2.732051E+00
      vertex 1.350000E+02 5.000000E+01 -2.732051E+00
    endloop
  endfacet
  facet normal 0.000000E+00 1.305260E-01 -9.914449E-01
    outer loop
      vertex -8.000000E+00 4.900000E+01 -3.000000E+00
      vertex 1.345176E+02 4.951764E+01 -2.931852E+00
      vertex 1.340000E+02 4.900000E+01 -3.000000E+00
    endloop
  endfacet
  facet normal 0.000000E+00 1.305260E-01 -9.914449E-01
    outer loop
      vertex -8.000000E+00 4.900000E+01 -3.000000E+00
      vertex -8.517638E+00 4.951764E+01 -2.931852E+00
      vertex 1.345176E+02 4.951764E+01 -2.931852E+00
    endloop
  endfacet
  facet normal -9.948791E-01 0.000000E+00 1.010720E-01
    outer loop
      vertex 1.620000E+01 4.580000E+01 3.500000E+00
      vertex 1.617548E+01 4.780000E+01 3.258672E+00
      vertex 1.617548E+01 4.580000E+01 3.258672E+00
    endloop
  endfacet
  facet normal -9.948791E-01 0.000000E+00 1.010720E-01
    outer loop
      vertex 1.620000E+01 4.780000E+01 3.500000E+00
      vertex 1.617548E+01 4.780000E+01 3.258672E+00
      vertex 1.620000E+01 4.580000E+01 3.500000E+00
    endloop
  endfacet
  facet normal -9.542257E-01 0.000000E+00 2.990873E-01
    outer loop
      vertex 1.617548E+01 4.580000E+01 3.258672E+00
      vertex 1.610293E+01 4.780000E+01 3.027205E+00
      vertex 1.610293E+01 4.580000E+01 3.027205E+00
    endloop
  endfacet
  facet normal -9.542257E-01 0.000000E+00 2.990873E-01
    outer loop
      vertex 1.617548E+01 4.780000E+01 3.258672E+00
      vertex 1.610293E+01 4.780000E+01 3.027205E+00
      vertex 1.617548E+01 4.580000E+01 3.258672E+00
    endloop
  endfacet
  facet normal -8.745844E-01 0.000000E+00 4.848732E-01
    outer loop
      vertex 1.610293E+01 4.580000E+01 3.027205E+00
      vertex 1.598532E+01 4.780000E+01 2.815057E+00
      vertex 1.598532E+01 4.580000E+01 2.815057E+00
    endloop
  endfacet
  facet normal -8.745844E-01 0.000000E+00 4.848732E-01
    outer loop
      vertex 1.610293E+01 4.780000E+01 3.027205E+00
      vertex 1.598532E+01 4.780000E+01 2.815057E+00
      vertex 1.610293E+01 4.580000E+01 3.027205E+00
    endloop
  endfacet
  facet normal -7.592054E-01 0.000000E+00 6.508511E-01
    outer loop
      vertex 1.598532E+01 4.580000E+01 2.815057E+00
      vertex 1.582744E+01 4.780000E+01 2.630896E+00
      vertex 1.582744E+01 4.580000E+01 2.630896E+00
    endloop
  endfacet
  facet normal -7.592054E-01 0.000000E+00 6.508511E-01
    outer loop
      vertex 1.598532E+01 4.780000E+01 2.815057E+00
      vertex 1.582744E+01 4.780000E+01 2.630896E+00
      vertex 1.598532E+01 4.580000E+01 2.815057E+00
    endloop
  endfacet
  facet normal -6.128026E-01 0.000000E+00 7.902360E-01
    outer loop
      vertex 1.582744E+01 4.580000E+01 2.630896E+00
      vertex 1.563575E+01 4.780000E+01 2.482249E+00
      vertex 1.563575E+01 4.580000E+01 2.482249E+00
    endloop
  endfacet
  facet normal -6.128026E-01 0.000000E+00 7.902360E-01
    outer loop
      vertex 1.582744E+01 4.780000E+01 2.630896E+00
      vertex 1.563575E+01 4.780000E+01 2.482249E+00
      vertex 1.582744E+01 4.580000E+01 2.630896E+00
    endloop
  endfacet
  facet normal -4.260040E-01 0.000000E+00 9.047213E-01
    outer loop
      vertex 1.563575E+01 4.580000E+01 2.482249E+00
      vertex 1.537951E+01 4.780000E+01 2.361593E+00
      vertex 1.537951E+01 4.580000E+01 2.361593E+00
    endloop
  endfacet
  facet normal -4.260040E-01 0.000000E+00 9.047213E-01
    outer loop
      vertex 1.563575E+01 4.780000E+01 2.482249E+00
      vertex 1.537951E+01 4.780000E+01 2.361593E+00
      vertex 1.563575E+01 4.580000E+01 2.482249E+00
    endloop
  endfacet
  facet normal -2.020973E-01 0.000000E+00 9.793654E-01
    outer loop
      vertex 1.537951E+01 4.580000E+01 2.361593E+00
      vertex 1.510213E+01 4.780000E+01 2.304354E+00
      vertex 1.510213E+01 4.580000E+01 2.304354E+00
    endloop
  endfacet
  facet normal -2.020973E-01 0.000000E+00 9.793654E-01
    outer loop
      vertex 1.537951E+01 4.780000E+01 2.361593E+00
      vertex 1.510213E+01 4.780000E+01 2.304354E+00
      vertex 1.537951E+01 4.580000E+01 2.361593E+00
    endloop
  endfacet
  facet normal 3.306739E-02 0.000000E+00 9.994531E-01
    outer loop
      vertex 1.510213E+01 4.580000E+01 2.304354E+00
      vertex 1.481906E+01 4.780000E+01 2.313720E+00
      vertex 1.481906E+01 4.580000E+01 2.313720E+00
    endloop
  endfacet
  facet normal 3.306739E-02 0.000000E+00 9.994531E-01
    outer loop
      vertex 1.510213E+01 4.780000E+01 2.304354E+00
      vertex 1.481906E+01 4.780000E+01 2.313720E+00
      vertex 1.510213E+01 4.580000E+01 2.304354E+00
    endloop
  endfacet
  facet normal 2.663903E-01 0.000000E+00 9.638653E-01
    outer loop
      vertex 1.481906E+01 4.580000E+01 2.313720E+00
      vertex 1.454607E+01 4.780000E+01 2.389168E+00
      vertex 1.454607E+01 4.580000E+01 2.389168E+00
    endloop
  endfacet
  facet normal 2.663903E-01 0.000000E+00 9.638653E-01
    outer loop
      vertex 1.481906E+01 4.780000E+01 2.313720E+00
      vertex 1.454607E+01 4.780000E+01 2.389168E+00
      vertex 1.481906E+01 4.580000E+01 2.313720E+00
    endloop
  endfacet
  facet normal 4.848745E-01 0.000000E+00 8.745838E-01
    outer loop
      vertex 1.454607E+01 4.580000E+01 2.389168E+00
      vertex 1.429836E+01 4.780000E+01 2.526497E+00
      vertex 1.429836E+01 4.580000E+01 2.526497E+00
    endloop
  endfacet
  facet normal 4.848745E-01 0.000000E+00 8.745838E-01
    outer loop
      vertex 1.454607E+01 4.780000E+01 2.389168E+00
      vertex 1.429836E+01 4.780000E+01 2.526497E+00
      vertex 1.454607E+01 4.580000E+01 2.389168E+00
    endloop
  endfacet
  facet normal 6.763473E-01 0.000000E+00 7.365829E-01
    outer loop
      vertex 1.429836E+01 4.580000E+01 2.526497E+00
      vertex 1.408975E+01 4.780000E+01 2.718056E+00
      vertex 1.408975E+01 4.580000E+01 2.718056E+00
    endloop
  endfacet
  facet normal 6.763473E-01 0.000000E+00 7.365829E-01
    outer loop
      vertex 1.429836E+01 4.780000E+01 2.526497E+00
      vertex 1.408975E+01 4.780000E+01 2.718056E+00
      vertex 1.429836E+01 4.580000E+01 2.526497E+00
    endloop
  endfacet
  facet normal 8.301422E-01 0.000000E+00 5.575518E-01
    outer loop
      vertex 1.408975E+01 4.580000E+01 2.718056E+00
      vertex 1.393183E+01 4.780000E+01 2.953174E+00
      vertex 1.393183E+01 4.580000E+01 2.953174E+00
    endloop
  endfacet
  facet normal 8.301422E-01 0.000000E+00 5.575518E-01
    outer loop
      vertex 1.408975E+01 4.780000E+01 2.718056E+00
      vertex 1.393183E+01 4.780000E+01 2.953174E+00
      vertex 1.408975E+01 4.580000E+01 2.718056E+00
    endloop
  endfacet
  facet normal 9.376959E-01 0.000000E+00 3.474570E-01
    outer loop
      vertex 1.393183E+01 4.580000E+01 2.953174E+00
      vertex 1.383342E+01 4.780000E+01 3.218753E+00
      vertex 1.383342E+01 4.580000E+01 3.218753E+00
    endloop
  endfacet
  facet normal 9.376959E-01 0.000000E+00 3.474570E-01
    outer loop
      vertex 1.393183E+01 4.780000E+01 2.953174E+00
      vertex 1.383342E+01 4.780000E+01 3.218753E+00
      vertex 1.393183E+01 4.580000E+01 2.953174E+00
    endloop
  endfacet
  facet normal 9.930124E-01 0.000000E+00 1.180099E-01
    outer loop
      vertex 1.383342E+01 4.580000E+01 3.218753E+00
      vertex 1.380000E+01 4.780000E+01 3.500000E+00
      vertex 1.380000E+01 4.580000E+01 3.500000E+00
    endloop
  endfacet
  facet normal 9.930124E-01 0.000000E+00 1.180099E-01
    outer loop
      vertex 1.383342E+01 4.780000E+01 3.218753E+00
      vertex 1.380000E+01 4.780000E+01 3.500000E+00
      vertex 1.383342E+01 4.580000E+01 3.218753E+00
    endloop
  endfacet
  facet normal -9.948791E-01 0.000000E+00 1.010720E-01
    outer loop
      vertex 1.620000E+01 -2.180000E+01 3.500000E+00
      vertex 1.617548E+01 -1.980000E+01 3.258672E+00
      vertex 1.617548E+01 -2.180000E+01 3.258672E+00
    endloop
  endfacet
  facet normal -9.948791E-01 0.000000E+00 1.010720E-01
    outer loop
      vertex 1.620000E+01 -1.980000E+01 3.500000E+00
      vertex 1.617548E+01 -1.980000E+01 3.258672E+00
      vertex 1.620000E+01 -2.180000E+01 3.500000E+00
    endloop
  endfacet
  facet normal -9.542257E-01 0.000000E+00 2.990873E-01
    outer loop
      vertex 1.617548E+01 -2.180000E+01 3.258672E+00
      vertex 1.610293E+01 -1.980000E+01 3.027205E+00
      vertex 1.610293E+01 -2.180000E+01 3.027205E+00
    endloop
  endfacet
  facet normal -9.542257E-01 0.000000E+00 2.990873E-01
    outer loop
      vertex 1.617548E+01 -1.980000E+01 3.258672E+00
      vertex 1.610293E+01 -1.980000E+01 3.027205E+00
      vertex 1.617548E+01 -2.180000E+01 3.258672E+00
    endloop
  endfacet
  facet normal -8.745844E-01 0.000000E+00 4.848732E-01
    outer loop
      vertex 1.610293E+01 -2.180000E+01 3.027205E+00
      vertex 1.598532E+01 -1.980000E+01 2.815057E+00
      vertex 1.598532E+01 -2.180000E+01 2.815057E+00
    endloop
  endfacet
  facet normal -8.745844E-01 0.000000E+00 4.848732E-01
    outer loop
      vertex 1.610293E+01 -1.980000E+01 3.027205E+00
      vertex 1.598532E+01 -1.980000E+01 2.815057E+00
      vertex 1.610293E+01 -2.180000E+01 3.027205E+00
    endloop
  endfacet
  facet normal -7.592054E-01 0.000000E+00 6.508511E-01
    outer loop
      vertex 1.598532E+01 -2.180000E+01 2.815057E+00
      vertex 1.582744E+01 -1.980000E+01 2.630896E+00
      vertex 1.582744E+01 -2.180000E+01 2.630896E+00
    endloop
  endfacet
  facet normal -7.592054E-01 0.000000E+00 6.508511E-01
    outer loop
      vertex 1.598532E+01 -1.980000E+01 2.815057E+00
      vertex 1.582744E+01 -1.980000E+01 2.630896E+00
      vertex 1.598532E+01 -2.180000E+01 2.815057E+00
    endloop
  endfacet
  facet normal -6.128026E-01 0.000000E+00 7.902360E-01
    outer loop
      vertex 1.582744E+01 -2.180000E+01 2.630896E+00
      vertex 1.563575E+01 -1.980000E+01 2.482249E+00
      vertex 1.563575E+01 -2.180000E+01 2.482249E+00
    endloop
  endfacet
  facet normal -6.128026E-01 0.000000E+00 7.902360E-01
    outer loop
      vertex 1.582744E+01 -1.980000E+01 2.630896E+00
      vertex 1.563575E+01 -1.980000E+01 2.482249E+00
      vertex 1.582744E+01 -2.180000E+01 2.630896E+00
    endloop
  endfacet
  facet normal -4.260040E-01 0.000000E+00 9.047213E-01
    outer loop
      vertex 1.563575E+01 -2.180000E+01 2.482249E+00
      vertex 1.537951E+01 -1.980000E+01 2.361593E+00
      vertex 1.537951E+01 -2.180000E+01 2.361593E+00
    endloop
  endfacet
  facet normal -4.260040E-01 0.000000E+00 9.047213E-01
    outer loop
      vertex 1.563575E+01 -1.980000E+01 2.482249E+00
      vertex 1.537951E+01 -1.980000E+01 2.361593E+00
      vertex 1.563575E+01 -2.180000E+01 2.482249E+00
    endloop
  endfacet
  facet normal -2.020973E-01 0.000000E+00 9.793654E-01
    outer loop
      vertex 1.537951E+01 -2.180000E+01 2.361593E+00
      vertex 1.510213E+01 -1.980000E+01 2.304354E+00
      vertex 1.510213E+01 -2.180000E+01 2.304354E+00
    endloop
  endfacet
  facet normal -2.020973E-01 0.000000E+00 9.793654E-01
    outer loop
      vertex 1.537951E+01 -1.980000E+01 2.361593E+00
      vertex 1.510213E+01 -1.980000E+01 2.304354E+00
      vertex 1.537951E+01 -2.180000E+01 2.361593E+00
    endloop
  endfacet
  facet normal 3.306739E-02 0.000000E+00 9.994531E-01
    outer loop
      vertex 1.510213E+01 -2.180000E+01 2.304354E+00
      vertex 1.481906E+01 -1.980000E+01 2.313720E+00
      vertex 1.481906E+01 -2.180000E+01 2.313720E+00
    endloop
  endfacet
  facet normal 3.306739E-02 0.000000E+00 9.994531E-01
    outer loop
      vertex 1.510213E+01 -1.980000E+01 2.304354E+00
      vertex 1.481906E+01 -1.980000E+01 2.313720E+00
      vertex 1.510213E+01 -2.180000E+01 2.304354E+00
    endloop
  endfacet
  facet normal 2.663903E-01 0.000000E+00 9.638653E-01
    outer loop
      vertex 1.481906E+01 -2.180000E+01 2.313720E+00
      vertex 1.454607E+01 -1.980000E+01 2.389168E+00
      vertex 1.454607E+01 -2.180000E+01 2.389168E+00
    endloop
  endfacet
  facet normal 2.663903E-01 0.000000E+00 9.638653E-01
    outer loop
      vertex 1.481906E+01 -1.980000E+01 2.313720E+00
      vertex 1.454607E+01 -1.980000E+01 2.389168E+00
      vertex 1.481906E+01 -2.180000E+01 2.313720E+00
    endloop
  endfacet
  facet normal 4.848745E-01 0.000000E+00 8.745838E-01
    outer loop
      vertex 1.454607E+01 -2.180000E+01 2.389168E+00
      vertex 1.429836E+01 -1.980000E+01 2.526497E+00
      vertex 1.429836E+01 -2.180000E+01 2.526497E+00
    endloop
  endfacet
  facet normal 4.848745E-01 0.000000E+00 8.745838E-01
    outer loop
      vertex 1.454607E+01 -1.980000E+01 2.389168E+00
      vertex 1.429836E+01 -1.980000E+01 2.526497E+00
      vertex 1.454607E+01 -2.180000E+01 2.389168E+00
    endloop
  endfacet
  facet normal 6.763473E-01 0.000000E+00 7.365829E-01
    outer loop
      vertex 1.429836E+01 -2.180000E+01 2.526497E+00
      vertex 1.408975E+01 -1.980000E+01 2.718056E+00
      vertex 1.408975E+01 -2.180000E+01 2.718056E+00
    endloop
  endfacet
  facet normal 6.763473E-01 0.000000E+00 7.365829E-01
    outer loop
      vertex 1.429836E+01 -1.980000E+01 2.526497E+00
      vertex 1.408975E+01 -1.980000E+01 2.718056E+00
      vertex 1.429836E+01 -2.180000E+01 2.526497E+00
    endloop
  endfacet
  facet normal 8.301422E-01 0.000000E+00 5.575518E-01
    outer loop
      vertex 1.408975E+01 -2.180000E+01 2.718056E+00
      vertex 1.393183E+01 -1.980000E+01 2.953174E+00
      vertex 1.393183E+01 -2.180000E+01 2.953174E+00
    endloop
  endfacet
  facet normal 8.301422E-01 0.000000E+00 5.575518E-01
    outer loop
      vertex 1.408975E+01 -1.980000E+01 2.718056E+00
      vertex 1.393183E+01 -1.980000E+01 2.953174E+00
      vertex 1.408975E+01 -2.180000E+01 2.718056E+00
    endloop
  endfacet
  facet normal 9.376959E-01 0.000000E+00 3.474570E-01
    outer loop
      vertex 1.393183E+01 -2.180000E+01 2.953174E+00
      vertex 1.383342E+01 -1.980000E+01 3.218753E+00
      vertex 1.383342E+01 -2.180000E+01 3.218753E+00
    endloop
  endfacet
  facet normal 9.376959E-01 0.000000E+00 3.474570E-01
    outer loop
      vertex 1.393183E+01 -1.980000E+01 2.953174E+00
      vertex 1.383342E+01 -1.980000E+01 3.218753E+00
      vertex 1.393183E+01 -2.180000E+01 2.953174E+00
    endloop
  endfacet
  facet normal 9.930124E-01 0.000000E+00 1.180099E-01
    outer loop
      vertex 1.383342E+01 -2.180000E+01 3.218753E+00
      vertex 1.380000E+01 -1.980000E+01 3.500000E+00
      vertex 1.380000E+01 -2.180000E+01 3.500000E+00
    endloop
  endfacet
  facet normal 9.930124E-01 0.000000E+00 1.180099E-01
    outer loop
      vertex 1.383342E+01 -1.980000E+01 3.218753E+00
      vertex 1.380000E+01 -1.980000E+01 3.500000E+00
      vertex 1.383342E+01 -2.180000E+01 3.218753E+00
    endloop
  endfacet
  facet normal -9.937138E-01 0.000000E+00 1.119505E-01
    outer loop
      vertex 1.122000E+02 4.580000E+01 3.500000E+00
      vertex 1.121699E+02 4.780000E+01 3.232975E+00
      vertex 1.121699E+02 4.580000E+01 3.232975E+00
    endloop
  endfacet
  facet normal -9.937138E-01 0.000000E+00 1.119505E-01
    outer loop
      vertex 1.122000E+02 4.780000E+01 3.500000E+00
      vertex 1.121699E+02 4.780000E+01 3.232975E+00
      vertex 1.122000E+02 4.580000E+01 3.500000E+00
    endloop
  endfacet
  facet normal -9.438810E-01 0.000000E+00 3.302855E-01
    outer loop
      vertex 1.121699E+02 4.580000E+01 3.232975E+00
      vertex 1.120812E+02 4.780000E+01 2.979340E+00
      vertex 1.120812E+02 4.580000E+01 2.979340E+00
    endloop
  endfacet
  facet normal -9.438810E-01 0.000000E+00 3.302855E-01
    outer loop
      vertex 1.121699E+02 4.780000E+01 3.232975E+00
      vertex 1.120812E+02 4.780000E+01 2.979340E+00
      vertex 1.121699E+02 4.580000E+01 3.232975E+00
    endloop
  endfacet
  facet normal -8.467203E-01 0.000000E+00 5.320382E-01
    outer loop
      vertex 1.120812E+02 4.580000E+01 2.979340E+00
      vertex 1.119382E+02 4.780000E+01 2.751812E+00
      vertex 1.119382E+02 4.580000E+01 2.751812E+00
    endloop
  endfacet
  facet normal -8.467203E-01 0.000000E+00 5.320382E-01
    outer loop
      vertex 1.120812E+02 4.780000E+01 2.979340E+00
      vertex 1.119382E+02 4.780000E+01 2.751812E+00
      vertex 1.120812E+02 4.580000E+01 2.979340E+00
    endloop
  endfacet
  facet normal -7.071068E-01 0.000000E+00 7.071068E-01
    outer loop
      vertex 1.119382E+02 4.580000E+01 2.751812E+00
      vertex 1.117482E+02 4.780000E+01 2.561802E+00
      vertex 1.117482E+02 4.580000E+01 2.561802E+00
    endloop
  endfacet
  facet normal -7.071068E-01 0.000000E+00 7.071068E-01
    outer loop
      vertex 1.119382E+02 4.780000E+01 2.751812E+00
      vertex 1.117482E+02 4.780000E+01 2.561802E+00
      vertex 1.119382E+02 4.580000E+01 2.751812E+00
    endloop
  endfacet
  facet normal -5.320378E-01 0.000000E+00 8.467205E-01
    outer loop
      vertex 1.117482E+02 4.580000E+01 2.561802E+00
      vertex 1.115207E+02 4.780000E+01 2.418837E+00
      vertex 1.115207E+02 4.580000E+01 2.418837E+00
    endloop
  endfacet
  facet normal -5.320378E-01 0.000000E+00 8.467205E-01
    outer loop
      vertex 1.117482E+02 4.780000E+01 2.561802E+00
      vertex 1.115207E+02 4.780000E+01 2.418837E+00
      vertex 1.117482E+02 4.580000E+01 2.561802E+00
    endloop
  endfacet
  facet normal -3.302834E-01 0.000000E+00 9.438818E-01
    outer loop
      vertex 1.115207E+02 4.580000E+01 2.418837E+00
      vertex 1.112670E+02 4.780000E+01 2.330086E+00
      vertex 1.112670E+02 4.580000E+01 2.330086E+00
    endloop
  endfacet
  facet normal -3.302834E-01 0.000000E+00 9.438818E-01
    outer loop
      vertex 1.115207E+02 4.780000E+01 2.418837E+00
      vertex 1.112670E+02 4.780000E+01 2.330086E+00
      vertex 1.115207E+02 4.580000E+01 2.418837E+00
    endloop
  endfacet
  facet normal -1.119630E-01 0.000000E+00 9.937124E-01
    outer loop
      vertex 1.112670E+02 4.580000E+01 2.330086E+00
      vertex 1.110000E+02 4.780000E+01 2.300000E+00
      vertex 1.110000E+02 4.580000E+01 2.300000E+00
    endloop
  endfacet
  facet normal -1.119630E-01 0.000000E+00 9.937124E-01
    outer loop
      vertex 1.112670E+02 4.780000E+01 2.330086E+00
      vertex 1.110000E+02 4.780000E+01 2.300000E+00
      vertex 1.112670E+02 4.580000E+01 2.330086E+00
    endloop
  endfacet
  facet normal 1.119630E-01 0.000000E+00 9.937124E-01
    outer loop
      vertex 1.110000E+02 4.580000E+01 2.300000E+00
      vertex 1.107330E+02 4.780000E+01 2.330086E+00
      vertex 1.107330E+02 4.580000E+01 2.330086E+00
    endloop
  endfacet
  facet normal 1.119630E-01 0.000000E+00 9.937124E-01
    outer loop
      vertex 1.110000E+02 4.780000E+01 2.300000E+00
      vertex 1.107330E+02 4.780000E+01 2.330086E+00
      vertex 1.110000E+02 4.580000E+01 2.300000E+00
    endloop
  endfacet
  facet normal 3.302834E-01 0.000000E+00 9.438818E-01
    outer loop
      vertex 1.107330E+02 4.580000E+01 2.330086E+00
      vertex 1.104793E+02 4.780000E+01 2.418837E+00
      vertex 1.104793E+02 4.580000E+01 2.418837E+00
    endloop
  endfacet
  facet normal 3.302834E-01 0.000000E+00 9.438818E-01
    outer loop
      vertex 1.107330E+02 4.780000E+01 2.330086E+00
      vertex 1.104793E+02 4.780000E+01 2.418837E+00
      vertex 1.107330E+02 4.580000E+01 2.330086E+00
    endloop
  endfacet
  facet normal 5.320378E-01 0.000000E+00 8.467205E-01
    outer loop
      vertex 1.104793E+02 4.580000E+01 2.418837E+00
      vertex 1.102518E+02 4.780000E+01 2.561802E+00
      vertex 1.102518E+02 4.580000E+01 2.561802E+00
    endloop
  endfacet
  facet normal 5.320378E-01 0.000000E+00 8.467205E-01
    outer loop
      vertex 1.104793E+02 4.780000E+01 2.418837E+00
      vertex 1.102518E+02 4.780000E+01 2.561802E+00
      vertex 1.104793E+02 4.580000E+01 2.418837E+00
    endloop
  endfacet
  facet normal 7.071068E-01 0.000000E+00 7.071068E-01
    outer loop
      vertex 1.102518E+02 4.580000E+01 2.561802E+00
      vertex 1.100618E+02 4.780000E+01 2.751812E+00
      vertex 1.100618E+02 4.580000E+01 2.751812E+00
    endloop
  endfacet
  facet normal 7.071068E-01 0.000000E+00 7.071068E-01
    outer loop
      vertex 1.102518E+02 4.780000E+01 2.561802E+00
      vertex 1.100618E+02 4.780000E+01 2.751812E+00
      vertex 1.102518E+02 4.580000E+01 2.561802E+00
    endloop
  endfacet
  facet normal 8.467203E-01 0.000000E+00 5.320382E-01
    outer loop
      vertex 1.100618E+02 4.580000E+01 2.751812E+00
      vertex 1.099188E+02 4.780000E+01 2.979340E+00
      vertex 1.099188E+02 4.580000E+01 2.979340E+00
    endloop
  endfacet
  facet normal 8.467203E-01 0.000000E+00 5.320382E-01
    outer loop
      vertex 1.100618E+02 4.780000E+01 2.751812E+00
      vertex 1.099188E+02 4.780000E+01 2.979340E+00
      vertex 1.100618E+02 4.580000E+01 2.751812E+00
    endloop
  endfacet
  facet normal 9.438810E-01 0.000000E+00 3.302855E-01
    outer loop
      vertex 1.099188E+02 4.580000E+01 2.979340E+00
      vertex 1.098301E+02 4.780000E+01 3.232975E+00
      vertex 1.098301E+02 4.580000E+01 3.232975E+00
    endloop
  endfacet
  facet normal 9.438810E-01 0.000000E+00 3.302855E-01
    outer loop
      vertex 1.099188E+02 4.780000E+01 2.979340E+00
      vertex 1.098301E+02 4.780000E+01 3.232975E+00
      vertex 1.099188E+02 4.580000E+01 2.979340E+00
    endloop
  endfacet
  facet normal 9.937138E-01 0.000000E+00 1.119505E-01
    outer loop
      vertex 1.098301E+02 4.580000E+01 3.232975E+00
      vertex 1.098000E+02 4.780000E+01 3.500000E+00
      vertex 1.098000E+02 4.580000E+01 3.500000E+00
    endloop
  endfacet
  facet normal 9.937138E-01 0.000000E+00 1.119505E-01
    outer loop
      vertex 1.098301E+02 4.780000E+01 3.232975E+00
      vertex 1.098000E+02 4.780000E+01 3.500000E+00
      vertex 1.098301E+02 4.580000E+01 3.232975E+00
    endloop
  endfacet
  facet normal -9.937138E-01 0.000000E+00 1.119505E-01
    outer loop
      vertex 1.122000E+02 -2.180000E+01 3.500000E+00
      vertex 1.121699E+02 -1.980000E+01 3.232975E+00
      vertex 1.121699E+02 -2.180000E+01 3.232975E+00
    endloop
  endfacet
  facet normal -9.937138E-01 0.000000E+00 1.119505E-01
    outer loop
      vertex 1.122000E+02 -1.980000E+01 3.500000E+00
      vertex 1.121699E+02 -1.980000E+01 3.232975E+00
      vertex 1.122000E+02 -2.180000E+01 3.500000E+00
    endloop
  endfacet
  facet normal -9.438810E-01 0.000000E+00 3.302855E-01
    outer loop
      vertex 1.121699E+02 -2.180000E+01 3.232975E+00
      vertex 1.120812E+02 -1.980000E+01 2.979340E+00
      vertex 1.120812E+02 -2.180000E+01 2.979340E+00
    endloop
  endfacet
  facet normal -9.438810E-01 0.000000E+00 3.302855E-01
    outer loop
      vertex 1.121699E+02 -1.980000E+01 3.232975E+00
      vertex 1.120812E+02 -1.980000E+01 2.979340E+00
      vertex 1.121699E+02 -2.180000E+01 3.232975E+00
    endloop
  endfacet
  facet normal -8.467203E-01 0.000000E+00 5.320382E-01
    outer loop
      vertex 1.120812E+02 -2.180000E+01 2.979340E+00
      vertex 1.119382E+02 -1.980000E+01 2.751812E+00
      vertex 1.119382E+02 -2.180000E+01 2.751812E+00
    endloop
  endfacet
  facet normal -8.467203E-01 0.000000E+00 5.320382E-01
    outer loop
      vertex 1.120812E+02 -1.980000E+01 2.979340E+00
      vertex 1.119382E+02 -1.980000E+01 2.751812E+00
      vertex 1.120812E+02 -2.180000E+01 2.979340E+00
    endloop
  endfacet
  facet normal -7.071068E-01 0.000000E+00 7.071068E-01
    outer loop
      vertex 1.119382E+02 -2.180000E+01 2.751812E+00
      vertex 1.117482E+02 -1.980000E+01 2.561802E+00
      vertex 1.117482E+02 -2.180000E+01 2.561802E+00
    endloop
  endfacet
  facet normal -7.071068E-01 0.000000E+00 7.071068E-01
    outer loop
      vertex 1.119382E+02 -1.980000E+01 2.751812E+00
      vertex 1.117482E+02 -1.980000E+01 2.561802E+00
      vertex 1.119382E+02 -2.180000E+01 2.751812E+00
    endloop
  endfacet
  facet normal -5.320378E-01 0.000000E+00 8.467205E-01
    outer loop
      vertex 1.117482E+02 -2.180000E+01 2.561802E+00
      vertex 1.115207E+02 -1.980000E+01 2.418837E+00
      vertex 1.115207E+02 -2.180000E+01 2.418837E+00
    endloop
  endfacet
  facet normal -5.320378E-01 0.000000E+00 8.467205E-01
    outer loop
      vertex 1.117482E+02 -1.980000E+01 2.561802E+00
      vertex 1.115207E+02 -1.980000E+01 2.418837E+00
      vertex 1.117482E+02 -2.180000E+01 2.561802E+00
    endloop
  endfacet
  facet normal -3.302834E-01 0.000000E+00 9.438818E-01
    outer loop
      vertex 1.115207E+02 -2.180000E+01 2.418837E+00
      vertex 1.112670E+02 -1.980000E+01 2.330086E+00
      vertex 1.112670E+02 -2.180000E+01 2.330086E+00
    endloop
  endfacet
  facet normal -3.302834E-01 0.000000E+00 9.438818E-01
    outer loop
      vertex 1.115207E+02 -1.980000E+01 2.418837E+00
      vertex 1.112670E+02 -1.980000E+01 2.330086E+00
      vertex 1.115207E+02 -2.180000E+01 2.418837E+00
    endloop
  endfacet
  facet normal -1.119630E-01 0.000000E+00 9.937124E-01
    outer loop
      vertex 1.112670E+02 -2.180000E+01 2.330086E+00
      vertex 1.110000E+02 -1.980000E+01 2.300000E+00
      vertex 1.110000E+02 -2.180000E+01 2.300000E+00
    endloop
  endfacet
  facet normal -1.119630E-01 0.000000E+00 9.937124E-01
    outer loop
      vertex 1.112670E+02 -1.980000E+01 2.330086E+00
      vertex 1.110000E+02 -1.980000E+01 2.300000E+00
      vertex 1.112670E+02 -2.180000E+01 2.330086E+00
    endloop
  endfacet
  facet normal 1.119630E-01 0.000000E+00 9.937124E-01
    outer loop
      vertex 1.110000E+02 -2.180000E+01 2.300000E+00
      vertex 1.107330E+02 -1.980000E+01 2.330086E+00
      vertex 1.107330E+02 -2.180000E+01 2.330086E+00
    endloop
  endfacet
  facet normal 1.119630E-01 0.000000E+00 9.937124E-01
    outer loop
      vertex 1.110000E+02 -1.980000E+01 2.300000E+00
      vertex 1.107330E+02 -1.980000E+01 2.330086E+00
      vertex 1.110000E+02 -2.180000E+01 2.300000E+00
    endloop
  endfacet
  facet normal 3.302834E-01 0.000000E+00 9.438818E-01
    outer loop
      vertex 1.107330E+02 -2.180000E+01 2.330086E+00
      vertex 1.104793E+02 -1.980000E+01 2.418837E+00
      vertex 1.104793E+02 -2.180000E+01 2.418837E+00
    endloop
  endfacet
  facet normal 3.302834E-01 0.000000E+00 9.438818E-01
    outer loop
      vertex 1.107330E+02 -1.980000E+01 2.330086E+00
      vertex 1.104793E+02 -1.980000E+01 2.418837E+00
      vertex 1.107330E+02 -2.180000E+01 2.330086E+00
    endloop
  endfacet
  facet normal 5.320378E-01 0.000000E+00 8.467205E-01
    outer loop
      vertex 1.104793E+02 -2.180000E+01 2.418837E+00
      vertex 1.102518E+02 -1.980000E+01 2.561802E+00
      vertex 1.102518E+02 -2.180000E+01 2.561802E+00
    endloop
  endfacet
  facet normal 5.320378E-01 0.000000E+00 8.467205E-01
    outer loop
      vertex 1.104793E+02 -1.980000E+01 2.418837E+00
      vertex 1.102518E+02 -1.980000E+01 2.561802E+00
      vertex 1.104793E+02 -2.180000E+01 2.418837E+00
    endloop
  endfacet
  facet normal 7.071068E-01 0.000000E+00 7.071068E-01
    outer loop
      vertex 1.102518E+02 -2.180000E+01 2.561802E+00
      vertex 1.100618E+02 -1.980000E+01 2.751812E+00
      vertex 1.100618E+02 -2.180000E+01 2.751812E+00
    endloop
  endfacet
  facet normal 7.071068E-01 0.000000E+00 7.071068E-01
    outer loop
      vertex 1.102518E+02 -1.980000E+01 2.561802E+00
      vertex 1.100618E+02 -1.980000E+01 2.751812E+00
      vertex 1.102518E+02 -2.180000E+01 2.561802E+00
    endloop
  endfacet
  facet normal 8.467203E-01 0.000000E+00 5.320382E-01
    outer loop
      vertex 1.100618E+02 -2.180000E+01 2.751812E+00
      vertex 1.099188E+02 -1.980000E+01 2.979340E+00
      vertex 1.099188E+02 -2.180000E+01 2.979340E+00
    endloop
  endfacet
  facet normal 8.467203E-01 0.000000E+00 5.320382E-01
    outer loop
      vertex 1.100618E+02 -1.980000E+01 2.751812E+00
      vertex 1.099188E+02 -1.980000E+01 2.979340E+00
      vertex 1.100618E+02 -2.180000E+01 2.751812E+00
    endloop
  endfacet
  facet normal 9.438810E-01 0.000000E+00 3.302855E-01
    outer loop
      vertex 1.099188E+02 -2.180000E+01 2.979340E+00
      vertex 1.098301E+02 -1.980000E+01 3.232975E+00
      vertex 1.098301E+02 -2.180000E+01 3.232975E+00
    endloop
  endfacet
  facet normal 9.438810E-01 0.000000E+00 3.302855E-01
    outer loop
      vertex 1.099188E+02 -1.980000E+01 2.979340E+00
      vertex 1.098301E+02 -1.980000E+01 3.232975E+00
      vertex 1.099188E+02 -2.180000E+01 2.979340E+00
    endloop
  endfacet
  facet normal 9.937138E-01 0.000000E+00 1.119505E-01
    outer loop
      vertex 1.098301E+02 -2.180000E+01 3.232975E+00
      vertex 1.098000E+02 -1.980000E+01 3.500000E+00
      vertex 1.098000E+02 -2.180000E+01 3.500000E+00
    endloop
  endfacet
  facet normal 9.937138E-01 0.000000E+00 1.119505E-01
    outer loop
      vertex 1.098301E+02 -1.980000E+01 3.232975E+00
      vertex 1.098000E+02 -1.980000E+01 3.500000E+00
      vertex 1.098301E+02 -2.180000E+01 3.232975E+00
    endloop
  endfacet
  facet normal 6.343970E-01 0.000000E+00 -7.730073E-01
    outer loop
      vertex 1.351111E+02 5.000000E+00 -2.662939E+00
      vertex 1.354142E+02 5.000000E+00 -2.414214E+00
      vertex 1.354142E+02 -2.441421E+01 -2.414214E+00
    endloop
  endfacet
  facet normal 6.084824E-01 -4.408656E-04 -7.935672E-01
    outer loop
      vertex 1.351111E+02 5.000000E+00 -2.662939E+00
      vertex 1.354142E+02 -2.441421E+01 -2.414214E+00
      vertex 1.350000E+02 -2.400000E+01 -2.732051E+00
    endloop
  endfacet
  facet normal 3.821760E-01 -5.949307E-04 -9.240893E-01
    outer loop
      vertex 1.347654E+02 5.000000E+00 -2.847759E+00
      vertex 1.350000E+02 -2.400000E+01 -2.732051E+00
      vertex 1.345176E+02 -2.351764E+01 -2.931852E+00
    endloop
  endfacet
  facet normal 4.713903E-01 2.951217E-04 -8.819247E-01
    outer loop
      vertex 1.347654E+02 5.000000E+00 -2.847759E+00
      vertex 1.351111E+02 5.000000E+00 -2.662939E+00
      vertex 1.350000E+02 -2.400000E+01 -2.732051E+00
    endloop
  endfacet
  facet normal 1.300818E-01 -4.518807E-04 -9.915032E-01
    outer loop
      vertex 1.343902E+02 5.000000E+00 -2.961571E+00
      vertex 1.345176E+02 -2.351764E+01 -2.931852E+00
      vertex 1.340000E+02 -2.300000E+01 -3.000000E+00
    endloop
  endfacet
  facet normal 2.902868E-01 3.001590E-04 -9.569396E-01
    outer loop
      vertex 1.343902E+02 5.000000E+00 -2.961571E+00
      vertex 1.347654E+02 5.000000E+00 -2.847759E+00
      vertex 1.345176E+02 -2.351764E+01 -2.931852E+00
    endloop
  endfacet
  facet normal 9.801684E-02 0.000000E+00 -9.951848E-01
    outer loop
      vertex 1.340000E+02 5.000000E+00 -3.000000E+00
      vertex 1.343902E+02 5.000000E+00 -2.961571E+00
      vertex 1.340000E+02 -2.300000E+01 -3.000000E+00
    endloop
  endfacet
  facet normal 6.343971E-01 0.000000E+00 -7.730073E-01
    outer loop
      vertex 1.354142E+02 5.041422E+01 -2.414214E+00
      vertex 1.354142E+02 2.100000E+01 -2.414214E+00
      vertex 1.351111E+02 2.100000E+01 -2.662939E+00
    endloop
  endfacet
  facet normal 4.713903E-01 -2.951219E-04 -8.819247E-01
    outer loop
      vertex 1.350000E+02 5.000000E+01 -2.732051E+00
      vertex 1.351111E+02 2.100000E+01 -2.662939E+00
      vertex 1.347654E+02 2.100000E+01 -2.847759E+00
    endloop
  endfacet
  facet normal 6.084824E-01 4.408656E-04 -7.935672E-01
    outer loop
      vertex 1.350000E+02 5.000000E+01 -2.732051E+00
      vertex 1.354142E+02 5.041422E+01 -2.414214E+00
      vertex 1.351111E+02 2.100000E+01 -2.662939E+00
    endloop
  endfacet
  facet normal 2.902869E-01 -3.001590E-04 -9.569396E-01
    outer loop
      vertex 1.345176E+02 4.951764E+01 -2.931852E+00
      vertex 1.347654E+02 2.100000E+01 -2.847759E+00
      vertex 1.343902E+02 2.100000E+01 -2.961571E+00
    endloop
  endfacet
  facet normal 3.821760E-01 5.949308E-04 -9.240893E-01
    outer loop
      vertex 1.345176E+02 4.951764E+01 -2.931852E+00
      vertex 1.350000E+02 5.000000E+01 -2.732051E+00
      vertex 1.347654E+02 2.100000E+01 -2.847759E+00
    endloop
  endfacet
  facet normal 9.801684E-02 0.000000E+00 -9.951848E-01
    outer loop
      vertex 1.340000E+02 4.900000E+01 -3.000000E+00
      vertex 1.343902E+02 2.100000E+01 -2.961571E+00
      vertex 1.340000E+02 2.100000E+01 -3.000000E+00
    endloop
  endfacet
  facet normal 1.300818E-01 4.518806E-04 -9.915032E-01
    outer loop
      vertex 1.340000E+02 4.900000E+01 -3.000000E+00
      vertex 1.345176E+02 4.951764E+01 -2.931852E+00
      vertex 1.343902E+02 2.100000E+01 -2.961571E+00
    endloop
  endfacet
  facet normal 7.682048E-01 1.114391E-01 -6.304305E-01
    outer loop
      vertex 1.356629E+02 5.000000E+00 -2.111140E+00
      vertex 1.354142E+02 5.000000E+00 -2.414214E+00
      vertex 1.353788E+02 5.445042E+00 -2.378756E+00
    endloop
  endfacet
  facet normal 9.904346E-01 9.756823E-02 -9.756823E-02
    outer loop
      vertex 1.360000E+02 5.000000E+00 -1.000000E+00
      vertex 1.359616E+02 5.000000E+00 -1.390181E+00
      vertex 1.359616E+02 5.390181E+00 -1.000000E+00
    endloop
  endfacet
  facet normal 1.418713E-01 9.362429E-01 -3.214370E-01
    outer loop
      vertex 1.344903E+02 6.902113E+00 -1.376235E+00
      vertex 1.346136E+02 6.801938E+00 -1.613604E+00
      vertex 1.343147E+02 6.949856E+00 -1.314692E+00
    endloop
  endfacet
  facet normal 1.771053E-01 9.839822E-01 2.031687E-02
    outer loop
      vertex 1.345710E+02 6.902113E+00 -1.236511E+00
      vertex 1.343147E+02 6.949856E+00 -1.314692E+00
      vertex 1.340000E+02 7.000000E+00 -1.000000E+00
    endloop
  endfacet
  facet normal 9.654477E-02 9.802448E-01 -1.726249E-01
    outer loop
      vertex 1.345710E+02 6.902113E+00 -1.236511E+00
      vertex 1.340000E+02 7.000000E+00 -1.000000E+00
      vertex 1.343902E+02 6.961571E+00 -1.000000E+00
    endloop
  endfacet
  facet normal 3.516857E-01 9.138389E-01 -2.030165E-01
    outer loop
      vertex 1.345710E+02 6.902113E+00 -1.236511E+00
      vertex 1.346136E+02 6.801938E+00 -1.613604E+00
      vertex 1.344903E+02 6.902113E+00 -1.376235E+00
    endloop
  endfacet
  facet normal 2.187702E-01 9.675695E-01 -1.262888E-01
    outer loop
      vertex 1.345710E+02 6.902113E+00 -1.236511E+00
      vertex 1.344903E+02 6.902113E+00 -1.376235E+00
      vertex 1.343147E+02 6.949856E+00 -1.314692E+00
    endloop
  endfacet
  facet normal 2.889701E-01 9.525987E-01 9.514271E-02
    outer loop
      vertex 1.346127E+02 6.902113E+00 -1.080670E+00
      vertex 1.343902E+02 6.961571E+00 -1.000000E+00
      vertex 1.347654E+02 6.847759E+00 -1.000000E+00
    endloop
  endfacet
  facet normal 2.361101E-01 9.696641E-01 -6.327408E-02
    outer loop
      vertex 1.346127E+02 6.902113E+00 -1.080670E+00
      vertex 1.345710E+02 6.902113E+00 -1.236511E+00
      vertex 1.343902E+02 6.961571E+00 -1.000000E+00
    endloop
  endfacet
  facet normal 3.812299E-01 9.188179E-01 -1.021641E-01
    outer loop
      vertex 1.346127E+02 6.902113E+00 -1.080670E+00
      vertex 1.347654E+02 6.847759E+00 -1.000000E+00
      vertex 1.345710E+02 6.902113E+00 -1.236511E+00
    endloop
  endfacet
  facet normal 4.066522E-01 8.459200E-01 -3.450409E-01
    outer loop
      vertex 1.350181E+02 6.618034E+00 -1.587785E+00
      vertex 1.348817E+02 6.563663E+00 -1.881748E+00
      vertex 1.346136E+02 6.801938E+00 -1.613604E+00
    endloop
  endfacet
  facet normal 5.886623E-01 7.009711E-01 -4.026366E-01
    outer loop
      vertex 1.350181E+02 6.618034E+00 -1.587785E+00
      vertex 1.351057E+02 6.246980E+00 -2.105677E+00
      vertex 1.348817E+02 6.563663E+00 -1.881748E+00
    endloop
  endfacet
  facet normal 4.164155E-01 8.892754E-01 -1.891756E-01
    outer loop
      vertex 1.350181E+02 6.618034E+00 -1.587785E+00
      vertex 1.346136E+02 6.801938E+00 -1.613604E+00
      vertex 1.345710E+02 6.902113E+00 -1.236511E+00
    endloop
  endfacet
  facet normal 6.331304E-01 7.714646E-01 -6.315146E-02
    outer loop
      vertex 1.351355E+02 6.618034E+00 -1.304260E+00
      vertex 1.351111E+02 6.662939E+00 -1.000000E+00
      vertex 1.354142E+02 6.414214E+00 -1.000000E+00
    endloop
  endfacet
  facet normal 4.693914E-01 8.781826E-01 -9.201568E-02
    outer loop
      vertex 1.351355E+02 6.618034E+00 -1.304260E+00
      vertex 1.347654E+02 6.847759E+00 -1.000000E+00
      vertex 1.351111E+02 6.662939E+00 -1.000000E+00
    endloop
  endfacet
  facet normal 4.255105E-01 8.876217E-01 -1.762626E-01
    outer loop
      vertex 1.351355E+02 6.618034E+00 -1.304260E+00
      vertex 1.350181E+02 6.618034E+00 -1.587785E+00
      vertex 1.345710E+02 6.902113E+00 -1.236511E+00
    endloop
  endfacet
  facet normal 4.301766E-01 8.903755E-01 -1.489284E-01
    outer loop
      vertex 1.351355E+02 6.618034E+00 -1.304260E+00
      vertex 1.345710E+02 6.902113E+00 -1.236511E+00
      vertex 1.347654E+02 6.847759E+00 -1.000000E+00
    endloop
  endfacet
  facet normal 6.109421E-01 5.319532E-01 -5.863236E-01
    outer loop
      vertex 1.352837E+02 6.175570E+00 -1.984997E+00
      vertex 1.352742E+02 5.867767E+00 -2.274162E+00
      vertex 1.351057E+02 6.246980E+00 -2.105677E+00
    endloop
  endfacet
  facet normal 5.666637E-01 7.121668E-01 -4.143797E-01
    outer loop
      vertex 1.352837E+02 6.175570E+00 -1.984997E+00
      vertex 1.351057E+02 6.246980E+00 -2.105677E+00
      vertex 1.350181E+02 6.618034E+00 -1.587785E+00
    endloop
  endfacet
  facet normal 6.990486E-01 6.930631E-01 -1.760527E-01
    outer loop
      vertex 1.354949E+02 6.175570E+00 -1.619195E+00
      vertex 1.351355E+02 6.618034E+00 -1.304260E+00
      vertex 1.354142E+02 6.414214E+00 -1.000000E+00
    endloop
  endfacet
  facet normal 7.918127E-01 4.050203E-01 -4.571555E-01
    outer loop
      vertex 1.354949E+02 6.175570E+00 -1.619195E+00
      vertex 1.352742E+02 5.867767E+00 -2.274162E+00
      vertex 1.352837E+02 6.175570E+00 -1.984997E+00
    endloop
  endfacet
  facet normal 6.220173E-01 6.957906E-01 -3.591236E-01
    outer loop
      vertex 1.354949E+02 6.175570E+00 -1.619195E+00
      vertex 1.352837E+02 6.175570E+00 -1.984997E+00
      vertex 1.350181E+02 6.618034E+00 -1.587785E+00
    endloop
  endfacet
  facet normal 6.458882E-01 7.150137E-01 -2.675515E-01
    outer loop
      vertex 1.354949E+02 6.175570E+00 -1.619195E+00
      vertex 1.350181E+02 6.618034E+00 -1.587785E+00
      vertex 1.351355E+02 6.618034E+00 -1.304260E+00
    endloop
  endfacet
  facet normal 8.774029E-01 4.690072E-01 -1.009772E-01
    outer loop
      vertex 1.356042E+02 6.175570E+00 -1.211196E+00
      vertex 1.356629E+02 6.111140E+00 -1.000000E+00
      vertex 1.358478E+02 5.765367E+00 -1.000000E+00
    endloop
  endfacet
  facet normal 7.728415E-01 6.342351E-01 -2.148570E-02
    outer loop
      vertex 1.356042E+02 6.175570E+00 -1.211196E+00
      vertex 1.354142E+02 6.414214E+00 -1.000000E+00
      vertex 1.356629E+02 6.111140E+00 -1.000000E+00
    endloop
  endfacet
  facet normal 6.837125E-01 7.063856E-01 -1.831851E-01
    outer loop
      vertex 1.356042E+02 6.175570E+00 -1.211196E+00
      vertex 1.354949E+02 6.175570E+00 -1.619195E+00
      vertex 1.354142E+02 6.414214E+00 -1.000000E+00
    endloop
  endfacet
  facet normal 7.343177E-01 3.286326E-01 -5.939514E-01
    outer loop
      vertex 1.356473E+02 5.618034E+00 -1.951056E+00
      vertex 1.353788E+02 5.445042E+00 -2.378756E+00
      vertex 1.352742E+02 5.867767E+00 -2.274162E+00
    endloop
  endfacet
  facet normal 8.728518E-01 1.429630E-01 -4.665740E-01
    outer loop
      vertex 1.356473E+02 5.618034E+00 -1.951056E+00
      vertex 1.358478E+02 5.000000E+00 -1.765367E+00
      vertex 1.356629E+02 5.000000E+00 -2.111140E+00
    endloop
  endfacet
  facet normal 8.026775E-01 1.685214E-01 -5.721096E-01
    outer loop
      vertex 1.356473E+02 5.618034E+00 -1.951056E+00
      vertex 1.356629E+02 5.000000E+00 -2.111140E+00
      vertex 1.353788E+02 5.445042E+00 -2.378756E+00
    endloop
  endfacet
  facet normal 7.351148E-01 4.836937E-01 -4.750229E-01
    outer loop
      vertex 1.356473E+02 5.618034E+00 -1.951056E+00
      vertex 1.352742E+02 5.867767E+00 -2.274162E+00
      vertex 1.354949E+02 6.175570E+00 -1.619195E+00
    endloop
  endfacet
  facet normal 9.514955E-01 2.886038E-01 -1.066024E-01
    outer loop
      vertex 1.358373E+02 5.618034E+00 -1.492303E+00
      vertex 1.358478E+02 5.765367E+00 -1.000000E+00
      vertex 1.359616E+02 5.390181E+00 -1.000000E+00
    endloop
  endfacet
  facet normal 9.471181E-01 1.429674E-01 -2.872762E-01
    outer loop
      vertex 1.358373E+02 5.618034E+00 -1.492303E+00
      vertex 1.359616E+02 5.000000E+00 -1.390181E+00
      vertex 1.358478E+02 5.000000E+00 -1.765367E+00
    endloop
  endfacet
  facet normal 8.822383E-01 4.455567E-01 -1.521017E-01
    outer loop
      vertex 1.358373E+02 5.618034E+00 -1.492303E+00
      vertex 1.356042E+02 6.175570E+00 -1.211196E+00
      vertex 1.358478E+02 5.765367E+00 -1.000000E+00
    endloop
  endfacet
  facet normal 8.519339E-01 4.712830E-01 -2.282562E-01
    outer loop
      vertex 1.358373E+02 5.618034E+00 -1.492303E+00
      vertex 1.354949E+02 6.175570E+00 -1.619195E+00
      vertex 1.356042E+02 6.175570E+00 -1.211196E+00
    endloop
  endfacet
  facet normal 9.085119E-01 1.816509E-01 -3.763097E-01
    outer loop
      vertex 1.358373E+02 5.618034E+00 -1.492303E+00
      vertex 1.358478E+02 5.000000E+00 -1.765367E+00
      vertex 1.356473E+02 5.618034E+00 -1.951056E+00
    endloop
  endfacet
  facet normal 9.714914E-01 1.676370E-01 -1.676370E-01
    outer loop
      vertex 1.358373E+02 5.618034E+00 -1.492303E+00
      vertex 1.359616E+02 5.390181E+00 -1.000000E+00
      vertex 1.359616E+02 5.000000E+00 -1.390181E+00
    endloop
  endfacet
  facet normal 8.327952E-01 4.329704E-01 -3.449475E-01
    outer loop
      vertex 1.358373E+02 5.618034E+00 -1.492303E+00
      vertex 1.356473E+02 5.618034E+00 -1.951056E+00
      vertex 1.354949E+02 6.175570E+00 -1.619195E+00
    endloop
  endfacet
  facet normal 6.343967E-01 7.730076E-01 0.000000E+00
    outer loop
      vertex 1.354142E+02 6.414214E+00 -7.855146E-16
      vertex 1.354142E+02 6.414214E+00 -1.000000E+00
      vertex 1.351111E+02 6.662939E+00 -1.000000E+00
    endloop
  endfacet
  facet normal 4.713912E-01 8.819242E-01 0.000000E+00
    outer loop
      vertex 1.351111E+02 6.662939E+00 -8.159747E-16
      vertex 1.351111E+02 6.662939E+00 -1.000000E+00
      vertex 1.347654E+02 6.847759E+00 -1.000000E+00
    endloop
  endfacet
  facet normal 6.343967E-01 7.730076E-01 0.000000E+00
    outer loop
      vertex 1.351111E+02 6.662939E+00 -8.159747E-16
      vertex 1.354142E+02 6.414214E+00 -7.855146E-16
      vertex 1.351111E+02 6.662939E+00 -1.000000E+00
    endloop
  endfacet
  facet normal 2.902869E-01 9.569396E-01 0.000000E+00
    outer loop
      vertex 1.347654E+02 6.847759E+00 -8.386086E-16
      vertex 1.347654E+02 6.847759E+00 -1.000000E+00
      vertex 1.343902E+02 6.961571E+00 -1.000000E+00
    endloop
  endfacet
  facet normal 4.713912E-01 8.819242E-01 0.000000E+00
    outer loop
      vertex 1.347654E+02 6.847759E+00 -8.386086E-16
      vertex 1.351111E+02 6.662939E+00 -8.159747E-16
      vertex 1.347654E+02 6.847759E+00 -1.000000E+00
    endloop
  endfacet
  facet normal 9.801623E-02 9.951848E-01 0.000000E+00
    outer loop
      vertex 1.343902E+02 6.961571E+00 -8.525465E-16
      vertex 1.343902E+02 6.961571E+00 -1.000000E+00
      vertex 1.340000E+02 7.000000E+00 -1.000000E+00
    endloop
  endfacet
  facet normal 2.902869E-01 9.569396E-01 0.000000E+00
    outer loop
      vertex 1.343902E+02 6.961571E+00 -8.525465E-16
      vertex 1.347654E+02 6.847759E+00 -8.386086E-16
      vertex 1.343902E+02 6.961571E+00 -1.000000E+00
    endloop
  endfacet
  facet normal 9.801744E-02 9.951847E-01 -4.745411E-07
    outer loop
      vertex 1.340000E+02 7.000000E+00 -8.572528E-16
      vertex 1.343902E+02 6.961571E+00 -8.525465E-16
      vertex 1.340000E+02 7.000000E+00 -1.000000E+00
    endloop
  endfacet
  facet normal 6.304457E-01 -1.114381E-01 -7.681926E-01
    outer loop
      vertex 1.351111E+02 2.100000E+01 -2.662939E+00
      vertex 1.354142E+02 2.100000E+01 -2.414214E+00
      vertex 1.353788E+02 2.055496E+01 -2.378756E+00
    endloop
  endfacet
  facet normal 9.754936E-02 -9.754983E-02 -9.904383E-01
    outer loop
      vertex 1.340000E+02 2.100000E+01 -3.000000E+00
      vertex 1.343902E+02 2.100000E+01 -2.961571E+00
      vertex 1.340000E+02 2.060982E+01 -2.961571E+00
    endloop
  endfacet
  facet normal 3.214323E-01 -9.362429E-01 -1.418822E-01
    outer loop
      vertex 1.343762E+02 1.909789E+01 -1.490319E+00
      vertex 1.346136E+02 1.919806E+01 -1.613604E+00
      vertex 1.343147E+02 1.905014E+01 -1.314692E+00
    endloop
  endfacet
  facet normal -2.030875E-02 -9.839832E-01 -1.771006E-01
    outer loop
      vertex 1.342365E+02 1.909789E+01 -1.570989E+00
      vertex 1.343147E+02 1.905014E+01 -1.314692E+00
      vertex 1.340000E+02 1.900000E+01 -1.000000E+00
    endloop
  endfacet
  facet normal 1.726219E-01 -9.802452E-01 -9.654529E-02
    outer loop
      vertex 1.342365E+02 1.909789E+01 -1.570989E+00
      vertex 1.340000E+02 1.900000E+01 -1.000000E+00
      vertex 1.340000E+02 1.903843E+01 -1.390181E+00
    endloop
  endfacet
  facet normal 2.030270E-01 -9.138480E-01 -3.516557E-01
    outer loop
      vertex 1.342365E+02 1.909789E+01 -1.570989E+00
      vertex 1.346136E+02 1.919806E+01 -1.613604E+00
      vertex 1.343762E+02 1.909789E+01 -1.490319E+00
    endloop
  endfacet
  facet normal 1.263053E-01 -9.675676E-01 -2.187688E-01
    outer loop
      vertex 1.342365E+02 1.909789E+01 -1.570989E+00
      vertex 1.343762E+02 1.909789E+01 -1.490319E+00
      vertex 1.343147E+02 1.905014E+01 -1.314692E+00
    endloop
  endfacet
  facet normal -9.513646E-02 -9.525999E-01 -2.889679E-01
    outer loop
      vertex 1.340807E+02 1.909789E+01 -1.612747E+00
      vertex 1.340000E+02 1.903843E+01 -1.390181E+00
      vertex 1.340000E+02 1.915224E+01 -1.765367E+00
    endloop
  endfacet
  facet normal 6.326713E-02 -9.696645E-01 -2.361103E-01
    outer loop
      vertex 1.340807E+02 1.909789E+01 -1.612747E+00
      vertex 1.342365E+02 1.909789E+01 -1.570989E+00
      vertex 1.340000E+02 1.903843E+01 -1.390181E+00
    endloop
  endfacet
  facet normal 1.021507E-01 -9.188226E-01 -3.812222E-01
    outer loop
      vertex 1.340807E+02 1.909789E+01 -1.612747E+00
      vertex 1.340000E+02 1.915224E+01 -1.765367E+00
      vertex 1.342365E+02 1.909789E+01 -1.570989E+00
    endloop
  endfacet
  facet normal 3.450460E-01 -8.459214E-01 -4.066451E-01
    outer loop
      vertex 1.345878E+02 1.938197E+01 -2.018074E+00
      vertex 1.348817E+02 1.943634E+01 -1.881748E+00
      vertex 1.346136E+02 1.919806E+01 -1.613604E+00
    endloop
  endfacet
  facet normal 4.026460E-01 -7.009676E-01 -5.886599E-01
    outer loop
      vertex 1.345878E+02 1.938197E+01 -2.018074E+00
      vertex 1.351057E+02 1.975302E+01 -2.105677E+00
      vertex 1.348817E+02 1.943634E+01 -1.881748E+00
    endloop
  endfacet
  facet normal 1.891818E-01 -8.892772E-01 -4.164089E-01
    outer loop
      vertex 1.345878E+02 1.938197E+01 -2.018074E+00
      vertex 1.346136E+02 1.919806E+01 -1.613604E+00
      vertex 1.342365E+02 1.909789E+01 -1.570989E+00
    endloop
  endfacet
  facet normal 6.313997E-02 -7.714678E-01 -6.331277E-01
    outer loop
      vertex 1.343043E+02 1.938197E+01 -2.135514E+00
      vertex 1.340000E+02 1.933706E+01 -2.111140E+00
      vertex 1.340000E+02 1.958579E+01 -2.414214E+00
    endloop
  endfacet
  facet normal 9.200525E-02 -8.781802E-01 -4.693980E-01
    outer loop
      vertex 1.343043E+02 1.938197E+01 -2.135514E+00
      vertex 1.340000E+02 1.915224E+01 -1.765367E+00
      vertex 1.340000E+02 1.933706E+01 -2.111140E+00
    endloop
  endfacet
  facet normal 1.762546E-01 -8.876218E-01 -4.255138E-01
    outer loop
      vertex 1.343043E+02 1.938197E+01 -2.135514E+00
      vertex 1.345878E+02 1.938197E+01 -2.018074E+00
      vertex 1.342365E+02 1.909789E+01 -1.570989E+00
    endloop
  endfacet
  facet normal 1.489241E-01 -8.903749E-01 -4.301793E-01
    outer loop
      vertex 1.343043E+02 1.938197E+01 -2.135514E+00
      vertex 1.342365E+02 1.909789E+01 -1.570989E+00
      vertex 1.340000E+02 1.915224E+01 -1.765367E+00
    endloop
  endfacet
  facet normal 5.863273E-01 -5.319542E-01 -6.109378E-01
    outer loop
      vertex 1.349850E+02 1.982443E+01 -2.283673E+00
      vertex 1.352742E+02 2.013223E+01 -2.274162E+00
      vertex 1.351057E+02 1.975302E+01 -2.105677E+00
    endloop
  endfacet
  facet normal 4.143897E-01 -7.121646E-01 -5.666593E-01
    outer loop
      vertex 1.349850E+02 1.982443E+01 -2.283673E+00
      vertex 1.351057E+02 1.975302E+01 -2.105677E+00
      vertex 1.345878E+02 1.938197E+01 -2.018074E+00
    endloop
  endfacet
  facet normal 1.760510E-01 -6.930599E-01 -6.990523E-01
    outer loop
      vertex 1.346192E+02 1.982443E+01 -2.494869E+00
      vertex 1.343043E+02 1.938197E+01 -2.135514E+00
      vertex 1.340000E+02 1.958579E+01 -2.414214E+00
    endloop
  endfacet
  facet normal 4.571577E-01 -4.050161E-01 -7.918136E-01
    outer loop
      vertex 1.346192E+02 1.982443E+01 -2.494869E+00
      vertex 1.352742E+02 2.013223E+01 -2.274162E+00
      vertex 1.349850E+02 1.982443E+01 -2.283673E+00
    endloop
  endfacet
  facet normal 3.591272E-01 -6.957854E-01 -6.220211E-01
    outer loop
      vertex 1.346192E+02 1.982443E+01 -2.494869E+00
      vertex 1.349850E+02 1.982443E+01 -2.283673E+00
      vertex 1.345878E+02 1.938197E+01 -2.018074E+00
    endloop
  endfacet
  facet normal 2.675407E-01 -7.150102E-01 -6.458966E-01
    outer loop
      vertex 1.346192E+02 1.982443E+01 -2.494869E+00
      vertex 1.345878E+02 1.938197E+01 -2.018074E+00
      vertex 1.343043E+02 1.938197E+01 -2.135514E+00
    endloop
  endfacet
  facet normal 1.009917E-01 -4.689862E-01 -8.774124E-01
    outer loop
      vertex 1.342112E+02 1.982443E+01 -2.604192E+00
      vertex 1.340000E+02 1.988886E+01 -2.662939E+00
      vertex 1.340000E+02 2.023463E+01 -2.847759E+00
    endloop
  endfacet
  facet normal 2.148386E-02 -6.342483E-01 -7.728309E-01
    outer loop
      vertex 1.342112E+02 1.982443E+01 -2.604192E+00
      vertex 1.340000E+02 1.958579E+01 -2.414214E+00
      vertex 1.340000E+02 1.988886E+01 -2.662939E+00
    endloop
  endfacet
  facet normal 1.831929E-01 -7.064006E-01 -6.836948E-01
    outer loop
      vertex 1.342112E+02 1.982443E+01 -2.604192E+00
      vertex 1.346192E+02 1.982443E+01 -2.494869E+00
      vertex 1.340000E+02 1.958579E+01 -2.414214E+00
    endloop
  endfacet
  facet normal 5.939457E-01 -3.286355E-01 -7.343209E-01
    outer loop
      vertex 1.349510E+02 2.038197E+01 -2.647278E+00
      vertex 1.353788E+02 2.055496E+01 -2.378756E+00
      vertex 1.352742E+02 2.013223E+01 -2.274162E+00
    endloop
  endfacet
  facet normal 4.665475E-01 -1.429726E-01 -8.728644E-01
    outer loop
      vertex 1.349510E+02 2.038197E+01 -2.647278E+00
      vertex 1.347654E+02 2.100000E+01 -2.847759E+00
      vertex 1.351111E+02 2.100000E+01 -2.662939E+00
    endloop
  endfacet
  facet normal 5.721064E-01 -1.685379E-01 -8.026764E-01
    outer loop
      vertex 1.349510E+02 2.038197E+01 -2.647278E+00
      vertex 1.351111E+02 2.100000E+01 -2.662939E+00
      vertex 1.353788E+02 2.055496E+01 -2.378756E+00
    endloop
  endfacet
  facet normal 4.750251E-01 -4.836899E-01 -7.351158E-01
    outer loop
      vertex 1.349510E+02 2.038197E+01 -2.647278E+00
      vertex 1.352742E+02 2.013223E+01 -2.274162E+00
      vertex 1.346192E+02 1.982443E+01 -2.494869E+00
    endloop
  endfacet
  facet normal 1.065923E-01 -2.886304E-01 -9.514887E-01
    outer loop
      vertex 1.344923E+02 2.038197E+01 -2.837300E+00
      vertex 1.340000E+02 2.023463E+01 -2.847759E+00
      vertex 1.340000E+02 2.060982E+01 -2.961571E+00
    endloop
  endfacet
  facet normal 2.873051E-01 -1.429632E-01 -9.471100E-01
    outer loop
      vertex 1.344923E+02 2.038197E+01 -2.837300E+00
      vertex 1.343902E+02 2.100000E+01 -2.961571E+00
      vertex 1.347654E+02 2.100000E+01 -2.847759E+00
    endloop
  endfacet
  facet normal 1.520826E-01 -4.455507E-01 -8.822445E-01
    outer loop
      vertex 1.344923E+02 2.038197E+01 -2.837300E+00
      vertex 1.342112E+02 1.982443E+01 -2.604192E+00
      vertex 1.340000E+02 2.023463E+01 -2.847759E+00
    endloop
  endfacet
  facet normal 2.282700E-01 -4.712889E-01 -8.519270E-01
    outer loop
      vertex 1.344923E+02 2.038197E+01 -2.837300E+00
      vertex 1.346192E+02 1.982443E+01 -2.494869E+00
      vertex 1.342112E+02 1.982443E+01 -2.604192E+00
    endloop
  endfacet
  facet normal 3.763265E-01 -1.816408E-01 -9.085070E-01
    outer loop
      vertex 1.344923E+02 2.038197E+01 -2.837300E+00
      vertex 1.347654E+02 2.100000E+01 -2.847759E+00
      vertex 1.349510E+02 2.038197E+01 -2.647278E+00
    endloop
  endfacet
  facet normal 1.676389E-01 -1.676397E-01 -9.714906E-01
    outer loop
      vertex 1.344923E+02 2.038197E+01 -2.837300E+00
      vertex 1.340000E+02 2.060982E+01 -2.961571E+00
      vertex 1.343902E+02 2.100000E+01 -2.961571E+00
    endloop
  endfacet
  facet normal 3.449613E-01 -4.329751E-01 -8.327870E-01
    outer loop
      vertex 1.344923E+02 2.038197E+01 -2.837300E+00
      vertex 1.349510E+02 2.038197E+01 -2.647278E+00
      vertex 1.346192E+02 1.982443E+01 -2.494869E+00
    endloop
  endfacet
  facet normal 0.000000E+00 7.730108E-01 -6.343928E-01
    outer loop
      vertex 1.340000E+02 6.662939E+00 -2.111140E+00
      vertex 1.340000E+02 6.414214E+00 -2.414214E+00
      vertex 1.190000E+02 6.414214E+00 -2.414214E+00
    endloop
  endfacet
  facet normal 2.457333E-08 7.730103E-01 -6.343935E-01
    outer loop
      vertex 1.340000E+02 6.662939E+00 -2.111140E+00
      vertex 1.190000E+02 6.414214E+00 -2.414214E+00
      vertex 1.190000E+02 6.662940E+00 -2.111140E+00
    endloop
  endfacet
  facet normal 0.000000E+00 8.819214E-01 -4.713965E-01
    outer loop
      vertex 1.340000E+02 6.847759E+00 -1.765367E+00
      vertex 1.190000E+02 6.662940E+00 -2.111140E+00
      vertex 1.190000E+02 6.847759E+00 -1.765367E+00
    endloop
  endfacet
  facet normal 2.787144E-08 8.819209E-01 -4.713975E-01
    outer loop
      vertex 1.340000E+02 6.847759E+00 -1.765367E+00
      vertex 1.340000E+02 6.662939E+00 -2.111140E+00
      vertex 1.190000E+02 6.662940E+00 -2.111140E+00
    endloop
  endfacet
  facet normal 2.306975E-09 9.569403E-01 -2.902847E-01
    outer loop
      vertex 1.340000E+02 6.961571E+00 -1.390181E+00
      vertex 1.190000E+02 6.847759E+00 -1.765367E+00
      vertex 1.190000E+02 6.961571E+00 -1.390181E+00
    endloop
  endfacet
  facet normal 0.000000E+00 9.569404E-01 -2.902846E-01
    outer loop
      vertex 1.340000E+02 6.961571E+00 -1.390181E+00
      vertex 1.340000E+02 6.847759E+00 -1.765367E+00
      vertex 1.190000E+02 6.847759E+00 -1.765367E+00
    endloop
  endfacet
  facet normal 3.163607E-08 9.951846E-01 -9.801787E-02
    outer loop
      vertex 1.340000E+02 7.000000E+00 -1.000000E+00
      vertex 1.190000E+02 6.961571E+00 -1.390181E+00
      vertex 1.190000E+02 7.000000E+00 -1.000000E+00
    endloop
  endfacet
  facet normal 7.918026E-10 9.951848E-01 -9.801670E-02
    outer loop
      vertex 1.340000E+02 7.000000E+00 -1.000000E+00
      vertex 1.340000E+02 6.961571E+00 -1.390181E+00
      vertex 1.190000E+02 6.961571E+00 -1.390181E+00
    endloop
  endfacet
  facet normal 2.526397E-01 1.442912E-01 -9.567409E-01
    outer loop
      vertex 1.126727E+02 8.772211E+00 -2.961571E+00
      vertex 1.121438E+02 9.698223E+00 -2.961571E+00
      vertex 1.124818E+02 9.861011E+00 -2.847759E+00
    endloop
  endfacet
  facet normal 2.526415E-01 1.442915E-01 -9.567404E-01
    outer loop
      vertex 1.126727E+02 8.772211E+00 -2.961571E+00
      vertex 1.124818E+02 9.861011E+00 -2.847759E+00
      vertex 1.129846E+02 8.980653E+00 -2.847759E+00
    endloop
  endfacet
  facet normal 3.150898E-01 5.516902E-01 -7.722411E-01
    outer loop
      vertex 1.160110E+02 6.793352E+00 -2.662939E+00
      vertex 1.153411E+02 7.524118E+00 -2.414214E+00
      vertex 1.161425E+02 7.066411E+00 -2.414214E+00
    endloop
  endfacet
  facet normal 8.532101E-02 4.872975E-02 -9.951612E-01
    outer loop
      vertex 1.126727E+02 8.772211E+00 -2.961571E+00
      vertex 1.123482E+02 8.555438E+00 -3.000000E+00
      vertex 1.121438E+02 9.698223E+00 -2.961571E+00
    endloop
  endfacet
  facet normal 6.342551E-01 5.532528E-02 -7.711418E-01
    outer loop
      vertex 1.122435E+02 1.165605E+01 -2.662939E+00
      vertex 1.122470E+02 1.300000E+01 -2.563663E+00
      vertex 1.125408E+02 1.171518E+01 -2.414214E+00
    endloop
  endfacet
  facet normal 3.150849E-01 5.516872E-01 -7.722452E-01
    outer loop
      vertex 1.160110E+02 6.793352E+00 -2.662939E+00
      vertex 1.151728E+02 7.272122E+00 -2.662939E+00
      vertex 1.153411E+02 7.524118E+00 -2.414214E+00
    endloop
  endfacet
  facet normal 5.227683E-01 8.319789E-01 -1.858076E-01
    outer loop
      vertex 1.156452E+02 7.979229E+00 -1.390181E+00
      vertex 1.152591E+02 8.309011E+00 -1.000000E+00
      vertex 1.163967E+02 7.594187E+00 -1.000000E+00
    endloop
  endfacet
  facet normal 5.872175E-01 8.034825E-01 -9.793687E-02
    outer loop
      vertex 1.156452E+02 7.979229E+00 -1.390181E+00
      vertex 1.152351E+02 8.278966E+00 -1.390181E+00
      vertex 1.152591E+02 8.309011E+00 -1.000000E+00
    endloop
  endfacet
  facet normal 9.888142E-02 8.775993E-01 -4.690863E-01
    outer loop
      vertex 1.176310E+02 7.002008E+00 -1.765367E+00
      vertex 1.190000E+02 6.847759E+00 -1.765367E+00
      vertex 1.190000E+02 6.662940E+00 -2.111140E+00
    endloop
  endfacet
  facet normal 8.735092E-01 3.908693E-01 -2.901771E-01
    outer loop
      vertex 1.134570E+02 1.033064E+01 -1.765367E+00
      vertex 1.134212E+02 1.068919E+01 -1.390181E+00
      vertex 1.135596E+02 1.038002E+01 -1.390181E+00
    endloop
  endfacet
  facet normal 8.735069E-01 3.908722E-01 -2.901801E-01
    outer loop
      vertex 1.134570E+02 1.033064E+01 -1.765367E+00
      vertex 1.133161E+02 1.064564E+01 -1.765367E+00
      vertex 1.134212E+02 1.068919E+01 -1.390181E+00
    endloop
  endfacet
  facet normal 2.906869E-01 9.120202E-01 -2.893447E-01
    outer loop
      vertex 1.176310E+02 7.002008E+00 -1.765367E+00
      vertex 1.166456E+02 7.316071E+00 -1.765367E+00
      vertex 1.166892E+02 7.421218E+00 -1.390181E+00
    endloop
  endfacet
  facet normal 2.906859E-01 9.120198E-01 -2.893468E-01
    outer loop
      vertex 1.176310E+02 7.002008E+00 -1.765367E+00
      vertex 1.166892E+02 7.421218E+00 -1.390181E+00
      vertex 1.176563E+02 7.112967E+00 -1.390181E+00
    endloop
  endfacet
  facet normal 5.767580E-01 5.154199E-01 -6.337924E-01
    outer loop
      vertex 1.143431E+02 8.343145E+00 -2.414214E+00
      vertex 1.138510E+02 8.893829E+00 -2.414214E+00
      vertex 1.140455E+02 9.048907E+00 -2.111140E+00
    endloop
  endfacet
  facet normal 3.300279E-01 3.918082E-02 -9.431577E-01
    outer loop
      vertex 1.119044E+02 1.158859E+01 -2.847759E+00
      vertex 1.114450E+02 1.300000E+01 -2.949856E+00
      vertex 1.118678E+02 1.300000E+01 -2.801938E+00
    endloop
  endfacet
  facet normal 5.767571E-01 5.154198E-01 -6.337931E-01
    outer loop
      vertex 1.143431E+02 8.343145E+00 -2.414214E+00
      vertex 1.140455E+02 9.048907E+00 -2.111140E+00
      vertex 1.145190E+02 8.519021E+00 -2.111140E+00
    endloop
  endfacet
  facet normal 1.071996E-01 9.514256E-01 -2.886132E-01
    outer loop
      vertex 1.176310E+02 7.002008E+00 -1.765367E+00
      vertex 1.176563E+02 7.112967E+00 -1.390181E+00
      vertex 1.190000E+02 6.847759E+00 -1.765367E+00
    endloop
  endfacet
  facet normal 4.718623E-01 4.083334E-02 -8.807262E-01
    outer loop
      vertex 1.119044E+02 1.158859E+01 -2.847759E+00
      vertex 1.118678E+02 1.300000E+01 -2.801938E+00
      vertex 1.122435E+02 1.165605E+01 -2.662939E+00
    endloop
  endfacet
  facet normal 3.808489E-01 2.783382E-01 -8.817494E-01
    outer loop
      vertex 1.133437E+02 8.489280E+00 -2.847759E+00
      vertex 1.132721E+02 9.172754E+00 -2.662939E+00
      vertex 1.136141E+02 8.704866E+00 -2.662939E+00
    endloop
  endfacet
  facet normal 2.591735E-01 5.791999E-01 -7.728885E-01
    outer loop
      vertex 1.163637E+02 6.635523E+00 -2.662939E+00
      vertex 1.161425E+02 7.066411E+00 -2.414214E+00
      vertex 1.164797E+02 6.915526E+00 -2.414214E+00
    endloop
  endfacet
  facet normal 2.591794E-01 5.792012E-01 -7.728856E-01
    outer loop
      vertex 1.163637E+02 6.635523E+00 -2.662939E+00
      vertex 1.160110E+02 6.793352E+00 -2.662939E+00
      vertex 1.161425E+02 7.066411E+00 -2.414214E+00
    endloop
  endfacet
  facet normal 3.808464E-01 2.783382E-01 -8.817505E-01
    outer loop
      vertex 1.133437E+02 8.489280E+00 -2.847759E+00
      vertex 1.129846E+02 8.980653E+00 -2.847759E+00
      vertex 1.132721E+02 9.172754E+00 -2.662939E+00
    endloop
  endfacet
  facet normal 8.448508E-01 2.562798E-01 -4.696251E-01
    outer loop
      vertex 1.131453E+02 1.057491E+01 -2.111140E+00
      vertex 1.127847E+02 1.176370E+01 -2.111140E+00
      vertex 1.129660E+02 1.179976E+01 -1.765367E+00
    endloop
  endfacet
  facet normal 8.448462E-01 2.562812E-01 -4.696325E-01
    outer loop
      vertex 1.131453E+02 1.057491E+01 -2.111140E+00
      vertex 1.129660E+02 1.179976E+01 -1.765367E+00
      vertex 1.133161E+02 1.064564E+01 -1.765367E+00
    endloop
  endfacet
  facet normal 2.342352E-01 4.101228E-01 -8.814382E-01
    outer loop
      vertex 1.158610E+02 6.481821E+00 -2.847759E+00
      vertex 1.149807E+02 6.984622E+00 -2.847759E+00
      vertex 1.151728E+02 7.272122E+00 -2.662939E+00
    endloop
  endfacet
  facet normal 2.342319E-01 4.101203E-01 -8.814402E-01
    outer loop
      vertex 1.158610E+02 6.481821E+00 -2.847759E+00
      vertex 1.151728E+02 7.272122E+00 -2.662939E+00
      vertex 1.160110E+02 6.793352E+00 -2.662939E+00
    endloop
  endfacet
  facet normal 5.878731E-01 6.578243E-01 -4.708209E-01
    outer loop
      vertex 1.150489E+02 8.045486E+00 -2.111140E+00
      vertex 1.146497E+02 8.649709E+00 -1.765367E+00
      vertex 1.151641E+02 8.189984E+00 -1.765367E+00
    endloop
  endfacet
  facet normal 5.878692E-01 6.578245E-01 -4.708257E-01
    outer loop
      vertex 1.150489E+02 8.045486E+00 -2.111140E+00
      vertex 1.145190E+02 8.519021E+00 -2.111140E+00
      vertex 1.146497E+02 8.649709E+00 -1.765367E+00
    endloop
  endfacet
  facet normal 8.050701E-01 3.602485E-01 -4.712569E-01
    outer loop
      vertex 1.132905E+02 1.025045E+01 -2.111140E+00
      vertex 1.133161E+02 1.064564E+01 -1.765367E+00
      vertex 1.134570E+02 1.033064E+01 -1.765367E+00
    endloop
  endfacet
  facet normal 8.050707E-01 3.602481E-01 -4.712564E-01
    outer loop
      vertex 1.132905E+02 1.025045E+01 -2.111140E+00
      vertex 1.131453E+02 1.057491E+01 -2.111140E+00
      vertex 1.133161E+02 1.064564E+01 -1.765367E+00
    endloop
  endfacet
  facet normal 8.676889E-02 7.700948E-01 -6.320009E-01
    outer loop
      vertex 1.175899E+02 6.821823E+00 -2.111140E+00
      vertex 1.190000E+02 6.662940E+00 -2.111140E+00
      vertex 1.190000E+02 6.414214E+00 -2.414214E+00
    endloop
  endfacet
  facet normal 1.119515E-01 1.472922E-02 -9.936045E-01
    outer loop
      vertex 1.115364E+02 1.151540E+01 -2.961571E+00
      vertex 1.110000E+02 1.300000E+01 -3.000000E+00
      vertex 1.114450E+02 1.300000E+01 -2.949856E+00
    endloop
  endfacet
  facet normal 9.888180E-02 8.775998E-01 -4.690852E-01
    outer loop
      vertex 1.175899E+02 6.821823E+00 -2.111140E+00
      vertex 1.176310E+02 7.002008E+00 -1.765367E+00
      vertex 1.190000E+02 6.662940E+00 -2.111140E+00
    endloop
  endfacet
  facet normal 9.801289E-02 9.653384E-03 -9.951383E-01
    outer loop
      vertex 1.115364E+02 1.151540E+01 -2.961571E+00
      vertex 1.111537E+02 1.143928E+01 -3.000000E+00
      vertex 1.110000E+02 1.300000E+01 -3.000000E+00
    endloop
  endfacet
  facet normal 5.646831E-01 7.726600E-01 -2.900507E-01
    outer loop
      vertex 1.155820E+02 7.884598E+00 -1.765367E+00
      vertex 1.151641E+02 8.189984E+00 -1.765367E+00
      vertex 1.152351E+02 8.278966E+00 -1.390181E+00
    endloop
  endfacet
  facet normal 2.907593E-01 2.543897E-02 -9.564580E-01
    outer loop
      vertex 1.115364E+02 1.151540E+01 -2.961571E+00
      vertex 1.114450E+02 1.300000E+01 -2.949856E+00
      vertex 1.119044E+02 1.158859E+01 -2.847759E+00
    endloop
  endfacet
  facet normal 2.680298E-01 8.409344E-01 -4.700951E-01
    outer loop
      vertex 1.175899E+02 6.821823E+00 -2.111140E+00
      vertex 1.166456E+02 7.316071E+00 -1.765367E+00
      vertex 1.176310E+02 7.002008E+00 -1.765367E+00
    endloop
  endfacet
  facet normal 2.680290E-01 8.409338E-01 -4.700966E-01
    outer loop
      vertex 1.175899E+02 6.821823E+00 -2.111140E+00
      vertex 1.165749E+02 7.145319E+00 -2.111140E+00
      vertex 1.166456E+02 7.316071E+00 -1.765367E+00
    endloop
  endfacet
  facet normal 5.646899E-01 7.726582E-01 -2.900425E-01
    outer loop
      vertex 1.155820E+02 7.884598E+00 -1.765367E+00
      vertex 1.152351E+02 8.278966E+00 -1.390181E+00
      vertex 1.156452E+02 7.979229E+00 -1.390181E+00
    endloop
  endfacet
  facet normal 8.319801E-01 5.227705E-01 -1.857957E-01
    outer loop
      vertex 1.139792E+02 9.645228E+00 -1.390181E+00
      vertex 1.135942E+02 1.039670E+01 -1.000000E+00
      vertex 1.143090E+02 9.259061E+00 -1.000000E+00
    endloop
  endfacet
  facet normal 1.925938E-01 4.304136E-01 -8.818457E-01
    outer loop
      vertex 1.162314E+02 6.316071E+00 -2.847759E+00
      vertex 1.158610E+02 6.481821E+00 -2.847759E+00
      vertex 1.160110E+02 6.793352E+00 -2.662939E+00
    endloop
  endfacet
  facet normal 4.734732E-01 4.231195E-01 -7.725238E-01
    outer loop
      vertex 1.141288E+02 8.128840E+00 -2.662939E+00
      vertex 1.138510E+02 8.893829E+00 -2.414214E+00
      vertex 1.143431E+02 8.343145E+00 -2.414214E+00
    endloop
  endfacet
  facet normal 1.926014E-01 4.304160E-01 -8.818429E-01
    outer loop
      vertex 1.162314E+02 6.316071E+00 -2.847759E+00
      vertex 1.160110E+02 6.793352E+00 -2.662939E+00
      vertex 1.163637E+02 6.635523E+00 -2.662939E+00
    endloop
  endfacet
  facet normal 4.734764E-01 4.231199E-01 -7.725217E-01
    outer loop
      vertex 1.141288E+02 8.128840E+00 -2.662939E+00
      vertex 1.136141E+02 8.704866E+00 -2.662939E+00
      vertex 1.138510E+02 8.893829E+00 -2.414214E+00
    endloop
  endfacet
  facet normal 8.641909E-01 4.935727E-01 -9.777530E-02
    outer loop
      vertex 1.139792E+02 9.645228E+00 -1.390181E+00
      vertex 1.135596E+02 1.038002E+01 -1.390181E+00
      vertex 1.135942E+02 1.039670E+01 -1.000000E+00
    endloop
  endfacet
  facet normal 5.025801E-02 9.402617E-02 -9.943004E-01
    outer loop
      vertex 1.156982E+02 6.143789E+00 -2.961571E+00
      vertex 1.159385E+02 5.608963E+00 -3.000000E+00
      vertex 1.145554E+02 6.348243E+00 -3.000000E+00
    endloop
  endfacet
  facet normal 1.442914E-01 2.526400E-01 -9.567408E-01
    outer loop
      vertex 1.156982E+02 6.143789E+00 -2.961571E+00
      vertex 1.149807E+02 6.984622E+00 -2.847759E+00
      vertex 1.158610E+02 6.481821E+00 -2.847759E+00
    endloop
  endfacet
  facet normal 8.379847E-02 6.877168E-02 -9.941068E-01
    outer loop
      vertex 1.130504E+02 8.255355E+00 -2.961571E+00
      vertex 1.133431E+02 7.343145E+00 -3.000000E+00
      vertex 1.123482E+02 8.555438E+00 -3.000000E+00
    endloop
  endfacet
  facet normal 7.411550E-01 2.248282E-01 -6.325675E-01
    outer loop
      vertex 1.129155E+02 1.047973E+01 -2.414214E+00
      vertex 1.125408E+02 1.171518E+01 -2.414214E+00
      vertex 1.127847E+02 1.176370E+01 -2.111140E+00
    endloop
  endfacet
  facet normal 4.872960E-02 8.532134E-02 -9.951612E-01
    outer loop
      vertex 1.156982E+02 6.143789E+00 -2.961571E+00
      vertex 1.145554E+02 6.348243E+00 -3.000000E+00
      vertex 1.147722E+02 6.672666E+00 -2.961571E+00
    endloop
  endfacet
  facet normal 2.345582E-01 1.714244E-01 -9.568679E-01
    outer loop
      vertex 1.130504E+02 8.255355E+00 -2.961571E+00
      vertex 1.126727E+02 8.772211E+00 -2.961571E+00
      vertex 1.129846E+02 8.980653E+00 -2.847759E+00
    endloop
  endfacet
  facet normal 1.442895E-01 2.526385E-01 -9.567415E-01
    outer loop
      vertex 1.156982E+02 6.143789E+00 -2.961571E+00
      vertex 1.147722E+02 6.672666E+00 -2.961571E+00
      vertex 1.149807E+02 6.984622E+00 -2.847759E+00
    endloop
  endfacet
  facet normal 7.920481E-02 5.788600E-02 -9.951763E-01
    outer loop
      vertex 1.130504E+02 8.255355E+00 -2.961571E+00
      vertex 1.123482E+02 8.555438E+00 -3.000000E+00
      vertex 1.126727E+02 8.772211E+00 -2.961571E+00
    endloop
  endfacet
  facet normal 2.345576E-01 1.714243E-01 -9.568681E-01
    outer loop
      vertex 1.130504E+02 8.255355E+00 -2.961571E+00
      vertex 1.129846E+02 8.980653E+00 -2.847759E+00
      vertex 1.133437E+02 8.489280E+00 -2.847759E+00
    endloop
  endfacet
  facet normal 7.411631E-01 2.248269E-01 -6.325583E-01
    outer loop
      vertex 1.129155E+02 1.047973E+01 -2.414214E+00
      vertex 1.127847E+02 1.176370E+01 -2.111140E+00
      vertex 1.131453E+02 1.057491E+01 -2.111140E+00
    endloop
  endfacet
  facet normal 2.350798E-01 7.375539E-01 -6.330495E-01
    outer loop
      vertex 1.175345E+02 6.579333E+00 -2.414214E+00
      vertex 1.164797E+02 6.915526E+00 -2.414214E+00
      vertex 1.165749E+02 7.145319E+00 -2.111140E+00
    endloop
  endfacet
  facet normal 7.129689E-02 6.327790E-01 -7.710431E-01
    outer loop
      vertex 1.175345E+02 6.579333E+00 -2.414214E+00
      vertex 1.190000E+02 6.414214E+00 -2.414214E+00
      vertex 1.190000E+02 6.111141E+00 -2.662939E+00
    endloop
  endfacet
  facet normal 5.154213E-01 5.767553E-01 -6.337935E-01
    outer loop
      vertex 1.148938E+02 7.851025E+00 -2.414214E+00
      vertex 1.143431E+02 8.343145E+00 -2.414214E+00
      vertex 1.145190E+02 8.519021E+00 -2.111140E+00
    endloop
  endfacet
  facet normal 8.676855E-02 7.700942E-01 -6.320017E-01
    outer loop
      vertex 1.175345E+02 6.579333E+00 -2.414214E+00
      vertex 1.175899E+02 6.821823E+00 -2.111140E+00
      vertex 1.190000E+02 6.414214E+00 -2.414214E+00
    endloop
  endfacet
  facet normal 5.154211E-01 5.767553E-01 -6.337937E-01
    outer loop
      vertex 1.148938E+02 7.851025E+00 -2.414214E+00
      vertex 1.145190E+02 8.519021E+00 -2.111140E+00
      vertex 1.150489E+02 8.045486E+00 -2.111140E+00
    endloop
  endfacet
  facet normal 2.350785E-01 7.375527E-01 -6.330515E-01
    outer loop
      vertex 1.175345E+02 6.579333E+00 -2.414214E+00
      vertex 1.165749E+02 7.145319E+00 -2.111140E+00
      vertex 1.175899E+02 6.821823E+00 -2.111140E+00
    endloop
  endfacet
  facet normal 7.057059E-01 3.157849E-01 -6.342391E-01
    outer loop
      vertex 1.130664E+02 1.014253E+01 -2.414214E+00
      vertex 1.131453E+02 1.057491E+01 -2.111140E+00
      vertex 1.132905E+02 1.025045E+01 -2.111140E+00
    endloop
  endfacet
  facet normal 7.057043E-01 3.157860E-01 -6.342402E-01
    outer loop
      vertex 1.130664E+02 1.014253E+01 -2.414214E+00
      vertex 1.129155E+02 1.047973E+01 -2.414214E+00
      vertex 1.131453E+02 1.057491E+01 -2.111140E+00
    endloop
  endfacet
  facet normal 1.186057E-01 2.650631E-01 -9.569086E-01
    outer loop
      vertex 1.160879E+02 5.969443E+00 -2.961571E+00
      vertex 1.158610E+02 6.481821E+00 -2.847759E+00
      vertex 1.162314E+02 6.316071E+00 -2.847759E+00
    endloop
  endfacet
  facet normal 3.519199E-01 3.144981E-01 -8.816140E-01
    outer loop
      vertex 1.138843E+02 7.884342E+00 -2.847759E+00
      vertex 1.133437E+02 8.489280E+00 -2.847759E+00
      vertex 1.136141E+02 8.704866E+00 -2.662939E+00
    endloop
  endfacet
  facet normal 4.004988E-02 8.950282E-02 -9.951810E-01
    outer loop
      vertex 1.160879E+02 5.969443E+00 -2.961571E+00
      vertex 1.159385E+02 5.608963E+00 -3.000000E+00
      vertex 1.156982E+02 6.143789E+00 -2.961571E+00
    endloop
  endfacet
  facet normal 3.519297E-01 3.145003E-01 -8.816093E-01
    outer loop
      vertex 1.138843E+02 7.884342E+00 -2.847759E+00
      vertex 1.136141E+02 8.704866E+00 -2.662939E+00
      vertex 1.141288E+02 8.128840E+00 -2.662939E+00
    endloop
  endfacet
  facet normal 8.311361E-01 4.746875E-01 -2.896284E-01
    outer loop
      vertex 1.138846E+02 9.581998E+00 -1.765367E+00
      vertex 1.134570E+02 1.033064E+01 -1.765367E+00
      vertex 1.135596E+02 1.038002E+01 -1.390181E+00
    endloop
  endfacet
  facet normal 1.186084E-01 2.650641E-01 -9.569080E-01
    outer loop
      vertex 1.160879E+02 5.969443E+00 -2.961571E+00
      vertex 1.156982E+02 6.143789E+00 -2.961571E+00
      vertex 1.158610E+02 6.481821E+00 -2.847759E+00
    endloop
  endfacet
  facet normal 5.303877E-02 4.707328E-01 -8.806801E-01
    outer loop
      vertex 1.174671E+02 6.283858E+00 -2.662939E+00
      vertex 1.190000E+02 6.111141E+00 -2.662939E+00
      vertex 1.190000E+02 5.765367E+00 -2.847759E+00
    endloop
  endfacet
  facet normal 7.129699E-02 6.327792E-01 -7.710429E-01
    outer loop
      vertex 1.174671E+02 6.283858E+00 -2.662939E+00
      vertex 1.175345E+02 6.579333E+00 -2.414214E+00
      vertex 1.190000E+02 6.111141E+00 -2.662939E+00
    endloop
  endfacet
  facet normal 1.930577E-01 6.057137E-01 -7.719064E-01
    outer loop
      vertex 1.174671E+02 6.283858E+00 -2.662939E+00
      vertex 1.163637E+02 6.635523E+00 -2.662939E+00
      vertex 1.164797E+02 6.915526E+00 -2.414214E+00
    endloop
  endfacet
  facet normal 5.204802E-01 7.121730E-01 -4.710733E-01
    outer loop
      vertex 1.154793E+02 7.730927E+00 -2.111140E+00
      vertex 1.150489E+02 8.045486E+00 -2.111140E+00
      vertex 1.151641E+02 8.189984E+00 -1.765367E+00
    endloop
  endfacet
  facet normal 8.311303E-01 4.746906E-01 -2.896400E-01
    outer loop
      vertex 1.138846E+02 9.581998E+00 -1.765367E+00
      vertex 1.135596E+02 1.038002E+01 -1.390181E+00
      vertex 1.139792E+02 9.645228E+00 -1.390181E+00
    endloop
  endfacet
  facet normal 1.930590E-01 6.057152E-01 -7.719050E-01
    outer loop
      vertex 1.174671E+02 6.283858E+00 -2.662939E+00
      vertex 1.164797E+02 6.915526E+00 -2.414214E+00
      vertex 1.175345E+02 6.579333E+00 -2.414214E+00
    endloop
  endfacet
  facet normal 5.204775E-01 7.121732E-01 -4.710760E-01
    outer loop
      vertex 1.154793E+02 7.730927E+00 -2.111140E+00
      vertex 1.151641E+02 8.189984E+00 -1.765367E+00
      vertex 1.155820E+02 7.884598E+00 -1.765367E+00
    endloop
  endfacet
  facet normal 3.268973E-02 2.901297E-01 -9.564289E-01
    outer loop
      vertex 1.173901E+02 5.946754E+00 -2.847759E+00
      vertex 1.190000E+02 5.765367E+00 -2.847759E+00
      vertex 1.190000E+02 5.390181E+00 -2.961571E+00
    endloop
  endfacet
  facet normal 6.088223E-01 1.846853E-01 -7.715093E-01
    outer loop
      vertex 1.126355E+02 1.036375E+01 -2.662939E+00
      vertex 1.125408E+02 1.171518E+01 -2.414214E+00
      vertex 1.129155E+02 1.047973E+01 -2.414214E+00
    endloop
  endfacet
  facet normal 1.435481E-01 4.503757E-01 -8.812240E-01
    outer loop
      vertex 1.173901E+02 5.946754E+00 -2.847759E+00
      vertex 1.162314E+02 6.316071E+00 -2.847759E+00
      vertex 1.163637E+02 6.635523E+00 -2.662939E+00
    endloop
  endfacet
  facet normal 6.088280E-01 1.846849E-01 -7.715050E-01
    outer loop
      vertex 1.126355E+02 1.036375E+01 -2.662939E+00
      vertex 1.122435E+02 1.165605E+01 -2.662939E+00
      vertex 1.125408E+02 1.171518E+01 -2.414214E+00
    endloop
  endfacet
  facet normal 4.935661E-01 8.641950E-01 -9.777372E-02
    outer loop
      vertex 1.163800E+02 7.559563E+00 -1.390181E+00
      vertex 1.156452E+02 7.979229E+00 -1.390181E+00
      vertex 1.163967E+02 7.594187E+00 -1.000000E+00
    endloop
  endfacet
  facet normal 1.435466E-01 4.503738E-01 -8.812252E-01
    outer loop
      vertex 1.173901E+02 5.946754E+00 -2.847759E+00
      vertex 1.163637E+02 6.635523E+00 -2.662939E+00
      vertex 1.174671E+02 6.283858E+00 -2.662939E+00
    endloop
  endfacet
  facet normal 5.303879E-02 4.707329E-01 -8.806801E-01
    outer loop
      vertex 1.173901E+02 5.946754E+00 -2.847759E+00
      vertex 1.174671E+02 6.283858E+00 -2.662939E+00
      vertex 1.190000E+02 5.765367E+00 -2.847759E+00
    endloop
  endfacet
  facet normal 8.034848E-01 5.872155E-01 -9.792922E-02
    outer loop
      vertex 1.142790E+02 9.235101E+00 -1.390181E+00
      vertex 1.139792E+02 9.645228E+00 -1.390181E+00
      vertex 1.143090E+02 9.259061E+00 -1.000000E+00
    endloop
  endfacet
  facet normal 2.995965E-02 9.876402E-02 -9.946598E-01
    outer loop
      vertex 1.173067E+02 5.580975E+00 -2.961571E+00
      vertex 1.174393E+02 5.153718E+00 -3.000000E+00
      vertex 1.159385E+02 5.608963E+00 -3.000000E+00
    endloop
  endfacet
  facet normal 2.987018E-02 9.371635E-02 -9.951507E-01
    outer loop
      vertex 1.173067E+02 5.580975E+00 -2.961571E+00
      vertex 1.159385E+02 5.608963E+00 -3.000000E+00
      vertex 1.160879E+02 5.969443E+00 -2.961571E+00
    endloop
  endfacet
  facet normal 4.231205E-01 4.734729E-01 -7.725235E-01
    outer loop
      vertex 1.147049E+02 7.614072E+00 -2.662939E+00
      vertex 1.141288E+02 8.128840E+00 -2.662939E+00
      vertex 1.143431E+02 8.343145E+00 -2.414214E+00
    endloop
  endfacet
  facet normal 8.843938E-02 2.774746E-01 -9.566537E-01
    outer loop
      vertex 1.173067E+02 5.580975E+00 -2.961571E+00
      vertex 1.160879E+02 5.969443E+00 -2.961571E+00
      vertex 1.162314E+02 6.316071E+00 -2.847759E+00
    endloop
  endfacet
  facet normal 5.791942E-01 2.591757E-01 -7.728919E-01
    outer loop
      vertex 1.127934E+02 1.001104E+01 -2.662939E+00
      vertex 1.129155E+02 1.047973E+01 -2.414214E+00
      vertex 1.130664E+02 1.014253E+01 -2.414214E+00
    endloop
  endfacet
  facet normal 8.843939E-02 2.774746E-01 -9.566537E-01
    outer loop
      vertex 1.173067E+02 5.580975E+00 -2.961571E+00
      vertex 1.162314E+02 6.316071E+00 -2.847759E+00
      vertex 1.173901E+02 5.946754E+00 -2.847759E+00
    endloop
  endfacet
  facet normal 4.231228E-01 4.734735E-01 -7.725217E-01
    outer loop
      vertex 1.147049E+02 7.614072E+00 -2.662939E+00
      vertex 1.143431E+02 8.343145E+00 -2.414214E+00
      vertex 1.148938E+02 7.851025E+00 -2.414214E+00
    endloop
  endfacet
  facet normal 3.268965E-02 2.901295E-01 -9.564289E-01
    outer loop
      vertex 1.173067E+02 5.580975E+00 -2.961571E+00
      vertex 1.173901E+02 5.946754E+00 -2.847759E+00
      vertex 1.190000E+02 5.390181E+00 -2.961571E+00
    endloop
  endfacet
  facet normal 1.045570E-02 9.279720E-02 -9.956301E-01
    outer loop
      vertex 1.173067E+02 5.580975E+00 -2.961571E+00
      vertex 1.190000E+02 5.390181E+00 -2.961571E+00
      vertex 1.174393E+02 5.153718E+00 -3.000000E+00
    endloop
  endfacet
  facet normal 5.791956E-01 2.591749E-01 -7.728912E-01
    outer loop
      vertex 1.127934E+02 1.001104E+01 -2.662939E+00
      vertex 1.126355E+02 1.036375E+01 -2.662939E+00
      vertex 1.129155E+02 1.047973E+01 -2.414214E+00
    endloop
  endfacet
  facet normal 4.527961E-01 1.373534E-01 -8.809710E-01
    outer loop
      vertex 1.123161E+02 1.023143E+01 -2.847759E+00
      vertex 1.122435E+02 1.165605E+01 -2.662939E+00
      vertex 1.126355E+02 1.036375E+01 -2.662939E+00
    endloop
  endfacet
  facet normal 7.319953E-02 6.541512E-02 -9.951697E-01
    outer loop
      vertex 1.136190E+02 7.619045E+00 -2.961571E+00
      vertex 1.133431E+02 7.343145E+00 -3.000000E+00
      vertex 1.130504E+02 8.255355E+00 -2.961571E+00
    endloop
  endfacet
  facet normal 2.167627E-01 1.937110E-01 -9.568124E-01
    outer loop
      vertex 1.136190E+02 7.619045E+00 -2.961571E+00
      vertex 1.130504E+02 8.255355E+00 -2.961571E+00
      vertex 1.133437E+02 8.489280E+00 -2.847759E+00
    endloop
  endfacet
  facet normal 4.527963E-01 1.373534E-01 -8.809707E-01
    outer loop
      vertex 1.123161E+02 1.023143E+01 -2.847759E+00
      vertex 1.119044E+02 1.158859E+01 -2.847759E+00
      vertex 1.122435E+02 1.165605E+01 -2.662939E+00
    endloop
  endfacet
  facet normal 2.167595E-01 1.937101E-01 -9.568132E-01
    outer loop
      vertex 1.136190E+02 7.619045E+00 -2.961571E+00
      vertex 1.133437E+02 8.489280E+00 -2.847759E+00
      vertex 1.138843E+02 7.884342E+00 -2.847759E+00
    endloop
  endfacet
  facet normal 3.255615E-01 9.304043E-01 -1.683968E-01
    outer loop
      vertex 1.166892E+02 7.421218E+00 -1.390181E+00
      vertex 1.163967E+02 7.594187E+00 -1.000000E+00
      vertex 1.176649E+02 7.150433E+00 -1.000000E+00
    endloop
  endfacet
  facet normal 7.662391E-01 4.376228E-01 -4.704933E-01
    outer loop
      vertex 1.137309E+02 9.479318E+00 -2.111140E+00
      vertex 1.134570E+02 1.033064E+01 -1.765367E+00
      vertex 1.138846E+02 9.581998E+00 -1.765367E+00
    endloop
  endfacet
  facet normal 4.064838E-01 9.083897E-01 -9.797489E-02
    outer loop
      vertex 1.166892E+02 7.421218E+00 -1.390181E+00
      vertex 1.163800E+02 7.559563E+00 -1.390181E+00
      vertex 1.163967E+02 7.594187E+00 -1.000000E+00
    endloop
  endfacet
  facet normal 7.662350E-01 4.376238E-01 -4.704991E-01
    outer loop
      vertex 1.137309E+02 9.479318E+00 -2.111140E+00
      vertex 1.132905E+02 1.025045E+01 -2.111140E+00
      vertex 1.134570E+02 1.033064E+01 -1.765367E+00
    endloop
  endfacet
  facet normal 7.726523E-01 5.646902E-01 -2.900576E-01
    outer loop
      vertex 1.141900E+02 9.164141E+00 -1.765367E+00
      vertex 1.138846E+02 9.581998E+00 -1.765367E+00
      vertex 1.139792E+02 9.645228E+00 -1.390181E+00
    endloop
  endfacet
  facet normal 4.562781E-01 6.243253E-01 -6.340570E-01
    outer loop
      vertex 1.153411E+02 7.524118E+00 -2.414214E+00
      vertex 1.150489E+02 8.045486E+00 -2.111140E+00
      vertex 1.154793E+02 7.730927E+00 -2.111140E+00
    endloop
  endfacet
  facet normal 4.562802E-01 6.243255E-01 -6.340553E-01
    outer loop
      vertex 1.153411E+02 7.524118E+00 -2.414214E+00
      vertex 1.148938E+02 7.851025E+00 -2.414214E+00
      vertex 1.150489E+02 8.045486E+00 -2.111140E+00
    endloop
  endfacet
  facet normal 4.746846E-01 8.311348E-01 -2.896367E-01
    outer loop
      vertex 1.163306E+02 7.457022E+00 -1.765367E+00
      vertex 1.156452E+02 7.979229E+00 -1.390181E+00
      vertex 1.163800E+02 7.559563E+00 -1.390181E+00
    endloop
  endfacet
  facet normal 7.726582E-01 5.646864E-01 -2.900495E-01
    outer loop
      vertex 1.141900E+02 9.164141E+00 -1.765367E+00
      vertex 1.139792E+02 9.645228E+00 -1.390181E+00
      vertex 1.142790E+02 9.235101E+00 -1.390181E+00
    endloop
  endfacet
  facet normal 4.304173E-01 1.925978E-01 -8.818429E-01
    outer loop
      vertex 1.124818E+02 9.861011E+00 -2.847759E+00
      vertex 1.123161E+02 1.023143E+01 -2.847759E+00
      vertex 1.126355E+02 1.036375E+01 -2.662939E+00
    endloop
  endfacet
  facet normal 4.746908E-01 8.311352E-01 -2.896256E-01
    outer loop
      vertex 1.163306E+02 7.457022E+00 -1.765367E+00
      vertex 1.155820E+02 7.884598E+00 -1.765367E+00
      vertex 1.156452E+02 7.979229E+00 -1.390181E+00
    endloop
  endfacet
  facet normal 4.304142E-01 1.925991E-01 -8.818442E-01
    outer loop
      vertex 1.124818E+02 9.861011E+00 -2.847759E+00
      vertex 1.126355E+02 1.036375E+01 -2.662939E+00
      vertex 1.127934E+02 1.001104E+01 -2.662939E+00
    endloop
  endfacet
  facet normal 2.790158E-01 8.463795E-02 -9.565493E-01
    outer loop
      vertex 1.119694E+02 1.008785E+01 -2.961571E+00
      vertex 1.119044E+02 1.158859E+01 -2.847759E+00
      vertex 1.123161E+02 1.023143E+01 -2.847759E+00
    endloop
  endfacet
  facet normal 9.424590E-02 2.858918E-02 -9.951384E-01
    outer loop
      vertex 1.119694E+02 1.008785E+01 -2.961571E+00
      vertex 1.116090E+02 9.938533E+00 -3.000000E+00
      vertex 1.111537E+02 1.143928E+01 -3.000000E+00
    endloop
  endfacet
  facet normal 9.424628E-02 2.858941E-02 -9.951383E-01
    outer loop
      vertex 1.119694E+02 1.008785E+01 -2.961571E+00
      vertex 1.111537E+02 1.143928E+01 -3.000000E+00
      vertex 1.115364E+02 1.151540E+01 -2.961571E+00
    endloop
  endfacet
  facet normal 2.790126E-01 8.463788E-02 -9.565502E-01
    outer loop
      vertex 1.119694E+02 1.008785E+01 -2.961571E+00
      vertex 1.115364E+02 1.151540E+01 -2.961571E+00
      vertex 1.119044E+02 1.158859E+01 -2.847759E+00
    endloop
  endfacet
  facet normal 6.940101E-01 6.940108E-01 -1.915698E-01
    outer loop
      vertex 1.147302E+02 8.730186E+00 -1.390181E+00
      vertex 1.143090E+02 9.259061E+00 -1.000000E+00
      vertex 1.152591E+02 8.309011E+00 -1.000000E+00
    endloop
  endfacet
  facet normal 3.144991E-01 3.519253E-01 -8.816116E-01
    outer loop
      vertex 1.144893E+02 7.343736E+00 -2.847759E+00
      vertex 1.141288E+02 8.128840E+00 -2.662939E+00
      vertex 1.147049E+02 7.614072E+00 -2.662939E+00
    endloop
  endfacet
  facet normal 7.420647E-01 6.631463E-01 -9.786254E-02
    outer loop
      vertex 1.147302E+02 8.730186E+00 -1.390181E+00
      vertex 1.142790E+02 9.235101E+00 -1.390181E+00
      vertex 1.143090E+02 9.259061E+00 -1.000000E+00
    endloop
  endfacet
  facet normal 3.145027E-01 3.519265E-01 -8.816098E-01
    outer loop
      vertex 1.144893E+02 7.343736E+00 -2.847759E+00
      vertex 1.138843E+02 7.884342E+00 -2.847759E+00
      vertex 1.141288E+02 8.128840E+00 -2.662939E+00
    endloop
  endfacet
  facet normal 6.719155E-01 3.837497E-01 -6.334554E-01
    outer loop
      vertex 1.135241E+02 9.341133E+00 -2.414214E+00
      vertex 1.130664E+02 1.014253E+01 -2.414214E+00
      vertex 1.132905E+02 1.025045E+01 -2.111140E+00
    endloop
  endfacet
  facet normal 3.908740E-01 8.735056E-01 -2.901818E-01
    outer loop
      vertex 1.166456E+02 7.316071E+00 -1.765367E+00
      vertex 1.163800E+02 7.559563E+00 -1.390181E+00
      vertex 1.166892E+02 7.421218E+00 -1.390181E+00
    endloop
  endfacet
  facet normal 3.908703E-01 8.735062E-01 -2.901848E-01
    outer loop
      vertex 1.166456E+02 7.316071E+00 -1.765367E+00
      vertex 1.163306E+02 7.457022E+00 -1.765367E+00
      vertex 1.163800E+02 7.559563E+00 -1.390181E+00
    endloop
  endfacet
  facet normal 3.745224E-01 5.124565E-01 -7.727363E-01
    outer loop
      vertex 1.151728E+02 7.272122E+00 -2.662939E+00
      vertex 1.147049E+02 7.614072E+00 -2.662939E+00
      vertex 1.148938E+02 7.851025E+00 -2.414214E+00
    endloop
  endfacet
  facet normal 6.719080E-01 3.837503E-01 -6.334630E-01
    outer loop
      vertex 1.135241E+02 9.341133E+00 -2.414214E+00
      vertex 1.132905E+02 1.025045E+01 -2.111140E+00
      vertex 1.137309E+02 9.479318E+00 -2.111140E+00
    endloop
  endfacet
  facet normal 3.745222E-01 5.124565E-01 -7.727364E-01
    outer loop
      vertex 1.151728E+02 7.272122E+00 -2.662939E+00
      vertex 1.148938E+02 7.851025E+00 -2.414214E+00
      vertex 1.153411E+02 7.524118E+00 -2.414214E+00
    endloop
  endfacet
  facet normal 7.121730E-01 5.204825E-01 -4.710706E-01
    outer loop
      vertex 1.140455E+02 9.048907E+00 -2.111140E+00
      vertex 1.137309E+02 9.479318E+00 -2.111140E+00
      vertex 1.138846E+02 9.581998E+00 -1.765367E+00
    endloop
  endfacet
  facet normal 7.121673E-01 5.204849E-01 -4.710768E-01
    outer loop
      vertex 1.140455E+02 9.048907E+00 -2.111140E+00
      vertex 1.138846E+02 9.581998E+00 -1.765367E+00
      vertex 1.141900E+02 9.164141E+00 -1.765367E+00
    endloop
  endfacet
  facet normal 4.376246E-01 7.662359E-01 -4.704968E-01
    outer loop
      vertex 1.162505E+02 7.290505E+00 -2.111140E+00
      vertex 1.155820E+02 7.884598E+00 -1.765367E+00
      vertex 1.163306E+02 7.457022E+00 -1.765367E+00
    endloop
  endfacet
  facet normal 2.650647E-01 1.186079E-01 -9.569080E-01
    outer loop
      vertex 1.121438E+02 9.698223E+00 -2.961571E+00
      vertex 1.123161E+02 1.023143E+01 -2.847759E+00
      vertex 1.124818E+02 9.861011E+00 -2.847759E+00
    endloop
  endfacet
  facet normal 2.650625E-01 1.186086E-01 -9.569085E-01
    outer loop
      vertex 1.121438E+02 9.698223E+00 -2.961571E+00
      vertex 1.119694E+02 1.008785E+01 -2.961571E+00
      vertex 1.123161E+02 1.023143E+01 -2.847759E+00
    endloop
  endfacet
  facet normal 9.653399E-03 9.801274E-02 -9.951383E-01
    outer loop
      vertex 1.190000E+02 5.000000E+00 -3.000000E+00
      vertex 1.174393E+02 5.153718E+00 -3.000000E+00
      vertex 1.190000E+02 5.390181E+00 -2.961571E+00
    endloop
  endfacet
  facet normal 9.402649E-02 5.025829E-02 -9.943003E-01
    outer loop
      vertex 1.121438E+02 9.698223E+00 -2.961571E+00
      vertex 1.123482E+02 8.555438E+00 -3.000000E+00
      vertex 1.116090E+02 9.938533E+00 -3.000000E+00
    endloop
  endfacet
  facet normal 9.885300E-01 1.020033E-01 -1.113721E-01
    outer loop
      vertex 1.130776E+02 1.182196E+01 -1.390181E+00
      vertex 1.129499E+02 1.300000E+01 -1.445042E+00
      vertex 1.130000E+02 1.300000E+01 -1.000000E+00
    endloop
  endfacet
  facet normal 8.950312E-02 4.005033E-02 -9.951810E-01
    outer loop
      vertex 1.121438E+02 9.698223E+00 -2.961571E+00
      vertex 1.116090E+02 9.938533E+00 -3.000000E+00
      vertex 1.119694E+02 1.008785E+01 -2.961571E+00
    endloop
  endfacet
  facet normal 4.376238E-01 7.662357E-01 -4.704979E-01
    outer loop
      vertex 1.162505E+02 7.290505E+00 -2.111140E+00
      vertex 1.154793E+02 7.730927E+00 -2.111140E+00
      vertex 1.155820E+02 7.884598E+00 -1.765367E+00
    endloop
  endfacet
  facet normal 7.136320E-01 6.377375E-01 -2.898627E-01
    outer loop
      vertex 1.146497E+02 8.649709E+00 -1.765367E+00
      vertex 1.142790E+02 9.235101E+00 -1.390181E+00
      vertex 1.147302E+02 8.730186E+00 -1.390181E+00
    endloop
  endfacet
  facet normal 6.541529E-02 7.319941E-02 -9.951697E-01
    outer loop
      vertex 1.142554E+02 7.050404E+00 -2.961571E+00
      vertex 1.133431E+02 7.343145E+00 -3.000000E+00
      vertex 1.136190E+02 7.619045E+00 -2.961571E+00
    endloop
  endfacet
  facet normal 9.840598E-01 1.108741E-01 -1.390442E-01
    outer loop
      vertex 1.130776E+02 1.182196E+01 -1.390181E+00
      vertex 1.130000E+02 1.300000E+01 -1.000000E+00
      vertex 1.131504E+02 1.166487E+01 -1.000000E+00
    endloop
  endfacet
  facet normal 1.937100E-01 2.167603E-01 -9.568132E-01
    outer loop
      vertex 1.142554E+02 7.050404E+00 -2.961571E+00
      vertex 1.138843E+02 7.884342E+00 -2.847759E+00
      vertex 1.144893E+02 7.343736E+00 -2.847759E+00
    endloop
  endfacet
  facet normal 6.877195E-02 8.379856E-02 -9.941067E-01
    outer loop
      vertex 1.142554E+02 7.050404E+00 -2.961571E+00
      vertex 1.145554E+02 6.348243E+00 -3.000000E+00
      vertex 1.133431E+02 7.343145E+00 -3.000000E+00
    endloop
  endfacet
  facet normal 7.136297E-01 6.377383E-01 -2.898664E-01
    outer loop
      vertex 1.146497E+02 8.649709E+00 -1.765367E+00
      vertex 1.141900E+02 9.164141E+00 -1.765367E+00
      vertex 1.142790E+02 9.235101E+00 -1.390181E+00
    endloop
  endfacet
  facet normal 1.937096E-01 2.167601E-01 -9.568133E-01
    outer loop
      vertex 1.142554E+02 7.050404E+00 -2.961571E+00
      vertex 1.136190E+02 7.619045E+00 -2.961571E+00
      vertex 1.138843E+02 7.884342E+00 -2.847759E+00
    endloop
  endfacet
  facet normal 2.783405E-01 3.808515E-01 -8.817475E-01
    outer loop
      vertex 1.149807E+02 6.984622E+00 -2.847759E+00
      vertex 1.147049E+02 7.614072E+00 -2.662939E+00
      vertex 1.151728E+02 7.272122E+00 -2.662939E+00
    endloop
  endfacet
  facet normal 9.391223E-01 1.003095E-01 -3.286145E-01
    outer loop
      vertex 1.129660E+02 1.179976E+01 -1.765367E+00
      vertex 1.128019E+02 1.300000E+01 -1.867767E+00
      vertex 1.129499E+02 1.300000E+01 -1.445042E+00
    endloop
  endfacet
  facet normal 5.516824E-01 3.150871E-01 -7.722478E-01
    outer loop
      vertex 1.132721E+02 9.172754E+00 -2.662939E+00
      vertex 1.127934E+02 1.001104E+01 -2.662939E+00
      vertex 1.130664E+02 1.014253E+01 -2.414214E+00
    endloop
  endfacet
  facet normal 5.516931E-01 3.150874E-01 -7.722400E-01
    outer loop
      vertex 1.132721E+02 9.172754E+00 -2.662939E+00
      vertex 1.130664E+02 1.014253E+01 -2.414214E+00
      vertex 1.135241E+02 9.341133E+00 -2.414214E+00
    endloop
  endfacet
  facet normal 9.531303E-01 8.989745E-02 -2.888964E-01
    outer loop
      vertex 1.129660E+02 1.179976E+01 -1.765367E+00
      vertex 1.129499E+02 1.300000E+01 -1.445042E+00
      vertex 1.130776E+02 1.182196E+01 -1.390181E+00
    endloop
  endfacet
  facet normal 2.783418E-01 3.808519E-01 -8.817469E-01
    outer loop
      vertex 1.149807E+02 6.984622E+00 -2.847759E+00
      vertex 1.144893E+02 7.343736E+00 -2.847759E+00
      vertex 1.147049E+02 7.614072E+00 -2.662939E+00
    endloop
  endfacet
  facet normal 3.602439E-01 8.050738E-01 -4.712541E-01
    outer loop
      vertex 1.165749E+02 7.145319E+00 -2.111140E+00
      vertex 1.162505E+02 7.290505E+00 -2.111140E+00
      vertex 1.163306E+02 7.457022E+00 -1.765367E+00
    endloop
  endfacet
  facet normal 3.602487E-01 8.050737E-01 -4.712506E-01
    outer loop
      vertex 1.165749E+02 7.145319E+00 -2.111140E+00
      vertex 1.163306E+02 7.457022E+00 -1.765367E+00
      vertex 1.166456E+02 7.316071E+00 -1.765367E+00
    endloop
  endfacet
  facet normal 6.243185E-01 4.562831E-01 -6.340600E-01
    outer loop
      vertex 1.138510E+02 8.893829E+00 -2.414214E+00
      vertex 1.135241E+02 9.341133E+00 -2.414214E+00
      vertex 1.137309E+02 9.479318E+00 -2.111140E+00
    endloop
  endfacet
  facet normal 8.430850E-01 9.253325E-02 -5.297596E-01
    outer loop
      vertex 1.127847E+02 1.176370E+01 -2.111140E+00
      vertex 1.125637E+02 1.300000E+01 -2.246980E+00
      vertex 1.128019E+02 1.300000E+01 -1.867767E+00
    endloop
  endfacet
  facet normal 6.243268E-01 4.562813E-01 -6.340532E-01
    outer loop
      vertex 1.138510E+02 8.893829E+00 -2.414214E+00
      vertex 1.137309E+02 9.479318E+00 -2.111140E+00
      vertex 1.140455E+02 9.048907E+00 -2.111140E+00
    endloop
  endfacet
  facet normal 8.793674E-01 8.013583E-02 -4.693520E-01
    outer loop
      vertex 1.127847E+02 1.176370E+01 -2.111140E+00
      vertex 1.128019E+02 1.300000E+01 -1.867767E+00
      vertex 1.129660E+02 1.179976E+01 -1.765367E+00
    endloop
  endfacet
  facet normal 9.304046E-01 3.255642E-01 -1.683900E-01
    outer loop
      vertex 1.134212E+02 1.068919E+01 -1.390181E+00
      vertex 1.131504E+02 1.166487E+01 -1.000000E+00
      vertex 1.135942E+02 1.039670E+01 -1.000000E+00
    endloop
  endfacet
  facet normal 6.631486E-01 7.420614E-01 -9.787070E-02
    outer loop
      vertex 1.152351E+02 8.278966E+00 -1.390181E+00
      vertex 1.147302E+02 8.730186E+00 -1.390181E+00
      vertex 1.152591E+02 8.309011E+00 -1.000000E+00
    endloop
  endfacet
  facet normal 4.101169E-01 2.342336E-01 -8.814413E-01
    outer loop
      vertex 1.129846E+02 8.980653E+00 -2.847759E+00
      vertex 1.127934E+02 1.001104E+01 -2.662939E+00
      vertex 1.132721E+02 9.172754E+00 -2.662939E+00
    endloop
  endfacet
  facet normal 3.837512E-01 6.719100E-01 -6.334603E-01
    outer loop
      vertex 1.161425E+02 7.066411E+00 -2.414214E+00
      vertex 1.154793E+02 7.730927E+00 -2.111140E+00
      vertex 1.162505E+02 7.290505E+00 -2.111140E+00
    endloop
  endfacet
  facet normal 9.551213E-01 2.897318E-01 -6.163426E-02
    outer loop
      vertex 1.134212E+02 1.068919E+01 -1.390181E+00
      vertex 1.130776E+02 1.182196E+01 -1.390181E+00
      vertex 1.131504E+02 1.166487E+01 -1.000000E+00
    endloop
  endfacet
  facet normal 4.101231E-01 2.342342E-01 -8.814382E-01
    outer loop
      vertex 1.129846E+02 8.980653E+00 -2.847759E+00
      vertex 1.124818E+02 9.861011E+00 -2.847759E+00
      vertex 1.127934E+02 1.001104E+01 -2.662939E+00
    endloop
  endfacet
  facet normal 3.837516E-01 6.719102E-01 -6.334598E-01
    outer loop
      vertex 1.161425E+02 7.066411E+00 -2.414214E+00
      vertex 1.153411E+02 7.524118E+00 -2.414214E+00
      vertex 1.154793E+02 7.730927E+00 -2.111140E+00
    endloop
  endfacet
  facet normal 1.114321E-01 9.889867E-01 -9.740731E-02
    outer loop
      vertex 1.176563E+02 7.112967E+00 -1.390181E+00
      vertex 1.176649E+02 7.150433E+00 -1.000000E+00
      vertex 1.190000E+02 7.000000E+00 -1.000000E+00
    endloop
  endfacet
  facet normal 7.048892E-01 7.918296E-02 -7.048839E-01
    outer loop
      vertex 1.125408E+02 1.171518E+01 -2.414214E+00
      vertex 1.122470E+02 1.300000E+01 -2.563663E+00
      vertex 1.125637E+02 1.300000E+01 -2.246980E+00
    endloop
  endfacet
  facet normal 1.114321E-01 9.889866E-01 -9.740742E-02
    outer loop
      vertex 1.176563E+02 7.112967E+00 -1.390181E+00
      vertex 1.190000E+02 7.000000E+00 -1.000000E+00
      vertex 1.190000E+02 6.961571E+00 -1.390181E+00
    endloop
  endfacet
  facet normal 1.072000E-01 9.514259E-01 -2.886119E-01
    outer loop
      vertex 1.176563E+02 7.112967E+00 -1.390181E+00
      vertex 1.190000E+02 6.961571E+00 -1.390181E+00
      vertex 1.190000E+02 6.847759E+00 -1.765367E+00
    endloop
  endfacet
  facet normal 6.578268E-01 5.878679E-01 -4.708239E-01
    outer loop
      vertex 1.145190E+02 8.519021E+00 -2.111140E+00
      vertex 1.140455E+02 9.048907E+00 -2.111140E+00
      vertex 1.141900E+02 9.164141E+00 -1.765367E+00
    endloop
  endfacet
  facet normal 6.578249E-01 5.878682E-01 -4.708263E-01
    outer loop
      vertex 1.145190E+02 8.519021E+00 -2.111140E+00
      vertex 1.141900E+02 9.164141E+00 -1.765367E+00
      vertex 1.146497E+02 8.649709E+00 -1.765367E+00
    endloop
  endfacet
  facet normal 7.717763E-01 6.852880E-02 -6.321907E-01
    outer loop
      vertex 1.125408E+02 1.171518E+01 -2.414214E+00
      vertex 1.125637E+02 1.300000E+01 -2.246980E+00
      vertex 1.127847E+02 1.176370E+01 -2.111140E+00
    endloop
  endfacet
  facet normal 3.022238E-01 9.482196E-01 -9.767481E-02
    outer loop
      vertex 1.176563E+02 7.112967E+00 -1.390181E+00
      vertex 1.166892E+02 7.421218E+00 -1.390181E+00
      vertex 1.176649E+02 7.150433E+00 -1.000000E+00
    endloop
  endfacet
  facet normal 5.124533E-01 3.745265E-01 -7.727364E-01
    outer loop
      vertex 1.136141E+02 8.704866E+00 -2.662939E+00
      vertex 1.135241E+02 9.341133E+00 -2.414214E+00
      vertex 1.138510E+02 8.893829E+00 -2.414214E+00
    endloop
  endfacet
  facet normal 5.124617E-01 3.745256E-01 -7.727312E-01
    outer loop
      vertex 1.136141E+02 8.704866E+00 -2.662939E+00
      vertex 1.132721E+02 9.172754E+00 -2.662939E+00
      vertex 1.135241E+02 9.341133E+00 -2.414214E+00
    endloop
  endfacet
  facet normal 1.714227E-01 2.345554E-01 -9.568688E-01
    outer loop
      vertex 1.147722E+02 6.672666E+00 -2.961571E+00
      vertex 1.142554E+02 7.050404E+00 -2.961571E+00
      vertex 1.144893E+02 7.343736E+00 -2.847759E+00
    endloop
  endfacet
  facet normal 5.788616E-02 7.920489E-02 -9.951763E-01
    outer loop
      vertex 1.147722E+02 6.672666E+00 -2.961571E+00
      vertex 1.145554E+02 6.348243E+00 -3.000000E+00
      vertex 1.142554E+02 7.050404E+00 -2.961571E+00
    endloop
  endfacet
  facet normal 9.083920E-01 4.064783E-01 -9.797551E-02
    outer loop
      vertex 1.135596E+02 1.038002E+01 -1.390181E+00
      vertex 1.134212E+02 1.068919E+01 -1.390181E+00
      vertex 1.135942E+02 1.039670E+01 -1.000000E+00
    endloop
  endfacet
  facet normal 1.714224E-01 2.345553E-01 -9.568689E-01
    outer loop
      vertex 1.147722E+02 6.672666E+00 -2.961571E+00
      vertex 1.144893E+02 7.343736E+00 -2.847759E+00
      vertex 1.149807E+02 6.984622E+00 -2.847759E+00
    endloop
  endfacet
  facet normal 3.157789E-01 7.057033E-01 -6.342448E-01
    outer loop
      vertex 1.164797E+02 6.915526E+00 -2.414214E+00
      vertex 1.162505E+02 7.290505E+00 -2.111140E+00
      vertex 1.165749E+02 7.145319E+00 -2.111140E+00
    endloop
  endfacet
  facet normal 9.161059E-01 2.778966E-01 -2.890040E-01
    outer loop
      vertex 1.133161E+02 1.064564E+01 -1.765367E+00
      vertex 1.130776E+02 1.182196E+01 -1.390181E+00
      vertex 1.134212E+02 1.068919E+01 -1.390181E+00
    endloop
  endfacet
  facet normal 3.157798E-01 7.057034E-01 -6.342443E-01
    outer loop
      vertex 1.164797E+02 6.915526E+00 -2.414214E+00
      vertex 1.161425E+02 7.066411E+00 -2.414214E+00
      vertex 1.162505E+02 7.290505E+00 -2.111140E+00
    endloop
  endfacet
  facet normal 6.377423E-01 7.136274E-01 -2.898631E-01
    outer loop
      vertex 1.151641E+02 8.189984E+00 -1.765367E+00
      vertex 1.146497E+02 8.649709E+00 -1.765367E+00
      vertex 1.147302E+02 8.730186E+00 -1.390181E+00
    endloop
  endfacet
  facet normal 6.377392E-01 7.136283E-01 -2.898678E-01
    outer loop
      vertex 1.151641E+02 8.189984E+00 -1.765367E+00
      vertex 1.147302E+02 8.730186E+00 -1.390181E+00
      vertex 1.152351E+02 8.278966E+00 -1.390181E+00
    endloop
  endfacet
  facet normal 9.161049E-01 2.778973E-01 -2.890068E-01
    outer loop
      vertex 1.133161E+02 1.064564E+01 -1.765367E+00
      vertex 1.129660E+02 1.179976E+01 -1.765367E+00
      vertex 1.130776E+02 1.182196E+01 -1.390181E+00
    endloop
  endfacet
  facet normal 5.310401E-01 6.105835E-02 -8.451439E-01
    outer loop
      vertex 1.122435E+02 1.165605E+01 -2.662939E+00
      vertex 1.118678E+02 1.300000E+01 -2.801938E+00
      vertex 1.122470E+02 1.300000E+01 -2.563663E+00
    endloop
  endfacet
  facet normal -1.013507E-08 -7.730103E-01 -6.343935E-01
    outer loop
      vertex 1.190000E+02 1.933706E+01 -2.111140E+00
      vertex 1.190000E+02 1.958579E+01 -2.414213E+00
      vertex 1.340000E+02 1.958579E+01 -2.414214E+00
    endloop
  endfacet
  facet normal -1.008341E-08 -7.730103E-01 -6.343935E-01
    outer loop
      vertex 1.190000E+02 1.933706E+01 -2.111140E+00
      vertex 1.340000E+02 1.958579E+01 -2.414214E+00
      vertex 1.340000E+02 1.933706E+01 -2.111140E+00
    endloop
  endfacet
  facet normal -3.746330E-09 -8.819209E-01 -4.713975E-01
    outer loop
      vertex 1.190000E+02 1.915224E+01 -1.765367E+00
      vertex 1.340000E+02 1.933706E+01 -2.111140E+00
      vertex 1.340000E+02 1.915224E+01 -1.765367E+00
    endloop
  endfacet
  facet normal -7.601304E-09 -8.819208E-01 -4.713976E-01
    outer loop
      vertex 1.190000E+02 1.915224E+01 -1.765367E+00
      vertex 1.190000E+02 1.933706E+01 -2.111140E+00
      vertex 1.340000E+02 1.933706E+01 -2.111140E+00
    endloop
  endfacet
  facet normal 0.000000E+00 -9.569404E-01 -2.902846E-01
    outer loop
      vertex 1.190000E+02 1.903843E+01 -1.390181E+00
      vertex 1.340000E+02 1.915224E+01 -1.765367E+00
      vertex 1.340000E+02 1.903843E+01 -1.390181E+00
    endloop
  endfacet
  facet normal 0.000000E+00 -9.951848E-01 -9.801670E-02
    outer loop
      vertex 1.190000E+02 1.903843E+01 -1.390181E+00
      vertex 1.340000E+02 1.903843E+01 -1.390181E+00
      vertex 1.340000E+02 1.900000E+01 -1.000000E+00
    endloop
  endfacet
  facet normal -1.900326E-09 -9.569404E-01 -2.902847E-01
    outer loop
      vertex 1.190000E+02 1.903843E+01 -1.390181E+00
      vertex 1.190000E+02 1.915224E+01 -1.765367E+00
      vertex 1.340000E+02 1.915224E+01 -1.765367E+00
    endloop
  endfacet
  facet normal 0.000000E+00 -9.951848E-01 -9.801670E-02
    outer loop
      vertex 1.190000E+02 1.900000E+01 -1.000000E+00
      vertex 1.190000E+02 1.903843E+01 -1.390181E+00
      vertex 1.340000E+02 1.900000E+01 -1.000000E+00
    endloop
  endfacet
  facet normal 6.343974E-01 -7.730071E-01 0.000000E+00
    outer loop
      vertex 1.354142E+02 1.958579E+01 -1.000000E+00
      vertex 1.354142E+02 1.958579E+01 -2.398567E-15
      vertex 1.351111E+02 1.933706E+01 -2.368107E-15
    endloop
  endfacet
  facet normal 4.713912E-01 -8.819242E-01 0.000000E+00
    outer loop
      vertex 1.351111E+02 1.933706E+01 -1.000000E+00
      vertex 1.351111E+02 1.933706E+01 -2.368107E-15
      vertex 1.347654E+02 1.915224E+01 -2.345473E-15
    endloop
  endfacet
  facet normal 6.343974E-01 -7.730071E-01 0.000000E+00
    outer loop
      vertex 1.351111E+02 1.933706E+01 -1.000000E+00
      vertex 1.354142E+02 1.958579E+01 -1.000000E+00
      vertex 1.351111E+02 1.933706E+01 -2.368107E-15
    endloop
  endfacet
  facet normal 2.902869E-01 -9.569396E-01 0.000000E+00
    outer loop
      vertex 1.347654E+02 1.915224E+01 -1.000000E+00
      vertex 1.347654E+02 1.915224E+01 -2.345473E-15
      vertex 1.343902E+02 1.903843E+01 -2.331535E-15
    endloop
  endfacet
  facet normal 4.713912E-01 -8.819242E-01 0.000000E+00
    outer loop
      vertex 1.347654E+02 1.915224E+01 -1.000000E+00
      vertex 1.351111E+02 1.933706E+01 -1.000000E+00
      vertex 1.347654E+02 1.915224E+01 -2.345473E-15
    endloop
  endfacet
  facet normal 9.801623E-02 -9.951848E-01 0.000000E+00
    outer loop
      vertex 1.343902E+02 1.903843E+01 -1.000000E+00
      vertex 1.343902E+02 1.903843E+01 -2.331535E-15
      vertex 1.340000E+02 1.900000E+01 -2.326829E-15
    endloop
  endfacet
  facet normal 2.902869E-01 -9.569396E-01 0.000000E+00
    outer loop
      vertex 1.343902E+02 1.903843E+01 -1.000000E+00
      vertex 1.347654E+02 1.915224E+01 -1.000000E+00
      vertex 1.343902E+02 1.903843E+01 -2.331535E-15
    endloop
  endfacet
  facet normal 9.801623E-02 -9.951848E-01 0.000000E+00
    outer loop
      vertex 1.340000E+02 1.900000E+01 -1.000000E+00
      vertex 1.343902E+02 1.903843E+01 -1.000000E+00
      vertex 1.340000E+02 1.900000E+01 -2.326829E-15
    endloop
  endfacet
  facet normal 9.951829E-01 -9.803598E-02 0.000000E+00
    outer loop
      vertex 1.359616E+02 2.060982E+01 -1.000000E+00
      vertex 1.360000E+02 2.100000E+01 -1.000000E+00
      vertex 1.360000E+02 2.100000E+01 -2.571758E-15
    endloop
  endfacet
  facet normal 9.951829E-01 -9.803598E-02 0.000000E+00
    outer loop
      vertex 1.359616E+02 2.060982E+01 -1.000000E+00
      vertex 1.360000E+02 2.100000E+01 -2.571758E-15
      vertex 1.359616E+02 2.060982E+01 -2.523975E-15
    endloop
  endfacet
  facet normal 9.569486E-01 -2.902575E-01 0.000000E+00
    outer loop
      vertex 1.358478E+02 2.023463E+01 -1.000000E+00
      vertex 1.359616E+02 2.060982E+01 -2.523975E-15
      vertex 1.358478E+02 2.023463E+01 -2.478028E-15
    endloop
  endfacet
  facet normal 9.569486E-01 -2.902575E-01 0.000000E+00
    outer loop
      vertex 1.358478E+02 2.023463E+01 -1.000000E+00
      vertex 1.359616E+02 2.060982E+01 -1.000000E+00
      vertex 1.359616E+02 2.060982E+01 -2.523975E-15
    endloop
  endfacet
  facet normal 8.819109E-01 -4.714162E-01 0.000000E+00
    outer loop
      vertex 1.356629E+02 1.988886E+01 -1.000000E+00
      vertex 1.358478E+02 2.023463E+01 -2.478028E-15
      vertex 1.356629E+02 1.988886E+01 -2.435683E-15
    endloop
  endfacet
  facet normal 8.819109E-01 -4.714162E-01 0.000000E+00
    outer loop
      vertex 1.356629E+02 1.988886E+01 -1.000000E+00
      vertex 1.358478E+02 2.023463E+01 -1.000000E+00
      vertex 1.358478E+02 2.023463E+01 -2.478028E-15
    endloop
  endfacet
  facet normal 7.730186E-01 -6.343834E-01 0.000000E+00
    outer loop
      vertex 1.354142E+02 1.958579E+01 -1.000000E+00
      vertex 1.356629E+02 1.988886E+01 -2.435683E-15
      vertex 1.354142E+02 1.958579E+01 -2.398567E-15
    endloop
  endfacet
  facet normal 7.730186E-01 -6.343834E-01 0.000000E+00
    outer loop
      vertex 1.354142E+02 1.958579E+01 -1.000000E+00
      vertex 1.356629E+02 1.988886E+01 -1.000000E+00
      vertex 1.356629E+02 1.988886E+01 -2.435683E-15
    endloop
  endfacet
  facet normal 0.000000E+00 -9.801731E-02 -9.951847E-01
    outer loop
      vertex 1.190000E+02 2.100000E+01 -3.000000E+00
      vertex 1.340000E+02 2.100000E+01 -3.000000E+00
      vertex 1.340000E+02 2.060982E+01 -2.961571E+00
    endloop
  endfacet
  facet normal -1.521016E-08 -2.902842E-01 -9.569405E-01
    outer loop
      vertex 1.190000E+02 2.060982E+01 -2.961570E+00
      vertex 1.340000E+02 2.060982E+01 -2.961571E+00
      vertex 1.340000E+02 2.023463E+01 -2.847759E+00
    endloop
  endfacet
  facet normal -1.581803E-08 -9.801790E-02 -9.951846E-01
    outer loop
      vertex 1.190000E+02 2.060982E+01 -2.961570E+00
      vertex 1.190000E+02 2.100000E+01 -3.000000E+00
      vertex 1.340000E+02 2.060982E+01 -2.961571E+00
    endloop
  endfacet
  facet normal -1.401776E-08 -4.713964E-01 -8.819215E-01
    outer loop
      vertex 1.190000E+02 2.023463E+01 -2.847759E+00
      vertex 1.340000E+02 2.023463E+01 -2.847759E+00
      vertex 1.340000E+02 1.988886E+01 -2.662939E+00
    endloop
  endfacet
  facet normal -1.521016E-08 -2.902842E-01 -9.569405E-01
    outer loop
      vertex 1.190000E+02 2.023463E+01 -2.847759E+00
      vertex 1.190000E+02 2.060982E+01 -2.961570E+00
      vertex 1.340000E+02 2.023463E+01 -2.847759E+00
    endloop
  endfacet
  facet normal -1.228665E-08 -6.343946E-01 -7.730093E-01
    outer loop
      vertex 1.190000E+02 1.988886E+01 -2.662939E+00
      vertex 1.340000E+02 1.988886E+01 -2.662939E+00
      vertex 1.340000E+02 1.958579E+01 -2.414214E+00
    endloop
  endfacet
  facet normal -1.401776E-08 -4.713964E-01 -8.819215E-01
    outer loop
      vertex 1.190000E+02 1.988886E+01 -2.662939E+00
      vertex 1.190000E+02 2.023463E+01 -2.847759E+00
      vertex 1.340000E+02 1.988886E+01 -2.662939E+00
    endloop
  endfacet
  facet normal -1.228665E-08 -6.343946E-01 -7.730093E-01
    outer loop
      vertex 1.190000E+02 1.958579E+01 -2.414213E+00
      vertex 1.190000E+02 1.988886E+01 -2.662939E+00
      vertex 1.340000E+02 1.958579E+01 -2.414214E+00
    endloop
  endfacet
  facet normal 8.421960E-01 -1.032089E-01 -5.292011E-01
    outer loop
      vertex 1.128218E+02 1.441013E+01 -2.111140E+00
      vertex 1.128019E+02 1.300000E+01 -1.867767E+00
      vertex 1.125637E+02 1.300000E+01 -2.246980E+00
    endloop
  endfacet
  facet normal 6.578258E-01 -5.878679E-01 -4.708253E-01
    outer loop
      vertex 1.140455E+02 1.695109E+01 -2.111140E+00
      vertex 1.146497E+02 1.735029E+01 -1.765367E+00
      vertex 1.141900E+02 1.683586E+01 -1.765367E+00
    endloop
  endfacet
  facet normal 2.778983E-01 -9.161048E-01 -2.890060E-01
    outer loop
      vertex 1.166456E+02 1.868393E+01 -1.765367E+00
      vertex 1.178220E+02 1.892240E+01 -1.390181E+00
      vertex 1.166892E+02 1.857878E+01 -1.390181E+00
    endloop
  endfacet
  facet normal 8.783575E-01 -9.329608E-02 -4.688112E-01
    outer loop
      vertex 1.128218E+02 1.441013E+01 -2.111140E+00
      vertex 1.130020E+02 1.436900E+01 -1.765367E+00
      vertex 1.128019E+02 1.300000E+01 -1.867767E+00
    endloop
  endfacet
  facet normal 4.231214E-01 -4.734753E-01 -7.725214E-01
    outer loop
      vertex 1.141288E+02 1.787116E+01 -2.662939E+00
      vertex 1.147049E+02 1.838593E+01 -2.662939E+00
      vertex 1.148938E+02 1.814898E+01 -2.414213E+00
    endloop
  endfacet
  facet normal 8.409346E-01 -2.680315E-01 -4.700935E-01
    outer loop
      vertex 1.128218E+02 1.441013E+01 -2.111140E+00
      vertex 1.133161E+02 1.535436E+01 -1.765367E+00
      vertex 1.130020E+02 1.436900E+01 -1.765367E+00
    endloop
  endfacet
  facet normal 4.231209E-01 -4.734714E-01 -7.725242E-01
    outer loop
      vertex 1.141288E+02 1.787116E+01 -2.662939E+00
      vertex 1.148938E+02 1.814898E+01 -2.414213E+00
      vertex 1.143431E+02 1.765685E+01 -2.414213E+00
    endloop
  endfacet
  facet normal 2.857896E-02 -2.901656E-01 -9.565496E-01
    outer loop
      vertex 1.175886E+02 2.009562E+01 -2.847759E+00
      vertex 1.190000E+02 2.060982E+01 -2.961570E+00
      vertex 1.190000E+02 2.023463E+01 -2.847759E+00
    endloop
  endfacet
  facet normal 8.409315E-01 -2.680267E-01 -4.701020E-01
    outer loop
      vertex 1.128218E+02 1.441013E+01 -2.111140E+00
      vertex 1.131453E+02 1.542509E+01 -2.111140E+00
      vertex 1.133161E+02 1.535436E+01 -1.765367E+00
    endloop
  endfacet
  facet normal 7.726541E-01 -5.646927E-01 -2.900483E-01
    outer loop
      vertex 1.138846E+02 1.641800E+01 -1.765367E+00
      vertex 1.141900E+02 1.683586E+01 -1.765367E+00
      vertex 1.142790E+02 1.676490E+01 -1.390181E+00
    endloop
  endfacet
  facet normal 4.637879E-02 -4.708906E-01 -8.809716E-01
    outer loop
      vertex 1.175886E+02 2.009562E+01 -2.847759E+00
      vertex 1.190000E+02 2.023463E+01 -2.847759E+00
      vertex 1.176561E+02 1.975649E+01 -2.662939E+00
    endloop
  endfacet
  facet normal 4.304170E-01 -1.925999E-01 -8.818427E-01
    outer loop
      vertex 1.123161E+02 1.576857E+01 -2.847759E+00
      vertex 1.127934E+02 1.598897E+01 -2.662939E+00
      vertex 1.126355E+02 1.563625E+01 -2.662939E+00
    endloop
  endfacet
  facet normal 7.726562E-01 -5.646849E-01 -2.900577E-01
    outer loop
      vertex 1.138846E+02 1.641800E+01 -1.765367E+00
      vertex 1.142790E+02 1.676490E+01 -1.390181E+00
      vertex 1.139792E+02 1.635477E+01 -1.390181E+00
    endloop
  endfacet
  facet normal 4.304160E-01 -1.925967E-01 -8.818439E-01
    outer loop
      vertex 1.123161E+02 1.576857E+01 -2.847759E+00
      vertex 1.124818E+02 1.613899E+01 -2.847759E+00
      vertex 1.127934E+02 1.598897E+01 -2.662939E+00
    endloop
  endfacet
  facet normal 2.562813E-01 -8.448491E-01 -4.696274E-01
    outer loop
      vertex 1.165749E+02 1.885468E+01 -2.111140E+00
      vertex 1.177998E+02 1.903403E+01 -1.765367E+00
      vertex 1.166456E+02 1.868393E+01 -1.765367E+00
    endloop
  endfacet
  facet normal 5.788595E-02 -7.920469E-02 -9.951763E-01
    outer loop
      vertex 1.142554E+02 1.894960E+01 -2.961571E+00
      vertex 1.145554E+02 1.965176E+01 -3.000000E+00
      vertex 1.147722E+02 1.932733E+01 -2.961571E+00
    endloop
  endfacet
  facet normal 9.402638E-02 -5.025822E-02 -9.943004E-01
    outer loop
      vertex 1.121438E+02 1.630178E+01 -2.961571E+00
      vertex 1.116090E+02 1.606147E+01 -3.000000E+00
      vertex 1.123482E+02 1.744456E+01 -3.000000E+00
    endloop
  endfacet
  facet normal 6.877191E-02 -8.379842E-02 -9.941068E-01
    outer loop
      vertex 1.142554E+02 1.894960E+01 -2.961571E+00
      vertex 1.133431E+02 1.865685E+01 -3.000000E+00
      vertex 1.145554E+02 1.965176E+01 -3.000000E+00
    endloop
  endfacet
  facet normal 8.532091E-02 -4.872970E-02 -9.951612E-01
    outer loop
      vertex 1.121438E+02 1.630178E+01 -2.961571E+00
      vertex 1.123482E+02 1.744456E+01 -3.000000E+00
      vertex 1.126727E+02 1.722779E+01 -2.961571E+00
    endloop
  endfacet
  facet normal 2.526414E-01 -1.442922E-01 -9.567403E-01
    outer loop
      vertex 1.121438E+02 1.630178E+01 -2.961571E+00
      vertex 1.126727E+02 1.722779E+01 -2.961571E+00
      vertex 1.129846E+02 1.701935E+01 -2.847759E+00
    endloop
  endfacet
  facet normal 1.714229E-01 -2.345560E-01 -9.568687E-01
    outer loop
      vertex 1.142554E+02 1.894960E+01 -2.961571E+00
      vertex 1.147722E+02 1.932733E+01 -2.961571E+00
      vertex 1.149807E+02 1.901538E+01 -2.847759E+00
    endloop
  endfacet
  facet normal 2.562815E-01 -8.448482E-01 -4.696288E-01
    outer loop
      vertex 1.165749E+02 1.885468E+01 -2.111140E+00
      vertex 1.177637E+02 1.921530E+01 -2.111140E+00
      vertex 1.177998E+02 1.903403E+01 -1.765367E+00
    endloop
  endfacet
  facet normal 2.526403E-01 -1.442908E-01 -9.567409E-01
    outer loop
      vertex 1.121438E+02 1.630178E+01 -2.961571E+00
      vertex 1.129846E+02 1.701935E+01 -2.847759E+00
      vertex 1.124818E+02 1.613899E+01 -2.847759E+00
    endloop
  endfacet
  facet normal 1.714229E-01 -2.345560E-01 -9.568687E-01
    outer loop
      vertex 1.142554E+02 1.894960E+01 -2.961571E+00
      vertex 1.149807E+02 1.901538E+01 -2.847759E+00
      vertex 1.144893E+02 1.865627E+01 -2.847759E+00
    endloop
  endfacet
  facet normal 9.653341E-03 -9.801247E-02 -9.951384E-01
    outer loop
      vertex 1.175154E+02 2.046360E+01 -2.961571E+00
      vertex 1.174393E+02 2.084628E+01 -3.000000E+00
      vertex 1.190000E+02 2.100000E+01 -3.000000E+00
    endloop
  endfacet
  facet normal 7.043718E-01 -8.791126E-02 -7.043664E-01
    outer loop
      vertex 1.125793E+02 1.446548E+01 -2.414213E+00
      vertex 1.125637E+02 1.300000E+01 -2.246980E+00
      vertex 1.122470E+02 1.300000E+01 -2.563663E+00
    endloop
  endfacet
  facet normal 5.767582E-01 -5.154208E-01 -6.337913E-01
    outer loop
      vertex 1.138510E+02 1.710617E+01 -2.414213E+00
      vertex 1.145190E+02 1.748098E+01 -2.111140E+00
      vertex 1.140455E+02 1.695109E+01 -2.111140E+00
    endloop
  endfacet
  facet normal 9.653661E-03 -9.801335E-02 -9.951383E-01
    outer loop
      vertex 1.175154E+02 2.046360E+01 -2.961571E+00
      vertex 1.190000E+02 2.100000E+01 -3.000000E+00
      vertex 1.190000E+02 2.060982E+01 -2.961570E+00
    endloop
  endfacet
  facet normal 5.767580E-01 -5.154199E-01 -6.337921E-01
    outer loop
      vertex 1.138510E+02 1.710617E+01 -2.414213E+00
      vertex 1.143431E+02 1.765685E+01 -2.414213E+00
      vertex 1.145190E+02 1.748098E+01 -2.111140E+00
    endloop
  endfacet
  facet normal 2.857909E-02 -2.901660E-01 -9.565495E-01
    outer loop
      vertex 1.175154E+02 2.046360E+01 -2.961571E+00
      vertex 1.190000E+02 2.060982E+01 -2.961570E+00
      vertex 1.175886E+02 2.009562E+01 -2.847759E+00
    endloop
  endfacet
  facet normal 7.375572E-01 -2.350830E-01 -6.330445E-01
    outer loop
      vertex 1.125793E+02 1.446548E+01 -2.414213E+00
      vertex 1.129155E+02 1.552027E+01 -2.414213E+00
      vertex 1.131453E+02 1.542509E+01 -2.111140E+00
    endloop
  endfacet
  facet normal 7.710958E-01 -8.032465E-02 -6.316322E-01
    outer loop
      vertex 1.125793E+02 1.446548E+01 -2.414213E+00
      vertex 1.128218E+02 1.441013E+01 -2.111140E+00
      vertex 1.125637E+02 1.300000E+01 -2.246980E+00
    endloop
  endfacet
  facet normal 7.375515E-01 -2.350768E-01 -6.330534E-01
    outer loop
      vertex 1.125793E+02 1.446548E+01 -2.414213E+00
      vertex 1.131453E+02 1.542509E+01 -2.111140E+00
      vertex 1.128218E+02 1.441013E+01 -2.111140E+00
    endloop
  endfacet
  facet normal 3.145019E-01 -3.519295E-01 -8.816088E-01
    outer loop
      vertex 1.138843E+02 1.811566E+01 -2.847759E+00
      vertex 1.147049E+02 1.838593E+01 -2.662939E+00
      vertex 1.141288E+02 1.787116E+01 -2.662939E+00
    endloop
  endfacet
  facet normal 2.248270E-01 -7.411603E-01 -6.325616E-01
    outer loop
      vertex 1.164797E+02 1.908447E+01 -2.414213E+00
      vertex 1.177152E+02 1.945924E+01 -2.414213E+00
      vertex 1.177637E+02 1.921530E+01 -2.111140E+00
    endloop
  endfacet
  facet normal 2.248274E-01 -7.411578E-01 -6.325644E-01
    outer loop
      vertex 1.164797E+02 1.908447E+01 -2.414213E+00
      vertex 1.177637E+02 1.921530E+01 -2.111140E+00
      vertex 1.165749E+02 1.885468E+01 -2.111140E+00
    endloop
  endfacet
  facet normal 3.145005E-01 -3.519232E-01 -8.816118E-01
    outer loop
      vertex 1.138843E+02 1.811566E+01 -2.847759E+00
      vertex 1.144893E+02 1.865627E+01 -2.847759E+00
      vertex 1.147049E+02 1.838593E+01 -2.662939E+00
    endloop
  endfacet
  facet normal 8.950302E-02 -4.005029E-02 -9.951810E-01
    outer loop
      vertex 1.119694E+02 1.591215E+01 -2.961571E+00
      vertex 1.116090E+02 1.606147E+01 -3.000000E+00
      vertex 1.121438E+02 1.630178E+01 -2.961571E+00
    endloop
  endfacet
  facet normal 2.650633E-01 -1.186069E-01 -9.569085E-01
    outer loop
      vertex 1.119694E+02 1.591215E+01 -2.961571E+00
      vertex 1.124818E+02 1.613899E+01 -2.847759E+00
      vertex 1.123161E+02 1.576857E+01 -2.847759E+00
    endloop
  endfacet
  facet normal 5.227674E-01 -8.319798E-01 -1.858062E-01
    outer loop
      vertex 1.156452E+02 1.802077E+01 -1.390181E+00
      vertex 1.163967E+02 1.840581E+01 -1.000000E+00
      vertex 1.152591E+02 1.769099E+01 -1.000000E+00
    endloop
  endfacet
  facet normal 2.650642E-01 -1.186094E-01 -9.569079E-01
    outer loop
      vertex 1.119694E+02 1.591215E+01 -2.961571E+00
      vertex 1.121438E+02 1.630178E+01 -2.961571E+00
      vertex 1.124818E+02 1.613899E+01 -2.847759E+00
    endloop
  endfacet
  facet normal 5.308200E-01 -6.748229E-02 -8.447936E-01
    outer loop
      vertex 1.122839E+02 1.453292E+01 -2.662939E+00
      vertex 1.122470E+02 1.300000E+01 -2.563663E+00
      vertex 1.118678E+02 1.300000E+01 -2.801938E+00
    endloop
  endfacet
  facet normal 6.057172E-01 -1.930614E-01 -7.719029E-01
    outer loop
      vertex 1.122839E+02 1.453292E+01 -2.662939E+00
      vertex 1.129155E+02 1.552027E+01 -2.414213E+00
      vertex 1.125793E+02 1.446548E+01 -2.414213E+00
    endloop
  endfacet
  facet normal 7.121693E-01 -5.204875E-01 -4.710706E-01
    outer loop
      vertex 1.137309E+02 1.652068E+01 -2.111140E+00
      vertex 1.141900E+02 1.683586E+01 -1.765367E+00
      vertex 1.138846E+02 1.641800E+01 -1.765367E+00
    endloop
  endfacet
  facet normal 4.710625E-01 -8.813000E-01 -3.755396E-02
    outer loop
      vertex 1.156452E+02 1.802077E+01 -1.390181E+00
      vertex 1.166892E+02 1.857878E+01 -1.390181E+00
      vertex 1.163967E+02 1.840581E+01 -1.000000E+00
    endloop
  endfacet
  facet normal 6.057107E-01 -1.930556E-01 -7.719094E-01
    outer loop
      vertex 1.122839E+02 1.453292E+01 -2.662939E+00
      vertex 1.126355E+02 1.563625E+01 -2.662939E+00
      vertex 1.129155E+02 1.552027E+01 -2.414213E+00
    endloop
  endfacet
  facet normal 6.338809E-01 -6.516208E-02 -7.706808E-01
    outer loop
      vertex 1.122839E+02 1.453292E+01 -2.662939E+00
      vertex 1.125793E+02 1.446548E+01 -2.414213E+00
      vertex 1.122470E+02 1.300000E+01 -2.563663E+00
    endloop
  endfacet
  facet normal 7.121698E-01 -5.204802E-01 -4.710780E-01
    outer loop
      vertex 1.137309E+02 1.652068E+01 -2.111140E+00
      vertex 1.140455E+02 1.695109E+01 -2.111140E+00
      vertex 1.141900E+02 1.683586E+01 -1.765367E+00
    endloop
  endfacet
  facet normal 3.299755E-01 -4.303087E-02 -9.430082E-01
    outer loop
      vertex 1.119468E+02 1.460986E+01 -2.847759E+00
      vertex 1.118678E+02 1.300000E+01 -2.801938E+00
      vertex 1.114450E+02 1.300000E+01 -2.949856E+00
    endloop
  endfacet
  facet normal 8.641909E-01 -4.935728E-01 -9.777534E-02
    outer loop
      vertex 1.135596E+02 1.561998E+01 -1.390181E+00
      vertex 1.139792E+02 1.635477E+01 -1.390181E+00
      vertex 1.135942E+02 1.560330E+01 -1.000000E+00
    endloop
  endfacet
  facet normal 1.846844E-01 -6.088272E-01 -7.715057E-01
    outer loop
      vertex 1.163637E+02 1.936448E+01 -2.662939E+00
      vertex 1.177152E+02 1.945924E+01 -2.414213E+00
      vertex 1.164797E+02 1.908447E+01 -2.414213E+00
    endloop
  endfacet
  facet normal 4.503769E-01 -1.435479E-01 -8.812234E-01
    outer loop
      vertex 1.119468E+02 1.460986E+01 -2.847759E+00
      vertex 1.123161E+02 1.576857E+01 -2.847759E+00
      vertex 1.126355E+02 1.563625E+01 -2.662939E+00
    endloop
  endfacet
  facet normal 4.717040E-01 -4.820381E-02 -8.804383E-01
    outer loop
      vertex 1.119468E+02 1.460986E+01 -2.847759E+00
      vertex 1.122839E+02 1.453292E+01 -2.662939E+00
      vertex 1.118678E+02 1.300000E+01 -2.801938E+00
    endloop
  endfacet
  facet normal 4.503743E-01 -1.435459E-01 -8.812250E-01
    outer loop
      vertex 1.119468E+02 1.460986E+01 -2.847759E+00
      vertex 1.126355E+02 1.563625E+01 -2.662939E+00
      vertex 1.122839E+02 1.453292E+01 -2.662939E+00
    endloop
  endfacet
  facet normal 1.846846E-01 -6.088251E-01 -7.715075E-01
    outer loop
      vertex 1.163637E+02 1.936448E+01 -2.662939E+00
      vertex 1.176561E+02 1.975649E+01 -2.662939E+00
      vertex 1.177152E+02 1.945924E+01 -2.414213E+00
    endloop
  endfacet
  facet normal 9.876278E-02 -2.995937E-02 -9.946600E-01
    outer loop
      vertex 1.115810E+02 1.469334E+01 -2.961571E+00
      vertex 1.111537E+02 1.456072E+01 -3.000000E+00
      vertex 1.116090E+02 1.606147E+01 -3.000000E+00
    endloop
  endfacet
  facet normal 4.734742E-01 -4.231173E-01 -7.725244E-01
    outer loop
      vertex 1.136141E+02 1.729513E+01 -2.662939E+00
      vertex 1.141288E+02 1.787116E+01 -2.662939E+00
      vertex 1.143431E+02 1.765685E+01 -2.414213E+00
    endloop
  endfacet
  facet normal 2.774756E-01 -8.843871E-02 -9.566535E-01
    outer loop
      vertex 1.115810E+02 1.469334E+01 -2.961571E+00
      vertex 1.119694E+02 1.591215E+01 -2.961571E+00
      vertex 1.123161E+02 1.576857E+01 -2.847759E+00
    endloop
  endfacet
  facet normal 4.512817E-01 -8.442865E-01 -2.890069E-01
    outer loop
      vertex 1.155820E+02 1.811540E+01 -1.765367E+00
      vertex 1.166456E+02 1.868393E+01 -1.765367E+00
      vertex 1.166892E+02 1.857878E+01 -1.390181E+00
    endloop
  endfacet
  facet normal 9.371663E-02 -2.986993E-02 -9.951507E-01
    outer loop
      vertex 1.115810E+02 1.469334E+01 -2.961571E+00
      vertex 1.116090E+02 1.606147E+01 -3.000000E+00
      vertex 1.119694E+02 1.591215E+01 -2.961571E+00
    endloop
  endfacet
  facet normal 4.734752E-01 -4.231212E-01 -7.725216E-01
    outer loop
      vertex 1.136141E+02 1.729513E+01 -2.662939E+00
      vertex 1.143431E+02 1.765685E+01 -2.414213E+00
      vertex 1.138510E+02 1.710617E+01 -2.414213E+00
    endloop
  endfacet
  facet normal 2.774773E-01 -8.843990E-02 -9.566529E-01
    outer loop
      vertex 1.115810E+02 1.469334E+01 -2.961571E+00
      vertex 1.123161E+02 1.576857E+01 -2.847759E+00
      vertex 1.119468E+02 1.460986E+01 -2.847759E+00
    endloop
  endfacet
  facet normal 2.907280E-01 -2.995416E-02 -9.563368E-01
    outer loop
      vertex 1.115810E+02 1.469334E+01 -2.961571E+00
      vertex 1.119468E+02 1.460986E+01 -2.847759E+00
      vertex 1.114450E+02 1.300000E+01 -2.949856E+00
    endloop
  endfacet
  facet normal 9.401619E-02 -1.443385E-02 -9.954660E-01
    outer loop
      vertex 1.115810E+02 1.469334E+01 -2.961571E+00
      vertex 1.114450E+02 1.300000E+01 -2.949856E+00
      vertex 1.111537E+02 1.456072E+01 -3.000000E+00
    endloop
  endfacet
  facet normal 4.512804E-01 -8.442901E-01 -2.889986E-01
    outer loop
      vertex 1.155820E+02 1.811540E+01 -1.765367E+00
      vertex 1.166892E+02 1.857878E+01 -1.390181E+00
      vertex 1.156452E+02 1.802077E+01 -1.390181E+00
    endloop
  endfacet
  facet normal 6.541527E-02 -7.319932E-02 -9.951697E-01
    outer loop
      vertex 1.136190E+02 1.838095E+01 -2.961571E+00
      vertex 1.133431E+02 1.865685E+01 -3.000000E+00
      vertex 1.142554E+02 1.894960E+01 -2.961571E+00
    endloop
  endfacet
  facet normal 1.937103E-01 -2.167607E-01 -9.568130E-01
    outer loop
      vertex 1.136190E+02 1.838095E+01 -2.961571E+00
      vertex 1.142554E+02 1.894960E+01 -2.961571E+00
      vertex 1.144893E+02 1.865627E+01 -2.847759E+00
    endloop
  endfacet
  facet normal 1.937100E-01 -2.167597E-01 -9.568133E-01
    outer loop
      vertex 1.136190E+02 1.838095E+01 -2.961571E+00
      vertex 1.144893E+02 1.865627E+01 -2.847759E+00
      vertex 1.138843E+02 1.811566E+01 -2.847759E+00
    endloop
  endfacet
  facet normal 5.872170E-01 -8.034830E-01 -9.793495E-02
    outer loop
      vertex 1.152351E+02 1.772104E+01 -1.390181E+00
      vertex 1.156452E+02 1.802077E+01 -1.390181E+00
      vertex 1.152591E+02 1.769099E+01 -1.000000E+00
    endloop
  endfacet
  facet normal 6.243235E-01 -4.562868E-01 -6.340525E-01
    outer loop
      vertex 1.135241E+02 1.665887E+01 -2.414213E+00
      vertex 1.138510E+02 1.710617E+01 -2.414213E+00
      vertex 1.140455E+02 1.695109E+01 -2.111140E+00
    endloop
  endfacet
  facet normal 1.373539E-01 -4.527941E-01 -8.809718E-01
    outer loop
      vertex 1.162314E+02 1.968393E+01 -2.847759E+00
      vertex 1.175886E+02 2.009562E+01 -2.847759E+00
      vertex 1.176561E+02 1.975649E+01 -2.662939E+00
    endloop
  endfacet
  facet normal 6.243228E-01 -4.562783E-01 -6.340594E-01
    outer loop
      vertex 1.135241E+02 1.665887E+01 -2.414213E+00
      vertex 1.140455E+02 1.695109E+01 -2.111140E+00
      vertex 1.137309E+02 1.652068E+01 -2.111140E+00
    endloop
  endfacet
  facet normal 1.373539E-01 -4.527962E-01 -8.809708E-01
    outer loop
      vertex 1.162314E+02 1.968393E+01 -2.847759E+00
      vertex 1.176561E+02 1.975649E+01 -2.662939E+00
      vertex 1.163637E+02 1.936448E+01 -2.662939E+00
    endloop
  endfacet
  facet normal 9.304048E-01 -3.255640E-01 -1.683895E-01
    outer loop
      vertex 1.134212E+02 1.531081E+01 -1.390181E+00
      vertex 1.135942E+02 1.560330E+01 -1.000000E+00
      vertex 1.131504E+02 1.433513E+01 -1.000000E+00
    endloop
  endfacet
  facet normal 9.083926E-01 -4.064773E-01 -9.797556E-02
    outer loop
      vertex 1.134212E+02 1.531081E+01 -1.390181E+00
      vertex 1.135596E+02 1.561998E+01 -1.390181E+00
      vertex 1.135942E+02 1.560330E+01 -1.000000E+00
    endloop
  endfacet
  facet normal 4.161796E-01 -7.786152E-01 -4.696306E-01
    outer loop
      vertex 1.154793E+02 1.826907E+01 -2.111140E+00
      vertex 1.166456E+02 1.868393E+01 -1.765367E+00
      vertex 1.155820E+02 1.811540E+01 -1.765367E+00
    endloop
  endfacet
  facet normal 4.161793E-01 -7.786180E-01 -4.696263E-01
    outer loop
      vertex 1.154793E+02 1.826907E+01 -2.111140E+00
      vertex 1.165749E+02 1.885468E+01 -2.111140E+00
      vertex 1.166456E+02 1.868393E+01 -1.765367E+00
    endloop
  endfacet
  facet normal 8.311331E-01 -4.746857E-01 -2.896399E-01
    outer loop
      vertex 1.134570E+02 1.566936E+01 -1.765367E+00
      vertex 1.138846E+02 1.641800E+01 -1.765367E+00
      vertex 1.139792E+02 1.635477E+01 -1.390181E+00
    endloop
  endfacet
  facet normal 5.646878E-01 -7.726566E-01 -2.900508E-01
    outer loop
      vertex 1.151641E+02 1.781002E+01 -1.765367E+00
      vertex 1.156452E+02 1.802077E+01 -1.390181E+00
      vertex 1.152351E+02 1.772104E+01 -1.390181E+00
    endloop
  endfacet
  facet normal 8.311333E-01 -4.746923E-01 -2.896283E-01
    outer loop
      vertex 1.134570E+02 1.566936E+01 -1.765367E+00
      vertex 1.139792E+02 1.635477E+01 -1.390181E+00
      vertex 1.135596E+02 1.561998E+01 -1.390181E+00
    endloop
  endfacet
  facet normal 5.646840E-01 -7.726624E-01 -2.900426E-01
    outer loop
      vertex 1.151641E+02 1.781002E+01 -1.765367E+00
      vertex 1.155820E+02 1.811540E+01 -1.765367E+00
      vertex 1.156452E+02 1.802077E+01 -1.390181E+00
    endloop
  endfacet
  facet normal 2.858911E-02 -9.424582E-02 -9.951383E-01
    outer loop
      vertex 1.160879E+02 2.003056E+01 -2.961571E+00
      vertex 1.159385E+02 2.039104E+01 -3.000000E+00
      vertex 1.174393E+02 2.084628E+01 -3.000000E+00
    endloop
  endfacet
  facet normal 8.463825E-02 -2.790149E-01 -9.565495E-01
    outer loop
      vertex 1.160879E+02 2.003056E+01 -2.961571E+00
      vertex 1.175154E+02 2.046360E+01 -2.961571E+00
      vertex 1.175886E+02 2.009562E+01 -2.847759E+00
    endloop
  endfacet
  facet normal 3.519270E-01 -3.145052E-01 -8.816087E-01
    outer loop
      vertex 1.133437E+02 1.751072E+01 -2.847759E+00
      vertex 1.138843E+02 1.811566E+01 -2.847759E+00
      vertex 1.141288E+02 1.787116E+01 -2.662939E+00
    endloop
  endfacet
  facet normal 8.463824E-02 -2.790142E-01 -9.565498E-01
    outer loop
      vertex 1.160879E+02 2.003056E+01 -2.961571E+00
      vertex 1.175886E+02 2.009562E+01 -2.847759E+00
      vertex 1.162314E+02 1.968393E+01 -2.847759E+00
    endloop
  endfacet
  facet normal 2.858921E-02 -9.424599E-02 -9.951383E-01
    outer loop
      vertex 1.160879E+02 2.003056E+01 -2.961571E+00
      vertex 1.174393E+02 2.084628E+01 -3.000000E+00
      vertex 1.175154E+02 2.046360E+01 -2.961571E+00
    endloop
  endfacet
  facet normal 3.519231E-01 -3.144939E-01 -8.816142E-01
    outer loop
      vertex 1.133437E+02 1.751072E+01 -2.847759E+00
      vertex 1.141288E+02 1.787116E+01 -2.662939E+00
      vertex 1.136141E+02 1.729513E+01 -2.662939E+00
    endloop
  endfacet
  facet normal 3.651009E-01 -6.830568E-01 -6.325621E-01
    outer loop
      vertex 1.153411E+02 1.847588E+01 -2.414213E+00
      vertex 1.165749E+02 1.885468E+01 -2.111140E+00
      vertex 1.154793E+02 1.826907E+01 -2.111140E+00
    endloop
  endfacet
  facet normal 5.124586E-01 -3.745303E-01 -7.727311E-01
    outer loop
      vertex 1.132721E+02 1.682725E+01 -2.662939E+00
      vertex 1.138510E+02 1.710617E+01 -2.414213E+00
      vertex 1.135241E+02 1.665887E+01 -2.414213E+00
    endloop
  endfacet
  facet normal 3.651008E-01 -6.830544E-01 -6.325647E-01
    outer loop
      vertex 1.153411E+02 1.847588E+01 -2.414213E+00
      vertex 1.164797E+02 1.908447E+01 -2.414213E+00
      vertex 1.165749E+02 1.885468E+01 -2.111140E+00
    endloop
  endfacet
  facet normal 5.124568E-01 -3.745221E-01 -7.727363E-01
    outer loop
      vertex 1.132721E+02 1.682725E+01 -2.662939E+00
      vertex 1.136141E+02 1.729513E+01 -2.662939E+00
      vertex 1.138510E+02 1.710617E+01 -2.414213E+00
    endloop
  endfacet
  facet normal 6.940106E-01 -6.940106E-01 -1.915690E-01
    outer loop
      vertex 1.147302E+02 1.726982E+01 -1.390181E+00
      vertex 1.152591E+02 1.769099E+01 -1.000000E+00
      vertex 1.143090E+02 1.674094E+01 -1.000000E+00
    endloop
  endfacet
  facet normal 6.631489E-01 -7.420616E-01 -9.786893E-02
    outer loop
      vertex 1.147302E+02 1.726982E+01 -1.390181E+00
      vertex 1.152351E+02 1.772104E+01 -1.390181E+00
      vertex 1.152591E+02 1.769099E+01 -1.000000E+00
    endloop
  endfacet
  facet normal 5.204784E-01 -7.121753E-01 -4.710718E-01
    outer loop
      vertex 1.150489E+02 1.795451E+01 -2.111140E+00
      vertex 1.155820E+02 1.811540E+01 -1.765367E+00
      vertex 1.151641E+02 1.781002E+01 -1.765367E+00
    endloop
  endfacet
  facet normal 8.735086E-01 -3.908678E-01 -2.901811E-01
    outer loop
      vertex 1.133161E+02 1.535436E+01 -1.765367E+00
      vertex 1.135596E+02 1.561998E+01 -1.390181E+00
      vertex 1.134212E+02 1.531081E+01 -1.390181E+00
    endloop
  endfacet
  facet normal 8.735077E-01 -3.908726E-01 -2.901771E-01
    outer loop
      vertex 1.133161E+02 1.535436E+01 -1.765367E+00
      vertex 1.134570E+02 1.566936E+01 -1.765367E+00
      vertex 1.135596E+02 1.561998E+01 -1.390181E+00
    endloop
  endfacet
  facet normal 5.204796E-01 -7.121722E-01 -4.710753E-01
    outer loop
      vertex 1.150489E+02 1.795451E+01 -2.111140E+00
      vertex 1.154793E+02 1.826907E+01 -2.111140E+00
      vertex 1.155820E+02 1.811540E+01 -1.765367E+00
    endloop
  endfacet
  facet normal 7.662379E-01 -4.376249E-01 -4.704934E-01
    outer loop
      vertex 1.132905E+02 1.574955E+01 -2.111140E+00
      vertex 1.137309E+02 1.652068E+01 -2.111140E+00
      vertex 1.138846E+02 1.641800E+01 -1.765367E+00
    endloop
  endfacet
  facet normal 7.662368E-01 -4.376215E-01 -4.704984E-01
    outer loop
      vertex 1.132905E+02 1.574955E+01 -2.111140E+00
      vertex 1.138846E+02 1.641800E+01 -1.765367E+00
      vertex 1.134570E+02 1.566936E+01 -1.765367E+00
    endloop
  endfacet
  facet normal 2.999122E-01 -5.610955E-01 -7.715080E-01
    outer loop
      vertex 1.151728E+02 1.872788E+01 -2.662939E+00
      vertex 1.164797E+02 1.908447E+01 -2.414213E+00
      vertex 1.153411E+02 1.847588E+01 -2.414213E+00
    endloop
  endfacet
  facet normal 8.379851E-02 -6.877176E-02 -9.941068E-01
    outer loop
      vertex 1.130504E+02 1.774465E+01 -2.961571E+00
      vertex 1.123482E+02 1.744456E+01 -3.000000E+00
      vertex 1.133431E+02 1.865685E+01 -3.000000E+00
    endloop
  endfacet
  facet normal 7.319939E-02 -6.541514E-02 -9.951697E-01
    outer loop
      vertex 1.130504E+02 1.774465E+01 -2.961571E+00
      vertex 1.133431E+02 1.865685E+01 -3.000000E+00
      vertex 1.136190E+02 1.838095E+01 -2.961571E+00
    endloop
  endfacet
  facet normal 2.999126E-01 -5.610980E-01 -7.715061E-01
    outer loop
      vertex 1.151728E+02 1.872788E+01 -2.662939E+00
      vertex 1.163637E+02 1.936448E+01 -2.662939E+00
      vertex 1.164797E+02 1.908447E+01 -2.414213E+00
    endloop
  endfacet
  facet normal 6.377414E-01 -7.136264E-01 -2.898678E-01
    outer loop
      vertex 1.146497E+02 1.735029E+01 -1.765367E+00
      vertex 1.151641E+02 1.781002E+01 -1.765367E+00
      vertex 1.152351E+02 1.772104E+01 -1.390181E+00
    endloop
  endfacet
  facet normal 2.167603E-01 -1.937094E-01 -9.568133E-01
    outer loop
      vertex 1.130504E+02 1.774465E+01 -2.961571E+00
      vertex 1.136190E+02 1.838095E+01 -2.961571E+00
      vertex 1.138843E+02 1.811566E+01 -2.847759E+00
    endloop
  endfacet
  facet normal 2.167616E-01 -1.937124E-01 -9.568124E-01
    outer loop
      vertex 1.130504E+02 1.774465E+01 -2.961571E+00
      vertex 1.138843E+02 1.811566E+01 -2.847759E+00
      vertex 1.133437E+02 1.751072E+01 -2.847759E+00
    endloop
  endfacet
  facet normal 3.808472E-01 -2.783369E-01 -8.817506E-01
    outer loop
      vertex 1.129846E+02 1.701935E+01 -2.847759E+00
      vertex 1.136141E+02 1.729513E+01 -2.662939E+00
      vertex 1.132721E+02 1.682725E+01 -2.662939E+00
    endloop
  endfacet
  facet normal 6.377403E-01 -7.136294E-01 -2.898631E-01
    outer loop
      vertex 1.146497E+02 1.735029E+01 -1.765367E+00
      vertex 1.152351E+02 1.772104E+01 -1.390181E+00
      vertex 1.147302E+02 1.726982E+01 -1.390181E+00
    endloop
  endfacet
  facet normal 3.808479E-01 -2.783393E-01 -8.817495E-01
    outer loop
      vertex 1.129846E+02 1.701935E+01 -2.847759E+00
      vertex 1.133437E+02 1.751072E+01 -2.847759E+00
      vertex 1.136141E+02 1.729513E+01 -2.662939E+00
    endloop
  endfacet
  facet normal 4.562790E-01 -6.243264E-01 -6.340553E-01
    outer loop
      vertex 1.148938E+02 1.814898E+01 -2.414213E+00
      vertex 1.154793E+02 1.826907E+01 -2.111140E+00
      vertex 1.150489E+02 1.795451E+01 -2.111140E+00
    endloop
  endfacet
  facet normal 8.050703E-01 -3.602486E-01 -4.712565E-01
    outer loop
      vertex 1.131453E+02 1.542509E+01 -2.111140E+00
      vertex 1.134570E+02 1.566936E+01 -1.765367E+00
      vertex 1.133161E+02 1.535436E+01 -1.765367E+00
    endloop
  endfacet
  facet normal 4.562794E-01 -6.243243E-01 -6.340570E-01
    outer loop
      vertex 1.148938E+02 1.814898E+01 -2.414213E+00
      vertex 1.153411E+02 1.847588E+01 -2.414213E+00
      vertex 1.154793E+02 1.826907E+01 -2.111140E+00
    endloop
  endfacet
  facet normal 7.420646E-01 -6.631463E-01 -9.786253E-02
    outer loop
      vertex 1.142790E+02 1.676490E+01 -1.390181E+00
      vertex 1.147302E+02 1.726982E+01 -1.390181E+00
      vertex 1.143090E+02 1.674094E+01 -1.000000E+00
    endloop
  endfacet
  facet normal 8.050704E-01 -3.602490E-01 -4.712562E-01
    outer loop
      vertex 1.131453E+02 1.542509E+01 -2.111140E+00
      vertex 1.132905E+02 1.574955E+01 -2.111140E+00
      vertex 1.134570E+02 1.566936E+01 -1.765367E+00
    endloop
  endfacet
  facet normal 6.719136E-01 -3.837531E-01 -6.334553E-01
    outer loop
      vertex 1.130664E+02 1.585747E+01 -2.414213E+00
      vertex 1.137309E+02 1.652068E+01 -2.111140E+00
      vertex 1.132905E+02 1.574955E+01 -2.111140E+00
    endloop
  endfacet
  facet normal 2.230503E-01 -4.173006E-01 -8.809704E-01
    outer loop
      vertex 1.149807E+02 1.901538E+01 -2.847759E+00
      vertex 1.162314E+02 1.968393E+01 -2.847759E+00
      vertex 1.163637E+02 1.936448E+01 -2.662939E+00
    endloop
  endfacet
  facet normal 1.119568E-01 -1.102673E-02 -9.936519E-01
    outer loop
      vertex 1.110000E+02 1.300000E+01 -3.000000E+00
      vertex 1.111537E+02 1.456072E+01 -3.000000E+00
      vertex 1.114450E+02 1.300000E+01 -2.949856E+00
    endloop
  endfacet
  facet normal 6.719107E-01 -3.837470E-01 -6.334621E-01
    outer loop
      vertex 1.130664E+02 1.585747E+01 -2.414213E+00
      vertex 1.135241E+02 1.665887E+01 -2.414213E+00
      vertex 1.137309E+02 1.652068E+01 -2.111140E+00
    endloop
  endfacet
  facet normal 2.230498E-01 -4.172975E-01 -8.809720E-01
    outer loop
      vertex 1.149807E+02 1.901538E+01 -2.847759E+00
      vertex 1.163637E+02 1.936448E+01 -2.662939E+00
      vertex 1.151728E+02 1.872788E+01 -2.662939E+00
    endloop
  endfacet
  facet normal 9.870879E-01 -1.152819E-01 -1.112097E-01
    outer loop
      vertex 1.131130E+02 1.434368E+01 -1.390181E+00
      vertex 1.130000E+02 1.300000E+01 -1.000000E+00
      vertex 1.129499E+02 1.300000E+01 -1.445042E+00
    endloop
  endfacet
  facet normal 5.878713E-01 -6.578223E-01 -4.708259E-01
    outer loop
      vertex 1.145190E+02 1.748098E+01 -2.111140E+00
      vertex 1.151641E+02 1.781002E+01 -1.765367E+00
      vertex 1.146497E+02 1.735029E+01 -1.765367E+00
    endloop
  endfacet
  facet normal 9.754897E-02 -9.904385E-01 -9.754922E-02
    outer loop
      vertex 1.178220E+02 1.892240E+01 -1.390181E+00
      vertex 1.190000E+02 1.903843E+01 -1.390181E+00
      vertex 1.190000E+02 1.900000E+01 -1.000000E+00
    endloop
  endfacet
  facet normal 9.383387E-02 -9.527182E-01 -2.890039E-01
    outer loop
      vertex 1.178220E+02 1.892240E+01 -1.390181E+00
      vertex 1.190000E+02 1.915224E+01 -1.765367E+00
      vertex 1.190000E+02 1.903843E+01 -1.390181E+00
    endloop
  endfacet
  facet normal 9.889885E-01 -1.114294E-01 -9.739268E-02
    outer loop
      vertex 1.131130E+02 1.434368E+01 -1.390181E+00
      vertex 1.131504E+02 1.433513E+01 -1.000000E+00
      vertex 1.130000E+02 1.300000E+01 -1.000000E+00
    endloop
  endfacet
  facet normal 1.108771E-01 -9.840574E-01 -1.390586E-01
    outer loop
      vertex 1.178220E+02 1.892240E+01 -1.390181E+00
      vertex 1.190000E+02 1.900000E+01 -1.000000E+00
      vertex 1.176649E+02 1.884957E+01 -1.000000E+00
    endloop
  endfacet
  facet normal 9.482211E-01 -3.022237E-01 -9.766034E-02
    outer loop
      vertex 1.131130E+02 1.434368E+01 -1.390181E+00
      vertex 1.134212E+02 1.531081E+01 -1.390181E+00
      vertex 1.131504E+02 1.433513E+01 -1.000000E+00
    endloop
  endfacet
  facet normal 5.878706E-01 -6.578274E-01 -4.708197E-01
    outer loop
      vertex 1.145190E+02 1.748098E+01 -2.111140E+00
      vertex 1.150489E+02 1.795451E+01 -2.111140E+00
      vertex 1.151641E+02 1.781002E+01 -1.765367E+00
    endloop
  endfacet
  facet normal 3.745228E-01 -5.124550E-01 -7.727371E-01
    outer loop
      vertex 1.147049E+02 1.838593E+01 -2.662939E+00
      vertex 1.151728E+02 1.872788E+01 -2.662939E+00
      vertex 1.153411E+02 1.847588E+01 -2.414213E+00
    endloop
  endfacet
  facet normal 3.745226E-01 -5.124570E-01 -7.727359E-01
    outer loop
      vertex 1.147049E+02 1.838593E+01 -2.662939E+00
      vertex 1.153411E+02 1.847588E+01 -2.414213E+00
      vertex 1.148938E+02 1.814898E+01 -2.414213E+00
    endloop
  endfacet
  facet normal 2.345579E-01 -1.714239E-01 -9.568680E-01
    outer loop
      vertex 1.126727E+02 1.722779E+01 -2.961571E+00
      vertex 1.130504E+02 1.774465E+01 -2.961571E+00
      vertex 1.133437E+02 1.751072E+01 -2.847759E+00
    endloop
  endfacet
  facet normal 2.345583E-01 -1.714248E-01 -9.568678E-01
    outer loop
      vertex 1.126727E+02 1.722779E+01 -2.961571E+00
      vertex 1.133437E+02 1.751072E+01 -2.847759E+00
      vertex 1.129846E+02 1.701935E+01 -2.847759E+00
    endloop
  endfacet
  facet normal 8.653595E-02 -8.786125E-01 -4.696292E-01
    outer loop
      vertex 1.177998E+02 1.903403E+01 -1.765367E+00
      vertex 1.190000E+02 1.933706E+01 -2.111140E+00
      vertex 1.190000E+02 1.915224E+01 -1.765367E+00
    endloop
  endfacet
  facet normal 7.920475E-02 -5.788585E-02 -9.951763E-01
    outer loop
      vertex 1.126727E+02 1.722779E+01 -2.961571E+00
      vertex 1.123482E+02 1.744456E+01 -3.000000E+00
      vertex 1.130504E+02 1.774465E+01 -2.961571E+00
    endloop
  endfacet
  facet normal 7.057051E-01 -3.157855E-01 -6.342396E-01
    outer loop
      vertex 1.129155E+02 1.552027E+01 -2.414213E+00
      vertex 1.132905E+02 1.574955E+01 -2.111140E+00
      vertex 1.131453E+02 1.542509E+01 -2.111140E+00
    endloop
  endfacet
  facet normal 7.136315E-01 -6.377369E-01 -2.898649E-01
    outer loop
      vertex 1.141900E+02 1.683586E+01 -1.765367E+00
      vertex 1.147302E+02 1.726982E+01 -1.390181E+00
      vertex 1.142790E+02 1.676490E+01 -1.390181E+00
    endloop
  endfacet
  facet normal 9.383480E-02 -9.527189E-01 -2.890014E-01
    outer loop
      vertex 1.177998E+02 1.903403E+01 -1.765367E+00
      vertex 1.190000E+02 1.915224E+01 -1.765367E+00
      vertex 1.178220E+02 1.892240E+01 -1.390181E+00
    endloop
  endfacet
  facet normal 7.136310E-01 -6.377384E-01 -2.898627E-01
    outer loop
      vertex 1.141900E+02 1.683586E+01 -1.765367E+00
      vertex 1.146497E+02 1.735029E+01 -1.765367E+00
      vertex 1.147302E+02 1.726982E+01 -1.390181E+00
    endloop
  endfacet
  facet normal 7.057052E-01 -3.157864E-01 -6.342391E-01
    outer loop
      vertex 1.129155E+02 1.552027E+01 -2.414213E+00
      vertex 1.130664E+02 1.585747E+01 -2.414213E+00
      vertex 1.132905E+02 1.574955E+01 -2.111140E+00
    endloop
  endfacet
  facet normal 1.374445E-01 -2.571413E-01 -9.565498E-01
    outer loop
      vertex 1.147722E+02 1.932733E+01 -2.961571E+00
      vertex 1.160879E+02 2.003056E+01 -2.961571E+00
      vertex 1.162314E+02 1.968393E+01 -2.847759E+00
    endloop
  endfacet
  facet normal 7.591544E-02 -7.707796E-01 -6.325629E-01
    outer loop
      vertex 1.177637E+02 1.921530E+01 -2.111140E+00
      vertex 1.190000E+02 1.958579E+01 -2.414213E+00
      vertex 1.190000E+02 1.933706E+01 -2.111140E+00
    endloop
  endfacet
  facet normal 5.516903E-01 -3.150920E-01 -7.722403E-01
    outer loop
      vertex 1.127934E+02 1.598897E+01 -2.662939E+00
      vertex 1.132721E+02 1.682725E+01 -2.662939E+00
      vertex 1.135241E+02 1.665887E+01 -2.414213E+00
    endloop
  endfacet
  facet normal 4.642618E-02 -8.685738E-02 -9.951385E-01
    outer loop
      vertex 1.147722E+02 1.932733E+01 -2.961571E+00
      vertex 1.145554E+02 1.965176E+01 -3.000000E+00
      vertex 1.159385E+02 2.039104E+01 -3.000000E+00
    endloop
  endfacet
  facet normal 8.653612E-02 -8.786127E-01 -4.696288E-01
    outer loop
      vertex 1.177637E+02 1.921530E+01 -2.111140E+00
      vertex 1.190000E+02 1.933706E+01 -2.111140E+00
      vertex 1.177998E+02 1.903403E+01 -1.765367E+00
    endloop
  endfacet
  facet normal 1.374449E-01 -2.571430E-01 -9.565492E-01
    outer loop
      vertex 1.147722E+02 1.932733E+01 -2.961571E+00
      vertex 1.162314E+02 1.968393E+01 -2.847759E+00
      vertex 1.149807E+02 1.901538E+01 -2.847759E+00
    endloop
  endfacet
  facet normal 4.642601E-02 -8.685718E-02 -9.951385E-01
    outer loop
      vertex 1.147722E+02 1.932733E+01 -2.961571E+00
      vertex 1.159385E+02 2.039104E+01 -3.000000E+00
      vertex 1.160879E+02 2.003056E+01 -2.961571E+00
    endloop
  endfacet
  facet normal 6.236139E-02 -6.331599E-01 -7.715048E-01
    outer loop
      vertex 1.177152E+02 1.945924E+01 -2.414213E+00
      vertex 1.190000E+02 1.988886E+01 -2.662939E+00
      vertex 1.190000E+02 1.958579E+01 -2.414213E+00
    endloop
  endfacet
  facet normal 5.516842E-01 -3.150823E-01 -7.722484E-01
    outer loop
      vertex 1.127934E+02 1.598897E+01 -2.662939E+00
      vertex 1.135241E+02 1.665887E+01 -2.414213E+00
      vertex 1.130664E+02 1.585747E+01 -2.414213E+00
    endloop
  endfacet
  facet normal 5.154212E-01 -5.767552E-01 -6.337937E-01
    outer loop
      vertex 1.143431E+02 1.765685E+01 -2.414213E+00
      vertex 1.148938E+02 1.814898E+01 -2.414213E+00
      vertex 1.150489E+02 1.795451E+01 -2.111140E+00
    endloop
  endfacet
  facet normal 7.591595E-02 -7.707804E-01 -6.325618E-01
    outer loop
      vertex 1.177152E+02 1.945924E+01 -2.414213E+00
      vertex 1.190000E+02 1.958579E+01 -2.414213E+00
      vertex 1.177637E+02 1.921530E+01 -2.111140E+00
    endloop
  endfacet
  facet normal 9.378892E-01 -1.125149E-01 -3.281830E-01
    outer loop
      vertex 1.130020E+02 1.436900E+01 -1.765367E+00
      vertex 1.129499E+02 1.300000E+01 -1.445042E+00
      vertex 1.128019E+02 1.300000E+01 -1.867767E+00
    endloop
  endfacet
  facet normal 9.120197E-01 -2.906885E-01 -2.893445E-01
    outer loop
      vertex 1.130020E+02 1.436900E+01 -1.765367E+00
      vertex 1.133161E+02 1.535436E+01 -1.765367E+00
      vertex 1.134212E+02 1.531081E+01 -1.390181E+00
    endloop
  endfacet
  facet normal 5.154212E-01 -5.767565E-01 -6.337924E-01
    outer loop
      vertex 1.143431E+02 1.765685E+01 -2.414213E+00
      vertex 1.150489E+02 1.795451E+01 -2.111140E+00
      vertex 1.145190E+02 1.748098E+01 -2.111140E+00
    endloop
  endfacet
  facet normal 3.255616E-01 -9.304045E-01 -1.683958E-01
    outer loop
      vertex 1.166892E+02 1.857878E+01 -1.390181E+00
      vertex 1.176649E+02 1.884957E+01 -1.000000E+00
      vertex 1.163967E+02 1.840581E+01 -1.000000E+00
    endloop
  endfacet
  facet normal 8.034847E-01 -5.872155E-01 -9.792928E-02
    outer loop
      vertex 1.139792E+02 1.635477E+01 -1.390181E+00
      vertex 1.142790E+02 1.676490E+01 -1.390181E+00
      vertex 1.143090E+02 1.674094E+01 -1.000000E+00
    endloop
  endfacet
  facet normal 9.120184E-01 -2.906850E-01 -2.893519E-01
    outer loop
      vertex 1.130020E+02 1.436900E+01 -1.765367E+00
      vertex 1.134212E+02 1.531081E+01 -1.390181E+00
      vertex 1.131130E+02 1.434368E+01 -1.390181E+00
    endloop
  endfacet
  facet normal 8.319802E-01 -5.227705E-01 -1.857958E-01
    outer loop
      vertex 1.139792E+02 1.635477E+01 -1.390181E+00
      vertex 1.143090E+02 1.674094E+01 -1.000000E+00
      vertex 1.135942E+02 1.560330E+01 -1.000000E+00
    endloop
  endfacet
  facet normal 9.518373E-01 -1.037637E-01 -2.885114E-01
    outer loop
      vertex 1.130020E+02 1.436900E+01 -1.765367E+00
      vertex 1.131130E+02 1.434368E+01 -1.390181E+00
      vertex 1.129499E+02 1.300000E+01 -1.445042E+00
    endloop
  endfacet
  facet normal 2.897334E-01 -9.551197E-01 -6.165154E-02
    outer loop
      vertex 1.166892E+02 1.857878E+01 -1.390181E+00
      vertex 1.178220E+02 1.892240E+01 -1.390181E+00
      vertex 1.176649E+02 1.884957E+01 -1.000000E+00
    endloop
  endfacet
  facet normal 5.791950E-01 -2.591761E-01 -7.728912E-01
    outer loop
      vertex 1.126355E+02 1.563625E+01 -2.662939E+00
      vertex 1.130664E+02 1.585747E+01 -2.414213E+00
      vertex 1.129155E+02 1.552027E+01 -2.414213E+00
    endloop
  endfacet
  facet normal 2.783414E-01 -3.808512E-01 -8.817474E-01
    outer loop
      vertex 1.144893E+02 1.865627E+01 -2.847759E+00
      vertex 1.151728E+02 1.872788E+01 -2.662939E+00
      vertex 1.147049E+02 1.838593E+01 -2.662939E+00
    endloop
  endfacet
  facet normal 5.791945E-01 -2.591738E-01 -7.728924E-01
    outer loop
      vertex 1.126355E+02 1.563625E+01 -2.662939E+00
      vertex 1.127934E+02 1.598897E+01 -2.662939E+00
      vertex 1.130664E+02 1.585747E+01 -2.414213E+00
    endloop
  endfacet
  facet normal 2.783414E-01 -3.808514E-01 -8.817473E-01
    outer loop
      vertex 1.144893E+02 1.865627E+01 -2.847759E+00
      vertex 1.149807E+02 1.901538E+01 -2.847759E+00
      vertex 1.151728E+02 1.872788E+01 -2.662939E+00
    endloop
  endfacet
  facet normal 4.637812E-02 -4.708891E-01 -8.809724E-01
    outer loop
      vertex 1.176561E+02 1.975649E+01 -2.662939E+00
      vertex 1.190000E+02 2.023463E+01 -2.847759E+00
      vertex 1.190000E+02 1.988886E+01 -2.662939E+00
    endloop
  endfacet
  facet normal 6.235997E-02 -6.331571E-01 -7.715072E-01
    outer loop
      vertex 1.176561E+02 1.975649E+01 -2.662939E+00
      vertex 1.190000E+02 1.988886E+01 -2.662939E+00
      vertex 1.177152E+02 1.945924E+01 -2.414213E+00
    endloop
  endfacet
  facet normal 4.101222E-01 -2.342370E-01 -8.814380E-01
    outer loop
      vertex 1.124818E+02 1.613899E+01 -2.847759E+00
      vertex 1.132721E+02 1.682725E+01 -2.662939E+00
      vertex 1.127934E+02 1.598897E+01 -2.662939E+00
    endloop
  endfacet
  facet normal 6.578258E-01 -5.878670E-01 -4.708264E-01
    outer loop
      vertex 1.140455E+02 1.695109E+01 -2.111140E+00
      vertex 1.145190E+02 1.748098E+01 -2.111140E+00
      vertex 1.146497E+02 1.735029E+01 -1.765367E+00
    endloop
  endfacet
  facet normal 4.101182E-01 -2.342314E-01 -8.814412E-01
    outer loop
      vertex 1.124818E+02 1.613899E+01 -2.847759E+00
      vertex 1.129846E+02 1.701935E+01 -2.847759E+00
      vertex 1.132721E+02 1.682725E+01 -2.662939E+00
    endloop
  endfacet
  facet normal 2.778970E-01 -9.161069E-01 -2.890006E-01
    outer loop
      vertex 1.166456E+02 1.868393E+01 -1.765367E+00
      vertex 1.177998E+02 1.903403E+01 -1.765367E+00
      vertex 1.178220E+02 1.892240E+01 -1.390181E+00
    endloop
  endfacet
  facet normal 3.167210E-09 9.801731E-02 -9.951847E-01
    outer loop
      vertex 1.340000E+02 5.390181E+00 -2.961571E+00
      vertex 1.340000E+02 5.000000E+00 -3.000000E+00
      vertex 1.190000E+02 5.000000E+00 -3.000000E+00
    endloop
  endfacet
  facet normal 3.115886E-09 9.801731E-02 -9.951847E-01
    outer loop
      vertex 1.340000E+02 5.390181E+00 -2.961571E+00
      vertex 1.190000E+02 5.000000E+00 -3.000000E+00
      vertex 1.190000E+02 5.390181E+00 -2.961571E+00
    endloop
  endfacet
  facet normal 0.000000E+00 2.902848E-01 -9.569403E-01
    outer loop
      vertex 1.340000E+02 5.765367E+00 -2.847759E+00
      vertex 1.190000E+02 5.390181E+00 -2.961571E+00
      vertex 1.190000E+02 5.765367E+00 -2.847759E+00
    endloop
  endfacet
  facet normal 9.501624E-09 2.902845E-01 -9.569404E-01
    outer loop
      vertex 1.340000E+02 5.765367E+00 -2.847759E+00
      vertex 1.340000E+02 5.390181E+00 -2.961571E+00
      vertex 1.190000E+02 5.390181E+00 -2.961571E+00
    endloop
  endfacet
  facet normal 1.498529E-08 4.713964E-01 -8.819215E-01
    outer loop
      vertex 1.340000E+02 6.111140E+00 -2.662939E+00
      vertex 1.190000E+02 5.765367E+00 -2.847759E+00
      vertex 1.190000E+02 6.111141E+00 -2.662939E+00
    endloop
  endfacet
  facet normal 0.000000E+00 4.713969E-01 -8.819212E-01
    outer loop
      vertex 1.340000E+02 6.111140E+00 -2.662939E+00
      vertex 1.340000E+02 5.765367E+00 -2.847759E+00
      vertex 1.190000E+02 5.765367E+00 -2.847759E+00
    endloop
  endfacet
  facet normal 0.000000E+00 6.343935E-01 -7.730103E-01
    outer loop
      vertex 1.340000E+02 6.414214E+00 -2.414214E+00
      vertex 1.190000E+02 6.111141E+00 -2.662939E+00
      vertex 1.190000E+02 6.414214E+00 -2.414214E+00
    endloop
  endfacet
  facet normal 2.027013E-08 6.343929E-01 -7.730108E-01
    outer loop
      vertex 1.340000E+02 6.414214E+00 -2.414214E+00
      vertex 1.340000E+02 6.111140E+00 -2.662939E+00
      vertex 1.190000E+02 6.111141E+00 -2.662939E+00
    endloop
  endfacet
  facet normal 9.904346E-01 -9.756823E-02 -9.756823E-02
    outer loop
      vertex 1.359616E+02 2.100000E+01 -1.390181E+00
      vertex 1.360000E+02 2.100000E+01 -1.000000E+00
      vertex 1.359616E+02 2.060982E+01 -1.000000E+00
    endloop
  endfacet
  facet normal 7.682048E-01 -1.114391E-01 -6.304305E-01
    outer loop
      vertex 1.354142E+02 2.100000E+01 -2.414214E+00
      vertex 1.356629E+02 2.100000E+01 -2.111140E+00
      vertex 1.353788E+02 2.055496E+01 -2.378756E+00
    endloop
  endfacet
  facet normal 2.889701E-01 -9.525987E-01 9.514271E-02
    outer loop
      vertex 1.346127E+02 1.909789E+01 -1.080670E+00
      vertex 1.347654E+02 1.915224E+01 -1.000000E+00
      vertex 1.343902E+02 1.903843E+01 -1.000000E+00
    endloop
  endfacet
  facet normal 1.771053E-01 -9.839822E-01 2.031687E-02
    outer loop
      vertex 1.345710E+02 1.909789E+01 -1.236511E+00
      vertex 1.340000E+02 1.900000E+01 -1.000000E+00
      vertex 1.343147E+02 1.905014E+01 -1.314692E+00
    endloop
  endfacet
  facet normal 9.654477E-02 -9.802448E-01 -1.726249E-01
    outer loop
      vertex 1.345710E+02 1.909789E+01 -1.236511E+00
      vertex 1.343902E+02 1.903843E+01 -1.000000E+00
      vertex 1.340000E+02 1.900000E+01 -1.000000E+00
    endloop
  endfacet
  facet normal 3.812299E-01 -9.188179E-01 -1.021641E-01
    outer loop
      vertex 1.345710E+02 1.909789E+01 -1.236511E+00
      vertex 1.347654E+02 1.915224E+01 -1.000000E+00
      vertex 1.346127E+02 1.909789E+01 -1.080670E+00
    endloop
  endfacet
  facet normal 2.361101E-01 -9.696641E-01 -6.327408E-02
    outer loop
      vertex 1.345710E+02 1.909789E+01 -1.236511E+00
      vertex 1.346127E+02 1.909789E+01 -1.080670E+00
      vertex 1.343902E+02 1.903843E+01 -1.000000E+00
    endloop
  endfacet
  facet normal 1.418704E-01 -9.362423E-01 -3.214391E-01
    outer loop
      vertex 1.344903E+02 1.909789E+01 -1.376235E+00
      vertex 1.343147E+02 1.905014E+01 -1.314692E+00
      vertex 1.346136E+02 1.919806E+01 -1.613604E+00
    endloop
  endfacet
  facet normal 3.516871E-01 -9.138381E-01 -2.030173E-01
    outer loop
      vertex 1.344903E+02 1.909789E+01 -1.376235E+00
      vertex 1.346136E+02 1.919806E+01 -1.613604E+00
      vertex 1.345710E+02 1.909789E+01 -1.236511E+00
    endloop
  endfacet
  facet normal 2.187702E-01 -9.675695E-01 -1.262888E-01
    outer loop
      vertex 1.344903E+02 1.909789E+01 -1.376235E+00
      vertex 1.345710E+02 1.909789E+01 -1.236511E+00
      vertex 1.343147E+02 1.905014E+01 -1.314692E+00
    endloop
  endfacet
  facet normal 4.693915E-01 -8.781828E-01 -9.201434E-02
    outer loop
      vertex 1.351355E+02 1.938197E+01 -1.304260E+00
      vertex 1.351111E+02 1.933706E+01 -1.000000E+00
      vertex 1.347654E+02 1.915224E+01 -1.000000E+00
    endloop
  endfacet
  facet normal 6.331311E-01 -7.714642E-01 -6.315010E-02
    outer loop
      vertex 1.351355E+02 1.938197E+01 -1.304260E+00
      vertex 1.354142E+02 1.958579E+01 -1.000000E+00
      vertex 1.351111E+02 1.933706E+01 -1.000000E+00
    endloop
  endfacet
  facet normal 4.301761E-01 -8.903758E-01 -1.489279E-01
    outer loop
      vertex 1.351355E+02 1.938197E+01 -1.304260E+00
      vertex 1.347654E+02 1.915224E+01 -1.000000E+00
      vertex 1.345710E+02 1.909789E+01 -1.236511E+00
    endloop
  endfacet
  facet normal 4.066506E-01 -8.459210E-01 -3.450403E-01
    outer loop
      vertex 1.350181E+02 1.938197E+01 -1.587785E+00
      vertex 1.346136E+02 1.919806E+01 -1.613604E+00
      vertex 1.348817E+02 1.943634E+01 -1.881748E+00
    endloop
  endfacet
  facet normal 5.886639E-01 -7.009694E-01 -4.026370E-01
    outer loop
      vertex 1.350181E+02 1.938197E+01 -1.587785E+00
      vertex 1.348817E+02 1.943634E+01 -1.881748E+00
      vertex 1.351057E+02 1.975302E+01 -2.105677E+00
    endloop
  endfacet
  facet normal 4.255100E-01 -8.876220E-01 -1.762624E-01
    outer loop
      vertex 1.350181E+02 1.938197E+01 -1.587785E+00
      vertex 1.351355E+02 1.938197E+01 -1.304260E+00
      vertex 1.345710E+02 1.909789E+01 -1.236511E+00
    endloop
  endfacet
  facet normal 4.164137E-01 -8.892759E-01 -1.891771E-01
    outer loop
      vertex 1.350181E+02 1.938197E+01 -1.587785E+00
      vertex 1.345710E+02 1.909789E+01 -1.236511E+00
      vertex 1.346136E+02 1.919806E+01 -1.613604E+00
    endloop
  endfacet
  facet normal 7.728401E-01 -6.342370E-01 -2.148475E-02
    outer loop
      vertex 1.356042E+02 1.982443E+01 -1.211196E+00
      vertex 1.356629E+02 1.988886E+01 -1.000000E+00
      vertex 1.354142E+02 1.958579E+01 -1.000000E+00
    endloop
  endfacet
  facet normal 8.774032E-01 -4.690067E-01 -1.009774E-01
    outer loop
      vertex 1.356042E+02 1.982443E+01 -1.211196E+00
      vertex 1.358478E+02 2.023463E+01 -1.000000E+00
      vertex 1.356629E+02 1.988886E+01 -1.000000E+00
    endloop
  endfacet
  facet normal 6.990491E-01 -6.930630E-01 -1.760511E-01
    outer loop
      vertex 1.354949E+02 1.982443E+01 -1.619195E+00
      vertex 1.354142E+02 1.958579E+01 -1.000000E+00
      vertex 1.351355E+02 1.938197E+01 -1.304260E+00
    endloop
  endfacet
  facet normal 6.837104E-01 -7.063877E-01 -1.831845E-01
    outer loop
      vertex 1.354949E+02 1.982443E+01 -1.619195E+00
      vertex 1.356042E+02 1.982443E+01 -1.211196E+00
      vertex 1.354142E+02 1.958579E+01 -1.000000E+00
    endloop
  endfacet
  facet normal 6.458879E-01 -7.150141E-01 -2.675512E-01
    outer loop
      vertex 1.354949E+02 1.982443E+01 -1.619195E+00
      vertex 1.351355E+02 1.938197E+01 -1.304260E+00
      vertex 1.350181E+02 1.938197E+01 -1.587785E+00
    endloop
  endfacet
  facet normal 6.109387E-01 -5.319543E-01 -5.863264E-01
    outer loop
      vertex 1.352837E+02 1.982443E+01 -1.984997E+00
      vertex 1.351057E+02 1.975302E+01 -2.105677E+00
      vertex 1.352742E+02 2.013223E+01 -2.274162E+00
    endloop
  endfacet
  facet normal 6.220170E-01 -6.957910E-01 -3.591235E-01
    outer loop
      vertex 1.352837E+02 1.982443E+01 -1.984997E+00
      vertex 1.354949E+02 1.982443E+01 -1.619195E+00
      vertex 1.350181E+02 1.938197E+01 -1.587785E+00
    endloop
  endfacet
  facet normal 7.918130E-01 -4.050192E-01 -4.571558E-01
    outer loop
      vertex 1.352837E+02 1.982443E+01 -1.984997E+00
      vertex 1.352742E+02 2.013223E+01 -2.274162E+00
      vertex 1.354949E+02 1.982443E+01 -1.619195E+00
    endloop
  endfacet
  facet normal 5.666592E-01 -7.121682E-01 -4.143834E-01
    outer loop
      vertex 1.352837E+02 1.982443E+01 -1.984997E+00
      vertex 1.350181E+02 1.938197E+01 -1.587785E+00
      vertex 1.351057E+02 1.975302E+01 -2.105677E+00
    endloop
  endfacet
  facet normal 9.471181E-01 -1.429673E-01 -2.872761E-01
    outer loop
      vertex 1.358373E+02 2.038197E+01 -1.492303E+00
      vertex 1.358478E+02 2.100000E+01 -1.765367E+00
      vertex 1.359616E+02 2.100000E+01 -1.390181E+00
    endloop
  endfacet
  facet normal 9.514956E-01 -2.886035E-01 -1.066023E-01
    outer loop
      vertex 1.358373E+02 2.038197E+01 -1.492303E+00
      vertex 1.359616E+02 2.060982E+01 -1.000000E+00
      vertex 1.358478E+02 2.023463E+01 -1.000000E+00
    endloop
  endfacet
  facet normal 8.519341E-01 -4.712828E-01 -2.282562E-01
    outer loop
      vertex 1.358373E+02 2.038197E+01 -1.492303E+00
      vertex 1.356042E+02 1.982443E+01 -1.211196E+00
      vertex 1.354949E+02 1.982443E+01 -1.619195E+00
    endloop
  endfacet
  facet normal 8.822384E-01 -4.455563E-01 -1.521015E-01
    outer loop
      vertex 1.358373E+02 2.038197E+01 -1.492303E+00
      vertex 1.358478E+02 2.023463E+01 -1.000000E+00
      vertex 1.356042E+02 1.982443E+01 -1.211196E+00
    endloop
  endfacet
  facet normal 9.714915E-01 -1.676369E-01 -1.676369E-01
    outer loop
      vertex 1.358373E+02 2.038197E+01 -1.492303E+00
      vertex 1.359616E+02 2.100000E+01 -1.390181E+00
      vertex 1.359616E+02 2.060982E+01 -1.000000E+00
    endloop
  endfacet
  facet normal 7.343174E-01 -3.286326E-01 -5.939516E-01
    outer loop
      vertex 1.356473E+02 2.038197E+01 -1.951056E+00
      vertex 1.352742E+02 2.013223E+01 -2.274162E+00
      vertex 1.353788E+02 2.055496E+01 -2.378756E+00
    endloop
  endfacet
  facet normal 8.728518E-01 -1.429629E-01 -4.665740E-01
    outer loop
      vertex 1.356473E+02 2.038197E+01 -1.951056E+00
      vertex 1.356629E+02 2.100000E+01 -2.111140E+00
      vertex 1.358478E+02 2.100000E+01 -1.765367E+00
    endloop
  endfacet
  facet normal 7.351145E-01 -4.836935E-01 -4.750234E-01
    outer loop
      vertex 1.356473E+02 2.038197E+01 -1.951056E+00
      vertex 1.354949E+02 1.982443E+01 -1.619195E+00
      vertex 1.352742E+02 2.013223E+01 -2.274162E+00
    endloop
  endfacet
  facet normal 9.085119E-01 -1.816508E-01 -3.763098E-01
    outer loop
      vertex 1.356473E+02 2.038197E+01 -1.951056E+00
      vertex 1.358478E+02 2.100000E+01 -1.765367E+00
      vertex 1.358373E+02 2.038197E+01 -1.492303E+00
    endloop
  endfacet
  facet normal 8.026775E-01 -1.685213E-01 -5.721098E-01
    outer loop
      vertex 1.356473E+02 2.038197E+01 -1.951056E+00
      vertex 1.353788E+02 2.055496E+01 -2.378756E+00
      vertex 1.356629E+02 2.100000E+01 -2.111140E+00
    endloop
  endfacet
  facet normal 8.327953E-01 -4.329702E-01 -3.449476E-01
    outer loop
      vertex 1.356473E+02 2.038197E+01 -1.951056E+00
      vertex 1.358373E+02 2.038197E+01 -1.492303E+00
      vertex 1.354949E+02 1.982443E+01 -1.619195E+00
    endloop
  endfacet
  facet normal 9.951829E-01 9.803598E-02 0.000000E+00
    outer loop
      vertex 1.359616E+02 5.390181E+00 -6.601068E-16
      vertex 1.360000E+02 5.000000E+00 -6.123234E-16
      vertex 1.360000E+02 5.000000E+00 -1.000000E+00
    endloop
  endfacet
  facet normal 9.951829E-01 9.803598E-02 0.000000E+00
    outer loop
      vertex 1.359616E+02 5.390181E+00 -6.601068E-16
      vertex 1.360000E+02 5.000000E+00 -1.000000E+00
      vertex 1.359616E+02 5.390181E+00 -1.000000E+00
    endloop
  endfacet
  facet normal 9.569485E-01 2.902578E-01 0.000000E+00
    outer loop
      vertex 1.358478E+02 5.765367E+00 -7.060538E-16
      vertex 1.359616E+02 5.390181E+00 -1.000000E+00
      vertex 1.358478E+02 5.765367E+00 -1.000000E+00
    endloop
  endfacet
  facet normal 9.569485E-01 2.902578E-01 0.000000E+00
    outer loop
      vertex 1.358478E+02 5.765367E+00 -7.060538E-16
      vertex 1.359616E+02 5.390181E+00 -6.601068E-16
      vertex 1.359616E+02 5.390181E+00 -1.000000E+00
    endloop
  endfacet
  facet normal 8.819106E-01 4.714167E-01 0.000000E+00
    outer loop
      vertex 1.356629E+02 6.111140E+00 -7.483989E-16
      vertex 1.358478E+02 5.765367E+00 -1.000000E+00
      vertex 1.356629E+02 6.111140E+00 -1.000000E+00
    endloop
  endfacet
  facet normal 8.819106E-01 4.714167E-01 0.000000E+00
    outer loop
      vertex 1.356629E+02 6.111140E+00 -7.483989E-16
      vertex 1.358478E+02 5.765367E+00 -7.060538E-16
      vertex 1.358478E+02 5.765367E+00 -1.000000E+00
    endloop
  endfacet
  facet normal 7.730200E-01 6.343816E-01 0.000000E+00
    outer loop
      vertex 1.354142E+02 6.414214E+00 -7.855146E-16
      vertex 1.356629E+02 6.111140E+00 -1.000000E+00
      vertex 1.354142E+02 6.414214E+00 -1.000000E+00
    endloop
  endfacet
  facet normal 7.730200E-01 6.343816E-01 0.000000E+00
    outer loop
      vertex 1.354142E+02 6.414214E+00 -7.855146E-16
      vertex 1.356629E+02 6.111140E+00 -7.483989E-16
      vertex 1.356629E+02 6.111140E+00 -1.000000E+00
    endloop
  endfacet
  facet normal 9.754936E-02 9.754983E-02 -9.904383E-01
    outer loop
      vertex 1.343902E+02 5.000000E+00 -2.961571E+00
      vertex 1.340000E+02 5.000000E+00 -3.000000E+00
      vertex 1.340000E+02 5.390181E+00 -2.961571E+00
    endloop
  endfacet
  facet normal 6.304457E-01 1.114381E-01 -7.681926E-01
    outer loop
      vertex 1.354142E+02 5.000000E+00 -2.414214E+00
      vertex 1.351111E+02 5.000000E+00 -2.662939E+00
      vertex 1.353788E+02 5.445042E+00 -2.378756E+00
    endloop
  endfacet
  facet normal -9.513646E-02 9.525999E-01 -2.889679E-01
    outer loop
      vertex 1.340807E+02 6.902113E+00 -1.612747E+00
      vertex 1.340000E+02 6.847759E+00 -1.765367E+00
      vertex 1.340000E+02 6.961571E+00 -1.390181E+00
    endloop
  endfacet
  facet normal -2.030875E-02 9.839832E-01 -1.771006E-01
    outer loop
      vertex 1.342365E+02 6.902113E+00 -1.570989E+00
      vertex 1.340000E+02 7.000000E+00 -1.000000E+00
      vertex 1.343147E+02 6.949856E+00 -1.314692E+00
    endloop
  endfacet
  facet normal 1.726219E-01 9.802452E-01 -9.654529E-02
    outer loop
      vertex 1.342365E+02 6.902113E+00 -1.570989E+00
      vertex 1.340000E+02 6.961571E+00 -1.390181E+00
      vertex 1.340000E+02 7.000000E+00 -1.000000E+00
    endloop
  endfacet
  facet normal 1.021507E-01 9.188226E-01 -3.812222E-01
    outer loop
      vertex 1.342365E+02 6.902113E+00 -1.570989E+00
      vertex 1.340000E+02 6.847759E+00 -1.765367E+00
      vertex 1.340807E+02 6.902113E+00 -1.612747E+00
    endloop
  endfacet
  facet normal 6.326713E-02 9.696645E-01 -2.361103E-01
    outer loop
      vertex 1.342365E+02 6.902113E+00 -1.570989E+00
      vertex 1.340807E+02 6.902113E+00 -1.612747E+00
      vertex 1.340000E+02 6.961571E+00 -1.390181E+00
    endloop
  endfacet
  facet normal 3.214301E-01 9.362434E-01 -1.418831E-01
    outer loop
      vertex 1.343762E+02 6.902113E+00 -1.490319E+00
      vertex 1.343147E+02 6.949856E+00 -1.314692E+00
      vertex 1.346136E+02 6.801938E+00 -1.613604E+00
    endloop
  endfacet
  facet normal 2.030262E-01 9.138487E-01 -3.516543E-01
    outer loop
      vertex 1.343762E+02 6.902113E+00 -1.490319E+00
      vertex 1.346136E+02 6.801938E+00 -1.613604E+00
      vertex 1.342365E+02 6.902113E+00 -1.570989E+00
    endloop
  endfacet
  facet normal 1.263053E-01 9.675676E-01 -2.187688E-01
    outer loop
      vertex 1.343762E+02 6.902113E+00 -1.490319E+00
      vertex 1.342365E+02 6.902113E+00 -1.570989E+00
      vertex 1.343147E+02 6.949856E+00 -1.314692E+00
    endloop
  endfacet
  facet normal 9.200662E-02 8.781801E-01 -4.693979E-01
    outer loop
      vertex 1.343043E+02 6.618034E+00 -2.135514E+00
      vertex 1.340000E+02 6.662939E+00 -2.111140E+00
      vertex 1.340000E+02 6.847759E+00 -1.765367E+00
    endloop
  endfacet
  facet normal 6.314131E-02 7.714683E-01 -6.331270E-01
    outer loop
      vertex 1.343043E+02 6.618034E+00 -2.135514E+00
      vertex 1.340000E+02 6.414214E+00 -2.414214E+00
      vertex 1.340000E+02 6.662939E+00 -2.111140E+00
    endloop
  endfacet
  facet normal 1.489246E-01 8.903745E-01 -4.301798E-01
    outer loop
      vertex 1.343043E+02 6.618034E+00 -2.135514E+00
      vertex 1.340000E+02 6.847759E+00 -1.765367E+00
      vertex 1.342365E+02 6.902113E+00 -1.570989E+00
    endloop
  endfacet
  facet normal 3.450465E-01 8.459204E-01 -4.066466E-01
    outer loop
      vertex 1.345878E+02 6.618034E+00 -2.018074E+00
      vertex 1.346136E+02 6.801938E+00 -1.613604E+00
      vertex 1.348817E+02 6.563663E+00 -1.881748E+00
    endloop
  endfacet
  facet normal 4.026456E-01 7.009693E-01 -5.886583E-01
    outer loop
      vertex 1.345878E+02 6.618034E+00 -2.018074E+00
      vertex 1.348817E+02 6.563663E+00 -1.881748E+00
      vertex 1.351057E+02 6.246980E+00 -2.105677E+00
    endloop
  endfacet
  facet normal 1.762549E-01 8.876214E-01 -4.255144E-01
    outer loop
      vertex 1.345878E+02 6.618034E+00 -2.018074E+00
      vertex 1.343043E+02 6.618034E+00 -2.135514E+00
      vertex 1.342365E+02 6.902113E+00 -1.570989E+00
    endloop
  endfacet
  facet normal 1.891804E-01 8.892766E-01 -4.164106E-01
    outer loop
      vertex 1.345878E+02 6.618034E+00 -2.018074E+00
      vertex 1.342365E+02 6.902113E+00 -1.570989E+00
      vertex 1.346136E+02 6.801938E+00 -1.613604E+00
    endloop
  endfacet
  facet normal 2.148482E-02 6.342465E-01 -7.728323E-01
    outer loop
      vertex 1.342112E+02 6.175570E+00 -2.604192E+00
      vertex 1.340000E+02 6.111140E+00 -2.662939E+00
      vertex 1.340000E+02 6.414214E+00 -2.414214E+00
    endloop
  endfacet
  facet normal 1.009915E-01 4.689867E-01 -8.774121E-01
    outer loop
      vertex 1.342112E+02 6.175570E+00 -2.604192E+00
      vertex 1.340000E+02 5.765367E+00 -2.847759E+00
      vertex 1.340000E+02 6.111140E+00 -2.662939E+00
    endloop
  endfacet
  facet normal 1.760527E-01 6.930600E-01 -6.990517E-01
    outer loop
      vertex 1.346192E+02 6.175570E+00 -2.494869E+00
      vertex 1.340000E+02 6.414214E+00 -2.414214E+00
      vertex 1.343043E+02 6.618034E+00 -2.135514E+00
    endloop
  endfacet
  facet normal 1.831935E-01 7.063985E-01 -6.836969E-01
    outer loop
      vertex 1.346192E+02 6.175570E+00 -2.494869E+00
      vertex 1.342112E+02 6.175570E+00 -2.604192E+00
      vertex 1.340000E+02 6.414214E+00 -2.414214E+00
    endloop
  endfacet
  facet normal 2.675408E-01 7.150097E-01 -6.458969E-01
    outer loop
      vertex 1.346192E+02 6.175570E+00 -2.494869E+00
      vertex 1.343043E+02 6.618034E+00 -2.135514E+00
      vertex 1.345878E+02 6.618034E+00 -2.018074E+00
    endloop
  endfacet
  facet normal 5.863246E-01 5.319532E-01 -6.109413E-01
    outer loop
      vertex 1.349850E+02 6.175570E+00 -2.283673E+00
      vertex 1.351057E+02 6.246980E+00 -2.105677E+00
      vertex 1.352742E+02 5.867767E+00 -2.274162E+00
    endloop
  endfacet
  facet normal 3.591274E-01 6.957850E-01 -6.220214E-01
    outer loop
      vertex 1.349850E+02 6.175570E+00 -2.283673E+00
      vertex 1.346192E+02 6.175570E+00 -2.494869E+00
      vertex 1.345878E+02 6.618034E+00 -2.018074E+00
    endloop
  endfacet
  facet normal 4.571575E-01 4.050171E-01 -7.918131E-01
    outer loop
      vertex 1.349850E+02 6.175570E+00 -2.283673E+00
      vertex 1.352742E+02 5.867767E+00 -2.274162E+00
      vertex 1.346192E+02 6.175570E+00 -2.494869E+00
    endloop
  endfacet
  facet normal 4.143860E-01 7.121632E-01 -5.666638E-01
    outer loop
      vertex 1.349850E+02 6.175570E+00 -2.283673E+00
      vertex 1.345878E+02 6.618034E+00 -2.018074E+00
      vertex 1.351057E+02 6.246980E+00 -2.105677E+00
    endloop
  endfacet
  facet normal 2.873050E-01 1.429633E-01 -9.471100E-01
    outer loop
      vertex 1.344923E+02 5.618034E+00 -2.837300E+00
      vertex 1.347654E+02 5.000000E+00 -2.847759E+00
      vertex 1.343902E+02 5.000000E+00 -2.961571E+00
    endloop
  endfacet
  facet normal 1.065924E-01 2.886307E-01 -9.514886E-01
    outer loop
      vertex 1.344923E+02 5.618034E+00 -2.837300E+00
      vertex 1.340000E+02 5.390181E+00 -2.961571E+00
      vertex 1.340000E+02 5.765367E+00 -2.847759E+00
    endloop
  endfacet
  facet normal 2.282699E-01 4.712892E-01 -8.519269E-01
    outer loop
      vertex 1.344923E+02 5.618034E+00 -2.837300E+00
      vertex 1.342112E+02 6.175570E+00 -2.604192E+00
      vertex 1.346192E+02 6.175570E+00 -2.494869E+00
    endloop
  endfacet
  facet normal 1.520827E-01 4.455511E-01 -8.822443E-01
    outer loop
      vertex 1.344923E+02 5.618034E+00 -2.837300E+00
      vertex 1.340000E+02 5.765367E+00 -2.847759E+00
      vertex 1.342112E+02 6.175570E+00 -2.604192E+00
    endloop
  endfacet
  facet normal 1.676390E-01 1.676398E-01 -9.714906E-01
    outer loop
      vertex 1.344923E+02 5.618034E+00 -2.837300E+00
      vertex 1.343902E+02 5.000000E+00 -2.961571E+00
      vertex 1.340000E+02 5.390181E+00 -2.961571E+00
    endloop
  endfacet
  facet normal 5.939454E-01 3.286355E-01 -7.343211E-01
    outer loop
      vertex 1.349510E+02 5.618034E+00 -2.647278E+00
      vertex 1.352742E+02 5.867767E+00 -2.274162E+00
      vertex 1.353788E+02 5.445042E+00 -2.378756E+00
    endloop
  endfacet
  facet normal 4.665475E-01 1.429727E-01 -8.728644E-01
    outer loop
      vertex 1.349510E+02 5.618034E+00 -2.647278E+00
      vertex 1.351111E+02 5.000000E+00 -2.662939E+00
      vertex 1.347654E+02 5.000000E+00 -2.847759E+00
    endloop
  endfacet
  facet normal 4.750246E-01 4.836901E-01 -7.351160E-01
    outer loop
      vertex 1.349510E+02 5.618034E+00 -2.647278E+00
      vertex 1.346192E+02 6.175570E+00 -2.494869E+00
      vertex 1.352742E+02 5.867767E+00 -2.274162E+00
    endloop
  endfacet
  facet normal 3.763265E-01 1.816409E-01 -9.085070E-01
    outer loop
      vertex 1.349510E+02 5.618034E+00 -2.647278E+00
      vertex 1.347654E+02 5.000000E+00 -2.847759E+00
      vertex 1.344923E+02 5.618034E+00 -2.837300E+00
    endloop
  endfacet
  facet normal 5.721062E-01 1.685380E-01 -8.026764E-01
    outer loop
      vertex 1.349510E+02 5.618034E+00 -2.647278E+00
      vertex 1.353788E+02 5.445042E+00 -2.378756E+00
      vertex 1.351111E+02 5.000000E+00 -2.662939E+00
    endloop
  endfacet
  facet normal 3.449613E-01 4.329754E-01 -8.327869E-01
    outer loop
      vertex 1.349510E+02 5.618034E+00 -2.647278E+00
      vertex 1.344923E+02 5.618034E+00 -2.837300E+00
      vertex 1.346192E+02 6.175570E+00 -2.494869E+00
    endloop
  endfacet
  facet normal 1.000000E+00 0.000000E+00 0.000000E+00
    outer loop
      vertex 1.360000E+02 2.100000E+01 -1.000000E+00
      vertex 1.360000E+02 5.100000E+01 -1.000000E+00
      vertex 1.360000E+02 5.100000E+01 -6.245699E-15
    endloop
  endfacet
  facet normal 1.000000E+00 0.000000E+00 0.000000E+00
    outer loop
      vertex 1.360000E+02 2.100000E+01 -1.000000E+00
      vertex 1.360000E+02 5.100000E+01 -6.245699E-15
      vertex 1.360000E+02 2.100000E+01 -2.571758E-15
    endloop
  endfacet
  facet normal 9.989611E-01 0.000000E+00 -4.557120E-02
    outer loop
      vertex 1.359917E+02 5.099171E+01 -1.181960E+00
      vertex 1.360000E+02 5.100000E+01 -1.000000E+00
      vertex 1.360000E+02 2.100000E+01 -1.000000E+00
    endloop
  endfacet
  facet normal 9.951828E-01 -3.193508E-04 -9.803597E-02
    outer loop
      vertex 1.359917E+02 5.099171E+01 -1.181960E+00
      vertex 1.360000E+02 2.100000E+01 -1.000000E+00
      vertex 1.359616E+02 2.100000E+01 -1.390181E+00
    endloop
  endfacet
  facet normal 9.906807E-01 -4.983501E-05 -1.362050E-01
    outer loop
      vertex 1.359669E+02 5.096689E+01 -1.362411E+00
      vertex 1.359917E+02 5.099171E+01 -1.181960E+00
      vertex 1.359616E+02 2.100000E+01 -1.390181E+00
    endloop
  endfacet
  facet normal 9.569484E-01 -1.833560E-04 -2.902578E-01
    outer loop
      vertex 1.358725E+02 5.087255E+01 -1.702540E+00
      vertex 1.359616E+02 2.100000E+01 -1.390181E+00
      vertex 1.358478E+02 2.100000E+01 -1.765367E+00
    endloop
  endfacet
  facet normal 9.636109E-01 7.646384E-05 -2.673087E-01
    outer loop
      vertex 1.358725E+02 5.087255E+01 -1.702540E+00
      vertex 1.359669E+02 5.096689E+01 -1.362411E+00
      vertex 1.359616E+02 2.100000E+01 -1.390181E+00
    endloop
  endfacet
  facet normal 8.819107E-01 -2.074329E-04 -4.714163E-01
    outer loop
      vertex 1.357053E+02 5.070528E+01 -2.044997E+00
      vertex 1.358478E+02 2.100000E+01 -1.765367E+00
      vertex 1.356629E+02 2.100000E+01 -2.111140E+00
    endloop
  endfacet
  facet normal 8.985124E-01 1.778407E-04 -4.389479E-01
    outer loop
      vertex 1.357053E+02 5.070528E+01 -2.044997E+00
      vertex 1.358725E+02 5.087255E+01 -1.702540E+00
      vertex 1.358478E+02 2.100000E+01 -1.765367E+00
    endloop
  endfacet
  facet normal 7.730197E-01 0.000000E+00 -6.343819E-01
    outer loop
      vertex 1.354142E+02 5.041422E+01 -2.414214E+00
      vertex 1.356629E+02 2.100000E+01 -2.111140E+00
      vertex 1.354142E+02 2.100000E+01 -2.414214E+00
    endloop
  endfacet
  facet normal 7.852230E-01 2.594816E-04 -6.192130E-01
    outer loop
      vertex 1.354142E+02 5.041422E+01 -2.414214E+00
      vertex 1.357053E+02 5.070528E+01 -2.044997E+00
      vertex 1.356629E+02 2.100000E+01 -2.111140E+00
    endloop
  endfacet
  facet normal -0.000000E+00 0.000000E+00 -1.000000E+00
    outer loop
      vertex 1.145554E+02 1.965176E+01 -3.000000E+00
      vertex 1.133431E+02 1.865685E+01 -3.000000E+00
      vertex 1.340000E+02 4.900000E+01 -3.000000E+00
    endloop
  endfacet
  facet normal 0.000000E+00 0.000000E+00 -1.000000E+00
    outer loop
      vertex 1.116090E+02 1.606147E+01 -3.000000E+00
      vertex 4.656750E+01 -1.244208E+01 -3.000000E+00
      vertex 4.592705E+01 -1.214683E+01 -3.000000E+00
    endloop
  endfacet
  facet normal -0.000000E+00 0.000000E+00 -1.000000E+00
    outer loop
      vertex 4.271878E+01 -1.305166E+01 -3.000000E+00
      vertex -8.000000E+00 -2.300000E+01 -3.000000E+00
      vertex -8.000000E+00 4.900000E+01 -3.000000E+00
    endloop
  endfacet
  facet normal -0.000000E+00 0.000000E+00 -1.000000E+00
    outer loop
      vertex 4.323664E+01 -1.257295E+01 -3.000000E+00
      vertex 4.271878E+01 -1.305166E+01 -3.000000E+00
      vertex -8.000000E+00 4.900000E+01 -3.000000E+00
    endloop
  endfacet
  facet normal -0.000000E+00 0.000000E+00 -1.000000E+00
    outer loop
      vertex 1.116090E+02 1.606147E+01 -3.000000E+00
      vertex 4.592705E+01 -1.214683E+01 -3.000000E+00
      vertex 1.123482E+02 1.744456E+01 -3.000000E+00
    endloop
  endfacet
  facet normal -0.000000E+00 0.000000E+00 -1.000000E+00
    outer loop
      vertex 4.232698E+01 -1.363803E+01 -3.000000E+00
      vertex -8.000000E+00 -2.300000E+01 -3.000000E+00
      vertex 4.271878E+01 -1.305166E+01 -3.000000E+00
    endloop
  endfacet
  facet normal -0.000000E+00 0.000000E+00 -1.000000E+00
    outer loop
      vertex 1.159385E+02 2.039104E+01 -3.000000E+00
      vertex 1.145554E+02 1.965176E+01 -3.000000E+00
      vertex 1.340000E+02 4.900000E+01 -3.000000E+00
    endloop
  endfacet
  facet normal 0.000000E+00 0.000000E+00 -1.000000E+00
    outer loop
      vertex 1.111537E+02 1.456072E+01 -3.000000E+00
      vertex 4.712132E+01 -1.287868E+01 -3.000000E+00
      vertex 4.656750E+01 -1.244208E+01 -3.000000E+00
    endloop
  endfacet
  facet normal -0.000000E+00 0.000000E+00 -1.000000E+00
    outer loop
      vertex 4.385195E+01 -1.222836E+01 -3.000000E+00
      vertex 4.323664E+01 -1.257295E+01 -3.000000E+00
      vertex -8.000000E+00 4.900000E+01 -3.000000E+00
    endloop
  endfacet
  facet normal -0.000000E+00 0.000000E+00 -1.000000E+00
    outer loop
      vertex 1.111537E+02 1.456072E+01 -3.000000E+00
      vertex 4.656750E+01 -1.244208E+01 -3.000000E+00
      vertex 1.116090E+02 1.606147E+01 -3.000000E+00
    endloop
  endfacet
  facet normal -0.000000E+00 0.000000E+00 -1.000000E+00
    outer loop
      vertex 4.208289E+01 -1.429966E+01 -3.000000E+00
      vertex -8.000000E+00 -2.300000E+01 -3.000000E+00
      vertex 4.232698E+01 -1.363803E+01 -3.000000E+00
    endloop
  endfacet
  facet normal -0.000000E+00 0.000000E+00 -1.000000E+00
    outer loop
      vertex 4.453070E+01 -1.203693E+01 -3.000000E+00
      vertex 4.385195E+01 -1.222836E+01 -3.000000E+00
      vertex -8.000000E+00 4.900000E+01 -3.000000E+00
    endloop
  endfacet
  facet normal -0.000000E+00 0.000000E+00 -1.000000E+00
    outer loop
      vertex 1.174393E+02 2.084628E+01 -3.000000E+00
      vertex 1.159385E+02 2.039104E+01 -3.000000E+00
      vertex 1.340000E+02 4.900000E+01 -3.000000E+00
    endloop
  endfacet
  facet normal -0.000000E+00 0.000000E+00 -1.000000E+00
    outer loop
      vertex 4.200000E+01 -1.500000E+01 -3.000000E+00
      vertex -8.000000E+00 -2.300000E+01 -3.000000E+00
      vertex 4.208289E+01 -1.429966E+01 -3.000000E+00
    endloop
  endfacet
  facet normal 0.000000E+00 0.000000E+00 -1.000000E+00
    outer loop
      vertex 1.110000E+02 1.300000E+01 -3.000000E+00
      vertex 4.749441E+01 -1.333329E+01 -3.000000E+00
      vertex 4.712132E+01 -1.287868E+01 -3.000000E+00
    endloop
  endfacet
  facet normal -0.000000E+00 0.000000E+00 -1.000000E+00
    outer loop
      vertex 4.523538E+01 -1.200925E+01 -3.000000E+00
      vertex 4.453070E+01 -1.203693E+01 -3.000000E+00
      vertex -8.000000E+00 4.900000E+01 -3.000000E+00
    endloop
  endfacet
  facet normal -0.000000E+00 0.000000E+00 -1.000000E+00
    outer loop
      vertex 4.208717E+01 -1.571795E+01 -3.000000E+00
      vertex -8.000000E+00 -2.300000E+01 -3.000000E+00
      vertex 4.200000E+01 -1.500000E+01 -3.000000E+00
    endloop
  endfacet
  facet normal -0.000000E+00 0.000000E+00 -1.000000E+00
    outer loop
      vertex 1.110000E+02 1.300000E+01 -3.000000E+00
      vertex 4.712132E+01 -1.287868E+01 -3.000000E+00
      vertex 1.111537E+02 1.456072E+01 -3.000000E+00
    endloop
  endfacet
  facet normal -0.000000E+00 0.000000E+00 -1.000000E+00
    outer loop
      vertex 1.190000E+02 2.100000E+01 -3.000000E+00
      vertex 1.174393E+02 2.084628E+01 -3.000000E+00
      vertex 1.340000E+02 4.900000E+01 -3.000000E+00
    endloop
  endfacet
  facet normal -0.000000E+00 0.000000E+00 -1.000000E+00
    outer loop
      vertex 1.111537E+02 1.143928E+01 -3.000000E+00
      vertex 4.749441E+01 -1.333329E+01 -3.000000E+00
      vertex 1.110000E+02 1.300000E+01 -3.000000E+00
    endloop
  endfacet
  facet normal -0.000000E+00 0.000000E+00 -1.000000E+00
    outer loop
      vertex 4.234363E+01 -1.639417E+01 -3.000000E+00
      vertex -8.000000E+00 -2.300000E+01 -3.000000E+00
      vertex 4.208717E+01 -1.571795E+01 -3.000000E+00
    endloop
  endfacet
  facet normal 0.000000E+00 0.000000E+00 -1.000000E+00
    outer loop
      vertex 1.111537E+02 1.143928E+01 -3.000000E+00
      vertex 4.777164E+01 -1.385195E+01 -3.000000E+00
      vertex 4.749441E+01 -1.333329E+01 -3.000000E+00
    endloop
  endfacet
  facet normal -0.000000E+00 0.000000E+00 -1.000000E+00
    outer loop
      vertex 4.275447E+01 -1.698937E+01 -3.000000E+00
      vertex -8.000000E+00 -2.300000E+01 -3.000000E+00
      vertex 4.234363E+01 -1.639417E+01 -3.000000E+00
    endloop
  endfacet
  facet normal 0.000000E+00 0.000000E+00 -1.000000E+00
    outer loop
      vertex 1.116090E+02 9.938533E+00 -3.000000E+00
      vertex 4.794236E+01 -1.441473E+01 -3.000000E+00
      vertex 4.777164E+01 -1.385195E+01 -3.000000E+00
    endloop
  endfacet
  facet normal -0.000000E+00 0.000000E+00 -1.000000E+00
    outer loop
      vertex 1.116090E+02 9.938533E+00 -3.000000E+00
      vertex 4.777164E+01 -1.385195E+01 -3.000000E+00
      vertex 1.111537E+02 1.143928E+01 -3.000000E+00
    endloop
  endfacet
  facet normal -0.000000E+00 0.000000E+00 -1.000000E+00
    outer loop
      vertex 1.123482E+02 8.555438E+00 -3.000000E+00
      vertex 4.794236E+01 -1.441473E+01 -3.000000E+00
      vertex 1.116090E+02 9.938533E+00 -3.000000E+00
    endloop
  endfacet
  facet normal 0.000000E+00 0.000000E+00 -1.000000E+00
    outer loop
      vertex 1.123482E+02 8.555438E+00 -3.000000E+00
      vertex 4.800000E+01 -1.500000E+01 -3.000000E+00
      vertex 4.794236E+01 -1.441473E+01 -3.000000E+00
    endloop
  endfacet
  facet normal -0.000000E+00 0.000000E+00 -1.000000E+00
    outer loop
      vertex 4.329581E+01 -1.746895E+01 -3.000000E+00
      vertex -8.000000E+00 -2.300000E+01 -3.000000E+00
      vertex 4.275447E+01 -1.698937E+01 -3.000000E+00
    endloop
  endfacet
  facet normal 0.000000E+00 0.000000E+00 -1.000000E+00
    outer loop
      vertex 1.133431E+02 7.343145E+00 -3.000000E+00
      vertex 4.791283E+01 -1.571795E+01 -3.000000E+00
      vertex 4.800000E+01 -1.500000E+01 -3.000000E+00
    endloop
  endfacet
  facet normal -0.000000E+00 0.000000E+00 -1.000000E+00
    outer loop
      vertex 1.133431E+02 7.343145E+00 -3.000000E+00
      vertex 4.800000E+01 -1.500000E+01 -3.000000E+00
      vertex 1.123482E+02 8.555438E+00 -3.000000E+00
    endloop
  endfacet
  facet normal -0.000000E+00 0.000000E+00 -1.000000E+00
    outer loop
      vertex 1.145554E+02 6.348243E+00 -3.000000E+00
      vertex 4.791283E+01 -1.571795E+01 -3.000000E+00
      vertex 1.133431E+02 7.343145E+00 -3.000000E+00
    endloop
  endfacet
  facet normal -0.000000E+00 0.000000E+00 -1.000000E+00
    outer loop
      vertex 4.393618E+01 -1.780505E+01 -3.000000E+00
      vertex -8.000000E+00 -2.300000E+01 -3.000000E+00
      vertex 4.329581E+01 -1.746895E+01 -3.000000E+00
    endloop
  endfacet
  facet normal -0.000000E+00 0.000000E+00 -1.000000E+00
    outer loop
      vertex 4.463839E+01 -1.797813E+01 -3.000000E+00
      vertex -8.000000E+00 -2.300000E+01 -3.000000E+00
      vertex 4.393618E+01 -1.780505E+01 -3.000000E+00
    endloop
  endfacet
  facet normal 0.000000E+00 0.000000E+00 -1.000000E+00
    outer loop
      vertex 1.340000E+02 2.100000E+01 -3.000000E+00
      vertex 1.190000E+02 2.100000E+01 -3.000000E+00
      vertex 1.340000E+02 4.900000E+01 -3.000000E+00
    endloop
  endfacet
  facet normal 0.000000E+00 0.000000E+00 -1.000000E+00
    outer loop
      vertex 1.340000E+02 -2.300000E+01 -3.000000E+00
      vertex 4.670419E+01 -1.746895E+01 -3.000000E+00
      vertex 4.724553E+01 -1.698937E+01 -3.000000E+00
    endloop
  endfacet
  facet normal 0.000000E+00 0.000000E+00 -1.000000E+00
    outer loop
      vertex 1.340000E+02 -2.300000E+01 -3.000000E+00
      vertex 4.724553E+01 -1.698937E+01 -3.000000E+00
      vertex 4.765637E+01 -1.639417E+01 -3.000000E+00
    endloop
  endfacet
  facet normal 0.000000E+00 0.000000E+00 -1.000000E+00
    outer loop
      vertex 1.340000E+02 -2.300000E+01 -3.000000E+00
      vertex 4.765637E+01 -1.639417E+01 -3.000000E+00
      vertex 4.791283E+01 -1.571795E+01 -3.000000E+00
    endloop
  endfacet
  facet normal 0.000000E+00 0.000000E+00 -1.000000E+00
    outer loop
      vertex 1.340000E+02 -2.300000E+01 -3.000000E+00
      vertex 4.791283E+01 -1.571795E+01 -3.000000E+00
      vertex 1.145554E+02 6.348243E+00 -3.000000E+00
    endloop
  endfacet
  facet normal 0.000000E+00 0.000000E+00 -1.000000E+00
    outer loop
      vertex 1.340000E+02 -2.300000E+01 -3.000000E+00
      vertex 1.174393E+02 5.153718E+00 -3.000000E+00
      vertex 1.190000E+02 5.000000E+00 -3.000000E+00
    endloop
  endfacet
  facet normal 0.000000E+00 0.000000E+00 -1.000000E+00
    outer loop
      vertex 1.340000E+02 -2.300000E+01 -3.000000E+00
      vertex 1.159385E+02 5.608963E+00 -3.000000E+00
      vertex 1.174393E+02 5.153718E+00 -3.000000E+00
    endloop
  endfacet
  facet normal 0.000000E+00 0.000000E+00 -1.000000E+00
    outer loop
      vertex 1.340000E+02 -2.300000E+01 -3.000000E+00
      vertex 1.145554E+02 6.348243E+00 -3.000000E+00
      vertex 1.159385E+02 5.608963E+00 -3.000000E+00
    endloop
  endfacet
  facet normal 0.000000E+00 0.000000E+00 -1.000000E+00
    outer loop
      vertex 1.340000E+02 -2.300000E+01 -3.000000E+00
      vertex 1.190000E+02 5.000000E+00 -3.000000E+00
      vertex 1.340000E+02 5.000000E+00 -3.000000E+00
    endloop
  endfacet
  facet normal 0.000000E+00 0.000000E+00 -1.000000E+00
    outer loop
      vertex 1.340000E+02 -2.300000E+01 -3.000000E+00
      vertex -8.000000E+00 -2.300000E+01 -3.000000E+00
      vertex 4.463839E+01 -1.797813E+01 -3.000000E+00
    endloop
  endfacet
  facet normal 0.000000E+00 0.000000E+00 -1.000000E+00
    outer loop
      vertex 1.340000E+02 -2.300000E+01 -3.000000E+00
      vertex 4.463839E+01 -1.797813E+01 -3.000000E+00
      vertex 4.536161E+01 -1.797813E+01 -3.000000E+00
    endloop
  endfacet
  facet normal 0.000000E+00 0.000000E+00 -1.000000E+00
    outer loop
      vertex 1.340000E+02 -2.300000E+01 -3.000000E+00
      vertex 4.536161E+01 -1.797813E+01 -3.000000E+00
      vertex 4.606382E+01 -1.780505E+01 -3.000000E+00
    endloop
  endfacet
  facet normal 0.000000E+00 0.000000E+00 -1.000000E+00
    outer loop
      vertex 1.340000E+02 -2.300000E+01 -3.000000E+00
      vertex 4.606382E+01 -1.780505E+01 -3.000000E+00
      vertex 4.670419E+01 -1.746895E+01 -3.000000E+00
    endloop
  endfacet
  facet normal 0.000000E+00 0.000000E+00 -1.000000E+00
    outer loop
      vertex 1.133431E+02 1.865685E+01 -3.000000E+00
      vertex -8.000000E+00 4.900000E+01 -3.000000E+00
      vertex 1.340000E+02 4.900000E+01 -3.000000E+00
    endloop
  endfacet
  facet normal 0.000000E+00 0.000000E+00 -1.000000E+00
    outer loop
      vertex 1.123482E+02 1.744456E+01 -3.000000E+00
      vertex 4.592705E+01 -1.214683E+01 -3.000000E+00
      vertex 4.523538E+01 -1.200925E+01 -3.000000E+00
    endloop
  endfacet
  facet normal 0.000000E+00 0.000000E+00 -1.000000E+00
    outer loop
      vertex 1.123482E+02 1.744456E+01 -3.000000E+00
      vertex -8.000000E+00 4.900000E+01 -3.000000E+00
      vertex 1.133431E+02 1.865685E+01 -3.000000E+00
    endloop
  endfacet
  facet normal -0.000000E+00 0.000000E+00 -1.000000E+00
    outer loop
      vertex 1.123482E+02 1.744456E+01 -3.000000E+00
      vertex 4.523538E+01 -1.200925E+01 -3.000000E+00
      vertex -8.000000E+00 4.900000E+01 -3.000000E+00
    endloop
  endfacet
  facet normal 9.989611E-01 0.000000E+00 -4.557120E-02
    outer loop
      vertex 1.360000E+02 5.000000E+00 -1.000000E+00
      vertex 1.360000E+02 -2.500000E+01 -1.000000E+00
      vertex 1.359917E+02 -2.499170E+01 -1.181960E+00
    endloop
  endfacet
  facet normal 9.636109E-01 -7.646386E-05 -2.673087E-01
    outer loop
      vertex 1.359616E+02 5.000000E+00 -1.390181E+00
      vertex 1.359669E+02 -2.496689E+01 -1.362411E+00
      vertex 1.358725E+02 -2.487255E+01 -1.702540E+00
    endloop
  endfacet
  facet normal 9.906807E-01 4.983501E-05 -1.362050E-01
    outer loop
      vertex 1.359616E+02 5.000000E+00 -1.390181E+00
      vertex 1.359917E+02 -2.499170E+01 -1.181960E+00
      vertex 1.359669E+02 -2.496689E+01 -1.362411E+00
    endloop
  endfacet
  facet normal 9.951828E-01 3.193509E-04 -9.803597E-02
    outer loop
      vertex 1.359616E+02 5.000000E+00 -1.390181E+00
      vertex 1.360000E+02 5.000000E+00 -1.000000E+00
      vertex 1.359917E+02 -2.499170E+01 -1.181960E+00
    endloop
  endfacet
  facet normal 8.985124E-01 -1.778406E-04 -4.389480E-01
    outer loop
      vertex 1.358478E+02 5.000000E+00 -1.765367E+00
      vertex 1.358725E+02 -2.487255E+01 -1.702540E+00
      vertex 1.357053E+02 -2.470528E+01 -2.044997E+00
    endloop
  endfacet
  facet normal 9.569485E-01 1.833561E-04 -2.902579E-01
    outer loop
      vertex 1.358478E+02 5.000000E+00 -1.765367E+00
      vertex 1.359616E+02 5.000000E+00 -1.390181E+00
      vertex 1.358725E+02 -2.487255E+01 -1.702540E+00
    endloop
  endfacet
  facet normal 7.852230E-01 -2.594815E-04 -6.192130E-01
    outer loop
      vertex 1.356629E+02 5.000000E+00 -2.111140E+00
      vertex 1.357053E+02 -2.470528E+01 -2.044997E+00
      vertex 1.354142E+02 -2.441421E+01 -2.414214E+00
    endloop
  endfacet
  facet normal 8.819107E-01 2.074328E-04 -4.714163E-01
    outer loop
      vertex 1.356629E+02 5.000000E+00 -2.111140E+00
      vertex 1.358478E+02 5.000000E+00 -1.765367E+00
      vertex 1.357053E+02 -2.470528E+01 -2.044997E+00
    endloop
  endfacet
  facet normal 7.730198E-01 0.000000E+00 -6.343819E-01
    outer loop
      vertex 1.354142E+02 5.000000E+00 -2.414214E+00
      vertex 1.356629E+02 5.000000E+00 -2.111140E+00
      vertex 1.354142E+02 -2.441421E+01 -2.414214E+00
    endloop
  endfacet
  facet normal 1.000000E+00 0.000000E+00 0.000000E+00
    outer loop
      vertex 1.360000E+02 -2.500000E+01 -1.000000E+00
      vertex 1.360000E+02 5.000000E+00 -1.000000E+00
      vertex 1.360000E+02 5.000000E+00 -6.123234E-16
    endloop
  endfacet
  facet normal 1.000000E+00 0.000000E+00 0.000000E+00
    outer loop
      vertex 1.360000E+02 -2.500000E+01 -1.000000E+00
      vertex 1.360000E+02 5.000000E+00 -6.123234E-16
      vertex 1.360000E+02 -2.500000E+01 3.061617E-15
    endloop
  endfacet
  facet normal 8.660254E-01 0.000000E+00 -4.999999E-01
    outer loop
      vertex 1.381643E+01 -1.780000E+01 5.550000E+00
      vertex 1.263286E+01 -1.980000E+01 3.500000E+00
      vertex 1.263286E+01 -1.780000E+01 3.500000E+00
    endloop
  endfacet
  facet normal 8.660254E-01 0.000000E+00 -4.999999E-01
    outer loop
      vertex 1.381643E+01 -1.980000E+01 5.550000E+00
      vertex 1.263286E+01 -1.980000E+01 3.500000E+00
      vertex 1.381643E+01 -1.780000E+01 5.550000E+00
    endloop
  endfacet
  facet normal -0.000000E+00 0.000000E+00 -1.000000E+00
    outer loop
      vertex 1.618357E+01 -1.780000E+01 5.550000E+00
      vertex 1.381643E+01 -1.980000E+01 5.550000E+00
      vertex 1.381643E+01 -1.780000E+01 5.550000E+00
    endloop
  endfacet
  facet normal 0.000000E+00 0.000000E+00 -1.000000E+00
    outer loop
      vertex 1.618357E+01 -1.980000E+01 5.550000E+00
      vertex 1.381643E+01 -1.980000E+01 5.550000E+00
      vertex 1.618357E+01 -1.780000E+01 5.550000E+00
    endloop
  endfacet
  facet normal -8.660256E-01 0.000000E+00 -4.999996E-01
    outer loop
      vertex 1.736714E+01 -1.780000E+01 3.500000E+00
      vertex 1.618357E+01 -1.980000E+01 5.550000E+00
      vertex 1.618357E+01 -1.780000E+01 5.550000E+00
    endloop
  endfacet
  facet normal -8.660256E-01 0.000000E+00 -4.999996E-01
    outer loop
      vertex 1.736714E+01 -1.980000E+01 3.500000E+00
      vertex 1.618357E+01 -1.980000E+01 5.550000E+00
      vertex 1.736714E+01 -1.780000E+01 3.500000E+00
    endloop
  endfacet
  facet normal -8.660256E-01 0.000000E+00 4.999997E-01
    outer loop
      vertex 1.618357E+01 -1.780000E+01 1.450000E+00
      vertex 1.736714E+01 -1.980000E+01 3.500000E+00
      vertex 1.736714E+01 -1.780000E+01 3.500000E+00
    endloop
  endfacet
  facet normal -8.660256E-01 0.000000E+00 4.999997E-01
    outer loop
      vertex 1.618357E+01 -1.980000E+01 1.450000E+00
      vertex 1.736714E+01 -1.980000E+01 3.500000E+00
      vertex 1.618357E+01 -1.780000E+01 1.450000E+00
    endloop
  endfacet
  facet normal -0.000000E+00 0.000000E+00 1.000000E+00
    outer loop
      vertex 1.381643E+01 -1.780000E+01 1.450000E+00
      vertex 1.618357E+01 -1.980000E+01 1.450000E+00
      vertex 1.618357E+01 -1.780000E+01 1.450000E+00
    endloop
  endfacet
  facet normal 0.000000E+00 0.000000E+00 1.000000E+00
    outer loop
      vertex 1.381643E+01 -1.980000E+01 1.450000E+00
      vertex 1.618357E+01 -1.980000E+01 1.450000E+00
      vertex 1.381643E+01 -1.780000E+01 1.450000E+00
    endloop
  endfacet
  facet normal 8.660254E-01 0.000000E+00 5.000000E-01
    outer loop
      vertex 1.263286E+01 -1.780000E+01 3.500000E+00
      vertex 1.381643E+01 -1.980000E+01 1.450000E+00
      vertex 1.381643E+01 -1.780000E+01 1.450000E+00
    endloop
  endfacet
  facet normal 8.660254E-01 -0.000000E+00 5.000000E-01
    outer loop
      vertex 1.263286E+01 -1.980000E+01 3.500000E+00
      vertex 1.381643E+01 -1.980000E+01 1.450000E+00
      vertex 1.263286E+01 -1.780000E+01 3.500000E+00
    endloop
  endfacet
  facet normal 0.000000E+00 1.000000E+00 0.000000E+00
    outer loop
      vertex 1.263286E+01 -1.980000E+01 3.500000E+00
      vertex 1.383342E+01 -1.980000E+01 3.218753E+00
      vertex 1.393183E+01 -1.980000E+01 2.953174E+00
    endloop
  endfacet
  facet normal -0.000000E+00 1.000000E+00 0.000000E+00
    outer loop
      vertex 1.263286E+01 -1.980000E+01 3.500000E+00
      vertex 1.380000E+01 -1.980000E+01 3.500000E+00
      vertex 1.383342E+01 -1.980000E+01 3.218753E+00
    endloop
  endfacet
  facet normal 0.000000E+00 1.000000E+00 0.000000E+00
    outer loop
      vertex 1.263286E+01 -1.980000E+01 3.500000E+00
      vertex 1.383487E+01 -1.980000E+01 3.787179E+00
      vertex 1.380000E+01 -1.980000E+01 3.500000E+00
    endloop
  endfacet
  facet normal 0.000000E+00 1.000000E+00 0.000000E+00
    outer loop
      vertex 1.263286E+01 -1.980000E+01 3.500000E+00
      vertex 1.393745E+01 -1.980000E+01 4.057668E+00
      vertex 1.383487E+01 -1.980000E+01 3.787179E+00
    endloop
  endfacet
  facet normal -0.000000E+00 1.000000E+00 0.000000E+00
    outer loop
      vertex 1.598532E+01 -1.980000E+01 2.815057E+00
      vertex 1.736714E+01 -1.980000E+01 3.500000E+00
      vertex 1.618357E+01 -1.980000E+01 1.450000E+00
    endloop
  endfacet
  facet normal 0.000000E+00 1.000000E+00 0.000000E+00
    outer loop
      vertex 1.263286E+01 -1.980000E+01 3.500000E+00
      vertex 1.393183E+01 -1.980000E+01 2.953174E+00
      vertex 1.381643E+01 -1.980000E+01 1.450000E+00
    endloop
  endfacet
  facet normal 0.000000E+00 1.000000E+00 0.000000E+00
    outer loop
      vertex 1.598532E+01 -1.980000E+01 2.815057E+00
      vertex 1.618357E+01 -1.980000E+01 1.450000E+00
      vertex 1.582744E+01 -1.980000E+01 2.630896E+00
    endloop
  endfacet
  facet normal 0.000000E+00 1.000000E+00 0.000000E+00
    outer loop
      vertex 1.381643E+01 -1.980000E+01 5.550000E+00
      vertex 1.410179E+01 -1.980000E+01 4.295747E+00
      vertex 1.393745E+01 -1.980000E+01 4.057668E+00
    endloop
  endfacet
  facet normal 0.000000E+00 1.000000E+00 0.000000E+00
    outer loop
      vertex 1.381643E+01 -1.980000E+01 5.550000E+00
      vertex 1.431832E+01 -1.980000E+01 4.487581E+00
      vertex 1.410179E+01 -1.980000E+01 4.295747E+00
    endloop
  endfacet
  facet normal 0.000000E+00 1.000000E+00 0.000000E+00
    outer loop
      vertex 1.381643E+01 -1.980000E+01 5.550000E+00
      vertex 1.457447E+01 -1.980000E+01 4.622019E+00
      vertex 1.431832E+01 -1.980000E+01 4.487581E+00
    endloop
  endfacet
  facet normal -0.000000E+00 1.000000E+00 0.000000E+00
    outer loop
      vertex 1.563575E+01 -1.980000E+01 2.482249E+00
      vertex 1.582744E+01 -1.980000E+01 2.630896E+00
      vertex 1.618357E+01 -1.980000E+01 1.450000E+00
    endloop
  endfacet
  facet normal 0.000000E+00 1.000000E+00 0.000000E+00
    outer loop
      vertex 1.381643E+01 -1.980000E+01 5.550000E+00
      vertex 1.485536E+01 -1.980000E+01 4.691251E+00
      vertex 1.457447E+01 -1.980000E+01 4.622019E+00
    endloop
  endfacet
  facet normal 0.000000E+00 1.000000E+00 0.000000E+00
    outer loop
      vertex 1.381643E+01 -1.980000E+01 5.550000E+00
      vertex 1.514464E+01 -1.980000E+01 4.691251E+00
      vertex 1.485536E+01 -1.980000E+01 4.691251E+00
    endloop
  endfacet
  facet normal 0.000000E+00 1.000000E+00 0.000000E+00
    outer loop
      vertex 1.381643E+01 -1.980000E+01 5.550000E+00
      vertex 1.393745E+01 -1.980000E+01 4.057668E+00
      vertex 1.263286E+01 -1.980000E+01 3.500000E+00
    endloop
  endfacet
  facet normal -0.000000E+00 1.000000E+00 0.000000E+00
    outer loop
      vertex 1.381643E+01 -1.980000E+01 5.550000E+00
      vertex 1.618357E+01 -1.980000E+01 5.550000E+00
      vertex 1.514464E+01 -1.980000E+01 4.691251E+00
    endloop
  endfacet
  facet normal -0.000000E+00 1.000000E+00 0.000000E+00
    outer loop
      vertex 1.610293E+01 -1.980000E+01 3.027205E+00
      vertex 1.736714E+01 -1.980000E+01 3.500000E+00
      vertex 1.598532E+01 -1.980000E+01 2.815057E+00
    endloop
  endfacet
  facet normal -0.000000E+00 1.000000E+00 0.000000E+00
    outer loop
      vertex 1.537951E+01 -1.980000E+01 2.361593E+00
      vertex 1.563575E+01 -1.980000E+01 2.482249E+00
      vertex 1.618357E+01 -1.980000E+01 1.450000E+00
    endloop
  endfacet
  facet normal -0.000000E+00 1.000000E+00 0.000000E+00
    outer loop
      vertex 1.617548E+01 -1.980000E+01 3.258672E+00
      vertex 1.736714E+01 -1.980000E+01 3.500000E+00
      vertex 1.610293E+01 -1.980000E+01 3.027205E+00
    endloop
  endfacet
  facet normal -0.000000E+00 1.000000E+00 0.000000E+00
    outer loop
      vertex 1.510213E+01 -1.980000E+01 2.304354E+00
      vertex 1.537951E+01 -1.980000E+01 2.361593E+00
      vertex 1.618357E+01 -1.980000E+01 1.450000E+00
    endloop
  endfacet
  facet normal -0.000000E+00 1.000000E+00 0.000000E+00
    outer loop
      vertex 1.620000E+01 -1.980000E+01 3.500000E+00
      vertex 1.736714E+01 -1.980000E+01 3.500000E+00
      vertex 1.617548E+01 -1.980000E+01 3.258672E+00
    endloop
  endfacet
  facet normal 0.000000E+00 1.000000E+00 0.000000E+00
    outer loop
      vertex 1.616513E+01 -1.980000E+01 3.787179E+00
      vertex 1.736714E+01 -1.980000E+01 3.500000E+00
      vertex 1.620000E+01 -1.980000E+01 3.500000E+00
    endloop
  endfacet
  facet normal 0.000000E+00 1.000000E+00 0.000000E+00
    outer loop
      vertex 1.381643E+01 -1.980000E+01 1.450000E+00
      vertex 1.481906E+01 -1.980000E+01 2.313720E+00
      vertex 1.510213E+01 -1.980000E+01 2.304354E+00
    endloop
  endfacet
  facet normal 0.000000E+00 1.000000E+00 0.000000E+00
    outer loop
      vertex 1.381643E+01 -1.980000E+01 1.450000E+00
      vertex 1.510213E+01 -1.980000E+01 2.304354E+00
      vertex 1.618357E+01 -1.980000E+01 1.450000E+00
    endloop
  endfacet
  facet normal 0.000000E+00 1.000000E+00 0.000000E+00
    outer loop
      vertex 1.454607E+01 -1.980000E+01 2.389168E+00
      vertex 1.481906E+01 -1.980000E+01 2.313720E+00
      vertex 1.381643E+01 -1.980000E+01 1.450000E+00
    endloop
  endfacet
  facet normal 0.000000E+00 1.000000E+00 0.000000E+00
    outer loop
      vertex 1.606255E+01 -1.980000E+01 4.057668E+00
      vertex 1.736714E+01 -1.980000E+01 3.500000E+00
      vertex 1.616513E+01 -1.980000E+01 3.787179E+00
    endloop
  endfacet
  facet normal 0.000000E+00 1.000000E+00 0.000000E+00
    outer loop
      vertex 1.429836E+01 -1.980000E+01 2.526497E+00
      vertex 1.454607E+01 -1.980000E+01 2.389168E+00
      vertex 1.381643E+01 -1.980000E+01 1.450000E+00
    endloop
  endfacet
  facet normal 0.000000E+00 1.000000E+00 0.000000E+00
    outer loop
      vertex 1.408975E+01 -1.980000E+01 2.718056E+00
      vertex 1.429836E+01 -1.980000E+01 2.526497E+00
      vertex 1.381643E+01 -1.980000E+01 1.450000E+00
    endloop
  endfacet
  facet normal 0.000000E+00 1.000000E+00 0.000000E+00
    outer loop
      vertex 1.393183E+01 -1.980000E+01 2.953174E+00
      vertex 1.408975E+01 -1.980000E+01 2.718056E+00
      vertex 1.381643E+01 -1.980000E+01 1.450000E+00
    endloop
  endfacet
  facet normal 0.000000E+00 1.000000E+00 0.000000E+00
    outer loop
      vertex 1.618357E+01 -1.980000E+01 5.550000E+00
      vertex 1.568168E+01 -1.980000E+01 4.487581E+00
      vertex 1.542553E+01 -1.980000E+01 4.622019E+00
    endloop
  endfacet
  facet normal 0.000000E+00 1.000000E+00 0.000000E+00
    outer loop
      vertex 1.618357E+01 -1.980000E+01 5.550000E+00
      vertex 1.589821E+01 -1.980000E+01 4.295747E+00
      vertex 1.568168E+01 -1.980000E+01 4.487581E+00
    endloop
  endfacet
  facet normal 0.000000E+00 1.000000E+00 0.000000E+00
    outer loop
      vertex 1.618357E+01 -1.980000E+01 5.550000E+00
      vertex 1.606255E+01 -1.980000E+01 4.057668E+00
      vertex 1.589821E+01 -1.980000E+01 4.295747E+00
    endloop
  endfacet
  facet normal 0.000000E+00 1.000000E+00 0.000000E+00
    outer loop
      vertex 1.618357E+01 -1.980000E+01 5.550000E+00
      vertex 1.736714E+01 -1.980000E+01 3.500000E+00
      vertex 1.606255E+01 -1.980000E+01 4.057668E+00
    endloop
  endfacet
  facet normal -0.000000E+00 1.000000E+00 0.000000E+00
    outer loop
      vertex 1.514464E+01 -1.980000E+01 4.691251E+00
      vertex 1.618357E+01 -1.980000E+01 5.550000E+00
      vertex 1.542553E+01 -1.980000E+01 4.622019E+00
    endloop
  endfacet
  facet normal 8.660263E-01 0.000000E+00 -4.999985E-01
    outer loop
      vertex 1.098164E+02 -1.780000E+01 5.550000E+00
      vertex 1.086329E+02 -1.980000E+01 3.500000E+00
      vertex 1.086329E+02 -1.780000E+01 3.500000E+00
    endloop
  endfacet
  facet normal 8.660263E-01 0.000000E+00 -4.999985E-01
    outer loop
      vertex 1.098164E+02 -1.980000E+01 5.550000E+00
      vertex 1.086329E+02 -1.980000E+01 3.500000E+00
      vertex 1.098164E+02 -1.780000E+01 5.550000E+00
    endloop
  endfacet
  facet normal -0.000000E+00 0.000000E+00 -1.000000E+00
    outer loop
      vertex 1.121836E+02 -1.780000E+01 5.550000E+00
      vertex 1.098164E+02 -1.980000E+01 5.550000E+00
      vertex 1.098164E+02 -1.780000E+01 5.550000E+00
    endloop
  endfacet
  facet normal 0.000000E+00 0.000000E+00 -1.000000E+00
    outer loop
      vertex 1.121836E+02 -1.980000E+01 5.550000E+00
      vertex 1.098164E+02 -1.980000E+01 5.550000E+00
      vertex 1.121836E+02 -1.780000E+01 5.550000E+00
    endloop
  endfacet
  facet normal -8.660263E-01 0.000000E+00 -4.999985E-01
    outer loop
      vertex 1.133671E+02 -1.780000E+01 3.500000E+00
      vertex 1.121836E+02 -1.980000E+01 5.550000E+00
      vertex 1.121836E+02 -1.780000E+01 5.550000E+00
    endloop
  endfacet
  facet normal -8.660263E-01 0.000000E+00 -4.999985E-01
    outer loop
      vertex 1.133671E+02 -1.980000E+01 3.500000E+00
      vertex 1.121836E+02 -1.980000E+01 5.550000E+00
      vertex 1.133671E+02 -1.780000E+01 3.500000E+00
    endloop
  endfacet
  facet normal -8.660263E-01 0.000000E+00 4.999985E-01
    outer loop
      vertex 1.121836E+02 -1.780000E+01 1.450000E+00
      vertex 1.133671E+02 -1.980000E+01 3.500000E+00
      vertex 1.133671E+02 -1.780000E+01 3.500000E+00
    endloop
  endfacet
  facet normal -8.660263E-01 0.000000E+00 4.999985E-01
    outer loop
      vertex 1.121836E+02 -1.980000E+01 1.450000E+00
      vertex 1.133671E+02 -1.980000E+01 3.500000E+00
      vertex 1.121836E+02 -1.780000E+01 1.450000E+00
    endloop
  endfacet
  facet normal -0.000000E+00 0.000000E+00 1.000000E+00
    outer loop
      vertex 1.098164E+02 -1.780000E+01 1.450000E+00
      vertex 1.121836E+02 -1.980000E+01 1.450000E+00
      vertex 1.121836E+02 -1.780000E+01 1.450000E+00
    endloop
  endfacet
  facet normal 0.000000E+00 0.000000E+00 1.000000E+00
    outer loop
      vertex 1.098164E+02 -1.980000E+01 1.450000E+00
      vertex 1.121836E+02 -1.980000E+01 1.450000E+00
      vertex 1.098164E+02 -1.780000E+01 1.450000E+00
    endloop
  endfacet
  facet normal 8.660263E-01 0.000000E+00 4.999985E-01
    outer loop
      vertex 1.086329E+02 -1.780000E+01 3.500000E+00
      vertex 1.098164E+02 -1.980000E+01 1.450000E+00
      vertex 1.098164E+02 -1.780000E+01 1.450000E+00
    endloop
  endfacet
  facet normal 8.660263E-01 -0.000000E+00 4.999985E-01
    outer loop
      vertex 1.086329E+02 -1.980000E+01 3.500000E+00
      vertex 1.098164E+02 -1.980000E+01 1.450000E+00
      vertex 1.086329E+02 -1.780000E+01 3.500000E+00
    endloop
  endfacet
  facet normal 0.000000E+00 1.000000E+00 0.000000E+00
    outer loop
      vertex 1.086329E+02 -1.980000E+01 3.500000E+00
      vertex 1.098349E+02 -1.980000E+01 3.787179E+00
      vertex 1.098000E+02 -1.980000E+01 3.500000E+00
    endloop
  endfacet
  facet normal 0.000000E+00 1.000000E+00 0.000000E+00
    outer loop
      vertex 1.086329E+02 -1.980000E+01 3.500000E+00
      vertex 1.099375E+02 -1.980000E+01 4.057668E+00
      vertex 1.098349E+02 -1.980000E+01 3.787179E+00
    endloop
  endfacet
  facet normal 0.000000E+00 1.000000E+00 0.000000E+00
    outer loop
      vertex 1.086329E+02 -1.980000E+01 3.500000E+00
      vertex 1.099188E+02 -1.980000E+01 2.979340E+00
      vertex 1.098164E+02 -1.980000E+01 1.450000E+00
    endloop
  endfacet
  facet normal 0.000000E+00 1.000000E+00 0.000000E+00
    outer loop
      vertex 1.098164E+02 -1.980000E+01 5.550000E+00
      vertex 1.101018E+02 -1.980000E+01 4.295747E+00
      vertex 1.099375E+02 -1.980000E+01 4.057668E+00
    endloop
  endfacet
  facet normal 0.000000E+00 1.000000E+00 0.000000E+00
    outer loop
      vertex 1.098164E+02 -1.980000E+01 5.550000E+00
      vertex 1.103183E+02 -1.980000E+01 4.487581E+00
      vertex 1.101018E+02 -1.980000E+01 4.295747E+00
    endloop
  endfacet
  facet normal 0.000000E+00 1.000000E+00 0.000000E+00
    outer loop
      vertex 1.098164E+02 -1.980000E+01 5.550000E+00
      vertex 1.105745E+02 -1.980000E+01 4.622019E+00
      vertex 1.103183E+02 -1.980000E+01 4.487581E+00
    endloop
  endfacet
  facet normal 0.000000E+00 1.000000E+00 0.000000E+00
    outer loop
      vertex 1.098164E+02 -1.980000E+01 5.550000E+00
      vertex 1.108554E+02 -1.980000E+01 4.691251E+00
      vertex 1.105745E+02 -1.980000E+01 4.622019E+00
    endloop
  endfacet
  facet normal 0.000000E+00 1.000000E+00 0.000000E+00
    outer loop
      vertex 1.098164E+02 -1.980000E+01 5.550000E+00
      vertex 1.111446E+02 -1.980000E+01 4.691251E+00
      vertex 1.108554E+02 -1.980000E+01 4.691251E+00
    endloop
  endfacet
  facet normal -0.000000E+00 1.000000E+00 0.000000E+00
    outer loop
      vertex 1.098164E+02 -1.980000E+01 5.550000E+00
      vertex 1.121836E+02 -1.980000E+01 5.550000E+00
      vertex 1.111446E+02 -1.980000E+01 4.691251E+00
    endloop
  endfacet
  facet normal 0.000000E+00 1.000000E+00 0.000000E+00
    outer loop
      vertex 1.098164E+02 -1.980000E+01 5.550000E+00
      vertex 1.099375E+02 -1.980000E+01 4.057668E+00
      vertex 1.086329E+02 -1.980000E+01 3.500000E+00
    endloop
  endfacet
  facet normal -0.000000E+00 1.000000E+00 0.000000E+00
    outer loop
      vertex 1.117482E+02 -1.980000E+01 2.561802E+00
      vertex 1.119382E+02 -1.980000E+01 2.751812E+00
      vertex 1.121836E+02 -1.980000E+01 1.450000E+00
    endloop
  endfacet
  facet normal -0.000000E+00 1.000000E+00 0.000000E+00
    outer loop
      vertex 1.115207E+02 -1.980000E+01 2.418837E+00
      vertex 1.117482E+02 -1.980000E+01 2.561802E+00
      vertex 1.121836E+02 -1.980000E+01 1.450000E+00
    endloop
  endfacet
  facet normal -0.000000E+00 1.000000E+00 0.000000E+00
    outer loop
      vertex 1.120812E+02 -1.980000E+01 2.979340E+00
      vertex 1.133671E+02 -1.980000E+01 3.500000E+00
      vertex 1.121836E+02 -1.980000E+01 1.450000E+00
    endloop
  endfacet
  facet normal 0.000000E+00 1.000000E+00 0.000000E+00
    outer loop
      vertex 1.120812E+02 -1.980000E+01 2.979340E+00
      vertex 1.121836E+02 -1.980000E+01 1.450000E+00
      vertex 1.119382E+02 -1.980000E+01 2.751812E+00
    endloop
  endfacet
  facet normal -0.000000E+00 1.000000E+00 0.000000E+00
    outer loop
      vertex 1.112670E+02 -1.980000E+01 2.330086E+00
      vertex 1.115207E+02 -1.980000E+01 2.418837E+00
      vertex 1.121836E+02 -1.980000E+01 1.450000E+00
    endloop
  endfacet
  facet normal -0.000000E+00 1.000000E+00 0.000000E+00
    outer loop
      vertex 1.121699E+02 -1.980000E+01 3.232975E+00
      vertex 1.133671E+02 -1.980000E+01 3.500000E+00
      vertex 1.120812E+02 -1.980000E+01 2.979340E+00
    endloop
  endfacet
  facet normal -0.000000E+00 1.000000E+00 0.000000E+00
    outer loop
      vertex 1.122000E+02 -1.980000E+01 3.500000E+00
      vertex 1.133671E+02 -1.980000E+01 3.500000E+00
      vertex 1.121699E+02 -1.980000E+01 3.232975E+00
    endloop
  endfacet
  facet normal -0.000000E+00 1.000000E+00 0.000000E+00
    outer loop
      vertex 1.110000E+02 -1.980000E+01 2.300000E+00
      vertex 1.112670E+02 -1.980000E+01 2.330086E+00
      vertex 1.121836E+02 -1.980000E+01 1.450000E+00
    endloop
  endfacet
  facet normal 0.000000E+00 1.000000E+00 0.000000E+00
    outer loop
      vertex 1.121651E+02 -1.980000E+01 3.787179E+00
      vertex 1.133671E+02 -1.980000E+01 3.500000E+00
      vertex 1.122000E+02 -1.980000E+01 3.500000E+00
    endloop
  endfacet
  facet normal 0.000000E+00 1.000000E+00 0.000000E+00
    outer loop
      vertex 1.098164E+02 -1.980000E+01 1.450000E+00
      vertex 1.107330E+02 -1.980000E+01 2.330086E+00
      vertex 1.110000E+02 -1.980000E+01 2.300000E+00
    endloop
  endfacet
  facet normal 0.000000E+00 1.000000E+00 0.000000E+00
    outer loop
      vertex 1.098164E+02 -1.980000E+01 1.450000E+00
      vertex 1.110000E+02 -1.980000E+01 2.300000E+00
      vertex 1.121836E+02 -1.980000E+01 1.450000E+00
    endloop
  endfacet
  facet normal 0.000000E+00 1.000000E+00 0.000000E+00
    outer loop
      vertex 1.104793E+02 -1.980000E+01 2.418837E+00
      vertex 1.107330E+02 -1.980000E+01 2.330086E+00
      vertex 1.098164E+02 -1.980000E+01 1.450000E+00
    endloop
  endfacet
  facet normal 0.000000E+00 1.000000E+00 0.000000E+00
    outer loop
      vertex 1.120625E+02 -1.980000E+01 4.057668E+00
      vertex 1.133671E+02 -1.980000E+01 3.500000E+00
      vertex 1.121651E+02 -1.980000E+01 3.787179E+00
    endloop
  endfacet
  facet normal 0.000000E+00 1.000000E+00 0.000000E+00
    outer loop
      vertex 1.102518E+02 -1.980000E+01 2.561802E+00
      vertex 1.104793E+02 -1.980000E+01 2.418837E+00
      vertex 1.098164E+02 -1.980000E+01 1.450000E+00
    endloop
  endfacet
  facet normal 0.000000E+00 1.000000E+00 0.000000E+00
    outer loop
      vertex 1.100618E+02 -1.980000E+01 2.751812E+00
      vertex 1.102518E+02 -1.980000E+01 2.561802E+00
      vertex 1.098164E+02 -1.980000E+01 1.450000E+00
    endloop
  endfacet
  facet normal 0.000000E+00 1.000000E+00 0.000000E+00
    outer loop
      vertex 1.099188E+02 -1.980000E+01 2.979340E+00
      vertex 1.100618E+02 -1.980000E+01 2.751812E+00
      vertex 1.098164E+02 -1.980000E+01 1.450000E+00
    endloop
  endfacet
  facet normal 0.000000E+00 1.000000E+00 0.000000E+00
    outer loop
      vertex 1.121836E+02 -1.980000E+01 5.550000E+00
      vertex 1.116817E+02 -1.980000E+01 4.487581E+00
      vertex 1.114255E+02 -1.980000E+01 4.622019E+00
    endloop
  endfacet
  facet normal 0.000000E+00 1.000000E+00 0.000000E+00
    outer loop
      vertex 1.121836E+02 -1.980000E+01 5.550000E+00
      vertex 1.118982E+02 -1.980000E+01 4.295747E+00
      vertex 1.116817E+02 -1.980000E+01 4.487581E+00
    endloop
  endfacet
  facet normal 0.000000E+00 1.000000E+00 0.000000E+00
    outer loop
      vertex 1.121836E+02 -1.980000E+01 5.550000E+00
      vertex 1.120625E+02 -1.980000E+01 4.057668E+00
      vertex 1.118982E+02 -1.980000E+01 4.295747E+00
    endloop
  endfacet
  facet normal 0.000000E+00 1.000000E+00 0.000000E+00
    outer loop
      vertex 1.121836E+02 -1.980000E+01 5.550000E+00
      vertex 1.133671E+02 -1.980000E+01 3.500000E+00
      vertex 1.120625E+02 -1.980000E+01 4.057668E+00
    endloop
  endfacet
  facet normal -0.000000E+00 1.000000E+00 0.000000E+00
    outer loop
      vertex 1.111446E+02 -1.980000E+01 4.691251E+00
      vertex 1.121836E+02 -1.980000E+01 5.550000E+00
      vertex 1.114255E+02 -1.980000E+01 4.622019E+00
    endloop
  endfacet
  facet normal 0.000000E+00 1.000000E+00 0.000000E+00
    outer loop
      vertex 1.086329E+02 -1.980000E+01 3.500000E+00
      vertex 1.098301E+02 -1.980000E+01 3.232975E+00
      vertex 1.099188E+02 -1.980000E+01 2.979340E+00
    endloop
  endfacet
  facet normal -0.000000E+00 1.000000E+00 0.000000E+00
    outer loop
      vertex 1.086329E+02 -1.980000E+01 3.500000E+00
      vertex 1.098000E+02 -1.980000E+01 3.500000E+00
      vertex 1.098301E+02 -1.980000E+01 3.232975E+00
    endloop
  endfacet
  facet normal -8.660263E-01 0.000000E+00 -4.999985E-01
    outer loop
      vertex 1.121836E+02 4.380000E+01 5.550000E+00
      vertex 1.133671E+02 4.580000E+01 3.500000E+00
      vertex 1.133671E+02 4.380000E+01 3.500000E+00
    endloop
  endfacet
  facet normal -8.660263E-01 -0.000000E+00 -4.999985E-01
    outer loop
      vertex 1.121836E+02 4.580000E+01 5.550000E+00
      vertex 1.133671E+02 4.580000E+01 3.500000E+00
      vertex 1.121836E+02 4.380000E+01 5.550000E+00
    endloop
  endfacet
  facet normal 0.000000E+00 0.000000E+00 -1.000000E+00
    outer loop
      vertex 1.098164E+02 4.380000E+01 5.550000E+00
      vertex 1.121836E+02 4.580000E+01 5.550000E+00
      vertex 1.121836E+02 4.380000E+01 5.550000E+00
    endloop
  endfacet
  facet normal 0.000000E+00 0.000000E+00 -1.000000E+00
    outer loop
      vertex 1.098164E+02 4.580000E+01 5.550000E+00
      vertex 1.121836E+02 4.580000E+01 5.550000E+00
      vertex 1.098164E+02 4.380000E+01 5.550000E+00
    endloop
  endfacet
  facet normal 8.660263E-01 0.000000E+00 -4.999985E-01
    outer loop
      vertex 1.086329E+02 4.380000E+01 3.500000E+00
      vertex 1.098164E+02 4.580000E+01 5.550000E+00
      vertex 1.098164E+02 4.380000E+01 5.550000E+00
    endloop
  endfacet
  facet normal 8.660263E-01 0.000000E+00 -4.999985E-01
    outer loop
      vertex 1.086329E+02 4.580000E+01 3.500000E+00
      vertex 1.098164E+02 4.580000E+01 5.550000E+00
      vertex 1.086329E+02 4.380000E+01 3.500000E+00
    endloop
  endfacet
  facet normal 8.660263E-01 0.000000E+00 4.999985E-01
    outer loop
      vertex 1.098164E+02 4.380000E+01 1.450000E+00
      vertex 1.086329E+02 4.580000E+01 3.500000E+00
      vertex 1.086329E+02 4.380000E+01 3.500000E+00
    endloop
  endfacet
  facet normal 8.660263E-01 0.000000E+00 4.999985E-01
    outer loop
      vertex 1.098164E+02 4.580000E+01 1.450000E+00
      vertex 1.086329E+02 4.580000E+01 3.500000E+00
      vertex 1.098164E+02 4.380000E+01 1.450000E+00
    endloop
  endfacet
  facet normal 0.000000E+00 0.000000E+00 1.000000E+00
    outer loop
      vertex 1.121836E+02 4.380000E+01 1.450000E+00
      vertex 1.098164E+02 4.580000E+01 1.450000E+00
      vertex 1.098164E+02 4.380000E+01 1.450000E+00
    endloop
  endfacet
  facet normal 0.000000E+00 0.000000E+00 1.000000E+00
    outer loop
      vertex 1.121836E+02 4.580000E+01 1.450000E+00
      vertex 1.098164E+02 4.580000E+01 1.450000E+00
      vertex 1.121836E+02 4.380000E+01 1.450000E+00
    endloop
  endfacet
  facet normal -8.660263E-01 0.000000E+00 4.999985E-01
    outer loop
      vertex 1.133671E+02 4.380000E+01 3.500000E+00
      vertex 1.121836E+02 4.580000E+01 1.450000E+00
      vertex 1.121836E+02 4.380000E+01 1.450000E+00
    endloop
  endfacet
  facet normal -8.660263E-01 0.000000E+00 4.999985E-01
    outer loop
      vertex 1.133671E+02 4.580000E+01 3.500000E+00
      vertex 1.121836E+02 4.580000E+01 1.450000E+00
      vertex 1.133671E+02 4.380000E+01 3.500000E+00
    endloop
  endfacet
  facet normal 0.000000E+00 -1.000000E+00 0.000000E+00
    outer loop
      vertex 1.121836E+02 4.580000E+01 5.550000E+00
      vertex 1.114255E+02 4.580000E+01 4.622019E+00
      vertex 1.116817E+02 4.580000E+01 4.487581E+00
    endloop
  endfacet
  facet normal 0.000000E+00 -1.000000E+00 0.000000E+00
    outer loop
      vertex 1.121836E+02 4.580000E+01 5.550000E+00
      vertex 1.111446E+02 4.580000E+01 4.691251E+00
      vertex 1.114255E+02 4.580000E+01 4.622019E+00
    endloop
  endfacet
  facet normal 0.000000E+00 -1.000000E+00 0.000000E+00
    outer loop
      vertex 1.121836E+02 4.580000E+01 5.550000E+00
      vertex 1.108554E+02 4.580000E+01 4.691251E+00
      vertex 1.111446E+02 4.580000E+01 4.691251E+00
    endloop
  endfacet
  facet normal -0.000000E+00 -1.000000E+00 0.000000E+00
    outer loop
      vertex 1.121836E+02 4.580000E+01 5.550000E+00
      vertex 1.098164E+02 4.580000E+01 5.550000E+00
      vertex 1.108554E+02 4.580000E+01 4.691251E+00
    endloop
  endfacet
  facet normal 0.000000E+00 -1.000000E+00 -0.000000E+00
    outer loop
      vertex 1.121836E+02 4.580000E+01 5.550000E+00
      vertex 1.120625E+02 4.580000E+01 4.057668E+00
      vertex 1.133671E+02 4.580000E+01 3.500000E+00
    endloop
  endfacet
  facet normal -0.000000E+00 -1.000000E+00 0.000000E+00
    outer loop
      vertex 1.102518E+02 4.580000E+01 2.561802E+00
      vertex 1.100618E+02 4.580000E+01 2.751812E+00
      vertex 1.098164E+02 4.580000E+01 1.450000E+00
    endloop
  endfacet
  facet normal -0.000000E+00 -1.000000E+00 0.000000E+00
    outer loop
      vertex 1.104793E+02 4.580000E+01 2.418837E+00
      vertex 1.102518E+02 4.580000E+01 2.561802E+00
      vertex 1.098164E+02 4.580000E+01 1.450000E+00
    endloop
  endfacet
  facet normal -0.000000E+00 -1.000000E+00 0.000000E+00
    outer loop
      vertex 1.099188E+02 4.580000E+01 2.979340E+00
      vertex 1.086329E+02 4.580000E+01 3.500000E+00
      vertex 1.098164E+02 4.580000E+01 1.450000E+00
    endloop
  endfacet
  facet normal 0.000000E+00 -1.000000E+00 -0.000000E+00
    outer loop
      vertex 1.099188E+02 4.580000E+01 2.979340E+00
      vertex 1.098164E+02 4.580000E+01 1.450000E+00
      vertex 1.100618E+02 4.580000E+01 2.751812E+00
    endloop
  endfacet
  facet normal -0.000000E+00 -1.000000E+00 0.000000E+00
    outer loop
      vertex 1.107330E+02 4.580000E+01 2.330086E+00
      vertex 1.104793E+02 4.580000E+01 2.418837E+00
      vertex 1.098164E+02 4.580000E+01 1.450000E+00
    endloop
  endfacet
  facet normal -0.000000E+00 -1.000000E+00 -0.000000E+00
    outer loop
      vertex 1.098301E+02 4.580000E+01 3.232975E+00
      vertex 1.086329E+02 4.580000E+01 3.500000E+00
      vertex 1.099188E+02 4.580000E+01 2.979340E+00
    endloop
  endfacet
  facet normal -0.000000E+00 -1.000000E+00 -0.000000E+00
    outer loop
      vertex 1.098000E+02 4.580000E+01 3.500000E+00
      vertex 1.086329E+02 4.580000E+01 3.500000E+00
      vertex 1.098301E+02 4.580000E+01 3.232975E+00
    endloop
  endfacet
  facet normal -0.000000E+00 -1.000000E+00 0.000000E+00
    outer loop
      vertex 1.110000E+02 4.580000E+01 2.300000E+00
      vertex 1.107330E+02 4.580000E+01 2.330086E+00
      vertex 1.098164E+02 4.580000E+01 1.450000E+00
    endloop
  endfacet
  facet normal 0.000000E+00 -1.000000E+00 0.000000E+00
    outer loop
      vertex 1.098349E+02 4.580000E+01 3.787179E+00
      vertex 1.086329E+02 4.580000E+01 3.500000E+00
      vertex 1.098000E+02 4.580000E+01 3.500000E+00
    endloop
  endfacet
  facet normal 0.000000E+00 -1.000000E+00 0.000000E+00
    outer loop
      vertex 1.121836E+02 4.580000E+01 1.450000E+00
      vertex 1.112670E+02 4.580000E+01 2.330086E+00
      vertex 1.110000E+02 4.580000E+01 2.300000E+00
    endloop
  endfacet
  facet normal 0.000000E+00 -1.000000E+00 0.000000E+00
    outer loop
      vertex 1.121836E+02 4.580000E+01 1.450000E+00
      vertex 1.110000E+02 4.580000E+01 2.300000E+00
      vertex 1.098164E+02 4.580000E+01 1.450000E+00
    endloop
  endfacet
  facet normal 0.000000E+00 -1.000000E+00 -0.000000E+00
    outer loop
      vertex 1.115207E+02 4.580000E+01 2.418837E+00
      vertex 1.112670E+02 4.580000E+01 2.330086E+00
      vertex 1.121836E+02 4.580000E+01 1.450000E+00
    endloop
  endfacet
  facet normal 0.000000E+00 -1.000000E+00 0.000000E+00
    outer loop
      vertex 1.099375E+02 4.580000E+01 4.057668E+00
      vertex 1.086329E+02 4.580000E+01 3.500000E+00
      vertex 1.098349E+02 4.580000E+01 3.787179E+00
    endloop
  endfacet
  facet normal 0.000000E+00 -1.000000E+00 -0.000000E+00
    outer loop
      vertex 1.117482E+02 4.580000E+01 2.561802E+00
      vertex 1.115207E+02 4.580000E+01 2.418837E+00
      vertex 1.121836E+02 4.580000E+01 1.450000E+00
    endloop
  endfacet
  facet normal 0.000000E+00 -1.000000E+00 -0.000000E+00
    outer loop
      vertex 1.119382E+02 4.580000E+01 2.751812E+00
      vertex 1.117482E+02 4.580000E+01 2.561802E+00
      vertex 1.121836E+02 4.580000E+01 1.450000E+00
    endloop
  endfacet
  facet normal 0.000000E+00 -1.000000E+00 -0.000000E+00
    outer loop
      vertex 1.120812E+02 4.580000E+01 2.979340E+00
      vertex 1.119382E+02 4.580000E+01 2.751812E+00
      vertex 1.121836E+02 4.580000E+01 1.450000E+00
    endloop
  endfacet
  facet normal 0.000000E+00 -1.000000E+00 0.000000E+00
    outer loop
      vertex 1.098164E+02 4.580000E+01 5.550000E+00
      vertex 1.103183E+02 4.580000E+01 4.487581E+00
      vertex 1.105745E+02 4.580000E+01 4.622019E+00
    endloop
  endfacet
  facet normal 0.000000E+00 -1.000000E+00 0.000000E+00
    outer loop
      vertex 1.098164E+02 4.580000E+01 5.550000E+00
      vertex 1.101018E+02 4.580000E+01 4.295747E+00
      vertex 1.103183E+02 4.580000E+01 4.487581E+00
    endloop
  endfacet
  facet normal 0.000000E+00 -1.000000E+00 0.000000E+00
    outer loop
      vertex 1.098164E+02 4.580000E+01 5.550000E+00
      vertex 1.099375E+02 4.580000E+01 4.057668E+00
      vertex 1.101018E+02 4.580000E+01 4.295747E+00
    endloop
  endfacet
  facet normal 0.000000E+00 -1.000000E+00 -0.000000E+00
    outer loop
      vertex 1.098164E+02 4.580000E+01 5.550000E+00
      vertex 1.086329E+02 4.580000E+01 3.500000E+00
      vertex 1.099375E+02 4.580000E+01 4.057668E+00
    endloop
  endfacet
  facet normal -0.000000E+00 -1.000000E+00 0.000000E+00
    outer loop
      vertex 1.108554E+02 4.580000E+01 4.691251E+00
      vertex 1.098164E+02 4.580000E+01 5.550000E+00
      vertex 1.105745E+02 4.580000E+01 4.622019E+00
    endloop
  endfacet
  facet normal 0.000000E+00 -1.000000E+00 0.000000E+00
    outer loop
      vertex 1.133671E+02 4.580000E+01 3.500000E+00
      vertex 1.121699E+02 4.580000E+01 3.232975E+00
      vertex 1.120812E+02 4.580000E+01 2.979340E+00
    endloop
  endfacet
  facet normal -0.000000E+00 -1.000000E+00 0.000000E+00
    outer loop
      vertex 1.133671E+02 4.580000E+01 3.500000E+00
      vertex 1.122000E+02 4.580000E+01 3.500000E+00
      vertex 1.121699E+02 4.580000E+01 3.232975E+00
    endloop
  endfacet
  facet normal 0.000000E+00 -1.000000E+00 0.000000E+00
    outer loop
      vertex 1.133671E+02 4.580000E+01 3.500000E+00
      vertex 1.121651E+02 4.580000E+01 3.787179E+00
      vertex 1.122000E+02 4.580000E+01 3.500000E+00
    endloop
  endfacet
  facet normal 0.000000E+00 -1.000000E+00 0.000000E+00
    outer loop
      vertex 1.133671E+02 4.580000E+01 3.500000E+00
      vertex 1.120625E+02 4.580000E+01 4.057668E+00
      vertex 1.121651E+02 4.580000E+01 3.787179E+00
    endloop
  endfacet
  facet normal 0.000000E+00 -1.000000E+00 0.000000E+00
    outer loop
      vertex 1.133671E+02 4.580000E+01 3.500000E+00
      vertex 1.120812E+02 4.580000E+01 2.979340E+00
      vertex 1.121836E+02 4.580000E+01 1.450000E+00
    endloop
  endfacet
  facet normal 0.000000E+00 -1.000000E+00 0.000000E+00
    outer loop
      vertex 1.121836E+02 4.580000E+01 5.550000E+00
      vertex 1.118982E+02 4.580000E+01 4.295747E+00
      vertex 1.120625E+02 4.580000E+01 4.057668E+00
    endloop
  endfacet
  facet normal 0.000000E+00 -1.000000E+00 0.000000E+00
    outer loop
      vertex 1.121836E+02 4.580000E+01 5.550000E+00
      vertex 1.116817E+02 4.580000E+01 4.487581E+00
      vertex 1.118982E+02 4.580000E+01 4.295747E+00
    endloop
  endfacet
  facet normal -8.660256E-01 0.000000E+00 -4.999996E-01
    outer loop
      vertex 1.618357E+01 4.380000E+01 5.550000E+00
      vertex 1.736714E+01 4.580000E+01 3.500000E+00
      vertex 1.736714E+01 4.380000E+01 3.500000E+00
    endloop
  endfacet
  facet normal -8.660256E-01 -0.000000E+00 -4.999996E-01
    outer loop
      vertex 1.618357E+01 4.580000E+01 5.550000E+00
      vertex 1.736714E+01 4.580000E+01 3.500000E+00
      vertex 1.618357E+01 4.380000E+01 5.550000E+00
    endloop
  endfacet
  facet normal 0.000000E+00 0.000000E+00 -1.000000E+00
    outer loop
      vertex 1.381643E+01 4.380000E+01 5.550000E+00
      vertex 1.618357E+01 4.580000E+01 5.550000E+00
      vertex 1.618357E+01 4.380000E+01 5.550000E+00
    endloop
  endfacet
  facet normal 0.000000E+00 0.000000E+00 -1.000000E+00
    outer loop
      vertex 1.381643E+01 4.580000E+01 5.550000E+00
      vertex 1.618357E+01 4.580000E+01 5.550000E+00
      vertex 1.381643E+01 4.380000E+01 5.550000E+00
    endloop
  endfacet
  facet normal 8.660254E-01 0.000000E+00 -4.999999E-01
    outer loop
      vertex 1.263286E+01 4.380000E+01 3.500000E+00
      vertex 1.381643E+01 4.580000E+01 5.550000E+00
      vertex 1.381643E+01 4.380000E+01 5.550000E+00
    endloop
  endfacet
  facet normal 8.660254E-01 0.000000E+00 -4.999999E-01
    outer loop
      vertex 1.263286E+01 4.580000E+01 3.500000E+00
      vertex 1.381643E+01 4.580000E+01 5.550000E+00
      vertex 1.263286E+01 4.380000E+01 3.500000E+00
    endloop
  endfacet
  facet normal 8.660254E-01 0.000000E+00 5.000000E-01
    outer loop
      vertex 1.381643E+01 4.380000E+01 1.450000E+00
      vertex 1.263286E+01 4.580000E+01 3.500000E+00
      vertex 1.263286E+01 4.380000E+01 3.500000E+00
    endloop
  endfacet
  facet normal 8.660254E-01 0.000000E+00 5.000000E-01
    outer loop
      vertex 1.381643E+01 4.580000E+01 1.450000E+00
      vertex 1.263286E+01 4.580000E+01 3.500000E+00
      vertex 1.381643E+01 4.380000E+01 1.450000E+00
    endloop
  endfacet
  facet normal 0.000000E+00 0.000000E+00 1.000000E+00
    outer loop
      vertex 1.618357E+01 4.380000E+01 1.450000E+00
      vertex 1.381643E+01 4.580000E+01 1.450000E+00
      vertex 1.381643E+01 4.380000E+01 1.450000E+00
    endloop
  endfacet
  facet normal 0.000000E+00 0.000000E+00 1.000000E+00
    outer loop
      vertex 1.618357E+01 4.580000E+01 1.450000E+00
      vertex 1.381643E+01 4.580000E+01 1.450000E+00
      vertex 1.618357E+01 4.380000E+01 1.450000E+00
    endloop
  endfacet
  facet normal -8.660256E-01 0.000000E+00 4.999997E-01
    outer loop
      vertex 1.736714E+01 4.380000E+01 3.500000E+00
      vertex 1.618357E+01 4.580000E+01 1.450000E+00
      vertex 1.618357E+01 4.380000E+01 1.450000E+00
    endloop
  endfacet
  facet normal -8.660256E-01 0.000000E+00 4.999997E-01
    outer loop
      vertex 1.736714E+01 4.580000E+01 3.500000E+00
      vertex 1.618357E+01 4.580000E+01 1.450000E+00
      vertex 1.736714E+01 4.380000E+01 3.500000E+00
    endloop
  endfacet
  facet normal 0.000000E+00 -1.000000E+00 0.000000E+00
    outer loop
      vertex 1.736714E+01 4.580000E+01 3.500000E+00
      vertex 1.610293E+01 4.580000E+01 3.027205E+00
      vertex 1.598532E+01 4.580000E+01 2.815057E+00
    endloop
  endfacet
  facet normal 0.000000E+00 -1.000000E+00 0.000000E+00
    outer loop
      vertex 1.736714E+01 4.580000E+01 3.500000E+00
      vertex 1.617548E+01 4.580000E+01 3.258672E+00
      vertex 1.610293E+01 4.580000E+01 3.027205E+00
    endloop
  endfacet
  facet normal -0.000000E+00 -1.000000E+00 0.000000E+00
    outer loop
      vertex 1.736714E+01 4.580000E+01 3.500000E+00
      vertex 1.620000E+01 4.580000E+01 3.500000E+00
      vertex 1.617548E+01 4.580000E+01 3.258672E+00
    endloop
  endfacet
  facet normal 0.000000E+00 -1.000000E+00 0.000000E+00
    outer loop
      vertex 1.736714E+01 4.580000E+01 3.500000E+00
      vertex 1.616513E+01 4.580000E+01 3.787179E+00
      vertex 1.620000E+01 4.580000E+01 3.500000E+00
    endloop
  endfacet
  facet normal 0.000000E+00 -1.000000E+00 0.000000E+00
    outer loop
      vertex 1.736714E+01 4.580000E+01 3.500000E+00
      vertex 1.606255E+01 4.580000E+01 4.057668E+00
      vertex 1.616513E+01 4.580000E+01 3.787179E+00
    endloop
  endfacet
  facet normal -0.000000E+00 -1.000000E+00 0.000000E+00
    outer loop
      vertex 1.429836E+01 4.580000E+01 2.526497E+00
      vertex 1.408975E+01 4.580000E+01 2.718056E+00
      vertex 1.381643E+01 4.580000E+01 1.450000E+00
    endloop
  endfacet
  facet normal -0.000000E+00 -1.000000E+00 0.000000E+00
    outer loop
      vertex 1.393183E+01 4.580000E+01 2.953174E+00
      vertex 1.263286E+01 4.580000E+01 3.500000E+00
      vertex 1.381643E+01 4.580000E+01 1.450000E+00
    endloop
  endfacet
  facet normal 0.000000E+00 -1.000000E+00 0.000000E+00
    outer loop
      vertex 1.736714E+01 4.580000E+01 3.500000E+00
      vertex 1.598532E+01 4.580000E+01 2.815057E+00
      vertex 1.618357E+01 4.580000E+01 1.450000E+00
    endloop
  endfacet
  facet normal 0.000000E+00 -1.000000E+00 -0.000000E+00
    outer loop
      vertex 1.393183E+01 4.580000E+01 2.953174E+00
      vertex 1.381643E+01 4.580000E+01 1.450000E+00
      vertex 1.408975E+01 4.580000E+01 2.718056E+00
    endloop
  endfacet
  facet normal 0.000000E+00 -1.000000E+00 0.000000E+00
    outer loop
      vertex 1.618357E+01 4.580000E+01 5.550000E+00
      vertex 1.589821E+01 4.580000E+01 4.295747E+00
      vertex 1.606255E+01 4.580000E+01 4.057668E+00
    endloop
  endfacet
  facet normal 0.000000E+00 -1.000000E+00 0.000000E+00
    outer loop
      vertex 1.618357E+01 4.580000E+01 5.550000E+00
      vertex 1.568168E+01 4.580000E+01 4.487581E+00
      vertex 1.589821E+01 4.580000E+01 4.295747E+00
    endloop
  endfacet
  facet normal 0.000000E+00 -1.000000E+00 0.000000E+00
    outer loop
      vertex 1.618357E+01 4.580000E+01 5.550000E+00
      vertex 1.542553E+01 4.580000E+01 4.622019E+00
      vertex 1.568168E+01 4.580000E+01 4.487581E+00
    endloop
  endfacet
  facet normal 0.000000E+00 -1.000000E+00 0.000000E+00
    outer loop
      vertex 1.618357E+01 4.580000E+01 5.550000E+00
      vertex 1.514464E+01 4.580000E+01 4.691251E+00
      vertex 1.542553E+01 4.580000E+01 4.622019E+00
    endloop
  endfacet
  facet normal -0.000000E+00 -1.000000E+00 0.000000E+00
    outer loop
      vertex 1.454607E+01 4.580000E+01 2.389168E+00
      vertex 1.429836E+01 4.580000E+01 2.526497E+00
      vertex 1.381643E+01 4.580000E+01 1.450000E+00
    endloop
  endfacet
  facet normal 0.000000E+00 -1.000000E+00 0.000000E+00
    outer loop
      vertex 1.618357E+01 4.580000E+01 5.550000E+00
      vertex 1.485536E+01 4.580000E+01 4.691251E+00
      vertex 1.514464E+01 4.580000E+01 4.691251E+00
    endloop
  endfacet
  facet normal 0.000000E+00 -1.000000E+00 -0.000000E+00
    outer loop
      vertex 1.618357E+01 4.580000E+01 5.550000E+00
      vertex 1.606255E+01 4.580000E+01 4.057668E+00
      vertex 1.736714E+01 4.580000E+01 3.500000E+00
    endloop
  endfacet
  facet normal -0.000000E+00 -1.000000E+00 0.000000E+00
    outer loop
      vertex 1.618357E+01 4.580000E+01 5.550000E+00
      vertex 1.381643E+01 4.580000E+01 5.550000E+00
      vertex 1.485536E+01 4.580000E+01 4.691251E+00
    endloop
  endfacet
  facet normal -0.000000E+00 -1.000000E+00 -0.000000E+00
    outer loop
      vertex 1.383342E+01 4.580000E+01 3.218753E+00
      vertex 1.263286E+01 4.580000E+01 3.500000E+00
      vertex 1.393183E+01 4.580000E+01 2.953174E+00
    endloop
  endfacet
  facet normal -0.000000E+00 -1.000000E+00 0.000000E+00
    outer loop
      vertex 1.481906E+01 4.580000E+01 2.313720E+00
      vertex 1.454607E+01 4.580000E+01 2.389168E+00
      vertex 1.381643E+01 4.580000E+01 1.450000E+00
    endloop
  endfacet
  facet normal -0.000000E+00 -1.000000E+00 -0.000000E+00
    outer loop
      vertex 1.380000E+01 4.580000E+01 3.500000E+00
      vertex 1.263286E+01 4.580000E+01 3.500000E+00
      vertex 1.383342E+01 4.580000E+01 3.218753E+00
    endloop
  endfacet
  facet normal -0.000000E+00 -1.000000E+00 0.000000E+00
    outer loop
      vertex 1.510213E+01 4.580000E+01 2.304354E+00
      vertex 1.481906E+01 4.580000E+01 2.313720E+00
      vertex 1.381643E+01 4.580000E+01 1.450000E+00
    endloop
  endfacet
  facet normal 0.000000E+00 -1.000000E+00 0.000000E+00
    outer loop
      vertex 1.383487E+01 4.580000E+01 3.787179E+00
      vertex 1.263286E+01 4.580000E+01 3.500000E+00
      vertex 1.380000E+01 4.580000E+01 3.500000E+00
    endloop
  endfacet
  facet normal 0.000000E+00 -1.000000E+00 0.000000E+00
    outer loop
      vertex 1.618357E+01 4.580000E+01 1.450000E+00
      vertex 1.510213E+01 4.580000E+01 2.304354E+00
      vertex 1.381643E+01 4.580000E+01 1.450000E+00
    endloop
  endfacet
  facet normal 0.000000E+00 -1.000000E+00 -0.000000E+00
    outer loop
      vertex 1.537951E+01 4.580000E+01 2.361593E+00
      vertex 1.510213E+01 4.580000E+01 2.304354E+00
      vertex 1.618357E+01 4.580000E+01 1.450000E+00
    endloop
  endfacet
  facet normal 0.000000E+00 -1.000000E+00 0.000000E+00
    outer loop
      vertex 1.393745E+01 4.580000E+01 4.057668E+00
      vertex 1.263286E+01 4.580000E+01 3.500000E+00
      vertex 1.383487E+01 4.580000E+01 3.787179E+00
    endloop
  endfacet
  facet normal 0.000000E+00 -1.000000E+00 -0.000000E+00
    outer loop
      vertex 1.563575E+01 4.580000E+01 2.482249E+00
      vertex 1.537951E+01 4.580000E+01 2.361593E+00
      vertex 1.618357E+01 4.580000E+01 1.450000E+00
    endloop
  endfacet
  facet normal 0.000000E+00 -1.000000E+00 -0.000000E+00
    outer loop
      vertex 1.582744E+01 4.580000E+01 2.630896E+00
      vertex 1.563575E+01 4.580000E+01 2.482249E+00
      vertex 1.618357E+01 4.580000E+01 1.450000E+00
    endloop
  endfacet
  facet normal 0.000000E+00 -1.000000E+00 -0.000000E+00
    outer loop
      vertex 1.598532E+01 4.580000E+01 2.815057E+00
      vertex 1.582744E+01 4.580000E+01 2.630896E+00
      vertex 1.618357E+01 4.580000E+01 1.450000E+00
    endloop
  endfacet
  facet normal 0.000000E+00 -1.000000E+00 0.000000E+00
    outer loop
      vertex 1.381643E+01 4.580000E+01 5.550000E+00
      vertex 1.431832E+01 4.580000E+01 4.487581E+00
      vertex 1.457447E+01 4.580000E+01 4.622019E+00
    endloop
  endfacet
  facet normal 0.000000E+00 -1.000000E+00 0.000000E+00
    outer loop
      vertex 1.381643E+01 4.580000E+01 5.550000E+00
      vertex 1.410179E+01 4.580000E+01 4.295747E+00
      vertex 1.431832E+01 4.580000E+01 4.487581E+00
    endloop
  endfacet
  facet normal 0.000000E+00 -1.000000E+00 0.000000E+00
    outer loop
      vertex 1.381643E+01 4.580000E+01 5.550000E+00
      vertex 1.393745E+01 4.580000E+01 4.057668E+00
      vertex 1.410179E+01 4.580000E+01 4.295747E+00
    endloop
  endfacet
  facet normal 0.000000E+00 -1.000000E+00 -0.000000E+00
    outer loop
      vertex 1.381643E+01 4.580000E+01 5.550000E+00
      vertex 1.263286E+01 4.580000E+01 3.500000E+00
      vertex 1.393745E+01 4.580000E+01 4.057668E+00
    endloop
  endfacet
  facet normal -0.000000E+00 -1.000000E+00 0.000000E+00
    outer loop
      vertex 1.485536E+01 4.580000E+01 4.691251E+00
      vertex 1.381643E+01 4.580000E+01 5.550000E+00
      vertex 1.457447E+01 4.580000E+01 4.622019E+00
    endloop
  endfacet
  facet normal 9.927104E-01 0.000000E+00 -1.205248E-01
    outer loop
      vertex 1.098000E+02 -1.980000E+01 3.500000E+00
      vertex 1.098349E+02 -1.980000E+01 3.787179E+00
      vertex 1.098000E+02 -2.180000E+01 3.500000E+00
    endloop
  endfacet
  facet normal 9.927104E-01 0.000000E+00 -1.205248E-01
    outer loop
      vertex 1.098000E+02 -2.180000E+01 3.500000E+00
      vertex 1.098349E+02 -1.980000E+01 3.787179E+00
      vertex 1.098349E+02 -2.180000E+01 3.787179E+00
    endloop
  endfacet
  facet normal 9.350141E-01 0.000000E+00 -3.546106E-01
    outer loop
      vertex 1.098349E+02 -2.180000E+01 3.787179E+00
      vertex 1.099375E+02 -1.980000E+01 4.057668E+00
      vertex 1.099375E+02 -2.180000E+01 4.057668E+00
    endloop
  endfacet
  facet normal 9.350141E-01 0.000000E+00 -3.546106E-01
    outer loop
      vertex 1.098349E+02 -1.980000E+01 3.787179E+00
      vertex 1.099375E+02 -1.980000E+01 4.057668E+00
      vertex 1.098349E+02 -2.180000E+01 3.787179E+00
    endloop
  endfacet
  facet normal 8.229918E-01 0.000000E+00 -5.680532E-01
    outer loop
      vertex 1.099375E+02 -2.180000E+01 4.057668E+00
      vertex 1.101018E+02 -1.980000E+01 4.295747E+00
      vertex 1.101018E+02 -2.180000E+01 4.295747E+00
    endloop
  endfacet
  facet normal 8.229918E-01 0.000000E+00 -5.680532E-01
    outer loop
      vertex 1.099375E+02 -1.980000E+01 4.057668E+00
      vertex 1.101018E+02 -1.980000E+01 4.295747E+00
      vertex 1.099375E+02 -2.180000E+01 4.057668E+00
    endloop
  endfacet
  facet normal 6.631188E-01 0.000000E+00 -7.485141E-01
    outer loop
      vertex 1.101018E+02 -2.180000E+01 4.295747E+00
      vertex 1.103183E+02 -1.980000E+01 4.487581E+00
      vertex 1.103183E+02 -2.180000E+01 4.487581E+00
    endloop
  endfacet
  facet normal 6.631188E-01 0.000000E+00 -7.485141E-01
    outer loop
      vertex 1.101018E+02 -1.980000E+01 4.295747E+00
      vertex 1.103183E+02 -1.980000E+01 4.487581E+00
      vertex 1.101018E+02 -2.180000E+01 4.295747E+00
    endloop
  endfacet
  facet normal 4.647259E-01 0.000000E+00 -8.854546E-01
    outer loop
      vertex 1.103183E+02 -2.180000E+01 4.487581E+00
      vertex 1.105745E+02 -1.980000E+01 4.622019E+00
      vertex 1.105745E+02 -2.180000E+01 4.622019E+00
    endloop
  endfacet
  facet normal 4.647259E-01 0.000000E+00 -8.854546E-01
    outer loop
      vertex 1.103183E+02 -1.980000E+01 4.487581E+00
      vertex 1.105745E+02 -1.980000E+01 4.622019E+00
      vertex 1.103183E+02 -2.180000E+01 4.487581E+00
    endloop
  endfacet
  facet normal 2.393152E-01 0.000000E+00 -9.709419E-01
    outer loop
      vertex 1.105745E+02 -2.180000E+01 4.622019E+00
      vertex 1.108554E+02 -1.980000E+01 4.691251E+00
      vertex 1.108554E+02 -2.180000E+01 4.691251E+00
    endloop
  endfacet
  facet normal 2.393152E-01 0.000000E+00 -9.709419E-01
    outer loop
      vertex 1.105745E+02 -1.980000E+01 4.622019E+00
      vertex 1.108554E+02 -1.980000E+01 4.691251E+00
      vertex 1.105745E+02 -2.180000E+01 4.622019E+00
    endloop
  endfacet
  facet normal 0.000000E+00 0.000000E+00 -1.000000E+00
    outer loop
      vertex 1.108554E+02 -2.180000E+01 4.691251E+00
      vertex 1.111446E+02 -1.980000E+01 4.691251E+00
      vertex 1.111446E+02 -2.180000E+01 4.691251E+00
    endloop
  endfacet
  facet normal 0.000000E+00 0.000000E+00 -1.000000E+00
    outer loop
      vertex 1.108554E+02 -1.980000E+01 4.691251E+00
      vertex 1.111446E+02 -1.980000E+01 4.691251E+00
      vertex 1.108554E+02 -2.180000E+01 4.691251E+00
    endloop
  endfacet
  facet normal -2.393152E-01 0.000000E+00 -9.709419E-01
    outer loop
      vertex 1.111446E+02 -2.180000E+01 4.691251E+00
      vertex 1.114255E+02 -1.980000E+01 4.622019E+00
      vertex 1.114255E+02 -2.180000E+01 4.622019E+00
    endloop
  endfacet
  facet normal -2.393152E-01 -0.000000E+00 -9.709419E-01
    outer loop
      vertex 1.111446E+02 -1.980000E+01 4.691251E+00
      vertex 1.114255E+02 -1.980000E+01 4.622019E+00
      vertex 1.111446E+02 -2.180000E+01 4.691251E+00
    endloop
  endfacet
  facet normal -4.647259E-01 0.000000E+00 -8.854546E-01
    outer loop
      vertex 1.114255E+02 -2.180000E+01 4.622019E+00
      vertex 1.116817E+02 -1.980000E+01 4.487581E+00
      vertex 1.116817E+02 -2.180000E+01 4.487581E+00
    endloop
  endfacet
  facet normal -4.647259E-01 -0.000000E+00 -8.854546E-01
    outer loop
      vertex 1.114255E+02 -1.980000E+01 4.622019E+00
      vertex 1.116817E+02 -1.980000E+01 4.487581E+00
      vertex 1.114255E+02 -2.180000E+01 4.622019E+00
    endloop
  endfacet
  facet normal -6.631188E-01 0.000000E+00 -7.485141E-01
    outer loop
      vertex 1.116817E+02 -2.180000E+01 4.487581E+00
      vertex 1.118982E+02 -1.980000E+01 4.295747E+00
      vertex 1.118982E+02 -2.180000E+01 4.295747E+00
    endloop
  endfacet
  facet normal -6.631188E-01 -0.000000E+00 -7.485141E-01
    outer loop
      vertex 1.116817E+02 -1.980000E+01 4.487581E+00
      vertex 1.118982E+02 -1.980000E+01 4.295747E+00
      vertex 1.116817E+02 -2.180000E+01 4.487581E+00
    endloop
  endfacet
  facet normal -8.229918E-01 0.000000E+00 -5.680532E-01
    outer loop
      vertex 1.118982E+02 -2.180000E+01 4.295747E+00
      vertex 1.120625E+02 -1.980000E+01 4.057668E+00
      vertex 1.120625E+02 -2.180000E+01 4.057668E+00
    endloop
  endfacet
  facet normal -8.229918E-01 -0.000000E+00 -5.680532E-01
    outer loop
      vertex 1.118982E+02 -1.980000E+01 4.295747E+00
      vertex 1.120625E+02 -1.980000E+01 4.057668E+00
      vertex 1.118982E+02 -2.180000E+01 4.295747E+00
    endloop
  endfacet
  facet normal -9.350141E-01 0.000000E+00 -3.546106E-01
    outer loop
      vertex 1.120625E+02 -2.180000E+01 4.057668E+00
      vertex 1.121651E+02 -1.980000E+01 3.787179E+00
      vertex 1.121651E+02 -2.180000E+01 3.787179E+00
    endloop
  endfacet
  facet normal -9.350141E-01 -0.000000E+00 -3.546106E-01
    outer loop
      vertex 1.120625E+02 -1.980000E+01 4.057668E+00
      vertex 1.121651E+02 -1.980000E+01 3.787179E+00
      vertex 1.120625E+02 -2.180000E+01 4.057668E+00
    endloop
  endfacet
  facet normal -9.927104E-01 0.000000E+00 -1.205248E-01
    outer loop
      vertex 1.121651E+02 -2.180000E+01 3.787179E+00
      vertex 1.122000E+02 -1.980000E+01 3.500000E+00
      vertex 1.122000E+02 -2.180000E+01 3.500000E+00
    endloop
  endfacet
  facet normal -9.927104E-01 -0.000000E+00 -1.205248E-01
    outer loop
      vertex 1.121651E+02 -1.980000E+01 3.787179E+00
      vertex 1.122000E+02 -1.980000E+01 3.500000E+00
      vertex 1.121651E+02 -2.180000E+01 3.787179E+00
    endloop
  endfacet
  facet normal 9.927104E-01 0.000000E+00 -1.205248E-01
    outer loop
      vertex 1.098000E+02 4.780000E+01 3.500000E+00
      vertex 1.098349E+02 4.780000E+01 3.787179E+00
      vertex 1.098000E+02 4.580000E+01 3.500000E+00
    endloop
  endfacet
  facet normal 9.927104E-01 0.000000E+00 -1.205248E-01
    outer loop
      vertex 1.098000E+02 4.580000E+01 3.500000E+00
      vertex 1.098349E+02 4.780000E+01 3.787179E+00
      vertex 1.098349E+02 4.580000E+01 3.787179E+00
    endloop
  endfacet
  facet normal 9.350141E-01 0.000000E+00 -3.546106E-01
    outer loop
      vertex 1.098349E+02 4.580000E+01 3.787179E+00
      vertex 1.099375E+02 4.780000E+01 4.057668E+00
      vertex 1.099375E+02 4.580000E+01 4.057668E+00
    endloop
  endfacet
  facet normal 9.350141E-01 0.000000E+00 -3.546106E-01
    outer loop
      vertex 1.098349E+02 4.780000E+01 3.787179E+00
      vertex 1.099375E+02 4.780000E+01 4.057668E+00
      vertex 1.098349E+02 4.580000E+01 3.787179E+00
    endloop
  endfacet
  facet normal 8.229918E-01 0.000000E+00 -5.680532E-01
    outer loop
      vertex 1.099375E+02 4.580000E+01 4.057668E+00
      vertex 1.101018E+02 4.780000E+01 4.295747E+00
      vertex 1.101018E+02 4.580000E+01 4.295747E+00
    endloop
  endfacet
  facet normal 8.229918E-01 0.000000E+00 -5.680532E-01
    outer loop
      vertex 1.099375E+02 4.780000E+01 4.057668E+00
      vertex 1.101018E+02 4.780000E+01 4.295747E+00
      vertex 1.099375E+02 4.580000E+01 4.057668E+00
    endloop
  endfacet
  facet normal 6.631188E-01 0.000000E+00 -7.485141E-01
    outer loop
      vertex 1.101018E+02 4.580000E+01 4.295747E+00
      vertex 1.103183E+02 4.780000E+01 4.487581E+00
      vertex 1.103183E+02 4.580000E+01 4.487581E+00
    endloop
  endfacet
  facet normal 6.631188E-01 0.000000E+00 -7.485141E-01
    outer loop
      vertex 1.101018E+02 4.780000E+01 4.295747E+00
      vertex 1.103183E+02 4.780000E+01 4.487581E+00
      vertex 1.101018E+02 4.580000E+01 4.295747E+00
    endloop
  endfacet
  facet normal 4.647259E-01 0.000000E+00 -8.854546E-01
    outer loop
      vertex 1.103183E+02 4.580000E+01 4.487581E+00
      vertex 1.105745E+02 4.780000E+01 4.622019E+00
      vertex 1.105745E+02 4.580000E+01 4.622019E+00
    endloop
  endfacet
  facet normal 4.647259E-01 0.000000E+00 -8.854546E-01
    outer loop
      vertex 1.103183E+02 4.780000E+01 4.487581E+00
      vertex 1.105745E+02 4.780000E+01 4.622019E+00
      vertex 1.103183E+02 4.580000E+01 4.487581E+00
    endloop
  endfacet
  facet normal 2.393152E-01 0.000000E+00 -9.709419E-01
    outer loop
      vertex 1.105745E+02 4.580000E+01 4.622019E+00
      vertex 1.108554E+02 4.780000E+01 4.691251E+00
      vertex 1.108554E+02 4.580000E+01 4.691251E+00
    endloop
  endfacet
  facet normal 2.393152E-01 0.000000E+00 -9.709419E-01
    outer loop
      vertex 1.105745E+02 4.780000E+01 4.622019E+00
      vertex 1.108554E+02 4.780000E+01 4.691251E+00
      vertex 1.105745E+02 4.580000E+01 4.622019E+00
    endloop
  endfacet
  facet normal 0.000000E+00 0.000000E+00 -1.000000E+00
    outer loop
      vertex 1.108554E+02 4.580000E+01 4.691251E+00
      vertex 1.111446E+02 4.780000E+01 4.691251E+00
      vertex 1.111446E+02 4.580000E+01 4.691251E+00
    endloop
  endfacet
  facet normal 0.000000E+00 0.000000E+00 -1.000000E+00
    outer loop
      vertex 1.108554E+02 4.780000E+01 4.691251E+00
      vertex 1.111446E+02 4.780000E+01 4.691251E+00
      vertex 1.108554E+02 4.580000E+01 4.691251E+00
    endloop
  endfacet
  facet normal -2.393152E-01 0.000000E+00 -9.709419E-01
    outer loop
      vertex 1.111446E+02 4.580000E+01 4.691251E+00
      vertex 1.114255E+02 4.780000E+01 4.622019E+00
      vertex 1.114255E+02 4.580000E+01 4.622019E+00
    endloop
  endfacet
  facet normal -2.393152E-01 -0.000000E+00 -9.709419E-01
    outer loop
      vertex 1.111446E+02 4.780000E+01 4.691251E+00
      vertex 1.114255E+02 4.780000E+01 4.622019E+00
      vertex 1.111446E+02 4.580000E+01 4.691251E+00
    endloop
  endfacet
  facet normal -4.647259E-01 0.000000E+00 -8.854546E-01
    outer loop
      vertex 1.114255E+02 4.580000E+01 4.622019E+00
      vertex 1.116817E+02 4.780000E+01 4.487581E+00
      vertex 1.116817E+02 4.580000E+01 4.487581E+00
    endloop
  endfacet
  facet normal -4.647259E-01 -0.000000E+00 -8.854546E-01
    outer loop
      vertex 1.114255E+02 4.780000E+01 4.622019E+00
      vertex 1.116817E+02 4.780000E+01 4.487581E+00
      vertex 1.114255E+02 4.580000E+01 4.622019E+00
    endloop
  endfacet
  facet normal -6.631188E-01 0.000000E+00 -7.485141E-01
    outer loop
      vertex 1.116817E+02 4.580000E+01 4.487581E+00
      vertex 1.118982E+02 4.780000E+01 4.295747E+00
      vertex 1.118982E+02 4.580000E+01 4.295747E+00
    endloop
  endfacet
  facet normal -6.631188E-01 -0.000000E+00 -7.485141E-01
    outer loop
      vertex 1.116817E+02 4.780000E+01 4.487581E+00
      vertex 1.118982E+02 4.780000E+01 4.295747E+00
      vertex 1.116817E+02 4.580000E+01 4.487581E+00
    endloop
  endfacet
  facet normal -8.229918E-01 0.000000E+00 -5.680532E-01
    outer loop
      vertex 1.118982E+02 4.580000E+01 4.295747E+00
      vertex 1.120625E+02 4.780000E+01 4.057668E+00
      vertex 1.120625E+02 4.580000E+01 4.057668E+00
    endloop
  endfacet
  facet normal -8.229918E-01 -0.000000E+00 -5.680532E-01
    outer loop
      vertex 1.118982E+02 4.780000E+01 4.295747E+00
      vertex 1.120625E+02 4.780000E+01 4.057668E+00
      vertex 1.118982E+02 4.580000E+01 4.295747E+00
    endloop
  endfacet
  facet normal -9.350141E-01 0.000000E+00 -3.546106E-01
    outer loop
      vertex 1.120625E+02 4.580000E+01 4.057668E+00
      vertex 1.121651E+02 4.780000E+01 3.787179E+00
      vertex 1.121651E+02 4.580000E+01 3.787179E+00
    endloop
  endfacet
  facet normal -9.350141E-01 -0.000000E+00 -3.546106E-01
    outer loop
      vertex 1.120625E+02 4.780000E+01 4.057668E+00
      vertex 1.121651E+02 4.780000E+01 3.787179E+00
      vertex 1.120625E+02 4.580000E+01 4.057668E+00
    endloop
  endfacet
  facet normal -9.927104E-01 0.000000E+00 -1.205248E-01
    outer loop
      vertex 1.121651E+02 4.580000E+01 3.787179E+00
      vertex 1.122000E+02 4.780000E+01 3.500000E+00
      vertex 1.122000E+02 4.580000E+01 3.500000E+00
    endloop
  endfacet
  facet normal -9.927104E-01 -0.000000E+00 -1.205248E-01
    outer loop
      vertex 1.121651E+02 4.780000E+01 3.787179E+00
      vertex 1.122000E+02 4.780000E+01 3.500000E+00
      vertex 1.121651E+02 4.580000E+01 3.787179E+00
    endloop
  endfacet
  facet normal 9.927091E-01 0.000000E+00 -1.205346E-01
    outer loop
      vertex 1.380000E+01 -1.980000E+01 3.500000E+00
      vertex 1.383487E+01 -1.980000E+01 3.787179E+00
      vertex 1.380000E+01 -2.180000E+01 3.500000E+00
    endloop
  endfacet
  facet normal 9.927091E-01 0.000000E+00 -1.205346E-01
    outer loop
      vertex 1.380000E+01 -2.180000E+01 3.500000E+00
      vertex 1.383487E+01 -1.980000E+01 3.787179E+00
      vertex 1.383487E+01 -2.180000E+01 3.787179E+00
    endloop
  endfacet
  facet normal 9.350163E-01 0.000000E+00 -3.546049E-01
    outer loop
      vertex 1.383487E+01 -2.180000E+01 3.787179E+00
      vertex 1.393745E+01 -1.980000E+01 4.057668E+00
      vertex 1.393745E+01 -2.180000E+01 4.057668E+00
    endloop
  endfacet
  facet normal 9.350163E-01 0.000000E+00 -3.546049E-01
    outer loop
      vertex 1.383487E+01 -1.980000E+01 3.787179E+00
      vertex 1.393745E+01 -1.980000E+01 4.057668E+00
      vertex 1.383487E+01 -2.180000E+01 3.787179E+00
    endloop
  endfacet
  facet normal 8.229825E-01 0.000000E+00 -5.680666E-01
    outer loop
      vertex 1.393745E+01 -2.180000E+01 4.057668E+00
      vertex 1.410179E+01 -1.980000E+01 4.295747E+00
      vertex 1.410179E+01 -2.180000E+01 4.295747E+00
    endloop
  endfacet
  facet normal 8.229825E-01 0.000000E+00 -5.680666E-01
    outer loop
      vertex 1.393745E+01 -1.980000E+01 4.057668E+00
      vertex 1.410179E+01 -1.980000E+01 4.295747E+00
      vertex 1.393745E+01 -2.180000E+01 4.057668E+00
    endloop
  endfacet
  facet normal 6.631237E-01 0.000000E+00 -7.485098E-01
    outer loop
      vertex 1.410179E+01 -2.180000E+01 4.295747E+00
      vertex 1.431832E+01 -1.980000E+01 4.487581E+00
      vertex 1.431832E+01 -2.180000E+01 4.487581E+00
    endloop
  endfacet
  facet normal 6.631237E-01 0.000000E+00 -7.485098E-01
    outer loop
      vertex 1.410179E+01 -1.980000E+01 4.295747E+00
      vertex 1.431832E+01 -1.980000E+01 4.487581E+00
      vertex 1.410179E+01 -2.180000E+01 4.295747E+00
    endloop
  endfacet
  facet normal 4.647218E-01 0.000000E+00 -8.854567E-01
    outer loop
      vertex 1.431832E+01 -2.180000E+01 4.487581E+00
      vertex 1.457447E+01 -1.980000E+01 4.622019E+00
      vertex 1.457447E+01 -2.180000E+01 4.622019E+00
    endloop
  endfacet
  facet normal 4.647218E-01 0.000000E+00 -8.854567E-01
    outer loop
      vertex 1.431832E+01 -1.980000E+01 4.487581E+00
      vertex 1.457447E+01 -1.980000E+01 4.622019E+00
      vertex 1.431832E+01 -2.180000E+01 4.487581E+00
    endloop
  endfacet
  facet normal 2.393168E-01 0.000000E+00 -9.709415E-01
    outer loop
      vertex 1.457447E+01 -2.180000E+01 4.622019E+00
      vertex 1.485536E+01 -1.980000E+01 4.691251E+00
      vertex 1.485536E+01 -2.180000E+01 4.691251E+00
    endloop
  endfacet
  facet normal 2.393168E-01 0.000000E+00 -9.709415E-01
    outer loop
      vertex 1.457447E+01 -1.980000E+01 4.622019E+00
      vertex 1.485536E+01 -1.980000E+01 4.691251E+00
      vertex 1.457447E+01 -2.180000E+01 4.622019E+00
    endloop
  endfacet
  facet normal 0.000000E+00 0.000000E+00 -1.000000E+00
    outer loop
      vertex 1.485536E+01 -2.180000E+01 4.691251E+00
      vertex 1.514464E+01 -1.980000E+01 4.691251E+00
      vertex 1.514464E+01 -2.180000E+01 4.691251E+00
    endloop
  endfacet
  facet normal 0.000000E+00 0.000000E+00 -1.000000E+00
    outer loop
      vertex 1.485536E+01 -1.980000E+01 4.691251E+00
      vertex 1.514464E+01 -1.980000E+01 4.691251E+00
      vertex 1.485536E+01 -2.180000E+01 4.691251E+00
    endloop
  endfacet
  facet normal -2.393168E-01 0.000000E+00 -9.709415E-01
    outer loop
      vertex 1.514464E+01 -2.180000E+01 4.691251E+00
      vertex 1.542553E+01 -1.980000E+01 4.622019E+00
      vertex 1.542553E+01 -2.180000E+01 4.622019E+00
    endloop
  endfacet
  facet normal -2.393168E-01 -0.000000E+00 -9.709415E-01
    outer loop
      vertex 1.514464E+01 -1.980000E+01 4.691251E+00
      vertex 1.542553E+01 -1.980000E+01 4.622019E+00
      vertex 1.514464E+01 -2.180000E+01 4.691251E+00
    endloop
  endfacet
  facet normal -4.647218E-01 0.000000E+00 -8.854567E-01
    outer loop
      vertex 1.542553E+01 -2.180000E+01 4.622019E+00
      vertex 1.568168E+01 -1.980000E+01 4.487581E+00
      vertex 1.568168E+01 -2.180000E+01 4.487581E+00
    endloop
  endfacet
  facet normal -4.647218E-01 -0.000000E+00 -8.854567E-01
    outer loop
      vertex 1.542553E+01 -1.980000E+01 4.622019E+00
      vertex 1.568168E+01 -1.980000E+01 4.487581E+00
      vertex 1.542553E+01 -2.180000E+01 4.622019E+00
    endloop
  endfacet
  facet normal -6.631237E-01 0.000000E+00 -7.485098E-01
    outer loop
      vertex 1.568168E+01 -2.180000E+01 4.487581E+00
      vertex 1.589821E+01 -1.980000E+01 4.295747E+00
      vertex 1.589821E+01 -2.180000E+01 4.295747E+00
    endloop
  endfacet
  facet normal -6.631237E-01 -0.000000E+00 -7.485098E-01
    outer loop
      vertex 1.568168E+01 -1.980000E+01 4.487581E+00
      vertex 1.589821E+01 -1.980000E+01 4.295747E+00
      vertex 1.568168E+01 -2.180000E+01 4.487581E+00
    endloop
  endfacet
  facet normal -8.229825E-01 0.000000E+00 -5.680666E-01
    outer loop
      vertex 1.589821E+01 -2.180000E+01 4.295747E+00
      vertex 1.606255E+01 -1.980000E+01 4.057668E+00
      vertex 1.606255E+01 -2.180000E+01 4.057668E+00
    endloop
  endfacet
  facet normal -8.229825E-01 -0.000000E+00 -5.680666E-01
    outer loop
      vertex 1.589821E+01 -1.980000E+01 4.295747E+00
      vertex 1.606255E+01 -1.980000E+01 4.057668E+00
      vertex 1.589821E+01 -2.180000E+01 4.295747E+00
    endloop
  endfacet
  facet normal -9.350163E-01 0.000000E+00 -3.546049E-01
    outer loop
      vertex 1.606255E+01 -2.180000E+01 4.057668E+00
      vertex 1.616513E+01 -1.980000E+01 3.787179E+00
      vertex 1.616513E+01 -2.180000E+01 3.787179E+00
    endloop
  endfacet
  facet normal -9.350163E-01 -0.000000E+00 -3.546049E-01
    outer loop
      vertex 1.606255E+01 -1.980000E+01 4.057668E+00
      vertex 1.616513E+01 -1.980000E+01 3.787179E+00
      vertex 1.606255E+01 -2.180000E+01 4.057668E+00
    endloop
  endfacet
  facet normal -9.927087E-01 0.000000E+00 -1.205378E-01
    outer loop
      vertex 1.616513E+01 -2.180000E+01 3.787179E+00
      vertex 1.620000E+01 -1.980000E+01 3.500000E+00
      vertex 1.620000E+01 -2.180000E+01 3.500000E+00
    endloop
  endfacet
  facet normal -9.927087E-01 -0.000000E+00 -1.205378E-01
    outer loop
      vertex 1.616513E+01 -1.980000E+01 3.787179E+00
      vertex 1.620000E+01 -1.980000E+01 3.500000E+00
      vertex 1.616513E+01 -2.180000E+01 3.787179E+00
    endloop
  endfacet
  facet normal 9.927091E-01 0.000000E+00 -1.205346E-01
    outer loop
      vertex 1.380000E+01 4.780000E+01 3.500000E+00
      vertex 1.383487E+01 4.780000E+01 3.787179E+00
      vertex 1.380000E+01 4.580000E+01 3.500000E+00
    endloop
  endfacet
  facet normal 9.927091E-01 0.000000E+00 -1.205346E-01
    outer loop
      vertex 1.380000E+01 4.580000E+01 3.500000E+00
      vertex 1.383487E+01 4.780000E+01 3.787179E+00
      vertex 1.383487E+01 4.580000E+01 3.787179E+00
    endloop
  endfacet
  facet normal 9.350163E-01 0.000000E+00 -3.546049E-01
    outer loop
      vertex 1.383487E+01 4.580000E+01 3.787179E+00
      vertex 1.393745E+01 4.780000E+01 4.057668E+00
      vertex 1.393745E+01 4.580000E+01 4.057668E+00
    endloop
  endfacet
  facet normal 9.350163E-01 0.000000E+00 -3.546049E-01
    outer loop
      vertex 1.383487E+01 4.780000E+01 3.787179E+00
      vertex 1.393745E+01 4.780000E+01 4.057668E+00
      vertex 1.383487E+01 4.580000E+01 3.787179E+00
    endloop
  endfacet
  facet normal 8.229825E-01 0.000000E+00 -5.680666E-01
    outer loop
      vertex 1.393745E+01 4.580000E+01 4.057668E+00
      vertex 1.410179E+01 4.780000E+01 4.295747E+00
      vertex 1.410179E+01 4.580000E+01 4.295747E+00
    endloop
  endfacet
  facet normal 8.229825E-01 0.000000E+00 -5.680666E-01
    outer loop
      vertex 1.393745E+01 4.780000E+01 4.057668E+00
      vertex 1.410179E+01 4.780000E+01 4.295747E+00
      vertex 1.393745E+01 4.580000E+01 4.057668E+00
    endloop
  endfacet
  facet normal 6.631237E-01 0.000000E+00 -7.485098E-01
    outer loop
      vertex 1.410179E+01 4.580000E+01 4.295747E+00
      vertex 1.431832E+01 4.780000E+01 4.487581E+00
      vertex 1.431832E+01 4.580000E+01 4.487581E+00
    endloop
  endfacet
  facet normal 6.631237E-01 0.000000E+00 -7.485098E-01
    outer loop
      vertex 1.410179E+01 4.780000E+01 4.295747E+00
      vertex 1.431832E+01 4.780000E+01 4.487581E+00
      vertex 1.410179E+01 4.580000E+01 4.295747E+00
    endloop
  endfacet
  facet normal 4.647218E-01 0.000000E+00 -8.854567E-01
    outer loop
      vertex 1.431832E+01 4.580000E+01 4.487581E+00
      vertex 1.457447E+01 4.780000E+01 4.622019E+00
      vertex 1.457447E+01 4.580000E+01 4.622019E+00
    endloop
  endfacet
  facet normal 4.647218E-01 0.000000E+00 -8.854567E-01
    outer loop
      vertex 1.431832E+01 4.780000E+01 4.487581E+00
      vertex 1.457447E+01 4.780000E+01 4.622019E+00
      vertex 1.431832E+01 4.580000E+01 4.487581E+00
    endloop
  endfacet
  facet normal 2.393168E-01 0.000000E+00 -9.709415E-01
    outer loop
      vertex 1.457447E+01 4.580000E+01 4.622019E+00
      vertex 1.485536E+01 4.780000E+01 4.691251E+00
      vertex 1.485536E+01 4.580000E+01 4.691251E+00
    endloop
  endfacet
  facet normal 2.393168E-01 0.000000E+00 -9.709415E-01
    outer loop
      vertex 1.457447E+01 4.780000E+01 4.622019E+00
      vertex 1.485536E+01 4.780000E+01 4.691251E+00
      vertex 1.457447E+01 4.580000E+01 4.622019E+00
    endloop
  endfacet
  facet normal 0.000000E+00 0.000000E+00 -1.000000E+00
    outer loop
      vertex 1.485536E+01 4.580000E+01 4.691251E+00
      vertex 1.514464E+01 4.780000E+01 4.691251E+00
      vertex 1.514464E+01 4.580000E+01 4.691251E+00
    endloop
  endfacet
  facet normal 0.000000E+00 0.000000E+00 -1.000000E+00
    outer loop
      vertex 1.485536E+01 4.780000E+01 4.691251E+00
      vertex 1.514464E+01 4.780000E+01 4.691251E+00
      vertex 1.485536E+01 4.580000E+01 4.691251E+00
    endloop
  endfacet
  facet normal -2.393168E-01 0.000000E+00 -9.709415E-01
    outer loop
      vertex 1.514464E+01 4.580000E+01 4.691251E+00
      vertex 1.542553E+01 4.780000E+01 4.622019E+00
      vertex 1.542553E+01 4.580000E+01 4.622019E+00
    endloop
  endfacet
  facet normal -2.393168E-01 -0.000000E+00 -9.709415E-01
    outer loop
      vertex 1.514464E+01 4.780000E+01 4.691251E+00
      vertex 1.542553E+01 4.780000E+01 4.622019E+00
      vertex 1.514464E+01 4.580000E+01 4.691251E+00
    endloop
  endfacet
  facet normal -4.647218E-01 0.000000E+00 -8.854567E-01
    outer loop
      vertex 1.542553E+01 4.580000E+01 4.622019E+00
      vertex 1.568168E+01 4.780000E+01 4.487581E+00
      vertex 1.568168E+01 4.580000E+01 4.487581E+00
    endloop
  endfacet
  facet normal -4.647218E-01 -0.000000E+00 -8.854567E-01
    outer loop
      vertex 1.542553E+01 4.780000E+01 4.622019E+00
      vertex 1.568168E+01 4.780000E+01 4.487581E+00
      vertex 1.542553E+01 4.580000E+01 4.622019E+00
    endloop
  endfacet
  facet normal -6.631237E-01 0.000000E+00 -7.485098E-01
    outer loop
      vertex 1.568168E+01 4.580000E+01 4.487581E+00
      vertex 1.589821E+01 4.780000E+01 4.295747E+00
      vertex 1.589821E+01 4.580000E+01 4.295747E+00
    endloop
  endfacet
  facet normal -6.631237E-01 -0.000000E+00 -7.485098E-01
    outer loop
      vertex 1.568168E+01 4.780000E+01 4.487581E+00
      vertex 1.589821E+01 4.780000E+01 4.295747E+00
      vertex 1.568168E+01 4.580000E+01 4.487581E+00
    endloop
  endfacet
  facet normal -8.229825E-01 0.000000E+00 -5.680666E-01
    outer loop
      vertex 1.589821E+01 4.580000E+01 4.295747E+00
      vertex 1.606255E+01 4.780000E+01 4.057668E+00
      vertex 1.606255E+01 4.580000E+01 4.057668E+00
    endloop
  endfacet
  facet normal -8.229825E-01 -0.000000E+00 -5.680666E-01
    outer loop
      vertex 1.589821E+01 4.780000E+01 4.295747E+00
      vertex 1.606255E+01 4.780000E+01 4.057668E+00
      vertex 1.589821E+01 4.580000E+01 4.295747E+00
    endloop
  endfacet
  facet normal -9.350163E-01 0.000000E+00 -3.546049E-01
    outer loop
      vertex 1.606255E+01 4.580000E+01 4.057668E+00
      vertex 1.616513E+01 4.780000E+01 3.787179E+00
      vertex 1.616513E+01 4.580000E+01 3.787179E+00
    endloop
  endfacet
  facet normal -9.350163E-01 -0.000000E+00 -3.546049E-01
    outer loop
      vertex 1.606255E+01 4.780000E+01 4.057668E+00
      vertex 1.616513E+01 4.780000E+01 3.787179E+00
      vertex 1.606255E+01 4.580000E+01 4.057668E+00
    endloop
  endfacet
  facet normal -9.927087E-01 0.000000E+00 -1.205378E-01
    outer loop
      vertex 1.616513E+01 4.580000E+01 3.787179E+00
      vertex 1.620000E+01 4.780000E+01 3.500000E+00
      vertex 1.620000E+01 4.580000E+01 3.500000E+00
    endloop
  endfacet
  facet normal -9.927087E-01 -0.000000E+00 -1.205378E-01
    outer loop
      vertex 1.616513E+01 4.780000E+01 3.787179E+00
      vertex 1.620000E+01 4.780000E+01 3.500000E+00
      vertex 1.616513E+01 4.580000E+01 3.787179E+00
    endloop
  endfacet
  facet normal 0.000000E+00 1.000000E+00 0.000000E+00
    outer loop
      vertex 5.000000E+00 4.780000E+01 1.500000E+00
      vertex 1.383342E+01 4.780000E+01 3.218753E+00
      vertex 1.393183E+01 4.780000E+01 2.953174E+00
    endloop
  endfacet
  facet normal 0.000000E+00 1.000000E+00 0.000000E+00
    outer loop
      vertex 5.000000E+00 4.780000E+01 1.500000E+00
      vertex 1.393183E+01 4.780000E+01 2.953174E+00
      vertex 1.408975E+01 4.780000E+01 2.718056E+00
    endloop
  endfacet
  facet normal 0.000000E+00 1.000000E+00 0.000000E+00
    outer loop
      vertex 5.000000E+00 4.780000E+01 1.500000E+00
      vertex 1.408975E+01 4.780000E+01 2.718056E+00
      vertex 1.429836E+01 4.780000E+01 2.526497E+00
    endloop
  endfacet
  facet normal 0.000000E+00 1.000000E+00 0.000000E+00
    outer loop
      vertex 5.000000E+00 4.780000E+01 1.500000E+00
      vertex 1.429836E+01 4.780000E+01 2.526497E+00
      vertex 1.454607E+01 4.780000E+01 2.389168E+00
    endloop
  endfacet
  facet normal -0.000000E+00 1.000000E+00 0.000000E+00
    outer loop
      vertex 1.111446E+02 4.780000E+01 4.691251E+00
      vertex 1.160000E+02 4.780000E+01 8.000000E+00
      vertex 1.114255E+02 4.780000E+01 4.622019E+00
    endloop
  endfacet
  facet normal 0.000000E+00 1.000000E+00 0.000000E+00
    outer loop
      vertex 5.000000E+00 4.780000E+01 1.500000E+00
      vertex 1.454607E+01 4.780000E+01 2.389168E+00
      vertex 1.481906E+01 4.780000E+01 2.313720E+00
    endloop
  endfacet
  facet normal 0.000000E+00 1.000000E+00 0.000000E+00
    outer loop
      vertex 5.000000E+00 4.780000E+01 1.500000E+00
      vertex 1.481906E+01 4.780000E+01 2.313720E+00
      vertex 1.510213E+01 4.780000E+01 2.304354E+00
    endloop
  endfacet
  facet normal 0.000000E+00 1.000000E+00 0.000000E+00
    outer loop
      vertex 1.598532E+01 4.780000E+01 2.815057E+00
      vertex 2.500000E+01 4.780000E+01 1.500000E+00
      vertex 1.582744E+01 4.780000E+01 2.630896E+00
    endloop
  endfacet
  facet normal -0.000000E+00 1.000000E+00 0.000000E+00
    outer loop
      vertex 1.210000E+02 4.780000E+01 1.500000E+00
      vertex 1.328000E+02 4.780000E+01 1.500000E+00
      vertex 1.328000E+02 4.780000E+01 -5.853812E-15
    endloop
  endfacet
  facet normal -0.000000E+00 1.000000E+00 0.000000E+00
    outer loop
      vertex 5.000000E+00 4.780000E+01 3.000000E+00
      vertex 1.383342E+01 4.780000E+01 3.218753E+00
      vertex 5.000000E+00 4.780000E+01 1.500000E+00
    endloop
  endfacet
  facet normal -0.000000E+00 1.000000E+00 0.000000E+00
    outer loop
      vertex 1.563575E+01 4.780000E+01 2.482249E+00
      vertex 1.582744E+01 4.780000E+01 2.630896E+00
      vertex 2.500000E+01 4.780000E+01 1.500000E+00
    endloop
  endfacet
  facet normal 0.000000E+00 1.000000E+00 0.000000E+00
    outer loop
      vertex 5.000000E+00 4.780000E+01 3.000000E+00
      vertex 1.380000E+01 4.780000E+01 3.500000E+00
      vertex 1.383342E+01 4.780000E+01 3.218753E+00
    endloop
  endfacet
  facet normal 0.000000E+00 1.000000E+00 0.000000E+00
    outer loop
      vertex 1.000000E+01 4.780000E+01 8.000000E+00
      vertex 1.514464E+01 4.780000E+01 4.691251E+00
      vertex 1.485536E+01 4.780000E+01 4.691251E+00
    endloop
  endfacet
  facet normal 0.000000E+00 1.000000E+00 0.000000E+00
    outer loop
      vertex 1.610293E+01 4.780000E+01 3.027205E+00
      vertex 2.500000E+01 4.780000E+01 1.500000E+00
      vertex 1.598532E+01 4.780000E+01 2.815057E+00
    endloop
  endfacet
  facet normal -0.000000E+00 1.000000E+00 0.000000E+00
    outer loop
      vertex 1.000000E+01 4.780000E+01 8.000000E+00
      vertex 2.000000E+01 4.780000E+01 8.000000E+00
      vertex 1.514464E+01 4.780000E+01 4.691251E+00
    endloop
  endfacet
  facet normal 0.000000E+00 1.000000E+00 0.000000E+00
    outer loop
      vertex 1.000000E+01 4.780000E+01 8.000000E+00
      vertex 1.485536E+01 4.780000E+01 4.691251E+00
      vertex 1.457447E+01 4.780000E+01 4.622019E+00
    endloop
  endfacet
  facet normal 0.000000E+00 1.000000E+00 0.000000E+00
    outer loop
      vertex 1.000000E+01 4.780000E+01 8.000000E+00
      vertex 1.457447E+01 4.780000E+01 4.622019E+00
      vertex 1.431832E+01 4.780000E+01 4.487581E+00
    endloop
  endfacet
  facet normal 0.000000E+00 1.000000E+00 0.000000E+00
    outer loop
      vertex 1.000000E+01 4.780000E+01 8.000000E+00
      vertex 1.431832E+01 4.780000E+01 4.487581E+00
      vertex 1.410179E+01 4.780000E+01 4.295747E+00
    endloop
  endfacet
  facet normal 0.000000E+00 1.000000E+00 0.000000E+00
    outer loop
      vertex 1.000000E+01 4.780000E+01 8.000000E+00
      vertex 1.410179E+01 4.780000E+01 4.295747E+00
      vertex 1.393745E+01 4.780000E+01 4.057668E+00
    endloop
  endfacet
  facet normal 0.000000E+00 1.000000E+00 0.000000E+00
    outer loop
      vertex 1.000000E+01 4.780000E+01 8.000000E+00
      vertex 1.393745E+01 4.780000E+01 4.057668E+00
      vertex 1.383487E+01 4.780000E+01 3.787179E+00
    endloop
  endfacet
  facet normal 0.000000E+00 1.000000E+00 0.000000E+00
    outer loop
      vertex 1.000000E+01 4.780000E+01 8.000000E+00
      vertex 1.383487E+01 4.780000E+01 3.787179E+00
      vertex 1.380000E+01 4.780000E+01 3.500000E+00
    endloop
  endfacet
  facet normal 0.000000E+00 1.000000E+00 0.000000E+00
    outer loop
      vertex 5.096074E+00 4.780000E+01 3.975452E+00
      vertex 1.380000E+01 4.780000E+01 3.500000E+00
      vertex 5.000000E+00 4.780000E+01 3.000000E+00
    endloop
  endfacet
  facet normal -0.000000E+00 1.000000E+00 0.000000E+00
    outer loop
      vertex 1.537951E+01 4.780000E+01 2.361593E+00
      vertex 1.563575E+01 4.780000E+01 2.482249E+00
      vertex 2.500000E+01 4.780000E+01 1.500000E+00
    endloop
  endfacet
  facet normal -0.000000E+00 1.000000E+00 0.000000E+00
    outer loop
      vertex 9.024549E+00 4.780000E+01 7.903926E+00
      vertex 1.000000E+01 4.780000E+01 8.000000E+00
      vertex 1.380000E+01 4.780000E+01 3.500000E+00
    endloop
  endfacet
  facet normal 0.000000E+00 1.000000E+00 0.000000E+00
    outer loop
      vertex 5.380602E+00 4.780000E+01 4.913417E+00
      vertex 1.380000E+01 4.780000E+01 3.500000E+00
      vertex 5.096074E+00 4.780000E+01 3.975452E+00
    endloop
  endfacet
  facet normal 0.000000E+00 1.000000E+00 0.000000E+00
    outer loop
      vertex 1.617548E+01 4.780000E+01 3.258672E+00
      vertex 2.500000E+01 4.780000E+01 1.500000E+00
      vertex 1.610293E+01 4.780000E+01 3.027205E+00
    endloop
  endfacet
  facet normal -0.000000E+00 1.000000E+00 0.000000E+00
    outer loop
      vertex 8.086583E+00 4.780000E+01 7.619398E+00
      vertex 9.024549E+00 4.780000E+01 7.903926E+00
      vertex 1.380000E+01 4.780000E+01 3.500000E+00
    endloop
  endfacet
  facet normal 0.000000E+00 1.000000E+00 0.000000E+00
    outer loop
      vertex 5.842652E+00 4.780000E+01 5.777851E+00
      vertex 1.380000E+01 4.780000E+01 3.500000E+00
      vertex 5.380602E+00 4.780000E+01 4.913417E+00
    endloop
  endfacet
  facet normal 0.000000E+00 1.000000E+00 0.000000E+00
    outer loop
      vertex 1.617548E+01 4.780000E+01 3.258672E+00
      vertex 2.500000E+01 4.780000E+01 3.000000E+00
      vertex 2.500000E+01 4.780000E+01 1.500000E+00
    endloop
  endfacet
  facet normal -0.000000E+00 1.000000E+00 0.000000E+00
    outer loop
      vertex 7.222149E+00 4.780000E+01 7.157348E+00
      vertex 8.086583E+00 4.780000E+01 7.619398E+00
      vertex 1.380000E+01 4.780000E+01 3.500000E+00
    endloop
  endfacet
  facet normal -0.000000E+00 1.000000E+00 0.000000E+00
    outer loop
      vertex 1.510213E+01 4.780000E+01 2.304354E+00
      vertex 1.537951E+01 4.780000E+01 2.361593E+00
      vertex 2.500000E+01 4.780000E+01 1.500000E+00
    endloop
  endfacet
  facet normal -0.000000E+00 1.000000E+00 0.000000E+00
    outer loop
      vertex 1.010000E+02 4.780000E+01 1.500000E+00
      vertex 1.210000E+02 4.780000E+01 1.500000E+00
      vertex 1.328000E+02 4.780000E+01 -5.853812E-15
    endloop
  endfacet
  facet normal 0.000000E+00 1.000000E+00 0.000000E+00
    outer loop
      vertex 1.010000E+02 4.780000E+01 1.500000E+00
      vertex 1.110000E+02 4.780000E+01 2.300000E+00
      vertex 1.210000E+02 4.780000E+01 1.500000E+00
    endloop
  endfacet
  facet normal 0.000000E+00 1.000000E+00 0.000000E+00
    outer loop
      vertex 6.464466E+00 4.780000E+01 6.535534E+00
      vertex 1.380000E+01 4.780000E+01 3.500000E+00
      vertex 5.842652E+00 4.780000E+01 5.777851E+00
    endloop
  endfacet
  facet normal -0.000000E+00 1.000000E+00 0.000000E+00
    outer loop
      vertex 6.464466E+00 4.780000E+01 6.535534E+00
      vertex 7.222149E+00 4.780000E+01 7.157348E+00
      vertex 1.380000E+01 4.780000E+01 3.500000E+00
    endloop
  endfacet
  facet normal 0.000000E+00 1.000000E+00 0.000000E+00
    outer loop
      vertex 1.620000E+01 4.780000E+01 3.500000E+00
      vertex 2.500000E+01 4.780000E+01 3.000000E+00
      vertex 1.617548E+01 4.780000E+01 3.258672E+00
    endloop
  endfacet
  facet normal 0.000000E+00 1.000000E+00 0.000000E+00
    outer loop
      vertex 1.620000E+01 4.780000E+01 3.500000E+00
      vertex 2.277785E+01 4.780000E+01 7.157348E+00
      vertex 2.353553E+01 4.780000E+01 6.535534E+00
    endloop
  endfacet
  facet normal 0.000000E+00 1.000000E+00 0.000000E+00
    outer loop
      vertex 1.010000E+02 4.780000E+01 1.500000E+00
      vertex 1.098301E+02 4.780000E+01 3.232975E+00
      vertex 1.099188E+02 4.780000E+01 2.979340E+00
    endloop
  endfacet
  facet normal 0.000000E+00 1.000000E+00 0.000000E+00
    outer loop
      vertex 1.620000E+01 4.780000E+01 3.500000E+00
      vertex 2.191342E+01 4.780000E+01 7.619398E+00
      vertex 2.277785E+01 4.780000E+01 7.157348E+00
    endloop
  endfacet
  facet normal 0.000000E+00 1.000000E+00 0.000000E+00
    outer loop
      vertex 1.010000E+02 4.780000E+01 1.500000E+00
      vertex 1.099188E+02 4.780000E+01 2.979340E+00
      vertex 1.100618E+02 4.780000E+01 2.751812E+00
    endloop
  endfacet
  facet normal 0.000000E+00 1.000000E+00 0.000000E+00
    outer loop
      vertex 1.620000E+01 4.780000E+01 3.500000E+00
      vertex 2.097545E+01 4.780000E+01 7.903926E+00
      vertex 2.191342E+01 4.780000E+01 7.619398E+00
    endloop
  endfacet
  facet normal 0.000000E+00 1.000000E+00 0.000000E+00
    outer loop
      vertex 1.010000E+02 4.780000E+01 1.500000E+00
      vertex 1.100618E+02 4.780000E+01 2.751812E+00
      vertex 1.102518E+02 4.780000E+01 2.561802E+00
    endloop
  endfacet
  facet normal 0.000000E+00 1.000000E+00 0.000000E+00
    outer loop
      vertex -6.800000E+00 4.780000E+01 -5.853812E-15
      vertex 5.000000E+00 4.780000E+01 1.500000E+00
      vertex 2.500000E+01 4.780000E+01 1.500000E+00
    endloop
  endfacet
  facet normal -0.000000E+00 1.000000E+00 0.000000E+00
    outer loop
      vertex 1.620000E+01 4.780000E+01 3.500000E+00
      vertex 2.490393E+01 4.780000E+01 3.975452E+00
      vertex 2.500000E+01 4.780000E+01 3.000000E+00
    endloop
  endfacet
  facet normal 0.000000E+00 1.000000E+00 0.000000E+00
    outer loop
      vertex 1.010000E+02 4.780000E+01 1.500000E+00
      vertex 1.102518E+02 4.780000E+01 2.561802E+00
      vertex 1.104793E+02 4.780000E+01 2.418837E+00
    endloop
  endfacet
  facet normal 0.000000E+00 1.000000E+00 0.000000E+00
    outer loop
      vertex 1.119382E+02 4.780000E+01 2.751812E+00
      vertex 1.210000E+02 4.780000E+01 1.500000E+00
      vertex 1.117482E+02 4.780000E+01 2.561802E+00
    endloop
  endfacet
  facet normal 0.000000E+00 1.000000E+00 0.000000E+00
    outer loop
      vertex 1.620000E+01 4.780000E+01 3.500000E+00
      vertex 2.461940E+01 4.780000E+01 4.913417E+00
      vertex 2.490393E+01 4.780000E+01 3.975452E+00
    endloop
  endfacet
  facet normal 0.000000E+00 1.000000E+00 0.000000E+00
    outer loop
      vertex 1.010000E+02 4.780000E+01 1.500000E+00
      vertex 1.104793E+02 4.780000E+01 2.418837E+00
      vertex 1.107330E+02 4.780000E+01 2.330086E+00
    endloop
  endfacet
  facet normal 0.000000E+00 1.000000E+00 0.000000E+00
    outer loop
      vertex -6.800000E+00 4.780000E+01 -5.853812E-15
      vertex 2.500000E+01 4.780000E+01 1.500000E+00
      vertex 1.328000E+02 4.780000E+01 -5.853812E-15
    endloop
  endfacet
  facet normal 0.000000E+00 1.000000E+00 0.000000E+00
    outer loop
      vertex 1.620000E+01 4.780000E+01 3.500000E+00
      vertex 2.415735E+01 4.780000E+01 5.777851E+00
      vertex 2.461940E+01 4.780000E+01 4.913417E+00
    endloop
  endfacet
  facet normal 0.000000E+00 1.000000E+00 0.000000E+00
    outer loop
      vertex 1.010000E+02 4.780000E+01 1.500000E+00
      vertex 1.107330E+02 4.780000E+01 2.330086E+00
      vertex 1.110000E+02 4.780000E+01 2.300000E+00
    endloop
  endfacet
  facet normal 0.000000E+00 1.000000E+00 0.000000E+00
    outer loop
      vertex 1.620000E+01 4.780000E+01 3.500000E+00
      vertex 2.353553E+01 4.780000E+01 6.535534E+00
      vertex 2.415735E+01 4.780000E+01 5.777851E+00
    endloop
  endfacet
  facet normal -0.000000E+00 1.000000E+00 0.000000E+00
    outer loop
      vertex 1.010000E+02 4.780000E+01 3.000000E+00
      vertex 1.098301E+02 4.780000E+01 3.232975E+00
      vertex 1.010000E+02 4.780000E+01 1.500000E+00
    endloop
  endfacet
  facet normal 0.000000E+00 1.000000E+00 0.000000E+00
    outer loop
      vertex 1.120812E+02 4.780000E+01 2.979340E+00
      vertex 1.210000E+02 4.780000E+01 1.500000E+00
      vertex 1.119382E+02 4.780000E+01 2.751812E+00
    endloop
  endfacet
  facet normal 0.000000E+00 1.000000E+00 0.000000E+00
    outer loop
      vertex 1.010000E+02 4.780000E+01 3.000000E+00
      vertex 1.098000E+02 4.780000E+01 3.500000E+00
      vertex 1.098301E+02 4.780000E+01 3.232975E+00
    endloop
  endfacet
  facet normal -0.000000E+00 1.000000E+00 0.000000E+00
    outer loop
      vertex -6.800000E+00 4.780000E+01 1.500000E+00
      vertex 5.000000E+00 4.780000E+01 1.500000E+00
      vertex -6.800000E+00 4.780000E+01 -5.853812E-15
    endloop
  endfacet
  facet normal -0.000000E+00 1.000000E+00 0.000000E+00
    outer loop
      vertex 1.060000E+02 4.780000E+01 8.000000E+00
      vertex 1.160000E+02 4.780000E+01 8.000000E+00
      vertex 1.111446E+02 4.780000E+01 4.691251E+00
    endloop
  endfacet
  facet normal -0.000000E+00 1.000000E+00 0.000000E+00
    outer loop
      vertex 1.115207E+02 4.780000E+01 2.418837E+00
      vertex 1.117482E+02 4.780000E+01 2.561802E+00
      vertex 1.210000E+02 4.780000E+01 1.500000E+00
    endloop
  endfacet
  facet normal 0.000000E+00 1.000000E+00 0.000000E+00
    outer loop
      vertex 1.060000E+02 4.780000E+01 8.000000E+00
      vertex 1.111446E+02 4.780000E+01 4.691251E+00
      vertex 1.108554E+02 4.780000E+01 4.691251E+00
    endloop
  endfacet
  facet normal 0.000000E+00 1.000000E+00 0.000000E+00
    outer loop
      vertex 1.060000E+02 4.780000E+01 8.000000E+00
      vertex 1.108554E+02 4.780000E+01 4.691251E+00
      vertex 1.105745E+02 4.780000E+01 4.622019E+00
    endloop
  endfacet
  facet normal 0.000000E+00 1.000000E+00 0.000000E+00
    outer loop
      vertex 1.060000E+02 4.780000E+01 8.000000E+00
      vertex 1.105745E+02 4.780000E+01 4.622019E+00
      vertex 1.103183E+02 4.780000E+01 4.487581E+00
    endloop
  endfacet
  facet normal 0.000000E+00 1.000000E+00 0.000000E+00
    outer loop
      vertex 1.060000E+02 4.780000E+01 8.000000E+00
      vertex 1.103183E+02 4.780000E+01 4.487581E+00
      vertex 1.101018E+02 4.780000E+01 4.295747E+00
    endloop
  endfacet
  facet normal 0.000000E+00 1.000000E+00 0.000000E+00
    outer loop
      vertex 1.060000E+02 4.780000E+01 8.000000E+00
      vertex 1.101018E+02 4.780000E+01 4.295747E+00
      vertex 1.099375E+02 4.780000E+01 4.057668E+00
    endloop
  endfacet
  facet normal 0.000000E+00 1.000000E+00 0.000000E+00
    outer loop
      vertex 1.060000E+02 4.780000E+01 8.000000E+00
      vertex 1.099375E+02 4.780000E+01 4.057668E+00
      vertex 1.098349E+02 4.780000E+01 3.787179E+00
    endloop
  endfacet
  facet normal 0.000000E+00 1.000000E+00 0.000000E+00
    outer loop
      vertex 1.060000E+02 4.780000E+01 8.000000E+00
      vertex 1.098349E+02 4.780000E+01 3.787179E+00
      vertex 1.098000E+02 4.780000E+01 3.500000E+00
    endloop
  endfacet
  facet normal -0.000000E+00 1.000000E+00 0.000000E+00
    outer loop
      vertex 1.050246E+02 4.780000E+01 7.903926E+00
      vertex 1.060000E+02 4.780000E+01 8.000000E+00
      vertex 1.098000E+02 4.780000E+01 3.500000E+00
    endloop
  endfacet
  facet normal 0.000000E+00 1.000000E+00 0.000000E+00
    outer loop
      vertex 1.121699E+02 4.780000E+01 3.232975E+00
      vertex 1.210000E+02 4.780000E+01 3.000000E+00
      vertex 1.210000E+02 4.780000E+01 1.500000E+00
    endloop
  endfacet
  facet normal 0.000000E+00 1.000000E+00 0.000000E+00
    outer loop
      vertex 1.010961E+02 4.780000E+01 3.975452E+00
      vertex 1.098000E+02 4.780000E+01 3.500000E+00
      vertex 1.010000E+02 4.780000E+01 3.000000E+00
    endloop
  endfacet
  facet normal 0.000000E+00 1.000000E+00 0.000000E+00
    outer loop
      vertex 1.121699E+02 4.780000E+01 3.232975E+00
      vertex 1.210000E+02 4.780000E+01 1.500000E+00
      vertex 1.120812E+02 4.780000E+01 2.979340E+00
    endloop
  endfacet
  facet normal 0.000000E+00 1.000000E+00 0.000000E+00
    outer loop
      vertex 2.000000E+01 4.780000E+01 8.000000E+00
      vertex 2.097545E+01 4.780000E+01 7.903926E+00
      vertex 1.620000E+01 4.780000E+01 3.500000E+00
    endloop
  endfacet
  facet normal 0.000000E+00 1.000000E+00 0.000000E+00
    outer loop
      vertex 2.000000E+01 4.780000E+01 8.000000E+00
      vertex 1.620000E+01 4.780000E+01 3.500000E+00
      vertex 1.616513E+01 4.780000E+01 3.787179E+00
    endloop
  endfacet
  facet normal -0.000000E+00 1.000000E+00 0.000000E+00
    outer loop
      vertex 1.040866E+02 4.780000E+01 7.619398E+00
      vertex 1.050246E+02 4.780000E+01 7.903926E+00
      vertex 1.098000E+02 4.780000E+01 3.500000E+00
    endloop
  endfacet
  facet normal 0.000000E+00 1.000000E+00 0.000000E+00
    outer loop
      vertex 2.000000E+01 4.780000E+01 8.000000E+00
      vertex 1.616513E+01 4.780000E+01 3.787179E+00
      vertex 1.606255E+01 4.780000E+01 4.057668E+00
    endloop
  endfacet
  facet normal 0.000000E+00 1.000000E+00 0.000000E+00
    outer loop
      vertex 1.013806E+02 4.780000E+01 4.913417E+00
      vertex 1.098000E+02 4.780000E+01 3.500000E+00
      vertex 1.010961E+02 4.780000E+01 3.975452E+00
    endloop
  endfacet
  facet normal -0.000000E+00 1.000000E+00 0.000000E+00
    outer loop
      vertex 1.112670E+02 4.780000E+01 2.330086E+00
      vertex 1.115207E+02 4.780000E+01 2.418837E+00
      vertex 1.210000E+02 4.780000E+01 1.500000E+00
    endloop
  endfacet
  facet normal -0.000000E+00 1.000000E+00 0.000000E+00
    outer loop
      vertex 1.589821E+01 4.780000E+01 4.295747E+00
      vertex 2.000000E+01 4.780000E+01 8.000000E+00
      vertex 1.606255E+01 4.780000E+01 4.057668E+00
    endloop
  endfacet
  facet normal -0.000000E+00 1.000000E+00 0.000000E+00
    outer loop
      vertex 1.110000E+02 4.780000E+01 2.300000E+00
      vertex 1.112670E+02 4.780000E+01 2.330086E+00
      vertex 1.210000E+02 4.780000E+01 1.500000E+00
    endloop
  endfacet
  facet normal 0.000000E+00 1.000000E+00 0.000000E+00
    outer loop
      vertex 1.018427E+02 4.780000E+01 5.777851E+00
      vertex 1.098000E+02 4.780000E+01 3.500000E+00
      vertex 1.013806E+02 4.780000E+01 4.913417E+00
    endloop
  endfacet
  facet normal -0.000000E+00 1.000000E+00 0.000000E+00
    outer loop
      vertex 1.032221E+02 4.780000E+01 7.157348E+00
      vertex 1.040866E+02 4.780000E+01 7.619398E+00
      vertex 1.098000E+02 4.780000E+01 3.500000E+00
    endloop
  endfacet
  facet normal 0.000000E+00 1.000000E+00 0.000000E+00
    outer loop
      vertex 1.024645E+02 4.780000E+01 6.535534E+00
      vertex 1.098000E+02 4.780000E+01 3.500000E+00
      vertex 1.018427E+02 4.780000E+01 5.777851E+00
    endloop
  endfacet
  facet normal 0.000000E+00 1.000000E+00 0.000000E+00
    outer loop
      vertex 1.122000E+02 4.780000E+01 3.500000E+00
      vertex 1.187779E+02 4.780000E+01 7.157348E+00
      vertex 1.195355E+02 4.780000E+01 6.535534E+00
    endloop
  endfacet
  facet normal -0.000000E+00 1.000000E+00 0.000000E+00
    outer loop
      vertex 1.568168E+01 4.780000E+01 4.487581E+00
      vertex 2.000000E+01 4.780000E+01 8.000000E+00
      vertex 1.589821E+01 4.780000E+01 4.295747E+00
    endloop
  endfacet
  facet normal -0.000000E+00 1.000000E+00 0.000000E+00
    outer loop
      vertex 1.024645E+02 4.780000E+01 6.535534E+00
      vertex 1.032221E+02 4.780000E+01 7.157348E+00
      vertex 1.098000E+02 4.780000E+01 3.500000E+00
    endloop
  endfacet
  facet normal 0.000000E+00 1.000000E+00 0.000000E+00
    outer loop
      vertex 1.122000E+02 4.780000E+01 3.500000E+00
      vertex 1.179134E+02 4.780000E+01 7.619398E+00
      vertex 1.187779E+02 4.780000E+01 7.157348E+00
    endloop
  endfacet
  facet normal 0.000000E+00 1.000000E+00 0.000000E+00
    outer loop
      vertex 1.122000E+02 4.780000E+01 3.500000E+00
      vertex 1.169754E+02 4.780000E+01 7.903926E+00
      vertex 1.179134E+02 4.780000E+01 7.619398E+00
    endloop
  endfacet
  facet normal -0.000000E+00 1.000000E+00 0.000000E+00
    outer loop
      vertex 1.122000E+02 4.780000E+01 3.500000E+00
      vertex 1.209039E+02 4.780000E+01 3.975452E+00
      vertex 1.210000E+02 4.780000E+01 3.000000E+00
    endloop
  endfacet
  facet normal 0.000000E+00 1.000000E+00 0.000000E+00
    outer loop
      vertex 1.122000E+02 4.780000E+01 3.500000E+00
      vertex 1.206194E+02 4.780000E+01 4.913417E+00
      vertex 1.209039E+02 4.780000E+01 3.975452E+00
    endloop
  endfacet
  facet normal -0.000000E+00 1.000000E+00 0.000000E+00
    outer loop
      vertex 2.500000E+01 4.780000E+01 1.500000E+00
      vertex 1.010000E+02 4.780000E+01 1.500000E+00
      vertex 1.328000E+02 4.780000E+01 -5.853812E-15
    endloop
  endfacet
  facet normal 0.000000E+00 1.000000E+00 0.000000E+00
    outer loop
      vertex 1.122000E+02 4.780000E+01 3.500000E+00
      vertex 1.201573E+02 4.780000E+01 5.777851E+00
      vertex 1.206194E+02 4.780000E+01 4.913417E+00
    endloop
  endfacet
  facet normal 0.000000E+00 1.000000E+00 0.000000E+00
    outer loop
      vertex 1.122000E+02 4.780000E+01 3.500000E+00
      vertex 1.195355E+02 4.780000E+01 6.535534E+00
      vertex 1.201573E+02 4.780000E+01 5.777851E+00
    endloop
  endfacet
  facet normal 0.000000E+00 1.000000E+00 0.000000E+00
    outer loop
      vertex 1.122000E+02 4.780000E+01 3.500000E+00
      vertex 1.210000E+02 4.780000E+01 3.000000E+00
      vertex 1.121699E+02 4.780000E+01 3.232975E+00
    endloop
  endfacet
  facet normal -0.000000E+00 1.000000E+00 0.000000E+00
    outer loop
      vertex 1.542553E+01 4.780000E+01 4.622019E+00
      vertex 2.000000E+01 4.780000E+01 8.000000E+00
      vertex 1.568168E+01 4.780000E+01 4.487581E+00
    endloop
  endfacet
  facet normal -0.000000E+00 1.000000E+00 0.000000E+00
    outer loop
      vertex 1.514464E+01 4.780000E+01 4.691251E+00
      vertex 2.000000E+01 4.780000E+01 8.000000E+00
      vertex 1.542553E+01 4.780000E+01 4.622019E+00
    endloop
  endfacet
  facet normal 0.000000E+00 1.000000E+00 0.000000E+00
    outer loop
      vertex 1.160000E+02 4.780000E+01 8.000000E+00
      vertex 1.169754E+02 4.780000E+01 7.903926E+00
      vertex 1.122000E+02 4.780000E+01 3.500000E+00
    endloop
  endfacet
  facet normal 0.000000E+00 1.000000E+00 0.000000E+00
    outer loop
      vertex 1.160000E+02 4.780000E+01 8.000000E+00
      vertex 1.122000E+02 4.780000E+01 3.500000E+00
      vertex 1.121651E+02 4.780000E+01 3.787179E+00
    endloop
  endfacet
  facet normal 0.000000E+00 1.000000E+00 0.000000E+00
    outer loop
      vertex 1.160000E+02 4.780000E+01 8.000000E+00
      vertex 1.121651E+02 4.780000E+01 3.787179E+00
      vertex 1.120625E+02 4.780000E+01 4.057668E+00
    endloop
  endfacet
  facet normal -0.000000E+00 1.000000E+00 0.000000E+00
    outer loop
      vertex 1.118982E+02 4.780000E+01 4.295747E+00
      vertex 1.160000E+02 4.780000E+01 8.000000E+00
      vertex 1.120625E+02 4.780000E+01 4.057668E+00
    endloop
  endfacet
  facet normal -0.000000E+00 1.000000E+00 0.000000E+00
    outer loop
      vertex 1.116817E+02 4.780000E+01 4.487581E+00
      vertex 1.160000E+02 4.780000E+01 8.000000E+00
      vertex 1.118982E+02 4.780000E+01 4.295747E+00
    endloop
  endfacet
  facet normal 0.000000E+00 1.000000E+00 0.000000E+00
    outer loop
      vertex 5.000000E+00 4.780000E+01 1.500000E+00
      vertex 1.510213E+01 4.780000E+01 2.304354E+00
      vertex 2.500000E+01 4.780000E+01 1.500000E+00
    endloop
  endfacet
  facet normal -0.000000E+00 1.000000E+00 0.000000E+00
    outer loop
      vertex 1.114255E+02 4.780000E+01 4.622019E+00
      vertex 1.160000E+02 4.780000E+01 8.000000E+00
      vertex 1.116817E+02 4.780000E+01 4.487581E+00
    endloop
  endfacet
  facet normal 0.000000E+00 -1.000000E+00 0.000000E+00
    outer loop
      vertex 1.160000E+02 -2.180000E+01 8.000000E+00
      vertex 1.108554E+02 -2.180000E+01 4.691251E+00
      vertex 1.111446E+02 -2.180000E+01 4.691251E+00
    endloop
  endfacet
  facet normal 0.000000E+00 -1.000000E+00 0.000000E+00
    outer loop
      vertex 1.160000E+02 -2.180000E+01 8.000000E+00
      vertex 1.111446E+02 -2.180000E+01 4.691251E+00
      vertex 1.114255E+02 -2.180000E+01 4.622019E+00
    endloop
  endfacet
  facet normal -0.000000E+00 -1.000000E+00 0.000000E+00
    outer loop
      vertex 1.485536E+01 -2.180000E+01 4.691251E+00
      vertex 1.000000E+01 -2.180000E+01 8.000000E+00
      vertex 1.457447E+01 -2.180000E+01 4.622019E+00
    endloop
  endfacet
  facet normal 0.000000E+00 -1.000000E+00 0.000000E+00
    outer loop
      vertex 1.160000E+02 -2.180000E+01 8.000000E+00
      vertex 1.114255E+02 -2.180000E+01 4.622019E+00
      vertex 1.116817E+02 -2.180000E+01 4.487581E+00
    endloop
  endfacet
  facet normal -0.000000E+00 -1.000000E+00 0.000000E+00
    outer loop
      vertex 1.104793E+02 -2.180000E+01 2.418837E+00
      vertex 1.102518E+02 -2.180000E+01 2.561802E+00
      vertex 1.010000E+02 -2.180000E+01 1.500000E+00
    endloop
  endfacet
  facet normal 0.000000E+00 -1.000000E+00 0.000000E+00
    outer loop
      vertex 1.160000E+02 -2.180000E+01 8.000000E+00
      vertex 1.116817E+02 -2.180000E+01 4.487581E+00
      vertex 1.118982E+02 -2.180000E+01 4.295747E+00
    endloop
  endfacet
  facet normal 0.000000E+00 -1.000000E+00 0.000000E+00
    outer loop
      vertex 1.160000E+02 -2.180000E+01 8.000000E+00
      vertex 1.118982E+02 -2.180000E+01 4.295747E+00
      vertex 1.120625E+02 -2.180000E+01 4.057668E+00
    endloop
  endfacet
  facet normal 0.000000E+00 -1.000000E+00 0.000000E+00
    outer loop
      vertex 1.160000E+02 -2.180000E+01 8.000000E+00
      vertex 1.120625E+02 -2.180000E+01 4.057668E+00
      vertex 1.121651E+02 -2.180000E+01 3.787179E+00
    endloop
  endfacet
  facet normal 0.000000E+00 -1.000000E+00 0.000000E+00
    outer loop
      vertex 1.160000E+02 -2.180000E+01 8.000000E+00
      vertex 1.121651E+02 -2.180000E+01 3.787179E+00
      vertex 1.122000E+02 -2.180000E+01 3.500000E+00
    endloop
  endfacet
  facet normal -0.000000E+00 -1.000000E+00 -0.000000E+00
    outer loop
      vertex 1.210000E+02 -2.180000E+01 3.000000E+00
      vertex 1.121699E+02 -2.180000E+01 3.232975E+00
      vertex 1.210000E+02 -2.180000E+01 1.500000E+00
    endloop
  endfacet
  facet normal 0.000000E+00 -1.000000E+00 0.000000E+00
    outer loop
      vertex 1.210000E+02 -2.180000E+01 3.000000E+00
      vertex 1.122000E+02 -2.180000E+01 3.500000E+00
      vertex 1.121699E+02 -2.180000E+01 3.232975E+00
    endloop
  endfacet
  facet normal -0.000000E+00 -1.000000E+00 0.000000E+00
    outer loop
      vertex 5.000000E+00 -2.180000E+01 1.500000E+00
      vertex -6.800000E+00 -2.180000E+01 1.500000E+00
      vertex -6.800000E+00 -2.180000E+01 2.669730E-15
    endloop
  endfacet
  facet normal 0.000000E+00 -1.000000E+00 -0.000000E+00
    outer loop
      vertex 1.099188E+02 -2.180000E+01 2.979340E+00
      vertex 1.010000E+02 -2.180000E+01 1.500000E+00
      vertex 1.100618E+02 -2.180000E+01 2.751812E+00
    endloop
  endfacet
  facet normal 0.000000E+00 -1.000000E+00 -0.000000E+00
    outer loop
      vertex 1.209039E+02 -2.180000E+01 3.975452E+00
      vertex 1.122000E+02 -2.180000E+01 3.500000E+00
      vertex 1.210000E+02 -2.180000E+01 3.000000E+00
    endloop
  endfacet
  facet normal -0.000000E+00 -1.000000E+00 0.000000E+00
    outer loop
      vertex 1.169754E+02 -2.180000E+01 7.903926E+00
      vertex 1.160000E+02 -2.180000E+01 8.000000E+00
      vertex 1.122000E+02 -2.180000E+01 3.500000E+00
    endloop
  endfacet
  facet normal -0.000000E+00 -1.000000E+00 0.000000E+00
    outer loop
      vertex 1.179134E+02 -2.180000E+01 7.619398E+00
      vertex 1.169754E+02 -2.180000E+01 7.903926E+00
      vertex 1.122000E+02 -2.180000E+01 3.500000E+00
    endloop
  endfacet
  facet normal 0.000000E+00 -1.000000E+00 -0.000000E+00
    outer loop
      vertex 1.098301E+02 -2.180000E+01 3.232975E+00
      vertex 1.010000E+02 -2.180000E+01 1.500000E+00
      vertex 1.099188E+02 -2.180000E+01 2.979340E+00
    endloop
  endfacet
  facet normal 0.000000E+00 -1.000000E+00 -0.000000E+00
    outer loop
      vertex 1.206194E+02 -2.180000E+01 4.913417E+00
      vertex 1.122000E+02 -2.180000E+01 3.500000E+00
      vertex 1.209039E+02 -2.180000E+01 3.975452E+00
    endloop
  endfacet
  facet normal 0.000000E+00 -1.000000E+00 0.000000E+00
    outer loop
      vertex 1.098301E+02 -2.180000E+01 3.232975E+00
      vertex 1.010000E+02 -2.180000E+01 3.000000E+00
      vertex 1.010000E+02 -2.180000E+01 1.500000E+00
    endloop
  endfacet
  facet normal -0.000000E+00 -1.000000E+00 0.000000E+00
    outer loop
      vertex 1.187779E+02 -2.180000E+01 7.157348E+00
      vertex 1.179134E+02 -2.180000E+01 7.619398E+00
      vertex 1.122000E+02 -2.180000E+01 3.500000E+00
    endloop
  endfacet
  facet normal -0.000000E+00 -1.000000E+00 0.000000E+00
    outer loop
      vertex 1.107330E+02 -2.180000E+01 2.330086E+00
      vertex 1.104793E+02 -2.180000E+01 2.418837E+00
      vertex 1.010000E+02 -2.180000E+01 1.500000E+00
    endloop
  endfacet
  facet normal 0.000000E+00 -1.000000E+00 -0.000000E+00
    outer loop
      vertex 1.201573E+02 -2.180000E+01 5.777851E+00
      vertex 1.122000E+02 -2.180000E+01 3.500000E+00
      vertex 1.206194E+02 -2.180000E+01 4.913417E+00
    endloop
  endfacet
  facet normal -0.000000E+00 -1.000000E+00 0.000000E+00
    outer loop
      vertex 1.195355E+02 -2.180000E+01 6.535534E+00
      vertex 1.187779E+02 -2.180000E+01 7.157348E+00
      vertex 1.122000E+02 -2.180000E+01 3.500000E+00
    endloop
  endfacet
  facet normal 0.000000E+00 -1.000000E+00 -0.000000E+00
    outer loop
      vertex 1.195355E+02 -2.180000E+01 6.535534E+00
      vertex 1.122000E+02 -2.180000E+01 3.500000E+00
      vertex 1.201573E+02 -2.180000E+01 5.777851E+00
    endloop
  endfacet
  facet normal -0.000000E+00 -1.000000E+00 0.000000E+00
    outer loop
      vertex 1.110000E+02 -2.180000E+01 2.300000E+00
      vertex 1.107330E+02 -2.180000E+01 2.330086E+00
      vertex 1.010000E+02 -2.180000E+01 1.500000E+00
    endloop
  endfacet
  facet normal 0.000000E+00 -1.000000E+00 0.000000E+00
    outer loop
      vertex 1.328000E+02 -2.180000E+01 2.669730E-15
      vertex 2.500000E+01 -2.180000E+01 1.500000E+00
      vertex -6.800000E+00 -2.180000E+01 2.669730E-15
    endloop
  endfacet
  facet normal 0.000000E+00 -1.000000E+00 0.000000E+00
    outer loop
      vertex 1.328000E+02 -2.180000E+01 2.669730E-15
      vertex 1.010000E+02 -2.180000E+01 1.500000E+00
      vertex 2.500000E+01 -2.180000E+01 1.500000E+00
    endloop
  endfacet
  facet normal 0.000000E+00 -1.000000E+00 0.000000E+00
    outer loop
      vertex 1.328000E+02 -2.180000E+01 2.669730E-15
      vertex 1.210000E+02 -2.180000E+01 1.500000E+00
      vertex 1.010000E+02 -2.180000E+01 1.500000E+00
    endloop
  endfacet
  facet normal 0.000000E+00 -1.000000E+00 0.000000E+00
    outer loop
      vertex 1.098000E+02 -2.180000E+01 3.500000E+00
      vertex 1.032221E+02 -2.180000E+01 7.157348E+00
      vertex 1.024645E+02 -2.180000E+01 6.535534E+00
    endloop
  endfacet
  facet normal 0.000000E+00 -1.000000E+00 0.000000E+00
    outer loop
      vertex 1.098000E+02 -2.180000E+01 3.500000E+00
      vertex 1.040866E+02 -2.180000E+01 7.619398E+00
      vertex 1.032221E+02 -2.180000E+01 7.157348E+00
    endloop
  endfacet
  facet normal -0.000000E+00 -1.000000E+00 0.000000E+00
    outer loop
      vertex 2.500000E+01 -2.180000E+01 1.500000E+00
      vertex 5.000000E+00 -2.180000E+01 1.500000E+00
      vertex -6.800000E+00 -2.180000E+01 2.669730E-15
    endloop
  endfacet
  facet normal 0.000000E+00 -1.000000E+00 0.000000E+00
    outer loop
      vertex 1.098000E+02 -2.180000E+01 3.500000E+00
      vertex 1.050246E+02 -2.180000E+01 7.903926E+00
      vertex 1.040866E+02 -2.180000E+01 7.619398E+00
    endloop
  endfacet
  facet normal 0.000000E+00 -1.000000E+00 0.000000E+00
    outer loop
      vertex 2.500000E+01 -2.180000E+01 1.500000E+00
      vertex 1.510213E+01 -2.180000E+01 2.304354E+00
      vertex 5.000000E+00 -2.180000E+01 1.500000E+00
    endloop
  endfacet
  facet normal -0.000000E+00 -1.000000E+00 0.000000E+00
    outer loop
      vertex 1.098000E+02 -2.180000E+01 3.500000E+00
      vertex 1.010961E+02 -2.180000E+01 3.975452E+00
      vertex 1.010000E+02 -2.180000E+01 3.000000E+00
    endloop
  endfacet
  facet normal 0.000000E+00 -1.000000E+00 0.000000E+00
    outer loop
      vertex 1.098000E+02 -2.180000E+01 3.500000E+00
      vertex 1.013806E+02 -2.180000E+01 4.913417E+00
      vertex 1.010961E+02 -2.180000E+01 3.975452E+00
    endloop
  endfacet
  facet normal 0.000000E+00 -1.000000E+00 0.000000E+00
    outer loop
      vertex 2.500000E+01 -2.180000E+01 1.500000E+00
      vertex 1.563575E+01 -2.180000E+01 2.482249E+00
      vertex 1.537951E+01 -2.180000E+01 2.361593E+00
    endloop
  endfacet
  facet normal 0.000000E+00 -1.000000E+00 0.000000E+00
    outer loop
      vertex 1.098000E+02 -2.180000E+01 3.500000E+00
      vertex 1.018427E+02 -2.180000E+01 5.777851E+00
      vertex 1.013806E+02 -2.180000E+01 4.913417E+00
    endloop
  endfacet
  facet normal 0.000000E+00 -1.000000E+00 0.000000E+00
    outer loop
      vertex 2.500000E+01 -2.180000E+01 1.500000E+00
      vertex 1.537951E+01 -2.180000E+01 2.361593E+00
      vertex 1.510213E+01 -2.180000E+01 2.304354E+00
    endloop
  endfacet
  facet normal 0.000000E+00 -1.000000E+00 0.000000E+00
    outer loop
      vertex 1.098000E+02 -2.180000E+01 3.500000E+00
      vertex 1.024645E+02 -2.180000E+01 6.535534E+00
      vertex 1.018427E+02 -2.180000E+01 5.777851E+00
    endloop
  endfacet
  facet normal 0.000000E+00 -1.000000E+00 -0.000000E+00
    outer loop
      vertex 1.098000E+02 -2.180000E+01 3.500000E+00
      vertex 1.010000E+02 -2.180000E+01 3.000000E+00
      vertex 1.098301E+02 -2.180000E+01 3.232975E+00
    endloop
  endfacet
  facet normal 0.000000E+00 -1.000000E+00 0.000000E+00
    outer loop
      vertex 2.500000E+01 -2.180000E+01 1.500000E+00
      vertex 1.617548E+01 -2.180000E+01 3.258672E+00
      vertex 1.610293E+01 -2.180000E+01 3.027205E+00
    endloop
  endfacet
  facet normal 0.000000E+00 -1.000000E+00 0.000000E+00
    outer loop
      vertex 2.500000E+01 -2.180000E+01 1.500000E+00
      vertex 1.610293E+01 -2.180000E+01 3.027205E+00
      vertex 1.598532E+01 -2.180000E+01 2.815057E+00
    endloop
  endfacet
  facet normal 0.000000E+00 -1.000000E+00 0.000000E+00
    outer loop
      vertex 2.500000E+01 -2.180000E+01 1.500000E+00
      vertex 1.598532E+01 -2.180000E+01 2.815057E+00
      vertex 1.582744E+01 -2.180000E+01 2.630896E+00
    endloop
  endfacet
  facet normal 0.000000E+00 -1.000000E+00 0.000000E+00
    outer loop
      vertex 2.500000E+01 -2.180000E+01 1.500000E+00
      vertex 1.582744E+01 -2.180000E+01 2.630896E+00
      vertex 1.563575E+01 -2.180000E+01 2.482249E+00
    endloop
  endfacet
  facet normal -0.000000E+00 -1.000000E+00 -0.000000E+00
    outer loop
      vertex 1.328000E+02 -2.180000E+01 1.500000E+00
      vertex 1.210000E+02 -2.180000E+01 1.500000E+00
      vertex 1.328000E+02 -2.180000E+01 2.669730E-15
    endloop
  endfacet
  facet normal -0.000000E+00 -1.000000E+00 -0.000000E+00
    outer loop
      vertex 2.500000E+01 -2.180000E+01 3.000000E+00
      vertex 1.617548E+01 -2.180000E+01 3.258672E+00
      vertex 2.500000E+01 -2.180000E+01 1.500000E+00
    endloop
  endfacet
  facet normal -0.000000E+00 -1.000000E+00 0.000000E+00
    outer loop
      vertex 1.429836E+01 -2.180000E+01 2.526497E+00
      vertex 1.408975E+01 -2.180000E+01 2.718056E+00
      vertex 5.000000E+00 -2.180000E+01 1.500000E+00
    endloop
  endfacet
  facet normal 0.000000E+00 -1.000000E+00 -0.000000E+00
    outer loop
      vertex 1.393183E+01 -2.180000E+01 2.953174E+00
      vertex 5.000000E+00 -2.180000E+01 1.500000E+00
      vertex 1.408975E+01 -2.180000E+01 2.718056E+00
    endloop
  endfacet
  facet normal 0.000000E+00 -1.000000E+00 0.000000E+00
    outer loop
      vertex 2.500000E+01 -2.180000E+01 3.000000E+00
      vertex 1.620000E+01 -2.180000E+01 3.500000E+00
      vertex 1.617548E+01 -2.180000E+01 3.258672E+00
    endloop
  endfacet
  facet normal 0.000000E+00 -1.000000E+00 0.000000E+00
    outer loop
      vertex 2.000000E+01 -2.180000E+01 8.000000E+00
      vertex 1.485536E+01 -2.180000E+01 4.691251E+00
      vertex 1.514464E+01 -2.180000E+01 4.691251E+00
    endloop
  endfacet
  facet normal 0.000000E+00 -1.000000E+00 0.000000E+00
    outer loop
      vertex 2.000000E+01 -2.180000E+01 8.000000E+00
      vertex 1.514464E+01 -2.180000E+01 4.691251E+00
      vertex 1.542553E+01 -2.180000E+01 4.622019E+00
    endloop
  endfacet
  facet normal 0.000000E+00 -1.000000E+00 0.000000E+00
    outer loop
      vertex 2.000000E+01 -2.180000E+01 8.000000E+00
      vertex 1.542553E+01 -2.180000E+01 4.622019E+00
      vertex 1.568168E+01 -2.180000E+01 4.487581E+00
    endloop
  endfacet
  facet normal 0.000000E+00 -1.000000E+00 0.000000E+00
    outer loop
      vertex 2.000000E+01 -2.180000E+01 8.000000E+00
      vertex 1.568168E+01 -2.180000E+01 4.487581E+00
      vertex 1.589821E+01 -2.180000E+01 4.295747E+00
    endloop
  endfacet
  facet normal -0.000000E+00 -1.000000E+00 0.000000E+00
    outer loop
      vertex 2.000000E+01 -2.180000E+01 8.000000E+00
      vertex 1.000000E+01 -2.180000E+01 8.000000E+00
      vertex 1.485536E+01 -2.180000E+01 4.691251E+00
    endloop
  endfacet
  facet normal 0.000000E+00 -1.000000E+00 0.000000E+00
    outer loop
      vertex 2.000000E+01 -2.180000E+01 8.000000E+00
      vertex 1.589821E+01 -2.180000E+01 4.295747E+00
      vertex 1.606255E+01 -2.180000E+01 4.057668E+00
    endloop
  endfacet
  facet normal 0.000000E+00 -1.000000E+00 -0.000000E+00
    outer loop
      vertex 1.060000E+02 -2.180000E+01 8.000000E+00
      vertex 1.050246E+02 -2.180000E+01 7.903926E+00
      vertex 1.098000E+02 -2.180000E+01 3.500000E+00
    endloop
  endfacet
  facet normal 0.000000E+00 -1.000000E+00 0.000000E+00
    outer loop
      vertex 2.000000E+01 -2.180000E+01 8.000000E+00
      vertex 1.606255E+01 -2.180000E+01 4.057668E+00
      vertex 1.616513E+01 -2.180000E+01 3.787179E+00
    endloop
  endfacet
  facet normal 0.000000E+00 -1.000000E+00 0.000000E+00
    outer loop
      vertex 2.000000E+01 -2.180000E+01 8.000000E+00
      vertex 1.616513E+01 -2.180000E+01 3.787179E+00
      vertex 1.620000E+01 -2.180000E+01 3.500000E+00
    endloop
  endfacet
  facet normal 0.000000E+00 -1.000000E+00 0.000000E+00
    outer loop
      vertex 1.060000E+02 -2.180000E+01 8.000000E+00
      vertex 1.098000E+02 -2.180000E+01 3.500000E+00
      vertex 1.098349E+02 -2.180000E+01 3.787179E+00
    endloop
  endfacet
  facet normal 0.000000E+00 -1.000000E+00 0.000000E+00
    outer loop
      vertex 1.060000E+02 -2.180000E+01 8.000000E+00
      vertex 1.098349E+02 -2.180000E+01 3.787179E+00
      vertex 1.099375E+02 -2.180000E+01 4.057668E+00
    endloop
  endfacet
  facet normal -0.000000E+00 -1.000000E+00 0.000000E+00
    outer loop
      vertex 1.454607E+01 -2.180000E+01 2.389168E+00
      vertex 1.429836E+01 -2.180000E+01 2.526497E+00
      vertex 5.000000E+00 -2.180000E+01 1.500000E+00
    endloop
  endfacet
  facet normal -0.000000E+00 -1.000000E+00 0.000000E+00
    outer loop
      vertex 2.097545E+01 -2.180000E+01 7.903926E+00
      vertex 2.000000E+01 -2.180000E+01 8.000000E+00
      vertex 1.620000E+01 -2.180000E+01 3.500000E+00
    endloop
  endfacet
  facet normal 0.000000E+00 -1.000000E+00 -0.000000E+00
    outer loop
      vertex 2.490393E+01 -2.180000E+01 3.975452E+00
      vertex 1.620000E+01 -2.180000E+01 3.500000E+00
      vertex 2.500000E+01 -2.180000E+01 3.000000E+00
    endloop
  endfacet
  facet normal 0.000000E+00 -1.000000E+00 -0.000000E+00
    outer loop
      vertex 1.383342E+01 -2.180000E+01 3.218753E+00
      vertex 5.000000E+00 -2.180000E+01 1.500000E+00
      vertex 1.393183E+01 -2.180000E+01 2.953174E+00
    endloop
  endfacet
  facet normal 0.000000E+00 -1.000000E+00 -0.000000E+00
    outer loop
      vertex 2.461940E+01 -2.180000E+01 4.913417E+00
      vertex 1.620000E+01 -2.180000E+01 3.500000E+00
      vertex 2.490393E+01 -2.180000E+01 3.975452E+00
    endloop
  endfacet
  facet normal -0.000000E+00 -1.000000E+00 0.000000E+00
    outer loop
      vertex 1.101018E+02 -2.180000E+01 4.295747E+00
      vertex 1.060000E+02 -2.180000E+01 8.000000E+00
      vertex 1.099375E+02 -2.180000E+01 4.057668E+00
    endloop
  endfacet
  facet normal -0.000000E+00 -1.000000E+00 0.000000E+00
    outer loop
      vertex 2.191342E+01 -2.180000E+01 7.619398E+00
      vertex 2.097545E+01 -2.180000E+01 7.903926E+00
      vertex 1.620000E+01 -2.180000E+01 3.500000E+00
    endloop
  endfacet
  facet normal 0.000000E+00 -1.000000E+00 0.000000E+00
    outer loop
      vertex 1.383342E+01 -2.180000E+01 3.218753E+00
      vertex 5.000000E+00 -2.180000E+01 3.000000E+00
      vertex 5.000000E+00 -2.180000E+01 1.500000E+00
    endloop
  endfacet
  facet normal 0.000000E+00 -1.000000E+00 -0.000000E+00
    outer loop
      vertex 2.415735E+01 -2.180000E+01 5.777851E+00
      vertex 1.620000E+01 -2.180000E+01 3.500000E+00
      vertex 2.461940E+01 -2.180000E+01 4.913417E+00
    endloop
  endfacet
  facet normal -0.000000E+00 -1.000000E+00 0.000000E+00
    outer loop
      vertex 1.481906E+01 -2.180000E+01 2.313720E+00
      vertex 1.454607E+01 -2.180000E+01 2.389168E+00
      vertex 5.000000E+00 -2.180000E+01 1.500000E+00
    endloop
  endfacet
  facet normal -0.000000E+00 -1.000000E+00 0.000000E+00
    outer loop
      vertex 2.277785E+01 -2.180000E+01 7.157348E+00
      vertex 2.191342E+01 -2.180000E+01 7.619398E+00
      vertex 1.620000E+01 -2.180000E+01 3.500000E+00
    endloop
  endfacet
  facet normal -0.000000E+00 -1.000000E+00 0.000000E+00
    outer loop
      vertex 1.103183E+02 -2.180000E+01 4.487581E+00
      vertex 1.060000E+02 -2.180000E+01 8.000000E+00
      vertex 1.101018E+02 -2.180000E+01 4.295747E+00
    endloop
  endfacet
  facet normal 0.000000E+00 -1.000000E+00 -0.000000E+00
    outer loop
      vertex 2.353553E+01 -2.180000E+01 6.535534E+00
      vertex 1.620000E+01 -2.180000E+01 3.500000E+00
      vertex 2.415735E+01 -2.180000E+01 5.777851E+00
    endloop
  endfacet
  facet normal 0.000000E+00 -1.000000E+00 -0.000000E+00
    outer loop
      vertex 1.380000E+01 -2.180000E+01 3.500000E+00
      vertex 5.000000E+00 -2.180000E+01 3.000000E+00
      vertex 1.383342E+01 -2.180000E+01 3.218753E+00
    endloop
  endfacet
  facet normal -0.000000E+00 -1.000000E+00 0.000000E+00
    outer loop
      vertex 2.353553E+01 -2.180000E+01 6.535534E+00
      vertex 2.277785E+01 -2.180000E+01 7.157348E+00
      vertex 1.620000E+01 -2.180000E+01 3.500000E+00
    endloop
  endfacet
  facet normal 0.000000E+00 -1.000000E+00 0.000000E+00
    outer loop
      vertex 1.380000E+01 -2.180000E+01 3.500000E+00
      vertex 7.222149E+00 -2.180000E+01 7.157348E+00
      vertex 6.464466E+00 -2.180000E+01 6.535534E+00
    endloop
  endfacet
  facet normal 0.000000E+00 -1.000000E+00 0.000000E+00
    outer loop
      vertex 1.380000E+01 -2.180000E+01 3.500000E+00
      vertex 8.086583E+00 -2.180000E+01 7.619398E+00
      vertex 7.222149E+00 -2.180000E+01 7.157348E+00
    endloop
  endfacet
  facet normal 0.000000E+00 -1.000000E+00 0.000000E+00
    outer loop
      vertex 1.380000E+01 -2.180000E+01 3.500000E+00
      vertex 9.024549E+00 -2.180000E+01 7.903926E+00
      vertex 8.086583E+00 -2.180000E+01 7.619398E+00
    endloop
  endfacet
  facet normal -0.000000E+00 -1.000000E+00 0.000000E+00
    outer loop
      vertex 1.105745E+02 -2.180000E+01 4.622019E+00
      vertex 1.060000E+02 -2.180000E+01 8.000000E+00
      vertex 1.103183E+02 -2.180000E+01 4.487581E+00
    endloop
  endfacet
  facet normal -0.000000E+00 -1.000000E+00 0.000000E+00
    outer loop
      vertex 1.380000E+01 -2.180000E+01 3.500000E+00
      vertex 5.096074E+00 -2.180000E+01 3.975452E+00
      vertex 5.000000E+00 -2.180000E+01 3.000000E+00
    endloop
  endfacet
  facet normal 0.000000E+00 -1.000000E+00 0.000000E+00
    outer loop
      vertex 1.380000E+01 -2.180000E+01 3.500000E+00
      vertex 5.380602E+00 -2.180000E+01 4.913417E+00
      vertex 5.096074E+00 -2.180000E+01 3.975452E+00
    endloop
  endfacet
  facet normal 0.000000E+00 -1.000000E+00 0.000000E+00
    outer loop
      vertex 1.380000E+01 -2.180000E+01 3.500000E+00
      vertex 5.842652E+00 -2.180000E+01 5.777851E+00
      vertex 5.380602E+00 -2.180000E+01 4.913417E+00
    endloop
  endfacet
  facet normal 0.000000E+00 -1.000000E+00 0.000000E+00
    outer loop
      vertex 1.380000E+01 -2.180000E+01 3.500000E+00
      vertex 6.464466E+00 -2.180000E+01 6.535534E+00
      vertex 5.842652E+00 -2.180000E+01 5.777851E+00
    endloop
  endfacet
  facet normal -0.000000E+00 -1.000000E+00 0.000000E+00
    outer loop
      vertex 1.108554E+02 -2.180000E+01 4.691251E+00
      vertex 1.060000E+02 -2.180000E+01 8.000000E+00
      vertex 1.105745E+02 -2.180000E+01 4.622019E+00
    endloop
  endfacet
  facet normal -0.000000E+00 -1.000000E+00 0.000000E+00
    outer loop
      vertex 1.510213E+01 -2.180000E+01 2.304354E+00
      vertex 1.481906E+01 -2.180000E+01 2.313720E+00
      vertex 5.000000E+00 -2.180000E+01 1.500000E+00
    endloop
  endfacet
  facet normal 0.000000E+00 -1.000000E+00 -0.000000E+00
    outer loop
      vertex 1.000000E+01 -2.180000E+01 8.000000E+00
      vertex 9.024549E+00 -2.180000E+01 7.903926E+00
      vertex 1.380000E+01 -2.180000E+01 3.500000E+00
    endloop
  endfacet
  facet normal 0.000000E+00 -1.000000E+00 0.000000E+00
    outer loop
      vertex 1.000000E+01 -2.180000E+01 8.000000E+00
      vertex 1.380000E+01 -2.180000E+01 3.500000E+00
      vertex 1.383487E+01 -2.180000E+01 3.787179E+00
    endloop
  endfacet
  facet normal 0.000000E+00 -1.000000E+00 0.000000E+00
    outer loop
      vertex 1.000000E+01 -2.180000E+01 8.000000E+00
      vertex 1.383487E+01 -2.180000E+01 3.787179E+00
      vertex 1.393745E+01 -2.180000E+01 4.057668E+00
    endloop
  endfacet
  facet normal -0.000000E+00 -1.000000E+00 0.000000E+00
    outer loop
      vertex 1.410179E+01 -2.180000E+01 4.295747E+00
      vertex 1.000000E+01 -2.180000E+01 8.000000E+00
      vertex 1.393745E+01 -2.180000E+01 4.057668E+00
    endloop
  endfacet
  facet normal 0.000000E+00 -1.000000E+00 0.000000E+00
    outer loop
      vertex 1.210000E+02 -2.180000E+01 1.500000E+00
      vertex 1.110000E+02 -2.180000E+01 2.300000E+00
      vertex 1.010000E+02 -2.180000E+01 1.500000E+00
    endloop
  endfacet
  facet normal -0.000000E+00 -1.000000E+00 0.000000E+00
    outer loop
      vertex 1.431832E+01 -2.180000E+01 4.487581E+00
      vertex 1.000000E+01 -2.180000E+01 8.000000E+00
      vertex 1.410179E+01 -2.180000E+01 4.295747E+00
    endloop
  endfacet
  facet normal 0.000000E+00 -1.000000E+00 0.000000E+00
    outer loop
      vertex 1.210000E+02 -2.180000E+01 1.500000E+00
      vertex 1.121699E+02 -2.180000E+01 3.232975E+00
      vertex 1.120812E+02 -2.180000E+01 2.979340E+00
    endloop
  endfacet
  facet normal 0.000000E+00 -1.000000E+00 0.000000E+00
    outer loop
      vertex 1.210000E+02 -2.180000E+01 1.500000E+00
      vertex 1.120812E+02 -2.180000E+01 2.979340E+00
      vertex 1.119382E+02 -2.180000E+01 2.751812E+00
    endloop
  endfacet
  facet normal 0.000000E+00 -1.000000E+00 0.000000E+00
    outer loop
      vertex 1.210000E+02 -2.180000E+01 1.500000E+00
      vertex 1.119382E+02 -2.180000E+01 2.751812E+00
      vertex 1.117482E+02 -2.180000E+01 2.561802E+00
    endloop
  endfacet
  facet normal 0.000000E+00 -1.000000E+00 0.000000E+00
    outer loop
      vertex 1.210000E+02 -2.180000E+01 1.500000E+00
      vertex 1.117482E+02 -2.180000E+01 2.561802E+00
      vertex 1.115207E+02 -2.180000E+01 2.418837E+00
    endloop
  endfacet
  facet normal 0.000000E+00 -1.000000E+00 0.000000E+00
    outer loop
      vertex 1.210000E+02 -2.180000E+01 1.500000E+00
      vertex 1.115207E+02 -2.180000E+01 2.418837E+00
      vertex 1.112670E+02 -2.180000E+01 2.330086E+00
    endloop
  endfacet
  facet normal -0.000000E+00 -1.000000E+00 0.000000E+00
    outer loop
      vertex 1.457447E+01 -2.180000E+01 4.622019E+00
      vertex 1.000000E+01 -2.180000E+01 8.000000E+00
      vertex 1.431832E+01 -2.180000E+01 4.487581E+00
    endloop
  endfacet
  facet normal 0.000000E+00 -1.000000E+00 0.000000E+00
    outer loop
      vertex 1.210000E+02 -2.180000E+01 1.500000E+00
      vertex 1.112670E+02 -2.180000E+01 2.330086E+00
      vertex 1.110000E+02 -2.180000E+01 2.300000E+00
    endloop
  endfacet
  facet normal -0.000000E+00 -1.000000E+00 0.000000E+00
    outer loop
      vertex 1.160000E+02 -2.180000E+01 8.000000E+00
      vertex 1.060000E+02 -2.180000E+01 8.000000E+00
      vertex 1.108554E+02 -2.180000E+01 4.691251E+00
    endloop
  endfacet
  facet normal -0.000000E+00 -1.000000E+00 0.000000E+00
    outer loop
      vertex 1.102518E+02 -2.180000E+01 2.561802E+00
      vertex 1.100618E+02 -2.180000E+01 2.751812E+00
      vertex 1.010000E+02 -2.180000E+01 1.500000E+00
    endloop
  endfacet
  facet normal 0.000000E+00 9.989630E-01 -4.552941E-02
    outer loop
      vertex -1.000000E+01 5.100000E+01 -1.000000E+00
      vertex 1.360000E+02 5.100000E+01 -1.000000E+00
      vertex 1.359917E+02 5.099171E+01 -1.181960E+00
    endloop
  endfacet
  facet normal 0.000000E+00 9.906769E-01 -1.362323E-01
    outer loop
      vertex -9.991705E+00 5.099171E+01 -1.181960E+00
      vertex 1.359917E+02 5.099171E+01 -1.181960E+00
      vertex 1.359669E+02 5.096689E+01 -1.362411E+00
    endloop
  endfacet
  facet normal 0.000000E+00 9.989630E-01 -4.552941E-02
    outer loop
      vertex -9.991705E+00 5.099171E+01 -1.181960E+00
      vertex -1.000000E+01 5.100000E+01 -1.000000E+00
      vertex 1.359917E+02 5.099171E+01 -1.181960E+00
    endloop
  endfacet
  facet normal 0.000000E+00 9.906769E-01 -1.362323E-01
    outer loop
      vertex -9.966890E+00 5.096689E+01 -1.362411E+00
      vertex -9.991705E+00 5.099171E+01 -1.181960E+00
      vertex 1.359669E+02 5.096689E+01 -1.362411E+00
    endloop
  endfacet
  facet normal 0.000000E+00 9.636164E-01 -2.672890E-01
    outer loop
      vertex -9.872548E+00 5.087255E+01 -1.702540E+00
      vertex 1.359669E+02 5.096689E+01 -1.362411E+00
      vertex 1.358725E+02 5.087255E+01 -1.702540E+00
    endloop
  endfacet
  facet normal 0.000000E+00 9.636164E-01 -2.672890E-01
    outer loop
      vertex -9.872548E+00 5.087255E+01 -1.702540E+00
      vertex -9.966890E+00 5.096689E+01 -1.362411E+00
      vertex 1.359669E+02 5.096689E+01 -1.362411E+00
    endloop
  endfacet
  facet normal 0.000000E+00 8.985468E-01 -4.388779E-01
    outer loop
      vertex -9.705280E+00 5.070528E+01 -2.044997E+00
      vertex 1.358725E+02 5.087255E+01 -1.702540E+00
      vertex 1.357053E+02 5.070528E+01 -2.044997E+00
    endloop
  endfacet
  facet normal 0.000000E+00 8.985468E-01 -4.388779E-01
    outer loop
      vertex -9.705280E+00 5.070528E+01 -2.044997E+00
      vertex -9.872548E+00 5.087255E+01 -1.702540E+00
      vertex 1.358725E+02 5.087255E+01 -1.702540E+00
    endloop
  endfacet
  facet normal 0.000000E+00 7.853186E-01 -6.190919E-01
    outer loop
      vertex -9.414213E+00 5.041422E+01 -2.414214E+00
      vertex 1.357053E+02 5.070528E+01 -2.044997E+00
      vertex 1.354142E+02 5.041422E+01 -2.414214E+00
    endloop
  endfacet
  facet normal 0.000000E+00 7.853185E-01 -6.190919E-01
    outer loop
      vertex -9.414213E+00 5.041422E+01 -2.414214E+00
      vertex -9.705280E+00 5.070528E+01 -2.044997E+00
      vertex 1.357053E+02 5.070528E+01 -2.044997E+00
    endloop
  endfacet
  facet normal -9.989626E-01 0.000000E+00 -4.553986E-02
    outer loop
      vertex -1.000000E+01 -2.500000E+01 -1.000000E+00
      vertex -1.000000E+01 5.100000E+01 -1.000000E+00
      vertex -9.991705E+00 5.099171E+01 -1.181960E+00
    endloop
  endfacet
  facet normal -9.989625E-01 0.000000E+00 -4.553986E-02
    outer loop
      vertex -9.991705E+00 -2.499170E+01 -1.181960E+00
      vertex -1.000000E+01 -2.500000E+01 -1.000000E+00
      vertex -9.991705E+00 5.099171E+01 -1.181960E+00
    endloop
  endfacet
  facet normal -9.906769E-01 0.000000E+00 -1.362323E-01
    outer loop
      vertex -9.966890E+00 -2.496689E+01 -1.362411E+00
      vertex -9.991705E+00 5.099171E+01 -1.181960E+00
      vertex -9.966890E+00 5.096689E+01 -1.362411E+00
    endloop
  endfacet
  facet normal -9.906769E-01 0.000000E+00 -1.362323E-01
    outer loop
      vertex -9.966890E+00 -2.496689E+01 -1.362411E+00
      vertex -9.991705E+00 -2.499170E+01 -1.181960E+00
      vertex -9.991705E+00 5.099171E+01 -1.181960E+00
    endloop
  endfacet
  facet normal -8.985457E-01 0.000000E+00 -4.388798E-01
    outer loop
      vertex -9.872548E+00 -2.487255E+01 -1.702540E+00
      vertex -9.872548E+00 5.087255E+01 -1.702540E+00
      vertex -9.705280E+00 5.070528E+01 -2.044997E+00
    endloop
  endfacet
  facet normal -9.636185E-01 0.000000E+00 -2.672814E-01
    outer loop
      vertex -9.872548E+00 -2.487255E+01 -1.702540E+00
      vertex -9.966890E+00 5.096689E+01 -1.362411E+00
      vertex -9.872548E+00 5.087255E+01 -1.702540E+00
    endloop
  endfacet
  facet normal -9.636185E-01 0.000000E+00 -2.672814E-01
    outer loop
      vertex -9.872548E+00 -2.487255E+01 -1.702540E+00
      vertex -9.966890E+00 -2.496689E+01 -1.362411E+00
      vertex -9.966890E+00 5.096689E+01 -1.362411E+00
    endloop
  endfacet
  facet normal -7.853166E-01 0.000000E+00 -6.190944E-01
    outer loop
      vertex -9.705280E+00 -2.470528E+01 -2.044997E+00
      vertex -9.705280E+00 5.070528E+01 -2.044997E+00
      vertex -9.414213E+00 5.041422E+01 -2.414214E+00
    endloop
  endfacet
  facet normal -8.985458E-01 0.000000E+00 -4.388799E-01
    outer loop
      vertex -9.705280E+00 -2.470528E+01 -2.044997E+00
      vertex -9.872548E+00 -2.487255E+01 -1.702540E+00
      vertex -9.705280E+00 5.070528E+01 -2.044997E+00
    endloop
  endfacet
  facet normal -7.853165E-01 0.000000E+00 -6.190944E-01
    outer loop
      vertex -9.414213E+00 -2.441421E+01 -2.414214E+00
      vertex -9.705280E+00 -2.470528E+01 -2.044997E+00
      vertex -9.414213E+00 5.041422E+01 -2.414214E+00
    endloop
  endfacet
  facet normal -0.000000E+00 -9.989625E-01 -4.553986E-02
    outer loop
      vertex 1.360000E+02 -2.500000E+01 -1.000000E+00
      vertex -1.000000E+01 -2.500000E+01 -1.000000E+00
      vertex -9.991705E+00 -2.499170E+01 -1.181960E+00
    endloop
  endfacet
  facet normal -0.000000E+00 -9.906769E-01 -1.362323E-01
    outer loop
      vertex 1.359917E+02 -2.499170E+01 -1.181960E+00
      vertex -9.991705E+00 -2.499170E+01 -1.181960E+00
      vertex -9.966890E+00 -2.496689E+01 -1.362411E+00
    endloop
  endfacet
  facet normal -0.000000E+00 -9.989625E-01 -4.553986E-02
    outer loop
      vertex 1.359917E+02 -2.499170E+01 -1.181960E+00
      vertex 1.360000E+02 -2.500000E+01 -1.000000E+00
      vertex -9.991705E+00 -2.499170E+01 -1.181960E+00
    endloop
  endfacet
  facet normal -0.000000E+00 -9.636192E-01 -2.672789E-01
    outer loop
      vertex 1.359669E+02 -2.496689E+01 -1.362411E+00
      vertex -9.966890E+00 -2.496689E+01 -1.362411E+00
      vertex -9.872548E+00 -2.487255E+01 -1.702540E+00
    endloop
  endfacet
  facet normal -0.000000E+00 -9.906769E-01 -1.362323E-01
    outer loop
      vertex 1.359669E+02 -2.496689E+01 -1.362411E+00
      vertex 1.359917E+02 -2.499170E+01 -1.181960E+00
      vertex -9.966890E+00 -2.496689E+01 -1.362411E+00
    endloop
  endfacet
  facet normal -0.000000E+00 -8.985448E-01 -4.388819E-01
    outer loop
      vertex 1.358725E+02 -2.487255E+01 -1.702540E+00
      vertex -9.872548E+00 -2.487255E+01 -1.702540E+00
      vertex -9.705280E+00 -2.470528E+01 -2.044997E+00
    endloop
  endfacet
  facet normal -0.000000E+00 -9.636192E-01 -2.672789E-01
    outer loop
      vertex 1.358725E+02 -2.487255E+01 -1.702540E+00
      vertex 1.359669E+02 -2.496689E+01 -1.362411E+00
      vertex -9.872548E+00 -2.487255E+01 -1.702540E+00
    endloop
  endfacet
  facet normal -0.000000E+00 -7.853165E-01 -6.190944E-01
    outer loop
      vertex 1.357053E+02 -2.470528E+01 -2.044997E+00
      vertex -9.705280E+00 -2.470528E+01 -2.044997E+00
      vertex -9.414213E+00 -2.441421E+01 -2.414214E+00
    endloop
  endfacet
  facet normal -0.000000E+00 -8.985448E-01 -4.388819E-01
    outer loop
      vertex 1.357053E+02 -2.470528E+01 -2.044997E+00
      vertex 1.358725E+02 -2.487255E+01 -1.702540E+00
      vertex -9.705280E+00 -2.470528E+01 -2.044997E+00
    endloop
  endfacet
  facet normal -0.000000E+00 -7.853165E-01 -6.190944E-01
    outer loop
      vertex 1.354142E+02 -2.441421E+01 -2.414214E+00
      vertex 1.357053E+02 -2.470528E+01 -2.044997E+00
      vertex -9.414213E+00 -2.441421E+01 -2.414214E+00
    endloop
  endfacet
  facet normal -3.973653E-07 1.000000E+00 -4.768372E-07
    outer loop
      vertex 1.328000E+02 7.000000E+00 -8.572528E-16
      vertex 1.340000E+02 7.000000E+00 -8.572528E-16
      vertex 1.340000E+02 7.000000E+00 -1.000000E+00
    endloop
  endfacet
  facet normal -0.000000E+00 1.000000E+00 0.000000E+00
    outer loop
      vertex 1.308000E+02 7.000000E+00 -8.572528E-16
      vertex 1.328000E+02 7.000000E+00 -8.572528E-16
      vertex 1.340000E+02 7.000000E+00 -1.000000E+00
    endloop
  endfacet
  facet normal -0.000000E+00 1.000000E+00 0.000000E+00
    outer loop
      vertex 1.308000E+02 7.000000E+00 1.500000E+00
      vertex 1.328000E+02 7.000000E+00 1.500000E+00
      vertex 1.328000E+02 7.000000E+00 -8.572528E-16
    endloop
  endfacet
  facet normal 0.000000E+00 1.000000E+00 0.000000E+00
    outer loop
      vertex 1.308000E+02 7.000000E+00 1.500000E+00
      vertex 1.328000E+02 7.000000E+00 -8.572528E-16
      vertex 1.308000E+02 7.000000E+00 -8.572528E-16
    endloop
  endfacet
  facet normal 3.178915E-08 1.000000E+00 1.017252E-07
    outer loop
      vertex 1.190000E+02 7.000000E+00 -1.000000E+00
      vertex 1.308000E+02 7.000000E+00 -8.572528E-16
      vertex 1.340000E+02 7.000000E+00 -1.000000E+00
    endloop
  endfacet
  facet normal 4.040992E-08 1.000000E+00 0.000000E+00
    outer loop
      vertex 1.190000E+02 7.000000E+00 -8.572528E-16
      vertex 1.308000E+02 7.000000E+00 -8.572528E-16
      vertex 1.190000E+02 7.000000E+00 -1.000000E+00
    endloop
  endfacet
  facet normal 9.927091E-01 1.205352E-01 -0.000000E+00
    outer loop
      vertex 4.200000E+01 -1.500000E+01 -3.000000E+00
      vertex 4.200000E+01 -1.500000E+01 1.836970E-15
      vertex 4.208717E+01 -1.571795E+01 -3.000000E+00
    endloop
  endfacet
  facet normal 9.350157E-01 3.546063E-01 -0.000000E+00
    outer loop
      vertex 4.208717E+01 -1.571795E+01 -3.000000E+00
      vertex 4.208717E+01 -1.571795E+01 1.924893E-15
      vertex 4.234363E+01 -1.639417E+01 -3.000000E+00
    endloop
  endfacet
  facet normal 9.927091E-01 1.205352E-01 0.000000E+00
    outer loop
      vertex 4.200000E+01 -1.500000E+01 1.836970E-15
      vertex 4.208717E+01 -1.571795E+01 1.924893E-15
      vertex 4.208717E+01 -1.571795E+01 -3.000000E+00
    endloop
  endfacet
  facet normal 8.229848E-01 5.680635E-01 -0.000000E+00
    outer loop
      vertex 4.234363E+01 -1.639417E+01 -3.000000E+00
      vertex 4.234363E+01 -1.639417E+01 2.007707E-15
      vertex 4.275447E+01 -1.698937E+01 -3.000000E+00
    endloop
  endfacet
  facet normal 9.350157E-01 3.546063E-01 0.000000E+00
    outer loop
      vertex 4.208717E+01 -1.571795E+01 1.924893E-15
      vertex 4.234363E+01 -1.639417E+01 2.007707E-15
      vertex 4.234363E+01 -1.639417E+01 -3.000000E+00
    endloop
  endfacet
  facet normal 6.631214E-01 7.485117E-01 -0.000000E+00
    outer loop
      vertex 4.275447E+01 -1.698937E+01 -3.000000E+00
      vertex 4.275447E+01 -1.698937E+01 2.080598E-15
      vertex 4.329581E+01 -1.746895E+01 -3.000000E+00
    endloop
  endfacet
  facet normal 8.229848E-01 5.680635E-01 0.000000E+00
    outer loop
      vertex 4.234363E+01 -1.639417E+01 2.007707E-15
      vertex 4.275447E+01 -1.698937E+01 2.080598E-15
      vertex 4.275447E+01 -1.698937E+01 -3.000000E+00
    endloop
  endfacet
  facet normal 4.647232E-01 8.854560E-01 -0.000000E+00
    outer loop
      vertex 4.329581E+01 -1.746895E+01 -3.000000E+00
      vertex 4.329581E+01 -1.746895E+01 2.139330E-15
      vertex 4.393618E+01 -1.780505E+01 -3.000000E+00
    endloop
  endfacet
  facet normal 6.631214E-01 7.485117E-01 0.000000E+00
    outer loop
      vertex 4.275447E+01 -1.698937E+01 2.080598E-15
      vertex 4.329581E+01 -1.746895E+01 2.139330E-15
      vertex 4.329581E+01 -1.746895E+01 -3.000000E+00
    endloop
  endfacet
  facet normal 2.393162E-01 9.709417E-01 -0.000000E+00
    outer loop
      vertex 4.393618E+01 -1.780505E+01 -3.000000E+00
      vertex 4.393618E+01 -1.780505E+01 2.180490E-15
      vertex 4.463839E+01 -1.797813E+01 -3.000000E+00
    endloop
  endfacet
  facet normal 4.647232E-01 8.854560E-01 0.000000E+00
    outer loop
      vertex 4.329581E+01 -1.746895E+01 2.139330E-15
      vertex 4.393618E+01 -1.780505E+01 2.180490E-15
      vertex 4.393618E+01 -1.780505E+01 -3.000000E+00
    endloop
  endfacet
  facet normal 0.000000E+00 1.000000E+00 0.000000E+00
    outer loop
      vertex 4.463839E+01 -1.797813E+01 -3.000000E+00
      vertex 4.463839E+01 -1.797813E+01 2.201686E-15
      vertex 4.536161E+01 -1.797813E+01 -3.000000E+00
    endloop
  endfacet
  facet normal 2.393162E-01 9.709417E-01 0.000000E+00
    outer loop
      vertex 4.393618E+01 -1.780505E+01 2.180490E-15
      vertex 4.463839E+01 -1.797813E+01 2.201686E-15
      vertex 4.463839E+01 -1.797813E+01 -3.000000E+00
    endloop
  endfacet
  facet normal -2.393162E-01 9.709417E-01 0.000000E+00
    outer loop
      vertex 4.536161E+01 -1.797813E+01 -3.000000E+00
      vertex 4.536161E+01 -1.797813E+01 2.201686E-15
      vertex 4.606382E+01 -1.780505E+01 -3.000000E+00
    endloop
  endfacet
  facet normal -0.000000E+00 1.000000E+00 0.000000E+00
    outer loop
      vertex 4.463839E+01 -1.797813E+01 2.201686E-15
      vertex 4.536161E+01 -1.797813E+01 2.201686E-15
      vertex 4.536161E+01 -1.797813E+01 -3.000000E+00
    endloop
  endfacet
  facet normal -4.647232E-01 8.854560E-01 0.000000E+00
    outer loop
      vertex 4.606382E+01 -1.780505E+01 -3.000000E+00
      vertex 4.606382E+01 -1.780505E+01 2.180490E-15
      vertex 4.670419E+01 -1.746895E+01 -3.000000E+00
    endloop
  endfacet
  facet normal -2.393162E-01 9.709417E-01 0.000000E+00
    outer loop
      vertex 4.536161E+01 -1.797813E+01 2.201686E-15
      vertex 4.606382E+01 -1.780505E+01 2.180490E-15
      vertex 4.606382E+01 -1.780505E+01 -3.000000E+00
    endloop
  endfacet
  facet normal -6.631214E-01 7.485117E-01 0.000000E+00
    outer loop
      vertex 4.670419E+01 -1.746895E+01 -3.000000E+00
      vertex 4.670419E+01 -1.746895E+01 2.139330E-15
      vertex 4.724553E+01 -1.698937E+01 -3.000000E+00
    endloop
  endfacet
  facet normal -4.647232E-01 8.854560E-01 0.000000E+00
    outer loop
      vertex 4.606382E+01 -1.780505E+01 2.180490E-15
      vertex 4.670419E+01 -1.746895E+01 2.139330E-15
      vertex 4.670419E+01 -1.746895E+01 -3.000000E+00
    endloop
  endfacet
  facet normal -8.229848E-01 5.680635E-01 0.000000E+00
    outer loop
      vertex 4.724553E+01 -1.698937E+01 -3.000000E+00
      vertex 4.724553E+01 -1.698937E+01 2.080598E-15
      vertex 4.765637E+01 -1.639417E+01 -3.000000E+00
    endloop
  endfacet
  facet normal -6.631214E-01 7.485117E-01 0.000000E+00
    outer loop
      vertex 4.670419E+01 -1.746895E+01 2.139330E-15
      vertex 4.724553E+01 -1.698937E+01 2.080598E-15
      vertex 4.724553E+01 -1.698937E+01 -3.000000E+00
    endloop
  endfacet
  facet normal -9.350157E-01 3.546063E-01 0.000000E+00
    outer loop
      vertex 4.765637E+01 -1.639417E+01 -3.000000E+00
      vertex 4.765637E+01 -1.639417E+01 2.007707E-15
      vertex 4.791283E+01 -1.571795E+01 -3.000000E+00
    endloop
  endfacet
  facet normal -8.229848E-01 5.680635E-01 0.000000E+00
    outer loop
      vertex 4.724553E+01 -1.698937E+01 2.080598E-15
      vertex 4.765637E+01 -1.639417E+01 2.007707E-15
      vertex 4.765637E+01 -1.639417E+01 -3.000000E+00
    endloop
  endfacet
  facet normal -9.927091E-01 1.205352E-01 0.000000E+00
    outer loop
      vertex 4.791283E+01 -1.571795E+01 -3.000000E+00
      vertex 4.791283E+01 -1.571795E+01 1.924893E-15
      vertex 4.800000E+01 -1.500000E+01 -3.000000E+00
    endloop
  endfacet
  facet normal -9.350157E-01 3.546063E-01 0.000000E+00
    outer loop
      vertex 4.765637E+01 -1.639417E+01 2.007707E-15
      vertex 4.791283E+01 -1.571795E+01 1.924893E-15
      vertex 4.791283E+01 -1.571795E+01 -3.000000E+00
    endloop
  endfacet
  facet normal -9.927091E-01 1.205352E-01 0.000000E+00
    outer loop
      vertex 4.791283E+01 -1.571795E+01 1.924893E-15
      vertex 4.800000E+01 -1.500000E+01 1.836970E-15
      vertex 4.800000E+01 -1.500000E+01 -3.000000E+00
    endloop
  endfacet
  facet normal -9.951844E-01 0.000000E+00 9.802054E-02
    outer loop
      vertex 1.010961E+02 4.780000E+01 3.975452E+00
      vertex 1.010000E+02 4.780000E+01 3.000000E+00
      vertex 1.010000E+02 4.380000E+01 3.000000E+00
    endloop
  endfacet
  facet normal -9.951844E-01 0.000000E+00 9.802054E-02
    outer loop
      vertex 1.010961E+02 4.780000E+01 3.975452E+00
      vertex 1.010000E+02 4.380000E+01 3.000000E+00
      vertex 1.010961E+02 4.380000E+01 3.975452E+00
    endloop
  endfacet
  facet normal -9.569420E-01 0.000000E+00 2.902793E-01
    outer loop
      vertex 1.013806E+02 4.780000E+01 4.913417E+00
      vertex 1.010961E+02 4.380000E+01 3.975452E+00
      vertex 1.013806E+02 4.380000E+01 4.913417E+00
    endloop
  endfacet
  facet normal -9.569420E-01 0.000000E+00 2.902793E-01
    outer loop
      vertex 1.013806E+02 4.780000E+01 4.913417E+00
      vertex 1.010961E+02 4.780000E+01 3.975452E+00
      vertex 1.010961E+02 4.380000E+01 3.975452E+00
    endloop
  endfacet
  facet normal -8.819205E-01 0.000000E+00 4.713983E-01
    outer loop
      vertex 1.018427E+02 4.780000E+01 5.777851E+00
      vertex 1.013806E+02 4.380000E+01 4.913417E+00
      vertex 1.018427E+02 4.380000E+01 5.777851E+00
    endloop
  endfacet
  facet normal -8.819205E-01 0.000000E+00 4.713983E-01
    outer loop
      vertex 1.018427E+02 4.780000E+01 5.777851E+00
      vertex 1.013806E+02 4.780000E+01 4.913417E+00
      vertex 1.013806E+02 4.380000E+01 4.913417E+00
    endloop
  endfacet
  facet normal -7.730121E-01 0.000000E+00 6.343913E-01
    outer loop
      vertex 1.024645E+02 4.780000E+01 6.535534E+00
      vertex 1.018427E+02 4.380000E+01 5.777851E+00
      vertex 1.024645E+02 4.380000E+01 6.535534E+00
    endloop
  endfacet
  facet normal -7.730121E-01 0.000000E+00 6.343913E-01
    outer loop
      vertex 1.024645E+02 4.780000E+01 6.535534E+00
      vertex 1.018427E+02 4.780000E+01 5.777851E+00
      vertex 1.018427E+02 4.380000E+01 5.777851E+00
    endloop
  endfacet
  facet normal 0.000000E+00 0.000000E+00 1.000000E+00
    outer loop
      vertex 1.060000E+02 4.380000E+01 8.000000E+00
      vertex 1.160000E+02 4.380000E+01 8.000000E+00
      vertex 1.160000E+02 4.780000E+01 8.000000E+00
    endloop
  endfacet
  facet normal 0.000000E+00 0.000000E+00 1.000000E+00
    outer loop
      vertex 1.060000E+02 4.380000E+01 8.000000E+00
      vertex 1.160000E+02 4.780000E+01 8.000000E+00
      vertex 1.060000E+02 4.780000E+01 8.000000E+00
    endloop
  endfacet
  facet normal 9.951844E-01 0.000000E+00 9.802054E-02
    outer loop
      vertex 1.209039E+02 4.380000E+01 3.975452E+00
      vertex 1.210000E+02 4.380000E+01 3.000000E+00
      vertex 1.210000E+02 4.780000E+01 3.000000E+00
    endloop
  endfacet
  facet normal 9.951844E-01 -0.000000E+00 9.802054E-02
    outer loop
      vertex 1.209039E+02 4.380000E+01 3.975452E+00
      vertex 1.210000E+02 4.780000E+01 3.000000E+00
      vertex 1.209039E+02 4.780000E+01 3.975452E+00
    endloop
  endfacet
  facet normal 9.569420E-01 -0.000000E+00 2.902793E-01
    outer loop
      vertex 1.206194E+02 4.380000E+01 4.913417E+00
      vertex 1.209039E+02 4.780000E+01 3.975452E+00
      vertex 1.206194E+02 4.780000E+01 4.913417E+00
    endloop
  endfacet
  facet normal 9.569420E-01 0.000000E+00 2.902793E-01
    outer loop
      vertex 1.206194E+02 4.380000E+01 4.913417E+00
      vertex 1.209039E+02 4.380000E+01 3.975452E+00
      vertex 1.209039E+02 4.780000E+01 3.975452E+00
    endloop
  endfacet
  facet normal 8.819205E-01 -0.000000E+00 4.713983E-01
    outer loop
      vertex 1.201573E+02 4.380000E+01 5.777851E+00
      vertex 1.206194E+02 4.780000E+01 4.913417E+00
      vertex 1.201573E+02 4.780000E+01 5.777851E+00
    endloop
  endfacet
  facet normal 8.819205E-01 0.000000E+00 4.713983E-01
    outer loop
      vertex 1.201573E+02 4.380000E+01 5.777851E+00
      vertex 1.206194E+02 4.380000E+01 4.913417E+00
      vertex 1.206194E+02 4.780000E+01 4.913417E+00
    endloop
  endfacet
  facet normal 7.730121E-01 -0.000000E+00 6.343913E-01
    outer loop
      vertex 1.195355E+02 4.380000E+01 6.535534E+00
      vertex 1.201573E+02 4.780000E+01 5.777851E+00
      vertex 1.195355E+02 4.780000E+01 6.535534E+00
    endloop
  endfacet
  facet normal 7.730121E-01 0.000000E+00 6.343913E-01
    outer loop
      vertex 1.195355E+02 4.380000E+01 6.535534E+00
      vertex 1.201573E+02 4.380000E+01 5.777851E+00
      vertex 1.201573E+02 4.780000E+01 5.777851E+00
    endloop
  endfacet
  facet normal 9.951844E-01 0.000000E+00 9.802054E-02
    outer loop
      vertex 1.209039E+02 -2.180000E+01 3.975452E+00
      vertex 1.210000E+02 -2.180000E+01 3.000000E+00
      vertex 1.210000E+02 -1.780000E+01 3.000000E+00
    endloop
  endfacet
  facet normal 9.951844E-01 -0.000000E+00 9.802054E-02
    outer loop
      vertex 1.209039E+02 -2.180000E+01 3.975452E+00
      vertex 1.210000E+02 -1.780000E+01 3.000000E+00
      vertex 1.209039E+02 -1.780000E+01 3.975452E+00
    endloop
  endfacet
  facet normal 9.569420E-01 -0.000000E+00 2.902793E-01
    outer loop
      vertex 1.206194E+02 -2.180000E+01 4.913417E+00
      vertex 1.209039E+02 -1.780000E+01 3.975452E+00
      vertex 1.206194E+02 -1.780000E+01 4.913417E+00
    endloop
  endfacet
  facet normal 9.569420E-01 0.000000E+00 2.902793E-01
    outer loop
      vertex 1.206194E+02 -2.180000E+01 4.913417E+00
      vertex 1.209039E+02 -2.180000E+01 3.975452E+00
      vertex 1.209039E+02 -1.780000E+01 3.975452E+00
    endloop
  endfacet
  facet normal 8.819205E-01 -0.000000E+00 4.713983E-01
    outer loop
      vertex 1.201573E+02 -2.180000E+01 5.777851E+00
      vertex 1.206194E+02 -1.780000E+01 4.913417E+00
      vertex 1.201573E+02 -1.780000E+01 5.777851E+00
    endloop
  endfacet
  facet normal 8.819205E-01 0.000000E+00 4.713983E-01
    outer loop
      vertex 1.201573E+02 -2.180000E+01 5.777851E+00
      vertex 1.206194E+02 -2.180000E+01 4.913417E+00
      vertex 1.206194E+02 -1.780000E+01 4.913417E+00
    endloop
  endfacet
  facet normal 7.730121E-01 -0.000000E+00 6.343913E-01
    outer loop
      vertex 1.195355E+02 -2.180000E+01 6.535534E+00
      vertex 1.201573E+02 -1.780000E+01 5.777851E+00
      vertex 1.195355E+02 -1.780000E+01 6.535534E+00
    endloop
  endfacet
  facet normal 7.730121E-01 0.000000E+00 6.343913E-01
    outer loop
      vertex 1.195355E+02 -2.180000E+01 6.535534E+00
      vertex 1.201573E+02 -2.180000E+01 5.777851E+00
      vertex 1.201573E+02 -1.780000E+01 5.777851E+00
    endloop
  endfacet
  facet normal 0.000000E+00 0.000000E+00 1.000000E+00
    outer loop
      vertex 1.060000E+02 -2.180000E+01 8.000000E+00
      vertex 1.160000E+02 -2.180000E+01 8.000000E+00
      vertex 1.160000E+02 -1.780000E+01 8.000000E+00
    endloop
  endfacet
  facet normal 0.000000E+00 0.000000E+00 1.000000E+00
    outer loop
      vertex 1.060000E+02 -2.180000E+01 8.000000E+00
      vertex 1.160000E+02 -1.780000E+01 8.000000E+00
      vertex 1.060000E+02 -1.780000E+01 8.000000E+00
    endloop
  endfacet
  facet normal -9.951844E-01 0.000000E+00 9.802054E-02
    outer loop
      vertex 1.010961E+02 -1.780000E+01 3.975452E+00
      vertex 1.010000E+02 -1.780000E+01 3.000000E+00
      vertex 1.010000E+02 -2.180000E+01 3.000000E+00
    endloop
  endfacet
  facet normal -9.951844E-01 0.000000E+00 9.802054E-02
    outer loop
      vertex 1.010961E+02 -1.780000E+01 3.975452E+00
      vertex 1.010000E+02 -2.180000E+01 3.000000E+00
      vertex 1.010961E+02 -2.180000E+01 3.975452E+00
    endloop
  endfacet
  facet normal -9.569420E-01 0.000000E+00 2.902793E-01
    outer loop
      vertex 1.013806E+02 -1.780000E+01 4.913417E+00
      vertex 1.010961E+02 -2.180000E+01 3.975452E+00
      vertex 1.013806E+02 -2.180000E+01 4.913417E+00
    endloop
  endfacet
  facet normal -9.569420E-01 0.000000E+00 2.902793E-01
    outer loop
      vertex 1.013806E+02 -1.780000E+01 4.913417E+00
      vertex 1.010961E+02 -1.780000E+01 3.975452E+00
      vertex 1.010961E+02 -2.180000E+01 3.975452E+00
    endloop
  endfacet
  facet normal -8.819205E-01 0.000000E+00 4.713983E-01
    outer loop
      vertex 1.018427E+02 -1.780000E+01 5.777851E+00
      vertex 1.013806E+02 -2.180000E+01 4.913417E+00
      vertex 1.018427E+02 -2.180000E+01 5.777851E+00
    endloop
  endfacet
  facet normal -8.819205E-01 0.000000E+00 4.713983E-01
    outer loop
      vertex 1.018427E+02 -1.780000E+01 5.777851E+00
      vertex 1.013806E+02 -1.780000E+01 4.913417E+00
      vertex 1.013806E+02 -2.180000E+01 4.913417E+00
    endloop
  endfacet
  facet normal -7.730121E-01 0.000000E+00 6.343913E-01
    outer loop
      vertex 1.024645E+02 -1.780000E+01 6.535534E+00
      vertex 1.018427E+02 -2.180000E+01 5.777851E+00
      vertex 1.024645E+02 -2.180000E+01 6.535534E+00
    endloop
  endfacet
  facet normal -7.730121E-01 0.000000E+00 6.343913E-01
    outer loop
      vertex 1.024645E+02 -1.780000E+01 6.535534E+00
      vertex 1.018427E+02 -1.780000E+01 5.777851E+00
      vertex 1.018427E+02 -2.180000E+01 5.777851E+00
    endloop
  endfacet
  facet normal 9.951848E-01 0.000000E+00 9.801668E-02
    outer loop
      vertex 2.490393E+01 -2.180000E+01 3.975452E+00
      vertex 2.500000E+01 -2.180000E+01 3.000000E+00
      vertex 2.500000E+01 -1.780000E+01 3.000000E+00
    endloop
  endfacet
  facet normal 9.951848E-01 -0.000000E+00 9.801668E-02
    outer loop
      vertex 2.490393E+01 -2.180000E+01 3.975452E+00
      vertex 2.500000E+01 -1.780000E+01 3.000000E+00
      vertex 2.490393E+01 -1.780000E+01 3.975452E+00
    endloop
  endfacet
  facet normal 9.569404E-01 -0.000000E+00 2.902847E-01
    outer loop
      vertex 2.461940E+01 -2.180000E+01 4.913417E+00
      vertex 2.490393E+01 -1.780000E+01 3.975452E+00
      vertex 2.461940E+01 -1.780000E+01 4.913417E+00
    endloop
  endfacet
  facet normal 9.569404E-01 0.000000E+00 2.902847E-01
    outer loop
      vertex 2.461940E+01 -2.180000E+01 4.913417E+00
      vertex 2.490393E+01 -2.180000E+01 3.975452E+00
      vertex 2.490393E+01 -1.780000E+01 3.975452E+00
    endloop
  endfacet
  facet normal 8.819212E-01 -0.000000E+00 4.713967E-01
    outer loop
      vertex 2.415735E+01 -2.180000E+01 5.777851E+00
      vertex 2.461940E+01 -1.780000E+01 4.913417E+00
      vertex 2.415735E+01 -1.780000E+01 5.777851E+00
    endloop
  endfacet
  facet normal 8.819212E-01 0.000000E+00 4.713967E-01
    outer loop
      vertex 2.415735E+01 -2.180000E+01 5.777851E+00
      vertex 2.461940E+01 -2.180000E+01 4.913417E+00
      vertex 2.461940E+01 -1.780000E+01 4.913417E+00
    endloop
  endfacet
  facet normal 7.730102E-01 -0.000000E+00 6.343936E-01
    outer loop
      vertex 2.353553E+01 -2.180000E+01 6.535534E+00
      vertex 2.415735E+01 -1.780000E+01 5.777851E+00
      vertex 2.353553E+01 -1.780000E+01 6.535534E+00
    endloop
  endfacet
  facet normal 7.730102E-01 0.000000E+00 6.343936E-01
    outer loop
      vertex 2.353553E+01 -2.180000E+01 6.535534E+00
      vertex 2.415735E+01 -2.180000E+01 5.777851E+00
      vertex 2.415735E+01 -1.780000E+01 5.777851E+00
    endloop
  endfacet
  facet normal 0.000000E+00 0.000000E+00 1.000000E+00
    outer loop
      vertex 1.000000E+01 -2.180000E+01 8.000000E+00
      vertex 2.000000E+01 -2.180000E+01 8.000000E+00
      vertex 2.000000E+01 -1.780000E+01 8.000000E+00
    endloop
  endfacet
  facet normal 0.000000E+00 0.000000E+00 1.000000E+00
    outer loop
      vertex 1.000000E+01 -2.180000E+01 8.000000E+00
      vertex 2.000000E+01 -1.780000E+01 8.000000E+00
      vertex 1.000000E+01 -1.780000E+01 8.000000E+00
    endloop
  endfacet
  facet normal -0.000000E+00 1.000000E+00 0.000000E+00
    outer loop
      vertex 1.736714E+01 -1.780000E+01 3.500000E+00
      vertex 2.490393E+01 -1.780000E+01 3.975452E+00
      vertex 2.500000E+01 -1.780000E+01 3.000000E+00
    endloop
  endfacet
  facet normal 0.000000E+00 1.000000E+00 0.000000E+00
    outer loop
      vertex 1.736714E+01 -1.780000E+01 3.500000E+00
      vertex 2.461940E+01 -1.780000E+01 4.913417E+00
      vertex 2.490393E+01 -1.780000E+01 3.975452E+00
    endloop
  endfacet
  facet normal 0.000000E+00 1.000000E+00 0.000000E+00
    outer loop
      vertex 1.736714E+01 -1.780000E+01 3.500000E+00
      vertex 2.415735E+01 -1.780000E+01 5.777851E+00
      vertex 2.461940E+01 -1.780000E+01 4.913417E+00
    endloop
  endfacet
  facet normal 0.000000E+00 1.000000E+00 0.000000E+00
    outer loop
      vertex 1.736714E+01 -1.780000E+01 3.500000E+00
      vertex 2.353553E+01 -1.780000E+01 6.535534E+00
      vertex 2.415735E+01 -1.780000E+01 5.777851E+00
    endloop
  endfacet
  facet normal 0.000000E+00 1.000000E+00 0.000000E+00
    outer loop
      vertex 1.736714E+01 -1.780000E+01 3.500000E+00
      vertex 2.500000E+01 -1.780000E+01 3.000000E+00
      vertex 2.500000E+01 -1.780000E+01 2.179871E-15
    endloop
  endfacet
  facet normal 0.000000E+00 1.000000E+00 0.000000E+00
    outer loop
      vertex 1.736714E+01 -1.780000E+01 3.500000E+00
      vertex 2.277785E+01 -1.780000E+01 7.157348E+00
      vertex 2.353553E+01 -1.780000E+01 6.535534E+00
    endloop
  endfacet
  facet normal 0.000000E+00 1.000000E+00 0.000000E+00
    outer loop
      vertex 1.736714E+01 -1.780000E+01 3.500000E+00
      vertex 2.191342E+01 -1.780000E+01 7.619398E+00
      vertex 2.277785E+01 -1.780000E+01 7.157348E+00
    endloop
  endfacet
  facet normal 0.000000E+00 1.000000E+00 0.000000E+00
    outer loop
      vertex 1.736714E+01 -1.780000E+01 3.500000E+00
      vertex 2.500000E+01 -1.780000E+01 2.179871E-15
      vertex 1.618357E+01 -1.780000E+01 1.450000E+00
    endloop
  endfacet
  facet normal 0.000000E+00 1.000000E+00 0.000000E+00
    outer loop
      vertex 2.097545E+01 -1.780000E+01 7.903926E+00
      vertex 2.191342E+01 -1.780000E+01 7.619398E+00
      vertex 1.736714E+01 -1.780000E+01 3.500000E+00
    endloop
  endfacet
  facet normal 0.000000E+00 1.000000E+00 0.000000E+00
    outer loop
      vertex 2.000000E+01 -1.780000E+01 8.000000E+00
      vertex 2.097545E+01 -1.780000E+01 7.903926E+00
      vertex 1.736714E+01 -1.780000E+01 3.500000E+00
    endloop
  endfacet
  facet normal -0.000000E+00 1.000000E+00 0.000000E+00
    outer loop
      vertex 1.618357E+01 -1.780000E+01 5.550000E+00
      vertex 2.000000E+01 -1.780000E+01 8.000000E+00
      vertex 1.736714E+01 -1.780000E+01 3.500000E+00
    endloop
  endfacet
  facet normal 0.000000E+00 1.000000E+00 0.000000E+00
    outer loop
      vertex 5.000000E+00 -1.780000E+01 2.179871E-15
      vertex 1.263286E+01 -1.780000E+01 3.500000E+00
      vertex 1.381643E+01 -1.780000E+01 1.450000E+00
    endloop
  endfacet
  facet normal 0.000000E+00 1.000000E+00 0.000000E+00
    outer loop
      vertex 5.000000E+00 -1.780000E+01 2.179871E-15
      vertex 1.381643E+01 -1.780000E+01 1.450000E+00
      vertex 1.618357E+01 -1.780000E+01 1.450000E+00
    endloop
  endfacet
  facet normal 0.000000E+00 1.000000E+00 0.000000E+00
    outer loop
      vertex 5.000000E+00 -1.780000E+01 2.179871E-15
      vertex 1.618357E+01 -1.780000E+01 1.450000E+00
      vertex 2.500000E+01 -1.780000E+01 2.179871E-15
    endloop
  endfacet
  facet normal -0.000000E+00 1.000000E+00 0.000000E+00
    outer loop
      vertex 5.000000E+00 -1.780000E+01 3.000000E+00
      vertex 1.263286E+01 -1.780000E+01 3.500000E+00
      vertex 5.000000E+00 -1.780000E+01 2.179871E-15
    endloop
  endfacet
  facet normal 0.000000E+00 1.000000E+00 0.000000E+00
    outer loop
      vertex 1.000000E+01 -1.780000E+01 8.000000E+00
      vertex 1.381643E+01 -1.780000E+01 5.550000E+00
      vertex 1.263286E+01 -1.780000E+01 3.500000E+00
    endloop
  endfacet
  facet normal 0.000000E+00 1.000000E+00 0.000000E+00
    outer loop
      vertex 1.000000E+01 -1.780000E+01 8.000000E+00
      vertex 1.618357E+01 -1.780000E+01 5.550000E+00
      vertex 1.381643E+01 -1.780000E+01 5.550000E+00
    endloop
  endfacet
  facet normal -0.000000E+00 1.000000E+00 0.000000E+00
    outer loop
      vertex 1.000000E+01 -1.780000E+01 8.000000E+00
      vertex 2.000000E+01 -1.780000E+01 8.000000E+00
      vertex 1.618357E+01 -1.780000E+01 5.550000E+00
    endloop
  endfacet
  facet normal 0.000000E+00 1.000000E+00 0.000000E+00
    outer loop
      vertex 5.096074E+00 -1.780000E+01 3.975452E+00
      vertex 1.263286E+01 -1.780000E+01 3.500000E+00
      vertex 5.000000E+00 -1.780000E+01 3.000000E+00
    endloop
  endfacet
  facet normal -0.000000E+00 1.000000E+00 0.000000E+00
    outer loop
      vertex 9.024549E+00 -1.780000E+01 7.903926E+00
      vertex 1.000000E+01 -1.780000E+01 8.000000E+00
      vertex 1.263286E+01 -1.780000E+01 3.500000E+00
    endloop
  endfacet
  facet normal 0.000000E+00 1.000000E+00 0.000000E+00
    outer loop
      vertex 5.380602E+00 -1.780000E+01 4.913417E+00
      vertex 1.263286E+01 -1.780000E+01 3.500000E+00
      vertex 5.096074E+00 -1.780000E+01 3.975452E+00
    endloop
  endfacet
  facet normal -0.000000E+00 1.000000E+00 0.000000E+00
    outer loop
      vertex 8.086583E+00 -1.780000E+01 7.619398E+00
      vertex 9.024549E+00 -1.780000E+01 7.903926E+00
      vertex 1.263286E+01 -1.780000E+01 3.500000E+00
    endloop
  endfacet
  facet normal 0.000000E+00 1.000000E+00 0.000000E+00
    outer loop
      vertex 5.842652E+00 -1.780000E+01 5.777851E+00
      vertex 1.263286E+01 -1.780000E+01 3.500000E+00
      vertex 5.380602E+00 -1.780000E+01 4.913417E+00
    endloop
  endfacet
  facet normal -0.000000E+00 1.000000E+00 0.000000E+00
    outer loop
      vertex 7.222149E+00 -1.780000E+01 7.157348E+00
      vertex 8.086583E+00 -1.780000E+01 7.619398E+00
      vertex 1.263286E+01 -1.780000E+01 3.500000E+00
    endloop
  endfacet
  facet normal 0.000000E+00 1.000000E+00 0.000000E+00
    outer loop
      vertex 6.464466E+00 -1.780000E+01 6.535534E+00
      vertex 1.263286E+01 -1.780000E+01 3.500000E+00
      vertex 5.842652E+00 -1.780000E+01 5.777851E+00
    endloop
  endfacet
  facet normal -0.000000E+00 1.000000E+00 0.000000E+00
    outer loop
      vertex 6.464466E+00 -1.780000E+01 6.535534E+00
      vertex 7.222149E+00 -1.780000E+01 7.157348E+00
      vertex 1.263286E+01 -1.780000E+01 3.500000E+00
    endloop
  endfacet
  facet normal -9.951847E-01 0.000000E+00 9.801716E-02
    outer loop
      vertex 5.096074E+00 -1.780000E+01 3.975452E+00
      vertex 5.000000E+00 -1.780000E+01 3.000000E+00
      vertex 5.000000E+00 -2.180000E+01 3.000000E+00
    endloop
  endfacet
  facet normal -9.951847E-01 0.000000E+00 9.801716E-02
    outer loop
      vertex 5.096074E+00 -1.780000E+01 3.975452E+00
      vertex 5.000000E+00 -2.180000E+01 3.000000E+00
      vertex 5.096074E+00 -2.180000E+01 3.975452E+00
    endloop
  endfacet
  facet normal -9.569404E-01 0.000000E+00 2.902847E-01
    outer loop
      vertex 5.380602E+00 -1.780000E+01 4.913417E+00
      vertex 5.096074E+00 -2.180000E+01 3.975452E+00
      vertex 5.380602E+00 -2.180000E+01 4.913417E+00
    endloop
  endfacet
  facet normal -9.569404E-01 0.000000E+00 2.902847E-01
    outer loop
      vertex 5.380602E+00 -1.780000E+01 4.913417E+00
      vertex 5.096074E+00 -1.780000E+01 3.975452E+00
      vertex 5.096074E+00 -2.180000E+01 3.975452E+00
    endloop
  endfacet
  facet normal -8.819212E-01 0.000000E+00 4.713967E-01
    outer loop
      vertex 5.842652E+00 -1.780000E+01 5.777851E+00
      vertex 5.380602E+00 -2.180000E+01 4.913417E+00
      vertex 5.842652E+00 -2.180000E+01 5.777851E+00
    endloop
  endfacet
  facet normal -8.819212E-01 0.000000E+00 4.713967E-01
    outer loop
      vertex 5.842652E+00 -1.780000E+01 5.777851E+00
      vertex 5.380602E+00 -1.780000E+01 4.913417E+00
      vertex 5.380602E+00 -2.180000E+01 4.913417E+00
    endloop
  endfacet
  facet normal -7.730104E-01 0.000000E+00 6.343933E-01
    outer loop
      vertex 6.464466E+00 -1.780000E+01 6.535534E+00
      vertex 5.842652E+00 -2.180000E+01 5.777851E+00
      vertex 6.464466E+00 -2.180000E+01 6.535534E+00
    endloop
  endfacet
  facet normal -7.730104E-01 0.000000E+00 6.343933E-01
    outer loop
      vertex 6.464466E+00 -1.780000E+01 6.535534E+00
      vertex 5.842652E+00 -1.780000E+01 5.777851E+00
      vertex 5.842652E+00 -2.180000E+01 5.777851E+00
    endloop
  endfacet
  facet normal -1.000000E+00 0.000000E+00 0.000000E+00
    outer loop
      vertex 5.000000E+00 -1.980000E+01 1.500000E+00
      vertex 5.000000E+00 -1.780000E+01 3.000000E+00
      vertex 5.000000E+00 -1.780000E+01 2.179871E-15
    endloop
  endfacet
  facet normal -1.000000E+00 0.000000E+00 0.000000E+00
    outer loop
      vertex 5.000000E+00 -1.980000E+01 1.500000E+00
      vertex 5.000000E+00 -1.780000E+01 2.179871E-15
      vertex 5.000000E+00 -1.980000E+01 2.424801E-15
    endloop
  endfacet
  facet normal -1.000000E+00 0.000000E+00 0.000000E+00
    outer loop
      vertex 5.000000E+00 -2.180000E+01 3.000000E+00
      vertex 5.000000E+00 -1.980000E+01 1.500000E+00
      vertex 5.000000E+00 -2.180000E+01 1.500000E+00
    endloop
  endfacet
  facet normal -1.000000E+00 0.000000E+00 0.000000E+00
    outer loop
      vertex 5.000000E+00 -2.180000E+01 3.000000E+00
      vertex 5.000000E+00 -1.780000E+01 3.000000E+00
      vertex 5.000000E+00 -1.980000E+01 1.500000E+00
    endloop
  endfacet
  facet normal -9.951847E-01 0.000000E+00 9.801716E-02
    outer loop
      vertex 5.096074E+00 4.780000E+01 3.975452E+00
      vertex 5.000000E+00 4.780000E+01 3.000000E+00
      vertex 5.000000E+00 4.380000E+01 3.000000E+00
    endloop
  endfacet
  facet normal -9.951847E-01 0.000000E+00 9.801716E-02
    outer loop
      vertex 5.096074E+00 4.780000E+01 3.975452E+00
      vertex 5.000000E+00 4.380000E+01 3.000000E+00
      vertex 5.096074E+00 4.380000E+01 3.975452E+00
    endloop
  endfacet
  facet normal -9.569404E-01 0.000000E+00 2.902847E-01
    outer loop
      vertex 5.380602E+00 4.780000E+01 4.913417E+00
      vertex 5.096074E+00 4.380000E+01 3.975452E+00
      vertex 5.380602E+00 4.380000E+01 4.913417E+00
    endloop
  endfacet
  facet normal -9.569404E-01 0.000000E+00 2.902847E-01
    outer loop
      vertex 5.380602E+00 4.780000E+01 4.913417E+00
      vertex 5.096074E+00 4.780000E+01 3.975452E+00
      vertex 5.096074E+00 4.380000E+01 3.975452E+00
    endloop
  endfacet
  facet normal -8.819212E-01 0.000000E+00 4.713967E-01
    outer loop
      vertex 5.842652E+00 4.780000E+01 5.777851E+00
      vertex 5.380602E+00 4.380000E+01 4.913417E+00
      vertex 5.842652E+00 4.380000E+01 5.777851E+00
    endloop
  endfacet
  facet normal -8.819212E-01 0.000000E+00 4.713967E-01
    outer loop
      vertex 5.842652E+00 4.780000E+01 5.777851E+00
      vertex 5.380602E+00 4.780000E+01 4.913417E+00
      vertex 5.380602E+00 4.380000E+01 4.913417E+00
    endloop
  endfacet
  facet normal -7.730104E-01 0.000000E+00 6.343933E-01
    outer loop
      vertex 6.464466E+00 4.780000E+01 6.535534E+00
      vertex 5.842652E+00 4.380000E+01 5.777851E+00
      vertex 6.464466E+00 4.380000E+01 6.535534E+00
    endloop
  endfacet
  facet normal -7.730104E-01 0.000000E+00 6.343933E-01
    outer loop
      vertex 6.464466E+00 4.780000E+01 6.535534E+00
      vertex 5.842652E+00 4.780000E+01 5.777851E+00
      vertex 5.842652E+00 4.380000E+01 5.777851E+00
    endloop
  endfacet
  facet normal 0.000000E+00 0.000000E+00 1.000000E+00
    outer loop
      vertex 1.000000E+01 4.380000E+01 8.000000E+00
      vertex 2.000000E+01 4.380000E+01 8.000000E+00
      vertex 2.000000E+01 4.780000E+01 8.000000E+00
    endloop
  endfacet
  facet normal 0.000000E+00 0.000000E+00 1.000000E+00
    outer loop
      vertex 1.000000E+01 4.380000E+01 8.000000E+00
      vertex 2.000000E+01 4.780000E+01 8.000000E+00
      vertex 1.000000E+01 4.780000E+01 8.000000E+00
    endloop
  endfacet
  facet normal -0.000000E+00 -1.000000E+00 0.000000E+00
    outer loop
      vertex 1.263286E+01 4.380000E+01 3.500000E+00
      vertex 5.096074E+00 4.380000E+01 3.975452E+00
      vertex 5.000000E+00 4.380000E+01 3.000000E+00
    endloop
  endfacet
  facet normal 0.000000E+00 -1.000000E+00 0.000000E+00
    outer loop
      vertex 1.263286E+01 4.380000E+01 3.500000E+00
      vertex 5.380602E+00 4.380000E+01 4.913417E+00
      vertex 5.096074E+00 4.380000E+01 3.975452E+00
    endloop
  endfacet
  facet normal 0.000000E+00 -1.000000E+00 0.000000E+00
    outer loop
      vertex 1.263286E+01 4.380000E+01 3.500000E+00
      vertex 5.842652E+00 4.380000E+01 5.777851E+00
      vertex 5.380602E+00 4.380000E+01 4.913417E+00
    endloop
  endfacet
  facet normal 0.000000E+00 -1.000000E+00 0.000000E+00
    outer loop
      vertex 1.263286E+01 4.380000E+01 3.500000E+00
      vertex 6.464466E+00 4.380000E+01 6.535534E+00
      vertex 5.842652E+00 4.380000E+01 5.777851E+00
    endloop
  endfacet
  facet normal 0.000000E+00 -1.000000E+00 0.000000E+00
    outer loop
      vertex 1.263286E+01 4.380000E+01 3.500000E+00
      vertex 5.000000E+00 4.380000E+01 3.000000E+00
      vertex 5.000000E+00 4.380000E+01 -5.363953E-15
    endloop
  endfacet
  facet normal 0.000000E+00 -1.000000E+00 0.000000E+00
    outer loop
      vertex 1.263286E+01 4.380000E+01 3.500000E+00
      vertex 7.222149E+00 4.380000E+01 7.157348E+00
      vertex 6.464466E+00 4.380000E+01 6.535534E+00
    endloop
  endfacet
  facet normal 0.000000E+00 -1.000000E+00 0.000000E+00
    outer loop
      vertex 1.263286E+01 4.380000E+01 3.500000E+00
      vertex 8.086583E+00 4.380000E+01 7.619398E+00
      vertex 7.222149E+00 4.380000E+01 7.157348E+00
    endloop
  endfacet
  facet normal 0.000000E+00 -1.000000E+00 -0.000000E+00
    outer loop
      vertex 1.263286E+01 4.380000E+01 3.500000E+00
      vertex 5.000000E+00 4.380000E+01 -5.363953E-15
      vertex 1.381643E+01 4.380000E+01 1.450000E+00
    endloop
  endfacet
  facet normal 0.000000E+00 -1.000000E+00 -0.000000E+00
    outer loop
      vertex 9.024549E+00 4.380000E+01 7.903926E+00
      vertex 8.086583E+00 4.380000E+01 7.619398E+00
      vertex 1.263286E+01 4.380000E+01 3.500000E+00
    endloop
  endfacet
  facet normal 0.000000E+00 -1.000000E+00 -0.000000E+00
    outer loop
      vertex 1.000000E+01 4.380000E+01 8.000000E+00
      vertex 9.024549E+00 4.380000E+01 7.903926E+00
      vertex 1.263286E+01 4.380000E+01 3.500000E+00
    endloop
  endfacet
  facet normal -0.000000E+00 -1.000000E+00 0.000000E+00
    outer loop
      vertex 1.381643E+01 4.380000E+01 5.550000E+00
      vertex 1.000000E+01 4.380000E+01 8.000000E+00
      vertex 1.263286E+01 4.380000E+01 3.500000E+00
    endloop
  endfacet
  facet normal 0.000000E+00 -1.000000E+00 0.000000E+00
    outer loop
      vertex 2.500000E+01 4.380000E+01 -5.363953E-15
      vertex 1.736714E+01 4.380000E+01 3.500000E+00
      vertex 1.618357E+01 4.380000E+01 1.450000E+00
    endloop
  endfacet
  facet normal 0.000000E+00 -1.000000E+00 0.000000E+00
    outer loop
      vertex 2.500000E+01 4.380000E+01 -5.363953E-15
      vertex 1.618357E+01 4.380000E+01 1.450000E+00
      vertex 1.381643E+01 4.380000E+01 1.450000E+00
    endloop
  endfacet
  facet normal 0.000000E+00 -1.000000E+00 0.000000E+00
    outer loop
      vertex 2.500000E+01 4.380000E+01 -5.363953E-15
      vertex 1.381643E+01 4.380000E+01 1.450000E+00
      vertex 5.000000E+00 4.380000E+01 -5.363953E-15
    endloop
  endfacet
  facet normal -0.000000E+00 -1.000000E+00 -0.000000E+00
    outer loop
      vertex 2.500000E+01 4.380000E+01 3.000000E+00
      vertex 1.736714E+01 4.380000E+01 3.500000E+00
      vertex 2.500000E+01 4.380000E+01 -5.363953E-15
    endloop
  endfacet
  facet normal 0.000000E+00 -1.000000E+00 0.000000E+00
    outer loop
      vertex 2.000000E+01 4.380000E+01 8.000000E+00
      vertex 1.618357E+01 4.380000E+01 5.550000E+00
      vertex 1.736714E+01 4.380000E+01 3.500000E+00
    endloop
  endfacet
  facet normal 0.000000E+00 -1.000000E+00 0.000000E+00
    outer loop
      vertex 2.000000E+01 4.380000E+01 8.000000E+00
      vertex 1.381643E+01 4.380000E+01 5.550000E+00
      vertex 1.618357E+01 4.380000E+01 5.550000E+00
    endloop
  endfacet
  facet normal -0.000000E+00 -1.000000E+00 0.000000E+00
    outer loop
      vertex 2.000000E+01 4.380000E+01 8.000000E+00
      vertex 1.000000E+01 4.380000E+01 8.000000E+00
      vertex 1.381643E+01 4.380000E+01 5.550000E+00
    endloop
  endfacet
  facet normal 0.000000E+00 -1.000000E+00 -0.000000E+00
    outer loop
      vertex 2.490393E+01 4.380000E+01 3.975452E+00
      vertex 1.736714E+01 4.380000E+01 3.500000E+00
      vertex 2.500000E+01 4.380000E+01 3.000000E+00
    endloop
  endfacet
  facet normal -0.000000E+00 -1.000000E+00 0.000000E+00
    outer loop
      vertex 2.097545E+01 4.380000E+01 7.903926E+00
      vertex 2.000000E+01 4.380000E+01 8.000000E+00
      vertex 1.736714E+01 4.380000E+01 3.500000E+00
    endloop
  endfacet
  facet normal 0.000000E+00 -1.000000E+00 -0.000000E+00
    outer loop
      vertex 2.461940E+01 4.380000E+01 4.913417E+00
      vertex 1.736714E+01 4.380000E+01 3.500000E+00
      vertex 2.490393E+01 4.380000E+01 3.975452E+00
    endloop
  endfacet
  facet normal -0.000000E+00 -1.000000E+00 0.000000E+00
    outer loop
      vertex 2.191342E+01 4.380000E+01 7.619398E+00
      vertex 2.097545E+01 4.380000E+01 7.903926E+00
      vertex 1.736714E+01 4.380000E+01 3.500000E+00
    endloop
  endfacet
  facet normal 0.000000E+00 -1.000000E+00 -0.000000E+00
    outer loop
      vertex 2.415735E+01 4.380000E+01 5.777851E+00
      vertex 1.736714E+01 4.380000E+01 3.500000E+00
      vertex 2.461940E+01 4.380000E+01 4.913417E+00
    endloop
  endfacet
  facet normal -0.000000E+00 -1.000000E+00 0.000000E+00
    outer loop
      vertex 2.277785E+01 4.380000E+01 7.157348E+00
      vertex 2.191342E+01 4.380000E+01 7.619398E+00
      vertex 1.736714E+01 4.380000E+01 3.500000E+00
    endloop
  endfacet
  facet normal 0.000000E+00 -1.000000E+00 -0.000000E+00
    outer loop
      vertex 2.353553E+01 4.380000E+01 6.535534E+00
      vertex 1.736714E+01 4.380000E+01 3.500000E+00
      vertex 2.415735E+01 4.380000E+01 5.777851E+00
    endloop
  endfacet
  facet normal -0.000000E+00 -1.000000E+00 0.000000E+00
    outer loop
      vertex 2.353553E+01 4.380000E+01 6.535534E+00
      vertex 2.277785E+01 4.380000E+01 7.157348E+00
      vertex 1.736714E+01 4.380000E+01 3.500000E+00
    endloop
  endfacet
  facet normal 9.951848E-01 0.000000E+00 9.801668E-02
    outer loop
      vertex 2.490393E+01 4.380000E+01 3.975452E+00
      vertex 2.500000E+01 4.380000E+01 3.000000E+00
      vertex 2.500000E+01 4.780000E+01 3.000000E+00
    endloop
  endfacet
  facet normal 9.951848E-01 -0.000000E+00 9.801668E-02
    outer loop
      vertex 2.490393E+01 4.380000E+01 3.975452E+00
      vertex 2.500000E+01 4.780000E+01 3.000000E+00
      vertex 2.490393E+01 4.780000E+01 3.975452E+00
    endloop
  endfacet
  facet normal 9.569404E-01 -0.000000E+00 2.902847E-01
    outer loop
      vertex 2.461940E+01 4.380000E+01 4.913417E+00
      vertex 2.490393E+01 4.780000E+01 3.975452E+00
      vertex 2.461940E+01 4.780000E+01 4.913417E+00
    endloop
  endfacet
  facet normal 9.569404E-01 0.000000E+00 2.902847E-01
    outer loop
      vertex 2.461940E+01 4.380000E+01 4.913417E+00
      vertex 2.490393E+01 4.380000E+01 3.975452E+00
      vertex 2.490393E+01 4.780000E+01 3.975452E+00
    endloop
  endfacet
  facet normal 8.819212E-01 -0.000000E+00 4.713967E-01
    outer loop
      vertex 2.415735E+01 4.380000E+01 5.777851E+00
      vertex 2.461940E+01 4.780000E+01 4.913417E+00
      vertex 2.415735E+01 4.780000E+01 5.777851E+00
    endloop
  endfacet
  facet normal 8.819212E-01 0.000000E+00 4.713967E-01
    outer loop
      vertex 2.415735E+01 4.380000E+01 5.777851E+00
      vertex 2.461940E+01 4.380000E+01 4.913417E+00
      vertex 2.461940E+01 4.780000E+01 4.913417E+00
    endloop
  endfacet
  facet normal 7.730102E-01 -0.000000E+00 6.343936E-01
    outer loop
      vertex 2.353553E+01 4.380000E+01 6.535534E+00
      vertex 2.415735E+01 4.780000E+01 5.777851E+00
      vertex 2.353553E+01 4.780000E+01 6.535534E+00
    endloop
  endfacet
  facet normal 7.730102E-01 0.000000E+00 6.343936E-01
    outer loop
      vertex 2.353553E+01 4.380000E+01 6.535534E+00
      vertex 2.415735E+01 4.380000E+01 5.777851E+00
      vertex 2.415735E+01 4.780000E+01 5.777851E+00
    endloop
  endfacet
  facet normal 1.000000E+00 0.000000E+00 0.000000E+00
    outer loop
      vertex 2.500000E+01 4.580000E+01 1.500000E+00
      vertex 2.500000E+01 4.380000E+01 3.000000E+00
      vertex 2.500000E+01 4.380000E+01 -5.363953E-15
    endloop
  endfacet
  facet normal 1.000000E+00 0.000000E+00 0.000000E+00
    outer loop
      vertex 2.500000E+01 4.580000E+01 1.500000E+00
      vertex 2.500000E+01 4.380000E+01 -5.363953E-15
      vertex 2.500000E+01 4.580000E+01 -5.608882E-15
    endloop
  endfacet
  facet normal 1.000000E+00 0.000000E+00 0.000000E+00
    outer loop
      vertex 2.500000E+01 4.780000E+01 3.000000E+00
      vertex 2.500000E+01 4.580000E+01 1.500000E+00
      vertex 2.500000E+01 4.780000E+01 1.500000E+00
    endloop
  endfacet
  facet normal 1.000000E+00 0.000000E+00 0.000000E+00
    outer loop
      vertex 2.500000E+01 4.780000E+01 3.000000E+00
      vertex 2.500000E+01 4.380000E+01 3.000000E+00
      vertex 2.500000E+01 4.580000E+01 1.500000E+00
    endloop
  endfacet
  facet normal -1.000000E+00 0.000000E+00 0.000000E+00
    outer loop
      vertex 5.000000E+00 4.580000E+01 1.500000E+00
      vertex 5.000000E+00 4.780000E+01 3.000000E+00
      vertex 5.000000E+00 4.780000E+01 1.500000E+00
    endloop
  endfacet
  facet normal -1.000000E+00 0.000000E+00 0.000000E+00
    outer loop
      vertex 5.000000E+00 4.380000E+01 -5.363953E-15
      vertex 5.000000E+00 4.580000E+01 1.500000E+00
      vertex 5.000000E+00 4.580000E+01 -5.608882E-15
    endloop
  endfacet
  facet normal -1.000000E+00 0.000000E+00 0.000000E+00
    outer loop
      vertex 5.000000E+00 4.380000E+01 3.000000E+00
      vertex 5.000000E+00 4.580000E+01 1.500000E+00
      vertex 5.000000E+00 4.380000E+01 -5.363953E-15
    endloop
  endfacet
  facet normal -1.000000E+00 0.000000E+00 0.000000E+00
    outer loop
      vertex 5.000000E+00 4.380000E+01 3.000000E+00
      vertex 5.000000E+00 4.780000E+01 3.000000E+00
      vertex 5.000000E+00 4.580000E+01 1.500000E+00
    endloop
  endfacet
  facet normal 1.000000E+00 0.000000E+00 0.000000E+00
    outer loop
      vertex 2.500000E+01 -1.980000E+01 1.500000E+00
      vertex 2.500000E+01 -2.180000E+01 3.000000E+00
      vertex 2.500000E+01 -2.180000E+01 1.500000E+00
    endloop
  endfacet
  facet normal 1.000000E+00 0.000000E+00 0.000000E+00
    outer loop
      vertex 2.500000E+01 -1.780000E+01 2.179871E-15
      vertex 2.500000E+01 -1.980000E+01 1.500000E+00
      vertex 2.500000E+01 -1.980000E+01 2.424801E-15
    endloop
  endfacet
  facet normal 1.000000E+00 0.000000E+00 0.000000E+00
    outer loop
      vertex 2.500000E+01 -1.780000E+01 3.000000E+00
      vertex 2.500000E+01 -1.980000E+01 1.500000E+00
      vertex 2.500000E+01 -1.780000E+01 2.179871E-15
    endloop
  endfacet
  facet normal 1.000000E+00 0.000000E+00 0.000000E+00
    outer loop
      vertex 2.500000E+01 -1.780000E+01 3.000000E+00
      vertex 2.500000E+01 -2.180000E+01 3.000000E+00
      vertex 2.500000E+01 -1.980000E+01 1.500000E+00
    endloop
  endfacet
  facet normal -1.000000E+00 0.000000E+00 0.000000E+00
    outer loop
      vertex 1.010000E+02 -1.980000E+01 1.500000E+00
      vertex 1.010000E+02 -1.780000E+01 3.000000E+00
      vertex 1.010000E+02 -1.780000E+01 2.179871E-15
    endloop
  endfacet
  facet normal -1.000000E+00 0.000000E+00 0.000000E+00
    outer loop
      vertex 1.010000E+02 -1.980000E+01 1.500000E+00
      vertex 1.010000E+02 -1.780000E+01 2.179871E-15
      vertex 1.010000E+02 -1.980000E+01 2.424801E-15
    endloop
  endfacet
  facet normal -1.000000E+00 0.000000E+00 0.000000E+00
    outer loop
      vertex 1.010000E+02 -2.180000E+01 3.000000E+00
      vertex 1.010000E+02 -1.980000E+01 1.500000E+00
      vertex 1.010000E+02 -2.180000E+01 1.500000E+00
    endloop
  endfacet
  facet normal -1.000000E+00 0.000000E+00 0.000000E+00
    outer loop
      vertex 1.010000E+02 -2.180000E+01 3.000000E+00
      vertex 1.010000E+02 -1.780000E+01 3.000000E+00
      vertex 1.010000E+02 -1.980000E+01 1.500000E+00
    endloop
  endfacet
  facet normal -0.000000E+00 1.000000E+00 0.000000E+00
    outer loop
      vertex 1.133671E+02 -1.780000E+01 3.500000E+00
      vertex 1.209039E+02 -1.780000E+01 3.975452E+00
      vertex 1.210000E+02 -1.780000E+01 3.000000E+00
    endloop
  endfacet
  facet normal 0.000000E+00 1.000000E+00 0.000000E+00
    outer loop
      vertex 1.133671E+02 -1.780000E+01 3.500000E+00
      vertex 1.206194E+02 -1.780000E+01 4.913417E+00
      vertex 1.209039E+02 -1.780000E+01 3.975452E+00
    endloop
  endfacet
  facet normal 0.000000E+00 1.000000E+00 0.000000E+00
    outer loop
      vertex 1.133671E+02 -1.780000E+01 3.500000E+00
      vertex 1.201573E+02 -1.780000E+01 5.777851E+00
      vertex 1.206194E+02 -1.780000E+01 4.913417E+00
    endloop
  endfacet
  facet normal 0.000000E+00 1.000000E+00 0.000000E+00
    outer loop
      vertex 1.133671E+02 -1.780000E+01 3.500000E+00
      vertex 1.195355E+02 -1.780000E+01 6.535534E+00
      vertex 1.201573E+02 -1.780000E+01 5.777851E+00
    endloop
  endfacet
  facet normal 0.000000E+00 1.000000E+00 0.000000E+00
    outer loop
      vertex 1.133671E+02 -1.780000E+01 3.500000E+00
      vertex 1.210000E+02 -1.780000E+01 3.000000E+00
      vertex 1.210000E+02 -1.780000E+01 2.179871E-15
    endloop
  endfacet
  facet normal 0.000000E+00 1.000000E+00 0.000000E+00
    outer loop
      vertex 1.133671E+02 -1.780000E+01 3.500000E+00
      vertex 1.187779E+02 -1.780000E+01 7.157348E+00
      vertex 1.195355E+02 -1.780000E+01 6.535534E+00
    endloop
  endfacet
  facet normal 0.000000E+00 1.000000E+00 0.000000E+00
    outer loop
      vertex 1.133671E+02 -1.780000E+01 3.500000E+00
      vertex 1.179134E+02 -1.780000E+01 7.619398E+00
      vertex 1.187779E+02 -1.780000E+01 7.157348E+00
    endloop
  endfacet
  facet normal 0.000000E+00 1.000000E+00 0.000000E+00
    outer loop
      vertex 1.133671E+02 -1.780000E+01 3.500000E+00
      vertex 1.210000E+02 -1.780000E+01 2.179871E-15
      vertex 1.121836E+02 -1.780000E+01 1.450000E+00
    endloop
  endfacet
  facet normal 0.000000E+00 1.000000E+00 0.000000E+00
    outer loop
      vertex 1.169754E+02 -1.780000E+01 7.903926E+00
      vertex 1.179134E+02 -1.780000E+01 7.619398E+00
      vertex 1.133671E+02 -1.780000E+01 3.500000E+00
    endloop
  endfacet
  facet normal 0.000000E+00 1.000000E+00 0.000000E+00
    outer loop
      vertex 1.160000E+02 -1.780000E+01 8.000000E+00
      vertex 1.169754E+02 -1.780000E+01 7.903926E+00
      vertex 1.133671E+02 -1.780000E+01 3.500000E+00
    endloop
  endfacet
  facet normal -0.000000E+00 1.000000E+00 0.000000E+00
    outer loop
      vertex 1.121836E+02 -1.780000E+01 5.550000E+00
      vertex 1.160000E+02 -1.780000E+01 8.000000E+00
      vertex 1.133671E+02 -1.780000E+01 3.500000E+00
    endloop
  endfacet
  facet normal 0.000000E+00 1.000000E+00 0.000000E+00
    outer loop
      vertex 1.010000E+02 -1.780000E+01 2.179871E-15
      vertex 1.086329E+02 -1.780000E+01 3.500000E+00
      vertex 1.098164E+02 -1.780000E+01 1.450000E+00
    endloop
  endfacet
  facet normal 0.000000E+00 1.000000E+00 0.000000E+00
    outer loop
      vertex 1.010000E+02 -1.780000E+01 2.179871E-15
      vertex 1.098164E+02 -1.780000E+01 1.450000E+00
      vertex 1.121836E+02 -1.780000E+01 1.450000E+00
    endloop
  endfacet
  facet normal 0.000000E+00 1.000000E+00 0.000000E+00
    outer loop
      vertex 1.010000E+02 -1.780000E+01 2.179871E-15
      vertex 1.121836E+02 -1.780000E+01 1.450000E+00
      vertex 1.210000E+02 -1.780000E+01 2.179871E-15
    endloop
  endfacet
  facet normal -0.000000E+00 1.000000E+00 0.000000E+00
    outer loop
      vertex 1.010000E+02 -1.780000E+01 3.000000E+00
      vertex 1.086329E+02 -1.780000E+01 3.500000E+00
      vertex 1.010000E+02 -1.780000E+01 2.179871E-15
    endloop
  endfacet
  facet normal 0.000000E+00 1.000000E+00 0.000000E+00
    outer loop
      vertex 1.060000E+02 -1.780000E+01 8.000000E+00
      vertex 1.098164E+02 -1.780000E+01 5.550000E+00
      vertex 1.086329E+02 -1.780000E+01 3.500000E+00
    endloop
  endfacet
  facet normal 0.000000E+00 1.000000E+00 0.000000E+00
    outer loop
      vertex 1.060000E+02 -1.780000E+01 8.000000E+00
      vertex 1.121836E+02 -1.780000E+01 5.550000E+00
      vertex 1.098164E+02 -1.780000E+01 5.550000E+00
    endloop
  endfacet
  facet normal -0.000000E+00 1.000000E+00 0.000000E+00
    outer loop
      vertex 1.060000E+02 -1.780000E+01 8.000000E+00
      vertex 1.160000E+02 -1.780000E+01 8.000000E+00
      vertex 1.121836E+02 -1.780000E+01 5.550000E+00
    endloop
  endfacet
  facet normal 0.000000E+00 1.000000E+00 0.000000E+00
    outer loop
      vertex 1.010961E+02 -1.780000E+01 3.975452E+00
      vertex 1.086329E+02 -1.780000E+01 3.500000E+00
      vertex 1.010000E+02 -1.780000E+01 3.000000E+00
    endloop
  endfacet
  facet normal -0.000000E+00 1.000000E+00 0.000000E+00
    outer loop
      vertex 1.050246E+02 -1.780000E+01 7.903926E+00
      vertex 1.060000E+02 -1.780000E+01 8.000000E+00
      vertex 1.086329E+02 -1.780000E+01 3.500000E+00
    endloop
  endfacet
  facet normal 0.000000E+00 1.000000E+00 0.000000E+00
    outer loop
      vertex 1.013806E+02 -1.780000E+01 4.913417E+00
      vertex 1.086329E+02 -1.780000E+01 3.500000E+00
      vertex 1.010961E+02 -1.780000E+01 3.975452E+00
    endloop
  endfacet
  facet normal -0.000000E+00 1.000000E+00 0.000000E+00
    outer loop
      vertex 1.040866E+02 -1.780000E+01 7.619398E+00
      vertex 1.050246E+02 -1.780000E+01 7.903926E+00
      vertex 1.086329E+02 -1.780000E+01 3.500000E+00
    endloop
  endfacet
  facet normal 0.000000E+00 1.000000E+00 0.000000E+00
    outer loop
      vertex 1.018427E+02 -1.780000E+01 5.777851E+00
      vertex 1.086329E+02 -1.780000E+01 3.500000E+00
      vertex 1.013806E+02 -1.780000E+01 4.913417E+00
    endloop
  endfacet
  facet normal -0.000000E+00 1.000000E+00 0.000000E+00
    outer loop
      vertex 1.032221E+02 -1.780000E+01 7.157348E+00
      vertex 1.040866E+02 -1.780000E+01 7.619398E+00
      vertex 1.086329E+02 -1.780000E+01 3.500000E+00
    endloop
  endfacet
  facet normal 0.000000E+00 1.000000E+00 0.000000E+00
    outer loop
      vertex 1.024645E+02 -1.780000E+01 6.535534E+00
      vertex 1.086329E+02 -1.780000E+01 3.500000E+00
      vertex 1.018427E+02 -1.780000E+01 5.777851E+00
    endloop
  endfacet
  facet normal -0.000000E+00 1.000000E+00 0.000000E+00
    outer loop
      vertex 1.024645E+02 -1.780000E+01 6.535534E+00
      vertex 1.032221E+02 -1.780000E+01 7.157348E+00
      vertex 1.086329E+02 -1.780000E+01 3.500000E+00
    endloop
  endfacet
  facet normal 1.000000E+00 0.000000E+00 0.000000E+00
    outer loop
      vertex 1.210000E+02 -1.980000E+01 1.500000E+00
      vertex 1.210000E+02 -2.180000E+01 3.000000E+00
      vertex 1.210000E+02 -2.180000E+01 1.500000E+00
    endloop
  endfacet
  facet normal 1.000000E+00 0.000000E+00 0.000000E+00
    outer loop
      vertex 1.210000E+02 -1.780000E+01 2.179871E-15
      vertex 1.210000E+02 -1.980000E+01 1.500000E+00
      vertex 1.210000E+02 -1.980000E+01 2.424801E-15
    endloop
  endfacet
  facet normal 1.000000E+00 0.000000E+00 0.000000E+00
    outer loop
      vertex 1.210000E+02 -1.780000E+01 3.000000E+00
      vertex 1.210000E+02 -1.980000E+01 1.500000E+00
      vertex 1.210000E+02 -1.780000E+01 2.179871E-15
    endloop
  endfacet
  facet normal 1.000000E+00 0.000000E+00 0.000000E+00
    outer loop
      vertex 1.210000E+02 -1.780000E+01 3.000000E+00
      vertex 1.210000E+02 -2.180000E+01 3.000000E+00
      vertex 1.210000E+02 -1.980000E+01 1.500000E+00
    endloop
  endfacet
  facet normal 1.000000E+00 0.000000E+00 0.000000E+00
    outer loop
      vertex 1.210000E+02 4.580000E+01 1.500000E+00
      vertex 1.210000E+02 4.380000E+01 3.000000E+00
      vertex 1.210000E+02 4.380000E+01 -5.363953E-15
    endloop
  endfacet
  facet normal 1.000000E+00 0.000000E+00 0.000000E+00
    outer loop
      vertex 1.210000E+02 4.580000E+01 1.500000E+00
      vertex 1.210000E+02 4.380000E+01 -5.363953E-15
      vertex 1.210000E+02 4.580000E+01 -5.608882E-15
    endloop
  endfacet
  facet normal 1.000000E+00 0.000000E+00 0.000000E+00
    outer loop
      vertex 1.210000E+02 4.780000E+01 3.000000E+00
      vertex 1.210000E+02 4.580000E+01 1.500000E+00
      vertex 1.210000E+02 4.780000E+01 1.500000E+00
    endloop
  endfacet
  facet normal 1.000000E+00 0.000000E+00 0.000000E+00
    outer loop
      vertex 1.210000E+02 4.780000E+01 3.000000E+00
      vertex 1.210000E+02 4.380000E+01 3.000000E+00
      vertex 1.210000E+02 4.580000E+01 1.500000E+00
    endloop
  endfacet
  facet normal -0.000000E+00 -1.000000E+00 0.000000E+00
    outer loop
      vertex 1.086329E+02 4.380000E+01 3.500000E+00
      vertex 1.010961E+02 4.380000E+01 3.975452E+00
      vertex 1.010000E+02 4.380000E+01 3.000000E+00
    endloop
  endfacet
  facet normal 0.000000E+00 -1.000000E+00 0.000000E+00
    outer loop
      vertex 1.086329E+02 4.380000E+01 3.500000E+00
      vertex 1.013806E+02 4.380000E+01 4.913417E+00
      vertex 1.010961E+02 4.380000E+01 3.975452E+00
    endloop
  endfacet
  facet normal 0.000000E+00 -1.000000E+00 0.000000E+00
    outer loop
      vertex 1.086329E+02 4.380000E+01 3.500000E+00
      vertex 1.018427E+02 4.380000E+01 5.777851E+00
      vertex 1.013806E+02 4.380000E+01 4.913417E+00
    endloop
  endfacet
  facet normal 0.000000E+00 -1.000000E+00 0.000000E+00
    outer loop
      vertex 1.086329E+02 4.380000E+01 3.500000E+00
      vertex 1.024645E+02 4.380000E+01 6.535534E+00
      vertex 1.018427E+02 4.380000E+01 5.777851E+00
    endloop
  endfacet
  facet normal 0.000000E+00 -1.000000E+00 0.000000E+00
    outer loop
      vertex 1.086329E+02 4.380000E+01 3.500000E+00
      vertex 1.010000E+02 4.380000E+01 3.000000E+00
      vertex 1.010000E+02 4.380000E+01 -5.363953E-15
    endloop
  endfacet
  facet normal 0.000000E+00 -1.000000E+00 0.000000E+00
    outer loop
      vertex 1.086329E+02 4.380000E+01 3.500000E+00
      vertex 1.032221E+02 4.380000E+01 7.157348E+00
      vertex 1.024645E+02 4.380000E+01 6.535534E+00
    endloop
  endfacet
  facet normal 0.000000E+00 -1.000000E+00 0.000000E+00
    outer loop
      vertex 1.086329E+02 4.380000E+01 3.500000E+00
      vertex 1.040866E+02 4.380000E+01 7.619398E+00
      vertex 1.032221E+02 4.380000E+01 7.157348E+00
    endloop
  endfacet
  facet normal 0.000000E+00 -1.000000E+00 -0.000000E+00
    outer loop
      vertex 1.086329E+02 4.380000E+01 3.500000E+00
      vertex 1.010000E+02 4.380000E+01 -5.363953E-15
      vertex 1.098164E+02 4.380000E+01 1.450000E+00
    endloop
  endfacet
  facet normal 0.000000E+00 -1.000000E+00 -0.000000E+00
    outer loop
      vertex 1.050246E+02 4.380000E+01 7.903926E+00
      vertex 1.040866E+02 4.380000E+01 7.619398E+00
      vertex 1.086329E+02 4.380000E+01 3.500000E+00
    endloop
  endfacet
  facet normal 0.000000E+00 -1.000000E+00 -0.000000E+00
    outer loop
      vertex 1.060000E+02 4.380000E+01 8.000000E+00
      vertex 1.050246E+02 4.380000E+01 7.903926E+00
      vertex 1.086329E+02 4.380000E+01 3.500000E+00
    endloop
  endfacet
  facet normal -0.000000E+00 -1.000000E+00 0.000000E+00
    outer loop
      vertex 1.098164E+02 4.380000E+01 5.550000E+00
      vertex 1.060000E+02 4.380000E+01 8.000000E+00
      vertex 1.086329E+02 4.380000E+01 3.500000E+00
    endloop
  endfacet
  facet normal 0.000000E+00 -1.000000E+00 0.000000E+00
    outer loop
      vertex 1.210000E+02 4.380000E+01 -5.363953E-15
      vertex 1.133671E+02 4.380000E+01 3.500000E+00
      vertex 1.121836E+02 4.380000E+01 1.450000E+00
    endloop
  endfacet
  facet normal 0.000000E+00 -1.000000E+00 0.000000E+00
    outer loop
      vertex 1.210000E+02 4.380000E+01 -5.363953E-15
      vertex 1.121836E+02 4.380000E+01 1.450000E+00
      vertex 1.098164E+02 4.380000E+01 1.450000E+00
    endloop
  endfacet
  facet normal 0.000000E+00 -1.000000E+00 0.000000E+00
    outer loop
      vertex 1.210000E+02 4.380000E+01 -5.363953E-15
      vertex 1.098164E+02 4.380000E+01 1.450000E+00
      vertex 1.010000E+02 4.380000E+01 -5.363953E-15
    endloop
  endfacet
  facet normal -0.000000E+00 -1.000000E+00 -0.000000E+00
    outer loop
      vertex 1.210000E+02 4.380000E+01 3.000000E+00
      vertex 1.133671E+02 4.380000E+01 3.500000E+00
      vertex 1.210000E+02 4.380000E+01 -5.363953E-15
    endloop
  endfacet
  facet normal 0.000000E+00 -1.000000E+00 0.000000E+00
    outer loop
      vertex 1.160000E+02 4.380000E+01 8.000000E+00
      vertex 1.121836E+02 4.380000E+01 5.550000E+00
      vertex 1.133671E+02 4.380000E+01 3.500000E+00
    endloop
  endfacet
  facet normal 0.000000E+00 -1.000000E+00 0.000000E+00
    outer loop
      vertex 1.160000E+02 4.380000E+01 8.000000E+00
      vertex 1.098164E+02 4.380000E+01 5.550000E+00
      vertex 1.121836E+02 4.380000E+01 5.550000E+00
    endloop
  endfacet
  facet normal -0.000000E+00 -1.000000E+00 0.000000E+00
    outer loop
      vertex 1.160000E+02 4.380000E+01 8.000000E+00
      vertex 1.060000E+02 4.380000E+01 8.000000E+00
      vertex 1.098164E+02 4.380000E+01 5.550000E+00
    endloop
  endfacet
  facet normal 0.000000E+00 -1.000000E+00 -0.000000E+00
    outer loop
      vertex 1.209039E+02 4.380000E+01 3.975452E+00
      vertex 1.133671E+02 4.380000E+01 3.500000E+00
      vertex 1.210000E+02 4.380000E+01 3.000000E+00
    endloop
  endfacet
  facet normal -0.000000E+00 -1.000000E+00 0.000000E+00
    outer loop
      vertex 1.169754E+02 4.380000E+01 7.903926E+00
      vertex 1.160000E+02 4.380000E+01 8.000000E+00
      vertex 1.133671E+02 4.380000E+01 3.500000E+00
    endloop
  endfacet
  facet normal 0.000000E+00 -1.000000E+00 -0.000000E+00
    outer loop
      vertex 1.206194E+02 4.380000E+01 4.913417E+00
      vertex 1.133671E+02 4.380000E+01 3.500000E+00
      vertex 1.209039E+02 4.380000E+01 3.975452E+00
    endloop
  endfacet
  facet normal -0.000000E+00 -1.000000E+00 0.000000E+00
    outer loop
      vertex 1.179134E+02 4.380000E+01 7.619398E+00
      vertex 1.169754E+02 4.380000E+01 7.903926E+00
      vertex 1.133671E+02 4.380000E+01 3.500000E+00
    endloop
  endfacet
  facet normal 0.000000E+00 -1.000000E+00 -0.000000E+00
    outer loop
      vertex 1.201573E+02 4.380000E+01 5.777851E+00
      vertex 1.133671E+02 4.380000E+01 3.500000E+00
      vertex 1.206194E+02 4.380000E+01 4.913417E+00
    endloop
  endfacet
  facet normal -0.000000E+00 -1.000000E+00 0.000000E+00
    outer loop
      vertex 1.187779E+02 4.380000E+01 7.157348E+00
      vertex 1.179134E+02 4.380000E+01 7.619398E+00
      vertex 1.133671E+02 4.380000E+01 3.500000E+00
    endloop
  endfacet
  facet normal 0.000000E+00 -1.000000E+00 -0.000000E+00
    outer loop
      vertex 1.195355E+02 4.380000E+01 6.535534E+00
      vertex 1.133671E+02 4.380000E+01 3.500000E+00
      vertex 1.201573E+02 4.380000E+01 5.777851E+00
    endloop
  endfacet
  facet normal -0.000000E+00 -1.000000E+00 0.000000E+00
    outer loop
      vertex 1.195355E+02 4.380000E+01 6.535534E+00
      vertex 1.187779E+02 4.380000E+01 7.157348E+00
      vertex 1.133671E+02 4.380000E+01 3.500000E+00
    endloop
  endfacet
  facet normal -1.000000E+00 0.000000E+00 0.000000E+00
    outer loop
      vertex 1.010000E+02 4.580000E+01 1.500000E+00
      vertex 1.010000E+02 4.780000E+01 3.000000E+00
      vertex 1.010000E+02 4.780000E+01 1.500000E+00
    endloop
  endfacet
  facet normal -1.000000E+00 0.000000E+00 0.000000E+00
    outer loop
      vertex 1.010000E+02 4.380000E+01 -5.363953E-15
      vertex 1.010000E+02 4.580000E+01 1.500000E+00
      vertex 1.010000E+02 4.580000E+01 -5.608882E-15
    endloop
  endfacet
  facet normal -1.000000E+00 0.000000E+00 0.000000E+00
    outer loop
      vertex 1.010000E+02 4.380000E+01 3.000000E+00
      vertex 1.010000E+02 4.580000E+01 1.500000E+00
      vertex 1.010000E+02 4.380000E+01 -5.363953E-15
    endloop
  endfacet
  facet normal -1.000000E+00 0.000000E+00 0.000000E+00
    outer loop
      vertex 1.010000E+02 4.380000E+01 3.000000E+00
      vertex 1.010000E+02 4.780000E+01 3.000000E+00
      vertex 1.010000E+02 4.580000E+01 1.500000E+00
    endloop
  endfacet
  facet normal -0.000000E+00 1.000000E+00 0.000000E+00
    outer loop
      vertex 1.210000E+02 -1.980000E+01 1.500000E+00
      vertex 1.308000E+02 -1.980000E+01 1.500000E+00
      vertex 1.308000E+02 -1.980000E+01 2.424801E-15
    endloop
  endfacet
  facet normal 0.000000E+00 1.000000E+00 0.000000E+00
    outer loop
      vertex 1.210000E+02 -1.980000E+01 1.500000E+00
      vertex 1.308000E+02 -1.980000E+01 2.424801E-15
      vertex 1.210000E+02 -1.980000E+01 2.424801E-15
    endloop
  endfacet
  facet normal -0.000000E+00 1.000000E+00 0.000000E+00
    outer loop
      vertex 2.500000E+01 -1.980000E+01 1.500000E+00
      vertex 1.010000E+02 -1.980000E+01 1.500000E+00
      vertex 1.010000E+02 -1.980000E+01 2.424801E-15
    endloop
  endfacet
  facet normal 0.000000E+00 1.000000E+00 0.000000E+00
    outer loop
      vertex 2.500000E+01 -1.980000E+01 1.500000E+00
      vertex 1.010000E+02 -1.980000E+01 2.424801E-15
      vertex 2.500000E+01 -1.980000E+01 2.424801E-15
    endloop
  endfacet
  facet normal -6.625781E-23 1.224647E-16 1.000000E+00
    outer loop
      vertex 1.143090E+02 9.259061E+00 -1.133908E-15
      vertex 1.010000E+02 -1.780000E+01 2.179871E-15
      vertex 1.152591E+02 8.309011E+00 -1.017560E-15
    endloop
  endfacet
  facet normal 6.140872E-23 1.224647E-16 1.000000E+00
    outer loop
      vertex 1.135942E+02 1.039670E+01 -1.273228E-15
      vertex 1.010000E+02 -1.780000E+01 2.179871E-15
      vertex 1.143090E+02 9.259061E+00 -1.133908E-15
    endloop
  endfacet
  facet normal -1.040797E-22 1.224647E-16 1.000000E+00
    outer loop
      vertex 1.131504E+02 1.166487E+01 -1.428535E-15
      vertex 1.010000E+02 -1.780000E+01 2.179871E-15
      vertex 1.135942E+02 1.039670E+01 -1.273228E-15
    endloop
  endfacet
  facet normal 6.151376E-23 1.224647E-16 1.000000E+00
    outer loop
      vertex 1.130000E+02 1.300000E+01 -1.592041E-15
      vertex 1.010000E+02 -1.780000E+01 2.179871E-15
      vertex 1.131504E+02 1.166487E+01 -1.428535E-15
    endloop
  endfacet
  facet normal -9.955883E-25 1.224647E-16 1.000000E+00
    outer loop
      vertex 4.749441E+01 -1.333329E+01 1.632857E-15
      vertex 1.010000E+02 -1.780000E+01 2.179871E-15
      vertex 1.130000E+02 1.300000E+01 -1.592041E-15
    endloop
  endfacet
  facet normal 7.164532E-24 1.224648E-16 1.000000E+00
    outer loop
      vertex 4.765637E+01 -1.639417E+01 2.007707E-15
      vertex 1.010000E+02 -1.980000E+01 2.424801E-15
      vertex 4.791283E+01 -1.571795E+01 1.924893E-15
    endloop
  endfacet
  facet normal -1.317527E-23 1.224645E-16 1.000000E+00
    outer loop
      vertex 4.724553E+01 -1.698937E+01 2.080598E-15
      vertex 1.010000E+02 -1.980000E+01 2.424801E-15
      vertex 4.765637E+01 -1.639417E+01 2.007707E-15
    endloop
  endfacet
  facet normal -8.725893E-24 1.224645E-16 1.000000E+00
    outer loop
      vertex 4.670419E+01 -1.746895E+01 2.139330E-15
      vertex 1.010000E+02 -1.980000E+01 2.424801E-15
      vertex 4.724553E+01 -1.698937E+01 2.080598E-15
    endloop
  endfacet
  facet normal 2.346452E-23 1.224653E-16 1.000000E+00
    outer loop
      vertex 4.606382E+01 -1.780505E+01 2.180490E-15
      vertex 1.010000E+02 -1.980000E+01 2.424801E-15
      vertex 4.670419E+01 -1.746895E+01 2.139330E-15
    endloop
  endfacet
  facet normal -0.000000E+00 1.224647E-16 1.000000E+00
    outer loop
      vertex -4.800000E+00 4.580000E+01 -5.608882E-15
      vertex 5.000000E+00 4.380000E+01 -5.363953E-15
      vertex 5.000000E+00 4.580000E+01 -5.608882E-15
    endloop
  endfacet
  facet normal -9.972193E-25 1.224647E-16 1.000000E+00
    outer loop
      vertex 4.791283E+01 -1.571795E+01 1.924893E-15
      vertex 1.010000E+02 -1.980000E+01 2.424801E-15
      vertex 1.010000E+02 -1.780000E+01 2.179871E-15
    endloop
  endfacet
  facet normal 4.948788E-24 1.224647E-16 1.000000E+00
    outer loop
      vertex 1.190000E+02 7.000000E+00 -8.572528E-16
      vertex 1.210000E+02 -1.780000E+01 2.179871E-15
      vertex 1.308000E+02 7.000000E+00 -8.572528E-16
    endloop
  endfacet
  facet normal -2.258917E-23 1.224647E-16 1.000000E+00
    outer loop
      vertex 1.176649E+02 7.150433E+00 -8.756754E-16
      vertex 1.210000E+02 -1.780000E+01 2.179871E-15
      vertex 1.190000E+02 7.000000E+00 -8.572528E-16
    endloop
  endfacet
  facet normal 7.020769E-24 1.224647E-16 1.000000E+00
    outer loop
      vertex 1.163967E+02 7.594187E+00 -9.300196E-16
      vertex 1.210000E+02 -1.780000E+01 2.179871E-15
      vertex 1.176649E+02 7.150433E+00 -8.756754E-16
    endloop
  endfacet
  facet normal -0.000000E+00 1.224647E-16 1.000000E+00
    outer loop
      vertex 1.010000E+02 -1.780000E+01 2.179871E-15
      vertex 1.210000E+02 -1.780000E+01 2.179871E-15
      vertex 1.163967E+02 7.594187E+00 -9.300196E-16
    endloop
  endfacet
  facet normal 0.000000E+00 1.224647E-16 1.000000E+00
    outer loop
      vertex 1.210000E+02 4.380000E+01 -5.363953E-15
      vertex 1.308000E+02 4.580000E+01 -5.608882E-15
      vertex 1.210000E+02 4.580000E+01 -5.608882E-15
    endloop
  endfacet
  facet normal -5.270240E-24 1.224647E-16 1.000000E+00
    outer loop
      vertex -4.800000E+00 -1.980000E+01 2.424801E-15
      vertex 5.000000E+00 -1.780000E+01 2.179871E-15
      vertex -4.800000E+00 4.580000E+01 -5.608882E-15
    endloop
  endfacet
  facet normal 5.612463E-24 1.224647E-16 1.000000E+00
    outer loop
      vertex -4.800000E+00 4.580000E+01 -5.608882E-15
      vertex 5.000000E+00 -1.780000E+01 2.179871E-15
      vertex 5.000000E+00 4.380000E+01 -5.363953E-15
    endloop
  endfacet
  facet normal -0.000000E+00 1.224647E-16 1.000000E+00
    outer loop
      vertex 1.210000E+02 -1.980000E+01 2.424801E-15
      vertex 1.308000E+02 -1.980000E+01 2.424801E-15
      vertex 1.210000E+02 -1.780000E+01 2.179871E-15
    endloop
  endfacet
  facet normal 4.837607E-24 1.224647E-16 1.000000E+00
    outer loop
      vertex 1.210000E+02 -1.780000E+01 2.179871E-15
      vertex 1.308000E+02 -1.980000E+01 2.424801E-15
      vertex 1.308000E+02 7.000000E+00 -8.572528E-16
    endloop
  endfacet
  facet normal -0.000000E+00 1.224647E-16 1.000000E+00
    outer loop
      vertex -4.800000E+00 -1.980000E+01 2.424801E-15
      vertex 5.000000E+00 -1.980000E+01 2.424801E-15
      vertex 5.000000E+00 -1.780000E+01 2.179871E-15
    endloop
  endfacet
  facet normal -0.000000E+00 1.224647E-16 1.000000E+00
    outer loop
      vertex 5.000000E+00 4.380000E+01 -5.363953E-15
      vertex 2.500000E+01 -1.780000E+01 2.179871E-15
      vertex 2.500000E+01 4.380000E+01 -5.363953E-15
    endloop
  endfacet
  facet normal -0.000000E+00 1.224647E-16 1.000000E+00
    outer loop
      vertex 2.500000E+01 -1.980000E+01 2.424801E-15
      vertex 1.010000E+02 -1.980000E+01 2.424801E-15
      vertex 4.463839E+01 -1.797813E+01 2.201686E-15
    endloop
  endfacet
  facet normal -0.000000E+00 1.224647E-16 1.000000E+00
    outer loop
      vertex 4.463839E+01 -1.797813E+01 2.201686E-15
      vertex 1.010000E+02 -1.980000E+01 2.424801E-15
      vertex 4.536161E+01 -1.797813E+01 2.201686E-15
    endloop
  endfacet
  facet normal -1.091873E-23 1.224643E-16 1.000000E+00
    outer loop
      vertex 4.536161E+01 -1.797813E+01 2.201686E-15
      vertex 1.010000E+02 -1.980000E+01 2.424801E-15
      vertex 4.606382E+01 -1.780505E+01 2.180490E-15
    endloop
  endfacet
  facet normal -0.000000E+00 1.224647E-16 1.000000E+00
    outer loop
      vertex 5.000000E+00 -1.780000E+01 2.179871E-15
      vertex 2.500000E+01 -1.780000E+01 2.179871E-15
      vertex 5.000000E+00 4.380000E+01 -5.363953E-15
    endloop
  endfacet
  facet normal -1.656445E-23 1.224647E-16 1.000000E+00
    outer loop
      vertex 1.143090E+02 1.674094E+01 -2.050174E-15
      vertex 1.152591E+02 1.769099E+01 -2.166521E-15
      vertex 1.010000E+02 4.380000E+01 -5.363953E-15
    endloop
  endfacet
  facet normal 0.000000E+00 1.224647E-16 1.000000E+00
    outer loop
      vertex 2.500000E+01 4.380000E+01 -5.363953E-15
      vertex 1.010000E+02 4.580000E+01 -5.608882E-15
      vertex 2.500000E+01 4.580000E+01 -5.608882E-15
    endloop
  endfacet
  facet normal -1.965078E-22 1.224647E-16 1.000000E+00
    outer loop
      vertex 1.010000E+02 4.380000E+01 -5.363953E-15
      vertex 1.135942E+02 1.560330E+01 -1.910854E-15
      vertex 1.143090E+02 1.674094E+01 -2.050174E-15
    endloop
  endfacet
  facet normal 3.016023E-24 1.224647E-16 1.000000E+00
    outer loop
      vertex 2.500000E+01 -1.780000E+01 2.179871E-15
      vertex 4.323664E+01 -1.257295E+01 1.539742E-15
      vertex 2.500000E+01 4.380000E+01 -5.363953E-15
    endloop
  endfacet
  facet normal -4.394713E-24 1.224647E-16 1.000000E+00
    outer loop
      vertex 4.271878E+01 -1.305166E+01 1.598367E-15
      vertex 4.323664E+01 -1.257295E+01 1.539742E-15
      vertex 2.500000E+01 -1.780000E+01 2.179871E-15
    endloop
  endfacet
  facet normal 6.369434E-23 1.224647E-16 1.000000E+00
    outer loop
      vertex 1.152591E+02 1.769099E+01 -2.166521E-15
      vertex 1.163967E+02 1.840581E+01 -2.254062E-15
      vertex 1.010000E+02 4.380000E+01 -5.363953E-15
    endloop
  endfacet
  facet normal -0.000000E+00 1.224647E-16 1.000000E+00
    outer loop
      vertex 1.010000E+02 4.380000E+01 -5.363953E-15
      vertex 1.163967E+02 1.840581E+01 -2.254062E-15
      vertex 1.210000E+02 4.380000E+01 -5.363953E-15
    endloop
  endfacet
  facet normal -2.482685E-23 1.224648E-16 1.000000E+00
    outer loop
      vertex 2.500000E+01 -1.780000E+01 2.179871E-15
      vertex 4.232698E+01 -1.363803E+01 1.670177E-15
      vertex 4.271878E+01 -1.305166E+01 1.598367E-15
    endloop
  endfacet
  facet normal -1.085389E-22 1.224647E-16 1.000000E+00
    outer loop
      vertex 4.323664E+01 -1.257295E+01 1.539742E-15
      vertex 4.385195E+01 -1.222836E+01 1.497542E-15
      vertex 2.500000E+01 4.380000E+01 -5.363953E-15
    endloop
  endfacet
  facet normal 0.000000E+00 1.224648E-16 1.000000E+00
    outer loop
      vertex 1.010000E+02 4.380000E+01 -5.363953E-15
      vertex 1.131504E+02 1.433513E+01 -1.755547E-15
      vertex 1.135942E+02 1.560330E+01 -1.910854E-15
    endloop
  endfacet
  facet normal 0.000000E+00 1.224646E-16 1.000000E+00
    outer loop
      vertex 2.500000E+01 -1.780000E+01 2.179871E-15
      vertex 4.208289E+01 -1.429966E+01 1.751204E-15
      vertex 4.232698E+01 -1.363803E+01 1.670177E-15
    endloop
  endfacet
  facet normal 1.228635E-22 1.224646E-16 1.000000E+00
    outer loop
      vertex 1.163967E+02 1.840581E+01 -2.254062E-15
      vertex 1.176649E+02 1.884957E+01 -2.308406E-15
      vertex 1.210000E+02 4.380000E+01 -5.363953E-15
    endloop
  endfacet
  facet normal 7.374306E-23 1.224647E-16 1.000000E+00
    outer loop
      vertex 4.385195E+01 -1.222836E+01 1.497542E-15
      vertex 4.453070E+01 -1.203693E+01 1.474099E-15
      vertex 2.500000E+01 4.380000E+01 -5.363953E-15
    endloop
  endfacet
  facet normal 5.614214E-23 1.224645E-16 1.000000E+00
    outer loop
      vertex 4.749441E+01 -1.333329E+01 1.632857E-15
      vertex 1.130000E+02 1.300000E+01 -1.592041E-15
      vertex 4.712132E+01 -1.287868E+01 1.577183E-15
    endloop
  endfacet
  facet normal 4.534970E-23 1.224644E-16 1.000000E+00
    outer loop
      vertex 2.500000E+01 -1.780000E+01 2.179871E-15
      vertex 4.200000E+01 -1.500000E+01 1.836970E-15
      vertex 4.208289E+01 -1.429966E+01 1.751204E-15
    endloop
  endfacet
  facet normal 0.000000E+00 1.224647E-16 1.000000E+00
    outer loop
      vertex 4.712132E+01 -1.287868E+01 1.577183E-15
      vertex 1.130000E+02 1.300000E+01 -1.592041E-15
      vertex 1.010000E+02 4.380000E+01 -5.363953E-15
    endloop
  endfacet
  facet normal 3.280738E-22 1.224647E-16 1.000000E+00
    outer loop
      vertex 1.010000E+02 4.380000E+01 -5.363953E-15
      vertex 1.130000E+02 1.300000E+01 -1.592041E-15
      vertex 1.131504E+02 1.433513E+01 -1.755547E-15
    endloop
  endfacet
  facet normal -0.000000E+00 1.224647E-16 1.000000E+00
    outer loop
      vertex 2.500000E+01 4.380000E+01 -5.363953E-15
      vertex 1.010000E+02 4.380000E+01 -5.363953E-15
      vertex 1.010000E+02 4.580000E+01 -5.608882E-15
    endloop
  endfacet
  facet normal -2.189889E-23 1.224647E-16 1.000000E+00
    outer loop
      vertex 4.453070E+01 -1.203693E+01 1.474099E-15
      vertex 4.523538E+01 -1.200925E+01 1.470709E-15
      vertex 2.500000E+01 4.380000E+01 -5.363953E-15
    endloop
  endfacet
  facet normal -1.016513E-22 1.224647E-16 1.000000E+00
    outer loop
      vertex 1.176649E+02 1.884957E+01 -2.308406E-15
      vertex 1.190000E+02 1.900000E+01 -2.326829E-15
      vertex 1.210000E+02 4.380000E+01 -5.363953E-15
    endloop
  endfacet
  facet normal 3.098205E-24 1.224647E-16 1.000000E+00
    outer loop
      vertex 2.500000E+01 -1.980000E+01 2.424801E-15
      vertex 4.208717E+01 -1.571795E+01 1.924893E-15
      vertex 2.500000E+01 -1.780000E+01 2.179871E-15
    endloop
  endfacet
  facet normal -2.126226E-23 1.224649E-16 1.000000E+00
    outer loop
      vertex 2.500000E+01 -1.780000E+01 2.179871E-15
      vertex 4.208717E+01 -1.571795E+01 1.924893E-15
      vertex 4.200000E+01 -1.500000E+01 1.836970E-15
    endloop
  endfacet
  facet normal -0.000000E+00 1.224647E-16 1.000000E+00
    outer loop
      vertex 2.500000E+01 4.380000E+01 -5.363953E-15
      vertex 4.592705E+01 -1.214683E+01 1.487558E-15
      vertex 1.010000E+02 4.380000E+01 -5.363953E-15
    endloop
  endfacet
  facet normal 9.754977E-23 1.224647E-16 1.000000E+00
    outer loop
      vertex 4.523538E+01 -1.200925E+01 1.470709E-15
      vertex 4.592705E+01 -1.214683E+01 1.487558E-15
      vertex 2.500000E+01 4.380000E+01 -5.363953E-15
    endloop
  endfacet
  facet normal -1.680408E-23 1.224648E-16 1.000000E+00
    outer loop
      vertex 2.500000E+01 -1.980000E+01 2.424801E-15
      vertex 4.234363E+01 -1.639417E+01 2.007707E-15
      vertex 4.208717E+01 -1.571795E+01 1.924893E-15
    endloop
  endfacet
  facet normal -4.471664E-23 1.224647E-16 1.000000E+00
    outer loop
      vertex 4.592705E+01 -1.214683E+01 1.487558E-15
      vertex 4.656750E+01 -1.244208E+01 1.523715E-15
      vertex 1.010000E+02 4.380000E+01 -5.363953E-15
    endloop
  endfacet
  facet normal 3.612956E-23 1.224644E-16 1.000000E+00
    outer loop
      vertex 2.500000E+01 -1.980000E+01 2.424801E-15
      vertex 4.275447E+01 -1.698937E+01 2.080598E-15
      vertex 4.234363E+01 -1.639417E+01 2.007707E-15
    endloop
  endfacet
  facet normal -6.169966E-23 1.224647E-16 1.000000E+00
    outer loop
      vertex 4.656750E+01 -1.244208E+01 1.523715E-15
      vertex 4.712132E+01 -1.287868E+01 1.577183E-15
      vertex 1.010000E+02 4.380000E+01 -5.363953E-15
    endloop
  endfacet
  facet normal 2.109931E-23 1.224645E-16 1.000000E+00
    outer loop
      vertex 2.500000E+01 -1.980000E+01 2.424801E-15
      vertex 4.329581E+01 -1.746895E+01 2.139330E-15
      vertex 4.275447E+01 -1.698937E+01 2.080598E-15
    endloop
  endfacet
  facet normal -6.234789E-23 1.224652E-16 1.000000E+00
    outer loop
      vertex 2.500000E+01 -1.980000E+01 2.424801E-15
      vertex 4.393618E+01 -1.780505E+01 2.180490E-15
      vertex 4.329581E+01 -1.746895E+01 2.139330E-15
    endloop
  endfacet
  facet normal 2.263190E-23 1.224644E-16 1.000000E+00
    outer loop
      vertex 2.500000E+01 -1.980000E+01 2.424801E-15
      vertex 4.463839E+01 -1.797813E+01 2.201686E-15
      vertex 4.393618E+01 -1.780505E+01 2.180490E-15
    endloop
  endfacet
  facet normal -4.837607E-24 1.224647E-16 1.000000E+00
    outer loop
      vertex 1.210000E+02 4.380000E+01 -5.363953E-15
      vertex 1.308000E+02 1.900000E+01 -2.326829E-15
      vertex 1.308000E+02 4.580000E+01 -5.608882E-15
    endloop
  endfacet
  facet normal -0.000000E+00 1.224647E-16 1.000000E+00
    outer loop
      vertex 1.190000E+02 1.900000E+01 -2.326829E-15
      vertex 1.308000E+02 1.900000E+01 -2.326829E-15
      vertex 1.210000E+02 4.380000E+01 -5.363953E-15
    endloop
  endfacet
  facet normal 2.995117E-24 1.224647E-16 1.000000E+00
    outer loop
      vertex 4.777164E+01 -1.385195E+01 1.696375E-15
      vertex 1.010000E+02 -1.780000E+01 2.179871E-15
      vertex 4.749441E+01 -1.333329E+01 1.632857E-15
    endloop
  endfacet
  facet normal 3.615865E-24 1.224647E-16 1.000000E+00
    outer loop
      vertex 4.794236E+01 -1.441473E+01 1.765295E-15
      vertex 1.010000E+02 -1.780000E+01 2.179871E-15
      vertex 4.777164E+01 -1.385195E+01 1.696375E-15
    endloop
  endfacet
  facet normal -1.586920E-23 1.224644E-16 1.000000E+00
    outer loop
      vertex 4.800000E+01 -1.500000E+01 1.836970E-15
      vertex 1.010000E+02 -1.780000E+01 2.179871E-15
      vertex 4.794236E+01 -1.441473E+01 1.765295E-15
    endloop
  endfacet
  facet normal 7.257623E-24 1.224649E-16 1.000000E+00
    outer loop
      vertex 4.791283E+01 -1.571795E+01 1.924893E-15
      vertex 1.010000E+02 -1.780000E+01 2.179871E-15
      vertex 4.800000E+01 -1.500000E+01 1.836970E-15
    endloop
  endfacet
  facet normal 1.592357E-23 1.224647E-16 1.000000E+00
    outer loop
      vertex 1.152591E+02 8.309011E+00 -1.017560E-15
      vertex 1.010000E+02 -1.780000E+01 2.179871E-15
      vertex 1.163967E+02 7.594187E+00 -9.300196E-16
    endloop
  endfacet
  facet normal -0.000000E+00 -1.000000E+00 0.000000E+00
    outer loop
      vertex 1.308000E+02 4.580000E+01 1.500000E+00
      vertex 1.210000E+02 4.580000E+01 1.500000E+00
      vertex 1.210000E+02 4.580000E+01 -5.608882E-15
    endloop
  endfacet
  facet normal 0.000000E+00 -1.000000E+00 -0.000000E+00
    outer loop
      vertex 1.308000E+02 4.580000E+01 1.500000E+00
      vertex 1.210000E+02 4.580000E+01 -5.608882E-15
      vertex 1.308000E+02 4.580000E+01 -5.608882E-15
    endloop
  endfacet
  facet normal -0.000000E+00 -1.000000E+00 0.000000E+00
    outer loop
      vertex 5.000000E+00 4.580000E+01 1.500000E+00
      vertex -4.800000E+00 4.580000E+01 1.500000E+00
      vertex -4.800000E+00 4.580000E+01 -5.608882E-15
    endloop
  endfacet
  facet normal 0.000000E+00 -1.000000E+00 -0.000000E+00
    outer loop
      vertex 5.000000E+00 4.580000E+01 1.500000E+00
      vertex -4.800000E+00 4.580000E+01 -5.608882E-15
      vertex 5.000000E+00 4.580000E+01 -5.608882E-15
    endloop
  endfacet
  facet normal 0.000000E+00 0.000000E+00 1.000000E+00
    outer loop
      vertex 1.308000E+02 -1.980000E+01 1.500000E+00
      vertex 1.210000E+02 -1.980000E+01 1.500000E+00
      vertex 1.210000E+02 -2.180000E+01 1.500000E+00
    endloop
  endfacet
  facet normal 0.000000E+00 0.000000E+00 1.000000E+00
    outer loop
      vertex 1.328000E+02 -2.180000E+01 1.500000E+00
      vertex 1.308000E+02 -1.980000E+01 1.500000E+00
      vertex 1.210000E+02 -2.180000E+01 1.500000E+00
    endloop
  endfacet
  facet normal 0.000000E+00 0.000000E+00 1.000000E+00
    outer loop
      vertex 1.328000E+02 7.000000E+00 1.500000E+00
      vertex 1.308000E+02 7.000000E+00 1.500000E+00
      vertex 1.308000E+02 -1.980000E+01 1.500000E+00
    endloop
  endfacet
  facet normal 0.000000E+00 0.000000E+00 1.000000E+00
    outer loop
      vertex 1.328000E+02 7.000000E+00 1.500000E+00
      vertex 1.308000E+02 -1.980000E+01 1.500000E+00
      vertex 1.328000E+02 -2.180000E+01 1.500000E+00
    endloop
  endfacet
  facet normal 0.000000E+00 0.000000E+00 1.000000E+00
    outer loop
      vertex 1.010000E+02 -2.180000E+01 1.500000E+00
      vertex 2.500000E+01 -1.980000E+01 1.500000E+00
      vertex 2.500000E+01 -2.180000E+01 1.500000E+00
    endloop
  endfacet
  facet normal 0.000000E+00 0.000000E+00 1.000000E+00
    outer loop
      vertex 1.010000E+02 -1.980000E+01 1.500000E+00
      vertex 2.500000E+01 -1.980000E+01 1.500000E+00
      vertex 1.010000E+02 -2.180000E+01 1.500000E+00
    endloop
  endfacet
  facet normal 0.000000E+00 0.000000E+00 1.000000E+00
    outer loop
      vertex 1.308000E+02 4.580000E+01 1.500000E+00
      vertex 1.210000E+02 4.780000E+01 1.500000E+00
      vertex 1.210000E+02 4.580000E+01 1.500000E+00
    endloop
  endfacet
  facet normal 0.000000E+00 0.000000E+00 1.000000E+00
    outer loop
      vertex 1.308000E+02 4.580000E+01 1.500000E+00
      vertex 1.308000E+02 1.900000E+01 1.500000E+00
      vertex 1.328000E+02 1.900000E+01 1.500000E+00
    endloop
  endfacet
  facet normal 0.000000E+00 0.000000E+00 1.000000E+00
    outer loop
      vertex 1.328000E+02 4.780000E+01 1.500000E+00
      vertex 1.210000E+02 4.780000E+01 1.500000E+00
      vertex 1.308000E+02 4.580000E+01 1.500000E+00
    endloop
  endfacet
  facet normal 0.000000E+00 0.000000E+00 1.000000E+00
    outer loop
      vertex 1.328000E+02 4.780000E+01 1.500000E+00
      vertex 1.308000E+02 4.580000E+01 1.500000E+00
      vertex 1.328000E+02 1.900000E+01 1.500000E+00
    endloop
  endfacet
  facet normal 0.000000E+00 0.000000E+00 1.000000E+00
    outer loop
      vertex 5.000000E+00 -2.180000E+01 1.500000E+00
      vertex -4.800000E+00 -1.980000E+01 1.500000E+00
      vertex -6.800000E+00 -2.180000E+01 1.500000E+00
    endloop
  endfacet
  facet normal 0.000000E+00 0.000000E+00 1.000000E+00
    outer loop
      vertex 5.000000E+00 -1.980000E+01 1.500000E+00
      vertex -4.800000E+00 -1.980000E+01 1.500000E+00
      vertex 5.000000E+00 -2.180000E+01 1.500000E+00
    endloop
  endfacet
  facet normal 0.000000E+00 0.000000E+00 1.000000E+00
    outer loop
      vertex -4.800000E+00 4.580000E+01 1.500000E+00
      vertex -6.800000E+00 4.780000E+01 1.500000E+00
      vertex -6.800000E+00 -2.180000E+01 1.500000E+00
    endloop
  endfacet
  facet normal 0.000000E+00 0.000000E+00 1.000000E+00
    outer loop
      vertex -4.800000E+00 4.580000E+01 1.500000E+00
      vertex -6.800000E+00 -2.180000E+01 1.500000E+00
      vertex -4.800000E+00 -1.980000E+01 1.500000E+00
    endloop
  endfacet
  facet normal 0.000000E+00 0.000000E+00 1.000000E+00
    outer loop
      vertex 5.000000E+00 4.780000E+01 1.500000E+00
      vertex -4.800000E+00 4.580000E+01 1.500000E+00
      vertex 5.000000E+00 4.580000E+01 1.500000E+00
    endloop
  endfacet
  facet normal 0.000000E+00 0.000000E+00 1.000000E+00
    outer loop
      vertex 5.000000E+00 4.780000E+01 1.500000E+00
      vertex -6.800000E+00 4.780000E+01 1.500000E+00
      vertex -4.800000E+00 4.580000E+01 1.500000E+00
    endloop
  endfacet
  facet normal 9.937125E-01 1.119617E-01 -0.000000E+00
    outer loop
      vertex 1.130000E+02 1.300000E+01 -1.000000E+00
      vertex 1.130000E+02 1.300000E+01 -1.592041E-15
      vertex 1.131504E+02 1.166487E+01 -1.000000E+00
    endloop
  endfacet
  facet normal 9.438829E-01 3.302805E-01 -0.000000E+00
    outer loop
      vertex 1.131504E+02 1.166487E+01 -1.000000E+00
      vertex 1.131504E+02 1.166487E+01 -1.428535E-15
      vertex 1.135942E+02 1.039670E+01 -1.000000E+00
    endloop
  endfacet
  facet normal 9.937125E-01 1.119617E-01 0.000000E+00
    outer loop
      vertex 1.130000E+02 1.300000E+01 -1.592041E-15
      vertex 1.131504E+02 1.166487E+01 -1.428535E-15
      vertex 1.131504E+02 1.166487E+01 -1.000000E+00
    endloop
  endfacet
  facet normal 8.467230E-01 5.320340E-01 -0.000000E+00
    outer loop
      vertex 1.135942E+02 1.039670E+01 -1.000000E+00
      vertex 1.135942E+02 1.039670E+01 -1.273228E-15
      vertex 1.143090E+02 9.259061E+00 -1.000000E+00
    endloop
  endfacet
  facet normal 9.438829E-01 3.302805E-01 0.000000E+00
    outer loop
      vertex 1.131504E+02 1.166487E+01 -1.428535E-15
      vertex 1.135942E+02 1.039670E+01 -1.273228E-15
      vertex 1.135942E+02 1.039670E+01 -1.000000E+00
    endloop
  endfacet
  facet normal 7.071064E-01 7.071071E-01 -0.000000E+00
    outer loop
      vertex 1.143090E+02 9.259061E+00 -1.000000E+00
      vertex 1.143090E+02 9.259061E+00 -1.133908E-15
      vertex 1.152591E+02 8.309011E+00 -1.000000E+00
    endloop
  endfacet
  facet normal 8.467230E-01 5.320340E-01 0.000000E+00
    outer loop
      vertex 1.135942E+02 1.039670E+01 -1.273228E-15
      vertex 1.143090E+02 9.259061E+00 -1.133908E-15
      vertex 1.143090E+02 9.259061E+00 -1.000000E+00
    endloop
  endfacet
  facet normal 5.320330E-01 8.467236E-01 -0.000000E+00
    outer loop
      vertex 1.152591E+02 8.309011E+00 -1.000000E+00
      vertex 1.152591E+02 8.309011E+00 -1.017560E-15
      vertex 1.163967E+02 7.594187E+00 -1.000000E+00
    endloop
  endfacet
  facet normal 7.071064E-01 7.071071E-01 0.000000E+00
    outer loop
      vertex 1.143090E+02 9.259061E+00 -1.133908E-15
      vertex 1.152591E+02 8.309011E+00 -1.017560E-15
      vertex 1.152591E+02 8.309011E+00 -1.000000E+00
    endloop
  endfacet
  facet normal 3.302781E-01 9.438837E-01 -0.000000E+00
    outer loop
      vertex 1.163967E+02 7.594187E+00 -1.000000E+00
      vertex 1.163967E+02 7.594187E+00 -9.300196E-16
      vertex 1.176649E+02 7.150433E+00 -1.000000E+00
    endloop
  endfacet
  facet normal 5.320330E-01 8.467236E-01 0.000000E+00
    outer loop
      vertex 1.152591E+02 8.309011E+00 -1.017560E-15
      vertex 1.163967E+02 7.594187E+00 -9.300196E-16
      vertex 1.163967E+02 7.594187E+00 -1.000000E+00
    endloop
  endfacet
  facet normal 1.119645E-01 9.937122E-01 -0.000000E+00
    outer loop
      vertex 1.176649E+02 7.150433E+00 -1.000000E+00
      vertex 1.176649E+02 7.150433E+00 -8.756754E-16
      vertex 1.190000E+02 7.000000E+00 -1.000000E+00
    endloop
  endfacet
  facet normal 3.302781E-01 9.438837E-01 0.000000E+00
    outer loop
      vertex 1.163967E+02 7.594187E+00 -9.300196E-16
      vertex 1.176649E+02 7.150433E+00 -8.756754E-16
      vertex 1.176649E+02 7.150433E+00 -1.000000E+00
    endloop
  endfacet
  facet normal 1.119645E-01 9.937122E-01 0.000000E+00
    outer loop
      vertex 1.176649E+02 7.150433E+00 -8.756754E-16
      vertex 1.190000E+02 7.000000E+00 -8.572528E-16
      vertex 1.190000E+02 7.000000E+00 -1.000000E+00
    endloop
  endfacet
  facet normal 8.823268E-23 1.224647E-16 1.000000E+00
    outer loop
      vertex 1.328000E+02 -2.180000E+01 2.669730E-15
      vertex 1.360000E+02 -2.500000E+01 3.061617E-15
      vertex 1.360000E+02 5.000000E+00 -6.123234E-16
    endloop
  endfacet
  facet normal -0.000000E+00 1.224646E-16 1.000000E+00
    outer loop
      vertex -1.000000E+01 -2.500000E+01 3.061617E-15
      vertex 1.360000E+02 -2.500000E+01 3.061617E-15
      vertex -6.800000E+00 -2.180000E+01 2.669730E-15
    endloop
  endfacet
  facet normal -0.000000E+00 1.224646E-16 1.000000E+00
    outer loop
      vertex -6.800000E+00 -2.180000E+01 2.669730E-15
      vertex 1.360000E+02 -2.500000E+01 3.061617E-15
      vertex 1.328000E+02 -2.180000E+01 2.669730E-15
    endloop
  endfacet
  facet normal -8.358879E-23 1.224647E-16 1.000000E+00
    outer loop
      vertex -1.000000E+01 -2.500000E+01 3.061617E-15
      vertex -6.800000E+00 -2.180000E+01 2.669730E-15
      vertex -1.000000E+01 5.100000E+01 -6.245699E-15
    endloop
  endfacet
  facet normal 1.521252E-23 1.224647E-16 1.000000E+00
    outer loop
      vertex -1.000000E+01 5.100000E+01 -6.245699E-15
      vertex -6.800000E+00 -2.180000E+01 2.669730E-15
      vertex -6.800000E+00 4.780000E+01 -5.853812E-15
    endloop
  endfacet
  facet normal 0.000000E+00 1.224647E-16 1.000000E+00
    outer loop
      vertex -6.800000E+00 4.780000E+01 -5.853812E-15
      vertex 1.360000E+02 5.100000E+01 -6.245699E-15
      vertex -1.000000E+01 5.100000E+01 -6.245699E-15
    endloop
  endfacet
  facet normal -0.000000E+00 1.224647E-16 1.000000E+00
    outer loop
      vertex -6.800000E+00 4.780000E+01 -5.853812E-15
      vertex 1.328000E+02 4.780000E+01 -5.853812E-15
      vertex 1.360000E+02 5.100000E+01 -6.245699E-15
    endloop
  endfacet
  facet normal -1.378636E-23 1.224647E-16 1.000000E+00
    outer loop
      vertex 1.328000E+02 1.900000E+01 -2.326829E-15
      vertex 1.360000E+02 2.100000E+01 -2.571758E-15
      vertex 1.328000E+02 4.780000E+01 -5.853812E-15
    endloop
  endfacet
  facet normal 0.000000E+00 1.224647E-16 1.000000E+00
    outer loop
      vertex 1.340000E+02 1.900000E+01 -2.326829E-15
      vertex 1.360000E+02 2.100000E+01 -2.571758E-15
      vertex 1.328000E+02 1.900000E+01 -2.326829E-15
    endloop
  endfacet
  facet normal -2.646980E-23 1.224647E-16 1.000000E+00
    outer loop
      vertex 1.328000E+02 4.780000E+01 -5.853812E-15
      vertex 1.360000E+02 2.100000E+01 -2.571758E-15
      vertex 1.360000E+02 5.100000E+01 -6.245699E-15
    endloop
  endfacet
  facet normal 2.633856E-22 1.224644E-16 1.000000E+00
    outer loop
      vertex 1.340000E+02 1.900000E+01 -2.326829E-15
      vertex 1.359616E+02 2.060982E+01 -2.523975E-15
      vertex 1.360000E+02 2.100000E+01 -2.571758E-15
    endloop
  endfacet
  facet normal 1.915479E-22 1.224645E-16 1.000000E+00
    outer loop
      vertex 1.340000E+02 1.900000E+01 -2.326829E-15
      vertex 1.358478E+02 2.023463E+01 -2.478028E-15
      vertex 1.359616E+02 2.060982E+01 -2.523975E-15
    endloop
  endfacet
  facet normal 5.999211E-22 1.224612E-16 1.000000E+00
    outer loop
      vertex 1.343902E+02 1.903843E+01 -2.331535E-15
      vertex 1.347654E+02 1.915224E+01 -2.345473E-15
      vertex 1.340000E+02 1.900000E+01 -2.326829E-15
    endloop
  endfacet
  facet normal -2.328426E-22 1.224654E-16 1.000000E+00
    outer loop
      vertex 1.347654E+02 1.915224E+01 -2.345473E-15
      vertex 1.351111E+02 1.933706E+01 -2.368107E-15
      vertex 1.340000E+02 1.900000E+01 -2.326829E-15
    endloop
  endfacet
  facet normal 3.222433E-23 1.224647E-16 1.000000E+00
    outer loop
      vertex 1.340000E+02 1.900000E+01 -2.326829E-15
      vertex 1.356629E+02 1.988886E+01 -2.435683E-15
      vertex 1.358478E+02 2.023463E+01 -2.478028E-15
    endloop
  endfacet
  facet normal -6.647169E-23 1.224648E-16 1.000000E+00
    outer loop
      vertex 1.351111E+02 1.933706E+01 -2.368107E-15
      vertex 1.354142E+02 1.958579E+01 -2.398567E-15
      vertex 1.340000E+02 1.900000E+01 -2.326829E-15
    endloop
  endfacet
  facet normal -2.105134E-22 1.224652E-16 1.000000E+00
    outer loop
      vertex 1.340000E+02 1.900000E+01 -2.326829E-15
      vertex 1.354142E+02 1.958579E+01 -2.398567E-15
      vertex 1.356629E+02 1.988886E+01 -2.435683E-15
    endloop
  endfacet
  facet normal 8.382411E-23 1.224648E-16 1.000000E+00
    outer loop
      vertex 1.343902E+02 6.961571E+00 -8.525465E-16
      vertex 1.354142E+02 6.414214E+00 -7.855146E-16
      vertex 1.347654E+02 6.847759E+00 -8.386086E-16
    endloop
  endfacet
  facet normal 9.377634E-22 1.224662E-16 1.000000E+00
    outer loop
      vertex 1.347654E+02 6.847759E+00 -8.386086E-16
      vertex 1.354142E+02 6.414214E+00 -7.855146E-16
      vertex 1.351111E+02 6.662939E+00 -8.159747E-16
    endloop
  endfacet
  facet normal 1.600115E-21 1.224658E-16 1.000000E+00
    outer loop
      vertex 1.354142E+02 6.414214E+00 -7.855146E-16
      vertex 1.358478E+02 5.765367E+00 -7.060538E-16
      vertex 1.356629E+02 6.111140E+00 -7.483989E-16
    endloop
  endfacet
  facet normal 8.828683E-22 1.224648E-16 1.000000E+00
    outer loop
      vertex 1.358478E+02 5.765367E+00 -7.060538E-16
      vertex 1.360000E+02 5.000000E+00 -6.123234E-16
      vertex 1.359616E+02 5.390181E+00 -6.601068E-16
    endloop
  endfacet
  facet normal 2.939495E-23 1.224647E-16 1.000000E+00
    outer loop
      vertex 1.340000E+02 7.000000E+00 -8.572528E-16
      vertex 1.360000E+02 5.000000E+00 -6.123234E-16
      vertex 1.343902E+02 6.961571E+00 -8.525465E-16
    endloop
  endfacet
  facet normal -4.866319E-23 1.224646E-16 1.000000E+00
    outer loop
      vertex 1.328000E+02 7.000000E+00 -8.572528E-16
      vertex 1.360000E+02 5.000000E+00 -6.123234E-16
      vertex 1.340000E+02 7.000000E+00 -8.572528E-16
    endloop
  endfacet
  facet normal -1.135823E-22 1.224646E-16 1.000000E+00
    outer loop
      vertex 1.354142E+02 6.414214E+00 -7.855146E-16
      vertex 1.360000E+02 5.000000E+00 -6.123234E-16
      vertex 1.358478E+02 5.765367E+00 -7.060538E-16
    endloop
  endfacet
  facet normal -2.347512E-23 1.224647E-16 1.000000E+00
    outer loop
      vertex 1.343902E+02 6.961571E+00 -8.525465E-16
      vertex 1.360000E+02 5.000000E+00 -6.123234E-16
      vertex 1.354142E+02 6.414214E+00 -7.855146E-16
    endloop
  endfacet
  facet normal 0.000000E+00 1.224647E-16 1.000000E+00
    outer loop
      vertex 1.328000E+02 7.000000E+00 -8.572528E-16
      vertex 1.328000E+02 -2.180000E+01 2.669730E-15
      vertex 1.360000E+02 5.000000E+00 -6.123234E-16
    endloop
  endfacet
  facet normal 1.000000E+00 0.000000E+00 0.000000E+00
    outer loop
      vertex 1.328000E+02 4.780000E+01 1.500000E+00
      vertex 1.328000E+02 1.900000E+01 1.500000E+00
      vertex 1.328000E+02 1.900000E+01 -2.326829E-15
    endloop
  endfacet
  facet normal 1.000000E+00 0.000000E+00 0.000000E+00
    outer loop
      vertex 1.328000E+02 4.780000E+01 1.500000E+00
      vertex 1.328000E+02 1.900000E+01 -2.326829E-15
      vertex 1.328000E+02 4.780000E+01 -5.853812E-15
    endloop
  endfacet
  facet normal -0.000000E+00 -1.000000E+00 0.000000E+00
    outer loop
      vertex 1.308000E+02 1.900000E+01 -2.326829E-15
      vertex 1.190000E+02 1.900000E+01 -2.326829E-15
      vertex 1.190000E+02 1.900000E+01 -1.000000E+00
    endloop
  endfacet
  facet normal 0.000000E+00 -1.000000E+00 0.000000E+00
    outer loop
      vertex 1.340000E+02 1.900000E+01 -1.000000E+00
      vertex 1.308000E+02 1.900000E+01 -2.326829E-15
      vertex 1.190000E+02 1.900000E+01 -1.000000E+00
    endloop
  endfacet
  facet normal 0.000000E+00 -1.000000E+00 0.000000E+00
    outer loop
      vertex 1.340000E+02 1.900000E+01 -1.000000E+00
      vertex 1.328000E+02 1.900000E+01 -2.326829E-15
      vertex 1.308000E+02 1.900000E+01 -2.326829E-15
    endloop
  endfacet
  facet normal -0.000000E+00 -1.000000E+00 -0.000000E+00
    outer loop
      vertex 1.340000E+02 1.900000E+01 -2.326829E-15
      vertex 1.328000E+02 1.900000E+01 -2.326829E-15
      vertex 1.340000E+02 1.900000E+01 -1.000000E+00
    endloop
  endfacet
  facet normal -0.000000E+00 -1.000000E+00 0.000000E+00
    outer loop
      vertex 1.328000E+02 1.900000E+01 1.500000E+00
      vertex 1.308000E+02 1.900000E+01 1.500000E+00
      vertex 1.308000E+02 1.900000E+01 -2.326829E-15
    endloop
  endfacet
  facet normal 0.000000E+00 -1.000000E+00 -0.000000E+00
    outer loop
      vertex 1.328000E+02 1.900000E+01 1.500000E+00
      vertex 1.308000E+02 1.900000E+01 -2.326829E-15
      vertex 1.328000E+02 1.900000E+01 -2.326829E-15
    endloop
  endfacet
  facet normal -1.000000E+00 0.000000E+00 0.000000E+00
    outer loop
      vertex 1.308000E+02 1.900000E+01 1.500000E+00
      vertex 1.308000E+02 4.580000E+01 1.500000E+00
      vertex 1.308000E+02 4.580000E+01 -5.608882E-15
    endloop
  endfacet
  facet normal -1.000000E+00 0.000000E+00 0.000000E+00
    outer loop
      vertex 1.308000E+02 1.900000E+01 1.500000E+00
      vertex 1.308000E+02 4.580000E+01 -5.608882E-15
      vertex 1.308000E+02 1.900000E+01 -2.326829E-15
    endloop
  endfacet
  facet normal -0.000000E+00 -1.000000E+00 0.000000E+00
    outer loop
      vertex 1.010000E+02 4.580000E+01 1.500000E+00
      vertex 2.500000E+01 4.580000E+01 1.500000E+00
      vertex 2.500000E+01 4.580000E+01 -5.608882E-15
    endloop
  endfacet
  facet normal 0.000000E+00 -1.000000E+00 -0.000000E+00
    outer loop
      vertex 1.010000E+02 4.580000E+01 1.500000E+00
      vertex 2.500000E+01 4.580000E+01 -5.608882E-15
      vertex 1.010000E+02 4.580000E+01 -5.608882E-15
    endloop
  endfacet
  facet normal 1.000000E+00 0.000000E+00 0.000000E+00
    outer loop
      vertex -4.800000E+00 4.580000E+01 1.500000E+00
      vertex -4.800000E+00 -1.980000E+01 1.500000E+00
      vertex -4.800000E+00 -1.980000E+01 2.424801E-15
    endloop
  endfacet
  facet normal 1.000000E+00 0.000000E+00 0.000000E+00
    outer loop
      vertex -4.800000E+00 4.580000E+01 1.500000E+00
      vertex -4.800000E+00 -1.980000E+01 2.424801E-15
      vertex -4.800000E+00 4.580000E+01 -5.608882E-15
    endloop
  endfacet
  facet normal -0.000000E+00 1.000000E+00 0.000000E+00
    outer loop
      vertex -4.800000E+00 -1.980000E+01 1.500000E+00
      vertex 5.000000E+00 -1.980000E+01 1.500000E+00
      vertex 5.000000E+00 -1.980000E+01 2.424801E-15
    endloop
  endfacet
  facet normal 0.000000E+00 1.000000E+00 0.000000E+00
    outer loop
      vertex -4.800000E+00 -1.980000E+01 1.500000E+00
      vertex 5.000000E+00 -1.980000E+01 2.424801E-15
      vertex -4.800000E+00 -1.980000E+01 2.424801E-15
    endloop
  endfacet
  facet normal -1.000000E+00 0.000000E+00 0.000000E+00
    outer loop
      vertex 1.308000E+02 -1.980000E+01 1.500000E+00
      vertex 1.308000E+02 7.000000E+00 1.500000E+00
      vertex 1.308000E+02 7.000000E+00 -8.572528E-16
    endloop
  endfacet
  facet normal -1.000000E+00 0.000000E+00 0.000000E+00
    outer loop
      vertex 1.308000E+02 -1.980000E+01 1.500000E+00
      vertex 1.308000E+02 7.000000E+00 -8.572528E-16
      vertex 1.308000E+02 -1.980000E+01 2.424801E-15
    endloop
  endfacet
  facet normal 1.000000E+00 0.000000E+00 0.000000E+00
    outer loop
      vertex 1.328000E+02 7.000000E+00 -8.572528E-16
      vertex 1.328000E+02 -2.180000E+01 1.500000E+00
      vertex 1.328000E+02 -2.180000E+01 2.669730E-15
    endloop
  endfacet
  facet normal 1.000000E+00 0.000000E+00 0.000000E+00
    outer loop
      vertex 1.328000E+02 7.000000E+00 1.500000E+00
      vertex 1.328000E+02 -2.180000E+01 1.500000E+00
      vertex 1.328000E+02 7.000000E+00 -8.572528E-16
    endloop
  endfacet
  facet normal -1.000000E+00 0.000000E+00 0.000000E+00
    outer loop
      vertex -6.800000E+00 -2.180000E+01 2.669730E-15
      vertex -6.800000E+00 4.780000E+01 1.500000E+00
      vertex -6.800000E+00 4.780000E+01 -5.853812E-15
    endloop
  endfacet
  facet normal -1.000000E+00 0.000000E+00 0.000000E+00
    outer loop
      vertex -6.800000E+00 -2.180000E+01 1.500000E+00
      vertex -6.800000E+00 4.780000E+01 1.500000E+00
      vertex -6.800000E+00 -2.180000E+01 2.669730E-15
    endloop
  endfacet
  facet normal 0.000000E+00 0.000000E+00 1.000000E+00
    outer loop
      vertex 1.010000E+02 4.580000E+01 1.500000E+00
      vertex 2.500000E+01 4.780000E+01 1.500000E+00
      vertex 2.500000E+01 4.580000E+01 1.500000E+00
    endloop
  endfacet
  facet normal 0.000000E+00 0.000000E+00 1.000000E+00
    outer loop
      vertex 1.010000E+02 4.780000E+01 1.500000E+00
      vertex 2.500000E+01 4.780000E+01 1.500000E+00
      vertex 1.010000E+02 4.580000E+01 1.500000E+00
    endloop
  endfacet
  facet normal -1.000000E+00 -0.000000E+00 0.000000E+00
    outer loop
      vertex -1.000000E+01 5.100000E+01 -6.245699E-15
      vertex -1.000000E+01 -2.500000E+01 -1.000000E+00
      vertex -1.000000E+01 -2.500000E+01 3.061617E-15
    endloop
  endfacet
  facet normal -1.000000E+00 0.000000E+00 0.000000E+00
    outer loop
      vertex -1.000000E+01 5.100000E+01 -1.000000E+00
      vertex -1.000000E+01 -2.500000E+01 -1.000000E+00
      vertex -1.000000E+01 5.100000E+01 -6.245699E-15
    endloop
  endfacet
  facet normal 0.000000E+00 -1.000000E+00 0.000000E+00
    outer loop
      vertex -1.000000E+01 -2.500000E+01 -1.000000E+00
      vertex 1.360000E+02 -2.500000E+01 -1.000000E+00
      vertex 1.360000E+02 -2.500000E+01 3.061617E-15
    endloop
  endfacet
  facet normal 0.000000E+00 -1.000000E+00 0.000000E+00
    outer loop
      vertex -1.000000E+01 -2.500000E+01 -1.000000E+00
      vertex 1.360000E+02 -2.500000E+01 3.061617E-15
      vertex -1.000000E+01 -2.500000E+01 3.061617E-15
    endloop
  endfacet
  facet normal 0.000000E+00 1.000000E+00 0.000000E+00
    outer loop
      vertex 1.360000E+02 5.100000E+01 -1.000000E+00
      vertex -1.000000E+01 5.100000E+01 -1.000000E+00
      vertex -1.000000E+01 5.100000E+01 -6.245699E-15
    endloop
  endfacet
  facet normal 0.000000E+00 1.000000E+00 -0.000000E+00
    outer loop
      vertex 1.360000E+02 5.100000E+01 -1.000000E+00
      vertex -1.000000E+01 5.100000E+01 -6.245699E-15
      vertex 1.360000E+02 5.100000E+01 -6.245699E-15
    endloop
  endfacet
endsolid 
