solid 
  facet normal 9.970161E-01 0.000000E+00 7.719442E-02
    outer loop
      vertex -1.120000E+01 1.636548E+01 -7.848167E+01
      vertex -1.118570E+01 1.476548E+01 -7.866640E+01
      vertex -1.118570E+01 1.636548E+01 -7.866640E+01
    endloop
  endfacet
  facet normal 9.970161E-01 -0.000000E+00 7.719442E-02
    outer loop
      vertex -1.120000E+01 1.476548E+01 -7.848167E+01
      vertex -1.118570E+01 1.476548E+01 -7.866640E+01
      vertex -1.120000E+01 1.636548E+01 -7.848167E+01
    endloop
  endfacet
  facet normal 9.732477E-01 0.000000E+00 2.297585E-01
    outer loop
      vertex -1.118570E+01 1.636548E+01 -7.866640E+01
      vertex -1.114313E+01 1.476548E+01 -7.884671E+01
      vertex -1.114313E+01 1.636548E+01 -7.884671E+01
    endloop
  endfacet
  facet normal 9.732477E-01 -0.000000E+00 2.297585E-01
    outer loop
      vertex -1.118570E+01 1.476548E+01 -7.866640E+01
      vertex -1.114313E+01 1.476548E+01 -7.884671E+01
      vertex -1.118570E+01 1.636548E+01 -7.866640E+01
    endloop
  endfacet
  facet normal 9.262865E-01 0.000000E+00 3.768199E-01
    outer loop
      vertex -1.114313E+01 1.636548E+01 -7.884671E+01
      vertex -1.107331E+01 1.476548E+01 -7.901833E+01
      vertex -1.107331E+01 1.636548E+01 -7.901833E+01
    endloop
  endfacet
  facet normal 9.262865E-01 -0.000000E+00 3.768199E-01
    outer loop
      vertex -1.114313E+01 1.476548E+01 -7.884671E+01
      vertex -1.107331E+01 1.476548E+01 -7.901833E+01
      vertex -1.114313E+01 1.636548E+01 -7.884671E+01
    endloop
  endfacet
  facet normal 6.757404E-01 0.000000E+00 7.371398E-01
    outer loop
      vertex -1.091230E+01 1.636548E+01 -7.926123E+01
      vertex -1.091230E+01 1.476548E+01 -7.926123E+01
      vertex -1.069749E+01 1.636548E+01 -7.945815E+01
    endloop
  endfacet
  facet normal 8.335039E-01 0.000000E+00 5.525135E-01
    outer loop
      vertex -1.107331E+01 1.636548E+01 -7.901833E+01
      vertex -1.091230E+01 1.476548E+01 -7.926123E+01
      vertex -1.091230E+01 1.636548E+01 -7.926123E+01
    endloop
  endfacet
  facet normal 8.335039E-01 -0.000000E+00 5.525135E-01
    outer loop
      vertex -1.107331E+01 1.476548E+01 -7.901833E+01
      vertex -1.091230E+01 1.476548E+01 -7.926123E+01
      vertex -1.107331E+01 1.636548E+01 -7.901833E+01
    endloop
  endfacet
  facet normal 4.781288E-01 0.000000E+00 8.782898E-01
    outer loop
      vertex -1.069749E+01 1.636548E+01 -7.945815E+01
      vertex -1.069749E+01 1.476548E+01 -7.945815E+01
      vertex -1.044154E+01 1.636548E+01 -7.959749E+01
    endloop
  endfacet
  facet normal 6.757404E-01 0.000000E+00 7.371398E-01
    outer loop
      vertex -1.091230E+01 1.476548E+01 -7.926123E+01
      vertex -1.069749E+01 1.476548E+01 -7.945815E+01
      vertex -1.069749E+01 1.636548E+01 -7.945815E+01
    endloop
  endfacet
  facet normal 2.523246E-01 0.000000E+00 9.676426E-01
    outer loop
      vertex -1.044154E+01 1.636548E+01 -7.959749E+01
      vertex -1.044154E+01 1.476548E+01 -7.959749E+01
      vertex -1.015955E+01 1.636548E+01 -7.967102E+01
    endloop
  endfacet
  facet normal 4.781288E-01 0.000000E+00 8.782898E-01
    outer loop
      vertex -1.069749E+01 1.476548E+01 -7.945815E+01
      vertex -1.044154E+01 1.476548E+01 -7.959749E+01
      vertex -1.044154E+01 1.636548E+01 -7.959749E+01
    endloop
  endfacet
  facet normal 1.162400E-02 0.000000E+00 9.999325E-01
    outer loop
      vertex -1.015955E+01 1.636548E+01 -7.967102E+01
      vertex -1.015955E+01 1.476548E+01 -7.967102E+01
      vertex -9.868148E+00 1.636548E+01 -7.967441E+01
    endloop
  endfacet
  facet normal 2.523246E-01 0.000000E+00 9.676426E-01
    outer loop
      vertex -1.044154E+01 1.476548E+01 -7.959749E+01
      vertex -1.015955E+01 1.476548E+01 -7.967102E+01
      vertex -1.015955E+01 1.636548E+01 -7.967102E+01
    endloop
  endfacet
  facet normal -2.297572E-01 0.000000E+00 9.732479E-01
    outer loop
      vertex -9.868148E+00 1.636548E+01 -7.967441E+01
      vertex -9.868148E+00 1.476548E+01 -7.967441E+01
      vertex -9.584525E+00 1.636548E+01 -7.960745E+01
    endloop
  endfacet
  facet normal 1.162400E-02 0.000000E+00 9.999325E-01
    outer loop
      vertex -1.015955E+01 1.476548E+01 -7.967102E+01
      vertex -9.868148E+00 1.476548E+01 -7.967441E+01
      vertex -9.868148E+00 1.636548E+01 -7.967441E+01
    endloop
  endfacet
  facet normal -4.575783E-01 0.000000E+00 8.891694E-01
    outer loop
      vertex -9.584525E+00 1.636548E+01 -7.960745E+01
      vertex -9.584525E+00 1.476548E+01 -7.960745E+01
      vertex -9.325405E+00 1.636548E+01 -7.947411E+01
    endloop
  endfacet
  facet normal -2.297572E-01 0.000000E+00 9.732479E-01
    outer loop
      vertex -9.868148E+00 1.476548E+01 -7.967441E+01
      vertex -9.584525E+00 1.476548E+01 -7.960745E+01
      vertex -9.584525E+00 1.636548E+01 -7.960745E+01
    endloop
  endfacet
  facet normal -6.584281E-01 0.000000E+00 7.526436E-01
    outer loop
      vertex -9.325405E+00 1.636548E+01 -7.947411E+01
      vertex -9.325405E+00 1.476548E+01 -7.947411E+01
      vertex -9.106070E+00 1.636548E+01 -7.928223E+01
    endloop
  endfacet
  facet normal -4.575783E-01 0.000000E+00 8.891694E-01
    outer loop
      vertex -9.584525E+00 1.476548E+01 -7.960745E+01
      vertex -9.325405E+00 1.476548E+01 -7.947411E+01
      vertex -9.325405E+00 1.636548E+01 -7.947411E+01
    endloop
  endfacet
  facet normal -8.204352E-01 0.000000E+00 5.717396E-01
    outer loop
      vertex -9.106070E+00 1.636548E+01 -7.928223E+01
      vertex -9.106070E+00 1.476548E+01 -7.928223E+01
      vertex -8.939454E+00 1.636548E+01 -7.904314E+01
    endloop
  endfacet
  facet normal -6.584281E-01 0.000000E+00 7.526436E-01
    outer loop
      vertex -9.325405E+00 1.476548E+01 -7.947411E+01
      vertex -9.106070E+00 1.476548E+01 -7.928223E+01
      vertex -9.106070E+00 1.636548E+01 -7.928223E+01
    endloop
  endfacet
  facet normal -8.204352E-01 0.000000E+00 5.717396E-01
    outer loop
      vertex -9.106070E+00 1.476548E+01 -7.928223E+01
      vertex -8.939454E+00 1.476548E+01 -7.904314E+01
      vertex -8.939454E+00 1.636548E+01 -7.904314E+01
    endloop
  endfacet
  facet normal -9.926007E-01 0.000000E+00 1.214243E-01
    outer loop
      vertex -8.835385E+00 1.636548E+01 -7.877094E+01
      vertex -8.835385E+00 1.476548E+01 -7.877094E+01
      vertex -8.800000E+00 1.636548E+01 -7.848167E+01
    endloop
  endfacet
  facet normal -9.340613E-01 0.000000E+00 3.571126E-01
    outer loop
      vertex -8.939454E+00 1.636548E+01 -7.904314E+01
      vertex -8.835385E+00 1.476548E+01 -7.877094E+01
      vertex -8.835385E+00 1.636548E+01 -7.877094E+01
    endloop
  endfacet
  facet normal -9.340613E-01 0.000000E+00 3.571126E-01
    outer loop
      vertex -8.939454E+00 1.476548E+01 -7.904314E+01
      vertex -8.835385E+00 1.476548E+01 -7.877094E+01
      vertex -8.939454E+00 1.636548E+01 -7.904314E+01
    endloop
  endfacet
  facet normal -9.926007E-01 0.000000E+00 1.214243E-01
    outer loop
      vertex -8.835385E+00 1.476548E+01 -7.877094E+01
      vertex -8.800000E+00 1.476548E+01 -7.848167E+01
      vertex -8.800000E+00 1.636548E+01 -7.848167E+01
    endloop
  endfacet
  facet normal 9.930680E-01 0.000000E+00 1.175411E-01
    outer loop
      vertex -6.120000E+01 1.636548E+01 -7.848167E+01
      vertex -6.116684E+01 1.476548E+01 -7.876181E+01
      vertex -6.116684E+01 1.636548E+01 -7.876181E+01
    endloop
  endfacet
  facet normal 9.930680E-01 -0.000000E+00 1.175411E-01
    outer loop
      vertex -6.120000E+01 1.476548E+01 -7.848167E+01
      vertex -6.116684E+01 1.476548E+01 -7.876181E+01
      vertex -6.120000E+01 1.636548E+01 -7.848167E+01
    endloop
  endfacet
  facet normal 9.381876E-01 0.000000E+00 3.461271E-01
    outer loop
      vertex -6.116684E+01 1.636548E+01 -7.876181E+01
      vertex -6.106921E+01 1.476548E+01 -7.902646E+01
      vertex -6.106921E+01 1.636548E+01 -7.902646E+01
    endloop
  endfacet
  facet normal 9.381876E-01 -0.000000E+00 3.461271E-01
    outer loop
      vertex -6.116684E+01 1.476548E+01 -7.876181E+01
      vertex -6.106921E+01 1.476548E+01 -7.902646E+01
      vertex -6.116684E+01 1.636548E+01 -7.876181E+01
    endloop
  endfacet
  facet normal 8.314736E-01 0.000000E+00 5.555643E-01
    outer loop
      vertex -6.106921E+01 1.636548E+01 -7.902646E+01
      vertex -6.091249E+01 1.476548E+01 -7.926101E+01
      vertex -6.091249E+01 1.636548E+01 -7.926101E+01
    endloop
  endfacet
  facet normal 8.314736E-01 -0.000000E+00 5.555643E-01
    outer loop
      vertex -6.106921E+01 1.476548E+01 -7.902646E+01
      vertex -6.091249E+01 1.476548E+01 -7.926101E+01
      vertex -6.106921E+01 1.636548E+01 -7.902646E+01
    endloop
  endfacet
  facet normal 6.787989E-01 0.000000E+00 7.343242E-01
    outer loop
      vertex -6.091249E+01 1.636548E+01 -7.926101E+01
      vertex -6.070534E+01 1.476548E+01 -7.945249E+01
      vertex -6.070534E+01 1.636548E+01 -7.945249E+01
    endloop
  endfacet
  facet normal 6.787989E-01 -0.000000E+00 7.343242E-01
    outer loop
      vertex -6.091249E+01 1.476548E+01 -7.926101E+01
      vertex -6.070534E+01 1.476548E+01 -7.945249E+01
      vertex -6.091249E+01 1.636548E+01 -7.926101E+01
    endloop
  endfacet
  facet normal 4.886380E-01 0.000000E+00 8.724867E-01
    outer loop
      vertex -6.070534E+01 1.636548E+01 -7.945249E+01
      vertex -6.045922E+01 1.476548E+01 -7.959033E+01
      vertex -6.045922E+01 1.636548E+01 -7.959033E+01
    endloop
  endfacet
  facet normal 4.886380E-01 -0.000000E+00 8.724867E-01
    outer loop
      vertex -6.070534E+01 1.476548E+01 -7.945249E+01
      vertex -6.045922E+01 1.476548E+01 -7.959033E+01
      vertex -6.070534E+01 1.636548E+01 -7.945249E+01
    endloop
  endfacet
  facet normal 2.714332E-01 0.000000E+00 9.624573E-01
    outer loop
      vertex -6.045922E+01 1.636548E+01 -7.959033E+01
      vertex -6.018772E+01 1.476548E+01 -7.966690E+01
      vertex -6.018772E+01 1.636548E+01 -7.966690E+01
    endloop
  endfacet
  facet normal 2.714332E-01 -0.000000E+00 9.624573E-01
    outer loop
      vertex -6.045922E+01 1.476548E+01 -7.959033E+01
      vertex -6.018772E+01 1.476548E+01 -7.966690E+01
      vertex -6.045922E+01 1.636548E+01 -7.959033E+01
    endloop
  endfacet
  facet normal 3.924381E-02 0.000000E+00 9.992297E-01
    outer loop
      vertex -6.018772E+01 1.636548E+01 -7.966690E+01
      vertex -5.990585E+01 1.476548E+01 -7.967797E+01
      vertex -5.990585E+01 1.636548E+01 -7.967797E+01
    endloop
  endfacet
  facet normal 3.924381E-02 -0.000000E+00 9.992297E-01
    outer loop
      vertex -6.018772E+01 1.476548E+01 -7.966690E+01
      vertex -5.990585E+01 1.476548E+01 -7.967797E+01
      vertex -6.018772E+01 1.636548E+01 -7.966690E+01
    endloop
  endfacet
  facet normal -1.950836E-01 0.000000E+00 9.807866E-01
    outer loop
      vertex -5.990585E+01 1.636548E+01 -7.967797E+01
      vertex -5.962918E+01 1.476548E+01 -7.962294E+01
      vertex -5.962918E+01 1.636548E+01 -7.962294E+01
    endloop
  endfacet
  facet normal -1.950836E-01 0.000000E+00 9.807866E-01
    outer loop
      vertex -5.990585E+01 1.476548E+01 -7.967797E+01
      vertex -5.962918E+01 1.476548E+01 -7.962294E+01
      vertex -5.990585E+01 1.636548E+01 -7.967797E+01
    endloop
  endfacet
  facet normal -4.186448E-01 0.000000E+00 9.081501E-01
    outer loop
      vertex -5.962918E+01 1.636548E+01 -7.962294E+01
      vertex -5.937300E+01 1.476548E+01 -7.950484E+01
      vertex -5.937300E+01 1.636548E+01 -7.950484E+01
    endloop
  endfacet
  facet normal -4.186448E-01 0.000000E+00 9.081501E-01
    outer loop
      vertex -5.962918E+01 1.476548E+01 -7.962294E+01
      vertex -5.937300E+01 1.476548E+01 -7.950484E+01
      vertex -5.962918E+01 1.636548E+01 -7.962294E+01
    endloop
  endfacet
  facet normal -6.191018E-01 0.000000E+00 7.853107E-01
    outer loop
      vertex -5.937300E+01 1.636548E+01 -7.950484E+01
      vertex -5.915147E+01 1.476548E+01 -7.933020E+01
      vertex -5.915147E+01 1.636548E+01 -7.933020E+01
    endloop
  endfacet
  facet normal -7.730035E-01 0.000000E+00 6.344019E-01
    outer loop
      vertex -5.915147E+01 1.636548E+01 -7.933020E+01
      vertex -5.915147E+01 1.476548E+01 -7.933020E+01
      vertex -5.900224E+01 1.636548E+01 -7.914836E+01
    endloop
  endfacet
  facet normal -6.191018E-01 0.000000E+00 7.853107E-01
    outer loop
      vertex -5.937300E+01 1.476548E+01 -7.950484E+01
      vertex -5.915147E+01 1.476548E+01 -7.933020E+01
      vertex -5.937300E+01 1.636548E+01 -7.950484E+01
    endloop
  endfacet
  facet normal -8.819275E-01 0.000000E+00 4.713851E-01
    outer loop
      vertex -5.900224E+01 1.636548E+01 -7.914836E+01
      vertex -5.900224E+01 1.476548E+01 -7.914836E+01
      vertex -5.889135E+01 1.636548E+01 -7.894090E+01
    endloop
  endfacet
  facet normal -7.730035E-01 0.000000E+00 6.344019E-01
    outer loop
      vertex -5.915147E+01 1.476548E+01 -7.933020E+01
      vertex -5.900224E+01 1.476548E+01 -7.914836E+01
      vertex -5.900224E+01 1.636548E+01 -7.914836E+01
    endloop
  endfacet
  facet normal -9.569407E-01 0.000000E+00 2.902833E-01
    outer loop
      vertex -5.889135E+01 1.636548E+01 -7.894090E+01
      vertex -5.889135E+01 1.476548E+01 -7.894090E+01
      vertex -5.882306E+01 1.636548E+01 -7.871578E+01
    endloop
  endfacet
  facet normal -8.819275E-01 0.000000E+00 4.713851E-01
    outer loop
      vertex -5.900224E+01 1.476548E+01 -7.914836E+01
      vertex -5.889135E+01 1.476548E+01 -7.894090E+01
      vertex -5.889135E+01 1.636548E+01 -7.894090E+01
    endloop
  endfacet
  facet normal -9.951838E-01 0.000000E+00 9.802649E-02
    outer loop
      vertex -5.882306E+01 1.636548E+01 -7.871578E+01
      vertex -5.882306E+01 1.476548E+01 -7.871578E+01
      vertex -5.880000E+01 1.636548E+01 -7.848167E+01
    endloop
  endfacet
  facet normal -9.569407E-01 0.000000E+00 2.902833E-01
    outer loop
      vertex -5.889135E+01 1.476548E+01 -7.894090E+01
      vertex -5.882306E+01 1.476548E+01 -7.871578E+01
      vertex -5.882306E+01 1.636548E+01 -7.871578E+01
    endloop
  endfacet
  facet normal -9.951838E-01 0.000000E+00 9.802649E-02
    outer loop
      vertex -5.882306E+01 1.476548E+01 -7.871578E+01
      vertex -5.880000E+01 1.476548E+01 -7.848167E+01
      vertex -5.880000E+01 1.636548E+01 -7.848167E+01
    endloop
  endfacet
  facet normal -9.951854E-01 9.801043E-02 0.000000E+00
    outer loop
      vertex -6.530000E+01 4.976548E+01 -8.148167E+01
      vertex -6.532306E+01 4.953138E+01 -8.308167E+01
      vertex -6.532306E+01 4.953138E+01 -8.148167E+01
    endloop
  endfacet
  facet normal -9.951854E-01 9.801043E-02 0.000000E+00
    outer loop
      vertex -6.530000E+01 4.976548E+01 -8.308167E+01
      vertex -6.532306E+01 4.953138E+01 -8.308167E+01
      vertex -6.530000E+01 4.976548E+01 -8.148167E+01
    endloop
  endfacet
  facet normal -9.569452E-01 2.902684E-01 0.000000E+00
    outer loop
      vertex -6.532306E+01 4.953138E+01 -8.148167E+01
      vertex -6.539134E+01 4.930626E+01 -8.308167E+01
      vertex -6.539134E+01 4.930626E+01 -8.148167E+01
    endloop
  endfacet
  facet normal -9.569452E-01 2.902684E-01 0.000000E+00
    outer loop
      vertex -6.532306E+01 4.953138E+01 -8.308167E+01
      vertex -6.539134E+01 4.930626E+01 -8.308167E+01
      vertex -6.532306E+01 4.953138E+01 -8.148167E+01
    endloop
  endfacet
  facet normal -8.819172E-01 4.714045E-01 0.000000E+00
    outer loop
      vertex -6.539134E+01 4.930626E+01 -8.148167E+01
      vertex -6.550224E+01 4.909880E+01 -8.308167E+01
      vertex -6.550224E+01 4.909880E+01 -8.148167E+01
    endloop
  endfacet
  facet normal -8.819172E-01 4.714045E-01 0.000000E+00
    outer loop
      vertex -6.539134E+01 4.930626E+01 -8.308167E+01
      vertex -6.550224E+01 4.909880E+01 -8.308167E+01
      vertex -6.539134E+01 4.930626E+01 -8.148167E+01
    endloop
  endfacet
  facet normal -7.730085E-01 6.343956E-01 0.000000E+00
    outer loop
      vertex -6.550224E+01 4.909880E+01 -8.148167E+01
      vertex -6.565147E+01 4.891695E+01 -8.308167E+01
      vertex -6.565147E+01 4.891695E+01 -8.148167E+01
    endloop
  endfacet
  facet normal -7.730085E-01 6.343956E-01 0.000000E+00
    outer loop
      vertex -6.550224E+01 4.909880E+01 -8.308167E+01
      vertex -6.565147E+01 4.891695E+01 -8.308167E+01
      vertex -6.550224E+01 4.909880E+01 -8.148167E+01
    endloop
  endfacet
  facet normal -6.191000E-01 7.853122E-01 0.000000E+00
    outer loop
      vertex -6.565147E+01 4.891695E+01 -8.148167E+01
      vertex -6.587300E+01 4.874231E+01 -8.308167E+01
      vertex -6.587300E+01 4.874231E+01 -8.148167E+01
    endloop
  endfacet
  facet normal -6.191000E-01 7.853122E-01 0.000000E+00
    outer loop
      vertex -6.565147E+01 4.891695E+01 -8.308167E+01
      vertex -6.587300E+01 4.874231E+01 -8.308167E+01
      vertex -6.565147E+01 4.891695E+01 -8.148167E+01
    endloop
  endfacet
  facet normal -4.186559E-01 9.081449E-01 0.000000E+00
    outer loop
      vertex -6.587300E+01 4.874231E+01 -8.148167E+01
      vertex -6.612918E+01 4.862421E+01 -8.308167E+01
      vertex -6.612918E+01 4.862421E+01 -8.148167E+01
    endloop
  endfacet
  facet normal -4.186559E-01 9.081449E-01 0.000000E+00
    outer loop
      vertex -6.587300E+01 4.874231E+01 -8.308167E+01
      vertex -6.612918E+01 4.862421E+01 -8.308167E+01
      vertex -6.587300E+01 4.874231E+01 -8.148167E+01
    endloop
  endfacet
  facet normal -1.950862E-01 9.807861E-01 0.000000E+00
    outer loop
      vertex -6.612918E+01 4.862421E+01 -8.148167E+01
      vertex -6.640585E+01 4.856918E+01 -8.308167E+01
      vertex -6.640585E+01 4.856918E+01 -8.148167E+01
    endloop
  endfacet
  facet normal -1.950862E-01 9.807861E-01 0.000000E+00
    outer loop
      vertex -6.612918E+01 4.862421E+01 -8.308167E+01
      vertex -6.640585E+01 4.856918E+01 -8.308167E+01
      vertex -6.612918E+01 4.862421E+01 -8.148167E+01
    endloop
  endfacet
  facet normal 3.925678E-02 9.992292E-01 0.000000E+00
    outer loop
      vertex -6.640585E+01 4.856918E+01 -8.148167E+01
      vertex -6.668772E+01 4.858026E+01 -8.308167E+01
      vertex -6.668772E+01 4.858026E+01 -8.148167E+01
    endloop
  endfacet
  facet normal 3.925678E-02 9.992292E-01 -0.000000E+00
    outer loop
      vertex -6.640585E+01 4.856918E+01 -8.308167E+01
      vertex -6.668772E+01 4.858026E+01 -8.308167E+01
      vertex -6.640585E+01 4.856918E+01 -8.148167E+01
    endloop
  endfacet
  facet normal 2.714457E-01 9.624538E-01 0.000000E+00
    outer loop
      vertex -6.668772E+01 4.858026E+01 -8.148167E+01
      vertex -6.695922E+01 4.865683E+01 -8.308167E+01
      vertex -6.695922E+01 4.865683E+01 -8.148167E+01
    endloop
  endfacet
  facet normal 2.714457E-01 9.624538E-01 -0.000000E+00
    outer loop
      vertex -6.668772E+01 4.858026E+01 -8.308167E+01
      vertex -6.695922E+01 4.865683E+01 -8.308167E+01
      vertex -6.668772E+01 4.858026E+01 -8.148167E+01
    endloop
  endfacet
  facet normal 4.886116E-01 8.725014E-01 0.000000E+00
    outer loop
      vertex -6.695922E+01 4.865683E+01 -8.148167E+01
      vertex -6.720535E+01 4.879466E+01 -8.308167E+01
      vertex -6.720535E+01 4.879466E+01 -8.148167E+01
    endloop
  endfacet
  facet normal 4.886116E-01 8.725014E-01 -0.000000E+00
    outer loop
      vertex -6.695922E+01 4.865683E+01 -8.308167E+01
      vertex -6.720535E+01 4.879466E+01 -8.308167E+01
      vertex -6.695922E+01 4.865683E+01 -8.148167E+01
    endloop
  endfacet
  facet normal 6.787989E-01 7.343242E-01 0.000000E+00
    outer loop
      vertex -6.720535E+01 4.879466E+01 -8.148167E+01
      vertex -6.741249E+01 4.898615E+01 -8.308167E+01
      vertex -6.741249E+01 4.898615E+01 -8.148167E+01
    endloop
  endfacet
  facet normal 6.787989E-01 7.343242E-01 -0.000000E+00
    outer loop
      vertex -6.720535E+01 4.879466E+01 -8.308167E+01
      vertex -6.741249E+01 4.898615E+01 -8.308167E+01
      vertex -6.720535E+01 4.879466E+01 -8.148167E+01
    endloop
  endfacet
  facet normal 8.314798E-01 5.555550E-01 0.000000E+00
    outer loop
      vertex -6.741249E+01 4.898615E+01 -8.148167E+01
      vertex -6.756921E+01 4.922070E+01 -8.308167E+01
      vertex -6.756921E+01 4.922070E+01 -8.148167E+01
    endloop
  endfacet
  facet normal 8.314798E-01 5.555550E-01 -0.000000E+00
    outer loop
      vertex -6.741249E+01 4.898615E+01 -8.308167E+01
      vertex -6.756921E+01 4.922070E+01 -8.308167E+01
      vertex -6.741249E+01 4.898615E+01 -8.148167E+01
    endloop
  endfacet
  facet normal 9.381849E-01 3.461346E-01 0.000000E+00
    outer loop
      vertex -6.756921E+01 4.922070E+01 -8.148167E+01
      vertex -6.766685E+01 4.948535E+01 -8.308167E+01
      vertex -6.766685E+01 4.948535E+01 -8.148167E+01
    endloop
  endfacet
  facet normal 9.381849E-01 3.461346E-01 -0.000000E+00
    outer loop
      vertex -6.756921E+01 4.922070E+01 -8.308167E+01
      vertex -6.766685E+01 4.948535E+01 -8.308167E+01
      vertex -6.756921E+01 4.922070E+01 -8.148167E+01
    endloop
  endfacet
  facet normal 9.930711E-01 1.175144E-01 0.000000E+00
    outer loop
      vertex -6.766685E+01 4.948535E+01 -8.148167E+01
      vertex -6.770000E+01 4.976548E+01 -8.308167E+01
      vertex -6.770000E+01 4.976548E+01 -8.148167E+01
    endloop
  endfacet
  facet normal 9.930711E-01 1.175144E-01 -0.000000E+00
    outer loop
      vertex -6.766685E+01 4.948535E+01 -8.308167E+01
      vertex -6.770000E+01 4.976548E+01 -8.308167E+01
      vertex -6.766685E+01 4.948535E+01 -8.148167E+01
    endloop
  endfacet
  facet normal -9.934174E-01 1.145506E-01 0.000000E+00
    outer loop
      vertex -6.530000E+01 2.326548E+01 -8.148167E+01
      vertex -6.533150E+01 2.299236E+01 -8.308167E+01
      vertex -6.533150E+01 2.299236E+01 -8.148167E+01
    endloop
  endfacet
  facet normal -9.934174E-01 1.145506E-01 0.000000E+00
    outer loop
      vertex -6.530000E+01 2.326548E+01 -8.308167E+01
      vertex -6.533150E+01 2.299236E+01 -8.308167E+01
      vertex -6.530000E+01 2.326548E+01 -8.148167E+01
    endloop
  endfacet
  facet normal -9.412689E-01 3.376580E-01 0.000000E+00
    outer loop
      vertex -6.533150E+01 2.299236E+01 -8.148167E+01
      vertex -6.542433E+01 2.273357E+01 -8.308167E+01
      vertex -6.542433E+01 2.273357E+01 -8.148167E+01
    endloop
  endfacet
  facet normal -8.397115E-01 5.430329E-01 0.000000E+00
    outer loop
      vertex -6.542433E+01 2.273357E+01 -8.148167E+01
      vertex -6.542433E+01 2.273357E+01 -8.308167E+01
      vertex -6.557363E+01 2.250270E+01 -8.148167E+01
    endloop
  endfacet
  facet normal -9.412689E-01 3.376580E-01 0.000000E+00
    outer loop
      vertex -6.533150E+01 2.299236E+01 -8.308167E+01
      vertex -6.542433E+01 2.273357E+01 -8.308167E+01
      vertex -6.533150E+01 2.299236E+01 -8.148167E+01
    endloop
  endfacet
  facet normal -8.397115E-01 5.430329E-01 0.000000E+00
    outer loop
      vertex -6.542433E+01 2.273357E+01 -8.308167E+01
      vertex -6.557363E+01 2.250270E+01 -8.308167E+01
      vertex -6.557363E+01 2.250270E+01 -8.148167E+01
    endloop
  endfacet
  facet normal -6.884222E-01 7.253101E-01 0.000000E+00
    outer loop
      vertex -6.557363E+01 2.250270E+01 -8.148167E+01
      vertex -6.578658E+01 2.230059E+01 -8.308167E+01
      vertex -6.578658E+01 2.230059E+01 -8.148167E+01
    endloop
  endfacet
  facet normal -6.884222E-01 7.253101E-01 0.000000E+00
    outer loop
      vertex -6.557363E+01 2.250270E+01 -8.308167E+01
      vertex -6.578658E+01 2.230059E+01 -8.308167E+01
      vertex -6.557363E+01 2.250270E+01 -8.148167E+01
    endloop
  endfacet
  facet normal -4.916856E-01 8.707728E-01 0.000000E+00
    outer loop
      vertex -6.578658E+01 2.230059E+01 -8.148167E+01
      vertex -6.604223E+01 2.215623E+01 -8.308167E+01
      vertex -6.604223E+01 2.215623E+01 -8.148167E+01
    endloop
  endfacet
  facet normal -4.916856E-01 8.707728E-01 0.000000E+00
    outer loop
      vertex -6.578658E+01 2.230059E+01 -8.308167E+01
      vertex -6.604223E+01 2.215623E+01 -8.308167E+01
      vertex -6.578658E+01 2.230059E+01 -8.148167E+01
    endloop
  endfacet
  facet normal -2.655370E-01 9.641007E-01 0.000000E+00
    outer loop
      vertex -6.604223E+01 2.215623E+01 -8.148167E+01
      vertex -6.632528E+01 2.207827E+01 -8.308167E+01
      vertex -6.632528E+01 2.207827E+01 -8.148167E+01
    endloop
  endfacet
  facet normal -2.655370E-01 9.641007E-01 0.000000E+00
    outer loop
      vertex -6.604223E+01 2.215623E+01 -8.308167E+01
      vertex -6.632528E+01 2.207827E+01 -8.308167E+01
      vertex -6.604223E+01 2.215623E+01 -8.148167E+01
    endloop
  endfacet
  facet normal -2.348524E-02 9.997241E-01 0.000000E+00
    outer loop
      vertex -6.632528E+01 2.207827E+01 -8.148167E+01
      vertex -6.661879E+01 2.207138E+01 -8.308167E+01
      vertex -6.661879E+01 2.207138E+01 -8.148167E+01
    endloop
  endfacet
  facet normal -2.348524E-02 9.997241E-01 0.000000E+00
    outer loop
      vertex -6.632528E+01 2.207827E+01 -8.308167E+01
      vertex -6.661879E+01 2.207138E+01 -8.308167E+01
      vertex -6.632528E+01 2.207827E+01 -8.148167E+01
    endloop
  endfacet
  facet normal 2.199753E-01 9.755054E-01 0.000000E+00
    outer loop
      vertex -6.661879E+01 2.207138E+01 -8.148167E+01
      vertex -6.690519E+01 2.213596E+01 -8.308167E+01
      vertex -6.690519E+01 2.213596E+01 -8.148167E+01
    endloop
  endfacet
  facet normal 2.199753E-01 9.755054E-01 -0.000000E+00
    outer loop
      vertex -6.661879E+01 2.207138E+01 -8.308167E+01
      vertex -6.690519E+01 2.213596E+01 -8.308167E+01
      vertex -6.661879E+01 2.207138E+01 -8.148167E+01
    endloop
  endfacet
  facet normal 4.502670E-01 8.928940E-01 0.000000E+00
    outer loop
      vertex -6.690519E+01 2.213596E+01 -8.148167E+01
      vertex -6.716734E+01 2.226815E+01 -8.308167E+01
      vertex -6.716734E+01 2.226815E+01 -8.148167E+01
    endloop
  endfacet
  facet normal 4.502670E-01 8.928940E-01 -0.000000E+00
    outer loop
      vertex -6.690519E+01 2.213596E+01 -8.308167E+01
      vertex -6.716734E+01 2.226815E+01 -8.308167E+01
      vertex -6.690519E+01 2.213596E+01 -8.148167E+01
    endloop
  endfacet
  facet normal 6.536080E-01 7.568333E-01 0.000000E+00
    outer loop
      vertex -6.716734E+01 2.226815E+01 -8.148167E+01
      vertex -6.738953E+01 2.246005E+01 -8.308167E+01
      vertex -6.738953E+01 2.246005E+01 -8.148167E+01
    endloop
  endfacet
  facet normal 6.536080E-01 7.568333E-01 -0.000000E+00
    outer loop
      vertex -6.716734E+01 2.226815E+01 -8.308167E+01
      vertex -6.738953E+01 2.246005E+01 -8.308167E+01
      vertex -6.716734E+01 2.226815E+01 -8.148167E+01
    endloop
  endfacet
  facet normal 8.178218E-01 5.754715E-01 0.000000E+00
    outer loop
      vertex -6.738953E+01 2.246005E+01 -8.148167E+01
      vertex -6.755849E+01 2.270015E+01 -8.308167E+01
      vertex -6.755849E+01 2.270015E+01 -8.148167E+01
    endloop
  endfacet
  facet normal 8.178218E-01 5.754715E-01 -0.000000E+00
    outer loop
      vertex -6.738953E+01 2.246005E+01 -8.308167E+01
      vertex -6.755849E+01 2.270015E+01 -8.308167E+01
      vertex -6.738953E+01 2.246005E+01 -8.148167E+01
    endloop
  endfacet
  facet normal 9.330771E-01 3.596764E-01 0.000000E+00
    outer loop
      vertex -6.755849E+01 2.270015E+01 -8.148167E+01
      vertex -6.766409E+01 2.297410E+01 -8.308167E+01
      vertex -6.766409E+01 2.297410E+01 -8.148167E+01
    endloop
  endfacet
  facet normal 9.330771E-01 3.596764E-01 -0.000000E+00
    outer loop
      vertex -6.755849E+01 2.270015E+01 -8.308167E+01
      vertex -6.766409E+01 2.297410E+01 -8.308167E+01
      vertex -6.755849E+01 2.270015E+01 -8.148167E+01
    endloop
  endfacet
  facet normal 9.924909E-01 1.223179E-01 0.000000E+00
    outer loop
      vertex -6.766409E+01 2.297410E+01 -8.148167E+01
      vertex -6.770000E+01 2.326548E+01 -8.308167E+01
      vertex -6.770000E+01 2.326548E+01 -8.148167E+01
    endloop
  endfacet
  facet normal 9.924909E-01 1.223179E-01 -0.000000E+00
    outer loop
      vertex -6.766409E+01 2.297410E+01 -8.308167E+01
      vertex -6.770000E+01 2.326548E+01 -8.308167E+01
      vertex -6.766409E+01 2.297410E+01 -8.148167E+01
    endloop
  endfacet
  facet normal -9.931604E-01 1.167582E-01 0.000000E+00
    outer loop
      vertex -2.300000E+00 2.326548E+01 -8.148167E+01
      vertex -2.332718E+00 2.298718E+01 -8.308167E+01
      vertex -2.332718E+00 2.298718E+01 -8.148167E+01
    endloop
  endfacet
  facet normal -9.931604E-01 1.167582E-01 0.000000E+00
    outer loop
      vertex -2.300000E+00 2.326548E+01 -8.308167E+01
      vertex -2.332718E+00 2.298718E+01 -8.308167E+01
      vertex -2.300000E+00 2.326548E+01 -8.148167E+01
    endloop
  endfacet
  facet normal -9.390025E-01 3.439103E-01 0.000000E+00
    outer loop
      vertex -2.332718E+00 2.298718E+01 -8.148167E+01
      vertex -2.429088E+00 2.272405E+01 -8.308167E+01
      vertex -2.429088E+00 2.272405E+01 -8.148167E+01
    endloop
  endfacet
  facet normal -9.390025E-01 3.439103E-01 0.000000E+00
    outer loop
      vertex -2.332718E+00 2.298718E+01 -8.308167E+01
      vertex -2.429088E+00 2.272405E+01 -8.308167E+01
      vertex -2.332718E+00 2.298718E+01 -8.148167E+01
    endloop
  endfacet
  facet normal -8.336428E-01 5.523039E-01 0.000000E+00
    outer loop
      vertex -2.429088E+00 2.272405E+01 -8.148167E+01
      vertex -2.583856E+00 2.249045E+01 -8.308167E+01
      vertex -2.583856E+00 2.249045E+01 -8.148167E+01
    endloop
  endfacet
  facet normal -8.336428E-01 5.523039E-01 0.000000E+00
    outer loop
      vertex -2.429088E+00 2.272405E+01 -8.308167E+01
      vertex -2.583856E+00 2.249045E+01 -8.308167E+01
      vertex -2.429088E+00 2.272405E+01 -8.148167E+01
    endloop
  endfacet
  facet normal -6.828201E-01 7.305865E-01 0.000000E+00
    outer loop
      vertex -2.583856E+00 2.249045E+01 -8.148167E+01
      vertex -2.788580E+00 2.229911E+01 -8.308167E+01
      vertex -2.788580E+00 2.229911E+01 -8.148167E+01
    endloop
  endfacet
  facet normal -6.828201E-01 7.305865E-01 0.000000E+00
    outer loop
      vertex -2.583856E+00 2.249045E+01 -8.308167E+01
      vertex -2.788580E+00 2.229911E+01 -8.308167E+01
      vertex -2.583856E+00 2.249045E+01 -8.148167E+01
    endloop
  endfacet
  facet normal -4.947709E-01 8.690234E-01 0.000000E+00
    outer loop
      vertex -2.788580E+00 2.229911E+01 -8.148167E+01
      vertex -3.032099E+00 2.216046E+01 -8.308167E+01
      vertex -3.032099E+00 2.216046E+01 -8.148167E+01
    endloop
  endfacet
  facet normal -4.947709E-01 8.690234E-01 0.000000E+00
    outer loop
      vertex -2.788580E+00 2.229911E+01 -8.308167E+01
      vertex -3.032099E+00 2.216046E+01 -8.308167E+01
      vertex -2.788580E+00 2.229911E+01 -8.148167E+01
    endloop
  endfacet
  facet normal -2.797310E-01 9.600784E-01 0.000000E+00
    outer loop
      vertex -3.032099E+00 2.216046E+01 -8.148167E+01
      vertex -3.301132E+00 2.208208E+01 -8.308167E+01
      vertex -3.301132E+00 2.208208E+01 -8.148167E+01
    endloop
  endfacet
  facet normal -2.797310E-01 9.600784E-01 0.000000E+00
    outer loop
      vertex -3.032099E+00 2.216046E+01 -8.308167E+01
      vertex -3.301132E+00 2.208208E+01 -8.308167E+01
      vertex -3.032099E+00 2.216046E+01 -8.148167E+01
    endloop
  endfacet
  facet normal -4.944995E-02 9.987766E-01 0.000000E+00
    outer loop
      vertex -3.301132E+00 2.208208E+01 -8.148167E+01
      vertex -3.581010E+00 2.206822E+01 -8.308167E+01
      vertex -3.581010E+00 2.206822E+01 -8.148167E+01
    endloop
  endfacet
  facet normal -4.944995E-02 9.987766E-01 0.000000E+00
    outer loop
      vertex -3.301132E+00 2.208208E+01 -8.308167E+01
      vertex -3.581010E+00 2.206822E+01 -8.308167E+01
      vertex -3.301132E+00 2.208208E+01 -8.148167E+01
    endloop
  endfacet
  facet normal 1.835400E-01 9.830122E-01 0.000000E+00
    outer loop
      vertex -3.581010E+00 2.206822E+01 -8.148167E+01
      vertex -3.856470E+00 2.211965E+01 -8.308167E+01
      vertex -3.856470E+00 2.211965E+01 -8.148167E+01
    endloop
  endfacet
  facet normal 1.835400E-01 9.830122E-01 -0.000000E+00
    outer loop
      vertex -3.581010E+00 2.206822E+01 -8.308167E+01
      vertex -3.856470E+00 2.211965E+01 -8.308167E+01
      vertex -3.581010E+00 2.206822E+01 -8.148167E+01
    endloop
  endfacet
  facet normal 4.065171E-01 9.136432E-01 0.000000E+00
    outer loop
      vertex -3.856470E+00 2.211965E+01 -8.148167E+01
      vertex -4.112492E+00 2.223357E+01 -8.308167E+01
      vertex -4.112492E+00 2.223357E+01 -8.148167E+01
    endloop
  endfacet
  facet normal 6.073207E-01 7.944568E-01 0.000000E+00
    outer loop
      vertex -4.112492E+00 2.223357E+01 -8.148167E+01
      vertex -4.112492E+00 2.223357E+01 -8.308167E+01
      vertex -4.335114E+00 2.240375E+01 -8.148167E+01
    endloop
  endfacet
  facet normal 4.065171E-01 9.136432E-01 -0.000000E+00
    outer loop
      vertex -3.856470E+00 2.211965E+01 -8.308167E+01
      vertex -4.112492E+00 2.223357E+01 -8.308167E+01
      vertex -3.856470E+00 2.211965E+01 -8.148167E+01
    endloop
  endfacet
  facet normal 7.642302E-01 6.449435E-01 0.000000E+00
    outer loop
      vertex -4.335114E+00 2.240375E+01 -8.148167E+01
      vertex -4.335114E+00 2.240375E+01 -8.308167E+01
      vertex -4.489851E+00 2.258711E+01 -8.148167E+01
    endloop
  endfacet
  facet normal 6.073207E-01 7.944568E-01 0.000000E+00
    outer loop
      vertex -4.112492E+00 2.223357E+01 -8.308167E+01
      vertex -4.335114E+00 2.240375E+01 -8.308167E+01
      vertex -4.335114E+00 2.240375E+01 -8.148167E+01
    endloop
  endfacet
  facet normal 8.772587E-01 4.800179E-01 0.000000E+00
    outer loop
      vertex -4.489851E+00 2.258711E+01 -8.148167E+01
      vertex -4.489851E+00 2.258711E+01 -8.308167E+01
      vertex -4.605020E+00 2.279758E+01 -8.148167E+01
    endloop
  endfacet
  facet normal 7.642302E-01 6.449435E-01 0.000000E+00
    outer loop
      vertex -4.335114E+00 2.240375E+01 -8.308167E+01
      vertex -4.489851E+00 2.258711E+01 -8.308167E+01
      vertex -4.489851E+00 2.258711E+01 -8.148167E+01
    endloop
  endfacet
  facet normal 9.552161E-01 2.959094E-01 0.000000E+00
    outer loop
      vertex -4.605020E+00 2.279758E+01 -8.148167E+01
      vertex -4.605020E+00 2.279758E+01 -8.308167E+01
      vertex -4.676015E+00 2.302676E+01 -8.148167E+01
    endloop
  endfacet
  facet normal 8.772587E-01 4.800179E-01 0.000000E+00
    outer loop
      vertex -4.489851E+00 2.258711E+01 -8.308167E+01
      vertex -4.605020E+00 2.279758E+01 -8.308167E+01
      vertex -4.605020E+00 2.279758E+01 -8.148167E+01
    endloop
  endfacet
  facet normal 9.949908E-01 9.996692E-02 0.000000E+00
    outer loop
      vertex -4.676015E+00 2.302676E+01 -8.148167E+01
      vertex -4.676015E+00 2.302676E+01 -8.308167E+01
      vertex -4.700000E+00 2.326548E+01 -8.148167E+01
    endloop
  endfacet
  facet normal 9.552161E-01 2.959094E-01 0.000000E+00
    outer loop
      vertex -4.605020E+00 2.279758E+01 -8.308167E+01
      vertex -4.676015E+00 2.302676E+01 -8.308167E+01
      vertex -4.676015E+00 2.302676E+01 -8.148167E+01
    endloop
  endfacet
  facet normal 9.949908E-01 9.996692E-02 0.000000E+00
    outer loop
      vertex -4.676015E+00 2.302676E+01 -8.308167E+01
      vertex -4.700000E+00 2.326548E+01 -8.308167E+01
      vertex -4.700000E+00 2.326548E+01 -8.148167E+01
    endloop
  endfacet
  facet normal -9.937122E-01 1.119646E-01 0.000000E+00
    outer loop
      vertex -2.300000E+00 4.976548E+01 -8.148167E+01
      vertex -2.330086E+00 4.949846E+01 -8.308167E+01
      vertex -2.330086E+00 4.949846E+01 -8.148167E+01
    endloop
  endfacet
  facet normal -9.937122E-01 1.119646E-01 0.000000E+00
    outer loop
      vertex -2.300000E+00 4.976548E+01 -8.308167E+01
      vertex -2.330086E+00 4.949846E+01 -8.308167E+01
      vertex -2.300000E+00 4.976548E+01 -8.148167E+01
    endloop
  endfacet
  facet normal -9.438834E-01 3.302790E-01 0.000000E+00
    outer loop
      vertex -2.330086E+00 4.949846E+01 -8.148167E+01
      vertex -2.418837E+00 4.924482E+01 -8.308167E+01
      vertex -2.418837E+00 4.924482E+01 -8.148167E+01
    endloop
  endfacet
  facet normal -9.438834E-01 3.302790E-01 0.000000E+00
    outer loop
      vertex -2.330086E+00 4.949846E+01 -8.308167E+01
      vertex -2.418837E+00 4.924482E+01 -8.308167E+01
      vertex -2.330086E+00 4.949846E+01 -8.148167E+01
    endloop
  endfacet
  facet normal -8.467246E-01 5.320314E-01 0.000000E+00
    outer loop
      vertex -2.418837E+00 4.924482E+01 -8.148167E+01
      vertex -2.561802E+00 4.901730E+01 -8.308167E+01
      vertex -2.561802E+00 4.901730E+01 -8.148167E+01
    endloop
  endfacet
  facet normal -8.467246E-01 5.320314E-01 0.000000E+00
    outer loop
      vertex -2.418837E+00 4.924482E+01 -8.308167E+01
      vertex -2.561802E+00 4.901730E+01 -8.308167E+01
      vertex -2.418837E+00 4.924482E+01 -8.148167E+01
    endloop
  endfacet
  facet normal -7.071068E-01 7.071068E-01 0.000000E+00
    outer loop
      vertex -2.561802E+00 4.901730E+01 -8.148167E+01
      vertex -2.751812E+00 4.882729E+01 -8.308167E+01
      vertex -2.751812E+00 4.882729E+01 -8.148167E+01
    endloop
  endfacet
  facet normal -7.071068E-01 7.071068E-01 0.000000E+00
    outer loop
      vertex -2.561802E+00 4.901730E+01 -8.308167E+01
      vertex -2.751812E+00 4.882729E+01 -8.308167E+01
      vertex -2.561802E+00 4.901730E+01 -8.148167E+01
    endloop
  endfacet
  facet normal -5.320280E-01 8.467267E-01 0.000000E+00
    outer loop
      vertex -2.751812E+00 4.882729E+01 -8.148167E+01
      vertex -2.979340E+00 4.868432E+01 -8.308167E+01
      vertex -2.979340E+00 4.868432E+01 -8.148167E+01
    endloop
  endfacet
  facet normal -5.320280E-01 8.467267E-01 0.000000E+00
    outer loop
      vertex -2.751812E+00 4.882729E+01 -8.308167E+01
      vertex -2.979340E+00 4.868432E+01 -8.308167E+01
      vertex -2.751812E+00 4.882729E+01 -8.148167E+01
    endloop
  endfacet
  facet normal -3.302856E-01 9.438810E-01 0.000000E+00
    outer loop
      vertex -2.979340E+00 4.868432E+01 -8.148167E+01
      vertex -3.232975E+00 4.859557E+01 -8.308167E+01
      vertex -3.232975E+00 4.859557E+01 -8.148167E+01
    endloop
  endfacet
  facet normal -3.302856E-01 9.438810E-01 0.000000E+00
    outer loop
      vertex -2.979340E+00 4.868432E+01 -8.308167E+01
      vertex -3.232975E+00 4.859557E+01 -8.308167E+01
      vertex -2.979340E+00 4.868432E+01 -8.148167E+01
    endloop
  endfacet
  facet normal -1.119645E-01 9.937122E-01 0.000000E+00
    outer loop
      vertex -3.232975E+00 4.859557E+01 -8.148167E+01
      vertex -3.500000E+00 4.856548E+01 -8.308167E+01
      vertex -3.500000E+00 4.856548E+01 -8.148167E+01
    endloop
  endfacet
  facet normal -1.119645E-01 9.937122E-01 0.000000E+00
    outer loop
      vertex -3.232975E+00 4.859557E+01 -8.308167E+01
      vertex -3.500000E+00 4.856548E+01 -8.308167E+01
      vertex -3.232975E+00 4.859557E+01 -8.148167E+01
    endloop
  endfacet
  facet normal 1.119645E-01 9.937122E-01 0.000000E+00
    outer loop
      vertex -3.500000E+00 4.856548E+01 -8.148167E+01
      vertex -3.767025E+00 4.859557E+01 -8.308167E+01
      vertex -3.767025E+00 4.859557E+01 -8.148167E+01
    endloop
  endfacet
  facet normal 1.119645E-01 9.937122E-01 -0.000000E+00
    outer loop
      vertex -3.500000E+00 4.856548E+01 -8.308167E+01
      vertex -3.767025E+00 4.859557E+01 -8.308167E+01
      vertex -3.500000E+00 4.856548E+01 -8.148167E+01
    endloop
  endfacet
  facet normal 3.302856E-01 9.438810E-01 0.000000E+00
    outer loop
      vertex -3.767025E+00 4.859557E+01 -8.148167E+01
      vertex -4.020660E+00 4.868432E+01 -8.308167E+01
      vertex -4.020660E+00 4.868432E+01 -8.148167E+01
    endloop
  endfacet
  facet normal 3.302856E-01 9.438810E-01 -0.000000E+00
    outer loop
      vertex -3.767025E+00 4.859557E+01 -8.308167E+01
      vertex -4.020660E+00 4.868432E+01 -8.308167E+01
      vertex -3.767025E+00 4.859557E+01 -8.148167E+01
    endloop
  endfacet
  facet normal 5.320284E-01 8.467265E-01 0.000000E+00
    outer loop
      vertex -4.020660E+00 4.868432E+01 -8.148167E+01
      vertex -4.248188E+00 4.882729E+01 -8.308167E+01
      vertex -4.248188E+00 4.882729E+01 -8.148167E+01
    endloop
  endfacet
  facet normal 5.320284E-01 8.467265E-01 -0.000000E+00
    outer loop
      vertex -4.020660E+00 4.868432E+01 -8.308167E+01
      vertex -4.248188E+00 4.882729E+01 -8.308167E+01
      vertex -4.020660E+00 4.868432E+01 -8.148167E+01
    endloop
  endfacet
  facet normal 7.071068E-01 7.071068E-01 0.000000E+00
    outer loop
      vertex -4.248188E+00 4.882729E+01 -8.148167E+01
      vertex -4.438198E+00 4.901730E+01 -8.308167E+01
      vertex -4.438198E+00 4.901730E+01 -8.148167E+01
    endloop
  endfacet
  facet normal 7.071068E-01 7.071068E-01 -0.000000E+00
    outer loop
      vertex -4.248188E+00 4.882729E+01 -8.308167E+01
      vertex -4.438198E+00 4.901730E+01 -8.308167E+01
      vertex -4.248188E+00 4.882729E+01 -8.148167E+01
    endloop
  endfacet
  facet normal 8.467246E-01 5.320314E-01 0.000000E+00
    outer loop
      vertex -4.438198E+00 4.901730E+01 -8.148167E+01
      vertex -4.581162E+00 4.924482E+01 -8.308167E+01
      vertex -4.581162E+00 4.924482E+01 -8.148167E+01
    endloop
  endfacet
  facet normal 8.467246E-01 5.320314E-01 -0.000000E+00
    outer loop
      vertex -4.438198E+00 4.901730E+01 -8.308167E+01
      vertex -4.581162E+00 4.924482E+01 -8.308167E+01
      vertex -4.438198E+00 4.901730E+01 -8.148167E+01
    endloop
  endfacet
  facet normal 9.438834E-01 3.302790E-01 0.000000E+00
    outer loop
      vertex -4.581162E+00 4.924482E+01 -8.148167E+01
      vertex -4.669913E+00 4.949846E+01 -8.308167E+01
      vertex -4.669913E+00 4.949846E+01 -8.148167E+01
    endloop
  endfacet
  facet normal 9.438834E-01 3.302790E-01 -0.000000E+00
    outer loop
      vertex -4.581162E+00 4.924482E+01 -8.308167E+01
      vertex -4.669913E+00 4.949846E+01 -8.308167E+01
      vertex -4.581162E+00 4.924482E+01 -8.148167E+01
    endloop
  endfacet
  facet normal 9.937122E-01 1.119646E-01 0.000000E+00
    outer loop
      vertex -4.669913E+00 4.949846E+01 -8.148167E+01
      vertex -4.700000E+00 4.976548E+01 -8.308167E+01
      vertex -4.700000E+00 4.976548E+01 -8.148167E+01
    endloop
  endfacet
  facet normal 9.937122E-01 1.119646E-01 -0.000000E+00
    outer loop
      vertex -4.669913E+00 4.949846E+01 -8.308167E+01
      vertex -4.700000E+00 4.976548E+01 -8.308167E+01
      vertex -4.669913E+00 4.949846E+01 -8.148167E+01
    endloop
  endfacet
  facet normal 9.927089E-01 1.205363E-01 -0.000000E+00
    outer loop
      vertex -5.700000E+00 4.976548E+01 -8.448167E+01
      vertex -5.700000E+00 4.976548E+01 -8.308167E+01
      vertex -5.636072E+00 4.923899E+01 -8.448167E+01
    endloop
  endfacet
  facet normal 9.350168E-01 3.546034E-01 -0.000000E+00
    outer loop
      vertex -5.636072E+00 4.923899E+01 -8.448167E+01
      vertex -5.636072E+00 4.923899E+01 -8.308167E+01
      vertex -5.448003E+00 4.874309E+01 -8.448167E+01
    endloop
  endfacet
  facet normal 9.927089E-01 1.205363E-01 0.000000E+00
    outer loop
      vertex -5.700000E+00 4.976548E+01 -8.308167E+01
      vertex -5.636072E+00 4.923899E+01 -8.308167E+01
      vertex -5.636072E+00 4.923899E+01 -8.448167E+01
    endloop
  endfacet
  facet normal 8.229832E-01 5.680657E-01 -0.000000E+00
    outer loop
      vertex -5.448003E+00 4.874309E+01 -8.448167E+01
      vertex -5.448003E+00 4.874309E+01 -8.308167E+01
      vertex -5.146724E+00 4.830661E+01 -8.448167E+01
    endloop
  endfacet
  facet normal 9.350168E-01 3.546034E-01 0.000000E+00
    outer loop
      vertex -5.636072E+00 4.923899E+01 -8.308167E+01
      vertex -5.448003E+00 4.874309E+01 -8.308167E+01
      vertex -5.448003E+00 4.874309E+01 -8.448167E+01
    endloop
  endfacet
  facet normal 6.631241E-01 7.485095E-01 -0.000000E+00
    outer loop
      vertex -5.146724E+00 4.830661E+01 -8.448167E+01
      vertex -5.146724E+00 4.830661E+01 -8.308167E+01
      vertex -4.749743E+00 4.795492E+01 -8.448167E+01
    endloop
  endfacet
  facet normal 8.229832E-01 5.680657E-01 0.000000E+00
    outer loop
      vertex -5.448003E+00 4.874309E+01 -8.308167E+01
      vertex -5.146724E+00 4.830661E+01 -8.308167E+01
      vertex -5.146724E+00 4.830661E+01 -8.448167E+01
    endloop
  endfacet
  facet normal 4.647235E-01 8.854558E-01 -0.000000E+00
    outer loop
      vertex -4.749743E+00 4.795492E+01 -8.448167E+01
      vertex -4.749743E+00 4.795492E+01 -8.308167E+01
      vertex -4.280131E+00 4.770845E+01 -8.448167E+01
    endloop
  endfacet
  facet normal 6.631241E-01 7.485095E-01 0.000000E+00
    outer loop
      vertex -5.146724E+00 4.830661E+01 -8.308167E+01
      vertex -4.749743E+00 4.795492E+01 -8.308167E+01
      vertex -4.749743E+00 4.795492E+01 -8.448167E+01
    endloop
  endfacet
  facet normal 2.393135E-01 9.709423E-01 -0.000000E+00
    outer loop
      vertex -4.280131E+00 4.770845E+01 -8.448167E+01
      vertex -4.280131E+00 4.770845E+01 -8.308167E+01
      vertex -3.765181E+00 4.758152E+01 -8.448167E+01
    endloop
  endfacet
  facet normal 4.647235E-01 8.854558E-01 0.000000E+00
    outer loop
      vertex -4.749743E+00 4.795492E+01 -8.308167E+01
      vertex -4.280131E+00 4.770845E+01 -8.308167E+01
      vertex -4.280131E+00 4.770845E+01 -8.448167E+01
    endloop
  endfacet
  facet normal 0.000000E+00 1.000000E+00 0.000000E+00
    outer loop
      vertex -3.765181E+00 4.758152E+01 -8.448167E+01
      vertex -3.765181E+00 4.758152E+01 -8.308167E+01
      vertex -3.234819E+00 4.758152E+01 -8.448167E+01
    endloop
  endfacet
  facet normal 2.393135E-01 9.709423E-01 0.000000E+00
    outer loop
      vertex -4.280131E+00 4.770845E+01 -8.308167E+01
      vertex -3.765181E+00 4.758152E+01 -8.308167E+01
      vertex -3.765181E+00 4.758152E+01 -8.448167E+01
    endloop
  endfacet
  facet normal -2.393135E-01 9.709423E-01 0.000000E+00
    outer loop
      vertex -3.234819E+00 4.758152E+01 -8.448167E+01
      vertex -3.234819E+00 4.758152E+01 -8.308167E+01
      vertex -2.719869E+00 4.770845E+01 -8.448167E+01
    endloop
  endfacet
  facet normal -0.000000E+00 1.000000E+00 0.000000E+00
    outer loop
      vertex -3.765181E+00 4.758152E+01 -8.308167E+01
      vertex -3.234819E+00 4.758152E+01 -8.308167E+01
      vertex -3.234819E+00 4.758152E+01 -8.448167E+01
    endloop
  endfacet
  facet normal -4.647235E-01 8.854558E-01 0.000000E+00
    outer loop
      vertex -2.719869E+00 4.770845E+01 -8.448167E+01
      vertex -2.719869E+00 4.770845E+01 -8.308167E+01
      vertex -2.250257E+00 4.795492E+01 -8.448167E+01
    endloop
  endfacet
  facet normal -2.393135E-01 9.709423E-01 0.000000E+00
    outer loop
      vertex -3.234819E+00 4.758152E+01 -8.308167E+01
      vertex -2.719869E+00 4.770845E+01 -8.308167E+01
      vertex -2.719869E+00 4.770845E+01 -8.448167E+01
    endloop
  endfacet
  facet normal -6.631241E-01 7.485094E-01 0.000000E+00
    outer loop
      vertex -2.250257E+00 4.795492E+01 -8.448167E+01
      vertex -2.250257E+00 4.795492E+01 -8.308167E+01
      vertex -1.853276E+00 4.830661E+01 -8.448167E+01
    endloop
  endfacet
  facet normal -4.647235E-01 8.854558E-01 0.000000E+00
    outer loop
      vertex -2.719869E+00 4.770845E+01 -8.308167E+01
      vertex -2.250257E+00 4.795492E+01 -8.308167E+01
      vertex -2.250257E+00 4.795492E+01 -8.448167E+01
    endloop
  endfacet
  facet normal -8.229830E-01 5.680659E-01 0.000000E+00
    outer loop
      vertex -1.853276E+00 4.830661E+01 -8.448167E+01
      vertex -1.853276E+00 4.830661E+01 -8.308167E+01
      vertex -1.551997E+00 4.874309E+01 -8.448167E+01
    endloop
  endfacet
  facet normal -6.631241E-01 7.485094E-01 0.000000E+00
    outer loop
      vertex -2.250257E+00 4.795492E+01 -8.308167E+01
      vertex -1.853276E+00 4.830661E+01 -8.308167E+01
      vertex -1.853276E+00 4.830661E+01 -8.448167E+01
    endloop
  endfacet
  facet normal -9.350169E-01 3.546032E-01 0.000000E+00
    outer loop
      vertex -1.551997E+00 4.874309E+01 -8.448167E+01
      vertex -1.551997E+00 4.874309E+01 -8.308167E+01
      vertex -1.363928E+00 4.923899E+01 -8.448167E+01
    endloop
  endfacet
  facet normal -8.229830E-01 5.680659E-01 0.000000E+00
    outer loop
      vertex -1.853276E+00 4.830661E+01 -8.308167E+01
      vertex -1.551997E+00 4.874309E+01 -8.308167E+01
      vertex -1.551997E+00 4.874309E+01 -8.448167E+01
    endloop
  endfacet
  facet normal -9.927089E-01 1.205370E-01 0.000000E+00
    outer loop
      vertex -1.363928E+00 4.923899E+01 -8.448167E+01
      vertex -1.363928E+00 4.923899E+01 -8.308167E+01
      vertex -1.300000E+00 4.976548E+01 -8.448167E+01
    endloop
  endfacet
  facet normal -9.350169E-01 3.546032E-01 0.000000E+00
    outer loop
      vertex -1.551997E+00 4.874309E+01 -8.308167E+01
      vertex -1.363928E+00 4.923899E+01 -8.308167E+01
      vertex -1.363928E+00 4.923899E+01 -8.448167E+01
    endloop
  endfacet
  facet normal -9.927089E-01 1.205370E-01 0.000000E+00
    outer loop
      vertex -1.363928E+00 4.923899E+01 -8.308167E+01
      vertex -1.300000E+00 4.976548E+01 -8.308167E+01
      vertex -1.300000E+00 4.976548E+01 -8.448167E+01
    endloop
  endfacet
  facet normal 9.927092E-01 1.205341E-01 -0.000000E+00
    outer loop
      vertex -6.870000E+01 2.326548E+01 -8.448167E+01
      vertex -6.870000E+01 2.326548E+01 -8.308167E+01
      vertex -6.863607E+01 2.273899E+01 -8.448167E+01
    endloop
  endfacet
  facet normal 9.350191E-01 3.545976E-01 -0.000000E+00
    outer loop
      vertex -6.863607E+01 2.273899E+01 -8.448167E+01
      vertex -6.863607E+01 2.273899E+01 -8.308167E+01
      vertex -6.844801E+01 2.224309E+01 -8.448167E+01
    endloop
  endfacet
  facet normal 9.927092E-01 1.205341E-01 0.000000E+00
    outer loop
      vertex -6.870000E+01 2.326548E+01 -8.308167E+01
      vertex -6.863607E+01 2.273899E+01 -8.308167E+01
      vertex -6.863607E+01 2.273899E+01 -8.448167E+01
    endloop
  endfacet
  facet normal 8.229786E-01 5.680724E-01 -0.000000E+00
    outer loop
      vertex -6.844801E+01 2.224309E+01 -8.448167E+01
      vertex -6.844801E+01 2.224309E+01 -8.308167E+01
      vertex -6.814672E+01 2.180661E+01 -8.448167E+01
    endloop
  endfacet
  facet normal 9.350191E-01 3.545976E-01 0.000000E+00
    outer loop
      vertex -6.863607E+01 2.273899E+01 -8.308167E+01
      vertex -6.844801E+01 2.224309E+01 -8.308167E+01
      vertex -6.844801E+01 2.224309E+01 -8.448167E+01
    endloop
  endfacet
  facet normal 6.631229E-01 7.485105E-01 -0.000000E+00
    outer loop
      vertex -6.814672E+01 2.180661E+01 -8.448167E+01
      vertex -6.814672E+01 2.180661E+01 -8.308167E+01
      vertex -6.774974E+01 2.145492E+01 -8.448167E+01
    endloop
  endfacet
  facet normal 8.229786E-01 5.680724E-01 0.000000E+00
    outer loop
      vertex -6.844801E+01 2.224309E+01 -8.308167E+01
      vertex -6.814672E+01 2.180661E+01 -8.308167E+01
      vertex -6.814672E+01 2.180661E+01 -8.448167E+01
    endloop
  endfacet
  facet normal 4.647231E-01 8.854561E-01 -0.000000E+00
    outer loop
      vertex -6.774974E+01 2.145492E+01 -8.448167E+01
      vertex -6.774974E+01 2.145492E+01 -8.308167E+01
      vertex -6.728013E+01 2.120845E+01 -8.448167E+01
    endloop
  endfacet
  facet normal 6.631229E-01 7.485105E-01 0.000000E+00
    outer loop
      vertex -6.814672E+01 2.180661E+01 -8.308167E+01
      vertex -6.774974E+01 2.145492E+01 -8.308167E+01
      vertex -6.774974E+01 2.145492E+01 -8.448167E+01
    endloop
  endfacet
  facet normal 2.393187E-01 9.709411E-01 -0.000000E+00
    outer loop
      vertex -6.728013E+01 2.120845E+01 -8.448167E+01
      vertex -6.728013E+01 2.120845E+01 -8.308167E+01
      vertex -6.676518E+01 2.108152E+01 -8.448167E+01
    endloop
  endfacet
  facet normal 4.647231E-01 8.854561E-01 0.000000E+00
    outer loop
      vertex -6.774974E+01 2.145492E+01 -8.308167E+01
      vertex -6.728013E+01 2.120845E+01 -8.308167E+01
      vertex -6.728013E+01 2.120845E+01 -8.448167E+01
    endloop
  endfacet
  facet normal 0.000000E+00 1.000000E+00 0.000000E+00
    outer loop
      vertex -6.676518E+01 2.108152E+01 -8.448167E+01
      vertex -6.676518E+01 2.108152E+01 -8.308167E+01
      vertex -6.623482E+01 2.108152E+01 -8.448167E+01
    endloop
  endfacet
  facet normal 2.393187E-01 9.709411E-01 0.000000E+00
    outer loop
      vertex -6.728013E+01 2.120845E+01 -8.308167E+01
      vertex -6.676518E+01 2.108152E+01 -8.308167E+01
      vertex -6.676518E+01 2.108152E+01 -8.448167E+01
    endloop
  endfacet
  facet normal -2.393187E-01 9.709411E-01 0.000000E+00
    outer loop
      vertex -6.623482E+01 2.108152E+01 -8.448167E+01
      vertex -6.623482E+01 2.108152E+01 -8.308167E+01
      vertex -6.571987E+01 2.120845E+01 -8.448167E+01
    endloop
  endfacet
  facet normal -0.000000E+00 1.000000E+00 0.000000E+00
    outer loop
      vertex -6.676518E+01 2.108152E+01 -8.308167E+01
      vertex -6.623482E+01 2.108152E+01 -8.308167E+01
      vertex -6.623482E+01 2.108152E+01 -8.448167E+01
    endloop
  endfacet
  facet normal -4.647231E-01 8.854561E-01 0.000000E+00
    outer loop
      vertex -6.571987E+01 2.120845E+01 -8.448167E+01
      vertex -6.571987E+01 2.120845E+01 -8.308167E+01
      vertex -6.525026E+01 2.145492E+01 -8.448167E+01
    endloop
  endfacet
  facet normal -2.393187E-01 9.709411E-01 0.000000E+00
    outer loop
      vertex -6.623482E+01 2.108152E+01 -8.308167E+01
      vertex -6.571987E+01 2.120845E+01 -8.308167E+01
      vertex -6.571987E+01 2.120845E+01 -8.448167E+01
    endloop
  endfacet
  facet normal -6.631229E-01 7.485105E-01 0.000000E+00
    outer loop
      vertex -6.525026E+01 2.145492E+01 -8.448167E+01
      vertex -6.525026E+01 2.145492E+01 -8.308167E+01
      vertex -6.485328E+01 2.180661E+01 -8.448167E+01
    endloop
  endfacet
  facet normal -4.647231E-01 8.854561E-01 0.000000E+00
    outer loop
      vertex -6.571987E+01 2.120845E+01 -8.308167E+01
      vertex -6.525026E+01 2.145492E+01 -8.308167E+01
      vertex -6.525026E+01 2.145492E+01 -8.448167E+01
    endloop
  endfacet
  facet normal -8.229786E-01 5.680724E-01 0.000000E+00
    outer loop
      vertex -6.485328E+01 2.180661E+01 -8.448167E+01
      vertex -6.485328E+01 2.180661E+01 -8.308167E+01
      vertex -6.455199E+01 2.224309E+01 -8.448167E+01
    endloop
  endfacet
  facet normal -6.631229E-01 7.485105E-01 0.000000E+00
    outer loop
      vertex -6.525026E+01 2.145492E+01 -8.308167E+01
      vertex -6.485328E+01 2.180661E+01 -8.308167E+01
      vertex -6.485328E+01 2.180661E+01 -8.448167E+01
    endloop
  endfacet
  facet normal -9.350191E-01 3.545976E-01 0.000000E+00
    outer loop
      vertex -6.455199E+01 2.224309E+01 -8.448167E+01
      vertex -6.455199E+01 2.224309E+01 -8.308167E+01
      vertex -6.436393E+01 2.273899E+01 -8.448167E+01
    endloop
  endfacet
  facet normal -8.229786E-01 5.680724E-01 0.000000E+00
    outer loop
      vertex -6.485328E+01 2.180661E+01 -8.308167E+01
      vertex -6.455199E+01 2.224309E+01 -8.308167E+01
      vertex -6.455199E+01 2.224309E+01 -8.448167E+01
    endloop
  endfacet
  facet normal -9.927092E-01 1.205341E-01 0.000000E+00
    outer loop
      vertex -6.436393E+01 2.273899E+01 -8.448167E+01
      vertex -6.436393E+01 2.273899E+01 -8.308167E+01
      vertex -6.430000E+01 2.326548E+01 -8.448167E+01
    endloop
  endfacet
  facet normal -9.350191E-01 3.545976E-01 0.000000E+00
    outer loop
      vertex -6.455199E+01 2.224309E+01 -8.308167E+01
      vertex -6.436393E+01 2.273899E+01 -8.308167E+01
      vertex -6.436393E+01 2.273899E+01 -8.448167E+01
    endloop
  endfacet
  facet normal -9.927092E-01 1.205341E-01 0.000000E+00
    outer loop
      vertex -6.436393E+01 2.273899E+01 -8.308167E+01
      vertex -6.430000E+01 2.326548E+01 -8.308167E+01
      vertex -6.430000E+01 2.326548E+01 -8.448167E+01
    endloop
  endfacet
  facet normal 9.927092E-01 1.205346E-01 -0.000000E+00
    outer loop
      vertex -6.870000E+01 4.976548E+01 -8.448167E+01
      vertex -6.870000E+01 4.976548E+01 -8.308167E+01
      vertex -6.863607E+01 4.923899E+01 -8.448167E+01
    endloop
  endfacet
  facet normal 9.350194E-01 3.545963E-01 -0.000000E+00
    outer loop
      vertex -6.863607E+01 4.923899E+01 -8.448167E+01
      vertex -6.863607E+01 4.923899E+01 -8.308167E+01
      vertex -6.844801E+01 4.874309E+01 -8.448167E+01
    endloop
  endfacet
  facet normal 9.927092E-01 1.205346E-01 0.000000E+00
    outer loop
      vertex -6.870000E+01 4.976548E+01 -8.308167E+01
      vertex -6.863607E+01 4.923899E+01 -8.308167E+01
      vertex -6.863607E+01 4.923899E+01 -8.448167E+01
    endloop
  endfacet
  facet normal 8.229786E-01 5.680724E-01 -0.000000E+00
    outer loop
      vertex -6.844801E+01 4.874309E+01 -8.448167E+01
      vertex -6.844801E+01 4.874309E+01 -8.308167E+01
      vertex -6.814672E+01 4.830661E+01 -8.448167E+01
    endloop
  endfacet
  facet normal 9.350194E-01 3.545963E-01 0.000000E+00
    outer loop
      vertex -6.863607E+01 4.923899E+01 -8.308167E+01
      vertex -6.844801E+01 4.874309E+01 -8.308167E+01
      vertex -6.844801E+01 4.874309E+01 -8.448167E+01
    endloop
  endfacet
  facet normal 6.631250E-01 7.485088E-01 -0.000000E+00
    outer loop
      vertex -6.814672E+01 4.830661E+01 -8.448167E+01
      vertex -6.814672E+01 4.830661E+01 -8.308167E+01
      vertex -6.774974E+01 4.795492E+01 -8.448167E+01
    endloop
  endfacet
  facet normal 8.229786E-01 5.680724E-01 0.000000E+00
    outer loop
      vertex -6.844801E+01 4.874309E+01 -8.308167E+01
      vertex -6.814672E+01 4.830661E+01 -8.308167E+01
      vertex -6.814672E+01 4.830661E+01 -8.448167E+01
    endloop
  endfacet
  facet normal 4.647231E-01 8.854561E-01 -0.000000E+00
    outer loop
      vertex -6.774974E+01 4.795492E+01 -8.448167E+01
      vertex -6.774974E+01 4.795492E+01 -8.308167E+01
      vertex -6.728013E+01 4.770845E+01 -8.448167E+01
    endloop
  endfacet
  facet normal 6.631250E-01 7.485088E-01 0.000000E+00
    outer loop
      vertex -6.814672E+01 4.830661E+01 -8.308167E+01
      vertex -6.774974E+01 4.795492E+01 -8.308167E+01
      vertex -6.774974E+01 4.795492E+01 -8.448167E+01
    endloop
  endfacet
  facet normal 2.393154E-01 9.709420E-01 -0.000000E+00
    outer loop
      vertex -6.728013E+01 4.770845E+01 -8.448167E+01
      vertex -6.728013E+01 4.770845E+01 -8.308167E+01
      vertex -6.676518E+01 4.758152E+01 -8.448167E+01
    endloop
  endfacet
  facet normal 4.647231E-01 8.854561E-01 0.000000E+00
    outer loop
      vertex -6.774974E+01 4.795492E+01 -8.308167E+01
      vertex -6.728013E+01 4.770845E+01 -8.308167E+01
      vertex -6.728013E+01 4.770845E+01 -8.448167E+01
    endloop
  endfacet
  facet normal 0.000000E+00 1.000000E+00 0.000000E+00
    outer loop
      vertex -6.676518E+01 4.758152E+01 -8.448167E+01
      vertex -6.676518E+01 4.758152E+01 -8.308167E+01
      vertex -6.623482E+01 4.758152E+01 -8.448167E+01
    endloop
  endfacet
  facet normal 2.393154E-01 9.709420E-01 0.000000E+00
    outer loop
      vertex -6.728013E+01 4.770845E+01 -8.308167E+01
      vertex -6.676518E+01 4.758152E+01 -8.308167E+01
      vertex -6.676518E+01 4.758152E+01 -8.448167E+01
    endloop
  endfacet
  facet normal -2.393154E-01 9.709420E-01 0.000000E+00
    outer loop
      vertex -6.623482E+01 4.758152E+01 -8.448167E+01
      vertex -6.623482E+01 4.758152E+01 -8.308167E+01
      vertex -6.571987E+01 4.770845E+01 -8.448167E+01
    endloop
  endfacet
  facet normal -0.000000E+00 1.000000E+00 0.000000E+00
    outer loop
      vertex -6.676518E+01 4.758152E+01 -8.308167E+01
      vertex -6.623482E+01 4.758152E+01 -8.308167E+01
      vertex -6.623482E+01 4.758152E+01 -8.448167E+01
    endloop
  endfacet
  facet normal -4.647231E-01 8.854561E-01 0.000000E+00
    outer loop
      vertex -6.571987E+01 4.770845E+01 -8.448167E+01
      vertex -6.571987E+01 4.770845E+01 -8.308167E+01
      vertex -6.525026E+01 4.795492E+01 -8.448167E+01
    endloop
  endfacet
  facet normal -2.393154E-01 9.709420E-01 0.000000E+00
    outer loop
      vertex -6.623482E+01 4.758152E+01 -8.308167E+01
      vertex -6.571987E+01 4.770845E+01 -8.308167E+01
      vertex -6.571987E+01 4.770845E+01 -8.448167E+01
    endloop
  endfacet
  facet normal -6.631250E-01 7.485088E-01 0.000000E+00
    outer loop
      vertex -6.525026E+01 4.795492E+01 -8.448167E+01
      vertex -6.525026E+01 4.795492E+01 -8.308167E+01
      vertex -6.485328E+01 4.830661E+01 -8.448167E+01
    endloop
  endfacet
  facet normal -4.647231E-01 8.854561E-01 0.000000E+00
    outer loop
      vertex -6.571987E+01 4.770845E+01 -8.308167E+01
      vertex -6.525026E+01 4.795492E+01 -8.308167E+01
      vertex -6.525026E+01 4.795492E+01 -8.448167E+01
    endloop
  endfacet
  facet normal -8.229786E-01 5.680724E-01 0.000000E+00
    outer loop
      vertex -6.485328E+01 4.830661E+01 -8.448167E+01
      vertex -6.485328E+01 4.830661E+01 -8.308167E+01
      vertex -6.455199E+01 4.874309E+01 -8.448167E+01
    endloop
  endfacet
  facet normal -6.631250E-01 7.485088E-01 0.000000E+00
    outer loop
      vertex -6.525026E+01 4.795492E+01 -8.308167E+01
      vertex -6.485328E+01 4.830661E+01 -8.308167E+01
      vertex -6.485328E+01 4.830661E+01 -8.448167E+01
    endloop
  endfacet
  facet normal -9.350194E-01 3.545963E-01 0.000000E+00
    outer loop
      vertex -6.455199E+01 4.874309E+01 -8.448167E+01
      vertex -6.455199E+01 4.874309E+01 -8.308167E+01
      vertex -6.436393E+01 4.923899E+01 -8.448167E+01
    endloop
  endfacet
  facet normal -8.229786E-01 5.680724E-01 0.000000E+00
    outer loop
      vertex -6.485328E+01 4.830661E+01 -8.308167E+01
      vertex -6.455199E+01 4.874309E+01 -8.308167E+01
      vertex -6.455199E+01 4.874309E+01 -8.448167E+01
    endloop
  endfacet
  facet normal -9.927092E-01 1.205346E-01 0.000000E+00
    outer loop
      vertex -6.436393E+01 4.923899E+01 -8.448167E+01
      vertex -6.436393E+01 4.923899E+01 -8.308167E+01
      vertex -6.430000E+01 4.976548E+01 -8.448167E+01
    endloop
  endfacet
  facet normal -9.350194E-01 3.545963E-01 0.000000E+00
    outer loop
      vertex -6.455199E+01 4.874309E+01 -8.308167E+01
      vertex -6.436393E+01 4.923899E+01 -8.308167E+01
      vertex -6.436393E+01 4.923899E+01 -8.448167E+01
    endloop
  endfacet
  facet normal -9.927092E-01 1.205346E-01 0.000000E+00
    outer loop
      vertex -6.436393E+01 4.923899E+01 -8.308167E+01
      vertex -6.430000E+01 4.976548E+01 -8.308167E+01
      vertex -6.430000E+01 4.976548E+01 -8.448167E+01
    endloop
  endfacet
  facet normal 9.927090E-01 1.205359E-01 -0.000000E+00
    outer loop
      vertex -5.700000E+00 2.326548E+01 -8.448167E+01
      vertex -5.700000E+00 2.326548E+01 -8.308167E+01
      vertex -5.636072E+00 2.273899E+01 -8.448167E+01
    endloop
  endfacet
  facet normal 9.350164E-01 3.546046E-01 -0.000000E+00
    outer loop
      vertex -5.636072E+00 2.273899E+01 -8.448167E+01
      vertex -5.636072E+00 2.273899E+01 -8.308167E+01
      vertex -5.448003E+00 2.224309E+01 -8.448167E+01
    endloop
  endfacet
  facet normal 9.927090E-01 1.205359E-01 0.000000E+00
    outer loop
      vertex -5.700000E+00 2.326548E+01 -8.308167E+01
      vertex -5.636072E+00 2.273899E+01 -8.308167E+01
      vertex -5.636072E+00 2.273899E+01 -8.448167E+01
    endloop
  endfacet
  facet normal 8.229832E-01 5.680657E-01 -0.000000E+00
    outer loop
      vertex -5.448003E+00 2.224309E+01 -8.448167E+01
      vertex -5.448003E+00 2.224309E+01 -8.308167E+01
      vertex -5.146724E+00 2.180661E+01 -8.448167E+01
    endloop
  endfacet
  facet normal 9.350164E-01 3.546046E-01 0.000000E+00
    outer loop
      vertex -5.636072E+00 2.273899E+01 -8.308167E+01
      vertex -5.448003E+00 2.224309E+01 -8.308167E+01
      vertex -5.448003E+00 2.224309E+01 -8.448167E+01
    endloop
  endfacet
  facet normal 6.631221E-01 7.485113E-01 -0.000000E+00
    outer loop
      vertex -5.146724E+00 2.180661E+01 -8.448167E+01
      vertex -5.146724E+00 2.180661E+01 -8.308167E+01
      vertex -4.749743E+00 2.145492E+01 -8.448167E+01
    endloop
  endfacet
  facet normal 8.229832E-01 5.680657E-01 0.000000E+00
    outer loop
      vertex -5.448003E+00 2.224309E+01 -8.308167E+01
      vertex -5.146724E+00 2.180661E+01 -8.308167E+01
      vertex -5.146724E+00 2.180661E+01 -8.448167E+01
    endloop
  endfacet
  facet normal 4.647235E-01 8.854558E-01 -0.000000E+00
    outer loop
      vertex -4.749743E+00 2.145492E+01 -8.448167E+01
      vertex -4.749743E+00 2.145492E+01 -8.308167E+01
      vertex -4.280131E+00 2.120845E+01 -8.448167E+01
    endloop
  endfacet
  facet normal 6.631221E-01 7.485113E-01 0.000000E+00
    outer loop
      vertex -5.146724E+00 2.180661E+01 -8.308167E+01
      vertex -4.749743E+00 2.145492E+01 -8.308167E+01
      vertex -4.749743E+00 2.145492E+01 -8.448167E+01
    endloop
  endfacet
  facet normal 2.393169E-01 9.709415E-01 -0.000000E+00
    outer loop
      vertex -4.280131E+00 2.120845E+01 -8.448167E+01
      vertex -4.280131E+00 2.120845E+01 -8.308167E+01
      vertex -3.765181E+00 2.108152E+01 -8.448167E+01
    endloop
  endfacet
  facet normal 4.647235E-01 8.854558E-01 0.000000E+00
    outer loop
      vertex -4.749743E+00 2.145492E+01 -8.308167E+01
      vertex -4.280131E+00 2.120845E+01 -8.308167E+01
      vertex -4.280131E+00 2.120845E+01 -8.448167E+01
    endloop
  endfacet
  facet normal 0.000000E+00 1.000000E+00 0.000000E+00
    outer loop
      vertex -3.765181E+00 2.108152E+01 -8.448167E+01
      vertex -3.765181E+00 2.108152E+01 -8.308167E+01
      vertex -3.234819E+00 2.108152E+01 -8.448167E+01
    endloop
  endfacet
  facet normal 2.393169E-01 9.709415E-01 0.000000E+00
    outer loop
      vertex -4.280131E+00 2.120845E+01 -8.308167E+01
      vertex -3.765181E+00 2.108152E+01 -8.308167E+01
      vertex -3.765181E+00 2.108152E+01 -8.448167E+01
    endloop
  endfacet
  facet normal -2.393169E-01 9.709415E-01 0.000000E+00
    outer loop
      vertex -3.234819E+00 2.108152E+01 -8.448167E+01
      vertex -3.234819E+00 2.108152E+01 -8.308167E+01
      vertex -2.719869E+00 2.120845E+01 -8.448167E+01
    endloop
  endfacet
  facet normal -0.000000E+00 1.000000E+00 0.000000E+00
    outer loop
      vertex -3.765181E+00 2.108152E+01 -8.308167E+01
      vertex -3.234819E+00 2.108152E+01 -8.308167E+01
      vertex -3.234819E+00 2.108152E+01 -8.448167E+01
    endloop
  endfacet
  facet normal -4.647235E-01 8.854558E-01 0.000000E+00
    outer loop
      vertex -2.719869E+00 2.120845E+01 -8.448167E+01
      vertex -2.719869E+00 2.120845E+01 -8.308167E+01
      vertex -2.250257E+00 2.145492E+01 -8.448167E+01
    endloop
  endfacet
  facet normal -2.393169E-01 9.709415E-01 0.000000E+00
    outer loop
      vertex -3.234819E+00 2.108152E+01 -8.308167E+01
      vertex -2.719869E+00 2.120845E+01 -8.308167E+01
      vertex -2.719869E+00 2.120845E+01 -8.448167E+01
    endloop
  endfacet
  facet normal -6.631222E-01 7.485112E-01 0.000000E+00
    outer loop
      vertex -2.250257E+00 2.145492E+01 -8.448167E+01
      vertex -2.250257E+00 2.145492E+01 -8.308167E+01
      vertex -1.853276E+00 2.180661E+01 -8.448167E+01
    endloop
  endfacet
  facet normal -4.647235E-01 8.854558E-01 0.000000E+00
    outer loop
      vertex -2.719869E+00 2.120845E+01 -8.308167E+01
      vertex -2.250257E+00 2.145492E+01 -8.308167E+01
      vertex -2.250257E+00 2.145492E+01 -8.448167E+01
    endloop
  endfacet
  facet normal -8.229830E-01 5.680659E-01 0.000000E+00
    outer loop
      vertex -1.853276E+00 2.180661E+01 -8.448167E+01
      vertex -1.853276E+00 2.180661E+01 -8.308167E+01
      vertex -1.551997E+00 2.224309E+01 -8.448167E+01
    endloop
  endfacet
  facet normal -6.631222E-01 7.485112E-01 0.000000E+00
    outer loop
      vertex -2.250257E+00 2.145492E+01 -8.308167E+01
      vertex -1.853276E+00 2.180661E+01 -8.308167E+01
      vertex -1.853276E+00 2.180661E+01 -8.448167E+01
    endloop
  endfacet
  facet normal -9.350165E-01 3.546044E-01 0.000000E+00
    outer loop
      vertex -1.551997E+00 2.224309E+01 -8.448167E+01
      vertex -1.551997E+00 2.224309E+01 -8.308167E+01
      vertex -1.363928E+00 2.273899E+01 -8.448167E+01
    endloop
  endfacet
  facet normal -8.229830E-01 5.680659E-01 0.000000E+00
    outer loop
      vertex -1.853276E+00 2.180661E+01 -8.308167E+01
      vertex -1.551997E+00 2.224309E+01 -8.308167E+01
      vertex -1.551997E+00 2.224309E+01 -8.448167E+01
    endloop
  endfacet
  facet normal -9.927089E-01 1.205366E-01 0.000000E+00
    outer loop
      vertex -1.363928E+00 2.273899E+01 -8.448167E+01
      vertex -1.363928E+00 2.273899E+01 -8.308167E+01
      vertex -1.300000E+00 2.326548E+01 -8.448167E+01
    endloop
  endfacet
  facet normal -9.350165E-01 3.546044E-01 0.000000E+00
    outer loop
      vertex -1.551997E+00 2.224309E+01 -8.308167E+01
      vertex -1.363928E+00 2.273899E+01 -8.308167E+01
      vertex -1.363928E+00 2.273899E+01 -8.448167E+01
    endloop
  endfacet
  facet normal -9.927089E-01 1.205366E-01 0.000000E+00
    outer loop
      vertex -1.363928E+00 2.273899E+01 -8.308167E+01
      vertex -1.300000E+00 2.326548E+01 -8.308167E+01
      vertex -1.300000E+00 2.326548E+01 -8.448167E+01
    endloop
  endfacet
  facet normal -7.853195E-01 0.000000E+00 -6.190906E-01
    outer loop
      vertex -6.992632E+01 5.669180E+01 -8.424292E+01
      vertex -6.985355E+01 5.661904E+01 -8.433523E+01
      vertex -6.985355E+01 1.361904E+01 -8.433523E+01
    endloop
  endfacet
  facet normal -7.933342E-01 -3.562287E-05 -6.087864E-01
    outer loop
      vertex -6.992632E+01 5.669180E+01 -8.424292E+01
      vertex -6.985355E+01 1.361904E+01 -8.433523E+01
      vertex -6.993301E+01 1.351548E+01 -8.423167E+01
    endloop
  endfacet
  facet normal -9.238481E-01 -9.226332E-05 -3.827592E-01
    outer loop
      vertex -6.996814E+01 5.673362E+01 -8.415731E+01
      vertex -6.993301E+01 1.351548E+01 -8.423167E+01
      vertex -6.998296E+01 1.339489E+01 -8.411108E+01
    endloop
  endfacet
  facet normal -8.985319E-01 2.492606E-05 -4.389083E-01
    outer loop
      vertex -6.996814E+01 5.673362E+01 -8.415731E+01
      vertex -6.992632E+01 5.669180E+01 -8.424292E+01
      vertex -6.993301E+01 1.351548E+01 -8.423167E+01
    endloop
  endfacet
  facet normal -9.636286E-01 4.455464E-05 -2.672451E-01
    outer loop
      vertex -6.999172E+01 5.675721E+01 -8.407227E+01
      vertex -6.996814E+01 5.673362E+01 -8.415731E+01
      vertex -6.998296E+01 1.339489E+01 -8.411108E+01
    endloop
  endfacet
  facet normal -9.914340E-01 -8.928039E-05 -1.306088E-01
    outer loop
      vertex -6.999792E+01 5.676341E+01 -8.402716E+01
      vertex -6.998296E+01 1.339489E+01 -8.411108E+01
      vertex -7.000000E+01 1.326548E+01 -8.398167E+01
    endloop
  endfacet
  facet normal -9.906811E-01 -7.819788E-05 -1.362016E-01
    outer loop
      vertex -6.999792E+01 5.676341E+01 -8.402716E+01
      vertex -6.999172E+01 5.675721E+01 -8.407227E+01
      vertex -6.998296E+01 1.339489E+01 -8.411108E+01
    endloop
  endfacet
  facet normal -9.989609E-01 -0.000000E+00 -4.557487E-02
    outer loop
      vertex -7.000000E+01 5.676548E+01 -8.398167E+01
      vertex -6.999792E+01 5.676341E+01 -8.402716E+01
      vertex -7.000000E+01 1.326548E+01 -8.398167E+01
    endloop
  endfacet
  facet normal 0.000000E+00 6.087640E-01 -7.933514E-01
    outer loop
      vertex -6.975000E+01 5.651548E+01 -8.441469E+01
      vertex -6.985355E+01 5.661904E+01 -8.433523E+01
      vertex -1.464466E-01 5.661904E+01 -8.433523E+01
    endloop
  endfacet
  facet normal 0.000000E+00 6.087641E-01 -7.933514E-01
    outer loop
      vertex -6.975000E+01 5.651548E+01 -8.441469E+01
      vertex -1.464466E-01 5.661904E+01 -8.433523E+01
      vertex -2.500000E-01 5.651548E+01 -8.441469E+01
    endloop
  endfacet
  facet normal 0.000000E+00 3.826805E-01 -9.238808E-01
    outer loop
      vertex -6.962941E+01 5.639489E+01 -8.446464E+01
      vertex -2.500000E-01 5.651548E+01 -8.441469E+01
      vertex -3.705905E-01 5.639489E+01 -8.446464E+01
    endloop
  endfacet
  facet normal 0.000000E+00 3.826805E-01 -9.238808E-01
    outer loop
      vertex -6.962941E+01 5.639489E+01 -8.446464E+01
      vertex -6.975000E+01 5.651548E+01 -8.441469E+01
      vertex -2.500000E-01 5.651548E+01 -8.441469E+01
    endloop
  endfacet
  facet normal 0.000000E+00 1.305210E-01 -9.914455E-01
    outer loop
      vertex -6.950000E+01 5.626548E+01 -8.448167E+01
      vertex -3.705905E-01 5.639489E+01 -8.446464E+01
      vertex -5.000000E-01 5.626548E+01 -8.448167E+01
    endloop
  endfacet
  facet normal 0.000000E+00 1.305210E-01 -9.914455E-01
    outer loop
      vertex -6.950000E+01 5.626548E+01 -8.448167E+01
      vertex -6.962941E+01 5.639489E+01 -8.446464E+01
      vertex -3.705905E-01 5.639489E+01 -8.446464E+01
    endloop
  endfacet
  facet normal 0.000000E+00 -4.324580E-01 -9.016541E-01
    outer loop
      vertex -6.974049E+01 1.373210E+01 -8.442004E+01
      vertex -6.969135E+01 1.378125E+01 -8.444361E+01
      vertex -3.086583E-01 1.378125E+01 -8.444361E+01
    endloop
  endfacet
  facet normal 0.000000E+00 -4.324581E-01 -9.016541E-01
    outer loop
      vertex -6.974049E+01 1.373210E+01 -8.442004E+01
      vertex -3.086583E-01 1.378125E+01 -8.444361E+01
      vertex -2.595056E-01 1.373210E+01 -8.442004E+01
    endloop
  endfacet
  facet normal 0.000000E+00 -5.280429E-01 -8.492177E-01
    outer loop
      vertex -6.978679E+01 1.368580E+01 -8.439125E+01
      vertex -2.595056E-01 1.373210E+01 -8.442004E+01
      vertex -2.132118E-01 1.368580E+01 -8.439125E+01
    endloop
  endfacet
  facet normal 0.000000E+00 -5.280429E-01 -8.492177E-01
    outer loop
      vertex -6.978679E+01 1.368580E+01 -8.439125E+01
      vertex -6.974049E+01 1.373210E+01 -8.442004E+01
      vertex -2.595056E-01 1.373210E+01 -8.442004E+01
    endloop
  endfacet
  facet normal 0.000000E+00 -6.427896E-01 -7.660428E-01
    outer loop
      vertex -6.985355E+01 1.361904E+01 -8.433523E+01
      vertex -2.132118E-01 1.368580E+01 -8.439125E+01
      vertex -1.464466E-01 1.361904E+01 -8.433523E+01
    endloop
  endfacet
  facet normal 0.000000E+00 -6.427896E-01 -7.660428E-01
    outer loop
      vertex -6.985355E+01 1.361904E+01 -8.433523E+01
      vertex -6.978679E+01 1.368580E+01 -8.439125E+01
      vertex -2.132118E-01 1.368580E+01 -8.439125E+01
    endloop
  endfacet
  facet normal 7.853298E-01 0.000000E+00 -6.190777E-01
    outer loop
      vertex -1.464466E-01 1.361904E+01 -8.433523E+01
      vertex -1.464466E-01 5.661904E+01 -8.433523E+01
      vertex -7.367992E-02 5.669180E+01 -8.424292E+01
    endloop
  endfacet
  facet normal 8.985304E-01 2.495915E-05 -4.389113E-01
    outer loop
      vertex -6.698730E-02 1.351548E+01 -8.423167E+01
      vertex -7.367992E-02 5.669180E+01 -8.424292E+01
      vertex -3.186285E-02 5.673362E+01 -8.415731E+01
    endloop
  endfacet
  facet normal 7.933372E-01 -3.559123E-05 -6.087825E-01
    outer loop
      vertex -6.698730E-02 1.351548E+01 -8.423167E+01
      vertex -1.464466E-01 1.361904E+01 -8.433523E+01
      vertex -7.367992E-02 5.669180E+01 -8.424292E+01
    endloop
  endfacet
  facet normal 9.636199E-01 4.455924E-05 -2.672767E-01
    outer loop
      vertex -1.703709E-02 1.339489E+01 -8.411108E+01
      vertex -3.186285E-02 5.673362E+01 -8.415731E+01
      vertex -8.277398E-03 5.675721E+01 -8.407227E+01
    endloop
  endfacet
  facet normal 9.906780E-01 -7.820312E-05 -1.362243E-01
    outer loop
      vertex -1.703709E-02 1.339489E+01 -8.411108E+01
      vertex -8.277398E-03 5.675721E+01 -8.407227E+01
      vertex -2.073649E-03 5.676341E+01 -8.402716E+01
    endloop
  endfacet
  facet normal 9.238466E-01 -9.222821E-05 -3.827629E-01
    outer loop
      vertex -1.703709E-02 1.339489E+01 -8.411108E+01
      vertex -6.698730E-02 1.351548E+01 -8.423167E+01
      vertex -3.186285E-02 5.673362E+01 -8.415731E+01
    endloop
  endfacet
  facet normal 9.989625E-01 0.000000E+00 -4.554099E-02
    outer loop
      vertex 1.864768E-14 1.326548E+01 -8.398167E+01
      vertex -2.073649E-03 5.676341E+01 -8.402716E+01
      vertex 1.864768E-14 5.676548E+01 -8.398167E+01
    endloop
  endfacet
  facet normal 9.914333E-01 -8.932080E-05 -1.306137E-01
    outer loop
      vertex 1.864768E-14 1.326548E+01 -8.398167E+01
      vertex -1.703709E-02 1.339489E+01 -8.411108E+01
      vertex -2.073649E-03 5.676341E+01 -8.402716E+01
    endloop
  endfacet
  facet normal 9.799743E-02 0.000000E+00 -9.951867E-01
    outer loop
      vertex -4.024549E-01 1.387504E+01 -8.447207E+01
      vertex -5.000000E-01 1.397259E+01 -8.448167E+01
      vertex -5.000000E-01 5.626548E+01 -8.448167E+01
    endloop
  endfacet
  facet normal 1.304471E-01 7.551578E-05 -9.914553E-01
    outer loop
      vertex -4.024549E-01 1.387504E+01 -8.447207E+01
      vertex -5.000000E-01 5.626548E+01 -8.448167E+01
      vertex -3.705905E-01 5.639489E+01 -8.446464E+01
    endloop
  endfacet
  facet normal 3.825943E-01 1.001574E-04 -9.239165E-01
    outer loop
      vertex -3.086583E-01 1.378125E+01 -8.444361E+01
      vertex -3.705905E-01 5.639489E+01 -8.446464E+01
      vertex -2.500000E-01 5.651548E+01 -8.441469E+01
    endloop
  endfacet
  facet normal 2.902831E-01 -5.029731E-05 -9.569408E-01
    outer loop
      vertex -3.086583E-01 1.378125E+01 -8.444361E+01
      vertex -4.024549E-01 1.387504E+01 -8.447207E+01
      vertex -3.705905E-01 5.639489E+01 -8.446464E+01
    endloop
  endfacet
  facet normal 4.324696E-01 1.662573E-05 -9.016485E-01
    outer loop
      vertex -2.595056E-01 1.373210E+01 -8.442004E+01
      vertex -3.086583E-01 1.378125E+01 -8.444361E+01
      vertex -2.500000E-01 5.651548E+01 -8.441469E+01
    endloop
  endfacet
  facet normal 6.087097E-01 8.868142E-05 -7.933930E-01
    outer loop
      vertex -2.132118E-01 1.368580E+01 -8.439125E+01
      vertex -2.500000E-01 5.651548E+01 -8.441469E+01
      vertex -1.464466E-01 5.661904E+01 -8.433523E+01
    endloop
  endfacet
  facet normal 5.280378E-01 -1.116144E-05 -8.492209E-01
    outer loop
      vertex -2.132118E-01 1.368580E+01 -8.439125E+01
      vertex -2.595056E-01 1.373210E+01 -8.442004E+01
      vertex -2.500000E-01 5.651548E+01 -8.441469E+01
    endloop
  endfacet
  facet normal 6.427878E-01 0.000000E+00 -7.660443E-01
    outer loop
      vertex -1.464466E-01 1.361904E+01 -8.433523E+01
      vertex -2.132118E-01 1.368580E+01 -8.439125E+01
      vertex -1.464466E-01 5.661904E+01 -8.433523E+01
    endloop
  endfacet
  facet normal 0.000000E+00 -9.799695E-02 -9.951866E-01
    outer loop
      vertex -6.959754E+01 1.387504E+01 -8.447207E+01
      vertex -6.950000E+01 1.397259E+01 -8.448167E+01
      vertex -5.000000E-01 1.397259E+01 -8.448167E+01
    endloop
  endfacet
  facet normal 0.000000E+00 -9.799696E-02 -9.951867E-01
    outer loop
      vertex -6.959754E+01 1.387504E+01 -8.447207E+01
      vertex -5.000000E-01 1.397259E+01 -8.448167E+01
      vertex -4.024549E-01 1.387504E+01 -8.447207E+01
    endloop
  endfacet
  facet normal 0.000000E+00 -2.903287E-01 -9.569270E-01
    outer loop
      vertex -6.969135E+01 1.378125E+01 -8.444361E+01
      vertex -4.024549E-01 1.387504E+01 -8.447207E+01
      vertex -3.086583E-01 1.378125E+01 -8.444361E+01
    endloop
  endfacet
  facet normal 0.000000E+00 -2.903287E-01 -9.569269E-01
    outer loop
      vertex -6.969135E+01 1.378125E+01 -8.444361E+01
      vertex -6.959754E+01 1.387504E+01 -8.447207E+01
      vertex -4.024549E-01 1.387504E+01 -8.447207E+01
    endloop
  endfacet
  facet normal 0.000000E+00 9.989609E-01 -4.557487E-02
    outer loop
      vertex -6.999792E+01 5.676341E+01 -8.402716E+01
      vertex -7.000000E+01 5.676548E+01 -8.398167E+01
      vertex 1.864768E-14 5.676548E+01 -8.398167E+01
    endloop
  endfacet
  facet normal 0.000000E+00 9.989609E-01 -4.557487E-02
    outer loop
      vertex -6.999792E+01 5.676341E+01 -8.402716E+01
      vertex 1.864768E-14 5.676548E+01 -8.398167E+01
      vertex -2.073649E-03 5.676341E+01 -8.402716E+01
    endloop
  endfacet
  facet normal 0.000000E+00 9.906797E-01 -1.362122E-01
    outer loop
      vertex -6.999172E+01 5.675721E+01 -8.407227E+01
      vertex -2.073649E-03 5.676341E+01 -8.402716E+01
      vertex -8.277398E-03 5.675721E+01 -8.407227E+01
    endloop
  endfacet
  facet normal 0.000000E+00 9.906797E-01 -1.362122E-01
    outer loop
      vertex -6.999172E+01 5.675721E+01 -8.407227E+01
      vertex -6.999792E+01 5.676341E+01 -8.402716E+01
      vertex -2.073649E-03 5.676341E+01 -8.402716E+01
    endloop
  endfacet
  facet normal 0.000000E+00 9.636206E-01 -2.672737E-01
    outer loop
      vertex -6.996814E+01 5.673362E+01 -8.415731E+01
      vertex -8.277398E-03 5.675721E+01 -8.407227E+01
      vertex -3.186285E-02 5.673362E+01 -8.415731E+01
    endloop
  endfacet
  facet normal 0.000000E+00 9.636207E-01 -2.672737E-01
    outer loop
      vertex -6.996814E+01 5.673362E+01 -8.415731E+01
      vertex -6.999172E+01 5.675721E+01 -8.407227E+01
      vertex -8.277398E-03 5.675721E+01 -8.407227E+01
    endloop
  endfacet
  facet normal 0.000000E+00 8.985367E-01 -4.388984E-01
    outer loop
      vertex -6.992632E+01 5.669180E+01 -8.424292E+01
      vertex -3.186285E-02 5.673362E+01 -8.415731E+01
      vertex -7.367992E-02 5.669180E+01 -8.424292E+01
    endloop
  endfacet
  facet normal 0.000000E+00 8.985367E-01 -4.388985E-01
    outer loop
      vertex -6.992632E+01 5.669180E+01 -8.424292E+01
      vertex -6.996814E+01 5.673362E+01 -8.415731E+01
      vertex -3.186285E-02 5.673362E+01 -8.415731E+01
    endloop
  endfacet
  facet normal 0.000000E+00 7.853353E-01 -6.190706E-01
    outer loop
      vertex -6.985355E+01 5.661904E+01 -8.433523E+01
      vertex -7.367992E-02 5.669180E+01 -8.424292E+01
      vertex -1.464466E-01 5.661904E+01 -8.433523E+01
    endloop
  endfacet
  facet normal 0.000000E+00 7.853354E-01 -6.190706E-01
    outer loop
      vertex -6.985355E+01 5.661904E+01 -8.433523E+01
      vertex -6.992632E+01 5.669180E+01 -8.424292E+01
      vertex -7.367992E-02 5.669180E+01 -8.424292E+01
    endloop
  endfacet
  facet normal -9.800074E-02 -0.000000E+00 -9.951863E-01
    outer loop
      vertex -6.950000E+01 5.626548E+01 -8.448167E+01
      vertex -6.950000E+01 1.397259E+01 -8.448167E+01
      vertex -6.959754E+01 1.387504E+01 -8.447207E+01
    endloop
  endfacet
  facet normal -2.902638E-01 -5.030638E-05 -9.569467E-01
    outer loop
      vertex -6.962941E+01 5.639489E+01 -8.446464E+01
      vertex -6.959754E+01 1.387504E+01 -8.447207E+01
      vertex -6.969135E+01 1.378125E+01 -8.444361E+01
    endloop
  endfacet
  facet normal -1.304468E-01 7.550492E-05 -9.914553E-01
    outer loop
      vertex -6.962941E+01 5.639489E+01 -8.446464E+01
      vertex -6.950000E+01 5.626548E+01 -8.448167E+01
      vertex -6.959754E+01 1.387504E+01 -8.447207E+01
    endloop
  endfacet
  facet normal -5.280270E-01 -1.116555E-05 -8.492275E-01
    outer loop
      vertex -6.975000E+01 5.651548E+01 -8.441469E+01
      vertex -6.974049E+01 1.373210E+01 -8.442004E+01
      vertex -6.978679E+01 1.368580E+01 -8.439125E+01
    endloop
  endfacet
  facet normal -4.324988E-01 1.661147E-05 -9.016345E-01
    outer loop
      vertex -6.975000E+01 5.651548E+01 -8.441469E+01
      vertex -6.969135E+01 1.378125E+01 -8.444361E+01
      vertex -6.974049E+01 1.373210E+01 -8.442004E+01
    endloop
  endfacet
  facet normal -3.825950E-01 1.001875E-04 -9.239162E-01
    outer loop
      vertex -6.975000E+01 5.651548E+01 -8.441469E+01
      vertex -6.962941E+01 5.639489E+01 -8.446464E+01
      vertex -6.969135E+01 1.378125E+01 -8.444361E+01
    endloop
  endfacet
  facet normal -6.427896E-01 -0.000000E+00 -7.660427E-01
    outer loop
      vertex -6.985355E+01 5.661904E+01 -8.433523E+01
      vertex -6.978679E+01 1.368580E+01 -8.439125E+01
      vertex -6.985355E+01 1.361904E+01 -8.433523E+01
    endloop
  endfacet
  facet normal -6.087082E-01 8.868974E-05 -7.933942E-01
    outer loop
      vertex -6.985355E+01 5.661904E+01 -8.433523E+01
      vertex -6.975000E+01 5.651548E+01 -8.441469E+01
      vertex -6.978679E+01 1.368580E+01 -8.439125E+01
    endloop
  endfacet
  facet normal 3.434941E-05 -7.070968E-01 -7.071167E-01
    outer loop
      vertex -1.703709E-02 1.339489E+01 -8.411108E+01
      vertex -1.464466E-01 1.361904E+01 -8.433523E+01
      vertex -6.698730E-02 1.351548E+01 -8.423167E+01
    endloop
  endfacet
  facet normal 0.000000E+00 -7.071068E-01 -7.071068E-01
    outer loop
      vertex 1.864768E-14 1.326548E+01 -8.398167E+01
      vertex -1.464466E-01 1.361904E+01 -8.433523E+01
      vertex -1.703709E-02 1.339489E+01 -8.411108E+01
    endloop
  endfacet
  facet normal 0.000000E+00 -7.071068E-01 -7.071068E-01
    outer loop
      vertex 1.831461E-14 1.176548E+01 -8.248167E+01
      vertex -1.464466E-01 1.361904E+01 -8.433523E+01
      vertex 1.864768E-14 1.326548E+01 -8.398167E+01
    endloop
  endfacet
  facet normal 0.000000E+00 -7.071068E-01 -7.071068E-01
    outer loop
      vertex -6.998296E+01 1.339489E+01 -8.411108E+01
      vertex -6.993301E+01 1.351548E+01 -8.423167E+01
      vertex -6.985355E+01 1.361904E+01 -8.433523E+01
    endloop
  endfacet
  facet normal 0.000000E+00 -7.071068E-01 -7.071068E-01
    outer loop
      vertex -7.000000E+01 1.326548E+01 -8.398167E+01
      vertex -6.998296E+01 1.339489E+01 -8.411108E+01
      vertex -6.985355E+01 1.361904E+01 -8.433523E+01
    endloop
  endfacet
  facet normal 0.000000E+00 -7.071068E-01 -7.071068E-01
    outer loop
      vertex -7.000000E+01 1.176548E+01 -8.248167E+01
      vertex -6.985355E+01 1.361904E+01 -8.433523E+01
      vertex -1.464466E-01 1.361904E+01 -8.433523E+01
    endloop
  endfacet
  facet normal 0.000000E+00 -7.071068E-01 -7.071068E-01
    outer loop
      vertex -7.000000E+01 1.176548E+01 -8.248167E+01
      vertex -1.464466E-01 1.361904E+01 -8.433523E+01
      vertex 1.831461E-14 1.176548E+01 -8.248167E+01
    endloop
  endfacet
  facet normal 0.000000E+00 -7.071068E-01 -7.071068E-01
    outer loop
      vertex -7.000000E+01 1.176548E+01 -8.248167E+01
      vertex -7.000000E+01 1.326548E+01 -8.398167E+01
      vertex -6.985355E+01 1.361904E+01 -8.433523E+01
    endloop
  endfacet
  facet normal 1.000000E+00 0.000000E+00 2.220446E-16
    outer loop
      vertex 1.831461E-14 1.176548E+01 -8.248167E+01
      vertex 1.809257E-14 1.476548E+01 -8.148167E+01
      vertex 1.809257E-14 1.176548E+01 -8.148167E+01
    endloop
  endfacet
  facet normal 1.000000E+00 0.000000E+00 2.220446E-16
    outer loop
      vertex 1.864768E-14 1.326548E+01 -8.398167E+01
      vertex 1.809257E-14 1.476548E+01 -8.148167E+01
      vertex 1.831461E-14 1.176548E+01 -8.248167E+01
    endloop
  endfacet
  facet normal 1.000000E+00 0.000000E+00 2.220446E-16
    outer loop
      vertex 1.864768E-14 1.326548E+01 -8.398167E+01
      vertex 1.809257E-14 1.776548E+01 -8.148167E+01
      vertex 1.809257E-14 1.476548E+01 -8.148167E+01
    endloop
  endfacet
  facet normal 1.000000E+00 -0.000000E+00 2.220446E-16
    outer loop
      vertex 1.676030E-14 1.476548E+01 -7.548167E+01
      vertex 1.693793E-14 1.776548E+01 -7.628167E+01
      vertex 1.676030E-14 1.696548E+01 -7.548167E+01
    endloop
  endfacet
  facet normal 1.000000E+00 0.000000E+00 2.220446E-16
    outer loop
      vertex 1.809257E-14 1.476548E+01 -8.148167E+01
      vertex 1.693793E-14 1.776548E+01 -7.628167E+01
      vertex 1.676030E-14 1.476548E+01 -7.548167E+01
    endloop
  endfacet
  facet normal 1.000000E+00 0.000000E+00 2.220446E-16
    outer loop
      vertex 1.809257E-14 1.776548E+01 -8.148167E+01
      vertex 1.693793E-14 1.776548E+01 -7.628167E+01
      vertex 1.809257E-14 1.476548E+01 -8.148167E+01
    endloop
  endfacet
  facet normal 1.000000E+00 0.000000E+00 2.220446E-16
    outer loop
      vertex 1.864768E-14 5.676548E+01 -8.398167E+01
      vertex 1.809257E-14 5.676548E+01 -8.148167E+01
      vertex 1.809257E-14 1.776548E+01 -8.148167E+01
    endloop
  endfacet
  facet normal 1.000000E+00 -0.000000E+00 2.220446E-16
    outer loop
      vertex 1.864768E-14 1.326548E+01 -8.398167E+01
      vertex 1.864768E-14 5.676548E+01 -8.398167E+01
      vertex 1.809257E-14 1.776548E+01 -8.148167E+01
    endloop
  endfacet
  facet normal 0.000000E+00 0.000000E+00 -1.000000E+00
    outer loop
      vertex -6.470551E+01 5.103819E+01 -8.448167E+01
      vertex -3.111500E+01 3.705798E+01 -8.448167E+01
      vertex -3.888500E+01 3.705798E+01 -8.448167E+01
    endloop
  endfacet
  facet normal 0.000000E+00 0.000000E+00 -1.000000E+00
    outer loop
      vertex -2.202628E+00 5.154223E+01 -8.448167E+01
      vertex -5.000000E-01 5.626548E+01 -8.448167E+01
      vertex -1.824552E+00 5.119127E+01 -8.448167E+01
    endloop
  endfacet
  facet normal 0.000000E+00 0.000000E+00 -1.000000E+00
    outer loop
      vertex -1.538595E+00 5.076192E+01 -8.448167E+01
      vertex -1.824552E+00 5.119127E+01 -8.448167E+01
      vertex -5.000000E-01 5.626548E+01 -8.448167E+01
    endloop
  endfacet
  facet normal 0.000000E+00 0.000000E+00 -1.000000E+00
    outer loop
      vertex -6.470551E+01 5.103819E+01 -8.448167E+01
      vertex -6.504211E+01 5.141308E+01 -8.448167E+01
      vertex -5.046326E+00 5.133037E+01 -8.448167E+01
    endloop
  endfacet
  facet normal 0.000000E+00 0.000000E+00 -1.000000E+00
    outer loop
      vertex -6.545518E+01 5.170155E+01 -8.448167E+01
      vertex -6.950000E+01 5.626548E+01 -8.448167E+01
      vertex -6.504211E+01 5.141308E+01 -8.448167E+01
    endloop
  endfacet
  facet normal 0.000000E+00 0.000000E+00 -1.000000E+00
    outer loop
      vertex -2.652037E+00 5.179550E+01 -8.448167E+01
      vertex -5.000000E-01 5.626548E+01 -8.448167E+01
      vertex -2.202628E+00 5.154223E+01 -8.448167E+01
    endloop
  endfacet
  facet normal 0.000000E+00 0.000000E+00 -1.000000E+00
    outer loop
      vertex -6.448344E+01 5.064497E+01 -8.448167E+01
      vertex -3.888500E+01 3.705798E+01 -8.448167E+01
      vertex -3.890836E+01 3.705535E+01 -8.448167E+01
    endloop
  endfacet
  facet normal 0.000000E+00 0.000000E+00 -1.000000E+00
    outer loop
      vertex -1.360480E+00 5.027779E+01 -8.448167E+01
      vertex -1.538595E+00 5.076192E+01 -8.448167E+01
      vertex -5.000000E-01 5.626548E+01 -8.448167E+01
    endloop
  endfacet
  facet normal 0.000000E+00 0.000000E+00 -1.000000E+00
    outer loop
      vertex -3.148067E+00 5.193715E+01 -8.448167E+01
      vertex -5.000000E-01 5.626548E+01 -8.448167E+01
      vertex -2.652037E+00 5.179550E+01 -8.448167E+01
    endloop
  endfacet
  facet normal 0.000000E+00 0.000000E+00 -1.000000E+00
    outer loop
      vertex -6.448344E+01 5.064497E+01 -8.448167E+01
      vertex -6.470551E+01 5.103819E+01 -8.448167E+01
      vertex -3.888500E+01 3.705798E+01 -8.448167E+01
    endloop
  endfacet
  facet normal 0.000000E+00 0.000000E+00 -1.000000E+00
    outer loop
      vertex -1.300000E+00 4.976548E+01 -8.448167E+01
      vertex -1.360480E+00 5.027779E+01 -8.448167E+01
      vertex -5.000000E-01 5.626548E+01 -8.448167E+01
    endloop
  endfacet
  facet normal 0.000000E+00 0.000000E+00 -1.000000E+00
    outer loop
      vertex -6.592306E+01 5.188848E+01 -8.448167E+01
      vertex -6.950000E+01 5.626548E+01 -8.448167E+01
      vertex -6.545518E+01 5.170155E+01 -8.448167E+01
    endloop
  endfacet
  facet normal 0.000000E+00 0.000000E+00 -1.000000E+00
    outer loop
      vertex -3.663448E+00 5.195940E+01 -8.448167E+01
      vertex -5.000000E-01 5.626548E+01 -8.448167E+01
      vertex -3.148067E+00 5.193715E+01 -8.448167E+01
    endloop
  endfacet
  facet normal 0.000000E+00 0.000000E+00 -1.000000E+00
    outer loop
      vertex -6.434635E+01 5.021469E+01 -8.448167E+01
      vertex -3.890836E+01 3.705535E+01 -8.448167E+01
      vertex -3.893056E+01 3.704758E+01 -8.448167E+01
    endloop
  endfacet
  facet normal 0.000000E+00 0.000000E+00 -1.000000E+00
    outer loop
      vertex -4.169842E+00 5.186103E+01 -8.448167E+01
      vertex -5.000000E-01 5.626548E+01 -8.448167E+01
      vertex -3.663448E+00 5.195940E+01 -8.448167E+01
    endloop
  endfacet
  facet normal 0.000000E+00 0.000000E+00 -1.000000E+00
    outer loop
      vertex -6.434635E+01 5.021469E+01 -8.448167E+01
      vertex -6.448344E+01 5.064497E+01 -8.448167E+01
      vertex -3.890836E+01 3.705535E+01 -8.448167E+01
    endloop
  endfacet
  facet normal 0.000000E+00 0.000000E+00 -1.000000E+00
    outer loop
      vertex -6.642119E+01 5.196407E+01 -8.448167E+01
      vertex -6.950000E+01 5.626548E+01 -8.448167E+01
      vertex -6.592306E+01 5.188848E+01 -8.448167E+01
    endloop
  endfacet
  facet normal 0.000000E+00 0.000000E+00 -1.000000E+00
    outer loop
      vertex -4.639407E+00 5.164744E+01 -8.448167E+01
      vertex -5.000000E-01 5.626548E+01 -8.448167E+01
      vertex -4.169842E+00 5.186103E+01 -8.448167E+01
    endloop
  endfacet
  facet normal 0.000000E+00 0.000000E+00 -1.000000E+00
    outer loop
      vertex -6.430000E+01 4.976548E+01 -8.448167E+01
      vertex -3.893056E+01 3.704758E+01 -8.448167E+01
      vertex -3.895047E+01 3.703508E+01 -8.448167E+01
    endloop
  endfacet
  facet normal 0.000000E+00 0.000000E+00 -1.000000E+00
    outer loop
      vertex -6.430000E+01 4.976548E+01 -8.448167E+01
      vertex -6.434635E+01 5.021469E+01 -8.448167E+01
      vertex -3.893056E+01 3.704758E+01 -8.448167E+01
    endloop
  endfacet
  facet normal 0.000000E+00 0.000000E+00 -1.000000E+00
    outer loop
      vertex -5.046326E+00 5.133037E+01 -8.448167E+01
      vertex -5.000000E-01 5.626548E+01 -8.448167E+01
      vertex -4.639407E+00 5.164744E+01 -8.448167E+01
    endloop
  endfacet
  facet normal 0.000000E+00 0.000000E+00 -1.000000E+00
    outer loop
      vertex -6.692345E+01 5.192435E+01 -8.448167E+01
      vertex -6.950000E+01 5.626548E+01 -8.448167E+01
      vertex -6.642119E+01 5.196407E+01 -8.448167E+01
    endloop
  endfacet
  facet normal 0.000000E+00 0.000000E+00 -1.000000E+00
    outer loop
      vertex -6.436393E+01 4.923899E+01 -8.448167E+01
      vertex -3.895047E+01 3.703508E+01 -8.448167E+01
      vertex -3.896709E+01 3.701845E+01 -8.448167E+01
    endloop
  endfacet
  facet normal 0.000000E+00 0.000000E+00 -1.000000E+00
    outer loop
      vertex -6.436393E+01 4.923899E+01 -8.448167E+01
      vertex -6.430000E+01 4.976548E+01 -8.448167E+01
      vertex -3.895047E+01 3.703508E+01 -8.448167E+01
    endloop
  endfacet
  facet normal 0.000000E+00 0.000000E+00 -1.000000E+00
    outer loop
      vertex -6.436393E+01 4.923899E+01 -8.448167E+01
      vertex -3.896709E+01 3.701845E+01 -8.448167E+01
      vertex -3.897960E+01 3.699854E+01 -8.448167E+01
    endloop
  endfacet
  facet normal 0.000000E+00 0.000000E+00 -1.000000E+00
    outer loop
      vertex -6.740350E+01 5.177139E+01 -8.448167E+01
      vertex -6.950000E+01 5.626548E+01 -8.448167E+01
      vertex -6.692345E+01 5.192435E+01 -8.448167E+01
    endloop
  endfacet
  facet normal 0.000000E+00 0.000000E+00 -1.000000E+00
    outer loop
      vertex -6.455199E+01 4.874309E+01 -8.448167E+01
      vertex -3.897960E+01 3.699854E+01 -8.448167E+01
      vertex -3.898737E+01 3.697635E+01 -8.448167E+01
    endloop
  endfacet
  facet normal 0.000000E+00 0.000000E+00 -1.000000E+00
    outer loop
      vertex -6.455199E+01 4.874309E+01 -8.448167E+01
      vertex -6.436393E+01 4.923899E+01 -8.448167E+01
      vertex -3.897960E+01 3.699854E+01 -8.448167E+01
    endloop
  endfacet
  facet normal 0.000000E+00 0.000000E+00 -1.000000E+00
    outer loop
      vertex -6.783617E+01 5.151324E+01 -8.448167E+01
      vertex -6.950000E+01 5.626548E+01 -8.448167E+01
      vertex -6.740350E+01 5.177139E+01 -8.448167E+01
    endloop
  endfacet
  facet normal 0.000000E+00 0.000000E+00 -1.000000E+00
    outer loop
      vertex -6.485328E+01 4.830661E+01 -8.448167E+01
      vertex -3.898737E+01 3.697635E+01 -8.448167E+01
      vertex -3.899000E+01 3.695298E+01 -8.448167E+01
    endloop
  endfacet
  facet normal 0.000000E+00 0.000000E+00 -1.000000E+00
    outer loop
      vertex -6.485328E+01 4.830661E+01 -8.448167E+01
      vertex -6.455199E+01 4.874309E+01 -8.448167E+01
      vertex -3.898737E+01 3.697635E+01 -8.448167E+01
    endloop
  endfacet
  facet normal 0.000000E+00 0.000000E+00 -1.000000E+00
    outer loop
      vertex -6.819876E+01 5.116341E+01 -8.448167E+01
      vertex -6.950000E+01 5.626548E+01 -8.448167E+01
      vertex -6.783617E+01 5.151324E+01 -8.448167E+01
    endloop
  endfacet
  facet normal 0.000000E+00 0.000000E+00 -1.000000E+00
    outer loop
      vertex -6.847225E+01 5.074027E+01 -8.448167E+01
      vertex -6.950000E+01 5.626548E+01 -8.448167E+01
      vertex -6.819876E+01 5.116341E+01 -8.448167E+01
    endloop
  endfacet
  facet normal 0.000000E+00 0.000000E+00 -1.000000E+00
    outer loop
      vertex -6.864231E+01 5.026600E+01 -8.448167E+01
      vertex -6.950000E+01 5.626548E+01 -8.448167E+01
      vertex -6.847225E+01 5.074027E+01 -8.448167E+01
    endloop
  endfacet
  facet normal 0.000000E+00 0.000000E+00 -1.000000E+00
    outer loop
      vertex -6.870000E+01 4.976548E+01 -8.448167E+01
      vertex -6.950000E+01 5.626548E+01 -8.448167E+01
      vertex -6.864231E+01 5.026600E+01 -8.448167E+01
    endloop
  endfacet
  facet normal 0.000000E+00 0.000000E+00 -1.000000E+00
    outer loop
      vertex -1.817518E+00 2.468297E+01 -8.448167E+01
      vertex -1.853276E+00 4.830661E+01 -8.448167E+01
      vertex -1.551997E+00 4.874309E+01 -8.448167E+01
    endloop
  endfacet
  facet normal 0.000000E+00 0.000000E+00 -1.000000E+00
    outer loop
      vertex -2.190936E+00 2.503363E+01 -8.448167E+01
      vertex -1.853276E+00 4.830661E+01 -8.448167E+01
      vertex -1.817518E+00 2.468297E+01 -8.448167E+01
    endloop
  endfacet
  facet normal 0.000000E+00 0.000000E+00 -1.000000E+00
    outer loop
      vertex -2.190936E+00 2.503363E+01 -8.448167E+01
      vertex -2.250257E+00 4.795492E+01 -8.448167E+01
      vertex -1.853276E+00 4.830661E+01 -8.448167E+01
    endloop
  endfacet
  facet normal 0.000000E+00 0.000000E+00 -1.000000E+00
    outer loop
      vertex -1.535319E+00 2.425545E+01 -8.448167E+01
      vertex -1.817518E+00 2.468297E+01 -8.448167E+01
      vertex -1.551997E+00 4.874309E+01 -8.448167E+01
    endloop
  endfacet
  facet normal 0.000000E+00 0.000000E+00 -1.000000E+00
    outer loop
      vertex -1.535319E+00 2.425545E+01 -8.448167E+01
      vertex -1.551997E+00 4.874309E+01 -8.448167E+01
      vertex -1.363928E+00 4.923899E+01 -8.448167E+01
    endloop
  endfacet
  facet normal 0.000000E+00 0.000000E+00 -1.000000E+00
    outer loop
      vertex -2.635326E+00 2.528844E+01 -8.448167E+01
      vertex -2.250257E+00 4.795492E+01 -8.448167E+01
      vertex -2.190936E+00 2.503363E+01 -8.448167E+01
    endloop
  endfacet
  facet normal 0.000000E+00 0.000000E+00 -1.000000E+00
    outer loop
      vertex -6.497969E+01 2.485566E+01 -8.448167E+01
      vertex -3.899000E+01 3.695298E+01 -8.448167E+01
      vertex -3.899000E+01 3.527298E+01 -8.448167E+01
    endloop
  endfacet
  facet normal 0.000000E+00 0.000000E+00 -1.000000E+00
    outer loop
      vertex -6.497969E+01 2.485566E+01 -8.448167E+01
      vertex -6.485328E+01 4.830661E+01 -8.448167E+01
      vertex -3.899000E+01 3.695298E+01 -8.448167E+01
    endloop
  endfacet
  facet normal 0.000000E+00 0.000000E+00 -1.000000E+00
    outer loop
      vertex -2.635326E+00 2.528844E+01 -8.448167E+01
      vertex -2.719869E+00 4.770845E+01 -8.448167E+01
      vertex -2.250257E+00 4.795492E+01 -8.448167E+01
    endloop
  endfacet
  facet normal 0.000000E+00 0.000000E+00 -1.000000E+00
    outer loop
      vertex -1.359638E+00 2.377426E+01 -8.448167E+01
      vertex -1.535319E+00 2.425545E+01 -8.448167E+01
      vertex -1.363928E+00 4.923899E+01 -8.448167E+01
    endloop
  endfacet
  facet normal 0.000000E+00 0.000000E+00 -1.000000E+00
    outer loop
      vertex -1.359638E+00 2.377426E+01 -8.448167E+01
      vertex -1.363928E+00 4.923899E+01 -8.448167E+01
      vertex -1.300000E+00 4.976548E+01 -8.448167E+01
    endloop
  endfacet
  facet normal 0.000000E+00 0.000000E+00 -1.000000E+00
    outer loop
      vertex -6.497969E+01 2.485566E+01 -8.448167E+01
      vertex -6.525026E+01 4.795492E+01 -8.448167E+01
      vertex -6.485328E+01 4.830661E+01 -8.448167E+01
    endloop
  endfacet
  facet normal 0.000000E+00 0.000000E+00 -1.000000E+00
    outer loop
      vertex -3.126596E+00 2.543356E+01 -8.448167E+01
      vertex -2.719869E+00 4.770845E+01 -8.448167E+01
      vertex -2.635326E+00 2.528844E+01 -8.448167E+01
    endloop
  endfacet
  facet normal 0.000000E+00 0.000000E+00 -1.000000E+00
    outer loop
      vertex -6.465316E+01 2.446096E+01 -8.448167E+01
      vertex -3.899000E+01 3.527298E+01 -8.448167E+01
      vertex -3.898473E+01 3.522625E+01 -8.448167E+01
    endloop
  endfacet
  facet normal 0.000000E+00 0.000000E+00 -1.000000E+00
    outer loop
      vertex -6.465316E+01 2.446096E+01 -8.448167E+01
      vertex -3.898473E+01 3.522625E+01 -8.448167E+01
      vertex -3.896920E+01 3.518187E+01 -8.448167E+01
    endloop
  endfacet
  facet normal 0.000000E+00 0.000000E+00 -1.000000E+00
    outer loop
      vertex -3.126596E+00 2.543356E+01 -8.448167E+01
      vertex -3.234819E+00 4.758152E+01 -8.448167E+01
      vertex -2.719869E+00 4.770845E+01 -8.448167E+01
    endloop
  endfacet
  facet normal 0.000000E+00 0.000000E+00 -1.000000E+00
    outer loop
      vertex -1.300000E+00 2.326548E+01 -8.448167E+01
      vertex -1.359638E+00 2.377426E+01 -8.448167E+01
      vertex -1.300000E+00 4.976548E+01 -8.448167E+01
    endloop
  endfacet
  facet normal 0.000000E+00 0.000000E+00 -1.000000E+00
    outer loop
      vertex -6.465316E+01 2.446096E+01 -8.448167E+01
      vertex -6.497969E+01 2.485566E+01 -8.448167E+01
      vertex -3.899000E+01 3.527298E+01 -8.448167E+01
    endloop
  endfacet
  facet normal 0.000000E+00 0.000000E+00 -1.000000E+00
    outer loop
      vertex -1.300000E+00 2.326548E+01 -8.448167E+01
      vertex -1.300000E+00 4.976548E+01 -8.448167E+01
      vertex -5.000000E-01 5.626548E+01 -8.448167E+01
    endloop
  endfacet
  facet normal 0.000000E+00 0.000000E+00 -1.000000E+00
    outer loop
      vertex -6.538865E+01 2.516414E+01 -8.448167E+01
      vertex -6.525026E+01 4.795492E+01 -8.448167E+01
      vertex -6.497969E+01 2.485566E+01 -8.448167E+01
    endloop
  endfacet
  facet normal 0.000000E+00 0.000000E+00 -1.000000E+00
    outer loop
      vertex -3.638111E+00 2.546114E+01 -8.448167E+01
      vertex -3.234819E+00 4.758152E+01 -8.448167E+01
      vertex -3.126596E+00 2.543356E+01 -8.448167E+01
    endloop
  endfacet
  facet normal 0.000000E+00 0.000000E+00 -1.000000E+00
    outer loop
      vertex -6.538865E+01 2.516414E+01 -8.448167E+01
      vertex -6.571987E+01 4.770845E+01 -8.448167E+01
      vertex -6.525026E+01 4.795492E+01 -8.448167E+01
    endloop
  endfacet
  facet normal 0.000000E+00 0.000000E+00 -1.000000E+00
    outer loop
      vertex -6.442676E+01 2.400146E+01 -8.448167E+01
      vertex -3.896920E+01 3.518187E+01 -8.448167E+01
      vertex -3.835737E+01 3.325462E+01 -8.448167E+01
    endloop
  endfacet
  facet normal 0.000000E+00 0.000000E+00 -1.000000E+00
    outer loop
      vertex -3.638111E+00 2.546114E+01 -8.448167E+01
      vertex -3.765181E+00 4.758152E+01 -8.448167E+01
      vertex -3.234819E+00 4.758152E+01 -8.448167E+01
    endloop
  endfacet
  facet normal 0.000000E+00 0.000000E+00 -1.000000E+00
    outer loop
      vertex -6.442676E+01 2.400146E+01 -8.448167E+01
      vertex -3.835737E+01 3.325462E+01 -8.448167E+01
      vertex -3.834960E+01 3.323243E+01 -8.448167E+01
    endloop
  endfacet
  facet normal 0.000000E+00 0.000000E+00 -1.000000E+00
    outer loop
      vertex -6.442676E+01 2.400146E+01 -8.448167E+01
      vertex -6.465316E+01 2.446096E+01 -8.448167E+01
      vertex -3.896920E+01 3.518187E+01 -8.448167E+01
    endloop
  endfacet
  facet normal 0.000000E+00 0.000000E+00 -1.000000E+00
    outer loop
      vertex -4.142138E+00 2.536968E+01 -8.448167E+01
      vertex -3.765181E+00 4.758152E+01 -8.448167E+01
      vertex -3.638111E+00 2.546114E+01 -8.448167E+01
    endloop
  endfacet
  facet normal 0.000000E+00 0.000000E+00 -1.000000E+00
    outer loop
      vertex -4.142138E+00 2.536968E+01 -8.448167E+01
      vertex -4.280131E+00 4.770845E+01 -8.448167E+01
      vertex -3.765181E+00 4.758152E+01 -8.448167E+01
    endloop
  endfacet
  facet normal 0.000000E+00 0.000000E+00 -1.000000E+00
    outer loop
      vertex -6.585786E+01 2.536968E+01 -8.448167E+01
      vertex -6.571987E+01 4.770845E+01 -8.448167E+01
      vertex -6.538865E+01 2.516414E+01 -8.448167E+01
    endloop
  endfacet
  facet normal 0.000000E+00 0.000000E+00 -1.000000E+00
    outer loop
      vertex -6.585786E+01 2.536968E+01 -8.448167E+01
      vertex -6.623482E+01 4.758152E+01 -8.448167E+01
      vertex -6.571987E+01 4.770845E+01 -8.448167E+01
    endloop
  endfacet
  facet normal 0.000000E+00 0.000000E+00 -1.000000E+00
    outer loop
      vertex -4.611350E+00 2.516414E+01 -8.448167E+01
      vertex -4.280131E+00 4.770845E+01 -8.448167E+01
      vertex -4.142138E+00 2.536968E+01 -8.448167E+01
    endloop
  endfacet
  facet normal 0.000000E+00 0.000000E+00 -1.000000E+00
    outer loop
      vertex -6.435664E+01 2.376148E+01 -8.448167E+01
      vertex -6.442676E+01 2.400146E+01 -8.448167E+01
      vertex -3.834960E+01 3.323243E+01 -8.448167E+01
    endloop
  endfacet
  facet normal 0.000000E+00 0.000000E+00 -1.000000E+00
    outer loop
      vertex -4.611350E+00 2.516414E+01 -8.448167E+01
      vertex -4.749743E+00 4.795492E+01 -8.448167E+01
      vertex -4.280131E+00 4.770845E+01 -8.448167E+01
    endloop
  endfacet
  facet normal 0.000000E+00 0.000000E+00 -1.000000E+00
    outer loop
      vertex -6.431421E+01 2.351509E+01 -8.448167E+01
      vertex -3.834960E+01 3.323243E+01 -8.448167E+01
      vertex -3.833709E+01 3.321252E+01 -8.448167E+01
    endloop
  endfacet
  facet normal 0.000000E+00 0.000000E+00 -1.000000E+00
    outer loop
      vertex -5.020308E+00 2.485566E+01 -8.448167E+01
      vertex -4.749743E+00 4.795492E+01 -8.448167E+01
      vertex -4.611350E+00 2.516414E+01 -8.448167E+01
    endloop
  endfacet
  facet normal 0.000000E+00 0.000000E+00 -1.000000E+00
    outer loop
      vertex -6.431421E+01 2.351509E+01 -8.448167E+01
      vertex -6.435664E+01 2.376148E+01 -8.448167E+01
      vertex -3.834960E+01 3.323243E+01 -8.448167E+01
    endloop
  endfacet
  facet normal 0.000000E+00 0.000000E+00 -1.000000E+00
    outer loop
      vertex -5.020308E+00 2.485566E+01 -8.448167E+01
      vertex -5.146724E+00 4.830661E+01 -8.448167E+01
      vertex -4.749743E+00 4.795492E+01 -8.448167E+01
    endloop
  endfacet
  facet normal 0.000000E+00 0.000000E+00 -1.000000E+00
    outer loop
      vertex -6.636189E+01 2.546114E+01 -8.448167E+01
      vertex -6.623482E+01 4.758152E+01 -8.448167E+01
      vertex -6.585786E+01 2.536968E+01 -8.448167E+01
    endloop
  endfacet
  facet normal 0.000000E+00 0.000000E+00 -1.000000E+00
    outer loop
      vertex -6.636189E+01 2.546114E+01 -8.448167E+01
      vertex -6.676518E+01 4.758152E+01 -8.448167E+01
      vertex -6.623482E+01 4.758152E+01 -8.448167E+01
    endloop
  endfacet
  facet normal 0.000000E+00 0.000000E+00 -1.000000E+00
    outer loop
      vertex -6.430000E+01 2.326548E+01 -8.448167E+01
      vertex -3.833709E+01 3.321252E+01 -8.448167E+01
      vertex -3.832047E+01 3.319589E+01 -8.448167E+01
    endloop
  endfacet
  facet normal 0.000000E+00 0.000000E+00 -1.000000E+00
    outer loop
      vertex -6.430000E+01 2.326548E+01 -8.448167E+01
      vertex -6.431421E+01 2.351509E+01 -8.448167E+01
      vertex -3.833709E+01 3.321252E+01 -8.448167E+01
    endloop
  endfacet
  facet normal 0.000000E+00 0.000000E+00 -1.000000E+00
    outer loop
      vertex -6.687341E+01 2.543356E+01 -8.448167E+01
      vertex -6.728013E+01 4.770845E+01 -8.448167E+01
      vertex -6.676518E+01 4.758152E+01 -8.448167E+01
    endloop
  endfacet
  facet normal 0.000000E+00 0.000000E+00 -1.000000E+00
    outer loop
      vertex -6.687341E+01 2.543356E+01 -8.448167E+01
      vertex -6.676518E+01 4.758152E+01 -8.448167E+01
      vertex -6.636189E+01 2.546114E+01 -8.448167E+01
    endloop
  endfacet
  facet normal 0.000000E+00 0.000000E+00 -1.000000E+00
    outer loop
      vertex -6.436393E+01 2.273899E+01 -8.448167E+01
      vertex -3.832047E+01 3.319589E+01 -8.448167E+01
      vertex -3.830056E+01 3.318338E+01 -8.448167E+01
    endloop
  endfacet
  facet normal 0.000000E+00 0.000000E+00 -1.000000E+00
    outer loop
      vertex -6.436393E+01 2.273899E+01 -8.448167E+01
      vertex -6.430000E+01 2.326548E+01 -8.448167E+01
      vertex -3.832047E+01 3.319589E+01 -8.448167E+01
    endloop
  endfacet
  facet normal 0.000000E+00 0.000000E+00 -1.000000E+00
    outer loop
      vertex -6.736467E+01 2.528844E+01 -8.448167E+01
      vertex -6.774974E+01 4.795492E+01 -8.448167E+01
      vertex -6.728013E+01 4.770845E+01 -8.448167E+01
    endloop
  endfacet
  facet normal 0.000000E+00 0.000000E+00 -1.000000E+00
    outer loop
      vertex -6.736467E+01 2.528844E+01 -8.448167E+01
      vertex -6.728013E+01 4.770845E+01 -8.448167E+01
      vertex -6.687341E+01 2.543356E+01 -8.448167E+01
    endloop
  endfacet
  facet normal 0.000000E+00 0.000000E+00 -1.000000E+00
    outer loop
      vertex -6.455199E+01 2.224309E+01 -8.448167E+01
      vertex -3.830056E+01 3.318338E+01 -8.448167E+01
      vertex -3.827837E+01 3.317562E+01 -8.448167E+01
    endloop
  endfacet
  facet normal 0.000000E+00 0.000000E+00 -1.000000E+00
    outer loop
      vertex -6.455199E+01 2.224309E+01 -8.448167E+01
      vertex -6.436393E+01 2.273899E+01 -8.448167E+01
      vertex -3.830056E+01 3.318338E+01 -8.448167E+01
    endloop
  endfacet
  facet normal 0.000000E+00 0.000000E+00 -1.000000E+00
    outer loop
      vertex -6.780907E+01 2.503363E+01 -8.448167E+01
      vertex -6.774974E+01 4.795492E+01 -8.448167E+01
      vertex -6.736467E+01 2.528844E+01 -8.448167E+01
    endloop
  endfacet
  facet normal 0.000000E+00 0.000000E+00 -1.000000E+00
    outer loop
      vertex -6.780907E+01 2.503363E+01 -8.448167E+01
      vertex -6.814672E+01 4.830661E+01 -8.448167E+01
      vertex -6.774974E+01 4.795492E+01 -8.448167E+01
    endloop
  endfacet
  facet normal 0.000000E+00 0.000000E+00 -1.000000E+00
    outer loop
      vertex -6.485328E+01 2.180661E+01 -8.448167E+01
      vertex -6.455199E+01 2.224309E+01 -8.448167E+01
      vertex -3.827837E+01 3.317562E+01 -8.448167E+01
    endloop
  endfacet
  facet normal 0.000000E+00 0.000000E+00 -1.000000E+00
    outer loop
      vertex -6.485328E+01 2.180661E+01 -8.448167E+01
      vertex -3.827837E+01 3.317562E+01 -8.448167E+01
      vertex -3.825500E+01 3.317299E+01 -8.448167E+01
    endloop
  endfacet
  facet normal 0.000000E+00 0.000000E+00 -1.000000E+00
    outer loop
      vertex -6.818248E+01 2.468297E+01 -8.448167E+01
      vertex -6.814672E+01 4.830661E+01 -8.448167E+01
      vertex -6.780907E+01 2.503363E+01 -8.448167E+01
    endloop
  endfacet
  facet normal 0.000000E+00 0.000000E+00 -1.000000E+00
    outer loop
      vertex -6.818248E+01 2.468297E+01 -8.448167E+01
      vertex -6.844801E+01 4.874309E+01 -8.448167E+01
      vertex -6.814672E+01 4.830661E+01 -8.448167E+01
    endloop
  endfacet
  facet normal 0.000000E+00 0.000000E+00 -1.000000E+00
    outer loop
      vertex -5.000000E-01 1.397259E+01 -8.448167E+01
      vertex -5.146724E+00 2.180661E+01 -8.448167E+01
      vertex -4.749743E+00 2.145492E+01 -8.448167E+01
    endloop
  endfacet
  facet normal 0.000000E+00 0.000000E+00 -1.000000E+00
    outer loop
      vertex -5.000000E-01 1.397259E+01 -8.448167E+01
      vertex -4.749743E+00 2.145492E+01 -8.448167E+01
      vertex -4.280131E+00 2.120845E+01 -8.448167E+01
    endloop
  endfacet
  facet normal 0.000000E+00 0.000000E+00 -1.000000E+00
    outer loop
      vertex -5.000000E-01 1.397259E+01 -8.448167E+01
      vertex -4.280131E+00 2.120845E+01 -8.448167E+01
      vertex -3.765181E+00 2.108152E+01 -8.448167E+01
    endloop
  endfacet
  facet normal 0.000000E+00 0.000000E+00 -1.000000E+00
    outer loop
      vertex -5.000000E-01 1.397259E+01 -8.448167E+01
      vertex -3.765181E+00 2.108152E+01 -8.448167E+01
      vertex -3.234819E+00 2.108152E+01 -8.448167E+01
    endloop
  endfacet
  facet normal 0.000000E+00 0.000000E+00 -1.000000E+00
    outer loop
      vertex -5.000000E-01 1.397259E+01 -8.448167E+01
      vertex -3.234819E+00 2.108152E+01 -8.448167E+01
      vertex -2.719869E+00 2.120845E+01 -8.448167E+01
    endloop
  endfacet
  facet normal 0.000000E+00 0.000000E+00 -1.000000E+00
    outer loop
      vertex -5.000000E-01 1.397259E+01 -8.448167E+01
      vertex -2.719869E+00 2.120845E+01 -8.448167E+01
      vertex -2.250257E+00 2.145492E+01 -8.448167E+01
    endloop
  endfacet
  facet normal 0.000000E+00 0.000000E+00 -1.000000E+00
    outer loop
      vertex -5.000000E-01 1.397259E+01 -8.448167E+01
      vertex -2.250257E+00 2.145492E+01 -8.448167E+01
      vertex -1.853276E+00 2.180661E+01 -8.448167E+01
    endloop
  endfacet
  facet normal 0.000000E+00 0.000000E+00 -1.000000E+00
    outer loop
      vertex -5.000000E-01 1.397259E+01 -8.448167E+01
      vertex -1.853276E+00 2.180661E+01 -8.448167E+01
      vertex -1.551997E+00 2.224309E+01 -8.448167E+01
    endloop
  endfacet
  facet normal 0.000000E+00 0.000000E+00 -1.000000E+00
    outer loop
      vertex -6.846468E+01 2.425545E+01 -8.448167E+01
      vertex -6.844801E+01 4.874309E+01 -8.448167E+01
      vertex -6.818248E+01 2.468297E+01 -8.448167E+01
    endloop
  endfacet
  facet normal 0.000000E+00 0.000000E+00 -1.000000E+00
    outer loop
      vertex -5.000000E-01 1.397259E+01 -8.448167E+01
      vertex -1.551997E+00 2.224309E+01 -8.448167E+01
      vertex -1.363928E+00 2.273899E+01 -8.448167E+01
    endloop
  endfacet
  facet normal 0.000000E+00 0.000000E+00 -1.000000E+00
    outer loop
      vertex -5.000000E-01 1.397259E+01 -8.448167E+01
      vertex -1.363928E+00 2.273899E+01 -8.448167E+01
      vertex -1.300000E+00 2.326548E+01 -8.448167E+01
    endloop
  endfacet
  facet normal 0.000000E+00 0.000000E+00 -1.000000E+00
    outer loop
      vertex -6.846468E+01 2.425545E+01 -8.448167E+01
      vertex -6.863607E+01 4.923899E+01 -8.448167E+01
      vertex -6.844801E+01 4.874309E+01 -8.448167E+01
    endloop
  endfacet
  facet normal 0.000000E+00 0.000000E+00 -1.000000E+00
    outer loop
      vertex -5.000000E-01 1.397259E+01 -8.448167E+01
      vertex -1.300000E+00 2.326548E+01 -8.448167E+01
      vertex -5.000000E-01 5.626548E+01 -8.448167E+01
    endloop
  endfacet
  facet normal 0.000000E+00 0.000000E+00 -1.000000E+00
    outer loop
      vertex -3.104953E+01 3.703508E+01 -8.448167E+01
      vertex -5.687393E+00 5.000067E+01 -8.448167E+01
      vertex -5.700000E+00 4.976548E+01 -8.448167E+01
    endloop
  endfacet
  facet normal 0.000000E+00 0.000000E+00 -1.000000E+00
    outer loop
      vertex -3.104953E+01 3.703508E+01 -8.448167E+01
      vertex -5.700000E+00 4.976548E+01 -8.448167E+01
      vertex -5.636072E+00 4.923899E+01 -8.448167E+01
    endloop
  endfacet
  facet normal 0.000000E+00 0.000000E+00 -1.000000E+00
    outer loop
      vertex -3.104953E+01 3.703508E+01 -8.448167E+01
      vertex -5.636072E+00 4.923899E+01 -8.448167E+01
      vertex -3.103291E+01 3.701845E+01 -8.448167E+01
    endloop
  endfacet
  facet normal 0.000000E+00 0.000000E+00 -1.000000E+00
    outer loop
      vertex -3.102040E+01 3.699854E+01 -8.448167E+01
      vertex -5.636072E+00 4.923899E+01 -8.448167E+01
      vertex -5.448003E+00 4.874309E+01 -8.448167E+01
    endloop
  endfacet
  facet normal 0.000000E+00 0.000000E+00 -1.000000E+00
    outer loop
      vertex -3.102040E+01 3.699854E+01 -8.448167E+01
      vertex -3.103291E+01 3.701845E+01 -8.448167E+01
      vertex -5.636072E+00 4.923899E+01 -8.448167E+01
    endloop
  endfacet
  facet normal 0.000000E+00 0.000000E+00 -1.000000E+00
    outer loop
      vertex -6.950000E+01 1.397259E+01 -8.448167E+01
      vertex -3.825500E+01 3.317299E+01 -8.448167E+01
      vertex -3.174500E+01 3.317299E+01 -8.448167E+01
    endloop
  endfacet
  facet normal 0.000000E+00 0.000000E+00 -1.000000E+00
    outer loop
      vertex -6.950000E+01 1.397259E+01 -8.448167E+01
      vertex -3.174500E+01 3.317299E+01 -8.448167E+01
      vertex -5.000000E-01 1.397259E+01 -8.448167E+01
    endloop
  endfacet
  facet normal 0.000000E+00 0.000000E+00 -1.000000E+00
    outer loop
      vertex -3.106944E+01 3.704758E+01 -8.448167E+01
      vertex -5.587403E+00 5.046029E+01 -8.448167E+01
      vertex -5.649717E+00 5.023315E+01 -8.448167E+01
    endloop
  endfacet
  facet normal 0.000000E+00 0.000000E+00 -1.000000E+00
    outer loop
      vertex -6.950000E+01 1.397259E+01 -8.448167E+01
      vertex -6.485328E+01 2.180661E+01 -8.448167E+01
      vertex -3.825500E+01 3.317299E+01 -8.448167E+01
    endloop
  endfacet
  facet normal 0.000000E+00 0.000000E+00 -1.000000E+00
    outer loop
      vertex -3.106944E+01 3.704758E+01 -8.448167E+01
      vertex -5.649717E+00 5.023315E+01 -8.448167E+01
      vertex -5.687393E+00 5.000067E+01 -8.448167E+01
    endloop
  endfacet
  facet normal 0.000000E+00 0.000000E+00 -1.000000E+00
    outer loop
      vertex -6.950000E+01 1.397259E+01 -8.448167E+01
      vertex -6.870000E+01 2.326548E+01 -8.448167E+01
      vertex -6.863607E+01 2.273899E+01 -8.448167E+01
    endloop
  endfacet
  facet normal 0.000000E+00 0.000000E+00 -1.000000E+00
    outer loop
      vertex -3.106944E+01 3.704758E+01 -8.448167E+01
      vertex -5.687393E+00 5.000067E+01 -8.448167E+01
      vertex -3.104953E+01 3.703508E+01 -8.448167E+01
    endloop
  endfacet
  facet normal 0.000000E+00 0.000000E+00 -1.000000E+00
    outer loop
      vertex -6.950000E+01 1.397259E+01 -8.448167E+01
      vertex -6.863607E+01 2.273899E+01 -8.448167E+01
      vertex -6.844801E+01 2.224309E+01 -8.448167E+01
    endloop
  endfacet
  facet normal 0.000000E+00 0.000000E+00 -1.000000E+00
    outer loop
      vertex -6.950000E+01 1.397259E+01 -8.448167E+01
      vertex -6.844801E+01 2.224309E+01 -8.448167E+01
      vertex -6.814672E+01 2.180661E+01 -8.448167E+01
    endloop
  endfacet
  facet normal 0.000000E+00 0.000000E+00 -1.000000E+00
    outer loop
      vertex -6.950000E+01 1.397259E+01 -8.448167E+01
      vertex -6.814672E+01 2.180661E+01 -8.448167E+01
      vertex -6.774974E+01 2.145492E+01 -8.448167E+01
    endloop
  endfacet
  facet normal 0.000000E+00 0.000000E+00 -1.000000E+00
    outer loop
      vertex -3.101263E+01 3.697635E+01 -8.448167E+01
      vertex -3.102040E+01 3.699854E+01 -8.448167E+01
      vertex -5.448003E+00 4.874309E+01 -8.448167E+01
    endloop
  endfacet
  facet normal 0.000000E+00 0.000000E+00 -1.000000E+00
    outer loop
      vertex -6.950000E+01 1.397259E+01 -8.448167E+01
      vertex -6.774974E+01 2.145492E+01 -8.448167E+01
      vertex -6.728013E+01 2.120845E+01 -8.448167E+01
    endloop
  endfacet
  facet normal 0.000000E+00 0.000000E+00 -1.000000E+00
    outer loop
      vertex -6.950000E+01 1.397259E+01 -8.448167E+01
      vertex -6.728013E+01 2.120845E+01 -8.448167E+01
      vertex -6.676518E+01 2.108152E+01 -8.448167E+01
    endloop
  endfacet
  facet normal 0.000000E+00 0.000000E+00 -1.000000E+00
    outer loop
      vertex -6.950000E+01 1.397259E+01 -8.448167E+01
      vertex -6.676518E+01 2.108152E+01 -8.448167E+01
      vertex -6.623482E+01 2.108152E+01 -8.448167E+01
    endloop
  endfacet
  facet normal 0.000000E+00 0.000000E+00 -1.000000E+00
    outer loop
      vertex -6.950000E+01 1.397259E+01 -8.448167E+01
      vertex -6.623482E+01 2.108152E+01 -8.448167E+01
      vertex -6.571987E+01 2.120845E+01 -8.448167E+01
    endloop
  endfacet
  facet normal 0.000000E+00 0.000000E+00 -1.000000E+00
    outer loop
      vertex -6.950000E+01 1.397259E+01 -8.448167E+01
      vertex -6.571987E+01 2.120845E+01 -8.448167E+01
      vertex -6.525026E+01 2.145492E+01 -8.448167E+01
    endloop
  endfacet
  facet normal 0.000000E+00 0.000000E+00 -1.000000E+00
    outer loop
      vertex -6.950000E+01 1.397259E+01 -8.448167E+01
      vertex -6.525026E+01 2.145492E+01 -8.448167E+01
      vertex -6.485328E+01 2.180661E+01 -8.448167E+01
    endloop
  endfacet
  facet normal 0.000000E+00 0.000000E+00 -1.000000E+00
    outer loop
      vertex -6.950000E+01 1.397259E+01 -8.448167E+01
      vertex -6.950000E+01 5.626548E+01 -8.448167E+01
      vertex -6.870000E+01 4.976548E+01 -8.448167E+01
    endloop
  endfacet
  facet normal 0.000000E+00 0.000000E+00 -1.000000E+00
    outer loop
      vertex -6.950000E+01 1.397259E+01 -8.448167E+01
      vertex -6.870000E+01 4.976548E+01 -8.448167E+01
      vertex -6.863607E+01 4.923899E+01 -8.448167E+01
    endloop
  endfacet
  facet normal 0.000000E+00 0.000000E+00 -1.000000E+00
    outer loop
      vertex -6.950000E+01 1.397259E+01 -8.448167E+01
      vertex -6.863607E+01 4.923899E+01 -8.448167E+01
      vertex -6.870000E+01 2.326548E+01 -8.448167E+01
    endloop
  endfacet
  facet normal 0.000000E+00 0.000000E+00 -1.000000E+00
    outer loop
      vertex -3.101263E+01 3.697635E+01 -8.448167E+01
      vertex -5.448003E+00 4.874309E+01 -8.448167E+01
      vertex -5.146724E+00 4.830661E+01 -8.448167E+01
    endloop
  endfacet
  facet normal 0.000000E+00 0.000000E+00 -1.000000E+00
    outer loop
      vertex -6.870000E+01 2.326548E+01 -8.448167E+01
      vertex -6.863607E+01 4.923899E+01 -8.448167E+01
      vertex -6.864037E+01 2.377426E+01 -8.448167E+01
    endloop
  endfacet
  facet normal 0.000000E+00 0.000000E+00 -1.000000E+00
    outer loop
      vertex -6.864037E+01 2.377426E+01 -8.448167E+01
      vertex -6.863607E+01 4.923899E+01 -8.448167E+01
      vertex -6.846468E+01 2.425545E+01 -8.448167E+01
    endloop
  endfacet
  facet normal 0.000000E+00 0.000000E+00 -1.000000E+00
    outer loop
      vertex -3.109163E+01 3.705535E+01 -8.448167E+01
      vertex -5.368224E+00 5.092727E+01 -8.448167E+01
      vertex -5.587403E+00 5.046029E+01 -8.448167E+01
    endloop
  endfacet
  facet normal 0.000000E+00 0.000000E+00 -1.000000E+00
    outer loop
      vertex -3.109163E+01 3.705535E+01 -8.448167E+01
      vertex -5.587403E+00 5.046029E+01 -8.448167E+01
      vertex -3.106944E+01 3.704758E+01 -8.448167E+01
    endloop
  endfacet
  facet normal 0.000000E+00 0.000000E+00 -1.000000E+00
    outer loop
      vertex -3.111500E+01 3.705798E+01 -8.448167E+01
      vertex -5.046326E+00 5.133037E+01 -8.448167E+01
      vertex -5.368224E+00 5.092727E+01 -8.448167E+01
    endloop
  endfacet
  facet normal 0.000000E+00 0.000000E+00 -1.000000E+00
    outer loop
      vertex -3.111500E+01 3.705798E+01 -8.448167E+01
      vertex -5.368224E+00 5.092727E+01 -8.448167E+01
      vertex -3.109163E+01 3.705535E+01 -8.448167E+01
    endloop
  endfacet
  facet normal 0.000000E+00 0.000000E+00 -1.000000E+00
    outer loop
      vertex -3.101000E+01 3.695298E+01 -8.448167E+01
      vertex -3.101263E+01 3.697635E+01 -8.448167E+01
      vertex -5.146724E+00 4.830661E+01 -8.448167E+01
    endloop
  endfacet
  facet normal 0.000000E+00 0.000000E+00 -1.000000E+00
    outer loop
      vertex -3.101000E+01 3.695298E+01 -8.448167E+01
      vertex -5.146724E+00 4.830661E+01 -8.448167E+01
      vertex -5.020308E+00 2.485566E+01 -8.448167E+01
    endloop
  endfacet
  facet normal 0.000000E+00 0.000000E+00 -1.000000E+00
    outer loop
      vertex -3.101000E+01 3.527298E+01 -8.448167E+01
      vertex -5.020308E+00 2.485566E+01 -8.448167E+01
      vertex -5.346842E+00 2.446096E+01 -8.448167E+01
    endloop
  endfacet
  facet normal 0.000000E+00 0.000000E+00 -1.000000E+00
    outer loop
      vertex -3.101000E+01 3.527298E+01 -8.448167E+01
      vertex -3.101000E+01 3.695298E+01 -8.448167E+01
      vertex -5.020308E+00 2.485566E+01 -8.448167E+01
    endloop
  endfacet
  facet normal 0.000000E+00 0.000000E+00 -1.000000E+00
    outer loop
      vertex -3.101526E+01 3.522625E+01 -8.448167E+01
      vertex -3.101000E+01 3.527298E+01 -8.448167E+01
      vertex -5.346842E+00 2.446096E+01 -8.448167E+01
    endloop
  endfacet
  facet normal 0.000000E+00 0.000000E+00 -1.000000E+00
    outer loop
      vertex -3.103080E+01 3.518187E+01 -8.448167E+01
      vertex -3.101526E+01 3.522625E+01 -8.448167E+01
      vertex -5.346842E+00 2.446096E+01 -8.448167E+01
    endloop
  endfacet
  facet normal 0.000000E+00 0.000000E+00 -1.000000E+00
    outer loop
      vertex -3.103080E+01 3.518187E+01 -8.448167E+01
      vertex -5.346842E+00 2.446096E+01 -8.448167E+01
      vertex -5.573245E+00 2.400146E+01 -8.448167E+01
    endloop
  endfacet
  facet normal 0.000000E+00 0.000000E+00 -1.000000E+00
    outer loop
      vertex -3.152112E+01 3.504219E+01 -8.448167E+01
      vertex -3.147673E+01 3.505772E+01 -8.448167E+01
      vertex -3.143000E+01 3.506298E+01 -8.448167E+01
    endloop
  endfacet
  facet normal 0.000000E+00 0.000000E+00 -1.000000E+00
    outer loop
      vertex -3.161920E+01 3.494410E+01 -8.448167E+01
      vertex -3.159418E+01 3.498392E+01 -8.448167E+01
      vertex -3.156093E+01 3.501717E+01 -8.448167E+01
    endloop
  endfacet
  facet normal 0.000000E+00 0.000000E+00 -1.000000E+00
    outer loop
      vertex -3.161920E+01 3.494410E+01 -8.448167E+01
      vertex -3.156093E+01 3.501717E+01 -8.448167E+01
      vertex -3.152112E+01 3.504219E+01 -8.448167E+01
    endloop
  endfacet
  facet normal 0.000000E+00 0.000000E+00 -1.000000E+00
    outer loop
      vertex -3.164000E+01 3.485298E+01 -8.448167E+01
      vertex -3.152112E+01 3.504219E+01 -8.448167E+01
      vertex -3.143000E+01 3.506298E+01 -8.448167E+01
    endloop
  endfacet
  facet normal 0.000000E+00 0.000000E+00 -1.000000E+00
    outer loop
      vertex -3.164000E+01 3.485298E+01 -8.448167E+01
      vertex -3.161920E+01 3.494410E+01 -8.448167E+01
      vertex -3.152112E+01 3.504219E+01 -8.448167E+01
    endloop
  endfacet
  facet normal 0.000000E+00 0.000000E+00 -1.000000E+00
    outer loop
      vertex -3.164000E+01 3.485298E+01 -8.448167E+01
      vertex -3.163474E+01 3.489971E+01 -8.448167E+01
      vertex -3.161920E+01 3.494410E+01 -8.448167E+01
    endloop
  endfacet
  facet normal 0.000000E+00 0.000000E+00 -1.000000E+00
    outer loop
      vertex -3.164000E+01 3.485298E+01 -8.448167E+01
      vertex -3.143000E+01 3.506298E+01 -8.448167E+01
      vertex -3.122000E+01 3.506298E+01 -8.448167E+01
    endloop
  endfacet
  facet normal 0.000000E+00 0.000000E+00 -1.000000E+00
    outer loop
      vertex -3.164000E+01 3.485298E+01 -8.448167E+01
      vertex -3.122000E+01 3.506298E+01 -8.448167E+01
      vertex -3.117327E+01 3.506825E+01 -8.448167E+01
    endloop
  endfacet
  facet normal 0.000000E+00 0.000000E+00 -1.000000E+00
    outer loop
      vertex -3.164000E+01 3.327798E+01 -8.448167E+01
      vertex -3.164000E+01 3.485298E+01 -8.448167E+01
      vertex -3.117327E+01 3.506825E+01 -8.448167E+01
    endloop
  endfacet
  facet normal 0.000000E+00 0.000000E+00 -1.000000E+00
    outer loop
      vertex -3.164000E+01 3.327798E+01 -8.448167E+01
      vertex -3.117327E+01 3.506825E+01 -8.448167E+01
      vertex -3.112889E+01 3.508378E+01 -8.448167E+01
    endloop
  endfacet
  facet normal 0.000000E+00 0.000000E+00 -1.000000E+00
    outer loop
      vertex -3.164000E+01 3.327798E+01 -8.448167E+01
      vertex -3.112889E+01 3.508378E+01 -8.448167E+01
      vertex -3.108907E+01 3.510880E+01 -8.448167E+01
    endloop
  endfacet
  facet normal 0.000000E+00 0.000000E+00 -1.000000E+00
    outer loop
      vertex -3.164000E+01 3.327798E+01 -8.448167E+01
      vertex -3.108907E+01 3.510880E+01 -8.448167E+01
      vertex -3.105581E+01 3.514205E+01 -8.448167E+01
    endloop
  endfacet
  facet normal 0.000000E+00 0.000000E+00 -1.000000E+00
    outer loop
      vertex -3.164000E+01 3.327798E+01 -8.448167E+01
      vertex -3.105581E+01 3.514205E+01 -8.448167E+01
      vertex -3.103080E+01 3.518187E+01 -8.448167E+01
    endloop
  endfacet
  facet normal 0.000000E+00 0.000000E+00 -1.000000E+00
    outer loop
      vertex -3.164263E+01 3.325462E+01 -8.448167E+01
      vertex -3.103080E+01 3.518187E+01 -8.448167E+01
      vertex -5.573245E+00 2.400146E+01 -8.448167E+01
    endloop
  endfacet
  facet normal 0.000000E+00 0.000000E+00 -1.000000E+00
    outer loop
      vertex -3.164263E+01 3.325462E+01 -8.448167E+01
      vertex -3.164000E+01 3.327798E+01 -8.448167E+01
      vertex -3.103080E+01 3.518187E+01 -8.448167E+01
    endloop
  endfacet
  facet normal 0.000000E+00 0.000000E+00 -1.000000E+00
    outer loop
      vertex -3.165040E+01 3.323243E+01 -8.448167E+01
      vertex -5.573245E+00 2.400146E+01 -8.448167E+01
      vertex -5.643360E+00 2.376148E+01 -8.448167E+01
    endloop
  endfacet
  facet normal 0.000000E+00 0.000000E+00 -1.000000E+00
    outer loop
      vertex -3.165040E+01 3.323243E+01 -8.448167E+01
      vertex -5.643360E+00 2.376148E+01 -8.448167E+01
      vertex -5.685794E+00 2.351509E+01 -8.448167E+01
    endloop
  endfacet
  facet normal 0.000000E+00 0.000000E+00 -1.000000E+00
    outer loop
      vertex -3.165040E+01 3.323243E+01 -8.448167E+01
      vertex -3.164263E+01 3.325462E+01 -8.448167E+01
      vertex -5.573245E+00 2.400146E+01 -8.448167E+01
    endloop
  endfacet
  facet normal 0.000000E+00 0.000000E+00 -1.000000E+00
    outer loop
      vertex -3.166291E+01 3.321252E+01 -8.448167E+01
      vertex -5.685794E+00 2.351509E+01 -8.448167E+01
      vertex -5.700000E+00 2.326548E+01 -8.448167E+01
    endloop
  endfacet
  facet normal 0.000000E+00 0.000000E+00 -1.000000E+00
    outer loop
      vertex -3.166291E+01 3.321252E+01 -8.448167E+01
      vertex -3.165040E+01 3.323243E+01 -8.448167E+01
      vertex -5.685794E+00 2.351509E+01 -8.448167E+01
    endloop
  endfacet
  facet normal 0.000000E+00 0.000000E+00 -1.000000E+00
    outer loop
      vertex -3.167953E+01 3.319589E+01 -8.448167E+01
      vertex -5.700000E+00 2.326548E+01 -8.448167E+01
      vertex -5.636072E+00 2.273899E+01 -8.448167E+01
    endloop
  endfacet
  facet normal 0.000000E+00 0.000000E+00 -1.000000E+00
    outer loop
      vertex -3.167953E+01 3.319589E+01 -8.448167E+01
      vertex -3.166291E+01 3.321252E+01 -8.448167E+01
      vertex -5.700000E+00 2.326548E+01 -8.448167E+01
    endloop
  endfacet
  facet normal 0.000000E+00 0.000000E+00 -1.000000E+00
    outer loop
      vertex -3.169944E+01 3.318338E+01 -8.448167E+01
      vertex -5.636072E+00 2.273899E+01 -8.448167E+01
      vertex -5.448003E+00 2.224309E+01 -8.448167E+01
    endloop
  endfacet
  facet normal 0.000000E+00 0.000000E+00 -1.000000E+00
    outer loop
      vertex -3.169944E+01 3.318338E+01 -8.448167E+01
      vertex -3.167953E+01 3.319589E+01 -8.448167E+01
      vertex -5.636072E+00 2.273899E+01 -8.448167E+01
    endloop
  endfacet
  facet normal 0.000000E+00 0.000000E+00 -1.000000E+00
    outer loop
      vertex -3.172164E+01 3.317562E+01 -8.448167E+01
      vertex -5.448003E+00 2.224309E+01 -8.448167E+01
      vertex -5.146724E+00 2.180661E+01 -8.448167E+01
    endloop
  endfacet
  facet normal 0.000000E+00 0.000000E+00 -1.000000E+00
    outer loop
      vertex -3.172164E+01 3.317562E+01 -8.448167E+01
      vertex -3.169944E+01 3.318338E+01 -8.448167E+01
      vertex -5.448003E+00 2.224309E+01 -8.448167E+01
    endloop
  endfacet
  facet normal 0.000000E+00 0.000000E+00 -1.000000E+00
    outer loop
      vertex -3.174500E+01 3.317299E+01 -8.448167E+01
      vertex -3.172164E+01 3.317562E+01 -8.448167E+01
      vertex -5.146724E+00 2.180661E+01 -8.448167E+01
    endloop
  endfacet
  facet normal 0.000000E+00 0.000000E+00 -1.000000E+00
    outer loop
      vertex -3.174500E+01 3.317299E+01 -8.448167E+01
      vertex -5.146724E+00 2.180661E+01 -8.448167E+01
      vertex -5.000000E-01 1.397259E+01 -8.448167E+01
    endloop
  endfacet
  facet normal 0.000000E+00 0.000000E+00 -1.000000E+00
    outer loop
      vertex -3.847889E+01 3.504219E+01 -8.448167E+01
      vertex -3.843907E+01 3.501717E+01 -8.448167E+01
      vertex -3.840582E+01 3.498392E+01 -8.448167E+01
    endloop
  endfacet
  facet normal 0.000000E+00 0.000000E+00 -1.000000E+00
    outer loop
      vertex -3.852327E+01 3.505772E+01 -8.448167E+01
      vertex -3.840582E+01 3.498392E+01 -8.448167E+01
      vertex -3.838080E+01 3.494410E+01 -8.448167E+01
    endloop
  endfacet
  facet normal 0.000000E+00 0.000000E+00 -1.000000E+00
    outer loop
      vertex -3.852327E+01 3.505772E+01 -8.448167E+01
      vertex -3.847889E+01 3.504219E+01 -8.448167E+01
      vertex -3.840582E+01 3.498392E+01 -8.448167E+01
    endloop
  endfacet
  facet normal 0.000000E+00 0.000000E+00 -1.000000E+00
    outer loop
      vertex -3.857000E+01 3.506298E+01 -8.448167E+01
      vertex -3.852327E+01 3.505772E+01 -8.448167E+01
      vertex -3.838080E+01 3.494410E+01 -8.448167E+01
    endloop
  endfacet
  facet normal 0.000000E+00 0.000000E+00 -1.000000E+00
    outer loop
      vertex -3.836000E+01 3.485298E+01 -8.448167E+01
      vertex -3.838080E+01 3.494410E+01 -8.448167E+01
      vertex -3.836526E+01 3.489971E+01 -8.448167E+01
    endloop
  endfacet
  facet normal 0.000000E+00 0.000000E+00 -1.000000E+00
    outer loop
      vertex -3.836000E+01 3.485298E+01 -8.448167E+01
      vertex -3.857000E+01 3.506298E+01 -8.448167E+01
      vertex -3.838080E+01 3.494410E+01 -8.448167E+01
    endloop
  endfacet
  facet normal 0.000000E+00 0.000000E+00 -1.000000E+00
    outer loop
      vertex -3.878000E+01 3.506298E+01 -8.448167E+01
      vertex -3.857000E+01 3.506298E+01 -8.448167E+01
      vertex -3.836000E+01 3.485298E+01 -8.448167E+01
    endloop
  endfacet
  facet normal 0.000000E+00 0.000000E+00 -1.000000E+00
    outer loop
      vertex -3.882673E+01 3.506825E+01 -8.448167E+01
      vertex -3.878000E+01 3.506298E+01 -8.448167E+01
      vertex -3.836000E+01 3.485298E+01 -8.448167E+01
    endloop
  endfacet
  facet normal 0.000000E+00 0.000000E+00 -1.000000E+00
    outer loop
      vertex -3.836000E+01 3.327798E+01 -8.448167E+01
      vertex -3.882673E+01 3.506825E+01 -8.448167E+01
      vertex -3.836000E+01 3.485298E+01 -8.448167E+01
    endloop
  endfacet
  facet normal 0.000000E+00 0.000000E+00 -1.000000E+00
    outer loop
      vertex -3.836000E+01 3.327798E+01 -8.448167E+01
      vertex -3.896920E+01 3.518187E+01 -8.448167E+01
      vertex -3.894418E+01 3.514205E+01 -8.448167E+01
    endloop
  endfacet
  facet normal 0.000000E+00 0.000000E+00 -1.000000E+00
    outer loop
      vertex -3.836000E+01 3.327798E+01 -8.448167E+01
      vertex -3.894418E+01 3.514205E+01 -8.448167E+01
      vertex -3.891093E+01 3.510880E+01 -8.448167E+01
    endloop
  endfacet
  facet normal 0.000000E+00 0.000000E+00 -1.000000E+00
    outer loop
      vertex -3.836000E+01 3.327798E+01 -8.448167E+01
      vertex -3.891093E+01 3.510880E+01 -8.448167E+01
      vertex -3.887112E+01 3.508378E+01 -8.448167E+01
    endloop
  endfacet
  facet normal 0.000000E+00 0.000000E+00 -1.000000E+00
    outer loop
      vertex -3.836000E+01 3.327798E+01 -8.448167E+01
      vertex -3.887112E+01 3.508378E+01 -8.448167E+01
      vertex -3.882673E+01 3.506825E+01 -8.448167E+01
    endloop
  endfacet
  facet normal 0.000000E+00 0.000000E+00 -1.000000E+00
    outer loop
      vertex -3.835737E+01 3.325462E+01 -8.448167E+01
      vertex -3.896920E+01 3.518187E+01 -8.448167E+01
      vertex -3.836000E+01 3.327798E+01 -8.448167E+01
    endloop
  endfacet
  facet normal 0.000000E+00 0.000000E+00 -1.000000E+00
    outer loop
      vertex -6.504211E+01 5.141308E+01 -8.448167E+01
      vertex -5.000000E-01 5.626548E+01 -8.448167E+01
      vertex -5.046326E+00 5.133037E+01 -8.448167E+01
    endloop
  endfacet
  facet normal 0.000000E+00 0.000000E+00 -1.000000E+00
    outer loop
      vertex -6.504211E+01 5.141308E+01 -8.448167E+01
      vertex -6.950000E+01 5.626548E+01 -8.448167E+01
      vertex -5.000000E-01 5.626548E+01 -8.448167E+01
    endloop
  endfacet
  facet normal 0.000000E+00 0.000000E+00 -1.000000E+00
    outer loop
      vertex -6.470551E+01 5.103819E+01 -8.448167E+01
      vertex -5.046326E+00 5.133037E+01 -8.448167E+01
      vertex -3.111500E+01 3.705798E+01 -8.448167E+01
    endloop
  endfacet
  facet normal 1.000000E+00 0.000000E+00 0.000000E+00
    outer loop
      vertex -3.836000E+01 3.485298E+01 -8.448167E+01
      vertex -3.836000E+01 3.327798E+01 -8.148167E+01
      vertex -3.836000E+01 3.327798E+01 -8.448167E+01
    endloop
  endfacet
  facet normal 1.000000E+00 0.000000E+00 0.000000E+00
    outer loop
      vertex -3.836000E+01 3.485298E+01 -8.148167E+01
      vertex -3.836000E+01 3.327798E+01 -8.148167E+01
      vertex -3.836000E+01 3.485298E+01 -8.448167E+01
    endloop
  endfacet
  facet normal 9.937144E-01 1.119450E-01 0.000000E+00
    outer loop
      vertex -3.836526E+01 3.489971E+01 -8.148167E+01
      vertex -3.836000E+01 3.485298E+01 -8.148167E+01
      vertex -3.836000E+01 3.485298E+01 -8.448167E+01
    endloop
  endfacet
  facet normal 9.937144E-01 1.119450E-01 0.000000E+00
    outer loop
      vertex -3.836526E+01 3.489971E+01 -8.148167E+01
      vertex -3.836000E+01 3.485298E+01 -8.448167E+01
      vertex -3.836526E+01 3.489971E+01 -8.448167E+01
    endloop
  endfacet
  facet normal 9.438736E-01 3.303071E-01 0.000000E+00
    outer loop
      vertex -3.838080E+01 3.494410E+01 -8.148167E+01
      vertex -3.836526E+01 3.489971E+01 -8.448167E+01
      vertex -3.838080E+01 3.494410E+01 -8.448167E+01
    endloop
  endfacet
  facet normal 9.438736E-01 3.303071E-01 0.000000E+00
    outer loop
      vertex -3.838080E+01 3.494410E+01 -8.148167E+01
      vertex -3.836526E+01 3.489971E+01 -8.148167E+01
      vertex -3.836526E+01 3.489971E+01 -8.448167E+01
    endloop
  endfacet
  facet normal 8.467473E-01 5.319955E-01 0.000000E+00
    outer loop
      vertex -3.840582E+01 3.498392E+01 -8.148167E+01
      vertex -3.838080E+01 3.494410E+01 -8.448167E+01
      vertex -3.840582E+01 3.498392E+01 -8.448167E+01
    endloop
  endfacet
  facet normal 8.467473E-01 5.319955E-01 0.000000E+00
    outer loop
      vertex -3.840582E+01 3.498392E+01 -8.148167E+01
      vertex -3.838080E+01 3.494410E+01 -8.148167E+01
      vertex -3.838080E+01 3.494410E+01 -8.448167E+01
    endloop
  endfacet
  facet normal 7.070662E-01 7.071474E-01 0.000000E+00
    outer loop
      vertex -3.843907E+01 3.501717E+01 -8.148167E+01
      vertex -3.840582E+01 3.498392E+01 -8.448167E+01
      vertex -3.843907E+01 3.501717E+01 -8.448167E+01
    endloop
  endfacet
  facet normal 7.070662E-01 7.071474E-01 0.000000E+00
    outer loop
      vertex -3.843907E+01 3.501717E+01 -8.148167E+01
      vertex -3.840582E+01 3.498392E+01 -8.148167E+01
      vertex -3.840582E+01 3.498392E+01 -8.448167E+01
    endloop
  endfacet
  facet normal 5.320536E-01 8.467107E-01 0.000000E+00
    outer loop
      vertex -3.847889E+01 3.504219E+01 -8.148167E+01
      vertex -3.843907E+01 3.501717E+01 -8.448167E+01
      vertex -3.847889E+01 3.504219E+01 -8.448167E+01
    endloop
  endfacet
  facet normal 5.320536E-01 8.467107E-01 0.000000E+00
    outer loop
      vertex -3.847889E+01 3.504219E+01 -8.148167E+01
      vertex -3.843907E+01 3.501717E+01 -8.148167E+01
      vertex -3.843907E+01 3.501717E+01 -8.448167E+01
    endloop
  endfacet
  facet normal 3.302601E-01 9.438900E-01 0.000000E+00
    outer loop
      vertex -3.852327E+01 3.505772E+01 -8.148167E+01
      vertex -3.847889E+01 3.504219E+01 -8.448167E+01
      vertex -3.852327E+01 3.505772E+01 -8.448167E+01
    endloop
  endfacet
  facet normal 3.302601E-01 9.438900E-01 0.000000E+00
    outer loop
      vertex -3.852327E+01 3.505772E+01 -8.148167E+01
      vertex -3.847889E+01 3.504219E+01 -8.148167E+01
      vertex -3.847889E+01 3.504219E+01 -8.448167E+01
    endloop
  endfacet
  facet normal 1.120251E-01 9.937054E-01 0.000000E+00
    outer loop
      vertex -3.857000E+01 3.506298E+01 -8.148167E+01
      vertex -3.852327E+01 3.505772E+01 -8.448167E+01
      vertex -3.857000E+01 3.506298E+01 -8.448167E+01
    endloop
  endfacet
  facet normal 1.120251E-01 9.937054E-01 0.000000E+00
    outer loop
      vertex -3.857000E+01 3.506298E+01 -8.148167E+01
      vertex -3.852327E+01 3.505772E+01 -8.148167E+01
      vertex -3.852327E+01 3.505772E+01 -8.448167E+01
    endloop
  endfacet
  facet normal 0.000000E+00 1.000000E+00 0.000000E+00
    outer loop
      vertex -3.878000E+01 3.506298E+01 -8.448167E+01
      vertex -3.857000E+01 3.506298E+01 -8.148167E+01
      vertex -3.857000E+01 3.506298E+01 -8.448167E+01
    endloop
  endfacet
  facet normal -0.000000E+00 1.000000E+00 0.000000E+00
    outer loop
      vertex -3.878000E+01 3.506298E+01 -8.148167E+01
      vertex -3.857000E+01 3.506298E+01 -8.148167E+01
      vertex -3.878000E+01 3.506298E+01 -8.448167E+01
    endloop
  endfacet
  facet normal 9.937054E-01 1.120251E-01 0.000000E+00
    outer loop
      vertex -3.899000E+01 3.527298E+01 -8.148167E+01
      vertex -3.898473E+01 3.522625E+01 -8.148167E+01
      vertex -3.899000E+01 3.527298E+01 -8.448167E+01
    endloop
  endfacet
  facet normal 9.937054E-01 1.120251E-01 0.000000E+00
    outer loop
      vertex -3.899000E+01 3.527298E+01 -8.448167E+01
      vertex -3.898473E+01 3.522625E+01 -8.148167E+01
      vertex -3.898473E+01 3.522625E+01 -8.448167E+01
    endloop
  endfacet
  facet normal 9.438900E-01 3.302601E-01 0.000000E+00
    outer loop
      vertex -3.898473E+01 3.522625E+01 -8.448167E+01
      vertex -3.896920E+01 3.518187E+01 -8.148167E+01
      vertex -3.896920E+01 3.518187E+01 -8.448167E+01
    endloop
  endfacet
  facet normal 9.438900E-01 3.302601E-01 0.000000E+00
    outer loop
      vertex -3.898473E+01 3.522625E+01 -8.148167E+01
      vertex -3.896920E+01 3.518187E+01 -8.148167E+01
      vertex -3.898473E+01 3.522625E+01 -8.448167E+01
    endloop
  endfacet
  facet normal 8.467107E-01 5.320536E-01 0.000000E+00
    outer loop
      vertex -3.896920E+01 3.518187E+01 -8.448167E+01
      vertex -3.894418E+01 3.514205E+01 -8.148167E+01
      vertex -3.894418E+01 3.514205E+01 -8.448167E+01
    endloop
  endfacet
  facet normal 8.467107E-01 5.320536E-01 0.000000E+00
    outer loop
      vertex -3.896920E+01 3.518187E+01 -8.148167E+01
      vertex -3.894418E+01 3.514205E+01 -8.148167E+01
      vertex -3.896920E+01 3.518187E+01 -8.448167E+01
    endloop
  endfacet
  facet normal 7.071474E-01 7.070662E-01 0.000000E+00
    outer loop
      vertex -3.894418E+01 3.514205E+01 -8.448167E+01
      vertex -3.891093E+01 3.510880E+01 -8.148167E+01
      vertex -3.891093E+01 3.510880E+01 -8.448167E+01
    endloop
  endfacet
  facet normal 7.071474E-01 7.070662E-01 0.000000E+00
    outer loop
      vertex -3.894418E+01 3.514205E+01 -8.148167E+01
      vertex -3.891093E+01 3.510880E+01 -8.148167E+01
      vertex -3.894418E+01 3.514205E+01 -8.448167E+01
    endloop
  endfacet
  facet normal 5.320536E-01 8.467107E-01 0.000000E+00
    outer loop
      vertex -3.891093E+01 3.510880E+01 -8.448167E+01
      vertex -3.887112E+01 3.508378E+01 -8.148167E+01
      vertex -3.887112E+01 3.508378E+01 -8.448167E+01
    endloop
  endfacet
  facet normal 5.320536E-01 8.467107E-01 0.000000E+00
    outer loop
      vertex -3.891093E+01 3.510880E+01 -8.148167E+01
      vertex -3.887112E+01 3.508378E+01 -8.148167E+01
      vertex -3.891093E+01 3.510880E+01 -8.448167E+01
    endloop
  endfacet
  facet normal 3.302348E-01 9.438988E-01 0.000000E+00
    outer loop
      vertex -3.887112E+01 3.508378E+01 -8.448167E+01
      vertex -3.882673E+01 3.506825E+01 -8.148167E+01
      vertex -3.882673E+01 3.506825E+01 -8.448167E+01
    endloop
  endfacet
  facet normal 3.302348E-01 9.438988E-01 0.000000E+00
    outer loop
      vertex -3.887112E+01 3.508378E+01 -8.148167E+01
      vertex -3.882673E+01 3.506825E+01 -8.148167E+01
      vertex -3.887112E+01 3.508378E+01 -8.448167E+01
    endloop
  endfacet
  facet normal 1.119450E-01 9.937144E-01 0.000000E+00
    outer loop
      vertex -3.882673E+01 3.506825E+01 -8.448167E+01
      vertex -3.878000E+01 3.506298E+01 -8.148167E+01
      vertex -3.878000E+01 3.506298E+01 -8.448167E+01
    endloop
  endfacet
  facet normal 1.119450E-01 9.937144E-01 0.000000E+00
    outer loop
      vertex -3.882673E+01 3.506825E+01 -8.148167E+01
      vertex -3.878000E+01 3.506298E+01 -8.148167E+01
      vertex -3.882673E+01 3.506825E+01 -8.448167E+01
    endloop
  endfacet
  facet normal 1.000000E+00 0.000000E+00 0.000000E+00
    outer loop
      vertex -3.899000E+01 3.695298E+01 -8.448167E+01
      vertex -3.899000E+01 3.527298E+01 -8.148167E+01
      vertex -3.899000E+01 3.527298E+01 -8.448167E+01
    endloop
  endfacet
  facet normal 1.000000E+00 0.000000E+00 0.000000E+00
    outer loop
      vertex -3.899000E+01 3.695298E+01 -8.148167E+01
      vertex -3.899000E+01 3.527298E+01 -8.148167E+01
      vertex -3.899000E+01 3.695298E+01 -8.448167E+01
    endloop
  endfacet
  facet normal 1.119450E-01 -9.937144E-01 0.000000E+00
    outer loop
      vertex -3.888500E+01 3.705798E+01 -8.148167E+01
      vertex -3.890836E+01 3.705535E+01 -8.148167E+01
      vertex -3.888500E+01 3.705798E+01 -8.448167E+01
    endloop
  endfacet
  facet normal 1.119450E-01 -9.937144E-01 0.000000E+00
    outer loop
      vertex -3.888500E+01 3.705798E+01 -8.448167E+01
      vertex -3.890836E+01 3.705535E+01 -8.148167E+01
      vertex -3.890836E+01 3.705535E+01 -8.448167E+01
    endloop
  endfacet
  facet normal 3.303071E-01 -9.438736E-01 0.000000E+00
    outer loop
      vertex -3.890836E+01 3.705535E+01 -8.448167E+01
      vertex -3.893056E+01 3.704758E+01 -8.148167E+01
      vertex -3.893056E+01 3.704758E+01 -8.448167E+01
    endloop
  endfacet
  facet normal 3.303071E-01 -9.438736E-01 0.000000E+00
    outer loop
      vertex -3.890836E+01 3.705535E+01 -8.148167E+01
      vertex -3.893056E+01 3.704758E+01 -8.148167E+01
      vertex -3.890836E+01 3.705535E+01 -8.448167E+01
    endloop
  endfacet
  facet normal 5.319955E-01 -8.467473E-01 0.000000E+00
    outer loop
      vertex -3.893056E+01 3.704758E+01 -8.448167E+01
      vertex -3.895047E+01 3.703508E+01 -8.148167E+01
      vertex -3.895047E+01 3.703508E+01 -8.448167E+01
    endloop
  endfacet
  facet normal 5.319955E-01 -8.467473E-01 0.000000E+00
    outer loop
      vertex -3.893056E+01 3.704758E+01 -8.148167E+01
      vertex -3.895047E+01 3.703508E+01 -8.148167E+01
      vertex -3.893056E+01 3.704758E+01 -8.448167E+01
    endloop
  endfacet
  facet normal 7.071068E-01 -7.071068E-01 0.000000E+00
    outer loop
      vertex -3.895047E+01 3.703508E+01 -8.448167E+01
      vertex -3.896709E+01 3.701845E+01 -8.148167E+01
      vertex -3.896709E+01 3.701845E+01 -8.448167E+01
    endloop
  endfacet
  facet normal 7.071068E-01 -7.071068E-01 0.000000E+00
    outer loop
      vertex -3.895047E+01 3.703508E+01 -8.148167E+01
      vertex -3.896709E+01 3.701845E+01 -8.148167E+01
      vertex -3.895047E+01 3.703508E+01 -8.448167E+01
    endloop
  endfacet
  facet normal 8.466742E-01 -5.321118E-01 0.000000E+00
    outer loop
      vertex -3.896709E+01 3.701845E+01 -8.448167E+01
      vertex -3.897960E+01 3.699854E+01 -8.148167E+01
      vertex -3.897960E+01 3.699854E+01 -8.448167E+01
    endloop
  endfacet
  facet normal 8.466742E-01 -5.321118E-01 0.000000E+00
    outer loop
      vertex -3.896709E+01 3.701845E+01 -8.148167E+01
      vertex -3.897960E+01 3.699854E+01 -8.148167E+01
      vertex -3.896709E+01 3.701845E+01 -8.448167E+01
    endloop
  endfacet
  facet normal 9.439241E-01 -3.301625E-01 0.000000E+00
    outer loop
      vertex -3.897960E+01 3.699854E+01 -8.448167E+01
      vertex -3.898737E+01 3.697635E+01 -8.148167E+01
      vertex -3.898737E+01 3.697635E+01 -8.448167E+01
    endloop
  endfacet
  facet normal 9.439241E-01 -3.301625E-01 0.000000E+00
    outer loop
      vertex -3.897960E+01 3.699854E+01 -8.148167E+01
      vertex -3.898737E+01 3.697635E+01 -8.148167E+01
      vertex -3.897960E+01 3.699854E+01 -8.448167E+01
    endloop
  endfacet
  facet normal 9.936963E-01 -1.121052E-01 0.000000E+00
    outer loop
      vertex -3.898737E+01 3.697635E+01 -8.448167E+01
      vertex -3.899000E+01 3.695298E+01 -8.148167E+01
      vertex -3.899000E+01 3.695298E+01 -8.448167E+01
    endloop
  endfacet
  facet normal 9.936963E-01 -1.121052E-01 0.000000E+00
    outer loop
      vertex -3.898737E+01 3.697635E+01 -8.148167E+01
      vertex -3.899000E+01 3.695298E+01 -8.148167E+01
      vertex -3.898737E+01 3.697635E+01 -8.448167E+01
    endloop
  endfacet
  facet normal 0.000000E+00 -1.000000E+00 0.000000E+00
    outer loop
      vertex -3.111500E+01 3.705798E+01 -8.448167E+01
      vertex -3.888500E+01 3.705798E+01 -8.148167E+01
      vertex -3.888500E+01 3.705798E+01 -8.448167E+01
    endloop
  endfacet
  facet normal -0.000000E+00 -1.000000E+00 -0.000000E+00
    outer loop
      vertex -3.111500E+01 3.705798E+01 -8.148167E+01
      vertex -3.888500E+01 3.705798E+01 -8.148167E+01
      vertex -3.111500E+01 3.705798E+01 -8.448167E+01
    endloop
  endfacet
  facet normal -9.937144E-01 -1.119450E-01 -0.000000E+00
    outer loop
      vertex -3.101000E+01 3.695298E+01 -8.148167E+01
      vertex -3.101263E+01 3.697635E+01 -8.148167E+01
      vertex -3.101000E+01 3.695298E+01 -8.448167E+01
    endloop
  endfacet
  facet normal -9.937144E-01 -1.119450E-01 0.000000E+00
    outer loop
      vertex -3.101000E+01 3.695298E+01 -8.448167E+01
      vertex -3.101263E+01 3.697635E+01 -8.148167E+01
      vertex -3.101263E+01 3.697635E+01 -8.448167E+01
    endloop
  endfacet
  facet normal -9.438736E-01 -3.303071E-01 0.000000E+00
    outer loop
      vertex -3.101263E+01 3.697635E+01 -8.448167E+01
      vertex -3.102040E+01 3.699854E+01 -8.148167E+01
      vertex -3.102040E+01 3.699854E+01 -8.448167E+01
    endloop
  endfacet
  facet normal -9.438736E-01 -3.303071E-01 -0.000000E+00
    outer loop
      vertex -3.101263E+01 3.697635E+01 -8.148167E+01
      vertex -3.102040E+01 3.699854E+01 -8.148167E+01
      vertex -3.101263E+01 3.697635E+01 -8.448167E+01
    endloop
  endfacet
  facet normal -8.467473E-01 -5.319955E-01 0.000000E+00
    outer loop
      vertex -3.102040E+01 3.699854E+01 -8.448167E+01
      vertex -3.103291E+01 3.701845E+01 -8.148167E+01
      vertex -3.103291E+01 3.701845E+01 -8.448167E+01
    endloop
  endfacet
  facet normal -8.467473E-01 -5.319955E-01 -0.000000E+00
    outer loop
      vertex -3.102040E+01 3.699854E+01 -8.148167E+01
      vertex -3.103291E+01 3.701845E+01 -8.148167E+01
      vertex -3.102040E+01 3.699854E+01 -8.448167E+01
    endloop
  endfacet
  facet normal -7.070662E-01 -7.071474E-01 0.000000E+00
    outer loop
      vertex -3.103291E+01 3.701845E+01 -8.448167E+01
      vertex -3.104953E+01 3.703508E+01 -8.148167E+01
      vertex -3.104953E+01 3.703508E+01 -8.448167E+01
    endloop
  endfacet
  facet normal -7.070662E-01 -7.071474E-01 -0.000000E+00
    outer loop
      vertex -3.103291E+01 3.701845E+01 -8.148167E+01
      vertex -3.104953E+01 3.703508E+01 -8.148167E+01
      vertex -3.103291E+01 3.701845E+01 -8.448167E+01
    endloop
  endfacet
  facet normal -5.319955E-01 -8.467473E-01 0.000000E+00
    outer loop
      vertex -3.104953E+01 3.703508E+01 -8.448167E+01
      vertex -3.106944E+01 3.704758E+01 -8.148167E+01
      vertex -3.106944E+01 3.704758E+01 -8.448167E+01
    endloop
  endfacet
  facet normal -5.319955E-01 -8.467473E-01 -0.000000E+00
    outer loop
      vertex -3.104953E+01 3.703508E+01 -8.148167E+01
      vertex -3.106944E+01 3.704758E+01 -8.148167E+01
      vertex -3.104953E+01 3.703508E+01 -8.448167E+01
    endloop
  endfacet
  facet normal -3.303323E-01 -9.438646E-01 0.000000E+00
    outer loop
      vertex -3.106944E+01 3.704758E+01 -8.448167E+01
      vertex -3.109163E+01 3.705535E+01 -8.148167E+01
      vertex -3.109163E+01 3.705535E+01 -8.448167E+01
    endloop
  endfacet
  facet normal -3.303323E-01 -9.438646E-01 -0.000000E+00
    outer loop
      vertex -3.106944E+01 3.704758E+01 -8.148167E+01
      vertex -3.109163E+01 3.705535E+01 -8.148167E+01
      vertex -3.106944E+01 3.704758E+01 -8.448167E+01
    endloop
  endfacet
  facet normal -1.119450E-01 -9.937144E-01 0.000000E+00
    outer loop
      vertex -3.109163E+01 3.705535E+01 -8.448167E+01
      vertex -3.111500E+01 3.705798E+01 -8.148167E+01
      vertex -3.111500E+01 3.705798E+01 -8.448167E+01
    endloop
  endfacet
  facet normal -1.119450E-01 -9.937144E-01 -0.000000E+00
    outer loop
      vertex -3.109163E+01 3.705535E+01 -8.148167E+01
      vertex -3.111500E+01 3.705798E+01 -8.148167E+01
      vertex -3.109163E+01 3.705535E+01 -8.448167E+01
    endloop
  endfacet
  facet normal -1.000000E+00 0.000000E+00 0.000000E+00
    outer loop
      vertex -3.101000E+01 3.527298E+01 -8.448167E+01
      vertex -3.101000E+01 3.695298E+01 -8.148167E+01
      vertex -3.101000E+01 3.695298E+01 -8.448167E+01
    endloop
  endfacet
  facet normal -1.000000E+00 0.000000E+00 0.000000E+00
    outer loop
      vertex -3.101000E+01 3.527298E+01 -8.148167E+01
      vertex -3.101000E+01 3.695298E+01 -8.148167E+01
      vertex -3.101000E+01 3.527298E+01 -8.448167E+01
    endloop
  endfacet
  facet normal -1.119495E-01 9.937139E-01 0.000000E+00
    outer loop
      vertex -3.122000E+01 3.506298E+01 -8.148167E+01
      vertex -3.117327E+01 3.506825E+01 -8.148167E+01
      vertex -3.122000E+01 3.506298E+01 -8.448167E+01
    endloop
  endfacet
  facet normal -1.119495E-01 9.937139E-01 0.000000E+00
    outer loop
      vertex -3.122000E+01 3.506298E+01 -8.448167E+01
      vertex -3.117327E+01 3.506825E+01 -8.148167E+01
      vertex -3.117327E+01 3.506825E+01 -8.448167E+01
    endloop
  endfacet
  facet normal -3.302474E-01 9.438943E-01 0.000000E+00
    outer loop
      vertex -3.117327E+01 3.506825E+01 -8.448167E+01
      vertex -3.112889E+01 3.508378E+01 -8.148167E+01
      vertex -3.112889E+01 3.508378E+01 -8.448167E+01
    endloop
  endfacet
  facet normal -3.302474E-01 9.438943E-01 0.000000E+00
    outer loop
      vertex -3.117327E+01 3.506825E+01 -8.148167E+01
      vertex -3.112889E+01 3.508378E+01 -8.148167E+01
      vertex -3.117327E+01 3.506825E+01 -8.448167E+01
    endloop
  endfacet
  facet normal -5.320536E-01 8.467107E-01 0.000000E+00
    outer loop
      vertex -3.112889E+01 3.508378E+01 -8.448167E+01
      vertex -3.108907E+01 3.510880E+01 -8.148167E+01
      vertex -3.108907E+01 3.510880E+01 -8.448167E+01
    endloop
  endfacet
  facet normal -5.320536E-01 8.467107E-01 0.000000E+00
    outer loop
      vertex -3.112889E+01 3.508378E+01 -8.148167E+01
      vertex -3.108907E+01 3.510880E+01 -8.148167E+01
      vertex -3.112889E+01 3.508378E+01 -8.448167E+01
    endloop
  endfacet
  facet normal -7.071068E-01 7.071068E-01 0.000000E+00
    outer loop
      vertex -3.108907E+01 3.510880E+01 -8.448167E+01
      vertex -3.105581E+01 3.514205E+01 -8.148167E+01
      vertex -3.105581E+01 3.514205E+01 -8.448167E+01
    endloop
  endfacet
  facet normal -7.071068E-01 7.071068E-01 0.000000E+00
    outer loop
      vertex -3.108907E+01 3.510880E+01 -8.148167E+01
      vertex -3.105581E+01 3.514205E+01 -8.148167E+01
      vertex -3.108907E+01 3.510880E+01 -8.448167E+01
    endloop
  endfacet
  facet normal -8.467289E-01 5.320245E-01 0.000000E+00
    outer loop
      vertex -3.105581E+01 3.514205E+01 -8.448167E+01
      vertex -3.103080E+01 3.518187E+01 -8.148167E+01
      vertex -3.103080E+01 3.518187E+01 -8.448167E+01
    endloop
  endfacet
  facet normal -8.467289E-01 5.320245E-01 0.000000E+00
    outer loop
      vertex -3.105581E+01 3.514205E+01 -8.148167E+01
      vertex -3.103080E+01 3.518187E+01 -8.148167E+01
      vertex -3.105581E+01 3.514205E+01 -8.448167E+01
    endloop
  endfacet
  facet normal -9.438773E-01 3.302962E-01 0.000000E+00
    outer loop
      vertex -3.103080E+01 3.518187E+01 -8.448167E+01
      vertex -3.101526E+01 3.522625E+01 -8.148167E+01
      vertex -3.101526E+01 3.522625E+01 -8.448167E+01
    endloop
  endfacet
  facet normal -9.438773E-01 3.302962E-01 0.000000E+00
    outer loop
      vertex -3.103080E+01 3.518187E+01 -8.148167E+01
      vertex -3.101526E+01 3.522625E+01 -8.148167E+01
      vertex -3.103080E+01 3.518187E+01 -8.448167E+01
    endloop
  endfacet
  facet normal -9.937144E-01 1.119450E-01 0.000000E+00
    outer loop
      vertex -3.101526E+01 3.522625E+01 -8.448167E+01
      vertex -3.101000E+01 3.527298E+01 -8.148167E+01
      vertex -3.101000E+01 3.527298E+01 -8.448167E+01
    endloop
  endfacet
  facet normal -9.937144E-01 1.119450E-01 0.000000E+00
    outer loop
      vertex -3.101526E+01 3.522625E+01 -8.148167E+01
      vertex -3.101000E+01 3.527298E+01 -8.148167E+01
      vertex -3.101526E+01 3.522625E+01 -8.448167E+01
    endloop
  endfacet
  facet normal 0.000000E+00 1.000000E+00 0.000000E+00
    outer loop
      vertex -3.143000E+01 3.506298E+01 -8.448167E+01
      vertex -3.122000E+01 3.506298E+01 -8.148167E+01
      vertex -3.122000E+01 3.506298E+01 -8.448167E+01
    endloop
  endfacet
  facet normal -0.000000E+00 1.000000E+00 0.000000E+00
    outer loop
      vertex -3.143000E+01 3.506298E+01 -8.148167E+01
      vertex -3.122000E+01 3.506298E+01 -8.148167E+01
      vertex -3.143000E+01 3.506298E+01 -8.448167E+01
    endloop
  endfacet
  facet normal -1.120251E-01 9.937054E-01 0.000000E+00
    outer loop
      vertex -3.147673E+01 3.505772E+01 -8.148167E+01
      vertex -3.143000E+01 3.506298E+01 -8.148167E+01
      vertex -3.143000E+01 3.506298E+01 -8.448167E+01
    endloop
  endfacet
  facet normal -1.120251E-01 9.937054E-01 0.000000E+00
    outer loop
      vertex -3.147673E+01 3.505772E+01 -8.148167E+01
      vertex -3.143000E+01 3.506298E+01 -8.448167E+01
      vertex -3.147673E+01 3.505772E+01 -8.448167E+01
    endloop
  endfacet
  facet normal -3.302474E-01 9.438943E-01 0.000000E+00
    outer loop
      vertex -3.152112E+01 3.504219E+01 -8.148167E+01
      vertex -3.147673E+01 3.505772E+01 -8.448167E+01
      vertex -3.152112E+01 3.504219E+01 -8.448167E+01
    endloop
  endfacet
  facet normal -3.302474E-01 9.438943E-01 0.000000E+00
    outer loop
      vertex -3.152112E+01 3.504219E+01 -8.148167E+01
      vertex -3.147673E+01 3.505772E+01 -8.148167E+01
      vertex -3.147673E+01 3.505772E+01 -8.448167E+01
    endloop
  endfacet
  facet normal -5.320718E-01 8.466992E-01 0.000000E+00
    outer loop
      vertex -3.156093E+01 3.501717E+01 -8.148167E+01
      vertex -3.152112E+01 3.504219E+01 -8.448167E+01
      vertex -3.156093E+01 3.501717E+01 -8.448167E+01
    endloop
  endfacet
  facet normal -5.320718E-01 8.466992E-01 0.000000E+00
    outer loop
      vertex -3.156093E+01 3.501717E+01 -8.148167E+01
      vertex -3.152112E+01 3.504219E+01 -8.148167E+01
      vertex -3.152112E+01 3.504219E+01 -8.448167E+01
    endloop
  endfacet
  facet normal -7.070662E-01 7.071474E-01 0.000000E+00
    outer loop
      vertex -3.159418E+01 3.498392E+01 -8.148167E+01
      vertex -3.156093E+01 3.501717E+01 -8.448167E+01
      vertex -3.159418E+01 3.498392E+01 -8.448167E+01
    endloop
  endfacet
  facet normal -7.070662E-01 7.071474E-01 0.000000E+00
    outer loop
      vertex -3.159418E+01 3.498392E+01 -8.148167E+01
      vertex -3.156093E+01 3.501717E+01 -8.148167E+01
      vertex -3.156093E+01 3.501717E+01 -8.448167E+01
    endloop
  endfacet
  facet normal -8.467289E-01 5.320245E-01 0.000000E+00
    outer loop
      vertex -3.161920E+01 3.494410E+01 -8.148167E+01
      vertex -3.159418E+01 3.498392E+01 -8.448167E+01
      vertex -3.161920E+01 3.494410E+01 -8.448167E+01
    endloop
  endfacet
  facet normal -8.467289E-01 5.320245E-01 0.000000E+00
    outer loop
      vertex -3.161920E+01 3.494410E+01 -8.148167E+01
      vertex -3.159418E+01 3.498392E+01 -8.148167E+01
      vertex -3.159418E+01 3.498392E+01 -8.448167E+01
    endloop
  endfacet
  facet normal -9.438862E-01 3.302709E-01 0.000000E+00
    outer loop
      vertex -3.163474E+01 3.489971E+01 -8.148167E+01
      vertex -3.161920E+01 3.494410E+01 -8.448167E+01
      vertex -3.163474E+01 3.489971E+01 -8.448167E+01
    endloop
  endfacet
  facet normal -9.438862E-01 3.302709E-01 0.000000E+00
    outer loop
      vertex -3.163474E+01 3.489971E+01 -8.148167E+01
      vertex -3.161920E+01 3.494410E+01 -8.148167E+01
      vertex -3.161920E+01 3.494410E+01 -8.448167E+01
    endloop
  endfacet
  facet normal -9.937144E-01 1.119450E-01 0.000000E+00
    outer loop
      vertex -3.164000E+01 3.485298E+01 -8.148167E+01
      vertex -3.163474E+01 3.489971E+01 -8.448167E+01
      vertex -3.164000E+01 3.485298E+01 -8.448167E+01
    endloop
  endfacet
  facet normal -9.937144E-01 1.119450E-01 0.000000E+00
    outer loop
      vertex -3.164000E+01 3.485298E+01 -8.148167E+01
      vertex -3.163474E+01 3.489971E+01 -8.148167E+01
      vertex -3.163474E+01 3.489971E+01 -8.448167E+01
    endloop
  endfacet
  facet normal -1.000000E+00 0.000000E+00 0.000000E+00
    outer loop
      vertex -3.164000E+01 3.327798E+01 -8.448167E+01
      vertex -3.164000E+01 3.485298E+01 -8.148167E+01
      vertex -3.164000E+01 3.485298E+01 -8.448167E+01
    endloop
  endfacet
  facet normal -1.000000E+00 0.000000E+00 0.000000E+00
    outer loop
      vertex -3.164000E+01 3.327798E+01 -8.148167E+01
      vertex -3.164000E+01 3.485298E+01 -8.148167E+01
      vertex -3.164000E+01 3.327798E+01 -8.448167E+01
    endloop
  endfacet
  facet normal -1.119450E-01 9.937144E-01 0.000000E+00
    outer loop
      vertex -3.174500E+01 3.317299E+01 -8.148167E+01
      vertex -3.172164E+01 3.317562E+01 -8.148167E+01
      vertex -3.174500E+01 3.317299E+01 -8.448167E+01
    endloop
  endfacet
  facet normal -1.119450E-01 9.937144E-01 0.000000E+00
    outer loop
      vertex -3.174500E+01 3.317299E+01 -8.448167E+01
      vertex -3.172164E+01 3.317562E+01 -8.148167E+01
      vertex -3.172164E+01 3.317562E+01 -8.448167E+01
    endloop
  endfacet
  facet normal -3.301625E-01 9.439241E-01 0.000000E+00
    outer loop
      vertex -3.172164E+01 3.317562E+01 -8.448167E+01
      vertex -3.169944E+01 3.318338E+01 -8.148167E+01
      vertex -3.169944E+01 3.318338E+01 -8.448167E+01
    endloop
  endfacet
  facet normal -3.301625E-01 9.439241E-01 0.000000E+00
    outer loop
      vertex -3.172164E+01 3.317562E+01 -8.148167E+01
      vertex -3.169944E+01 3.318338E+01 -8.148167E+01
      vertex -3.172164E+01 3.317562E+01 -8.448167E+01
    endloop
  endfacet
  facet normal -5.321118E-01 8.466742E-01 0.000000E+00
    outer loop
      vertex -3.169944E+01 3.318338E+01 -8.448167E+01
      vertex -3.167953E+01 3.319589E+01 -8.148167E+01
      vertex -3.167953E+01 3.319589E+01 -8.448167E+01
    endloop
  endfacet
  facet normal -5.321118E-01 8.466742E-01 0.000000E+00
    outer loop
      vertex -3.169944E+01 3.318338E+01 -8.148167E+01
      vertex -3.167953E+01 3.319589E+01 -8.148167E+01
      vertex -3.169944E+01 3.318338E+01 -8.448167E+01
    endloop
  endfacet
  facet normal -7.071068E-01 7.071068E-01 0.000000E+00
    outer loop
      vertex -3.167953E+01 3.319589E+01 -8.448167E+01
      vertex -3.166291E+01 3.321252E+01 -8.148167E+01
      vertex -3.166291E+01 3.321252E+01 -8.448167E+01
    endloop
  endfacet
  facet normal -7.071068E-01 7.071068E-01 0.000000E+00
    outer loop
      vertex -3.167953E+01 3.319589E+01 -8.148167E+01
      vertex -3.166291E+01 3.321252E+01 -8.148167E+01
      vertex -3.167953E+01 3.319589E+01 -8.448167E+01
    endloop
  endfacet
  facet normal -8.467107E-01 5.320536E-01 0.000000E+00
    outer loop
      vertex -3.166291E+01 3.321252E+01 -8.448167E+01
      vertex -3.165040E+01 3.323243E+01 -8.148167E+01
      vertex -3.165040E+01 3.323243E+01 -8.448167E+01
    endloop
  endfacet
  facet normal -8.467107E-01 5.320536E-01 0.000000E+00
    outer loop
      vertex -3.166291E+01 3.321252E+01 -8.148167E+01
      vertex -3.165040E+01 3.323243E+01 -8.148167E+01
      vertex -3.166291E+01 3.321252E+01 -8.448167E+01
    endloop
  endfacet
  facet normal -9.438988E-01 3.302348E-01 0.000000E+00
    outer loop
      vertex -3.165040E+01 3.323243E+01 -8.448167E+01
      vertex -3.164263E+01 3.325462E+01 -8.148167E+01
      vertex -3.164263E+01 3.325462E+01 -8.448167E+01
    endloop
  endfacet
  facet normal -9.438988E-01 3.302348E-01 0.000000E+00
    outer loop
      vertex -3.165040E+01 3.323243E+01 -8.148167E+01
      vertex -3.164263E+01 3.325462E+01 -8.148167E+01
      vertex -3.165040E+01 3.323243E+01 -8.448167E+01
    endloop
  endfacet
  facet normal -9.937054E-01 1.120251E-01 0.000000E+00
    outer loop
      vertex -3.164263E+01 3.325462E+01 -8.448167E+01
      vertex -3.164000E+01 3.327798E+01 -8.148167E+01
      vertex -3.164000E+01 3.327798E+01 -8.448167E+01
    endloop
  endfacet
  facet normal -9.937054E-01 1.120251E-01 0.000000E+00
    outer loop
      vertex -3.164263E+01 3.325462E+01 -8.148167E+01
      vertex -3.164000E+01 3.327798E+01 -8.148167E+01
      vertex -3.164263E+01 3.325462E+01 -8.448167E+01
    endloop
  endfacet
  facet normal 0.000000E+00 1.000000E+00 0.000000E+00
    outer loop
      vertex -3.825500E+01 3.317299E+01 -8.448167E+01
      vertex -3.174500E+01 3.317299E+01 -8.148167E+01
      vertex -3.174500E+01 3.317299E+01 -8.448167E+01
    endloop
  endfacet
  facet normal -0.000000E+00 1.000000E+00 0.000000E+00
    outer loop
      vertex -3.825500E+01 3.317299E+01 -8.148167E+01
      vertex -3.174500E+01 3.317299E+01 -8.148167E+01
      vertex -3.825500E+01 3.317299E+01 -8.448167E+01
    endloop
  endfacet
  facet normal 9.937144E-01 1.119450E-01 0.000000E+00
    outer loop
      vertex -3.836000E+01 3.327798E+01 -8.148167E+01
      vertex -3.835737E+01 3.325462E+01 -8.148167E+01
      vertex -3.836000E+01 3.327798E+01 -8.448167E+01
    endloop
  endfacet
  facet normal 9.937144E-01 1.119450E-01 0.000000E+00
    outer loop
      vertex -3.836000E+01 3.327798E+01 -8.448167E+01
      vertex -3.835737E+01 3.325462E+01 -8.148167E+01
      vertex -3.835737E+01 3.325462E+01 -8.448167E+01
    endloop
  endfacet
  facet normal 9.438736E-01 3.303071E-01 0.000000E+00
    outer loop
      vertex -3.835737E+01 3.325462E+01 -8.448167E+01
      vertex -3.834960E+01 3.323243E+01 -8.148167E+01
      vertex -3.834960E+01 3.323243E+01 -8.448167E+01
    endloop
  endfacet
  facet normal 9.438736E-01 3.303071E-01 0.000000E+00
    outer loop
      vertex -3.835737E+01 3.325462E+01 -8.148167E+01
      vertex -3.834960E+01 3.323243E+01 -8.148167E+01
      vertex -3.835737E+01 3.325462E+01 -8.448167E+01
    endloop
  endfacet
  facet normal 8.467473E-01 5.319955E-01 0.000000E+00
    outer loop
      vertex -3.834960E+01 3.323243E+01 -8.448167E+01
      vertex -3.833709E+01 3.321252E+01 -8.148167E+01
      vertex -3.833709E+01 3.321252E+01 -8.448167E+01
    endloop
  endfacet
  facet normal 8.467473E-01 5.319955E-01 0.000000E+00
    outer loop
      vertex -3.834960E+01 3.323243E+01 -8.148167E+01
      vertex -3.833709E+01 3.321252E+01 -8.148167E+01
      vertex -3.834960E+01 3.323243E+01 -8.448167E+01
    endloop
  endfacet
  facet normal 7.070257E-01 7.071880E-01 0.000000E+00
    outer loop
      vertex -3.833709E+01 3.321252E+01 -8.448167E+01
      vertex -3.832047E+01 3.319589E+01 -8.148167E+01
      vertex -3.832047E+01 3.319589E+01 -8.448167E+01
    endloop
  endfacet
  facet normal 7.070257E-01 7.071880E-01 0.000000E+00
    outer loop
      vertex -3.833709E+01 3.321252E+01 -8.148167E+01
      vertex -3.832047E+01 3.319589E+01 -8.148167E+01
      vertex -3.833709E+01 3.321252E+01 -8.448167E+01
    endloop
  endfacet
  facet normal 5.321118E-01 8.466742E-01 0.000000E+00
    outer loop
      vertex -3.832047E+01 3.319589E+01 -8.448167E+01
      vertex -3.830056E+01 3.318338E+01 -8.148167E+01
      vertex -3.830056E+01 3.318338E+01 -8.448167E+01
    endloop
  endfacet
  facet normal 5.321118E-01 8.466742E-01 0.000000E+00
    outer loop
      vertex -3.832047E+01 3.319589E+01 -8.148167E+01
      vertex -3.830056E+01 3.318338E+01 -8.148167E+01
      vertex -3.832047E+01 3.319589E+01 -8.448167E+01
    endloop
  endfacet
  facet normal 3.302131E-01 9.439064E-01 0.000000E+00
    outer loop
      vertex -3.830056E+01 3.318338E+01 -8.448167E+01
      vertex -3.827837E+01 3.317562E+01 -8.148167E+01
      vertex -3.827837E+01 3.317562E+01 -8.448167E+01
    endloop
  endfacet
  facet normal 3.302131E-01 9.439064E-01 0.000000E+00
    outer loop
      vertex -3.830056E+01 3.318338E+01 -8.148167E+01
      vertex -3.827837E+01 3.317562E+01 -8.148167E+01
      vertex -3.830056E+01 3.318338E+01 -8.448167E+01
    endloop
  endfacet
  facet normal 1.119450E-01 9.937144E-01 0.000000E+00
    outer loop
      vertex -3.827837E+01 3.317562E+01 -8.448167E+01
      vertex -3.825500E+01 3.317299E+01 -8.148167E+01
      vertex -3.825500E+01 3.317299E+01 -8.448167E+01
    endloop
  endfacet
  facet normal 1.119450E-01 9.937144E-01 0.000000E+00
    outer loop
      vertex -3.827837E+01 3.317562E+01 -8.148167E+01
      vertex -3.825500E+01 3.317299E+01 -8.148167E+01
      vertex -3.827837E+01 3.317562E+01 -8.448167E+01
    endloop
  endfacet
  facet normal -9.931998E-01 -1.164225E-01 -0.000000E+00
    outer loop
      vertex -1.300000E+00 2.326548E+01 -8.308167E+01
      vertex -1.359638E+00 2.377426E+01 -8.308167E+01
      vertex -1.300000E+00 2.326548E+01 -8.448167E+01
    endloop
  endfacet
  facet normal -9.931998E-01 -1.164225E-01 0.000000E+00
    outer loop
      vertex -1.300000E+00 2.326548E+01 -8.448167E+01
      vertex -1.359638E+00 2.377426E+01 -8.308167E+01
      vertex -1.359638E+00 2.377426E+01 -8.448167E+01
    endloop
  endfacet
  facet normal -9.393520E-01 -3.429547E-01 0.000000E+00
    outer loop
      vertex -1.359638E+00 2.377426E+01 -8.448167E+01
      vertex -1.535319E+00 2.425545E+01 -8.308167E+01
      vertex -1.535319E+00 2.425545E+01 -8.448167E+01
    endloop
  endfacet
  facet normal -9.393520E-01 -3.429547E-01 -0.000000E+00
    outer loop
      vertex -1.359638E+00 2.377426E+01 -8.308167E+01
      vertex -1.535319E+00 2.425545E+01 -8.308167E+01
      vertex -1.359638E+00 2.377426E+01 -8.448167E+01
    endloop
  endfacet
  facet normal -8.345763E-01 -5.508923E-01 0.000000E+00
    outer loop
      vertex -1.535319E+00 2.425545E+01 -8.448167E+01
      vertex -1.817518E+00 2.468297E+01 -8.308167E+01
      vertex -1.817518E+00 2.468297E+01 -8.448167E+01
    endloop
  endfacet
  facet normal -8.345763E-01 -5.508923E-01 -0.000000E+00
    outer loop
      vertex -1.535319E+00 2.425545E+01 -8.308167E+01
      vertex -1.817518E+00 2.468297E+01 -8.308167E+01
      vertex -1.535319E+00 2.425545E+01 -8.448167E+01
    endloop
  endfacet
  facet normal -6.845508E-01 -7.289652E-01 0.000000E+00
    outer loop
      vertex -1.817518E+00 2.468297E+01 -8.448167E+01
      vertex -2.190936E+00 2.503363E+01 -8.308167E+01
      vertex -2.190936E+00 2.503363E+01 -8.448167E+01
    endloop
  endfacet
  facet normal -6.845508E-01 -7.289652E-01 -0.000000E+00
    outer loop
      vertex -1.817518E+00 2.468297E+01 -8.308167E+01
      vertex -2.190936E+00 2.503363E+01 -8.308167E+01
      vertex -1.817518E+00 2.468297E+01 -8.448167E+01
    endloop
  endfacet
  facet normal -4.974148E-01 -8.675129E-01 0.000000E+00
    outer loop
      vertex -2.190936E+00 2.503363E+01 -8.448167E+01
      vertex -2.635326E+00 2.528844E+01 -8.308167E+01
      vertex -2.635326E+00 2.528844E+01 -8.448167E+01
    endloop
  endfacet
  facet normal -4.974148E-01 -8.675129E-01 -0.000000E+00
    outer loop
      vertex -2.190936E+00 2.503363E+01 -8.308167E+01
      vertex -2.635326E+00 2.528844E+01 -8.308167E+01
      vertex -2.190936E+00 2.503363E+01 -8.448167E+01
    endloop
  endfacet
  facet normal -2.833073E-01 -9.590291E-01 0.000000E+00
    outer loop
      vertex -2.635326E+00 2.528844E+01 -8.448167E+01
      vertex -3.126596E+00 2.543356E+01 -8.308167E+01
      vertex -3.126596E+00 2.543356E+01 -8.448167E+01
    endloop
  endfacet
  facet normal -2.833073E-01 -9.590291E-01 -0.000000E+00
    outer loop
      vertex -2.635326E+00 2.528844E+01 -8.308167E+01
      vertex -3.126596E+00 2.543356E+01 -8.308167E+01
      vertex -2.635326E+00 2.528844E+01 -8.448167E+01
    endloop
  endfacet
  facet normal -5.384063E-02 -9.985495E-01 0.000000E+00
    outer loop
      vertex -3.126596E+00 2.543356E+01 -8.448167E+01
      vertex -3.638111E+00 2.546114E+01 -8.308167E+01
      vertex -3.638111E+00 2.546114E+01 -8.448167E+01
    endloop
  endfacet
  facet normal -5.384063E-02 -9.985495E-01 -0.000000E+00
    outer loop
      vertex -3.126596E+00 2.543356E+01 -8.308167E+01
      vertex -3.638111E+00 2.546114E+01 -8.308167E+01
      vertex -3.126596E+00 2.543356E+01 -8.448167E+01
    endloop
  endfacet
  facet normal 1.785416E-01 -9.839324E-01 0.000000E+00
    outer loop
      vertex -3.638111E+00 2.546114E+01 -8.448167E+01
      vertex -4.142138E+00 2.536968E+01 -8.308167E+01
      vertex -4.142138E+00 2.536968E+01 -8.448167E+01
    endloop
  endfacet
  facet normal 1.785416E-01 -9.839324E-01 0.000000E+00
    outer loop
      vertex -3.638111E+00 2.546114E+01 -8.308167E+01
      vertex -4.142138E+00 2.536968E+01 -8.308167E+01
      vertex -3.638111E+00 2.546114E+01 -8.448167E+01
    endloop
  endfacet
  facet normal 4.012498E-01 -9.159687E-01 0.000000E+00
    outer loop
      vertex -4.142138E+00 2.536968E+01 -8.448167E+01
      vertex -4.611350E+00 2.516414E+01 -8.308167E+01
      vertex -4.611350E+00 2.516414E+01 -8.448167E+01
    endloop
  endfacet
  facet normal 4.012498E-01 -9.159687E-01 0.000000E+00
    outer loop
      vertex -4.142138E+00 2.536968E+01 -8.308167E+01
      vertex -4.611350E+00 2.516414E+01 -8.308167E+01
      vertex -4.142138E+00 2.536968E+01 -8.448167E+01
    endloop
  endfacet
  facet normal 6.021996E-01 -7.983456E-01 0.000000E+00
    outer loop
      vertex -4.611350E+00 2.516414E+01 -8.448167E+01
      vertex -5.020308E+00 2.485566E+01 -8.308167E+01
      vertex -5.020308E+00 2.485566E+01 -8.448167E+01
    endloop
  endfacet
  facet normal 6.021996E-01 -7.983456E-01 0.000000E+00
    outer loop
      vertex -4.611350E+00 2.516414E+01 -8.308167E+01
      vertex -5.020308E+00 2.485566E+01 -8.308167E+01
      vertex -4.611350E+00 2.516414E+01 -8.448167E+01
    endloop
  endfacet
  facet normal 7.705008E-01 -6.374391E-01 0.000000E+00
    outer loop
      vertex -5.020308E+00 2.485566E+01 -8.448167E+01
      vertex -5.346842E+00 2.446096E+01 -8.308167E+01
      vertex -5.346842E+00 2.446096E+01 -8.448167E+01
    endloop
  endfacet
  facet normal 7.705008E-01 -6.374391E-01 0.000000E+00
    outer loop
      vertex -5.020308E+00 2.485566E+01 -8.308167E+01
      vertex -5.346842E+00 2.446096E+01 -8.308167E+01
      vertex -5.020308E+00 2.485566E+01 -8.448167E+01
    endloop
  endfacet
  facet normal 8.970287E-01 -4.419723E-01 0.000000E+00
    outer loop
      vertex -5.346842E+00 2.446096E+01 -8.448167E+01
      vertex -5.573245E+00 2.400146E+01 -8.308167E+01
      vertex -5.573245E+00 2.400146E+01 -8.448167E+01
    endloop
  endfacet
  facet normal 8.970287E-01 -4.419723E-01 0.000000E+00
    outer loop
      vertex -5.346842E+00 2.446096E+01 -8.308167E+01
      vertex -5.573245E+00 2.400146E+01 -8.308167E+01
      vertex -5.346842E+00 2.446096E+01 -8.448167E+01
    endloop
  endfacet
  facet normal 9.598700E-01 -2.804453E-01 0.000000E+00
    outer loop
      vertex -5.573245E+00 2.400146E+01 -8.448167E+01
      vertex -5.643360E+00 2.376148E+01 -8.308167E+01
      vertex -5.643360E+00 2.376148E+01 -8.448167E+01
    endloop
  endfacet
  facet normal 9.854910E-01 -1.697280E-01 0.000000E+00
    outer loop
      vertex -5.643360E+00 2.376148E+01 -8.448167E+01
      vertex -5.643360E+00 2.376148E+01 -8.308167E+01
      vertex -5.685794E+00 2.351509E+01 -8.448167E+01
    endloop
  endfacet
  facet normal 9.598700E-01 -2.804453E-01 0.000000E+00
    outer loop
      vertex -5.573245E+00 2.400146E+01 -8.308167E+01
      vertex -5.643360E+00 2.376148E+01 -8.308167E+01
      vertex -5.573245E+00 2.400146E+01 -8.448167E+01
    endloop
  endfacet
  facet normal 9.854910E-01 -1.697280E-01 0.000000E+00
    outer loop
      vertex -5.643360E+00 2.376148E+01 -8.308167E+01
      vertex -5.685794E+00 2.351509E+01 -8.308167E+01
      vertex -5.685794E+00 2.351509E+01 -8.448167E+01
    endloop
  endfacet
  facet normal 9.983844E-01 -5.682123E-02 0.000000E+00
    outer loop
      vertex -5.685794E+00 2.351509E+01 -8.448167E+01
      vertex -5.700000E+00 2.326548E+01 -8.308167E+01
      vertex -5.700000E+00 2.326548E+01 -8.448167E+01
    endloop
  endfacet
  facet normal 9.983844E-01 -5.682123E-02 0.000000E+00
    outer loop
      vertex -5.685794E+00 2.351509E+01 -8.308167E+01
      vertex -5.700000E+00 2.326548E+01 -8.308167E+01
      vertex -5.685794E+00 2.351509E+01 -8.448167E+01
    endloop
  endfacet
  facet normal 0.000000E+00 0.000000E+00 -1.000000E+00
    outer loop
      vertex -2.190936E+00 2.503363E+01 -8.308167E+01
      vertex -2.601787E+00 2.406123E+01 -8.308167E+01
      vertex -2.818322E+00 2.425306E+01 -8.308167E+01
    endloop
  endfacet
  facet normal 0.000000E+00 0.000000E+00 -1.000000E+00
    outer loop
      vertex -5.448003E+00 2.224309E+01 -8.308167E+01
      vertex -4.605020E+00 2.279758E+01 -8.308167E+01
      vertex -4.489851E+00 2.258711E+01 -8.308167E+01
    endloop
  endfacet
  facet normal 0.000000E+00 0.000000E+00 -1.000000E+00
    outer loop
      vertex -5.448003E+00 2.224309E+01 -8.308167E+01
      vertex -4.489851E+00 2.258711E+01 -8.308167E+01
      vertex -5.146724E+00 2.180661E+01 -8.308167E+01
    endloop
  endfacet
  facet normal 0.000000E+00 -0.000000E+00 -1.000000E+00
    outer loop
      vertex -2.635326E+00 2.528844E+01 -8.308167E+01
      vertex -2.190936E+00 2.503363E+01 -8.308167E+01
      vertex -2.818322E+00 2.425306E+01 -8.308167E+01
    endloop
  endfacet
  facet normal 0.000000E+00 0.000000E+00 -1.000000E+00
    outer loop
      vertex -2.635326E+00 2.528844E+01 -8.308167E+01
      vertex -2.818322E+00 2.425306E+01 -8.308167E+01
      vertex -3.074474E+00 2.438750E+01 -8.308167E+01
    endloop
  endfacet
  facet normal 0.000000E+00 0.000000E+00 -1.000000E+00
    outer loop
      vertex -2.583856E+00 2.249045E+01 -8.308167E+01
      vertex -1.551997E+00 2.224309E+01 -8.308167E+01
      vertex -1.853276E+00 2.180661E+01 -8.308167E+01
    endloop
  endfacet
  facet normal 0.000000E+00 0.000000E+00 -1.000000E+00
    outer loop
      vertex -2.788580E+00 2.229911E+01 -8.308167E+01
      vertex -1.853276E+00 2.180661E+01 -8.308167E+01
      vertex -2.250257E+00 2.145492E+01 -8.308167E+01
    endloop
  endfacet
  facet normal 0.000000E+00 0.000000E+00 -1.000000E+00
    outer loop
      vertex -2.788580E+00 2.229911E+01 -8.308167E+01
      vertex -2.583856E+00 2.249045E+01 -8.308167E+01
      vertex -1.853276E+00 2.180661E+01 -8.308167E+01
    endloop
  endfacet
  facet normal 0.000000E+00 0.000000E+00 -1.000000E+00
    outer loop
      vertex -2.429088E+00 2.272405E+01 -8.308167E+01
      vertex -1.363928E+00 2.273899E+01 -8.308167E+01
      vertex -1.551997E+00 2.224309E+01 -8.308167E+01
    endloop
  endfacet
  facet normal 0.000000E+00 -0.000000E+00 -1.000000E+00
    outer loop
      vertex -2.429088E+00 2.272405E+01 -8.308167E+01
      vertex -1.551997E+00 2.224309E+01 -8.308167E+01
      vertex -2.583856E+00 2.249045E+01 -8.308167E+01
    endloop
  endfacet
  facet normal 0.000000E+00 0.000000E+00 -1.000000E+00
    outer loop
      vertex -5.636072E+00 2.273899E+01 -8.308167E+01
      vertex -4.676015E+00 2.302676E+01 -8.308167E+01
      vertex -4.605020E+00 2.279758E+01 -8.308167E+01
    endloop
  endfacet
  facet normal 0.000000E+00 0.000000E+00 -1.000000E+00
    outer loop
      vertex -3.032099E+00 2.216046E+01 -8.308167E+01
      vertex -2.250257E+00 2.145492E+01 -8.308167E+01
      vertex -2.719869E+00 2.120845E+01 -8.308167E+01
    endloop
  endfacet
  facet normal 0.000000E+00 0.000000E+00 -1.000000E+00
    outer loop
      vertex -5.636072E+00 2.273899E+01 -8.308167E+01
      vertex -4.605020E+00 2.279758E+01 -8.308167E+01
      vertex -5.448003E+00 2.224309E+01 -8.308167E+01
    endloop
  endfacet
  facet normal 0.000000E+00 0.000000E+00 -1.000000E+00
    outer loop
      vertex -3.032099E+00 2.216046E+01 -8.308167E+01
      vertex -2.788580E+00 2.229911E+01 -8.308167E+01
      vertex -2.250257E+00 2.145492E+01 -8.308167E+01
    endloop
  endfacet
  facet normal 0.000000E+00 0.000000E+00 -1.000000E+00
    outer loop
      vertex -2.332718E+00 2.298718E+01 -8.308167E+01
      vertex -1.300000E+00 2.326548E+01 -8.308167E+01
      vertex -1.363928E+00 2.273899E+01 -8.308167E+01
    endloop
  endfacet
  facet normal 0.000000E+00 -0.000000E+00 -1.000000E+00
    outer loop
      vertex -2.332718E+00 2.298718E+01 -8.308167E+01
      vertex -1.363928E+00 2.273899E+01 -8.308167E+01
      vertex -2.429088E+00 2.272405E+01 -8.308167E+01
    endloop
  endfacet
  facet normal 0.000000E+00 0.000000E+00 -1.000000E+00
    outer loop
      vertex -3.301132E+00 2.208208E+01 -8.308167E+01
      vertex -2.719869E+00 2.120845E+01 -8.308167E+01
      vertex -3.234819E+00 2.108152E+01 -8.308167E+01
    endloop
  endfacet
  facet normal 0.000000E+00 0.000000E+00 -1.000000E+00
    outer loop
      vertex -3.301132E+00 2.208208E+01 -8.308167E+01
      vertex -3.032099E+00 2.216046E+01 -8.308167E+01
      vertex -2.719869E+00 2.120845E+01 -8.308167E+01
    endloop
  endfacet
  facet normal 0.000000E+00 0.000000E+00 -1.000000E+00
    outer loop
      vertex -2.300000E+00 2.326548E+01 -8.308167E+01
      vertex -1.359638E+00 2.377426E+01 -8.308167E+01
      vertex -1.300000E+00 2.326548E+01 -8.308167E+01
    endloop
  endfacet
  facet normal 0.000000E+00 -0.000000E+00 -1.000000E+00
    outer loop
      vertex -2.300000E+00 2.326548E+01 -8.308167E+01
      vertex -1.300000E+00 2.326548E+01 -8.308167E+01
      vertex -2.332718E+00 2.298718E+01 -8.308167E+01
    endloop
  endfacet
  facet normal 0.000000E+00 -0.000000E+00 -1.000000E+00
    outer loop
      vertex -3.581010E+00 2.206822E+01 -8.308167E+01
      vertex -3.234819E+00 2.108152E+01 -8.308167E+01
      vertex -3.765181E+00 2.108152E+01 -8.308167E+01
    endloop
  endfacet
  facet normal 0.000000E+00 0.000000E+00 -1.000000E+00
    outer loop
      vertex -3.581010E+00 2.206822E+01 -8.308167E+01
      vertex -3.301132E+00 2.208208E+01 -8.308167E+01
      vertex -3.234819E+00 2.108152E+01 -8.308167E+01
    endloop
  endfacet
  facet normal 0.000000E+00 -0.000000E+00 -1.000000E+00
    outer loop
      vertex -3.126596E+00 2.543356E+01 -8.308167E+01
      vertex -3.074474E+00 2.438750E+01 -8.308167E+01
      vertex -3.355356E+00 2.445673E+01 -8.308167E+01
    endloop
  endfacet
  facet normal 0.000000E+00 0.000000E+00 -1.000000E+00
    outer loop
      vertex -3.126596E+00 2.543356E+01 -8.308167E+01
      vertex -2.635326E+00 2.528844E+01 -8.308167E+01
      vertex -3.074474E+00 2.438750E+01 -8.308167E+01
    endloop
  endfacet
  facet normal 0.000000E+00 0.000000E+00 -1.000000E+00
    outer loop
      vertex -5.700000E+00 2.326548E+01 -8.308167E+01
      vertex -4.700000E+00 2.326548E+01 -8.308167E+01
      vertex -4.676015E+00 2.302676E+01 -8.308167E+01
    endloop
  endfacet
  facet normal 0.000000E+00 0.000000E+00 -1.000000E+00
    outer loop
      vertex -5.700000E+00 2.326548E+01 -8.308167E+01
      vertex -4.676015E+00 2.302676E+01 -8.308167E+01
      vertex -5.636072E+00 2.273899E+01 -8.308167E+01
    endloop
  endfacet
  facet normal 0.000000E+00 0.000000E+00 -1.000000E+00
    outer loop
      vertex -2.334870E+00 2.355266E+01 -8.308167E+01
      vertex -1.535319E+00 2.425545E+01 -8.308167E+01
      vertex -1.359638E+00 2.377426E+01 -8.308167E+01
    endloop
  endfacet
  facet normal 0.000000E+00 -0.000000E+00 -1.000000E+00
    outer loop
      vertex -3.638111E+00 2.546114E+01 -8.308167E+01
      vertex -3.355356E+00 2.445673E+01 -8.308167E+01
      vertex -3.644644E+00 2.445673E+01 -8.308167E+01
    endloop
  endfacet
  facet normal 0.000000E+00 0.000000E+00 -1.000000E+00
    outer loop
      vertex -2.334870E+00 2.355266E+01 -8.308167E+01
      vertex -1.359638E+00 2.377426E+01 -8.308167E+01
      vertex -2.300000E+00 2.326548E+01 -8.308167E+01
    endloop
  endfacet
  facet normal 0.000000E+00 0.000000E+00 -1.000000E+00
    outer loop
      vertex -3.638111E+00 2.546114E+01 -8.308167E+01
      vertex -3.126596E+00 2.543356E+01 -8.308167E+01
      vertex -3.355356E+00 2.445673E+01 -8.308167E+01
    endloop
  endfacet
  facet normal 0.000000E+00 -0.000000E+00 -1.000000E+00
    outer loop
      vertex -3.856470E+00 2.211965E+01 -8.308167E+01
      vertex -3.765181E+00 2.108152E+01 -8.308167E+01
      vertex -4.280131E+00 2.120845E+01 -8.308167E+01
    endloop
  endfacet
  facet normal 0.000000E+00 0.000000E+00 -1.000000E+00
    outer loop
      vertex -5.685794E+00 2.351509E+01 -8.308167E+01
      vertex -4.665130E+00 2.355266E+01 -8.308167E+01
      vertex -4.700000E+00 2.326548E+01 -8.308167E+01
    endloop
  endfacet
  facet normal 0.000000E+00 0.000000E+00 -1.000000E+00
    outer loop
      vertex -3.856470E+00 2.211965E+01 -8.308167E+01
      vertex -3.581010E+00 2.206822E+01 -8.308167E+01
      vertex -3.765181E+00 2.108152E+01 -8.308167E+01
    endloop
  endfacet
  facet normal 0.000000E+00 -0.000000E+00 -1.000000E+00
    outer loop
      vertex -5.685794E+00 2.351509E+01 -8.308167E+01
      vertex -4.700000E+00 2.326548E+01 -8.308167E+01
      vertex -5.700000E+00 2.326548E+01 -8.308167E+01
    endloop
  endfacet
  facet normal 0.000000E+00 -0.000000E+00 -1.000000E+00
    outer loop
      vertex -5.643360E+00 2.376148E+01 -8.308167E+01
      vertex -4.665130E+00 2.355266E+01 -8.308167E+01
      vertex -5.685794E+00 2.351509E+01 -8.308167E+01
    endloop
  endfacet
  facet normal 0.000000E+00 0.000000E+00 -1.000000E+00
    outer loop
      vertex -2.437453E+00 2.382315E+01 -8.308167E+01
      vertex -1.535319E+00 2.425545E+01 -8.308167E+01
      vertex -2.334870E+00 2.355266E+01 -8.308167E+01
    endloop
  endfacet
  facet normal 0.000000E+00 0.000000E+00 -1.000000E+00
    outer loop
      vertex -4.142138E+00 2.536968E+01 -8.308167E+01
      vertex -3.644644E+00 2.445673E+01 -8.308167E+01
      vertex -3.925526E+00 2.438750E+01 -8.308167E+01
    endloop
  endfacet
  facet normal 0.000000E+00 0.000000E+00 -1.000000E+00
    outer loop
      vertex -4.142138E+00 2.536968E+01 -8.308167E+01
      vertex -3.638111E+00 2.546114E+01 -8.308167E+01
      vertex -3.644644E+00 2.445673E+01 -8.308167E+01
    endloop
  endfacet
  facet normal 0.000000E+00 0.000000E+00 -1.000000E+00
    outer loop
      vertex -4.112492E+00 2.223357E+01 -8.308167E+01
      vertex -4.280131E+00 2.120845E+01 -8.308167E+01
      vertex -4.749743E+00 2.145492E+01 -8.308167E+01
    endloop
  endfacet
  facet normal 0.000000E+00 -0.000000E+00 -1.000000E+00
    outer loop
      vertex -5.573245E+00 2.400146E+01 -8.308167E+01
      vertex -4.665130E+00 2.355266E+01 -8.308167E+01
      vertex -5.643360E+00 2.376148E+01 -8.308167E+01
    endloop
  endfacet
  facet normal 0.000000E+00 -0.000000E+00 -1.000000E+00
    outer loop
      vertex -4.112492E+00 2.223357E+01 -8.308167E+01
      vertex -3.856470E+00 2.211965E+01 -8.308167E+01
      vertex -4.280131E+00 2.120845E+01 -8.308167E+01
    endloop
  endfacet
  facet normal 0.000000E+00 0.000000E+00 -1.000000E+00
    outer loop
      vertex -5.573245E+00 2.400146E+01 -8.308167E+01
      vertex -4.562547E+00 2.382315E+01 -8.308167E+01
      vertex -4.665130E+00 2.355266E+01 -8.308167E+01
    endloop
  endfacet
  facet normal 0.000000E+00 -0.000000E+00 -1.000000E+00
    outer loop
      vertex -1.817518E+00 2.468297E+01 -8.308167E+01
      vertex -1.535319E+00 2.425545E+01 -8.308167E+01
      vertex -2.437453E+00 2.382315E+01 -8.308167E+01
    endloop
  endfacet
  facet normal 0.000000E+00 0.000000E+00 -1.000000E+00
    outer loop
      vertex -2.601787E+00 2.406123E+01 -8.308167E+01
      vertex -1.817518E+00 2.468297E+01 -8.308167E+01
      vertex -2.437453E+00 2.382315E+01 -8.308167E+01
    endloop
  endfacet
  facet normal 0.000000E+00 0.000000E+00 -1.000000E+00
    outer loop
      vertex -4.611350E+00 2.516414E+01 -8.308167E+01
      vertex -3.925526E+00 2.438750E+01 -8.308167E+01
      vertex -4.181678E+00 2.425306E+01 -8.308167E+01
    endloop
  endfacet
  facet normal 0.000000E+00 0.000000E+00 -1.000000E+00
    outer loop
      vertex -4.611350E+00 2.516414E+01 -8.308167E+01
      vertex -4.142138E+00 2.536968E+01 -8.308167E+01
      vertex -3.925526E+00 2.438750E+01 -8.308167E+01
    endloop
  endfacet
  facet normal 0.000000E+00 0.000000E+00 -1.000000E+00
    outer loop
      vertex -5.346842E+00 2.446096E+01 -8.308167E+01
      vertex -4.398213E+00 2.406123E+01 -8.308167E+01
      vertex -4.562547E+00 2.382315E+01 -8.308167E+01
    endloop
  endfacet
  facet normal 0.000000E+00 -0.000000E+00 -1.000000E+00
    outer loop
      vertex -5.346842E+00 2.446096E+01 -8.308167E+01
      vertex -4.562547E+00 2.382315E+01 -8.308167E+01
      vertex -5.573245E+00 2.400146E+01 -8.308167E+01
    endloop
  endfacet
  facet normal 0.000000E+00 0.000000E+00 -1.000000E+00
    outer loop
      vertex -5.020308E+00 2.485566E+01 -8.308167E+01
      vertex -4.181678E+00 2.425306E+01 -8.308167E+01
      vertex -4.398213E+00 2.406123E+01 -8.308167E+01
    endloop
  endfacet
  facet normal 0.000000E+00 -0.000000E+00 -1.000000E+00
    outer loop
      vertex -4.335114E+00 2.240375E+01 -8.308167E+01
      vertex -4.112492E+00 2.223357E+01 -8.308167E+01
      vertex -4.749743E+00 2.145492E+01 -8.308167E+01
    endloop
  endfacet
  facet normal 0.000000E+00 0.000000E+00 -1.000000E+00
    outer loop
      vertex -5.020308E+00 2.485566E+01 -8.308167E+01
      vertex -4.611350E+00 2.516414E+01 -8.308167E+01
      vertex -4.181678E+00 2.425306E+01 -8.308167E+01
    endloop
  endfacet
  facet normal 0.000000E+00 0.000000E+00 -1.000000E+00
    outer loop
      vertex -5.146724E+00 2.180661E+01 -8.308167E+01
      vertex -4.335114E+00 2.240375E+01 -8.308167E+01
      vertex -4.749743E+00 2.145492E+01 -8.308167E+01
    endloop
  endfacet
  facet normal 0.000000E+00 -0.000000E+00 -1.000000E+00
    outer loop
      vertex -5.020308E+00 2.485566E+01 -8.308167E+01
      vertex -4.398213E+00 2.406123E+01 -8.308167E+01
      vertex -5.346842E+00 2.446096E+01 -8.308167E+01
    endloop
  endfacet
  facet normal 0.000000E+00 -0.000000E+00 -1.000000E+00
    outer loop
      vertex -4.489851E+00 2.258711E+01 -8.308167E+01
      vertex -4.335114E+00 2.240375E+01 -8.308167E+01
      vertex -5.146724E+00 2.180661E+01 -8.308167E+01
    endloop
  endfacet
  facet normal 0.000000E+00 -0.000000E+00 -1.000000E+00
    outer loop
      vertex -2.190936E+00 2.503363E+01 -8.308167E+01
      vertex -1.817518E+00 2.468297E+01 -8.308167E+01
      vertex -2.601787E+00 2.406123E+01 -8.308167E+01
    endloop
  endfacet
  facet normal -9.947193E-01 -1.026337E-01 -0.000000E+00
    outer loop
      vertex -6.430000E+01 4.976548E+01 -8.308167E+01
      vertex -6.434635E+01 5.021469E+01 -8.308167E+01
      vertex -6.430000E+01 4.976548E+01 -8.448167E+01
    endloop
  endfacet
  facet normal -9.947193E-01 -1.026337E-01 0.000000E+00
    outer loop
      vertex -6.430000E+01 4.976548E+01 -8.448167E+01
      vertex -6.434635E+01 5.021469E+01 -8.308167E+01
      vertex -6.434635E+01 5.021469E+01 -8.448167E+01
    endloop
  endfacet
  facet normal -9.528069E-01 -3.035771E-01 0.000000E+00
    outer loop
      vertex -6.434635E+01 5.021469E+01 -8.448167E+01
      vertex -6.448344E+01 5.064497E+01 -8.308167E+01
      vertex -6.448344E+01 5.064497E+01 -8.448167E+01
    endloop
  endfacet
  facet normal -9.528069E-01 -3.035771E-01 -0.000000E+00
    outer loop
      vertex -6.434635E+01 5.021469E+01 -8.308167E+01
      vertex -6.448344E+01 5.064497E+01 -8.308167E+01
      vertex -6.434635E+01 5.021469E+01 -8.448167E+01
    endloop
  endfacet
  facet normal -8.707459E-01 -4.917332E-01 0.000000E+00
    outer loop
      vertex -6.448344E+01 5.064497E+01 -8.448167E+01
      vertex -6.470551E+01 5.103819E+01 -8.308167E+01
      vertex -6.470551E+01 5.103819E+01 -8.448167E+01
    endloop
  endfacet
  facet normal -8.707459E-01 -4.917332E-01 -0.000000E+00
    outer loop
      vertex -6.448344E+01 5.064497E+01 -8.308167E+01
      vertex -6.470551E+01 5.103819E+01 -8.308167E+01
      vertex -6.448344E+01 5.064497E+01 -8.448167E+01
    endloop
  endfacet
  facet normal -7.440748E-01 -6.680962E-01 0.000000E+00
    outer loop
      vertex -6.470551E+01 5.103819E+01 -8.448167E+01
      vertex -6.504211E+01 5.141308E+01 -8.308167E+01
      vertex -6.504211E+01 5.141308E+01 -8.448167E+01
    endloop
  endfacet
  facet normal -7.440748E-01 -6.680962E-01 -0.000000E+00
    outer loop
      vertex -6.470551E+01 5.103819E+01 -8.308167E+01
      vertex -6.504211E+01 5.141308E+01 -8.308167E+01
      vertex -6.470551E+01 5.103819E+01 -8.448167E+01
    endloop
  endfacet
  facet normal -5.725636E-01 -8.198603E-01 0.000000E+00
    outer loop
      vertex -6.504211E+01 5.141308E+01 -8.448167E+01
      vertex -6.545518E+01 5.170155E+01 -8.308167E+01
      vertex -6.545518E+01 5.170155E+01 -8.448167E+01
    endloop
  endfacet
  facet normal -5.725636E-01 -8.198603E-01 -0.000000E+00
    outer loop
      vertex -6.504211E+01 5.141308E+01 -8.308167E+01
      vertex -6.545518E+01 5.170155E+01 -8.308167E+01
      vertex -6.504211E+01 5.141308E+01 -8.448167E+01
    endloop
  endfacet
  facet normal -3.710186E-01 -9.286255E-01 0.000000E+00
    outer loop
      vertex -6.545518E+01 5.170155E+01 -8.448167E+01
      vertex -6.592306E+01 5.188848E+01 -8.308167E+01
      vertex -6.592306E+01 5.188848E+01 -8.448167E+01
    endloop
  endfacet
  facet normal -3.710186E-01 -9.286255E-01 -0.000000E+00
    outer loop
      vertex -6.545518E+01 5.170155E+01 -8.308167E+01
      vertex -6.592306E+01 5.188848E+01 -8.308167E+01
      vertex -6.545518E+01 5.170155E+01 -8.448167E+01
    endloop
  endfacet
  facet normal -1.500189E-01 -9.886831E-01 0.000000E+00
    outer loop
      vertex -6.592306E+01 5.188848E+01 -8.448167E+01
      vertex -6.642119E+01 5.196407E+01 -8.308167E+01
      vertex -6.642119E+01 5.196407E+01 -8.448167E+01
    endloop
  endfacet
  facet normal -1.500189E-01 -9.886831E-01 -0.000000E+00
    outer loop
      vertex -6.592306E+01 5.188848E+01 -8.308167E+01
      vertex -6.642119E+01 5.196407E+01 -8.308167E+01
      vertex -6.592306E+01 5.188848E+01 -8.448167E+01
    endloop
  endfacet
  facet normal 7.884030E-02 -9.968872E-01 0.000000E+00
    outer loop
      vertex -6.642119E+01 5.196407E+01 -8.448167E+01
      vertex -6.692345E+01 5.192435E+01 -8.308167E+01
      vertex -6.692345E+01 5.192435E+01 -8.448167E+01
    endloop
  endfacet
  facet normal 7.884030E-02 -9.968872E-01 0.000000E+00
    outer loop
      vertex -6.642119E+01 5.196407E+01 -8.308167E+01
      vertex -6.692345E+01 5.192435E+01 -8.308167E+01
      vertex -6.642119E+01 5.196407E+01 -8.448167E+01
    endloop
  endfacet
  facet normal 3.035843E-01 -9.528046E-01 0.000000E+00
    outer loop
      vertex -6.692345E+01 5.192435E+01 -8.448167E+01
      vertex -6.740350E+01 5.177139E+01 -8.308167E+01
      vertex -6.740350E+01 5.177139E+01 -8.448167E+01
    endloop
  endfacet
  facet normal 3.035843E-01 -9.528046E-01 0.000000E+00
    outer loop
      vertex -6.692345E+01 5.192435E+01 -8.308167E+01
      vertex -6.740350E+01 5.177139E+01 -8.308167E+01
      vertex -6.692345E+01 5.192435E+01 -8.448167E+01
    endloop
  endfacet
  facet normal 5.123832E-01 -8.587570E-01 0.000000E+00
    outer loop
      vertex -6.740350E+01 5.177139E+01 -8.448167E+01
      vertex -6.783617E+01 5.151324E+01 -8.308167E+01
      vertex -6.783617E+01 5.151324E+01 -8.448167E+01
    endloop
  endfacet
  facet normal 5.123832E-01 -8.587570E-01 0.000000E+00
    outer loop
      vertex -6.740350E+01 5.177139E+01 -8.308167E+01
      vertex -6.783617E+01 5.151324E+01 -8.308167E+01
      vertex -6.740350E+01 5.177139E+01 -8.448167E+01
    endloop
  endfacet
  facet normal 6.943303E-01 -7.196564E-01 0.000000E+00
    outer loop
      vertex -6.783617E+01 5.151324E+01 -8.448167E+01
      vertex -6.819876E+01 5.116341E+01 -8.308167E+01
      vertex -6.819876E+01 5.116341E+01 -8.448167E+01
    endloop
  endfacet
  facet normal 6.943303E-01 -7.196564E-01 0.000000E+00
    outer loop
      vertex -6.783617E+01 5.151324E+01 -8.308167E+01
      vertex -6.819876E+01 5.116341E+01 -8.308167E+01
      vertex -6.783617E+01 5.151324E+01 -8.448167E+01
    endloop
  endfacet
  facet normal 8.398475E-01 -5.428224E-01 0.000000E+00
    outer loop
      vertex -6.819876E+01 5.116341E+01 -8.448167E+01
      vertex -6.847225E+01 5.074027E+01 -8.308167E+01
      vertex -6.847225E+01 5.074027E+01 -8.448167E+01
    endloop
  endfacet
  facet normal 8.398475E-01 -5.428224E-01 0.000000E+00
    outer loop
      vertex -6.819876E+01 5.116341E+01 -8.308167E+01
      vertex -6.847225E+01 5.074027E+01 -8.308167E+01
      vertex -6.819876E+01 5.116341E+01 -8.448167E+01
    endloop
  endfacet
  facet normal 9.413146E-01 -3.375304E-01 0.000000E+00
    outer loop
      vertex -6.847225E+01 5.074027E+01 -8.448167E+01
      vertex -6.864231E+01 5.026600E+01 -8.308167E+01
      vertex -6.864231E+01 5.026600E+01 -8.448167E+01
    endloop
  endfacet
  facet normal 9.413146E-01 -3.375304E-01 0.000000E+00
    outer loop
      vertex -6.847225E+01 5.074027E+01 -8.308167E+01
      vertex -6.864231E+01 5.026600E+01 -8.308167E+01
      vertex -6.847225E+01 5.074027E+01 -8.448167E+01
    endloop
  endfacet
  facet normal 9.934239E-01 -1.144942E-01 0.000000E+00
    outer loop
      vertex -6.864231E+01 5.026600E+01 -8.448167E+01
      vertex -6.870000E+01 4.976548E+01 -8.308167E+01
      vertex -6.870000E+01 4.976548E+01 -8.448167E+01
    endloop
  endfacet
  facet normal 9.934239E-01 -1.144942E-01 0.000000E+00
    outer loop
      vertex -6.864231E+01 5.026600E+01 -8.308167E+01
      vertex -6.870000E+01 4.976548E+01 -8.308167E+01
      vertex -6.864231E+01 5.026600E+01 -8.448167E+01
    endloop
  endfacet
  facet normal 0.000000E+00 0.000000E+00 -1.000000E+00
    outer loop
      vertex -6.545518E+01 5.170155E+01 -8.308167E+01
      vertex -6.581832E+01 5.075306E+01 -8.308167E+01
      vertex -6.607447E+01 5.088750E+01 -8.308167E+01
    endloop
  endfacet
  facet normal 0.000000E+00 -0.000000E+00 -1.000000E+00
    outer loop
      vertex -6.545518E+01 5.170155E+01 -8.308167E+01
      vertex -6.504211E+01 5.141308E+01 -8.308167E+01
      vertex -6.581832E+01 5.075306E+01 -8.308167E+01
    endloop
  endfacet
  facet normal 0.000000E+00 0.000000E+00 -1.000000E+00
    outer loop
      vertex -6.844801E+01 4.874309E+01 -8.308167E+01
      vertex -6.756921E+01 4.922070E+01 -8.308167E+01
      vertex -6.741249E+01 4.898615E+01 -8.308167E+01
    endloop
  endfacet
  facet normal 0.000000E+00 0.000000E+00 -1.000000E+00
    outer loop
      vertex -6.844801E+01 4.874309E+01 -8.308167E+01
      vertex -6.741249E+01 4.898615E+01 -8.308167E+01
      vertex -6.814672E+01 4.830661E+01 -8.308167E+01
    endloop
  endfacet
  facet normal 0.000000E+00 0.000000E+00 -1.000000E+00
    outer loop
      vertex -6.565147E+01 4.891695E+01 -8.308167E+01
      vertex -6.485328E+01 4.830661E+01 -8.308167E+01
      vertex -6.525026E+01 4.795492E+01 -8.308167E+01
    endloop
  endfacet
  facet normal 0.000000E+00 0.000000E+00 -1.000000E+00
    outer loop
      vertex -6.550224E+01 4.909880E+01 -8.308167E+01
      vertex -6.455199E+01 4.874309E+01 -8.308167E+01
      vertex -6.485328E+01 4.830661E+01 -8.308167E+01
    endloop
  endfacet
  facet normal 0.000000E+00 -0.000000E+00 -1.000000E+00
    outer loop
      vertex -6.550224E+01 4.909880E+01 -8.308167E+01
      vertex -6.485328E+01 4.830661E+01 -8.308167E+01
      vertex -6.565147E+01 4.891695E+01 -8.308167E+01
    endloop
  endfacet
  facet normal 0.000000E+00 0.000000E+00 -1.000000E+00
    outer loop
      vertex -6.592306E+01 5.188848E+01 -8.308167E+01
      vertex -6.607447E+01 5.088750E+01 -8.308167E+01
      vertex -6.635535E+01 5.095673E+01 -8.308167E+01
    endloop
  endfacet
  facet normal 0.000000E+00 -0.000000E+00 -1.000000E+00
    outer loop
      vertex -6.592306E+01 5.188848E+01 -8.308167E+01
      vertex -6.545518E+01 5.170155E+01 -8.308167E+01
      vertex -6.607447E+01 5.088750E+01 -8.308167E+01
    endloop
  endfacet
  facet normal 0.000000E+00 0.000000E+00 -1.000000E+00
    outer loop
      vertex -6.587300E+01 4.874231E+01 -8.308167E+01
      vertex -6.525026E+01 4.795492E+01 -8.308167E+01
      vertex -6.571987E+01 4.770845E+01 -8.308167E+01
    endloop
  endfacet
  facet normal 0.000000E+00 0.000000E+00 -1.000000E+00
    outer loop
      vertex -6.587300E+01 4.874231E+01 -8.308167E+01
      vertex -6.565147E+01 4.891695E+01 -8.308167E+01
      vertex -6.525026E+01 4.795492E+01 -8.308167E+01
    endloop
  endfacet
  facet normal 0.000000E+00 0.000000E+00 -1.000000E+00
    outer loop
      vertex -6.539134E+01 4.930626E+01 -8.308167E+01
      vertex -6.436393E+01 4.923899E+01 -8.308167E+01
      vertex -6.455199E+01 4.874309E+01 -8.308167E+01
    endloop
  endfacet
  facet normal 0.000000E+00 -0.000000E+00 -1.000000E+00
    outer loop
      vertex -6.539134E+01 4.930626E+01 -8.308167E+01
      vertex -6.455199E+01 4.874309E+01 -8.308167E+01
      vertex -6.550224E+01 4.909880E+01 -8.308167E+01
    endloop
  endfacet
  facet normal 0.000000E+00 0.000000E+00 -1.000000E+00
    outer loop
      vertex -6.863607E+01 4.923899E+01 -8.308167E+01
      vertex -6.766685E+01 4.948535E+01 -8.308167E+01
      vertex -6.756921E+01 4.922070E+01 -8.308167E+01
    endloop
  endfacet
  facet normal 0.000000E+00 -0.000000E+00 -1.000000E+00
    outer loop
      vertex -6.612918E+01 4.862421E+01 -8.308167E+01
      vertex -6.571987E+01 4.770845E+01 -8.308167E+01
      vertex -6.623482E+01 4.758152E+01 -8.308167E+01
    endloop
  endfacet
  facet normal 0.000000E+00 0.000000E+00 -1.000000E+00
    outer loop
      vertex -6.863607E+01 4.923899E+01 -8.308167E+01
      vertex -6.756921E+01 4.922070E+01 -8.308167E+01
      vertex -6.844801E+01 4.874309E+01 -8.308167E+01
    endloop
  endfacet
  facet normal 0.000000E+00 0.000000E+00 -1.000000E+00
    outer loop
      vertex -6.612918E+01 4.862421E+01 -8.308167E+01
      vertex -6.587300E+01 4.874231E+01 -8.308167E+01
      vertex -6.571987E+01 4.770845E+01 -8.308167E+01
    endloop
  endfacet
  facet normal 0.000000E+00 0.000000E+00 -1.000000E+00
    outer loop
      vertex -6.532306E+01 4.953138E+01 -8.308167E+01
      vertex -6.430000E+01 4.976548E+01 -8.308167E+01
      vertex -6.436393E+01 4.923899E+01 -8.308167E+01
    endloop
  endfacet
  facet normal 0.000000E+00 -0.000000E+00 -1.000000E+00
    outer loop
      vertex -6.532306E+01 4.953138E+01 -8.308167E+01
      vertex -6.436393E+01 4.923899E+01 -8.308167E+01
      vertex -6.539134E+01 4.930626E+01 -8.308167E+01
    endloop
  endfacet
  facet normal 0.000000E+00 -0.000000E+00 -1.000000E+00
    outer loop
      vertex -6.640585E+01 4.856918E+01 -8.308167E+01
      vertex -6.623482E+01 4.758152E+01 -8.308167E+01
      vertex -6.676518E+01 4.758152E+01 -8.308167E+01
    endloop
  endfacet
  facet normal 0.000000E+00 0.000000E+00 -1.000000E+00
    outer loop
      vertex -6.640585E+01 4.856918E+01 -8.308167E+01
      vertex -6.612918E+01 4.862421E+01 -8.308167E+01
      vertex -6.623482E+01 4.758152E+01 -8.308167E+01
    endloop
  endfacet
  facet normal 0.000000E+00 0.000000E+00 -1.000000E+00
    outer loop
      vertex -6.530000E+01 4.976548E+01 -8.308167E+01
      vertex -6.434635E+01 5.021469E+01 -8.308167E+01
      vertex -6.430000E+01 4.976548E+01 -8.308167E+01
    endloop
  endfacet
  facet normal 0.000000E+00 0.000000E+00 -1.000000E+00
    outer loop
      vertex -6.642119E+01 5.196407E+01 -8.308167E+01
      vertex -6.592306E+01 5.188848E+01 -8.308167E+01
      vertex -6.635535E+01 5.095673E+01 -8.308167E+01
    endloop
  endfacet
  facet normal 0.000000E+00 -0.000000E+00 -1.000000E+00
    outer loop
      vertex -6.530000E+01 4.976548E+01 -8.308167E+01
      vertex -6.430000E+01 4.976548E+01 -8.308167E+01
      vertex -6.532306E+01 4.953138E+01 -8.308167E+01
    endloop
  endfacet
  facet normal 0.000000E+00 -0.000000E+00 -1.000000E+00
    outer loop
      vertex -6.642119E+01 5.196407E+01 -8.308167E+01
      vertex -6.635535E+01 5.095673E+01 -8.308167E+01
      vertex -6.664465E+01 5.095673E+01 -8.308167E+01
    endloop
  endfacet
  facet normal 0.000000E+00 0.000000E+00 -1.000000E+00
    outer loop
      vertex -6.870000E+01 4.976548E+01 -8.308167E+01
      vertex -6.770000E+01 4.976548E+01 -8.308167E+01
      vertex -6.766685E+01 4.948535E+01 -8.308167E+01
    endloop
  endfacet
  facet normal 0.000000E+00 0.000000E+00 -1.000000E+00
    outer loop
      vertex -6.870000E+01 4.976548E+01 -8.308167E+01
      vertex -6.766685E+01 4.948535E+01 -8.308167E+01
      vertex -6.863607E+01 4.923899E+01 -8.308167E+01
    endloop
  endfacet
  facet normal 0.000000E+00 0.000000E+00 -1.000000E+00
    outer loop
      vertex -6.668772E+01 4.858026E+01 -8.308167E+01
      vertex -6.676518E+01 4.758152E+01 -8.308167E+01
      vertex -6.728013E+01 4.770845E+01 -8.308167E+01
    endloop
  endfacet
  facet normal 0.000000E+00 -0.000000E+00 -1.000000E+00
    outer loop
      vertex -6.668772E+01 4.858026E+01 -8.308167E+01
      vertex -6.640585E+01 4.856918E+01 -8.308167E+01
      vertex -6.676518E+01 4.758152E+01 -8.308167E+01
    endloop
  endfacet
  facet normal 0.000000E+00 -0.000000E+00 -1.000000E+00
    outer loop
      vertex -6.692345E+01 5.192435E+01 -8.308167E+01
      vertex -6.664465E+01 5.095673E+01 -8.308167E+01
      vertex -6.692553E+01 5.088750E+01 -8.308167E+01
    endloop
  endfacet
  facet normal 0.000000E+00 0.000000E+00 -1.000000E+00
    outer loop
      vertex -6.533487E+01 5.005266E+01 -8.308167E+01
      vertex -6.448344E+01 5.064497E+01 -8.308167E+01
      vertex -6.434635E+01 5.021469E+01 -8.308167E+01
    endloop
  endfacet
  facet normal 0.000000E+00 0.000000E+00 -1.000000E+00
    outer loop
      vertex -6.692345E+01 5.192435E+01 -8.308167E+01
      vertex -6.642119E+01 5.196407E+01 -8.308167E+01
      vertex -6.664465E+01 5.095673E+01 -8.308167E+01
    endloop
  endfacet
  facet normal 0.000000E+00 0.000000E+00 -1.000000E+00
    outer loop
      vertex -6.533487E+01 5.005266E+01 -8.308167E+01
      vertex -6.434635E+01 5.021469E+01 -8.308167E+01
      vertex -6.530000E+01 4.976548E+01 -8.308167E+01
    endloop
  endfacet
  facet normal 0.000000E+00 0.000000E+00 -1.000000E+00
    outer loop
      vertex -6.864231E+01 5.026600E+01 -8.308167E+01
      vertex -6.766513E+01 5.005266E+01 -8.308167E+01
      vertex -6.770000E+01 4.976548E+01 -8.308167E+01
    endloop
  endfacet
  facet normal 0.000000E+00 -0.000000E+00 -1.000000E+00
    outer loop
      vertex -6.864231E+01 5.026600E+01 -8.308167E+01
      vertex -6.770000E+01 4.976548E+01 -8.308167E+01
      vertex -6.870000E+01 4.976548E+01 -8.308167E+01
    endloop
  endfacet
  facet normal 0.000000E+00 -0.000000E+00 -1.000000E+00
    outer loop
      vertex -6.695922E+01 4.865683E+01 -8.308167E+01
      vertex -6.668772E+01 4.858026E+01 -8.308167E+01
      vertex -6.728013E+01 4.770845E+01 -8.308167E+01
    endloop
  endfacet
  facet normal 0.000000E+00 0.000000E+00 -1.000000E+00
    outer loop
      vertex -6.740350E+01 5.177139E+01 -8.308167E+01
      vertex -6.692553E+01 5.088750E+01 -8.308167E+01
      vertex -6.718168E+01 5.075306E+01 -8.308167E+01
    endloop
  endfacet
  facet normal 0.000000E+00 0.000000E+00 -1.000000E+00
    outer loop
      vertex -6.774974E+01 4.795492E+01 -8.308167E+01
      vertex -6.695922E+01 4.865683E+01 -8.308167E+01
      vertex -6.728013E+01 4.770845E+01 -8.308167E+01
    endloop
  endfacet
  facet normal 0.000000E+00 0.000000E+00 -1.000000E+00
    outer loop
      vertex -6.740350E+01 5.177139E+01 -8.308167E+01
      vertex -6.692345E+01 5.192435E+01 -8.308167E+01
      vertex -6.692553E+01 5.088750E+01 -8.308167E+01
    endloop
  endfacet
  facet normal 0.000000E+00 0.000000E+00 -1.000000E+00
    outer loop
      vertex -6.847225E+01 5.074027E+01 -8.308167E+01
      vertex -6.756255E+01 5.032315E+01 -8.308167E+01
      vertex -6.766513E+01 5.005266E+01 -8.308167E+01
    endloop
  endfacet
  facet normal 0.000000E+00 -0.000000E+00 -1.000000E+00
    outer loop
      vertex -6.847225E+01 5.074027E+01 -8.308167E+01
      vertex -6.766513E+01 5.005266E+01 -8.308167E+01
      vertex -6.864231E+01 5.026600E+01 -8.308167E+01
    endloop
  endfacet
  facet normal 0.000000E+00 0.000000E+00 -1.000000E+00
    outer loop
      vertex -6.543745E+01 5.032315E+01 -8.308167E+01
      vertex -6.470551E+01 5.103819E+01 -8.308167E+01
      vertex -6.448344E+01 5.064497E+01 -8.308167E+01
    endloop
  endfacet
  facet normal 0.000000E+00 0.000000E+00 -1.000000E+00
    outer loop
      vertex -6.783617E+01 5.151324E+01 -8.308167E+01
      vertex -6.718168E+01 5.075306E+01 -8.308167E+01
      vertex -6.739822E+01 5.056123E+01 -8.308167E+01
    endloop
  endfacet
  facet normal 0.000000E+00 0.000000E+00 -1.000000E+00
    outer loop
      vertex -6.543745E+01 5.032315E+01 -8.308167E+01
      vertex -6.448344E+01 5.064497E+01 -8.308167E+01
      vertex -6.533487E+01 5.005266E+01 -8.308167E+01
    endloop
  endfacet
  facet normal 0.000000E+00 0.000000E+00 -1.000000E+00
    outer loop
      vertex -6.783617E+01 5.151324E+01 -8.308167E+01
      vertex -6.740350E+01 5.177139E+01 -8.308167E+01
      vertex -6.718168E+01 5.075306E+01 -8.308167E+01
    endloop
  endfacet
  facet normal 0.000000E+00 -0.000000E+00 -1.000000E+00
    outer loop
      vertex -6.720535E+01 4.879466E+01 -8.308167E+01
      vertex -6.695922E+01 4.865683E+01 -8.308167E+01
      vertex -6.774974E+01 4.795492E+01 -8.308167E+01
    endloop
  endfacet
  facet normal 0.000000E+00 0.000000E+00 -1.000000E+00
    outer loop
      vertex -6.819876E+01 5.116341E+01 -8.308167E+01
      vertex -6.739822E+01 5.056123E+01 -8.308167E+01
      vertex -6.756255E+01 5.032315E+01 -8.308167E+01
    endloop
  endfacet
  facet normal 0.000000E+00 0.000000E+00 -1.000000E+00
    outer loop
      vertex -6.819876E+01 5.116341E+01 -8.308167E+01
      vertex -6.783617E+01 5.151324E+01 -8.308167E+01
      vertex -6.739822E+01 5.056123E+01 -8.308167E+01
    endloop
  endfacet
  facet normal 0.000000E+00 -0.000000E+00 -1.000000E+00
    outer loop
      vertex -6.819876E+01 5.116341E+01 -8.308167E+01
      vertex -6.756255E+01 5.032315E+01 -8.308167E+01
      vertex -6.847225E+01 5.074027E+01 -8.308167E+01
    endloop
  endfacet
  facet normal 0.000000E+00 0.000000E+00 -1.000000E+00
    outer loop
      vertex -6.560178E+01 5.056123E+01 -8.308167E+01
      vertex -6.470551E+01 5.103819E+01 -8.308167E+01
      vertex -6.543745E+01 5.032315E+01 -8.308167E+01
    endloop
  endfacet
  facet normal 0.000000E+00 0.000000E+00 -1.000000E+00
    outer loop
      vertex -6.814672E+01 4.830661E+01 -8.308167E+01
      vertex -6.720535E+01 4.879466E+01 -8.308167E+01
      vertex -6.774974E+01 4.795492E+01 -8.308167E+01
    endloop
  endfacet
  facet normal 0.000000E+00 0.000000E+00 -1.000000E+00
    outer loop
      vertex -6.814672E+01 4.830661E+01 -8.308167E+01
      vertex -6.741249E+01 4.898615E+01 -8.308167E+01
      vertex -6.720535E+01 4.879466E+01 -8.308167E+01
    endloop
  endfacet
  facet normal 0.000000E+00 -0.000000E+00 -1.000000E+00
    outer loop
      vertex -6.504211E+01 5.141308E+01 -8.308167E+01
      vertex -6.470551E+01 5.103819E+01 -8.308167E+01
      vertex -6.560178E+01 5.056123E+01 -8.308167E+01
    endloop
  endfacet
  facet normal 0.000000E+00 0.000000E+00 -1.000000E+00
    outer loop
      vertex -6.581832E+01 5.075306E+01 -8.308167E+01
      vertex -6.504211E+01 5.141308E+01 -8.308167E+01
      vertex -6.560178E+01 5.056123E+01 -8.308167E+01
    endloop
  endfacet
  facet normal -9.983844E-01 -5.682123E-02 -0.000000E+00
    outer loop
      vertex -6.430000E+01 2.326548E+01 -8.308167E+01
      vertex -6.431421E+01 2.351509E+01 -8.308167E+01
      vertex -6.430000E+01 2.326548E+01 -8.448167E+01
    endloop
  endfacet
  facet normal -9.983844E-01 -5.682123E-02 0.000000E+00
    outer loop
      vertex -6.430000E+01 2.326548E+01 -8.448167E+01
      vertex -6.431421E+01 2.351509E+01 -8.308167E+01
      vertex -6.431421E+01 2.351509E+01 -8.448167E+01
    endloop
  endfacet
  facet normal -9.854906E-01 -1.697299E-01 0.000000E+00
    outer loop
      vertex -6.431421E+01 2.351509E+01 -8.448167E+01
      vertex -6.435664E+01 2.376148E+01 -8.308167E+01
      vertex -6.435664E+01 2.376148E+01 -8.448167E+01
    endloop
  endfacet
  facet normal -9.854906E-01 -1.697299E-01 -0.000000E+00
    outer loop
      vertex -6.431421E+01 2.351509E+01 -8.308167E+01
      vertex -6.435664E+01 2.376148E+01 -8.308167E+01
      vertex -6.431421E+01 2.351509E+01 -8.448167E+01
    endloop
  endfacet
  facet normal -9.598705E-01 -2.804435E-01 0.000000E+00
    outer loop
      vertex -6.435664E+01 2.376148E+01 -8.448167E+01
      vertex -6.442676E+01 2.400146E+01 -8.308167E+01
      vertex -6.442676E+01 2.400146E+01 -8.448167E+01
    endloop
  endfacet
  facet normal -9.598705E-01 -2.804435E-01 -0.000000E+00
    outer loop
      vertex -6.435664E+01 2.376148E+01 -8.308167E+01
      vertex -6.442676E+01 2.400146E+01 -8.308167E+01
      vertex -6.435664E+01 2.376148E+01 -8.448167E+01
    endloop
  endfacet
  facet normal -8.970294E-01 -4.419708E-01 0.000000E+00
    outer loop
      vertex -6.442676E+01 2.400146E+01 -8.448167E+01
      vertex -6.465316E+01 2.446096E+01 -8.308167E+01
      vertex -6.465316E+01 2.446096E+01 -8.448167E+01
    endloop
  endfacet
  facet normal -8.970294E-01 -4.419708E-01 -0.000000E+00
    outer loop
      vertex -6.442676E+01 2.400146E+01 -8.308167E+01
      vertex -6.465316E+01 2.446096E+01 -8.308167E+01
      vertex -6.442676E+01 2.400146E+01 -8.448167E+01
    endloop
  endfacet
  facet normal -7.705035E-01 -6.374357E-01 0.000000E+00
    outer loop
      vertex -6.465316E+01 2.446096E+01 -8.448167E+01
      vertex -6.497969E+01 2.485566E+01 -8.308167E+01
      vertex -6.497969E+01 2.485566E+01 -8.448167E+01
    endloop
  endfacet
  facet normal -7.705035E-01 -6.374357E-01 -0.000000E+00
    outer loop
      vertex -6.465316E+01 2.446096E+01 -8.308167E+01
      vertex -6.497969E+01 2.485566E+01 -8.308167E+01
      vertex -6.465316E+01 2.446096E+01 -8.448167E+01
    endloop
  endfacet
  facet normal -6.021996E-01 -7.983456E-01 0.000000E+00
    outer loop
      vertex -6.497969E+01 2.485566E+01 -8.448167E+01
      vertex -6.538865E+01 2.516414E+01 -8.308167E+01
      vertex -6.538865E+01 2.516414E+01 -8.448167E+01
    endloop
  endfacet
  facet normal -6.021996E-01 -7.983456E-01 -0.000000E+00
    outer loop
      vertex -6.497969E+01 2.485566E+01 -8.308167E+01
      vertex -6.538865E+01 2.516414E+01 -8.308167E+01
      vertex -6.497969E+01 2.485566E+01 -8.448167E+01
    endloop
  endfacet
  facet normal -4.012477E-01 -9.159696E-01 0.000000E+00
    outer loop
      vertex -6.538865E+01 2.516414E+01 -8.448167E+01
      vertex -6.585786E+01 2.536968E+01 -8.308167E+01
      vertex -6.585786E+01 2.536968E+01 -8.448167E+01
    endloop
  endfacet
  facet normal -1.785411E-01 -9.839324E-01 0.000000E+00
    outer loop
      vertex -6.585786E+01 2.536968E+01 -8.448167E+01
      vertex -6.585786E+01 2.536968E+01 -8.308167E+01
      vertex -6.636189E+01 2.546114E+01 -8.448167E+01
    endloop
  endfacet
  facet normal -4.012477E-01 -9.159696E-01 -0.000000E+00
    outer loop
      vertex -6.538865E+01 2.516414E+01 -8.308167E+01
      vertex -6.585786E+01 2.536968E+01 -8.308167E+01
      vertex -6.538865E+01 2.516414E+01 -8.448167E+01
    endloop
  endfacet
  facet normal 5.384080E-02 -9.985495E-01 0.000000E+00
    outer loop
      vertex -6.636189E+01 2.546114E+01 -8.448167E+01
      vertex -6.636189E+01 2.546114E+01 -8.308167E+01
      vertex -6.687341E+01 2.543356E+01 -8.448167E+01
    endloop
  endfacet
  facet normal -1.785411E-01 -9.839324E-01 0.000000E+00
    outer loop
      vertex -6.585786E+01 2.536968E+01 -8.308167E+01
      vertex -6.636189E+01 2.546114E+01 -8.308167E+01
      vertex -6.636189E+01 2.546114E+01 -8.448167E+01
    endloop
  endfacet
  facet normal 2.833103E-01 -9.590283E-01 0.000000E+00
    outer loop
      vertex -6.687341E+01 2.543356E+01 -8.448167E+01
      vertex -6.687341E+01 2.543356E+01 -8.308167E+01
      vertex -6.736467E+01 2.528844E+01 -8.448167E+01
    endloop
  endfacet
  facet normal 5.384080E-02 -9.985495E-01 0.000000E+00
    outer loop
      vertex -6.636189E+01 2.546114E+01 -8.308167E+01
      vertex -6.687341E+01 2.543356E+01 -8.308167E+01
      vertex -6.687341E+01 2.543356E+01 -8.448167E+01
    endloop
  endfacet
  facet normal 4.974091E-01 -8.675160E-01 0.000000E+00
    outer loop
      vertex -6.736467E+01 2.528844E+01 -8.448167E+01
      vertex -6.736467E+01 2.528844E+01 -8.308167E+01
      vertex -6.780907E+01 2.503363E+01 -8.448167E+01
    endloop
  endfacet
  facet normal 2.833103E-01 -9.590283E-01 0.000000E+00
    outer loop
      vertex -6.687341E+01 2.543356E+01 -8.308167E+01
      vertex -6.736467E+01 2.528844E+01 -8.308167E+01
      vertex -6.736467E+01 2.528844E+01 -8.448167E+01
    endloop
  endfacet
  facet normal 6.845552E-01 -7.289610E-01 0.000000E+00
    outer loop
      vertex -6.780907E+01 2.503363E+01 -8.448167E+01
      vertex -6.780907E+01 2.503363E+01 -8.308167E+01
      vertex -6.818248E+01 2.468297E+01 -8.448167E+01
    endloop
  endfacet
  facet normal 4.974091E-01 -8.675160E-01 0.000000E+00
    outer loop
      vertex -6.736467E+01 2.528844E+01 -8.308167E+01
      vertex -6.780907E+01 2.503363E+01 -8.308167E+01
      vertex -6.780907E+01 2.503363E+01 -8.448167E+01
    endloop
  endfacet
  facet normal 8.345724E-01 -5.508983E-01 0.000000E+00
    outer loop
      vertex -6.818248E+01 2.468297E+01 -8.448167E+01
      vertex -6.818248E+01 2.468297E+01 -8.308167E+01
      vertex -6.846468E+01 2.425545E+01 -8.448167E+01
    endloop
  endfacet
  facet normal 6.845552E-01 -7.289610E-01 0.000000E+00
    outer loop
      vertex -6.780907E+01 2.503363E+01 -8.308167E+01
      vertex -6.818248E+01 2.468297E+01 -8.308167E+01
      vertex -6.818248E+01 2.468297E+01 -8.448167E+01
    endloop
  endfacet
  facet normal 9.393513E-01 -3.429565E-01 0.000000E+00
    outer loop
      vertex -6.846468E+01 2.425545E+01 -8.448167E+01
      vertex -6.846468E+01 2.425545E+01 -8.308167E+01
      vertex -6.864037E+01 2.377426E+01 -8.448167E+01
    endloop
  endfacet
  facet normal 8.345724E-01 -5.508983E-01 0.000000E+00
    outer loop
      vertex -6.818248E+01 2.468297E+01 -8.308167E+01
      vertex -6.846468E+01 2.425545E+01 -8.308167E+01
      vertex -6.846468E+01 2.425545E+01 -8.448167E+01
    endloop
  endfacet
  facet normal 9.932014E-01 -1.164092E-01 0.000000E+00
    outer loop
      vertex -6.864037E+01 2.377426E+01 -8.448167E+01
      vertex -6.864037E+01 2.377426E+01 -8.308167E+01
      vertex -6.870000E+01 2.326548E+01 -8.448167E+01
    endloop
  endfacet
  facet normal 9.393513E-01 -3.429565E-01 0.000000E+00
    outer loop
      vertex -6.846468E+01 2.425545E+01 -8.308167E+01
      vertex -6.864037E+01 2.377426E+01 -8.308167E+01
      vertex -6.864037E+01 2.377426E+01 -8.448167E+01
    endloop
  endfacet
  facet normal 9.932014E-01 -1.164092E-01 0.000000E+00
    outer loop
      vertex -6.864037E+01 2.377426E+01 -8.308167E+01
      vertex -6.870000E+01 2.326548E+01 -8.308167E+01
      vertex -6.870000E+01 2.326548E+01 -8.448167E+01
    endloop
  endfacet
  facet normal 0.000000E+00 -0.000000E+00 -1.000000E+00
    outer loop
      vertex -6.755849E+01 2.270015E+01 -8.308167E+01
      vertex -6.738953E+01 2.246005E+01 -8.308167E+01
      vertex -6.814672E+01 2.180661E+01 -8.308167E+01
    endloop
  endfacet
  facet normal 0.000000E+00 -0.000000E+00 -1.000000E+00
    outer loop
      vertex -6.538865E+01 2.516414E+01 -8.308167E+01
      vertex -6.497969E+01 2.485566E+01 -8.308167E+01
      vertex -6.581832E+01 2.425306E+01 -8.308167E+01
    endloop
  endfacet
  facet normal 0.000000E+00 0.000000E+00 -1.000000E+00
    outer loop
      vertex -6.538865E+01 2.516414E+01 -8.308167E+01
      vertex -6.581832E+01 2.425306E+01 -8.308167E+01
      vertex -6.607447E+01 2.438750E+01 -8.308167E+01
    endloop
  endfacet
  facet normal 0.000000E+00 0.000000E+00 -1.000000E+00
    outer loop
      vertex -6.844801E+01 2.224309E+01 -8.308167E+01
      vertex -6.755849E+01 2.270015E+01 -8.308167E+01
      vertex -6.814672E+01 2.180661E+01 -8.308167E+01
    endloop
  endfacet
  facet normal 0.000000E+00 0.000000E+00 -1.000000E+00
    outer loop
      vertex -6.844801E+01 2.224309E+01 -8.308167E+01
      vertex -6.766409E+01 2.297410E+01 -8.308167E+01
      vertex -6.755849E+01 2.270015E+01 -8.308167E+01
    endloop
  endfacet
  facet normal 0.000000E+00 0.000000E+00 -1.000000E+00
    outer loop
      vertex -6.557363E+01 2.250270E+01 -8.308167E+01
      vertex -6.455199E+01 2.224309E+01 -8.308167E+01
      vertex -6.485328E+01 2.180661E+01 -8.308167E+01
    endloop
  endfacet
  facet normal 0.000000E+00 0.000000E+00 -1.000000E+00
    outer loop
      vertex -6.578658E+01 2.230059E+01 -8.308167E+01
      vertex -6.485328E+01 2.180661E+01 -8.308167E+01
      vertex -6.525026E+01 2.145492E+01 -8.308167E+01
    endloop
  endfacet
  facet normal 0.000000E+00 0.000000E+00 -1.000000E+00
    outer loop
      vertex -6.578658E+01 2.230059E+01 -8.308167E+01
      vertex -6.557363E+01 2.250270E+01 -8.308167E+01
      vertex -6.485328E+01 2.180661E+01 -8.308167E+01
    endloop
  endfacet
  facet normal 0.000000E+00 0.000000E+00 -1.000000E+00
    outer loop
      vertex -6.542433E+01 2.273357E+01 -8.308167E+01
      vertex -6.436393E+01 2.273899E+01 -8.308167E+01
      vertex -6.455199E+01 2.224309E+01 -8.308167E+01
    endloop
  endfacet
  facet normal 0.000000E+00 -0.000000E+00 -1.000000E+00
    outer loop
      vertex -6.542433E+01 2.273357E+01 -8.308167E+01
      vertex -6.455199E+01 2.224309E+01 -8.308167E+01
      vertex -6.557363E+01 2.250270E+01 -8.308167E+01
    endloop
  endfacet
  facet normal 0.000000E+00 0.000000E+00 -1.000000E+00
    outer loop
      vertex -6.604223E+01 2.215623E+01 -8.308167E+01
      vertex -6.525026E+01 2.145492E+01 -8.308167E+01
      vertex -6.571987E+01 2.120845E+01 -8.308167E+01
    endloop
  endfacet
  facet normal 0.000000E+00 0.000000E+00 -1.000000E+00
    outer loop
      vertex -6.604223E+01 2.215623E+01 -8.308167E+01
      vertex -6.578658E+01 2.230059E+01 -8.308167E+01
      vertex -6.525026E+01 2.145492E+01 -8.308167E+01
    endloop
  endfacet
  facet normal 0.000000E+00 0.000000E+00 -1.000000E+00
    outer loop
      vertex -6.585786E+01 2.536968E+01 -8.308167E+01
      vertex -6.607447E+01 2.438750E+01 -8.308167E+01
      vertex -6.635535E+01 2.445673E+01 -8.308167E+01
    endloop
  endfacet
  facet normal 0.000000E+00 -0.000000E+00 -1.000000E+00
    outer loop
      vertex -6.585786E+01 2.536968E+01 -8.308167E+01
      vertex -6.538865E+01 2.516414E+01 -8.308167E+01
      vertex -6.607447E+01 2.438750E+01 -8.308167E+01
    endloop
  endfacet
  facet normal 0.000000E+00 0.000000E+00 -1.000000E+00
    outer loop
      vertex -6.533150E+01 2.299236E+01 -8.308167E+01
      vertex -6.430000E+01 2.326548E+01 -8.308167E+01
      vertex -6.436393E+01 2.273899E+01 -8.308167E+01
    endloop
  endfacet
  facet normal 0.000000E+00 -0.000000E+00 -1.000000E+00
    outer loop
      vertex -6.533150E+01 2.299236E+01 -8.308167E+01
      vertex -6.436393E+01 2.273899E+01 -8.308167E+01
      vertex -6.542433E+01 2.273357E+01 -8.308167E+01
    endloop
  endfacet
  facet normal 0.000000E+00 0.000000E+00 -1.000000E+00
    outer loop
      vertex -6.632528E+01 2.207827E+01 -8.308167E+01
      vertex -6.571987E+01 2.120845E+01 -8.308167E+01
      vertex -6.623482E+01 2.108152E+01 -8.308167E+01
    endloop
  endfacet
  facet normal 0.000000E+00 0.000000E+00 -1.000000E+00
    outer loop
      vertex -6.863607E+01 2.273899E+01 -8.308167E+01
      vertex -6.770000E+01 2.326548E+01 -8.308167E+01
      vertex -6.766409E+01 2.297410E+01 -8.308167E+01
    endloop
  endfacet
  facet normal 0.000000E+00 0.000000E+00 -1.000000E+00
    outer loop
      vertex -6.632528E+01 2.207827E+01 -8.308167E+01
      vertex -6.604223E+01 2.215623E+01 -8.308167E+01
      vertex -6.571987E+01 2.120845E+01 -8.308167E+01
    endloop
  endfacet
  facet normal 0.000000E+00 0.000000E+00 -1.000000E+00
    outer loop
      vertex -6.863607E+01 2.273899E+01 -8.308167E+01
      vertex -6.766409E+01 2.297410E+01 -8.308167E+01
      vertex -6.844801E+01 2.224309E+01 -8.308167E+01
    endloop
  endfacet
  facet normal 0.000000E+00 0.000000E+00 -1.000000E+00
    outer loop
      vertex -6.530000E+01 2.326548E+01 -8.308167E+01
      vertex -6.431421E+01 2.351509E+01 -8.308167E+01
      vertex -6.430000E+01 2.326548E+01 -8.308167E+01
    endloop
  endfacet
  facet normal 0.000000E+00 -0.000000E+00 -1.000000E+00
    outer loop
      vertex -6.530000E+01 2.326548E+01 -8.308167E+01
      vertex -6.430000E+01 2.326548E+01 -8.308167E+01
      vertex -6.533150E+01 2.299236E+01 -8.308167E+01
    endloop
  endfacet
  facet normal 0.000000E+00 -0.000000E+00 -1.000000E+00
    outer loop
      vertex -6.661879E+01 2.207138E+01 -8.308167E+01
      vertex -6.623482E+01 2.108152E+01 -8.308167E+01
      vertex -6.676518E+01 2.108152E+01 -8.308167E+01
    endloop
  endfacet
  facet normal 0.000000E+00 0.000000E+00 -1.000000E+00
    outer loop
      vertex -6.661879E+01 2.207138E+01 -8.308167E+01
      vertex -6.632528E+01 2.207827E+01 -8.308167E+01
      vertex -6.623482E+01 2.108152E+01 -8.308167E+01
    endloop
  endfacet
  facet normal 0.000000E+00 0.000000E+00 -1.000000E+00
    outer loop
      vertex -6.533487E+01 2.355266E+01 -8.308167E+01
      vertex -6.442676E+01 2.400146E+01 -8.308167E+01
      vertex -6.435664E+01 2.376148E+01 -8.308167E+01
    endloop
  endfacet
  facet normal 0.000000E+00 0.000000E+00 -1.000000E+00
    outer loop
      vertex -6.533487E+01 2.355266E+01 -8.308167E+01
      vertex -6.435664E+01 2.376148E+01 -8.308167E+01
      vertex -6.431421E+01 2.351509E+01 -8.308167E+01
    endloop
  endfacet
  facet normal 0.000000E+00 0.000000E+00 -1.000000E+00
    outer loop
      vertex -6.533487E+01 2.355266E+01 -8.308167E+01
      vertex -6.431421E+01 2.351509E+01 -8.308167E+01
      vertex -6.530000E+01 2.326548E+01 -8.308167E+01
    endloop
  endfacet
  facet normal 0.000000E+00 -0.000000E+00 -1.000000E+00
    outer loop
      vertex -6.690519E+01 2.213596E+01 -8.308167E+01
      vertex -6.676518E+01 2.108152E+01 -8.308167E+01
      vertex -6.728013E+01 2.120845E+01 -8.308167E+01
    endloop
  endfacet
  facet normal 0.000000E+00 0.000000E+00 -1.000000E+00
    outer loop
      vertex -6.690519E+01 2.213596E+01 -8.308167E+01
      vertex -6.661879E+01 2.207138E+01 -8.308167E+01
      vertex -6.676518E+01 2.108152E+01 -8.308167E+01
    endloop
  endfacet
  facet normal 0.000000E+00 -0.000000E+00 -1.000000E+00
    outer loop
      vertex -6.636189E+01 2.546114E+01 -8.308167E+01
      vertex -6.635535E+01 2.445673E+01 -8.308167E+01
      vertex -6.664465E+01 2.445673E+01 -8.308167E+01
    endloop
  endfacet
  facet normal 0.000000E+00 0.000000E+00 -1.000000E+00
    outer loop
      vertex -6.636189E+01 2.546114E+01 -8.308167E+01
      vertex -6.585786E+01 2.536968E+01 -8.308167E+01
      vertex -6.635535E+01 2.445673E+01 -8.308167E+01
    endloop
  endfacet
  facet normal 0.000000E+00 0.000000E+00 -1.000000E+00
    outer loop
      vertex -6.870000E+01 2.326548E+01 -8.308167E+01
      vertex -6.770000E+01 2.326548E+01 -8.308167E+01
      vertex -6.863607E+01 2.273899E+01 -8.308167E+01
    endloop
  endfacet
  facet normal 0.000000E+00 0.000000E+00 -1.000000E+00
    outer loop
      vertex -6.543745E+01 2.382315E+01 -8.308167E+01
      vertex -6.465316E+01 2.446096E+01 -8.308167E+01
      vertex -6.442676E+01 2.400146E+01 -8.308167E+01
    endloop
  endfacet
  facet normal 0.000000E+00 0.000000E+00 -1.000000E+00
    outer loop
      vertex -6.543745E+01 2.382315E+01 -8.308167E+01
      vertex -6.442676E+01 2.400146E+01 -8.308167E+01
      vertex -6.533487E+01 2.355266E+01 -8.308167E+01
    endloop
  endfacet
  facet normal 0.000000E+00 -0.000000E+00 -1.000000E+00
    outer loop
      vertex -6.687341E+01 2.543356E+01 -8.308167E+01
      vertex -6.664465E+01 2.445673E+01 -8.308167E+01
      vertex -6.692553E+01 2.438750E+01 -8.308167E+01
    endloop
  endfacet
  facet normal 0.000000E+00 0.000000E+00 -1.000000E+00
    outer loop
      vertex -6.687341E+01 2.543356E+01 -8.308167E+01
      vertex -6.636189E+01 2.546114E+01 -8.308167E+01
      vertex -6.664465E+01 2.445673E+01 -8.308167E+01
    endloop
  endfacet
  facet normal 0.000000E+00 0.000000E+00 -1.000000E+00
    outer loop
      vertex -6.716734E+01 2.226815E+01 -8.308167E+01
      vertex -6.728013E+01 2.120845E+01 -8.308167E+01
      vertex -6.774974E+01 2.145492E+01 -8.308167E+01
    endloop
  endfacet
  facet normal 0.000000E+00 0.000000E+00 -1.000000E+00
    outer loop
      vertex -6.864037E+01 2.377426E+01 -8.308167E+01
      vertex -6.766513E+01 2.355266E+01 -8.308167E+01
      vertex -6.770000E+01 2.326548E+01 -8.308167E+01
    endloop
  endfacet
  facet normal 0.000000E+00 -0.000000E+00 -1.000000E+00
    outer loop
      vertex -6.716734E+01 2.226815E+01 -8.308167E+01
      vertex -6.690519E+01 2.213596E+01 -8.308167E+01
      vertex -6.728013E+01 2.120845E+01 -8.308167E+01
    endloop
  endfacet
  facet normal 0.000000E+00 -0.000000E+00 -1.000000E+00
    outer loop
      vertex -6.864037E+01 2.377426E+01 -8.308167E+01
      vertex -6.770000E+01 2.326548E+01 -8.308167E+01
      vertex -6.870000E+01 2.326548E+01 -8.308167E+01
    endloop
  endfacet
  facet normal 0.000000E+00 0.000000E+00 -1.000000E+00
    outer loop
      vertex -6.736467E+01 2.528844E+01 -8.308167E+01
      vertex -6.692553E+01 2.438750E+01 -8.308167E+01
      vertex -6.718168E+01 2.425306E+01 -8.308167E+01
    endloop
  endfacet
  facet normal 0.000000E+00 0.000000E+00 -1.000000E+00
    outer loop
      vertex -6.560178E+01 2.406123E+01 -8.308167E+01
      vertex -6.465316E+01 2.446096E+01 -8.308167E+01
      vertex -6.543745E+01 2.382315E+01 -8.308167E+01
    endloop
  endfacet
  facet normal 0.000000E+00 0.000000E+00 -1.000000E+00
    outer loop
      vertex -6.736467E+01 2.528844E+01 -8.308167E+01
      vertex -6.687341E+01 2.543356E+01 -8.308167E+01
      vertex -6.692553E+01 2.438750E+01 -8.308167E+01
    endloop
  endfacet
  facet normal 0.000000E+00 -0.000000E+00 -1.000000E+00
    outer loop
      vertex -6.497969E+01 2.485566E+01 -8.308167E+01
      vertex -6.465316E+01 2.446096E+01 -8.308167E+01
      vertex -6.560178E+01 2.406123E+01 -8.308167E+01
    endloop
  endfacet
  facet normal 0.000000E+00 0.000000E+00 -1.000000E+00
    outer loop
      vertex -6.846468E+01 2.425545E+01 -8.308167E+01
      vertex -6.756255E+01 2.382315E+01 -8.308167E+01
      vertex -6.766513E+01 2.355266E+01 -8.308167E+01
    endloop
  endfacet
  facet normal 0.000000E+00 -0.000000E+00 -1.000000E+00
    outer loop
      vertex -6.738953E+01 2.246005E+01 -8.308167E+01
      vertex -6.716734E+01 2.226815E+01 -8.308167E+01
      vertex -6.774974E+01 2.145492E+01 -8.308167E+01
    endloop
  endfacet
  facet normal 0.000000E+00 -0.000000E+00 -1.000000E+00
    outer loop
      vertex -6.846468E+01 2.425545E+01 -8.308167E+01
      vertex -6.766513E+01 2.355266E+01 -8.308167E+01
      vertex -6.864037E+01 2.377426E+01 -8.308167E+01
    endloop
  endfacet
  facet normal 0.000000E+00 0.000000E+00 -1.000000E+00
    outer loop
      vertex -6.780907E+01 2.503363E+01 -8.308167E+01
      vertex -6.718168E+01 2.425306E+01 -8.308167E+01
      vertex -6.739822E+01 2.406123E+01 -8.308167E+01
    endloop
  endfacet
  facet normal 0.000000E+00 0.000000E+00 -1.000000E+00
    outer loop
      vertex -6.780907E+01 2.503363E+01 -8.308167E+01
      vertex -6.736467E+01 2.528844E+01 -8.308167E+01
      vertex -6.718168E+01 2.425306E+01 -8.308167E+01
    endloop
  endfacet
  facet normal 0.000000E+00 0.000000E+00 -1.000000E+00
    outer loop
      vertex -6.814672E+01 2.180661E+01 -8.308167E+01
      vertex -6.738953E+01 2.246005E+01 -8.308167E+01
      vertex -6.774974E+01 2.145492E+01 -8.308167E+01
    endloop
  endfacet
  facet normal 0.000000E+00 0.000000E+00 -1.000000E+00
    outer loop
      vertex -6.818248E+01 2.468297E+01 -8.308167E+01
      vertex -6.739822E+01 2.406123E+01 -8.308167E+01
      vertex -6.756255E+01 2.382315E+01 -8.308167E+01
    endloop
  endfacet
  facet normal 0.000000E+00 0.000000E+00 -1.000000E+00
    outer loop
      vertex -6.818248E+01 2.468297E+01 -8.308167E+01
      vertex -6.780907E+01 2.503363E+01 -8.308167E+01
      vertex -6.739822E+01 2.406123E+01 -8.308167E+01
    endloop
  endfacet
  facet normal 0.000000E+00 -0.000000E+00 -1.000000E+00
    outer loop
      vertex -6.818248E+01 2.468297E+01 -8.308167E+01
      vertex -6.756255E+01 2.382315E+01 -8.308167E+01
      vertex -6.846468E+01 2.425545E+01 -8.308167E+01
    endloop
  endfacet
  facet normal 0.000000E+00 0.000000E+00 -1.000000E+00
    outer loop
      vertex -6.581832E+01 2.425306E+01 -8.308167E+01
      vertex -6.497969E+01 2.485566E+01 -8.308167E+01
      vertex -6.560178E+01 2.406123E+01 -8.308167E+01
    endloop
  endfacet
  facet normal -9.931035E-01 -1.172413E-01 0.000000E+00
    outer loop
      vertex -1.300000E+00 4.976548E+01 -8.448167E+01
      vertex -1.300000E+00 4.976548E+01 -8.308167E+01
      vertex -1.360480E+00 5.027779E+01 -8.448167E+01
    endloop
  endfacet
  facet normal -9.385004E-01 -3.452781E-01 0.000000E+00
    outer loop
      vertex -1.360480E+00 5.027779E+01 -8.448167E+01
      vertex -1.360480E+00 5.027779E+01 -8.308167E+01
      vertex -1.538595E+00 5.076192E+01 -8.448167E+01
    endloop
  endfacet
  facet normal -9.931035E-01 -1.172413E-01 0.000000E+00
    outer loop
      vertex -1.300000E+00 4.976548E+01 -8.308167E+01
      vertex -1.360480E+00 5.027779E+01 -8.308167E+01
      vertex -1.360480E+00 5.027779E+01 -8.448167E+01
    endloop
  endfacet
  facet normal -8.322986E-01 -5.543275E-01 0.000000E+00
    outer loop
      vertex -1.538595E+00 5.076192E+01 -8.448167E+01
      vertex -1.538595E+00 5.076192E+01 -8.308167E+01
      vertex -1.824552E+00 5.119127E+01 -8.448167E+01
    endloop
  endfacet
  facet normal -9.385004E-01 -3.452781E-01 0.000000E+00
    outer loop
      vertex -1.360480E+00 5.027779E+01 -8.308167E+01
      vertex -1.538595E+00 5.076192E+01 -8.308167E+01
      vertex -1.538595E+00 5.076192E+01 -8.448167E+01
    endloop
  endfacet
  facet normal -6.803315E-01 -7.329046E-01 0.000000E+00
    outer loop
      vertex -1.824552E+00 5.119127E+01 -8.448167E+01
      vertex -1.824552E+00 5.119127E+01 -8.308167E+01
      vertex -2.202628E+00 5.154223E+01 -8.448167E+01
    endloop
  endfacet
  facet normal -8.322986E-01 -5.543275E-01 0.000000E+00
    outer loop
      vertex -1.538595E+00 5.076192E+01 -8.308167E+01
      vertex -1.824552E+00 5.119127E+01 -8.308167E+01
      vertex -1.824552E+00 5.119127E+01 -8.448167E+01
    endloop
  endfacet
  facet normal -4.909635E-01 -8.711801E-01 0.000000E+00
    outer loop
      vertex -2.202628E+00 5.154223E+01 -8.448167E+01
      vertex -2.202628E+00 5.154223E+01 -8.308167E+01
      vertex -2.652037E+00 5.179550E+01 -8.448167E+01
    endloop
  endfacet
  facet normal -6.803315E-01 -7.329046E-01 0.000000E+00
    outer loop
      vertex -1.824552E+00 5.119127E+01 -8.308167E+01
      vertex -2.202628E+00 5.154223E+01 -8.308167E+01
      vertex -2.202628E+00 5.154223E+01 -8.448167E+01
    endloop
  endfacet
  facet normal -2.745990E-01 -9.615588E-01 0.000000E+00
    outer loop
      vertex -2.652037E+00 5.179550E+01 -8.448167E+01
      vertex -2.652037E+00 5.179550E+01 -8.308167E+01
      vertex -3.148067E+00 5.193715E+01 -8.448167E+01
    endloop
  endfacet
  facet normal -4.909635E-01 -8.711801E-01 0.000000E+00
    outer loop
      vertex -2.202628E+00 5.154223E+01 -8.308167E+01
      vertex -2.652037E+00 5.179550E+01 -8.308167E+01
      vertex -2.652037E+00 5.179550E+01 -8.448167E+01
    endloop
  endfacet
  facet normal -2.745990E-01 -9.615588E-01 0.000000E+00
    outer loop
      vertex -2.652037E+00 5.179550E+01 -8.308167E+01
      vertex -3.148067E+00 5.193715E+01 -8.308167E+01
      vertex -3.148067E+00 5.193715E+01 -8.448167E+01
    endloop
  endfacet
  facet normal -4.313396E-02 -9.990693E-01 0.000000E+00
    outer loop
      vertex -3.148067E+00 5.193715E+01 -8.448167E+01
      vertex -3.663448E+00 5.195940E+01 -8.308167E+01
      vertex -3.663448E+00 5.195940E+01 -8.448167E+01
    endloop
  endfacet
  facet normal -4.313396E-02 -9.990693E-01 -0.000000E+00
    outer loop
      vertex -3.148067E+00 5.193715E+01 -8.308167E+01
      vertex -3.663448E+00 5.195940E+01 -8.308167E+01
      vertex -3.148067E+00 5.193715E+01 -8.448167E+01
    endloop
  endfacet
  facet normal 1.906977E-01 -9.816488E-01 0.000000E+00
    outer loop
      vertex -3.663448E+00 5.195940E+01 -8.448167E+01
      vertex -4.169842E+00 5.186103E+01 -8.308167E+01
      vertex -4.169842E+00 5.186103E+01 -8.448167E+01
    endloop
  endfacet
  facet normal 1.906977E-01 -9.816488E-01 0.000000E+00
    outer loop
      vertex -3.663448E+00 5.195940E+01 -8.308167E+01
      vertex -4.169842E+00 5.186103E+01 -8.308167E+01
      vertex -3.663448E+00 5.195940E+01 -8.448167E+01
    endloop
  endfacet
  facet normal 4.140502E-01 -9.102540E-01 0.000000E+00
    outer loop
      vertex -4.169842E+00 5.186103E+01 -8.448167E+01
      vertex -4.639407E+00 5.164744E+01 -8.308167E+01
      vertex -4.639407E+00 5.164744E+01 -8.448167E+01
    endloop
  endfacet
  facet normal 4.140502E-01 -9.102540E-01 0.000000E+00
    outer loop
      vertex -4.169842E+00 5.186103E+01 -8.308167E+01
      vertex -4.639407E+00 5.164744E+01 -8.308167E+01
      vertex -4.169842E+00 5.186103E+01 -8.448167E+01
    endloop
  endfacet
  facet normal 6.146337E-01 -7.888127E-01 0.000000E+00
    outer loop
      vertex -4.639407E+00 5.164744E+01 -8.448167E+01
      vertex -5.046326E+00 5.133037E+01 -8.308167E+01
      vertex -5.046326E+00 5.133037E+01 -8.448167E+01
    endloop
  endfacet
  facet normal 6.146337E-01 -7.888127E-01 0.000000E+00
    outer loop
      vertex -4.639407E+00 5.164744E+01 -8.308167E+01
      vertex -5.046326E+00 5.133037E+01 -8.308167E+01
      vertex -4.639407E+00 5.164744E+01 -8.448167E+01
    endloop
  endfacet
  facet normal 7.814240E-01 -6.240005E-01 0.000000E+00
    outer loop
      vertex -5.046326E+00 5.133037E+01 -8.448167E+01
      vertex -5.368224E+00 5.092727E+01 -8.308167E+01
      vertex -5.368224E+00 5.092727E+01 -8.448167E+01
    endloop
  endfacet
  facet normal 7.814240E-01 -6.240005E-01 0.000000E+00
    outer loop
      vertex -5.046326E+00 5.133037E+01 -8.308167E+01
      vertex -5.368224E+00 5.092727E+01 -8.308167E+01
      vertex -5.046326E+00 5.133037E+01 -8.448167E+01
    endloop
  endfacet
  facet normal 9.052481E-01 -4.248832E-01 0.000000E+00
    outer loop
      vertex -5.368224E+00 5.092727E+01 -8.448167E+01
      vertex -5.587403E+00 5.046029E+01 -8.308167E+01
      vertex -5.587403E+00 5.046029E+01 -8.448167E+01
    endloop
  endfacet
  facet normal 9.052481E-01 -4.248832E-01 0.000000E+00
    outer loop
      vertex -5.368224E+00 5.092727E+01 -8.308167E+01
      vertex -5.587403E+00 5.046029E+01 -8.308167E+01
      vertex -5.368224E+00 5.092727E+01 -8.448167E+01
    endloop
  endfacet
  facet normal 9.643653E-01 -2.645744E-01 0.000000E+00
    outer loop
      vertex -5.587403E+00 5.046029E+01 -8.448167E+01
      vertex -5.649717E+00 5.023315E+01 -8.308167E+01
      vertex -5.649717E+00 5.023315E+01 -8.448167E+01
    endloop
  endfacet
  facet normal 9.643653E-01 -2.645744E-01 0.000000E+00
    outer loop
      vertex -5.587403E+00 5.046029E+01 -8.308167E+01
      vertex -5.649717E+00 5.023315E+01 -8.308167E+01
      vertex -5.587403E+00 5.046029E+01 -8.448167E+01
    endloop
  endfacet
  facet normal 9.871218E-01 -1.599710E-01 0.000000E+00
    outer loop
      vertex -5.649717E+00 5.023315E+01 -8.448167E+01
      vertex -5.687393E+00 5.000067E+01 -8.308167E+01
      vertex -5.687393E+00 5.000067E+01 -8.448167E+01
    endloop
  endfacet
  facet normal 9.871218E-01 -1.599710E-01 0.000000E+00
    outer loop
      vertex -5.649717E+00 5.023315E+01 -8.308167E+01
      vertex -5.687393E+00 5.000067E+01 -8.308167E+01
      vertex -5.649717E+00 5.023315E+01 -8.448167E+01
    endloop
  endfacet
  facet normal 9.985664E-01 -5.352645E-02 0.000000E+00
    outer loop
      vertex -5.687393E+00 5.000067E+01 -8.448167E+01
      vertex -5.700000E+00 4.976548E+01 -8.308167E+01
      vertex -5.700000E+00 4.976548E+01 -8.448167E+01
    endloop
  endfacet
  facet normal 9.985664E-01 -5.352645E-02 0.000000E+00
    outer loop
      vertex -5.687393E+00 5.000067E+01 -8.308167E+01
      vertex -5.700000E+00 4.976548E+01 -8.308167E+01
      vertex -5.687393E+00 5.000067E+01 -8.448167E+01
    endloop
  endfacet
  facet normal 0.000000E+00 0.000000E+00 -1.000000E+00
    outer loop
      vertex -5.448003E+00 4.874309E+01 -8.308167E+01
      vertex -4.581162E+00 4.924482E+01 -8.308167E+01
      vertex -4.438198E+00 4.901730E+01 -8.308167E+01
    endloop
  endfacet
  facet normal 0.000000E+00 0.000000E+00 -1.000000E+00
    outer loop
      vertex -5.448003E+00 4.874309E+01 -8.308167E+01
      vertex -4.438198E+00 4.901730E+01 -8.308167E+01
      vertex -5.146724E+00 4.830661E+01 -8.308167E+01
    endloop
  endfacet
  facet normal 0.000000E+00 -0.000000E+00 -1.000000E+00
    outer loop
      vertex -2.652037E+00 5.179550E+01 -8.308167E+01
      vertex -2.202628E+00 5.154223E+01 -8.308167E+01
      vertex -2.818322E+00 5.075306E+01 -8.308167E+01
    endloop
  endfacet
  facet normal 0.000000E+00 0.000000E+00 -1.000000E+00
    outer loop
      vertex -2.652037E+00 5.179550E+01 -8.308167E+01
      vertex -2.818322E+00 5.075306E+01 -8.308167E+01
      vertex -3.074474E+00 5.088750E+01 -8.308167E+01
    endloop
  endfacet
  facet normal 0.000000E+00 0.000000E+00 -1.000000E+00
    outer loop
      vertex -2.751812E+00 4.882729E+01 -8.308167E+01
      vertex -1.853276E+00 4.830661E+01 -8.308167E+01
      vertex -2.250257E+00 4.795492E+01 -8.308167E+01
    endloop
  endfacet
  facet normal 0.000000E+00 0.000000E+00 -1.000000E+00
    outer loop
      vertex -2.561802E+00 4.901730E+01 -8.308167E+01
      vertex -1.551997E+00 4.874309E+01 -8.308167E+01
      vertex -1.853276E+00 4.830661E+01 -8.308167E+01
    endloop
  endfacet
  facet normal 0.000000E+00 -0.000000E+00 -1.000000E+00
    outer loop
      vertex -2.561802E+00 4.901730E+01 -8.308167E+01
      vertex -1.853276E+00 4.830661E+01 -8.308167E+01
      vertex -2.751812E+00 4.882729E+01 -8.308167E+01
    endloop
  endfacet
  facet normal 0.000000E+00 0.000000E+00 -1.000000E+00
    outer loop
      vertex -2.979340E+00 4.868432E+01 -8.308167E+01
      vertex -2.250257E+00 4.795492E+01 -8.308167E+01
      vertex -2.719869E+00 4.770845E+01 -8.308167E+01
    endloop
  endfacet
  facet normal 0.000000E+00 0.000000E+00 -1.000000E+00
    outer loop
      vertex -2.979340E+00 4.868432E+01 -8.308167E+01
      vertex -2.751812E+00 4.882729E+01 -8.308167E+01
      vertex -2.250257E+00 4.795492E+01 -8.308167E+01
    endloop
  endfacet
  facet normal 0.000000E+00 0.000000E+00 -1.000000E+00
    outer loop
      vertex -2.418837E+00 4.924482E+01 -8.308167E+01
      vertex -1.363928E+00 4.923899E+01 -8.308167E+01
      vertex -1.551997E+00 4.874309E+01 -8.308167E+01
    endloop
  endfacet
  facet normal 0.000000E+00 -0.000000E+00 -1.000000E+00
    outer loop
      vertex -2.418837E+00 4.924482E+01 -8.308167E+01
      vertex -1.551997E+00 4.874309E+01 -8.308167E+01
      vertex -2.561802E+00 4.901730E+01 -8.308167E+01
    endloop
  endfacet
  facet normal 0.000000E+00 0.000000E+00 -1.000000E+00
    outer loop
      vertex -2.330086E+00 4.949846E+01 -8.308167E+01
      vertex -1.300000E+00 4.976548E+01 -8.308167E+01
      vertex -1.363928E+00 4.923899E+01 -8.308167E+01
    endloop
  endfacet
  facet normal 0.000000E+00 -0.000000E+00 -1.000000E+00
    outer loop
      vertex -2.330086E+00 4.949846E+01 -8.308167E+01
      vertex -1.363928E+00 4.923899E+01 -8.308167E+01
      vertex -2.418837E+00 4.924482E+01 -8.308167E+01
    endloop
  endfacet
  facet normal 0.000000E+00 0.000000E+00 -1.000000E+00
    outer loop
      vertex -5.636072E+00 4.923899E+01 -8.308167E+01
      vertex -4.669913E+00 4.949846E+01 -8.308167E+01
      vertex -4.581162E+00 4.924482E+01 -8.308167E+01
    endloop
  endfacet
  facet normal 0.000000E+00 -0.000000E+00 -1.000000E+00
    outer loop
      vertex -3.232975E+00 4.859557E+01 -8.308167E+01
      vertex -2.719869E+00 4.770845E+01 -8.308167E+01
      vertex -3.234819E+00 4.758152E+01 -8.308167E+01
    endloop
  endfacet
  facet normal 0.000000E+00 0.000000E+00 -1.000000E+00
    outer loop
      vertex -5.636072E+00 4.923899E+01 -8.308167E+01
      vertex -4.581162E+00 4.924482E+01 -8.308167E+01
      vertex -5.448003E+00 4.874309E+01 -8.308167E+01
    endloop
  endfacet
  facet normal 0.000000E+00 0.000000E+00 -1.000000E+00
    outer loop
      vertex -3.232975E+00 4.859557E+01 -8.308167E+01
      vertex -2.979340E+00 4.868432E+01 -8.308167E+01
      vertex -2.719869E+00 4.770845E+01 -8.308167E+01
    endloop
  endfacet
  facet normal 0.000000E+00 -0.000000E+00 -1.000000E+00
    outer loop
      vertex -3.500000E+00 4.856548E+01 -8.308167E+01
      vertex -3.234819E+00 4.758152E+01 -8.308167E+01
      vertex -3.765181E+00 4.758152E+01 -8.308167E+01
    endloop
  endfacet
  facet normal 0.000000E+00 0.000000E+00 -1.000000E+00
    outer loop
      vertex -3.500000E+00 4.856548E+01 -8.308167E+01
      vertex -3.232975E+00 4.859557E+01 -8.308167E+01
      vertex -3.234819E+00 4.758152E+01 -8.308167E+01
    endloop
  endfacet
  facet normal 0.000000E+00 0.000000E+00 -1.000000E+00
    outer loop
      vertex -2.300000E+00 4.976548E+01 -8.308167E+01
      vertex -1.360480E+00 5.027779E+01 -8.308167E+01
      vertex -1.300000E+00 4.976548E+01 -8.308167E+01
    endloop
  endfacet
  facet normal 0.000000E+00 -0.000000E+00 -1.000000E+00
    outer loop
      vertex -2.300000E+00 4.976548E+01 -8.308167E+01
      vertex -1.300000E+00 4.976548E+01 -8.308167E+01
      vertex -2.330086E+00 4.949846E+01 -8.308167E+01
    endloop
  endfacet
  facet normal 0.000000E+00 -0.000000E+00 -1.000000E+00
    outer loop
      vertex -3.148067E+00 5.193715E+01 -8.308167E+01
      vertex -3.074474E+00 5.088750E+01 -8.308167E+01
      vertex -3.355356E+00 5.095673E+01 -8.308167E+01
    endloop
  endfacet
  facet normal 0.000000E+00 0.000000E+00 -1.000000E+00
    outer loop
      vertex -3.148067E+00 5.193715E+01 -8.308167E+01
      vertex -2.652037E+00 5.179550E+01 -8.308167E+01
      vertex -3.074474E+00 5.088750E+01 -8.308167E+01
    endloop
  endfacet
  facet normal 0.000000E+00 -0.000000E+00 -1.000000E+00
    outer loop
      vertex -3.767025E+00 4.859557E+01 -8.308167E+01
      vertex -3.765181E+00 4.758152E+01 -8.308167E+01
      vertex -4.280131E+00 4.770845E+01 -8.308167E+01
    endloop
  endfacet
  facet normal 0.000000E+00 0.000000E+00 -1.000000E+00
    outer loop
      vertex -5.700000E+00 4.976548E+01 -8.308167E+01
      vertex -4.700000E+00 4.976548E+01 -8.308167E+01
      vertex -4.669913E+00 4.949846E+01 -8.308167E+01
    endloop
  endfacet
  facet normal 0.000000E+00 0.000000E+00 -1.000000E+00
    outer loop
      vertex -3.767025E+00 4.859557E+01 -8.308167E+01
      vertex -3.500000E+00 4.856548E+01 -8.308167E+01
      vertex -3.765181E+00 4.758152E+01 -8.308167E+01
    endloop
  endfacet
  facet normal 0.000000E+00 0.000000E+00 -1.000000E+00
    outer loop
      vertex -5.700000E+00 4.976548E+01 -8.308167E+01
      vertex -4.669913E+00 4.949846E+01 -8.308167E+01
      vertex -5.636072E+00 4.923899E+01 -8.308167E+01
    endloop
  endfacet
  facet normal 0.000000E+00 0.000000E+00 -1.000000E+00
    outer loop
      vertex -2.334870E+00 5.005266E+01 -8.308167E+01
      vertex -1.538595E+00 5.076192E+01 -8.308167E+01
      vertex -1.360480E+00 5.027779E+01 -8.308167E+01
    endloop
  endfacet
  facet normal 0.000000E+00 0.000000E+00 -1.000000E+00
    outer loop
      vertex -3.663448E+00 5.195940E+01 -8.308167E+01
      vertex -3.355356E+00 5.095673E+01 -8.308167E+01
      vertex -3.644644E+00 5.095673E+01 -8.308167E+01
    endloop
  endfacet
  facet normal 0.000000E+00 0.000000E+00 -1.000000E+00
    outer loop
      vertex -2.334870E+00 5.005266E+01 -8.308167E+01
      vertex -1.360480E+00 5.027779E+01 -8.308167E+01
      vertex -2.300000E+00 4.976548E+01 -8.308167E+01
    endloop
  endfacet
  facet normal 0.000000E+00 0.000000E+00 -1.000000E+00
    outer loop
      vertex -3.663448E+00 5.195940E+01 -8.308167E+01
      vertex -3.148067E+00 5.193715E+01 -8.308167E+01
      vertex -3.355356E+00 5.095673E+01 -8.308167E+01
    endloop
  endfacet
  facet normal 0.000000E+00 0.000000E+00 -1.000000E+00
    outer loop
      vertex -5.687393E+00 5.000067E+01 -8.308167E+01
      vertex -4.665130E+00 5.005266E+01 -8.308167E+01
      vertex -4.700000E+00 4.976548E+01 -8.308167E+01
    endloop
  endfacet
  facet normal 0.000000E+00 -0.000000E+00 -1.000000E+00
    outer loop
      vertex -5.687393E+00 5.000067E+01 -8.308167E+01
      vertex -4.700000E+00 4.976548E+01 -8.308167E+01
      vertex -5.700000E+00 4.976548E+01 -8.308167E+01
    endloop
  endfacet
  facet normal 0.000000E+00 0.000000E+00 -1.000000E+00
    outer loop
      vertex -4.020660E+00 4.868432E+01 -8.308167E+01
      vertex -4.280131E+00 4.770845E+01 -8.308167E+01
      vertex -4.749743E+00 4.795492E+01 -8.308167E+01
    endloop
  endfacet
  facet normal 0.000000E+00 -0.000000E+00 -1.000000E+00
    outer loop
      vertex -4.020660E+00 4.868432E+01 -8.308167E+01
      vertex -3.767025E+00 4.859557E+01 -8.308167E+01
      vertex -4.280131E+00 4.770845E+01 -8.308167E+01
    endloop
  endfacet
  facet normal 0.000000E+00 -0.000000E+00 -1.000000E+00
    outer loop
      vertex -5.649717E+00 5.023315E+01 -8.308167E+01
      vertex -4.665130E+00 5.005266E+01 -8.308167E+01
      vertex -5.687393E+00 5.000067E+01 -8.308167E+01
    endloop
  endfacet
  facet normal 0.000000E+00 0.000000E+00 -1.000000E+00
    outer loop
      vertex -2.437453E+00 5.032315E+01 -8.308167E+01
      vertex -1.538595E+00 5.076192E+01 -8.308167E+01
      vertex -2.334870E+00 5.005266E+01 -8.308167E+01
    endloop
  endfacet
  facet normal 0.000000E+00 -0.000000E+00 -1.000000E+00
    outer loop
      vertex -1.824552E+00 5.119127E+01 -8.308167E+01
      vertex -1.538595E+00 5.076192E+01 -8.308167E+01
      vertex -2.437453E+00 5.032315E+01 -8.308167E+01
    endloop
  endfacet
  facet normal 0.000000E+00 0.000000E+00 -1.000000E+00
    outer loop
      vertex -4.169842E+00 5.186103E+01 -8.308167E+01
      vertex -3.644644E+00 5.095673E+01 -8.308167E+01
      vertex -3.925526E+00 5.088750E+01 -8.308167E+01
    endloop
  endfacet
  facet normal 0.000000E+00 0.000000E+00 -1.000000E+00
    outer loop
      vertex -4.169842E+00 5.186103E+01 -8.308167E+01
      vertex -3.663448E+00 5.195940E+01 -8.308167E+01
      vertex -3.644644E+00 5.095673E+01 -8.308167E+01
    endloop
  endfacet
  facet normal 0.000000E+00 -0.000000E+00 -1.000000E+00
    outer loop
      vertex -4.248188E+00 4.882729E+01 -8.308167E+01
      vertex -4.020660E+00 4.868432E+01 -8.308167E+01
      vertex -4.749743E+00 4.795492E+01 -8.308167E+01
    endloop
  endfacet
  facet normal 0.000000E+00 -0.000000E+00 -1.000000E+00
    outer loop
      vertex -5.587403E+00 5.046029E+01 -8.308167E+01
      vertex -4.665130E+00 5.005266E+01 -8.308167E+01
      vertex -5.649717E+00 5.023315E+01 -8.308167E+01
    endloop
  endfacet
  facet normal 0.000000E+00 0.000000E+00 -1.000000E+00
    outer loop
      vertex -5.587403E+00 5.046029E+01 -8.308167E+01
      vertex -4.562547E+00 5.032315E+01 -8.308167E+01
      vertex -4.665130E+00 5.005266E+01 -8.308167E+01
    endloop
  endfacet
  facet normal 0.000000E+00 0.000000E+00 -1.000000E+00
    outer loop
      vertex -2.601787E+00 5.056123E+01 -8.308167E+01
      vertex -1.824552E+00 5.119127E+01 -8.308167E+01
      vertex -2.437453E+00 5.032315E+01 -8.308167E+01
    endloop
  endfacet
  facet normal 0.000000E+00 0.000000E+00 -1.000000E+00
    outer loop
      vertex -4.639407E+00 5.164744E+01 -8.308167E+01
      vertex -3.925526E+00 5.088750E+01 -8.308167E+01
      vertex -4.181678E+00 5.075306E+01 -8.308167E+01
    endloop
  endfacet
  facet normal 0.000000E+00 0.000000E+00 -1.000000E+00
    outer loop
      vertex -4.639407E+00 5.164744E+01 -8.308167E+01
      vertex -4.169842E+00 5.186103E+01 -8.308167E+01
      vertex -3.925526E+00 5.088750E+01 -8.308167E+01
    endloop
  endfacet
  facet normal 0.000000E+00 0.000000E+00 -1.000000E+00
    outer loop
      vertex -5.368224E+00 5.092727E+01 -8.308167E+01
      vertex -4.398213E+00 5.056123E+01 -8.308167E+01
      vertex -4.562547E+00 5.032315E+01 -8.308167E+01
    endloop
  endfacet
  facet normal 0.000000E+00 0.000000E+00 -1.000000E+00
    outer loop
      vertex -5.146724E+00 4.830661E+01 -8.308167E+01
      vertex -4.248188E+00 4.882729E+01 -8.308167E+01
      vertex -4.749743E+00 4.795492E+01 -8.308167E+01
    endloop
  endfacet
  facet normal 0.000000E+00 -0.000000E+00 -1.000000E+00
    outer loop
      vertex -5.368224E+00 5.092727E+01 -8.308167E+01
      vertex -4.562547E+00 5.032315E+01 -8.308167E+01
      vertex -5.587403E+00 5.046029E+01 -8.308167E+01
    endloop
  endfacet
  facet normal 0.000000E+00 -0.000000E+00 -1.000000E+00
    outer loop
      vertex -4.438198E+00 4.901730E+01 -8.308167E+01
      vertex -4.248188E+00 4.882729E+01 -8.308167E+01
      vertex -5.146724E+00 4.830661E+01 -8.308167E+01
    endloop
  endfacet
  facet normal 0.000000E+00 -0.000000E+00 -1.000000E+00
    outer loop
      vertex -5.046326E+00 5.133037E+01 -8.308167E+01
      vertex -4.398213E+00 5.056123E+01 -8.308167E+01
      vertex -5.368224E+00 5.092727E+01 -8.308167E+01
    endloop
  endfacet
  facet normal 0.000000E+00 0.000000E+00 -1.000000E+00
    outer loop
      vertex -5.046326E+00 5.133037E+01 -8.308167E+01
      vertex -4.181678E+00 5.075306E+01 -8.308167E+01
      vertex -4.398213E+00 5.056123E+01 -8.308167E+01
    endloop
  endfacet
  facet normal 0.000000E+00 0.000000E+00 -1.000000E+00
    outer loop
      vertex -5.046326E+00 5.133037E+01 -8.308167E+01
      vertex -4.639407E+00 5.164744E+01 -8.308167E+01
      vertex -4.181678E+00 5.075306E+01 -8.308167E+01
    endloop
  endfacet
  facet normal 0.000000E+00 -0.000000E+00 -1.000000E+00
    outer loop
      vertex -2.202628E+00 5.154223E+01 -8.308167E+01
      vertex -1.824552E+00 5.119127E+01 -8.308167E+01
      vertex -2.601787E+00 5.056123E+01 -8.308167E+01
    endloop
  endfacet
  facet normal 0.000000E+00 0.000000E+00 -1.000000E+00
    outer loop
      vertex -2.202628E+00 5.154223E+01 -8.308167E+01
      vertex -2.601787E+00 5.056123E+01 -8.308167E+01
      vertex -2.818322E+00 5.075306E+01 -8.308167E+01
    endloop
  endfacet
  facet normal 9.927089E-01 -1.205365E-01 0.000000E+00
    outer loop
      vertex -4.700000E+00 4.976548E+01 -8.308167E+01
      vertex -4.665130E+00 5.005266E+01 -8.308167E+01
      vertex -4.700000E+00 4.976548E+01 -8.148167E+01
    endloop
  endfacet
  facet normal 9.927089E-01 -1.205365E-01 0.000000E+00
    outer loop
      vertex -4.700000E+00 4.976548E+01 -8.148167E+01
      vertex -4.665130E+00 5.005266E+01 -8.308167E+01
      vertex -4.665130E+00 5.005266E+01 -8.148167E+01
    endloop
  endfacet
  facet normal 9.350161E-01 -3.546051E-01 0.000000E+00
    outer loop
      vertex -4.665130E+00 5.005266E+01 -8.148167E+01
      vertex -4.562547E+00 5.032315E+01 -8.308167E+01
      vertex -4.562547E+00 5.032315E+01 -8.148167E+01
    endloop
  endfacet
  facet normal 9.350161E-01 -3.546051E-01 0.000000E+00
    outer loop
      vertex -4.665130E+00 5.005266E+01 -8.308167E+01
      vertex -4.562547E+00 5.032315E+01 -8.308167E+01
      vertex -4.665130E+00 5.005266E+01 -8.148167E+01
    endloop
  endfacet
  facet normal 8.229836E-01 -5.680652E-01 0.000000E+00
    outer loop
      vertex -4.562547E+00 5.032315E+01 -8.148167E+01
      vertex -4.398213E+00 5.056123E+01 -8.308167E+01
      vertex -4.398213E+00 5.056123E+01 -8.148167E+01
    endloop
  endfacet
  facet normal 8.229836E-01 -5.680652E-01 0.000000E+00
    outer loop
      vertex -4.562547E+00 5.032315E+01 -8.308167E+01
      vertex -4.398213E+00 5.056123E+01 -8.308167E+01
      vertex -4.562547E+00 5.032315E+01 -8.148167E+01
    endloop
  endfacet
  facet normal 6.631230E-01 -7.485105E-01 0.000000E+00
    outer loop
      vertex -4.398213E+00 5.056123E+01 -8.148167E+01
      vertex -4.181678E+00 5.075306E+01 -8.308167E+01
      vertex -4.181678E+00 5.075306E+01 -8.148167E+01
    endloop
  endfacet
  facet normal 6.631230E-01 -7.485105E-01 0.000000E+00
    outer loop
      vertex -4.398213E+00 5.056123E+01 -8.308167E+01
      vertex -4.181678E+00 5.075306E+01 -8.308167E+01
      vertex -4.398213E+00 5.056123E+01 -8.148167E+01
    endloop
  endfacet
  facet normal 4.647299E-01 -8.854525E-01 0.000000E+00
    outer loop
      vertex -4.181678E+00 5.075306E+01 -8.148167E+01
      vertex -3.925526E+00 5.088750E+01 -8.308167E+01
      vertex -3.925526E+00 5.088750E+01 -8.148167E+01
    endloop
  endfacet
  facet normal 4.647299E-01 -8.854525E-01 0.000000E+00
    outer loop
      vertex -4.181678E+00 5.075306E+01 -8.308167E+01
      vertex -3.925526E+00 5.088750E+01 -8.308167E+01
      vertex -4.181678E+00 5.075306E+01 -8.148167E+01
    endloop
  endfacet
  facet normal 2.393090E-01 -9.709435E-01 0.000000E+00
    outer loop
      vertex -3.925526E+00 5.088750E+01 -8.148167E+01
      vertex -3.644644E+00 5.095673E+01 -8.308167E+01
      vertex -3.644644E+00 5.095673E+01 -8.148167E+01
    endloop
  endfacet
  facet normal 2.393090E-01 -9.709435E-01 0.000000E+00
    outer loop
      vertex -3.925526E+00 5.088750E+01 -8.308167E+01
      vertex -3.644644E+00 5.095673E+01 -8.308167E+01
      vertex -3.925526E+00 5.088750E+01 -8.148167E+01
    endloop
  endfacet
  facet normal 0.000000E+00 -1.000000E+00 0.000000E+00
    outer loop
      vertex -3.644644E+00 5.095673E+01 -8.148167E+01
      vertex -3.355356E+00 5.095673E+01 -8.308167E+01
      vertex -3.355356E+00 5.095673E+01 -8.148167E+01
    endloop
  endfacet
  facet normal 0.000000E+00 -1.000000E+00 0.000000E+00
    outer loop
      vertex -3.644644E+00 5.095673E+01 -8.308167E+01
      vertex -3.355356E+00 5.095673E+01 -8.308167E+01
      vertex -3.644644E+00 5.095673E+01 -8.148167E+01
    endloop
  endfacet
  facet normal -2.393090E-01 -9.709435E-01 0.000000E+00
    outer loop
      vertex -3.355356E+00 5.095673E+01 -8.148167E+01
      vertex -3.074474E+00 5.088750E+01 -8.308167E+01
      vertex -3.074474E+00 5.088750E+01 -8.148167E+01
    endloop
  endfacet
  facet normal -2.393090E-01 -9.709435E-01 0.000000E+00
    outer loop
      vertex -3.355356E+00 5.095673E+01 -8.308167E+01
      vertex -3.074474E+00 5.088750E+01 -8.308167E+01
      vertex -3.355356E+00 5.095673E+01 -8.148167E+01
    endloop
  endfacet
  facet normal -4.647302E-01 -8.854523E-01 0.000000E+00
    outer loop
      vertex -3.074474E+00 5.088750E+01 -8.148167E+01
      vertex -2.818322E+00 5.075306E+01 -8.308167E+01
      vertex -2.818322E+00 5.075306E+01 -8.148167E+01
    endloop
  endfacet
  facet normal -4.647302E-01 -8.854523E-01 0.000000E+00
    outer loop
      vertex -3.074474E+00 5.088750E+01 -8.308167E+01
      vertex -2.818322E+00 5.075306E+01 -8.308167E+01
      vertex -3.074474E+00 5.088750E+01 -8.148167E+01
    endloop
  endfacet
  facet normal -6.631225E-01 -7.485109E-01 0.000000E+00
    outer loop
      vertex -2.818322E+00 5.075306E+01 -8.148167E+01
      vertex -2.601787E+00 5.056123E+01 -8.308167E+01
      vertex -2.601787E+00 5.056123E+01 -8.148167E+01
    endloop
  endfacet
  facet normal -6.631225E-01 -7.485109E-01 0.000000E+00
    outer loop
      vertex -2.818322E+00 5.075306E+01 -8.308167E+01
      vertex -2.601787E+00 5.056123E+01 -8.308167E+01
      vertex -2.818322E+00 5.075306E+01 -8.148167E+01
    endloop
  endfacet
  facet normal -8.229836E-01 -5.680652E-01 0.000000E+00
    outer loop
      vertex -2.601787E+00 5.056123E+01 -8.148167E+01
      vertex -2.437453E+00 5.032315E+01 -8.308167E+01
      vertex -2.437453E+00 5.032315E+01 -8.148167E+01
    endloop
  endfacet
  facet normal -8.229836E-01 -5.680652E-01 0.000000E+00
    outer loop
      vertex -2.601787E+00 5.056123E+01 -8.308167E+01
      vertex -2.437453E+00 5.032315E+01 -8.308167E+01
      vertex -2.601787E+00 5.056123E+01 -8.148167E+01
    endloop
  endfacet
  facet normal -9.350161E-01 -3.546051E-01 0.000000E+00
    outer loop
      vertex -2.437453E+00 5.032315E+01 -8.148167E+01
      vertex -2.334870E+00 5.005266E+01 -8.308167E+01
      vertex -2.334870E+00 5.005266E+01 -8.148167E+01
    endloop
  endfacet
  facet normal -9.350161E-01 -3.546051E-01 0.000000E+00
    outer loop
      vertex -2.437453E+00 5.032315E+01 -8.308167E+01
      vertex -2.334870E+00 5.005266E+01 -8.308167E+01
      vertex -2.437453E+00 5.032315E+01 -8.148167E+01
    endloop
  endfacet
  facet normal -9.927088E-01 -1.205373E-01 0.000000E+00
    outer loop
      vertex -2.334870E+00 5.005266E+01 -8.148167E+01
      vertex -2.300000E+00 4.976548E+01 -8.308167E+01
      vertex -2.300000E+00 4.976548E+01 -8.148167E+01
    endloop
  endfacet
  facet normal -9.927088E-01 -1.205373E-01 0.000000E+00
    outer loop
      vertex -2.334870E+00 5.005266E+01 -8.308167E+01
      vertex -2.300000E+00 4.976548E+01 -8.308167E+01
      vertex -2.334870E+00 5.005266E+01 -8.148167E+01
    endloop
  endfacet
  facet normal 9.927089E-01 -1.205365E-01 0.000000E+00
    outer loop
      vertex -4.700000E+00 2.326548E+01 -8.148167E+01
      vertex -4.700000E+00 2.326548E+01 -8.308167E+01
      vertex -4.665130E+00 2.355266E+01 -8.148167E+01
    endloop
  endfacet
  facet normal 9.350161E-01 -3.546051E-01 0.000000E+00
    outer loop
      vertex -4.665130E+00 2.355266E+01 -8.148167E+01
      vertex -4.665130E+00 2.355266E+01 -8.308167E+01
      vertex -4.562547E+00 2.382315E+01 -8.148167E+01
    endloop
  endfacet
  facet normal 9.927089E-01 -1.205365E-01 0.000000E+00
    outer loop
      vertex -4.700000E+00 2.326548E+01 -8.308167E+01
      vertex -4.665130E+00 2.355266E+01 -8.308167E+01
      vertex -4.665130E+00 2.355266E+01 -8.148167E+01
    endloop
  endfacet
  facet normal 8.229836E-01 -5.680652E-01 0.000000E+00
    outer loop
      vertex -4.562547E+00 2.382315E+01 -8.148167E+01
      vertex -4.562547E+00 2.382315E+01 -8.308167E+01
      vertex -4.398213E+00 2.406123E+01 -8.148167E+01
    endloop
  endfacet
  facet normal 9.350161E-01 -3.546051E-01 0.000000E+00
    outer loop
      vertex -4.665130E+00 2.355266E+01 -8.308167E+01
      vertex -4.562547E+00 2.382315E+01 -8.308167E+01
      vertex -4.562547E+00 2.382315E+01 -8.148167E+01
    endloop
  endfacet
  facet normal 6.631230E-01 -7.485105E-01 0.000000E+00
    outer loop
      vertex -4.398213E+00 2.406123E+01 -8.148167E+01
      vertex -4.398213E+00 2.406123E+01 -8.308167E+01
      vertex -4.181678E+00 2.425306E+01 -8.148167E+01
    endloop
  endfacet
  facet normal 8.229836E-01 -5.680652E-01 0.000000E+00
    outer loop
      vertex -4.562547E+00 2.382315E+01 -8.308167E+01
      vertex -4.398213E+00 2.406123E+01 -8.308167E+01
      vertex -4.398213E+00 2.406123E+01 -8.148167E+01
    endloop
  endfacet
  facet normal 4.647247E-01 -8.854553E-01 0.000000E+00
    outer loop
      vertex -4.181678E+00 2.425306E+01 -8.148167E+01
      vertex -4.181678E+00 2.425306E+01 -8.308167E+01
      vertex -3.925526E+00 2.438750E+01 -8.148167E+01
    endloop
  endfacet
  facet normal 6.631230E-01 -7.485105E-01 0.000000E+00
    outer loop
      vertex -4.398213E+00 2.406123E+01 -8.308167E+01
      vertex -4.181678E+00 2.425306E+01 -8.308167E+01
      vertex -4.181678E+00 2.425306E+01 -8.148167E+01
    endloop
  endfacet
  facet normal 2.393152E-01 -9.709419E-01 0.000000E+00
    outer loop
      vertex -3.925526E+00 2.438750E+01 -8.148167E+01
      vertex -3.925526E+00 2.438750E+01 -8.308167E+01
      vertex -3.644644E+00 2.445673E+01 -8.148167E+01
    endloop
  endfacet
  facet normal 4.647247E-01 -8.854553E-01 0.000000E+00
    outer loop
      vertex -4.181678E+00 2.425306E+01 -8.308167E+01
      vertex -3.925526E+00 2.438750E+01 -8.308167E+01
      vertex -3.925526E+00 2.438750E+01 -8.148167E+01
    endloop
  endfacet
  facet normal 0.000000E+00 -1.000000E+00 0.000000E+00
    outer loop
      vertex -3.644644E+00 2.445673E+01 -8.148167E+01
      vertex -3.644644E+00 2.445673E+01 -8.308167E+01
      vertex -3.355356E+00 2.445673E+01 -8.148167E+01
    endloop
  endfacet
  facet normal 2.393152E-01 -9.709419E-01 0.000000E+00
    outer loop
      vertex -3.925526E+00 2.438750E+01 -8.308167E+01
      vertex -3.644644E+00 2.445673E+01 -8.308167E+01
      vertex -3.644644E+00 2.445673E+01 -8.148167E+01
    endloop
  endfacet
  facet normal -2.393152E-01 -9.709419E-01 -0.000000E+00
    outer loop
      vertex -3.355356E+00 2.445673E+01 -8.148167E+01
      vertex -3.355356E+00 2.445673E+01 -8.308167E+01
      vertex -3.074474E+00 2.438750E+01 -8.148167E+01
    endloop
  endfacet
  facet normal 0.000000E+00 -1.000000E+00 0.000000E+00
    outer loop
      vertex -3.644644E+00 2.445673E+01 -8.308167E+01
      vertex -3.355356E+00 2.445673E+01 -8.308167E+01
      vertex -3.355356E+00 2.445673E+01 -8.148167E+01
    endloop
  endfacet
  facet normal -4.647250E-01 -8.854550E-01 -0.000000E+00
    outer loop
      vertex -3.074474E+00 2.438750E+01 -8.148167E+01
      vertex -3.074474E+00 2.438750E+01 -8.308167E+01
      vertex -2.818322E+00 2.425306E+01 -8.148167E+01
    endloop
  endfacet
  facet normal -2.393152E-01 -9.709419E-01 0.000000E+00
    outer loop
      vertex -3.355356E+00 2.445673E+01 -8.308167E+01
      vertex -3.074474E+00 2.438750E+01 -8.308167E+01
      vertex -3.074474E+00 2.438750E+01 -8.148167E+01
    endloop
  endfacet
  facet normal -6.631225E-01 -7.485109E-01 -0.000000E+00
    outer loop
      vertex -2.818322E+00 2.425306E+01 -8.148167E+01
      vertex -2.818322E+00 2.425306E+01 -8.308167E+01
      vertex -2.601787E+00 2.406123E+01 -8.148167E+01
    endloop
  endfacet
  facet normal -4.647250E-01 -8.854550E-01 0.000000E+00
    outer loop
      vertex -3.074474E+00 2.438750E+01 -8.308167E+01
      vertex -2.818322E+00 2.425306E+01 -8.308167E+01
      vertex -2.818322E+00 2.425306E+01 -8.148167E+01
    endloop
  endfacet
  facet normal -8.229836E-01 -5.680652E-01 -0.000000E+00
    outer loop
      vertex -2.601787E+00 2.406123E+01 -8.148167E+01
      vertex -2.601787E+00 2.406123E+01 -8.308167E+01
      vertex -2.437453E+00 2.382315E+01 -8.148167E+01
    endloop
  endfacet
  facet normal -6.631225E-01 -7.485109E-01 0.000000E+00
    outer loop
      vertex -2.818322E+00 2.425306E+01 -8.308167E+01
      vertex -2.601787E+00 2.406123E+01 -8.308167E+01
      vertex -2.601787E+00 2.406123E+01 -8.148167E+01
    endloop
  endfacet
  facet normal -9.350161E-01 -3.546051E-01 -0.000000E+00
    outer loop
      vertex -2.437453E+00 2.382315E+01 -8.148167E+01
      vertex -2.437453E+00 2.382315E+01 -8.308167E+01
      vertex -2.334870E+00 2.355266E+01 -8.148167E+01
    endloop
  endfacet
  facet normal -8.229836E-01 -5.680652E-01 0.000000E+00
    outer loop
      vertex -2.601787E+00 2.406123E+01 -8.308167E+01
      vertex -2.437453E+00 2.382315E+01 -8.308167E+01
      vertex -2.437453E+00 2.382315E+01 -8.148167E+01
    endloop
  endfacet
  facet normal -9.927088E-01 -1.205373E-01 -0.000000E+00
    outer loop
      vertex -2.334870E+00 2.355266E+01 -8.148167E+01
      vertex -2.334870E+00 2.355266E+01 -8.308167E+01
      vertex -2.300000E+00 2.326548E+01 -8.148167E+01
    endloop
  endfacet
  facet normal -9.350161E-01 -3.546051E-01 0.000000E+00
    outer loop
      vertex -2.437453E+00 2.382315E+01 -8.308167E+01
      vertex -2.334870E+00 2.355266E+01 -8.308167E+01
      vertex -2.334870E+00 2.355266E+01 -8.148167E+01
    endloop
  endfacet
  facet normal -9.927088E-01 -1.205373E-01 0.000000E+00
    outer loop
      vertex -2.334870E+00 2.355266E+01 -8.308167E+01
      vertex -2.300000E+00 2.326548E+01 -8.308167E+01
      vertex -2.300000E+00 2.326548E+01 -8.148167E+01
    endloop
  endfacet
  facet normal 9.927102E-01 -1.205251E-01 0.000000E+00
    outer loop
      vertex -6.770000E+01 2.326548E+01 -8.148167E+01
      vertex -6.770000E+01 2.326548E+01 -8.308167E+01
      vertex -6.766513E+01 2.355266E+01 -8.148167E+01
    endloop
  endfacet
  facet normal 9.350139E-01 -3.546109E-01 0.000000E+00
    outer loop
      vertex -6.766513E+01 2.355266E+01 -8.148167E+01
      vertex -6.766513E+01 2.355266E+01 -8.308167E+01
      vertex -6.756255E+01 2.382315E+01 -8.148167E+01
    endloop
  endfacet
  facet normal 9.927102E-01 -1.205251E-01 0.000000E+00
    outer loop
      vertex -6.770000E+01 2.326548E+01 -8.308167E+01
      vertex -6.766513E+01 2.355266E+01 -8.308167E+01
      vertex -6.766513E+01 2.355266E+01 -8.148167E+01
    endloop
  endfacet
  facet normal 8.229913E-01 -5.680540E-01 0.000000E+00
    outer loop
      vertex -6.756255E+01 2.382315E+01 -8.148167E+01
      vertex -6.756255E+01 2.382315E+01 -8.308167E+01
      vertex -6.739822E+01 2.406123E+01 -8.148167E+01
    endloop
  endfacet
  facet normal 9.350139E-01 -3.546109E-01 0.000000E+00
    outer loop
      vertex -6.766513E+01 2.355266E+01 -8.308167E+01
      vertex -6.756255E+01 2.382315E+01 -8.308167E+01
      vertex -6.756255E+01 2.382315E+01 -8.148167E+01
    endloop
  endfacet
  facet normal 6.631188E-01 -7.485141E-01 0.000000E+00
    outer loop
      vertex -6.739822E+01 2.406123E+01 -8.148167E+01
      vertex -6.739822E+01 2.406123E+01 -8.308167E+01
      vertex -6.718168E+01 2.425306E+01 -8.148167E+01
    endloop
  endfacet
  facet normal 8.229913E-01 -5.680540E-01 0.000000E+00
    outer loop
      vertex -6.756255E+01 2.382315E+01 -8.308167E+01
      vertex -6.739822E+01 2.406123E+01 -8.308167E+01
      vertex -6.739822E+01 2.406123E+01 -8.148167E+01
    endloop
  endfacet
  facet normal 4.647284E-01 -8.854532E-01 0.000000E+00
    outer loop
      vertex -6.718168E+01 2.425306E+01 -8.148167E+01
      vertex -6.718168E+01 2.425306E+01 -8.308167E+01
      vertex -6.692553E+01 2.438750E+01 -8.148167E+01
    endloop
  endfacet
  facet normal 6.631188E-01 -7.485141E-01 0.000000E+00
    outer loop
      vertex -6.739822E+01 2.406123E+01 -8.308167E+01
      vertex -6.718168E+01 2.425306E+01 -8.308167E+01
      vertex -6.718168E+01 2.425306E+01 -8.148167E+01
    endloop
  endfacet
  facet normal 2.393137E-01 -9.709423E-01 0.000000E+00
    outer loop
      vertex -6.692553E+01 2.438750E+01 -8.148167E+01
      vertex -6.692553E+01 2.438750E+01 -8.308167E+01
      vertex -6.664465E+01 2.445673E+01 -8.148167E+01
    endloop
  endfacet
  facet normal 4.647284E-01 -8.854532E-01 0.000000E+00
    outer loop
      vertex -6.718168E+01 2.425306E+01 -8.308167E+01
      vertex -6.692553E+01 2.438750E+01 -8.308167E+01
      vertex -6.692553E+01 2.438750E+01 -8.148167E+01
    endloop
  endfacet
  facet normal 0.000000E+00 -1.000000E+00 0.000000E+00
    outer loop
      vertex -6.664465E+01 2.445673E+01 -8.148167E+01
      vertex -6.664465E+01 2.445673E+01 -8.308167E+01
      vertex -6.635535E+01 2.445673E+01 -8.148167E+01
    endloop
  endfacet
  facet normal 2.393137E-01 -9.709423E-01 0.000000E+00
    outer loop
      vertex -6.692553E+01 2.438750E+01 -8.308167E+01
      vertex -6.664465E+01 2.445673E+01 -8.308167E+01
      vertex -6.664465E+01 2.445673E+01 -8.148167E+01
    endloop
  endfacet
  facet normal -2.393137E-01 -9.709423E-01 -0.000000E+00
    outer loop
      vertex -6.635535E+01 2.445673E+01 -8.148167E+01
      vertex -6.635535E+01 2.445673E+01 -8.308167E+01
      vertex -6.607447E+01 2.438750E+01 -8.148167E+01
    endloop
  endfacet
  facet normal 0.000000E+00 -1.000000E+00 0.000000E+00
    outer loop
      vertex -6.664465E+01 2.445673E+01 -8.308167E+01
      vertex -6.635535E+01 2.445673E+01 -8.308167E+01
      vertex -6.635535E+01 2.445673E+01 -8.148167E+01
    endloop
  endfacet
  facet normal -4.647284E-01 -8.854532E-01 -0.000000E+00
    outer loop
      vertex -6.607447E+01 2.438750E+01 -8.148167E+01
      vertex -6.607447E+01 2.438750E+01 -8.308167E+01
      vertex -6.581832E+01 2.425306E+01 -8.148167E+01
    endloop
  endfacet
  facet normal -2.393137E-01 -9.709423E-01 0.000000E+00
    outer loop
      vertex -6.635535E+01 2.445673E+01 -8.308167E+01
      vertex -6.607447E+01 2.438750E+01 -8.308167E+01
      vertex -6.607447E+01 2.438750E+01 -8.148167E+01
    endloop
  endfacet
  facet normal -6.631188E-01 -7.485141E-01 -0.000000E+00
    outer loop
      vertex -6.581832E+01 2.425306E+01 -8.148167E+01
      vertex -6.581832E+01 2.425306E+01 -8.308167E+01
      vertex -6.560178E+01 2.406123E+01 -8.148167E+01
    endloop
  endfacet
  facet normal -4.647284E-01 -8.854532E-01 0.000000E+00
    outer loop
      vertex -6.607447E+01 2.438750E+01 -8.308167E+01
      vertex -6.581832E+01 2.425306E+01 -8.308167E+01
      vertex -6.581832E+01 2.425306E+01 -8.148167E+01
    endloop
  endfacet
  facet normal -8.229913E-01 -5.680540E-01 -0.000000E+00
    outer loop
      vertex -6.560178E+01 2.406123E+01 -8.148167E+01
      vertex -6.560178E+01 2.406123E+01 -8.308167E+01
      vertex -6.543745E+01 2.382315E+01 -8.148167E+01
    endloop
  endfacet
  facet normal -6.631188E-01 -7.485141E-01 0.000000E+00
    outer loop
      vertex -6.581832E+01 2.425306E+01 -8.308167E+01
      vertex -6.560178E+01 2.406123E+01 -8.308167E+01
      vertex -6.560178E+01 2.406123E+01 -8.148167E+01
    endloop
  endfacet
  facet normal -9.350139E-01 -3.546109E-01 -0.000000E+00
    outer loop
      vertex -6.543745E+01 2.382315E+01 -8.148167E+01
      vertex -6.543745E+01 2.382315E+01 -8.308167E+01
      vertex -6.533487E+01 2.355266E+01 -8.148167E+01
    endloop
  endfacet
  facet normal -8.229913E-01 -5.680540E-01 0.000000E+00
    outer loop
      vertex -6.560178E+01 2.406123E+01 -8.308167E+01
      vertex -6.543745E+01 2.382315E+01 -8.308167E+01
      vertex -6.543745E+01 2.382315E+01 -8.148167E+01
    endloop
  endfacet
  facet normal -9.927102E-01 -1.205251E-01 -0.000000E+00
    outer loop
      vertex -6.533487E+01 2.355266E+01 -8.148167E+01
      vertex -6.533487E+01 2.355266E+01 -8.308167E+01
      vertex -6.530000E+01 2.326548E+01 -8.148167E+01
    endloop
  endfacet
  facet normal -9.350139E-01 -3.546109E-01 0.000000E+00
    outer loop
      vertex -6.543745E+01 2.382315E+01 -8.308167E+01
      vertex -6.533487E+01 2.355266E+01 -8.308167E+01
      vertex -6.533487E+01 2.355266E+01 -8.148167E+01
    endloop
  endfacet
  facet normal -9.927102E-01 -1.205251E-01 0.000000E+00
    outer loop
      vertex -6.533487E+01 2.355266E+01 -8.308167E+01
      vertex -6.530000E+01 2.326548E+01 -8.308167E+01
      vertex -6.530000E+01 2.326548E+01 -8.148167E+01
    endloop
  endfacet
  facet normal 9.927102E-01 -1.205251E-01 0.000000E+00
    outer loop
      vertex -6.770000E+01 4.976548E+01 -8.308167E+01
      vertex -6.766513E+01 5.005266E+01 -8.308167E+01
      vertex -6.770000E+01 4.976548E+01 -8.148167E+01
    endloop
  endfacet
  facet normal 9.927102E-01 -1.205251E-01 0.000000E+00
    outer loop
      vertex -6.770000E+01 4.976548E+01 -8.148167E+01
      vertex -6.766513E+01 5.005266E+01 -8.308167E+01
      vertex -6.766513E+01 5.005266E+01 -8.148167E+01
    endloop
  endfacet
  facet normal 9.350139E-01 -3.546109E-01 0.000000E+00
    outer loop
      vertex -6.766513E+01 5.005266E+01 -8.148167E+01
      vertex -6.756255E+01 5.032315E+01 -8.308167E+01
      vertex -6.756255E+01 5.032315E+01 -8.148167E+01
    endloop
  endfacet
  facet normal 9.350139E-01 -3.546109E-01 0.000000E+00
    outer loop
      vertex -6.766513E+01 5.005266E+01 -8.308167E+01
      vertex -6.756255E+01 5.032315E+01 -8.308167E+01
      vertex -6.766513E+01 5.005266E+01 -8.148167E+01
    endloop
  endfacet
  facet normal 8.229913E-01 -5.680540E-01 0.000000E+00
    outer loop
      vertex -6.756255E+01 5.032315E+01 -8.148167E+01
      vertex -6.739822E+01 5.056123E+01 -8.308167E+01
      vertex -6.739822E+01 5.056123E+01 -8.148167E+01
    endloop
  endfacet
  facet normal 8.229913E-01 -5.680540E-01 0.000000E+00
    outer loop
      vertex -6.756255E+01 5.032315E+01 -8.308167E+01
      vertex -6.739822E+01 5.056123E+01 -8.308167E+01
      vertex -6.756255E+01 5.032315E+01 -8.148167E+01
    endloop
  endfacet
  facet normal 6.631188E-01 -7.485141E-01 0.000000E+00
    outer loop
      vertex -6.739822E+01 5.056123E+01 -8.148167E+01
      vertex -6.718168E+01 5.075306E+01 -8.308167E+01
      vertex -6.718168E+01 5.075306E+01 -8.148167E+01
    endloop
  endfacet
  facet normal 6.631188E-01 -7.485141E-01 0.000000E+00
    outer loop
      vertex -6.739822E+01 5.056123E+01 -8.308167E+01
      vertex -6.718168E+01 5.075306E+01 -8.308167E+01
      vertex -6.739822E+01 5.056123E+01 -8.148167E+01
    endloop
  endfacet
  facet normal 4.647336E-01 -8.854505E-01 0.000000E+00
    outer loop
      vertex -6.718168E+01 5.075306E+01 -8.148167E+01
      vertex -6.692553E+01 5.088750E+01 -8.308167E+01
      vertex -6.692553E+01 5.088750E+01 -8.148167E+01
    endloop
  endfacet
  facet normal 4.647336E-01 -8.854505E-01 0.000000E+00
    outer loop
      vertex -6.718168E+01 5.075306E+01 -8.308167E+01
      vertex -6.692553E+01 5.088750E+01 -8.308167E+01
      vertex -6.718168E+01 5.075306E+01 -8.148167E+01
    endloop
  endfacet
  facet normal 2.393075E-01 -9.709438E-01 0.000000E+00
    outer loop
      vertex -6.692553E+01 5.088750E+01 -8.148167E+01
      vertex -6.664465E+01 5.095673E+01 -8.308167E+01
      vertex -6.664465E+01 5.095673E+01 -8.148167E+01
    endloop
  endfacet
  facet normal 2.393075E-01 -9.709438E-01 0.000000E+00
    outer loop
      vertex -6.692553E+01 5.088750E+01 -8.308167E+01
      vertex -6.664465E+01 5.095673E+01 -8.308167E+01
      vertex -6.692553E+01 5.088750E+01 -8.148167E+01
    endloop
  endfacet
  facet normal 0.000000E+00 -1.000000E+00 0.000000E+00
    outer loop
      vertex -6.664465E+01 5.095673E+01 -8.148167E+01
      vertex -6.635535E+01 5.095673E+01 -8.308167E+01
      vertex -6.635535E+01 5.095673E+01 -8.148167E+01
    endloop
  endfacet
  facet normal 0.000000E+00 -1.000000E+00 0.000000E+00
    outer loop
      vertex -6.664465E+01 5.095673E+01 -8.308167E+01
      vertex -6.635535E+01 5.095673E+01 -8.308167E+01
      vertex -6.664465E+01 5.095673E+01 -8.148167E+01
    endloop
  endfacet
  facet normal -2.393075E-01 -9.709438E-01 0.000000E+00
    outer loop
      vertex -6.635535E+01 5.095673E+01 -8.148167E+01
      vertex -6.607447E+01 5.088750E+01 -8.308167E+01
      vertex -6.607447E+01 5.088750E+01 -8.148167E+01
    endloop
  endfacet
  facet normal -2.393075E-01 -9.709438E-01 0.000000E+00
    outer loop
      vertex -6.635535E+01 5.095673E+01 -8.308167E+01
      vertex -6.607447E+01 5.088750E+01 -8.308167E+01
      vertex -6.635535E+01 5.095673E+01 -8.148167E+01
    endloop
  endfacet
  facet normal -4.647336E-01 -8.854505E-01 0.000000E+00
    outer loop
      vertex -6.607447E+01 5.088750E+01 -8.148167E+01
      vertex -6.581832E+01 5.075306E+01 -8.308167E+01
      vertex -6.581832E+01 5.075306E+01 -8.148167E+01
    endloop
  endfacet
  facet normal -4.647336E-01 -8.854505E-01 0.000000E+00
    outer loop
      vertex -6.607447E+01 5.088750E+01 -8.308167E+01
      vertex -6.581832E+01 5.075306E+01 -8.308167E+01
      vertex -6.607447E+01 5.088750E+01 -8.148167E+01
    endloop
  endfacet
  facet normal -6.631188E-01 -7.485141E-01 0.000000E+00
    outer loop
      vertex -6.581832E+01 5.075306E+01 -8.148167E+01
      vertex -6.560178E+01 5.056123E+01 -8.308167E+01
      vertex -6.560178E+01 5.056123E+01 -8.148167E+01
    endloop
  endfacet
  facet normal -6.631188E-01 -7.485141E-01 0.000000E+00
    outer loop
      vertex -6.581832E+01 5.075306E+01 -8.308167E+01
      vertex -6.560178E+01 5.056123E+01 -8.308167E+01
      vertex -6.581832E+01 5.075306E+01 -8.148167E+01
    endloop
  endfacet
  facet normal -8.229913E-01 -5.680540E-01 0.000000E+00
    outer loop
      vertex -6.560178E+01 5.056123E+01 -8.148167E+01
      vertex -6.543745E+01 5.032315E+01 -8.308167E+01
      vertex -6.543745E+01 5.032315E+01 -8.148167E+01
    endloop
  endfacet
  facet normal -8.229913E-01 -5.680540E-01 0.000000E+00
    outer loop
      vertex -6.560178E+01 5.056123E+01 -8.308167E+01
      vertex -6.543745E+01 5.032315E+01 -8.308167E+01
      vertex -6.560178E+01 5.056123E+01 -8.148167E+01
    endloop
  endfacet
  facet normal -9.350139E-01 -3.546109E-01 0.000000E+00
    outer loop
      vertex -6.543745E+01 5.032315E+01 -8.148167E+01
      vertex -6.533487E+01 5.005266E+01 -8.308167E+01
      vertex -6.533487E+01 5.005266E+01 -8.148167E+01
    endloop
  endfacet
  facet normal -9.350139E-01 -3.546109E-01 0.000000E+00
    outer loop
      vertex -6.543745E+01 5.032315E+01 -8.308167E+01
      vertex -6.533487E+01 5.005266E+01 -8.308167E+01
      vertex -6.543745E+01 5.032315E+01 -8.148167E+01
    endloop
  endfacet
  facet normal -9.927102E-01 -1.205251E-01 0.000000E+00
    outer loop
      vertex -6.533487E+01 5.005266E+01 -8.148167E+01
      vertex -6.530000E+01 4.976548E+01 -8.308167E+01
      vertex -6.530000E+01 4.976548E+01 -8.148167E+01
    endloop
  endfacet
  facet normal -9.927102E-01 -1.205251E-01 0.000000E+00
    outer loop
      vertex -6.533487E+01 5.005266E+01 -8.308167E+01
      vertex -6.530000E+01 4.976548E+01 -8.308167E+01
      vertex -6.533487E+01 5.005266E+01 -8.148167E+01
    endloop
  endfacet
  facet normal 0.000000E+00 0.000000E+00 1.000000E+00
    outer loop
      vertex -7.000000E+01 1.776548E+01 -8.148167E+01
      vertex 1.809257E-14 1.776548E+01 -8.148167E+01
      vertex -3.174500E+01 3.317299E+01 -8.148167E+01
    endloop
  endfacet
  facet normal 0.000000E+00 0.000000E+00 1.000000E+00
    outer loop
      vertex -7.000000E+01 1.776548E+01 -8.148167E+01
      vertex -3.174500E+01 3.317299E+01 -8.148167E+01
      vertex -3.825500E+01 3.317299E+01 -8.148167E+01
    endloop
  endfacet
  facet normal -0.000000E+00 0.000000E+00 1.000000E+00
    outer loop
      vertex -2.788580E+00 2.229911E+01 -8.148167E+01
      vertex 1.809257E-14 1.776548E+01 -8.148167E+01
      vertex -2.583856E+00 2.249045E+01 -8.148167E+01
    endloop
  endfacet
  facet normal 0.000000E+00 0.000000E+00 1.000000E+00
    outer loop
      vertex -2.429088E+00 2.272405E+01 -8.148167E+01
      vertex -2.583856E+00 2.249045E+01 -8.148167E+01
      vertex 1.809257E-14 1.776548E+01 -8.148167E+01
    endloop
  endfacet
  facet normal -0.000000E+00 0.000000E+00 1.000000E+00
    outer loop
      vertex -3.032099E+00 2.216046E+01 -8.148167E+01
      vertex 1.809257E-14 1.776548E+01 -8.148167E+01
      vertex -2.788580E+00 2.229911E+01 -8.148167E+01
    endloop
  endfacet
  facet normal 0.000000E+00 0.000000E+00 1.000000E+00
    outer loop
      vertex -6.557363E+01 2.250270E+01 -8.148167E+01
      vertex -3.825500E+01 3.317299E+01 -8.148167E+01
      vertex -3.827837E+01 3.317562E+01 -8.148167E+01
    endloop
  endfacet
  facet normal 0.000000E+00 0.000000E+00 1.000000E+00
    outer loop
      vertex -2.332718E+00 2.298718E+01 -8.148167E+01
      vertex -2.429088E+00 2.272405E+01 -8.148167E+01
      vertex 1.809257E-14 1.776548E+01 -8.148167E+01
    endloop
  endfacet
  facet normal -0.000000E+00 0.000000E+00 1.000000E+00
    outer loop
      vertex -3.301132E+00 2.208208E+01 -8.148167E+01
      vertex 1.809257E-14 1.776548E+01 -8.148167E+01
      vertex -3.032099E+00 2.216046E+01 -8.148167E+01
    endloop
  endfacet
  facet normal 0.000000E+00 0.000000E+00 1.000000E+00
    outer loop
      vertex -6.578658E+01 2.230059E+01 -8.148167E+01
      vertex -3.825500E+01 3.317299E+01 -8.148167E+01
      vertex -6.557363E+01 2.250270E+01 -8.148167E+01
    endloop
  endfacet
  facet normal 0.000000E+00 0.000000E+00 1.000000E+00
    outer loop
      vertex -2.300000E+00 2.326548E+01 -8.148167E+01
      vertex -2.332718E+00 2.298718E+01 -8.148167E+01
      vertex 1.809257E-14 1.776548E+01 -8.148167E+01
    endloop
  endfacet
  facet normal -0.000000E+00 0.000000E+00 1.000000E+00
    outer loop
      vertex -6.578658E+01 2.230059E+01 -8.148167E+01
      vertex -7.000000E+01 1.776548E+01 -8.148167E+01
      vertex -3.825500E+01 3.317299E+01 -8.148167E+01
    endloop
  endfacet
  facet normal 0.000000E+00 0.000000E+00 1.000000E+00
    outer loop
      vertex -6.542433E+01 2.273357E+01 -8.148167E+01
      vertex -3.827837E+01 3.317562E+01 -8.148167E+01
      vertex -3.830056E+01 3.318338E+01 -8.148167E+01
    endloop
  endfacet
  facet normal -0.000000E+00 0.000000E+00 1.000000E+00
    outer loop
      vertex -3.581010E+00 2.206822E+01 -8.148167E+01
      vertex 1.809257E-14 1.776548E+01 -8.148167E+01
      vertex -3.301132E+00 2.208208E+01 -8.148167E+01
    endloop
  endfacet
  facet normal 0.000000E+00 0.000000E+00 1.000000E+00
    outer loop
      vertex -2.334870E+00 2.355266E+01 -8.148167E+01
      vertex -2.300000E+00 2.326548E+01 -8.148167E+01
      vertex 1.809257E-14 1.776548E+01 -8.148167E+01
    endloop
  endfacet
  facet normal -0.000000E+00 0.000000E+00 1.000000E+00
    outer loop
      vertex -6.542433E+01 2.273357E+01 -8.148167E+01
      vertex -6.557363E+01 2.250270E+01 -8.148167E+01
      vertex -3.827837E+01 3.317562E+01 -8.148167E+01
    endloop
  endfacet
  facet normal 0.000000E+00 0.000000E+00 1.000000E+00
    outer loop
      vertex -3.856470E+00 2.211965E+01 -8.148167E+01
      vertex 1.809257E-14 1.776548E+01 -8.148167E+01
      vertex -3.581010E+00 2.206822E+01 -8.148167E+01
    endloop
  endfacet
  facet normal -0.000000E+00 0.000000E+00 1.000000E+00
    outer loop
      vertex -6.604223E+01 2.215623E+01 -8.148167E+01
      vertex -7.000000E+01 1.776548E+01 -8.148167E+01
      vertex -6.578658E+01 2.230059E+01 -8.148167E+01
    endloop
  endfacet
  facet normal -0.000000E+00 0.000000E+00 1.000000E+00
    outer loop
      vertex -6.533150E+01 2.299236E+01 -8.148167E+01
      vertex -6.542433E+01 2.273357E+01 -8.148167E+01
      vertex -3.830056E+01 3.318338E+01 -8.148167E+01
    endloop
  endfacet
  facet normal 0.000000E+00 0.000000E+00 1.000000E+00
    outer loop
      vertex -6.533150E+01 2.299236E+01 -8.148167E+01
      vertex -3.830056E+01 3.318338E+01 -8.148167E+01
      vertex -3.832047E+01 3.319589E+01 -8.148167E+01
    endloop
  endfacet
  facet normal 0.000000E+00 0.000000E+00 1.000000E+00
    outer loop
      vertex -4.112492E+00 2.223357E+01 -8.148167E+01
      vertex 1.809257E-14 1.776548E+01 -8.148167E+01
      vertex -3.856470E+00 2.211965E+01 -8.148167E+01
    endloop
  endfacet
  facet normal 0.000000E+00 0.000000E+00 1.000000E+00
    outer loop
      vertex -4.335114E+00 2.240375E+01 -8.148167E+01
      vertex 1.809257E-14 1.776548E+01 -8.148167E+01
      vertex -4.112492E+00 2.223357E+01 -8.148167E+01
    endloop
  endfacet
  facet normal -0.000000E+00 0.000000E+00 1.000000E+00
    outer loop
      vertex -6.632528E+01 2.207827E+01 -8.148167E+01
      vertex -7.000000E+01 1.776548E+01 -8.148167E+01
      vertex -6.604223E+01 2.215623E+01 -8.148167E+01
    endloop
  endfacet
  facet normal 0.000000E+00 0.000000E+00 1.000000E+00
    outer loop
      vertex -6.530000E+01 2.326548E+01 -8.148167E+01
      vertex -3.832047E+01 3.319589E+01 -8.148167E+01
      vertex -3.833709E+01 3.321252E+01 -8.148167E+01
    endloop
  endfacet
  facet normal -0.000000E+00 0.000000E+00 1.000000E+00
    outer loop
      vertex -6.530000E+01 2.326548E+01 -8.148167E+01
      vertex -6.533150E+01 2.299236E+01 -8.148167E+01
      vertex -3.832047E+01 3.319589E+01 -8.148167E+01
    endloop
  endfacet
  facet normal -0.000000E+00 0.000000E+00 1.000000E+00
    outer loop
      vertex -6.661879E+01 2.207138E+01 -8.148167E+01
      vertex -7.000000E+01 1.776548E+01 -8.148167E+01
      vertex -6.632528E+01 2.207827E+01 -8.148167E+01
    endloop
  endfacet
  facet normal 0.000000E+00 0.000000E+00 1.000000E+00
    outer loop
      vertex -6.533487E+01 2.355266E+01 -8.148167E+01
      vertex -3.833709E+01 3.321252E+01 -8.148167E+01
      vertex -3.834960E+01 3.323243E+01 -8.148167E+01
    endloop
  endfacet
  facet normal 0.000000E+00 0.000000E+00 1.000000E+00
    outer loop
      vertex -6.533487E+01 2.355266E+01 -8.148167E+01
      vertex -3.834960E+01 3.323243E+01 -8.148167E+01
      vertex -3.835737E+01 3.325462E+01 -8.148167E+01
    endloop
  endfacet
  facet normal -0.000000E+00 0.000000E+00 1.000000E+00
    outer loop
      vertex -6.533487E+01 2.355266E+01 -8.148167E+01
      vertex -6.530000E+01 2.326548E+01 -8.148167E+01
      vertex -3.833709E+01 3.321252E+01 -8.148167E+01
    endloop
  endfacet
  facet normal 0.000000E+00 0.000000E+00 1.000000E+00
    outer loop
      vertex -6.690519E+01 2.213596E+01 -8.148167E+01
      vertex -7.000000E+01 1.776548E+01 -8.148167E+01
      vertex -6.661879E+01 2.207138E+01 -8.148167E+01
    endloop
  endfacet
  facet normal 0.000000E+00 0.000000E+00 1.000000E+00
    outer loop
      vertex -6.543745E+01 2.382315E+01 -8.148167E+01
      vertex -3.896920E+01 3.518187E+01 -8.148167E+01
      vertex -3.898473E+01 3.522625E+01 -8.148167E+01
    endloop
  endfacet
  facet normal 0.000000E+00 0.000000E+00 1.000000E+00
    outer loop
      vertex -6.543745E+01 2.382315E+01 -8.148167E+01
      vertex -3.835737E+01 3.325462E+01 -8.148167E+01
      vertex -3.896920E+01 3.518187E+01 -8.148167E+01
    endloop
  endfacet
  facet normal -0.000000E+00 0.000000E+00 1.000000E+00
    outer loop
      vertex -6.543745E+01 2.382315E+01 -8.148167E+01
      vertex -6.533487E+01 2.355266E+01 -8.148167E+01
      vertex -3.835737E+01 3.325462E+01 -8.148167E+01
    endloop
  endfacet
  facet normal 0.000000E+00 0.000000E+00 1.000000E+00
    outer loop
      vertex -6.716734E+01 2.226815E+01 -8.148167E+01
      vertex -7.000000E+01 1.776548E+01 -8.148167E+01
      vertex -6.690519E+01 2.213596E+01 -8.148167E+01
    endloop
  endfacet
  facet normal 0.000000E+00 0.000000E+00 1.000000E+00
    outer loop
      vertex -6.560178E+01 2.406123E+01 -8.148167E+01
      vertex -3.898473E+01 3.522625E+01 -8.148167E+01
      vertex -3.899000E+01 3.527298E+01 -8.148167E+01
    endloop
  endfacet
  facet normal 0.000000E+00 0.000000E+00 1.000000E+00
    outer loop
      vertex -6.560178E+01 2.406123E+01 -8.148167E+01
      vertex -3.899000E+01 3.527298E+01 -8.148167E+01
      vertex -3.899000E+01 3.695298E+01 -8.148167E+01
    endloop
  endfacet
  facet normal -0.000000E+00 0.000000E+00 1.000000E+00
    outer loop
      vertex -6.560178E+01 2.406123E+01 -8.148167E+01
      vertex -6.543745E+01 2.382315E+01 -8.148167E+01
      vertex -3.898473E+01 3.522625E+01 -8.148167E+01
    endloop
  endfacet
  facet normal 0.000000E+00 0.000000E+00 1.000000E+00
    outer loop
      vertex -6.738953E+01 2.246005E+01 -8.148167E+01
      vertex -7.000000E+01 1.776548E+01 -8.148167E+01
      vertex -6.716734E+01 2.226815E+01 -8.148167E+01
    endloop
  endfacet
  facet normal -0.000000E+00 0.000000E+00 1.000000E+00
    outer loop
      vertex -6.581832E+01 2.425306E+01 -8.148167E+01
      vertex -6.560178E+01 2.406123E+01 -8.148167E+01
      vertex -3.899000E+01 3.695298E+01 -8.148167E+01
    endloop
  endfacet
  facet normal 0.000000E+00 0.000000E+00 1.000000E+00
    outer loop
      vertex -6.755849E+01 2.270015E+01 -8.148167E+01
      vertex -7.000000E+01 1.776548E+01 -8.148167E+01
      vertex -6.738953E+01 2.246005E+01 -8.148167E+01
    endloop
  endfacet
  facet normal 0.000000E+00 0.000000E+00 1.000000E+00
    outer loop
      vertex -6.766409E+01 2.297410E+01 -8.148167E+01
      vertex -7.000000E+01 1.776548E+01 -8.148167E+01
      vertex -6.755849E+01 2.270015E+01 -8.148167E+01
    endloop
  endfacet
  facet normal 0.000000E+00 0.000000E+00 1.000000E+00
    outer loop
      vertex -2.561802E+00 4.901730E+01 -8.148167E+01
      vertex -2.601787E+00 2.406123E+01 -8.148167E+01
      vertex -2.437453E+00 2.382315E+01 -8.148167E+01
    endloop
  endfacet
  facet normal 0.000000E+00 0.000000E+00 1.000000E+00
    outer loop
      vertex -6.770000E+01 2.326548E+01 -8.148167E+01
      vertex -7.000000E+01 1.776548E+01 -8.148167E+01
      vertex -6.766409E+01 2.297410E+01 -8.148167E+01
    endloop
  endfacet
  facet normal 0.000000E+00 0.000000E+00 1.000000E+00
    outer loop
      vertex -2.751812E+00 4.882729E+01 -8.148167E+01
      vertex -2.818322E+00 2.425306E+01 -8.148167E+01
      vertex -2.601787E+00 2.406123E+01 -8.148167E+01
    endloop
  endfacet
  facet normal -0.000000E+00 0.000000E+00 1.000000E+00
    outer loop
      vertex -2.751812E+00 4.882729E+01 -8.148167E+01
      vertex -2.601787E+00 2.406123E+01 -8.148167E+01
      vertex -2.561802E+00 4.901730E+01 -8.148167E+01
    endloop
  endfacet
  facet normal 0.000000E+00 0.000000E+00 1.000000E+00
    outer loop
      vertex -2.418837E+00 4.924482E+01 -8.148167E+01
      vertex -2.437453E+00 2.382315E+01 -8.148167E+01
      vertex -2.334870E+00 2.355266E+01 -8.148167E+01
    endloop
  endfacet
  facet normal 0.000000E+00 0.000000E+00 1.000000E+00
    outer loop
      vertex -6.766513E+01 2.355266E+01 -8.148167E+01
      vertex -7.000000E+01 1.776548E+01 -8.148167E+01
      vertex -6.770000E+01 2.326548E+01 -8.148167E+01
    endloop
  endfacet
  facet normal 0.000000E+00 0.000000E+00 1.000000E+00
    outer loop
      vertex -2.418837E+00 4.924482E+01 -8.148167E+01
      vertex -2.561802E+00 4.901730E+01 -8.148167E+01
      vertex -2.437453E+00 2.382315E+01 -8.148167E+01
    endloop
  endfacet
  facet normal 0.000000E+00 0.000000E+00 1.000000E+00
    outer loop
      vertex -2.979340E+00 4.868432E+01 -8.148167E+01
      vertex -3.074474E+00 2.438750E+01 -8.148167E+01
      vertex -2.818322E+00 2.425306E+01 -8.148167E+01
    endloop
  endfacet
  facet normal -0.000000E+00 0.000000E+00 1.000000E+00
    outer loop
      vertex -2.979340E+00 4.868432E+01 -8.148167E+01
      vertex -2.818322E+00 2.425306E+01 -8.148167E+01
      vertex -2.751812E+00 4.882729E+01 -8.148167E+01
    endloop
  endfacet
  facet normal -0.000000E+00 0.000000E+00 1.000000E+00
    outer loop
      vertex -3.232975E+00 4.859557E+01 -8.148167E+01
      vertex -3.074474E+00 2.438750E+01 -8.148167E+01
      vertex -2.979340E+00 4.868432E+01 -8.148167E+01
    endloop
  endfacet
  facet normal 0.000000E+00 0.000000E+00 1.000000E+00
    outer loop
      vertex -3.232975E+00 4.859557E+01 -8.148167E+01
      vertex -3.355356E+00 2.445673E+01 -8.148167E+01
      vertex -3.074474E+00 2.438750E+01 -8.148167E+01
    endloop
  endfacet
  facet normal 0.000000E+00 0.000000E+00 1.000000E+00
    outer loop
      vertex -2.330086E+00 4.949846E+01 -8.148167E+01
      vertex -2.418837E+00 4.924482E+01 -8.148167E+01
      vertex -2.334870E+00 2.355266E+01 -8.148167E+01
    endloop
  endfacet
  facet normal 0.000000E+00 0.000000E+00 1.000000E+00
    outer loop
      vertex -6.565147E+01 4.891695E+01 -8.148167E+01
      vertex -6.581832E+01 2.425306E+01 -8.148167E+01
      vertex -3.899000E+01 3.695298E+01 -8.148167E+01
    endloop
  endfacet
  facet normal 0.000000E+00 0.000000E+00 1.000000E+00
    outer loop
      vertex -2.330086E+00 4.949846E+01 -8.148167E+01
      vertex -2.334870E+00 2.355266E+01 -8.148167E+01
      vertex 1.809257E-14 1.776548E+01 -8.148167E+01
    endloop
  endfacet
  facet normal 0.000000E+00 0.000000E+00 1.000000E+00
    outer loop
      vertex -6.565147E+01 4.891695E+01 -8.148167E+01
      vertex -3.899000E+01 3.695298E+01 -8.148167E+01
      vertex -3.898737E+01 3.697635E+01 -8.148167E+01
    endloop
  endfacet
  facet normal 0.000000E+00 0.000000E+00 1.000000E+00
    outer loop
      vertex -6.550224E+01 4.909880E+01 -8.148167E+01
      vertex -3.898737E+01 3.697635E+01 -8.148167E+01
      vertex -3.897960E+01 3.699854E+01 -8.148167E+01
    endloop
  endfacet
  facet normal 0.000000E+00 0.000000E+00 1.000000E+00
    outer loop
      vertex -3.500000E+00 4.856548E+01 -8.148167E+01
      vertex -3.644644E+00 2.445673E+01 -8.148167E+01
      vertex -3.355356E+00 2.445673E+01 -8.148167E+01
    endloop
  endfacet
  facet normal 0.000000E+00 0.000000E+00 1.000000E+00
    outer loop
      vertex -6.550224E+01 4.909880E+01 -8.148167E+01
      vertex -6.565147E+01 4.891695E+01 -8.148167E+01
      vertex -3.898737E+01 3.697635E+01 -8.148167E+01
    endloop
  endfacet
  facet normal -0.000000E+00 0.000000E+00 1.000000E+00
    outer loop
      vertex -3.500000E+00 4.856548E+01 -8.148167E+01
      vertex -3.355356E+00 2.445673E+01 -8.148167E+01
      vertex -3.232975E+00 4.859557E+01 -8.148167E+01
    endloop
  endfacet
  facet normal 0.000000E+00 0.000000E+00 1.000000E+00
    outer loop
      vertex -3.767025E+00 4.859557E+01 -8.148167E+01
      vertex -3.644644E+00 2.445673E+01 -8.148167E+01
      vertex -3.500000E+00 4.856548E+01 -8.148167E+01
    endloop
  endfacet
  facet normal 0.000000E+00 0.000000E+00 1.000000E+00
    outer loop
      vertex -3.767025E+00 4.859557E+01 -8.148167E+01
      vertex -3.925526E+00 2.438750E+01 -8.148167E+01
      vertex -3.644644E+00 2.445673E+01 -8.148167E+01
    endloop
  endfacet
  facet normal 0.000000E+00 0.000000E+00 1.000000E+00
    outer loop
      vertex -6.587300E+01 4.874231E+01 -8.148167E+01
      vertex -6.607447E+01 2.438750E+01 -8.148167E+01
      vertex -6.581832E+01 2.425306E+01 -8.148167E+01
    endloop
  endfacet
  facet normal -0.000000E+00 0.000000E+00 1.000000E+00
    outer loop
      vertex -6.587300E+01 4.874231E+01 -8.148167E+01
      vertex -6.581832E+01 2.425306E+01 -8.148167E+01
      vertex -6.565147E+01 4.891695E+01 -8.148167E+01
    endloop
  endfacet
  facet normal 0.000000E+00 0.000000E+00 1.000000E+00
    outer loop
      vertex -6.539134E+01 4.930626E+01 -8.148167E+01
      vertex -3.897960E+01 3.699854E+01 -8.148167E+01
      vertex -3.896709E+01 3.701845E+01 -8.148167E+01
    endloop
  endfacet
  facet normal 0.000000E+00 0.000000E+00 1.000000E+00
    outer loop
      vertex -4.020660E+00 4.868432E+01 -8.148167E+01
      vertex -3.925526E+00 2.438750E+01 -8.148167E+01
      vertex -3.767025E+00 4.859557E+01 -8.148167E+01
    endloop
  endfacet
  facet normal 0.000000E+00 0.000000E+00 1.000000E+00
    outer loop
      vertex -6.539134E+01 4.930626E+01 -8.148167E+01
      vertex -6.550224E+01 4.909880E+01 -8.148167E+01
      vertex -3.897960E+01 3.699854E+01 -8.148167E+01
    endloop
  endfacet
  facet normal 0.000000E+00 0.000000E+00 1.000000E+00
    outer loop
      vertex -4.020660E+00 4.868432E+01 -8.148167E+01
      vertex -4.181678E+00 2.425306E+01 -8.148167E+01
      vertex -3.925526E+00 2.438750E+01 -8.148167E+01
    endloop
  endfacet
  facet normal 0.000000E+00 0.000000E+00 1.000000E+00
    outer loop
      vertex -6.612918E+01 4.862421E+01 -8.148167E+01
      vertex -6.635535E+01 2.445673E+01 -8.148167E+01
      vertex -6.607447E+01 2.438750E+01 -8.148167E+01
    endloop
  endfacet
  facet normal -0.000000E+00 0.000000E+00 1.000000E+00
    outer loop
      vertex -6.612918E+01 4.862421E+01 -8.148167E+01
      vertex -6.607447E+01 2.438750E+01 -8.148167E+01
      vertex -6.587300E+01 4.874231E+01 -8.148167E+01
    endloop
  endfacet
  facet normal 0.000000E+00 0.000000E+00 1.000000E+00
    outer loop
      vertex -6.532306E+01 4.953138E+01 -8.148167E+01
      vertex -3.896709E+01 3.701845E+01 -8.148167E+01
      vertex -3.895047E+01 3.703508E+01 -8.148167E+01
    endloop
  endfacet
  facet normal 0.000000E+00 0.000000E+00 1.000000E+00
    outer loop
      vertex -4.248188E+00 4.882729E+01 -8.148167E+01
      vertex -4.181678E+00 2.425306E+01 -8.148167E+01
      vertex -4.020660E+00 4.868432E+01 -8.148167E+01
    endloop
  endfacet
  facet normal 0.000000E+00 0.000000E+00 1.000000E+00
    outer loop
      vertex -6.532306E+01 4.953138E+01 -8.148167E+01
      vertex -6.539134E+01 4.930626E+01 -8.148167E+01
      vertex -3.896709E+01 3.701845E+01 -8.148167E+01
    endloop
  endfacet
  facet normal 0.000000E+00 0.000000E+00 1.000000E+00
    outer loop
      vertex -6.640585E+01 4.856918E+01 -8.148167E+01
      vertex -6.664465E+01 2.445673E+01 -8.148167E+01
      vertex -6.635535E+01 2.445673E+01 -8.148167E+01
    endloop
  endfacet
  facet normal -0.000000E+00 0.000000E+00 1.000000E+00
    outer loop
      vertex -6.640585E+01 4.856918E+01 -8.148167E+01
      vertex -6.635535E+01 2.445673E+01 -8.148167E+01
      vertex -6.612918E+01 4.862421E+01 -8.148167E+01
    endloop
  endfacet
  facet normal 0.000000E+00 0.000000E+00 1.000000E+00
    outer loop
      vertex -6.530000E+01 4.976548E+01 -8.148167E+01
      vertex -6.532306E+01 4.953138E+01 -8.148167E+01
      vertex -3.895047E+01 3.703508E+01 -8.148167E+01
    endloop
  endfacet
  facet normal 0.000000E+00 0.000000E+00 1.000000E+00
    outer loop
      vertex -6.530000E+01 4.976548E+01 -8.148167E+01
      vertex -3.895047E+01 3.703508E+01 -8.148167E+01
      vertex -3.893056E+01 3.704758E+01 -8.148167E+01
    endloop
  endfacet
  facet normal 0.000000E+00 0.000000E+00 1.000000E+00
    outer loop
      vertex -6.668772E+01 4.858026E+01 -8.148167E+01
      vertex -6.664465E+01 2.445673E+01 -8.148167E+01
      vertex -6.640585E+01 4.856918E+01 -8.148167E+01
    endloop
  endfacet
  facet normal 0.000000E+00 0.000000E+00 1.000000E+00
    outer loop
      vertex -6.668772E+01 4.858026E+01 -8.148167E+01
      vertex -6.692553E+01 2.438750E+01 -8.148167E+01
      vertex -6.664465E+01 2.445673E+01 -8.148167E+01
    endloop
  endfacet
  facet normal 0.000000E+00 0.000000E+00 1.000000E+00
    outer loop
      vertex -6.533487E+01 5.005266E+01 -8.148167E+01
      vertex -3.893056E+01 3.704758E+01 -8.148167E+01
      vertex -3.890836E+01 3.705535E+01 -8.148167E+01
    endloop
  endfacet
  facet normal 0.000000E+00 0.000000E+00 1.000000E+00
    outer loop
      vertex -6.533487E+01 5.005266E+01 -8.148167E+01
      vertex -6.530000E+01 4.976548E+01 -8.148167E+01
      vertex -3.893056E+01 3.704758E+01 -8.148167E+01
    endloop
  endfacet
  facet normal 0.000000E+00 0.000000E+00 1.000000E+00
    outer loop
      vertex -6.695922E+01 4.865683E+01 -8.148167E+01
      vertex -6.718168E+01 2.425306E+01 -8.148167E+01
      vertex -6.692553E+01 2.438750E+01 -8.148167E+01
    endloop
  endfacet
  facet normal 0.000000E+00 0.000000E+00 1.000000E+00
    outer loop
      vertex -6.695922E+01 4.865683E+01 -8.148167E+01
      vertex -6.692553E+01 2.438750E+01 -8.148167E+01
      vertex -6.668772E+01 4.858026E+01 -8.148167E+01
    endloop
  endfacet
  facet normal 0.000000E+00 0.000000E+00 1.000000E+00
    outer loop
      vertex -6.543745E+01 5.032315E+01 -8.148167E+01
      vertex -6.533487E+01 5.005266E+01 -8.148167E+01
      vertex -3.890836E+01 3.705535E+01 -8.148167E+01
    endloop
  endfacet
  facet normal 0.000000E+00 0.000000E+00 1.000000E+00
    outer loop
      vertex -6.543745E+01 5.032315E+01 -8.148167E+01
      vertex -3.890836E+01 3.705535E+01 -8.148167E+01
      vertex -3.888500E+01 3.705798E+01 -8.148167E+01
    endloop
  endfacet
  facet normal 0.000000E+00 0.000000E+00 1.000000E+00
    outer loop
      vertex -6.720535E+01 4.879466E+01 -8.148167E+01
      vertex -6.718168E+01 2.425306E+01 -8.148167E+01
      vertex -6.695922E+01 4.865683E+01 -8.148167E+01
    endloop
  endfacet
  facet normal 0.000000E+00 0.000000E+00 1.000000E+00
    outer loop
      vertex -6.720535E+01 4.879466E+01 -8.148167E+01
      vertex -6.739822E+01 2.406123E+01 -8.148167E+01
      vertex -6.718168E+01 2.425306E+01 -8.148167E+01
    endloop
  endfacet
  facet normal 0.000000E+00 0.000000E+00 1.000000E+00
    outer loop
      vertex -6.560178E+01 5.056123E+01 -8.148167E+01
      vertex -6.543745E+01 5.032315E+01 -8.148167E+01
      vertex -3.888500E+01 3.705798E+01 -8.148167E+01
    endloop
  endfacet
  facet normal 0.000000E+00 0.000000E+00 1.000000E+00
    outer loop
      vertex -6.741249E+01 4.898615E+01 -8.148167E+01
      vertex -6.756255E+01 2.382315E+01 -8.148167E+01
      vertex -6.739822E+01 2.406123E+01 -8.148167E+01
    endloop
  endfacet
  facet normal 0.000000E+00 0.000000E+00 1.000000E+00
    outer loop
      vertex -6.741249E+01 4.898615E+01 -8.148167E+01
      vertex -6.739822E+01 2.406123E+01 -8.148167E+01
      vertex -6.720535E+01 4.879466E+01 -8.148167E+01
    endloop
  endfacet
  facet normal 0.000000E+00 0.000000E+00 1.000000E+00
    outer loop
      vertex 1.809257E-14 5.676548E+01 -8.148167E+01
      vertex -2.330086E+00 4.949846E+01 -8.148167E+01
      vertex 1.809257E-14 1.776548E+01 -8.148167E+01
    endloop
  endfacet
  facet normal 0.000000E+00 0.000000E+00 1.000000E+00
    outer loop
      vertex 1.809257E-14 5.676548E+01 -8.148167E+01
      vertex -4.398213E+00 5.056123E+01 -8.148167E+01
      vertex -4.181678E+00 5.075306E+01 -8.148167E+01
    endloop
  endfacet
  facet normal 0.000000E+00 0.000000E+00 1.000000E+00
    outer loop
      vertex 1.809257E-14 5.676548E+01 -8.148167E+01
      vertex -4.181678E+00 5.075306E+01 -8.148167E+01
      vertex -3.925526E+00 5.088750E+01 -8.148167E+01
    endloop
  endfacet
  facet normal 0.000000E+00 0.000000E+00 1.000000E+00
    outer loop
      vertex 1.809257E-14 5.676548E+01 -8.148167E+01
      vertex -3.925526E+00 5.088750E+01 -8.148167E+01
      vertex -3.644644E+00 5.095673E+01 -8.148167E+01
    endloop
  endfacet
  facet normal 0.000000E+00 0.000000E+00 1.000000E+00
    outer loop
      vertex 1.809257E-14 5.676548E+01 -8.148167E+01
      vertex -3.644644E+00 5.095673E+01 -8.148167E+01
      vertex -3.355356E+00 5.095673E+01 -8.148167E+01
    endloop
  endfacet
  facet normal 0.000000E+00 0.000000E+00 1.000000E+00
    outer loop
      vertex 1.809257E-14 5.676548E+01 -8.148167E+01
      vertex -3.355356E+00 5.095673E+01 -8.148167E+01
      vertex -3.074474E+00 5.088750E+01 -8.148167E+01
    endloop
  endfacet
  facet normal 0.000000E+00 0.000000E+00 1.000000E+00
    outer loop
      vertex 1.809257E-14 5.676548E+01 -8.148167E+01
      vertex -3.074474E+00 5.088750E+01 -8.148167E+01
      vertex -2.818322E+00 5.075306E+01 -8.148167E+01
    endloop
  endfacet
  facet normal 0.000000E+00 0.000000E+00 1.000000E+00
    outer loop
      vertex 1.809257E-14 5.676548E+01 -8.148167E+01
      vertex -2.818322E+00 5.075306E+01 -8.148167E+01
      vertex -2.601787E+00 5.056123E+01 -8.148167E+01
    endloop
  endfacet
  facet normal 0.000000E+00 0.000000E+00 1.000000E+00
    outer loop
      vertex 1.809257E-14 5.676548E+01 -8.148167E+01
      vertex -2.601787E+00 5.056123E+01 -8.148167E+01
      vertex -2.437453E+00 5.032315E+01 -8.148167E+01
    endloop
  endfacet
  facet normal 0.000000E+00 0.000000E+00 1.000000E+00
    outer loop
      vertex -6.756921E+01 4.922070E+01 -8.148167E+01
      vertex -6.766513E+01 2.355266E+01 -8.148167E+01
      vertex -6.756255E+01 2.382315E+01 -8.148167E+01
    endloop
  endfacet
  facet normal 0.000000E+00 0.000000E+00 1.000000E+00
    outer loop
      vertex 1.809257E-14 5.676548E+01 -8.148167E+01
      vertex -2.437453E+00 5.032315E+01 -8.148167E+01
      vertex -2.334870E+00 5.005266E+01 -8.148167E+01
    endloop
  endfacet
  facet normal 0.000000E+00 0.000000E+00 1.000000E+00
    outer loop
      vertex 1.809257E-14 5.676548E+01 -8.148167E+01
      vertex -2.334870E+00 5.005266E+01 -8.148167E+01
      vertex -2.300000E+00 4.976548E+01 -8.148167E+01
    endloop
  endfacet
  facet normal 0.000000E+00 0.000000E+00 1.000000E+00
    outer loop
      vertex 1.809257E-14 5.676548E+01 -8.148167E+01
      vertex -2.300000E+00 4.976548E+01 -8.148167E+01
      vertex -2.330086E+00 4.949846E+01 -8.148167E+01
    endloop
  endfacet
  facet normal 0.000000E+00 0.000000E+00 1.000000E+00
    outer loop
      vertex -6.756921E+01 4.922070E+01 -8.148167E+01
      vertex -6.756255E+01 2.382315E+01 -8.148167E+01
      vertex -6.741249E+01 4.898615E+01 -8.148167E+01
    endloop
  endfacet
  facet normal 0.000000E+00 0.000000E+00 1.000000E+00
    outer loop
      vertex -3.167953E+01 3.319589E+01 -8.148167E+01
      vertex -4.676015E+00 2.302676E+01 -8.148167E+01
      vertex -4.700000E+00 2.326548E+01 -8.148167E+01
    endloop
  endfacet
  facet normal 0.000000E+00 0.000000E+00 1.000000E+00
    outer loop
      vertex -6.766685E+01 4.948535E+01 -8.148167E+01
      vertex -6.766513E+01 2.355266E+01 -8.148167E+01
      vertex -6.756921E+01 4.922070E+01 -8.148167E+01
    endloop
  endfacet
  facet normal 0.000000E+00 0.000000E+00 1.000000E+00
    outer loop
      vertex -3.166291E+01 3.321252E+01 -8.148167E+01
      vertex -4.700000E+00 2.326548E+01 -8.148167E+01
      vertex -4.665130E+00 2.355266E+01 -8.148167E+01
    endloop
  endfacet
  facet normal 0.000000E+00 0.000000E+00 1.000000E+00
    outer loop
      vertex -3.166291E+01 3.321252E+01 -8.148167E+01
      vertex -3.167953E+01 3.319589E+01 -8.148167E+01
      vertex -4.700000E+00 2.326548E+01 -8.148167E+01
    endloop
  endfacet
  facet normal 0.000000E+00 0.000000E+00 1.000000E+00
    outer loop
      vertex -3.165040E+01 3.323243E+01 -8.148167E+01
      vertex -3.166291E+01 3.321252E+01 -8.148167E+01
      vertex -4.665130E+00 2.355266E+01 -8.148167E+01
    endloop
  endfacet
  facet normal -0.000000E+00 0.000000E+00 1.000000E+00
    outer loop
      vertex -7.000000E+01 5.676548E+01 -8.148167E+01
      vertex -3.111500E+01 3.705798E+01 -8.148167E+01
      vertex 1.809257E-14 5.676548E+01 -8.148167E+01
    endloop
  endfacet
  facet normal 0.000000E+00 0.000000E+00 1.000000E+00
    outer loop
      vertex -7.000000E+01 5.676548E+01 -8.148167E+01
      vertex -3.888500E+01 3.705798E+01 -8.148167E+01
      vertex -3.111500E+01 3.705798E+01 -8.148167E+01
    endloop
  endfacet
  facet normal 0.000000E+00 0.000000E+00 1.000000E+00
    outer loop
      vertex -7.000000E+01 5.676548E+01 -8.148167E+01
      vertex -6.766685E+01 4.948535E+01 -8.148167E+01
      vertex -6.770000E+01 4.976548E+01 -8.148167E+01
    endloop
  endfacet
  facet normal 0.000000E+00 0.000000E+00 1.000000E+00
    outer loop
      vertex -3.169944E+01 3.318338E+01 -8.148167E+01
      vertex -4.605020E+00 2.279758E+01 -8.148167E+01
      vertex -4.676015E+00 2.302676E+01 -8.148167E+01
    endloop
  endfacet
  facet normal 0.000000E+00 0.000000E+00 1.000000E+00
    outer loop
      vertex -7.000000E+01 5.676548E+01 -8.148167E+01
      vertex -6.770000E+01 4.976548E+01 -8.148167E+01
      vertex -6.766513E+01 5.005266E+01 -8.148167E+01
    endloop
  endfacet
  facet normal 0.000000E+00 0.000000E+00 1.000000E+00
    outer loop
      vertex -7.000000E+01 5.676548E+01 -8.148167E+01
      vertex -6.766513E+01 5.005266E+01 -8.148167E+01
      vertex -6.756255E+01 5.032315E+01 -8.148167E+01
    endloop
  endfacet
  facet normal 0.000000E+00 0.000000E+00 1.000000E+00
    outer loop
      vertex -7.000000E+01 5.676548E+01 -8.148167E+01
      vertex -6.756255E+01 5.032315E+01 -8.148167E+01
      vertex -6.739822E+01 5.056123E+01 -8.148167E+01
    endloop
  endfacet
  facet normal -0.000000E+00 0.000000E+00 1.000000E+00
    outer loop
      vertex -3.169944E+01 3.318338E+01 -8.148167E+01
      vertex -4.676015E+00 2.302676E+01 -8.148167E+01
      vertex -3.167953E+01 3.319589E+01 -8.148167E+01
    endloop
  endfacet
  facet normal 0.000000E+00 0.000000E+00 1.000000E+00
    outer loop
      vertex -7.000000E+01 5.676548E+01 -8.148167E+01
      vertex -6.739822E+01 5.056123E+01 -8.148167E+01
      vertex -6.718168E+01 5.075306E+01 -8.148167E+01
    endloop
  endfacet
  facet normal 0.000000E+00 0.000000E+00 1.000000E+00
    outer loop
      vertex -7.000000E+01 5.676548E+01 -8.148167E+01
      vertex -6.718168E+01 5.075306E+01 -8.148167E+01
      vertex -6.692553E+01 5.088750E+01 -8.148167E+01
    endloop
  endfacet
  facet normal 0.000000E+00 0.000000E+00 1.000000E+00
    outer loop
      vertex -7.000000E+01 5.676548E+01 -8.148167E+01
      vertex -6.692553E+01 5.088750E+01 -8.148167E+01
      vertex -6.664465E+01 5.095673E+01 -8.148167E+01
    endloop
  endfacet
  facet normal 0.000000E+00 0.000000E+00 1.000000E+00
    outer loop
      vertex -3.164263E+01 3.325462E+01 -8.148167E+01
      vertex -4.665130E+00 2.355266E+01 -8.148167E+01
      vertex -4.562547E+00 2.382315E+01 -8.148167E+01
    endloop
  endfacet
  facet normal 0.000000E+00 0.000000E+00 1.000000E+00
    outer loop
      vertex -7.000000E+01 5.676548E+01 -8.148167E+01
      vertex -6.664465E+01 5.095673E+01 -8.148167E+01
      vertex -6.635535E+01 5.095673E+01 -8.148167E+01
    endloop
  endfacet
  facet normal 0.000000E+00 0.000000E+00 1.000000E+00
    outer loop
      vertex -7.000000E+01 5.676548E+01 -8.148167E+01
      vertex -6.635535E+01 5.095673E+01 -8.148167E+01
      vertex -6.607447E+01 5.088750E+01 -8.148167E+01
    endloop
  endfacet
  facet normal 0.000000E+00 0.000000E+00 1.000000E+00
    outer loop
      vertex -7.000000E+01 5.676548E+01 -8.148167E+01
      vertex -6.607447E+01 5.088750E+01 -8.148167E+01
      vertex -6.581832E+01 5.075306E+01 -8.148167E+01
    endloop
  endfacet
  facet normal 0.000000E+00 0.000000E+00 1.000000E+00
    outer loop
      vertex -7.000000E+01 5.676548E+01 -8.148167E+01
      vertex -6.581832E+01 5.075306E+01 -8.148167E+01
      vertex -6.560178E+01 5.056123E+01 -8.148167E+01
    endloop
  endfacet
  facet normal 0.000000E+00 0.000000E+00 1.000000E+00
    outer loop
      vertex -7.000000E+01 5.676548E+01 -8.148167E+01
      vertex -6.560178E+01 5.056123E+01 -8.148167E+01
      vertex -3.888500E+01 3.705798E+01 -8.148167E+01
    endloop
  endfacet
  facet normal 0.000000E+00 0.000000E+00 1.000000E+00
    outer loop
      vertex -7.000000E+01 5.676548E+01 -8.148167E+01
      vertex -7.000000E+01 1.776548E+01 -8.148167E+01
      vertex -6.766685E+01 4.948535E+01 -8.148167E+01
    endloop
  endfacet
  facet normal 0.000000E+00 0.000000E+00 1.000000E+00
    outer loop
      vertex -6.766685E+01 4.948535E+01 -8.148167E+01
      vertex -7.000000E+01 1.776548E+01 -8.148167E+01
      vertex -6.766513E+01 2.355266E+01 -8.148167E+01
    endloop
  endfacet
  facet normal 0.000000E+00 0.000000E+00 1.000000E+00
    outer loop
      vertex -3.164263E+01 3.325462E+01 -8.148167E+01
      vertex -3.165040E+01 3.323243E+01 -8.148167E+01
      vertex -4.665130E+00 2.355266E+01 -8.148167E+01
    endloop
  endfacet
  facet normal 0.000000E+00 0.000000E+00 1.000000E+00
    outer loop
      vertex -3.172164E+01 3.317562E+01 -8.148167E+01
      vertex -4.335114E+00 2.240375E+01 -8.148167E+01
      vertex -4.489851E+00 2.258711E+01 -8.148167E+01
    endloop
  endfacet
  facet normal 0.000000E+00 0.000000E+00 1.000000E+00
    outer loop
      vertex -3.172164E+01 3.317562E+01 -8.148167E+01
      vertex -4.489851E+00 2.258711E+01 -8.148167E+01
      vertex -4.605020E+00 2.279758E+01 -8.148167E+01
    endloop
  endfacet
  facet normal -0.000000E+00 0.000000E+00 1.000000E+00
    outer loop
      vertex -3.172164E+01 3.317562E+01 -8.148167E+01
      vertex -4.605020E+00 2.279758E+01 -8.148167E+01
      vertex -3.169944E+01 3.318338E+01 -8.148167E+01
    endloop
  endfacet
  facet normal 0.000000E+00 0.000000E+00 1.000000E+00
    outer loop
      vertex -3.174500E+01 3.317299E+01 -8.148167E+01
      vertex 1.809257E-14 1.776548E+01 -8.148167E+01
      vertex -4.335114E+00 2.240375E+01 -8.148167E+01
    endloop
  endfacet
  facet normal -0.000000E+00 0.000000E+00 1.000000E+00
    outer loop
      vertex -3.174500E+01 3.317299E+01 -8.148167E+01
      vertex -4.335114E+00 2.240375E+01 -8.148167E+01
      vertex -3.172164E+01 3.317562E+01 -8.148167E+01
    endloop
  endfacet
  facet normal -0.000000E+00 0.000000E+00 1.000000E+00
    outer loop
      vertex -3.108907E+01 3.510880E+01 -8.148167E+01
      vertex -3.164000E+01 3.327798E+01 -8.148167E+01
      vertex -3.105581E+01 3.514205E+01 -8.148167E+01
    endloop
  endfacet
  facet normal -0.000000E+00 0.000000E+00 1.000000E+00
    outer loop
      vertex -3.112889E+01 3.508378E+01 -8.148167E+01
      vertex -3.164000E+01 3.327798E+01 -8.148167E+01
      vertex -3.108907E+01 3.510880E+01 -8.148167E+01
    endloop
  endfacet
  facet normal 0.000000E+00 0.000000E+00 1.000000E+00
    outer loop
      vertex -3.103080E+01 3.518187E+01 -8.148167E+01
      vertex -3.105581E+01 3.514205E+01 -8.148167E+01
      vertex -3.164000E+01 3.327798E+01 -8.148167E+01
    endloop
  endfacet
  facet normal 0.000000E+00 0.000000E+00 1.000000E+00
    outer loop
      vertex -3.103080E+01 3.518187E+01 -8.148167E+01
      vertex -3.164000E+01 3.327798E+01 -8.148167E+01
      vertex -3.164263E+01 3.325462E+01 -8.148167E+01
    endloop
  endfacet
  facet normal 0.000000E+00 0.000000E+00 1.000000E+00
    outer loop
      vertex -3.103080E+01 3.518187E+01 -8.148167E+01
      vertex -3.164263E+01 3.325462E+01 -8.148167E+01
      vertex -4.562547E+00 2.382315E+01 -8.148167E+01
    endloop
  endfacet
  facet normal 0.000000E+00 0.000000E+00 1.000000E+00
    outer loop
      vertex -3.101526E+01 3.522625E+01 -8.148167E+01
      vertex -3.103080E+01 3.518187E+01 -8.148167E+01
      vertex -4.562547E+00 2.382315E+01 -8.148167E+01
    endloop
  endfacet
  facet normal 0.000000E+00 0.000000E+00 1.000000E+00
    outer loop
      vertex -3.101526E+01 3.522625E+01 -8.148167E+01
      vertex -4.562547E+00 2.382315E+01 -8.148167E+01
      vertex -4.398213E+00 2.406123E+01 -8.148167E+01
    endloop
  endfacet
  facet normal -0.000000E+00 0.000000E+00 1.000000E+00
    outer loop
      vertex -3.117327E+01 3.506825E+01 -8.148167E+01
      vertex -3.164000E+01 3.327798E+01 -8.148167E+01
      vertex -3.112889E+01 3.508378E+01 -8.148167E+01
    endloop
  endfacet
  facet normal 0.000000E+00 0.000000E+00 1.000000E+00
    outer loop
      vertex -3.101000E+01 3.527298E+01 -8.148167E+01
      vertex -3.101526E+01 3.522625E+01 -8.148167E+01
      vertex -4.398213E+00 2.406123E+01 -8.148167E+01
    endloop
  endfacet
  facet normal 0.000000E+00 0.000000E+00 1.000000E+00
    outer loop
      vertex -3.164000E+01 3.485298E+01 -8.148167E+01
      vertex -3.117327E+01 3.506825E+01 -8.148167E+01
      vertex -3.122000E+01 3.506298E+01 -8.148167E+01
    endloop
  endfacet
  facet normal 0.000000E+00 0.000000E+00 1.000000E+00
    outer loop
      vertex -3.164000E+01 3.485298E+01 -8.148167E+01
      vertex -3.122000E+01 3.506298E+01 -8.148167E+01
      vertex -3.143000E+01 3.506298E+01 -8.148167E+01
    endloop
  endfacet
  facet normal -0.000000E+00 0.000000E+00 1.000000E+00
    outer loop
      vertex -3.164000E+01 3.485298E+01 -8.148167E+01
      vertex -3.164000E+01 3.327798E+01 -8.148167E+01
      vertex -3.117327E+01 3.506825E+01 -8.148167E+01
    endloop
  endfacet
  facet normal 0.000000E+00 0.000000E+00 1.000000E+00
    outer loop
      vertex -3.161920E+01 3.494410E+01 -8.148167E+01
      vertex -3.163474E+01 3.489971E+01 -8.148167E+01
      vertex -3.164000E+01 3.485298E+01 -8.148167E+01
    endloop
  endfacet
  facet normal 0.000000E+00 0.000000E+00 1.000000E+00
    outer loop
      vertex -3.152112E+01 3.504219E+01 -8.148167E+01
      vertex -3.143000E+01 3.506298E+01 -8.148167E+01
      vertex -3.147673E+01 3.505772E+01 -8.148167E+01
    endloop
  endfacet
  facet normal 0.000000E+00 0.000000E+00 1.000000E+00
    outer loop
      vertex -3.156093E+01 3.501717E+01 -8.148167E+01
      vertex -3.159418E+01 3.498392E+01 -8.148167E+01
      vertex -3.161920E+01 3.494410E+01 -8.148167E+01
    endloop
  endfacet
  facet normal -0.000000E+00 0.000000E+00 1.000000E+00
    outer loop
      vertex -3.156093E+01 3.501717E+01 -8.148167E+01
      vertex -3.164000E+01 3.485298E+01 -8.148167E+01
      vertex -3.143000E+01 3.506298E+01 -8.148167E+01
    endloop
  endfacet
  facet normal 0.000000E+00 0.000000E+00 1.000000E+00
    outer loop
      vertex -3.156093E+01 3.501717E+01 -8.148167E+01
      vertex -3.143000E+01 3.506298E+01 -8.148167E+01
      vertex -3.152112E+01 3.504219E+01 -8.148167E+01
    endloop
  endfacet
  facet normal 0.000000E+00 0.000000E+00 1.000000E+00
    outer loop
      vertex -3.156093E+01 3.501717E+01 -8.148167E+01
      vertex -3.161920E+01 3.494410E+01 -8.148167E+01
      vertex -3.164000E+01 3.485298E+01 -8.148167E+01
    endloop
  endfacet
  facet normal 0.000000E+00 0.000000E+00 1.000000E+00
    outer loop
      vertex -3.101000E+01 3.695298E+01 -8.148167E+01
      vertex -3.101000E+01 3.527298E+01 -8.148167E+01
      vertex -4.398213E+00 2.406123E+01 -8.148167E+01
    endloop
  endfacet
  facet normal 0.000000E+00 0.000000E+00 1.000000E+00
    outer loop
      vertex -3.101000E+01 3.695298E+01 -8.148167E+01
      vertex -4.398213E+00 2.406123E+01 -8.148167E+01
      vertex -4.181678E+00 2.425306E+01 -8.148167E+01
    endloop
  endfacet
  facet normal -0.000000E+00 0.000000E+00 1.000000E+00
    outer loop
      vertex -3.101000E+01 3.695298E+01 -8.148167E+01
      vertex -4.181678E+00 2.425306E+01 -8.148167E+01
      vertex -4.248188E+00 4.882729E+01 -8.148167E+01
    endloop
  endfacet
  facet normal 0.000000E+00 0.000000E+00 1.000000E+00
    outer loop
      vertex -3.101000E+01 3.695298E+01 -8.148167E+01
      vertex -4.248188E+00 4.882729E+01 -8.148167E+01
      vertex -4.438198E+00 4.901730E+01 -8.148167E+01
    endloop
  endfacet
  facet normal -0.000000E+00 0.000000E+00 1.000000E+00
    outer loop
      vertex -3.101263E+01 3.697635E+01 -8.148167E+01
      vertex -3.101000E+01 3.695298E+01 -8.148167E+01
      vertex -4.438198E+00 4.901730E+01 -8.148167E+01
    endloop
  endfacet
  facet normal 0.000000E+00 0.000000E+00 1.000000E+00
    outer loop
      vertex -3.101263E+01 3.697635E+01 -8.148167E+01
      vertex -4.438198E+00 4.901730E+01 -8.148167E+01
      vertex -4.581162E+00 4.924482E+01 -8.148167E+01
    endloop
  endfacet
  facet normal -0.000000E+00 0.000000E+00 1.000000E+00
    outer loop
      vertex -3.102040E+01 3.699854E+01 -8.148167E+01
      vertex -3.101263E+01 3.697635E+01 -8.148167E+01
      vertex -4.581162E+00 4.924482E+01 -8.148167E+01
    endloop
  endfacet
  facet normal 0.000000E+00 0.000000E+00 1.000000E+00
    outer loop
      vertex -3.102040E+01 3.699854E+01 -8.148167E+01
      vertex -4.581162E+00 4.924482E+01 -8.148167E+01
      vertex -4.669913E+00 4.949846E+01 -8.148167E+01
    endloop
  endfacet
  facet normal -0.000000E+00 0.000000E+00 1.000000E+00
    outer loop
      vertex -3.103291E+01 3.701845E+01 -8.148167E+01
      vertex -3.102040E+01 3.699854E+01 -8.148167E+01
      vertex -4.669913E+00 4.949846E+01 -8.148167E+01
    endloop
  endfacet
  facet normal 0.000000E+00 0.000000E+00 1.000000E+00
    outer loop
      vertex -3.103291E+01 3.701845E+01 -8.148167E+01
      vertex -4.669913E+00 4.949846E+01 -8.148167E+01
      vertex -4.700000E+00 4.976548E+01 -8.148167E+01
    endloop
  endfacet
  facet normal -0.000000E+00 0.000000E+00 1.000000E+00
    outer loop
      vertex -3.104953E+01 3.703508E+01 -8.148167E+01
      vertex -3.103291E+01 3.701845E+01 -8.148167E+01
      vertex -4.700000E+00 4.976548E+01 -8.148167E+01
    endloop
  endfacet
  facet normal -0.000000E+00 0.000000E+00 1.000000E+00
    outer loop
      vertex -3.106944E+01 3.704758E+01 -8.148167E+01
      vertex -3.104953E+01 3.703508E+01 -8.148167E+01
      vertex -4.700000E+00 4.976548E+01 -8.148167E+01
    endloop
  endfacet
  facet normal 0.000000E+00 0.000000E+00 1.000000E+00
    outer loop
      vertex -3.106944E+01 3.704758E+01 -8.148167E+01
      vertex -4.700000E+00 4.976548E+01 -8.148167E+01
      vertex -4.665130E+00 5.005266E+01 -8.148167E+01
    endloop
  endfacet
  facet normal -0.000000E+00 0.000000E+00 1.000000E+00
    outer loop
      vertex -3.109163E+01 3.705535E+01 -8.148167E+01
      vertex -3.106944E+01 3.704758E+01 -8.148167E+01
      vertex -4.665130E+00 5.005266E+01 -8.148167E+01
    endloop
  endfacet
  facet normal 0.000000E+00 0.000000E+00 1.000000E+00
    outer loop
      vertex -3.109163E+01 3.705535E+01 -8.148167E+01
      vertex -4.665130E+00 5.005266E+01 -8.148167E+01
      vertex -4.562547E+00 5.032315E+01 -8.148167E+01
    endloop
  endfacet
  facet normal 0.000000E+00 0.000000E+00 1.000000E+00
    outer loop
      vertex -3.111500E+01 3.705798E+01 -8.148167E+01
      vertex -4.398213E+00 5.056123E+01 -8.148167E+01
      vertex 1.809257E-14 5.676548E+01 -8.148167E+01
    endloop
  endfacet
  facet normal -0.000000E+00 0.000000E+00 1.000000E+00
    outer loop
      vertex -3.111500E+01 3.705798E+01 -8.148167E+01
      vertex -3.109163E+01 3.705535E+01 -8.148167E+01
      vertex -4.562547E+00 5.032315E+01 -8.148167E+01
    endloop
  endfacet
  facet normal 0.000000E+00 0.000000E+00 1.000000E+00
    outer loop
      vertex -3.111500E+01 3.705798E+01 -8.148167E+01
      vertex -4.562547E+00 5.032315E+01 -8.148167E+01
      vertex -4.398213E+00 5.056123E+01 -8.148167E+01
    endloop
  endfacet
  facet normal 0.000000E+00 0.000000E+00 1.000000E+00
    outer loop
      vertex -3.838080E+01 3.494410E+01 -8.148167E+01
      vertex -3.836000E+01 3.485298E+01 -8.148167E+01
      vertex -3.836526E+01 3.489971E+01 -8.148167E+01
    endloop
  endfacet
  facet normal 0.000000E+00 0.000000E+00 1.000000E+00
    outer loop
      vertex -3.847889E+01 3.504219E+01 -8.148167E+01
      vertex -3.840582E+01 3.498392E+01 -8.148167E+01
      vertex -3.843907E+01 3.501717E+01 -8.148167E+01
    endloop
  endfacet
  facet normal 0.000000E+00 0.000000E+00 1.000000E+00
    outer loop
      vertex -3.852327E+01 3.505772E+01 -8.148167E+01
      vertex -3.840582E+01 3.498392E+01 -8.148167E+01
      vertex -3.847889E+01 3.504219E+01 -8.148167E+01
    endloop
  endfacet
  facet normal 0.000000E+00 0.000000E+00 1.000000E+00
    outer loop
      vertex -3.857000E+01 3.506298E+01 -8.148167E+01
      vertex -3.838080E+01 3.494410E+01 -8.148167E+01
      vertex -3.840582E+01 3.498392E+01 -8.148167E+01
    endloop
  endfacet
  facet normal 0.000000E+00 0.000000E+00 1.000000E+00
    outer loop
      vertex -3.857000E+01 3.506298E+01 -8.148167E+01
      vertex -3.836000E+01 3.485298E+01 -8.148167E+01
      vertex -3.838080E+01 3.494410E+01 -8.148167E+01
    endloop
  endfacet
  facet normal 0.000000E+00 0.000000E+00 1.000000E+00
    outer loop
      vertex -3.857000E+01 3.506298E+01 -8.148167E+01
      vertex -3.840582E+01 3.498392E+01 -8.148167E+01
      vertex -3.852327E+01 3.505772E+01 -8.148167E+01
    endloop
  endfacet
  facet normal -0.000000E+00 0.000000E+00 1.000000E+00
    outer loop
      vertex -3.878000E+01 3.506298E+01 -8.148167E+01
      vertex -3.836000E+01 3.485298E+01 -8.148167E+01
      vertex -3.857000E+01 3.506298E+01 -8.148167E+01
    endloop
  endfacet
  facet normal 0.000000E+00 0.000000E+00 1.000000E+00
    outer loop
      vertex -3.882673E+01 3.506825E+01 -8.148167E+01
      vertex -3.836000E+01 3.327798E+01 -8.148167E+01
      vertex -3.836000E+01 3.485298E+01 -8.148167E+01
    endloop
  endfacet
  facet normal 0.000000E+00 0.000000E+00 1.000000E+00
    outer loop
      vertex -3.882673E+01 3.506825E+01 -8.148167E+01
      vertex -3.836000E+01 3.485298E+01 -8.148167E+01
      vertex -3.878000E+01 3.506298E+01 -8.148167E+01
    endloop
  endfacet
  facet normal 0.000000E+00 0.000000E+00 1.000000E+00
    outer loop
      vertex -3.887112E+01 3.508378E+01 -8.148167E+01
      vertex -3.836000E+01 3.327798E+01 -8.148167E+01
      vertex -3.882673E+01 3.506825E+01 -8.148167E+01
    endloop
  endfacet
  facet normal 0.000000E+00 0.000000E+00 1.000000E+00
    outer loop
      vertex -3.891093E+01 3.510880E+01 -8.148167E+01
      vertex -3.836000E+01 3.327798E+01 -8.148167E+01
      vertex -3.887112E+01 3.508378E+01 -8.148167E+01
    endloop
  endfacet
  facet normal 0.000000E+00 0.000000E+00 1.000000E+00
    outer loop
      vertex -3.894418E+01 3.514205E+01 -8.148167E+01
      vertex -3.836000E+01 3.327798E+01 -8.148167E+01
      vertex -3.891093E+01 3.510880E+01 -8.148167E+01
    endloop
  endfacet
  facet normal 0.000000E+00 0.000000E+00 1.000000E+00
    outer loop
      vertex -3.896920E+01 3.518187E+01 -8.148167E+01
      vertex -3.835737E+01 3.325462E+01 -8.148167E+01
      vertex -3.836000E+01 3.327798E+01 -8.148167E+01
    endloop
  endfacet
  facet normal 0.000000E+00 0.000000E+00 1.000000E+00
    outer loop
      vertex -3.896920E+01 3.518187E+01 -8.148167E+01
      vertex -3.836000E+01 3.327798E+01 -8.148167E+01
      vertex -3.894418E+01 3.514205E+01 -8.148167E+01
    endloop
  endfacet
  facet normal 0.000000E+00 7.071042E-01 7.071093E-01
    outer loop
      vertex 1.693793E-14 1.776548E+01 -7.628167E+01
      vertex -7.000000E+01 1.776548E+01 -7.628167E+01
      vertex -7.000000E+01 1.696548E+01 -7.548167E+01
    endloop
  endfacet
  facet normal 0.000000E+00 7.071042E-01 7.071093E-01
    outer loop
      vertex 1.693793E-14 1.776548E+01 -7.628167E+01
      vertex -7.000000E+01 1.696548E+01 -7.548167E+01
      vertex 1.676030E-14 1.696548E+01 -7.548167E+01
    endloop
  endfacet
  facet normal 0.000000E+00 0.000000E+00 1.000000E+00
    outer loop
      vertex -7.000000E+01 1.696548E+01 -7.548167E+01
      vertex -7.000000E+01 1.476548E+01 -7.548167E+01
      vertex 1.676030E-14 1.476548E+01 -7.548167E+01
    endloop
  endfacet
  facet normal -0.000000E+00 0.000000E+00 1.000000E+00
    outer loop
      vertex -7.000000E+01 1.696548E+01 -7.548167E+01
      vertex 1.676030E-14 1.476548E+01 -7.548167E+01
      vertex 1.676030E-14 1.696548E+01 -7.548167E+01
    endloop
  endfacet
  facet normal 8.660257E-01 0.000000E+00 -4.999996E-01
    outer loop
      vertex -6.124130E+01 1.776548E+01 -7.633167E+01
      vertex -6.248260E+01 1.636548E+01 -7.848167E+01
      vertex -6.248260E+01 1.776548E+01 -7.848167E+01
    endloop
  endfacet
  facet normal 8.660257E-01 0.000000E+00 -4.999996E-01
    outer loop
      vertex -6.124130E+01 1.636548E+01 -7.633167E+01
      vertex -6.248260E+01 1.636548E+01 -7.848167E+01
      vertex -6.124130E+01 1.776548E+01 -7.633167E+01
    endloop
  endfacet
  facet normal -0.000000E+00 0.000000E+00 -1.000000E+00
    outer loop
      vertex -5.875870E+01 1.776548E+01 -7.633167E+01
      vertex -6.124130E+01 1.636548E+01 -7.633167E+01
      vertex -6.124130E+01 1.776548E+01 -7.633167E+01
    endloop
  endfacet
  facet normal 0.000000E+00 0.000000E+00 -1.000000E+00
    outer loop
      vertex -5.875870E+01 1.636548E+01 -7.633167E+01
      vertex -6.124130E+01 1.636548E+01 -7.633167E+01
      vertex -5.875870E+01 1.776548E+01 -7.633167E+01
    endloop
  endfacet
  facet normal -8.660257E-01 0.000000E+00 -4.999996E-01
    outer loop
      vertex -5.751740E+01 1.776548E+01 -7.848167E+01
      vertex -5.875870E+01 1.636548E+01 -7.633167E+01
      vertex -5.875870E+01 1.776548E+01 -7.633167E+01
    endloop
  endfacet
  facet normal -8.660257E-01 0.000000E+00 -4.999996E-01
    outer loop
      vertex -5.751740E+01 1.636548E+01 -7.848167E+01
      vertex -5.875870E+01 1.636548E+01 -7.633167E+01
      vertex -5.751740E+01 1.776548E+01 -7.848167E+01
    endloop
  endfacet
  facet normal -8.660257E-01 0.000000E+00 4.999996E-01
    outer loop
      vertex -5.875870E+01 1.776548E+01 -8.063168E+01
      vertex -5.751740E+01 1.636548E+01 -7.848167E+01
      vertex -5.751740E+01 1.776548E+01 -7.848167E+01
    endloop
  endfacet
  facet normal -8.660257E-01 0.000000E+00 4.999996E-01
    outer loop
      vertex -5.875870E+01 1.636548E+01 -8.063168E+01
      vertex -5.751740E+01 1.636548E+01 -7.848167E+01
      vertex -5.875870E+01 1.776548E+01 -8.063168E+01
    endloop
  endfacet
  facet normal -0.000000E+00 0.000000E+00 1.000000E+00
    outer loop
      vertex -6.124130E+01 1.776548E+01 -8.063168E+01
      vertex -5.875870E+01 1.636548E+01 -8.063168E+01
      vertex -5.875870E+01 1.776548E+01 -8.063168E+01
    endloop
  endfacet
  facet normal 0.000000E+00 0.000000E+00 1.000000E+00
    outer loop
      vertex -6.124130E+01 1.636548E+01 -8.063168E+01
      vertex -5.875870E+01 1.636548E+01 -8.063168E+01
      vertex -6.124130E+01 1.776548E+01 -8.063168E+01
    endloop
  endfacet
  facet normal 8.660257E-01 0.000000E+00 4.999996E-01
    outer loop
      vertex -6.248260E+01 1.776548E+01 -7.848167E+01
      vertex -6.124130E+01 1.636548E+01 -8.063168E+01
      vertex -6.124130E+01 1.776548E+01 -8.063168E+01
    endloop
  endfacet
  facet normal 8.660257E-01 -0.000000E+00 4.999996E-01
    outer loop
      vertex -6.248260E+01 1.636548E+01 -7.848167E+01
      vertex -6.124130E+01 1.636548E+01 -8.063168E+01
      vertex -6.248260E+01 1.776548E+01 -7.848167E+01
    endloop
  endfacet
  facet normal -0.000000E+00 1.000000E+00 0.000000E+00
    outer loop
      vertex -5.900224E+01 1.636548E+01 -7.914836E+01
      vertex -5.751740E+01 1.636548E+01 -7.848167E+01
      vertex -5.875870E+01 1.636548E+01 -8.063168E+01
    endloop
  endfacet
  facet normal 0.000000E+00 1.000000E+00 0.000000E+00
    outer loop
      vertex -5.900224E+01 1.636548E+01 -7.914836E+01
      vertex -5.875870E+01 1.636548E+01 -8.063168E+01
      vertex -5.915147E+01 1.636548E+01 -7.933020E+01
    endloop
  endfacet
  facet normal -0.000000E+00 1.000000E+00 0.000000E+00
    outer loop
      vertex -5.937300E+01 1.636548E+01 -7.950484E+01
      vertex -5.915147E+01 1.636548E+01 -7.933020E+01
      vertex -5.875870E+01 1.636548E+01 -8.063168E+01
    endloop
  endfacet
  facet normal 0.000000E+00 1.000000E+00 0.000000E+00
    outer loop
      vertex -6.248260E+01 1.636548E+01 -7.848167E+01
      vertex -6.116684E+01 1.636548E+01 -7.876181E+01
      vertex -6.106921E+01 1.636548E+01 -7.902646E+01
    endloop
  endfacet
  facet normal -0.000000E+00 1.000000E+00 0.000000E+00
    outer loop
      vertex -6.248260E+01 1.636548E+01 -7.848167E+01
      vertex -6.120000E+01 1.636548E+01 -7.848167E+01
      vertex -6.116684E+01 1.636548E+01 -7.876181E+01
    endloop
  endfacet
  facet normal -0.000000E+00 1.000000E+00 0.000000E+00
    outer loop
      vertex -5.889135E+01 1.636548E+01 -7.894090E+01
      vertex -5.751740E+01 1.636548E+01 -7.848167E+01
      vertex -5.900224E+01 1.636548E+01 -7.914836E+01
    endloop
  endfacet
  facet normal 0.000000E+00 1.000000E+00 0.000000E+00
    outer loop
      vertex -6.248260E+01 1.636548E+01 -7.848167E+01
      vertex -6.116513E+01 1.636548E+01 -7.819450E+01
      vertex -6.120000E+01 1.636548E+01 -7.848167E+01
    endloop
  endfacet
  facet normal 0.000000E+00 1.000000E+00 0.000000E+00
    outer loop
      vertex -6.248260E+01 1.636548E+01 -7.848167E+01
      vertex -6.106255E+01 1.636548E+01 -7.792400E+01
      vertex -6.116513E+01 1.636548E+01 -7.819450E+01
    endloop
  endfacet
  facet normal 0.000000E+00 1.000000E+00 0.000000E+00
    outer loop
      vertex -6.248260E+01 1.636548E+01 -7.848167E+01
      vertex -6.106921E+01 1.636548E+01 -7.902646E+01
      vertex -6.124130E+01 1.636548E+01 -8.063168E+01
    endloop
  endfacet
  facet normal -0.000000E+00 1.000000E+00 0.000000E+00
    outer loop
      vertex -5.962918E+01 1.636548E+01 -7.962294E+01
      vertex -5.937300E+01 1.636548E+01 -7.950484E+01
      vertex -5.875870E+01 1.636548E+01 -8.063168E+01
    endloop
  endfacet
  facet normal 0.000000E+00 1.000000E+00 0.000000E+00
    outer loop
      vertex -6.124130E+01 1.636548E+01 -7.633167E+01
      vertex -6.089821E+01 1.636548E+01 -7.768593E+01
      vertex -6.106255E+01 1.636548E+01 -7.792400E+01
    endloop
  endfacet
  facet normal 0.000000E+00 1.000000E+00 0.000000E+00
    outer loop
      vertex -6.124130E+01 1.636548E+01 -7.633167E+01
      vertex -6.068168E+01 1.636548E+01 -7.749409E+01
      vertex -6.089821E+01 1.636548E+01 -7.768593E+01
    endloop
  endfacet
  facet normal 0.000000E+00 1.000000E+00 0.000000E+00
    outer loop
      vertex -6.124130E+01 1.636548E+01 -7.633167E+01
      vertex -6.042553E+01 1.636548E+01 -7.735966E+01
      vertex -6.068168E+01 1.636548E+01 -7.749409E+01
    endloop
  endfacet
  facet normal 0.000000E+00 1.000000E+00 0.000000E+00
    outer loop
      vertex -6.124130E+01 1.636548E+01 -7.633167E+01
      vertex -6.014465E+01 1.636548E+01 -7.729042E+01
      vertex -6.042553E+01 1.636548E+01 -7.735966E+01
    endloop
  endfacet
  facet normal -0.000000E+00 1.000000E+00 0.000000E+00
    outer loop
      vertex -5.882306E+01 1.636548E+01 -7.871578E+01
      vertex -5.751740E+01 1.636548E+01 -7.848167E+01
      vertex -5.889135E+01 1.636548E+01 -7.894090E+01
    endloop
  endfacet
  facet normal 0.000000E+00 1.000000E+00 0.000000E+00
    outer loop
      vertex -6.124130E+01 1.636548E+01 -7.633167E+01
      vertex -6.106255E+01 1.636548E+01 -7.792400E+01
      vertex -6.248260E+01 1.636548E+01 -7.848167E+01
    endloop
  endfacet
  facet normal -0.000000E+00 1.000000E+00 0.000000E+00
    outer loop
      vertex -6.124130E+01 1.636548E+01 -7.633167E+01
      vertex -5.875870E+01 1.636548E+01 -7.633167E+01
      vertex -6.014465E+01 1.636548E+01 -7.729042E+01
    endloop
  endfacet
  facet normal -0.000000E+00 1.000000E+00 0.000000E+00
    outer loop
      vertex -5.990585E+01 1.636548E+01 -7.967797E+01
      vertex -5.962918E+01 1.636548E+01 -7.962294E+01
      vertex -5.875870E+01 1.636548E+01 -8.063168E+01
    endloop
  endfacet
  facet normal -0.000000E+00 1.000000E+00 0.000000E+00
    outer loop
      vertex -5.880000E+01 1.636548E+01 -7.848167E+01
      vertex -5.751740E+01 1.636548E+01 -7.848167E+01
      vertex -5.882306E+01 1.636548E+01 -7.871578E+01
    endloop
  endfacet
  facet normal 0.000000E+00 1.000000E+00 0.000000E+00
    outer loop
      vertex -6.124130E+01 1.636548E+01 -8.063168E+01
      vertex -6.018772E+01 1.636548E+01 -7.966690E+01
      vertex -5.990585E+01 1.636548E+01 -7.967797E+01
    endloop
  endfacet
  facet normal 0.000000E+00 1.000000E+00 0.000000E+00
    outer loop
      vertex -6.124130E+01 1.636548E+01 -8.063168E+01
      vertex -5.990585E+01 1.636548E+01 -7.967797E+01
      vertex -5.875870E+01 1.636548E+01 -8.063168E+01
    endloop
  endfacet
  facet normal 0.000000E+00 1.000000E+00 0.000000E+00
    outer loop
      vertex -5.883487E+01 1.636548E+01 -7.819450E+01
      vertex -5.751740E+01 1.636548E+01 -7.848167E+01
      vertex -5.880000E+01 1.636548E+01 -7.848167E+01
    endloop
  endfacet
  facet normal 0.000000E+00 1.000000E+00 0.000000E+00
    outer loop
      vertex -6.045922E+01 1.636548E+01 -7.959033E+01
      vertex -6.018772E+01 1.636548E+01 -7.966690E+01
      vertex -6.124130E+01 1.636548E+01 -8.063168E+01
    endloop
  endfacet
  facet normal 0.000000E+00 1.000000E+00 0.000000E+00
    outer loop
      vertex -5.893745E+01 1.636548E+01 -7.792400E+01
      vertex -5.751740E+01 1.636548E+01 -7.848167E+01
      vertex -5.883487E+01 1.636548E+01 -7.819450E+01
    endloop
  endfacet
  facet normal 0.000000E+00 1.000000E+00 0.000000E+00
    outer loop
      vertex -6.070534E+01 1.636548E+01 -7.945249E+01
      vertex -6.045922E+01 1.636548E+01 -7.959033E+01
      vertex -6.124130E+01 1.636548E+01 -8.063168E+01
    endloop
  endfacet
  facet normal 0.000000E+00 1.000000E+00 0.000000E+00
    outer loop
      vertex -6.091249E+01 1.636548E+01 -7.926101E+01
      vertex -6.070534E+01 1.636548E+01 -7.945249E+01
      vertex -6.124130E+01 1.636548E+01 -8.063168E+01
    endloop
  endfacet
  facet normal 0.000000E+00 1.000000E+00 0.000000E+00
    outer loop
      vertex -6.106921E+01 1.636548E+01 -7.902646E+01
      vertex -6.091249E+01 1.636548E+01 -7.926101E+01
      vertex -6.124130E+01 1.636548E+01 -8.063168E+01
    endloop
  endfacet
  facet normal 0.000000E+00 1.000000E+00 0.000000E+00
    outer loop
      vertex -5.875870E+01 1.636548E+01 -7.633167E+01
      vertex -5.931832E+01 1.636548E+01 -7.749409E+01
      vertex -5.957447E+01 1.636548E+01 -7.735966E+01
    endloop
  endfacet
  facet normal 0.000000E+00 1.000000E+00 0.000000E+00
    outer loop
      vertex -5.875870E+01 1.636548E+01 -7.633167E+01
      vertex -5.910179E+01 1.636548E+01 -7.768593E+01
      vertex -5.931832E+01 1.636548E+01 -7.749409E+01
    endloop
  endfacet
  facet normal 0.000000E+00 1.000000E+00 0.000000E+00
    outer loop
      vertex -5.875870E+01 1.636548E+01 -7.633167E+01
      vertex -5.893745E+01 1.636548E+01 -7.792400E+01
      vertex -5.910179E+01 1.636548E+01 -7.768593E+01
    endloop
  endfacet
  facet normal 0.000000E+00 1.000000E+00 0.000000E+00
    outer loop
      vertex -5.875870E+01 1.636548E+01 -7.633167E+01
      vertex -5.751740E+01 1.636548E+01 -7.848167E+01
      vertex -5.893745E+01 1.636548E+01 -7.792400E+01
    endloop
  endfacet
  facet normal -0.000000E+00 1.000000E+00 0.000000E+00
    outer loop
      vertex -5.985535E+01 1.636548E+01 -7.729042E+01
      vertex -5.875870E+01 1.636548E+01 -7.633167E+01
      vertex -5.957447E+01 1.636548E+01 -7.735966E+01
    endloop
  endfacet
  facet normal 0.000000E+00 1.000000E+00 0.000000E+00
    outer loop
      vertex -6.014465E+01 1.636548E+01 -7.729042E+01
      vertex -5.875870E+01 1.636548E+01 -7.633167E+01
      vertex -5.985535E+01 1.636548E+01 -7.729042E+01
    endloop
  endfacet
  facet normal 8.660257E-01 0.000000E+00 -4.999996E-01
    outer loop
      vertex -1.124130E+01 1.776548E+01 -7.633167E+01
      vertex -1.248261E+01 1.636548E+01 -7.848167E+01
      vertex -1.248261E+01 1.776548E+01 -7.848167E+01
    endloop
  endfacet
  facet normal 8.660257E-01 0.000000E+00 -4.999996E-01
    outer loop
      vertex -1.124130E+01 1.636548E+01 -7.633167E+01
      vertex -1.248261E+01 1.636548E+01 -7.848167E+01
      vertex -1.124130E+01 1.776548E+01 -7.633167E+01
    endloop
  endfacet
  facet normal -0.000000E+00 0.000000E+00 -1.000000E+00
    outer loop
      vertex -8.758697E+00 1.776548E+01 -7.633167E+01
      vertex -1.124130E+01 1.636548E+01 -7.633167E+01
      vertex -1.124130E+01 1.776548E+01 -7.633167E+01
    endloop
  endfacet
  facet normal 0.000000E+00 0.000000E+00 -1.000000E+00
    outer loop
      vertex -8.758697E+00 1.636548E+01 -7.633167E+01
      vertex -1.124130E+01 1.636548E+01 -7.633167E+01
      vertex -8.758697E+00 1.776548E+01 -7.633167E+01
    endloop
  endfacet
  facet normal -8.660257E-01 0.000000E+00 -4.999996E-01
    outer loop
      vertex -7.517394E+00 1.776548E+01 -7.848167E+01
      vertex -8.758697E+00 1.636548E+01 -7.633167E+01
      vertex -8.758697E+00 1.776548E+01 -7.633167E+01
    endloop
  endfacet
  facet normal -8.660257E-01 0.000000E+00 -4.999996E-01
    outer loop
      vertex -7.517394E+00 1.636548E+01 -7.848167E+01
      vertex -8.758697E+00 1.636548E+01 -7.633167E+01
      vertex -7.517394E+00 1.776548E+01 -7.848167E+01
    endloop
  endfacet
  facet normal -8.660257E-01 0.000000E+00 4.999996E-01
    outer loop
      vertex -8.758697E+00 1.776548E+01 -8.063168E+01
      vertex -7.517394E+00 1.636548E+01 -7.848167E+01
      vertex -7.517394E+00 1.776548E+01 -7.848167E+01
    endloop
  endfacet
  facet normal -8.660257E-01 0.000000E+00 4.999996E-01
    outer loop
      vertex -8.758697E+00 1.636548E+01 -8.063168E+01
      vertex -7.517394E+00 1.636548E+01 -7.848167E+01
      vertex -8.758697E+00 1.776548E+01 -8.063168E+01
    endloop
  endfacet
  facet normal -0.000000E+00 0.000000E+00 1.000000E+00
    outer loop
      vertex -1.124130E+01 1.776548E+01 -8.063168E+01
      vertex -8.758697E+00 1.636548E+01 -8.063168E+01
      vertex -8.758697E+00 1.776548E+01 -8.063168E+01
    endloop
  endfacet
  facet normal 0.000000E+00 0.000000E+00 1.000000E+00
    outer loop
      vertex -1.124130E+01 1.636548E+01 -8.063168E+01
      vertex -8.758697E+00 1.636548E+01 -8.063168E+01
      vertex -1.124130E+01 1.776548E+01 -8.063168E+01
    endloop
  endfacet
  facet normal 8.660257E-01 0.000000E+00 4.999996E-01
    outer loop
      vertex -1.248261E+01 1.776548E+01 -7.848167E+01
      vertex -1.124130E+01 1.636548E+01 -8.063168E+01
      vertex -1.124130E+01 1.776548E+01 -8.063168E+01
    endloop
  endfacet
  facet normal 8.660257E-01 -0.000000E+00 4.999996E-01
    outer loop
      vertex -1.248261E+01 1.636548E+01 -7.848167E+01
      vertex -1.124130E+01 1.636548E+01 -8.063168E+01
      vertex -1.248261E+01 1.776548E+01 -7.848167E+01
    endloop
  endfacet
  facet normal 0.000000E+00 1.000000E+00 0.000000E+00
    outer loop
      vertex -1.248261E+01 1.636548E+01 -7.848167E+01
      vertex -1.114313E+01 1.636548E+01 -7.884671E+01
      vertex -1.107331E+01 1.636548E+01 -7.901833E+01
    endloop
  endfacet
  facet normal 0.000000E+00 1.000000E+00 0.000000E+00
    outer loop
      vertex -1.248261E+01 1.636548E+01 -7.848167E+01
      vertex -1.118570E+01 1.636548E+01 -7.866640E+01
      vertex -1.114313E+01 1.636548E+01 -7.884671E+01
    endloop
  endfacet
  facet normal -0.000000E+00 1.000000E+00 0.000000E+00
    outer loop
      vertex -1.248261E+01 1.636548E+01 -7.848167E+01
      vertex -1.120000E+01 1.636548E+01 -7.848167E+01
      vertex -1.118570E+01 1.636548E+01 -7.866640E+01
    endloop
  endfacet
  facet normal 0.000000E+00 1.000000E+00 0.000000E+00
    outer loop
      vertex -1.248261E+01 1.636548E+01 -7.848167E+01
      vertex -1.116513E+01 1.636548E+01 -7.819450E+01
      vertex -1.120000E+01 1.636548E+01 -7.848167E+01
    endloop
  endfacet
  facet normal 0.000000E+00 1.000000E+00 0.000000E+00
    outer loop
      vertex -1.248261E+01 1.636548E+01 -7.848167E+01
      vertex -1.106255E+01 1.636548E+01 -7.792400E+01
      vertex -1.116513E+01 1.636548E+01 -7.819450E+01
    endloop
  endfacet
  facet normal 0.000000E+00 1.000000E+00 0.000000E+00
    outer loop
      vertex -1.248261E+01 1.636548E+01 -7.848167E+01
      vertex -1.107331E+01 1.636548E+01 -7.901833E+01
      vertex -1.124130E+01 1.636548E+01 -8.063168E+01
    endloop
  endfacet
  facet normal 0.000000E+00 1.000000E+00 0.000000E+00
    outer loop
      vertex -1.124130E+01 1.636548E+01 -7.633167E+01
      vertex -1.089821E+01 1.636548E+01 -7.768593E+01
      vertex -1.106255E+01 1.636548E+01 -7.792400E+01
    endloop
  endfacet
  facet normal 0.000000E+00 1.000000E+00 0.000000E+00
    outer loop
      vertex -1.124130E+01 1.636548E+01 -7.633167E+01
      vertex -1.068168E+01 1.636548E+01 -7.749409E+01
      vertex -1.089821E+01 1.636548E+01 -7.768593E+01
    endloop
  endfacet
  facet normal 0.000000E+00 1.000000E+00 0.000000E+00
    outer loop
      vertex -1.124130E+01 1.636548E+01 -7.633167E+01
      vertex -1.042553E+01 1.636548E+01 -7.735966E+01
      vertex -1.068168E+01 1.636548E+01 -7.749409E+01
    endloop
  endfacet
  facet normal 0.000000E+00 1.000000E+00 0.000000E+00
    outer loop
      vertex -1.124130E+01 1.636548E+01 -7.633167E+01
      vertex -1.014464E+01 1.636548E+01 -7.729042E+01
      vertex -1.042553E+01 1.636548E+01 -7.735966E+01
    endloop
  endfacet
  facet normal -0.000000E+00 1.000000E+00 0.000000E+00
    outer loop
      vertex -9.325405E+00 1.636548E+01 -7.947411E+01
      vertex -9.106070E+00 1.636548E+01 -7.928223E+01
      vertex -8.758697E+00 1.636548E+01 -8.063168E+01
    endloop
  endfacet
  facet normal 0.000000E+00 1.000000E+00 0.000000E+00
    outer loop
      vertex -1.124130E+01 1.636548E+01 -7.633167E+01
      vertex -1.106255E+01 1.636548E+01 -7.792400E+01
      vertex -1.248261E+01 1.636548E+01 -7.848167E+01
    endloop
  endfacet
  facet normal -0.000000E+00 1.000000E+00 0.000000E+00
    outer loop
      vertex -1.124130E+01 1.636548E+01 -7.633167E+01
      vertex -8.758697E+00 1.636548E+01 -7.633167E+01
      vertex -1.014464E+01 1.636548E+01 -7.729042E+01
    endloop
  endfacet
  facet normal -0.000000E+00 1.000000E+00 0.000000E+00
    outer loop
      vertex -8.939454E+00 1.636548E+01 -7.904314E+01
      vertex -7.517394E+00 1.636548E+01 -7.848167E+01
      vertex -8.758697E+00 1.636548E+01 -8.063168E+01
    endloop
  endfacet
  facet normal 0.000000E+00 1.000000E+00 0.000000E+00
    outer loop
      vertex -8.939454E+00 1.636548E+01 -7.904314E+01
      vertex -8.758697E+00 1.636548E+01 -8.063168E+01
      vertex -9.106070E+00 1.636548E+01 -7.928223E+01
    endloop
  endfacet
  facet normal -0.000000E+00 1.000000E+00 0.000000E+00
    outer loop
      vertex -9.584525E+00 1.636548E+01 -7.960745E+01
      vertex -9.325405E+00 1.636548E+01 -7.947411E+01
      vertex -8.758697E+00 1.636548E+01 -8.063168E+01
    endloop
  endfacet
  facet normal -0.000000E+00 1.000000E+00 0.000000E+00
    outer loop
      vertex -8.835385E+00 1.636548E+01 -7.877094E+01
      vertex -7.517394E+00 1.636548E+01 -7.848167E+01
      vertex -8.939454E+00 1.636548E+01 -7.904314E+01
    endloop
  endfacet
  facet normal -0.000000E+00 1.000000E+00 0.000000E+00
    outer loop
      vertex -9.868148E+00 1.636548E+01 -7.967441E+01
      vertex -9.584525E+00 1.636548E+01 -7.960745E+01
      vertex -8.758697E+00 1.636548E+01 -8.063168E+01
    endloop
  endfacet
  facet normal -0.000000E+00 1.000000E+00 0.000000E+00
    outer loop
      vertex -8.800000E+00 1.636548E+01 -7.848167E+01
      vertex -7.517394E+00 1.636548E+01 -7.848167E+01
      vertex -8.835385E+00 1.636548E+01 -7.877094E+01
    endloop
  endfacet
  facet normal 0.000000E+00 1.000000E+00 0.000000E+00
    outer loop
      vertex -1.124130E+01 1.636548E+01 -8.063168E+01
      vertex -1.015955E+01 1.636548E+01 -7.967102E+01
      vertex -9.868148E+00 1.636548E+01 -7.967441E+01
    endloop
  endfacet
  facet normal 0.000000E+00 1.000000E+00 0.000000E+00
    outer loop
      vertex -1.124130E+01 1.636548E+01 -8.063168E+01
      vertex -9.868148E+00 1.636548E+01 -7.967441E+01
      vertex -8.758697E+00 1.636548E+01 -8.063168E+01
    endloop
  endfacet
  facet normal 0.000000E+00 1.000000E+00 0.000000E+00
    outer loop
      vertex -8.834869E+00 1.636548E+01 -7.819450E+01
      vertex -7.517394E+00 1.636548E+01 -7.848167E+01
      vertex -8.800000E+00 1.636548E+01 -7.848167E+01
    endloop
  endfacet
  facet normal 0.000000E+00 1.000000E+00 0.000000E+00
    outer loop
      vertex -1.044154E+01 1.636548E+01 -7.959749E+01
      vertex -1.015955E+01 1.636548E+01 -7.967102E+01
      vertex -1.124130E+01 1.636548E+01 -8.063168E+01
    endloop
  endfacet
  facet normal 0.000000E+00 1.000000E+00 0.000000E+00
    outer loop
      vertex -8.937452E+00 1.636548E+01 -7.792400E+01
      vertex -7.517394E+00 1.636548E+01 -7.848167E+01
      vertex -8.834869E+00 1.636548E+01 -7.819450E+01
    endloop
  endfacet
  facet normal 0.000000E+00 1.000000E+00 0.000000E+00
    outer loop
      vertex -1.069749E+01 1.636548E+01 -7.945815E+01
      vertex -1.044154E+01 1.636548E+01 -7.959749E+01
      vertex -1.124130E+01 1.636548E+01 -8.063168E+01
    endloop
  endfacet
  facet normal 0.000000E+00 1.000000E+00 0.000000E+00
    outer loop
      vertex -1.091230E+01 1.636548E+01 -7.926123E+01
      vertex -1.069749E+01 1.636548E+01 -7.945815E+01
      vertex -1.124130E+01 1.636548E+01 -8.063168E+01
    endloop
  endfacet
  facet normal 0.000000E+00 1.000000E+00 0.000000E+00
    outer loop
      vertex -1.107331E+01 1.636548E+01 -7.901833E+01
      vertex -1.091230E+01 1.636548E+01 -7.926123E+01
      vertex -1.124130E+01 1.636548E+01 -8.063168E+01
    endloop
  endfacet
  facet normal 0.000000E+00 1.000000E+00 0.000000E+00
    outer loop
      vertex -8.758697E+00 1.636548E+01 -7.633167E+01
      vertex -9.318322E+00 1.636548E+01 -7.749409E+01
      vertex -9.574474E+00 1.636548E+01 -7.735966E+01
    endloop
  endfacet
  facet normal 0.000000E+00 1.000000E+00 0.000000E+00
    outer loop
      vertex -8.758697E+00 1.636548E+01 -7.633167E+01
      vertex -9.101788E+00 1.636548E+01 -7.768593E+01
      vertex -9.318322E+00 1.636548E+01 -7.749409E+01
    endloop
  endfacet
  facet normal 0.000000E+00 1.000000E+00 0.000000E+00
    outer loop
      vertex -8.758697E+00 1.636548E+01 -7.633167E+01
      vertex -8.937452E+00 1.636548E+01 -7.792400E+01
      vertex -9.101788E+00 1.636548E+01 -7.768593E+01
    endloop
  endfacet
  facet normal 0.000000E+00 1.000000E+00 0.000000E+00
    outer loop
      vertex -8.758697E+00 1.636548E+01 -7.633167E+01
      vertex -7.517394E+00 1.636548E+01 -7.848167E+01
      vertex -8.937452E+00 1.636548E+01 -7.792400E+01
    endloop
  endfacet
  facet normal -0.000000E+00 1.000000E+00 0.000000E+00
    outer loop
      vertex -9.855356E+00 1.636548E+01 -7.729042E+01
      vertex -8.758697E+00 1.636548E+01 -7.633167E+01
      vertex -9.574474E+00 1.636548E+01 -7.735966E+01
    endloop
  endfacet
  facet normal 0.000000E+00 1.000000E+00 0.000000E+00
    outer loop
      vertex -1.014464E+01 1.636548E+01 -7.729042E+01
      vertex -8.758697E+00 1.636548E+01 -7.633167E+01
      vertex -9.855356E+00 1.636548E+01 -7.729042E+01
    endloop
  endfacet
  facet normal -0.000000E+00 1.000000E+00 0.000000E+00
    outer loop
      vertex -7.517394E+00 1.776548E+01 -7.848167E+01
      vertex 1.693793E-14 1.776548E+01 -7.628167E+01
      vertex 1.809257E-14 1.776548E+01 -8.148167E+01
    endloop
  endfacet
  facet normal 0.000000E+00 1.000000E+00 -0.000000E+00
    outer loop
      vertex -7.517394E+00 1.776548E+01 -7.848167E+01
      vertex -8.758697E+00 1.776548E+01 -7.633167E+01
      vertex 1.693793E-14 1.776548E+01 -7.628167E+01
    endloop
  endfacet
  facet normal -0.000000E+00 1.000000E+00 0.000000E+00
    outer loop
      vertex -8.758697E+00 1.776548E+01 -8.063168E+01
      vertex -7.517394E+00 1.776548E+01 -7.848167E+01
      vertex 1.809257E-14 1.776548E+01 -8.148167E+01
    endloop
  endfacet
  facet normal -0.000000E+00 1.000000E+00 0.000000E+00
    outer loop
      vertex -5.875870E+01 1.776548E+01 -7.633167E+01
      vertex -1.124130E+01 1.776548E+01 -7.633167E+01
      vertex -1.248261E+01 1.776548E+01 -7.848167E+01
    endloop
  endfacet
  facet normal 0.000000E+00 1.000000E+00 -0.000000E+00
    outer loop
      vertex -5.751740E+01 1.776548E+01 -7.848167E+01
      vertex -5.875870E+01 1.776548E+01 -7.633167E+01
      vertex -1.248261E+01 1.776548E+01 -7.848167E+01
    endloop
  endfacet
  facet normal 0.000000E+00 1.000000E+00 0.000000E+00
    outer loop
      vertex -5.875870E+01 1.776548E+01 -8.063168E+01
      vertex -1.248261E+01 1.776548E+01 -7.848167E+01
      vertex -1.124130E+01 1.776548E+01 -8.063168E+01
    endloop
  endfacet
  facet normal 0.000000E+00 1.000000E+00 0.000000E+00
    outer loop
      vertex -5.875870E+01 1.776548E+01 -8.063168E+01
      vertex -5.751740E+01 1.776548E+01 -7.848167E+01
      vertex -1.248261E+01 1.776548E+01 -7.848167E+01
    endloop
  endfacet
  facet normal 0.000000E+00 1.000000E+00 0.000000E+00
    outer loop
      vertex -7.000000E+01 1.776548E+01 -7.628167E+01
      vertex -6.124130E+01 1.776548E+01 -7.633167E+01
      vertex -6.248260E+01 1.776548E+01 -7.848167E+01
    endloop
  endfacet
  facet normal 0.000000E+00 1.000000E+00 0.000000E+00
    outer loop
      vertex -7.000000E+01 1.776548E+01 -8.148167E+01
      vertex -6.248260E+01 1.776548E+01 -7.848167E+01
      vertex -6.124130E+01 1.776548E+01 -8.063168E+01
    endloop
  endfacet
  facet normal 0.000000E+00 1.000000E+00 0.000000E+00
    outer loop
      vertex -7.000000E+01 1.776548E+01 -8.148167E+01
      vertex -6.124130E+01 1.776548E+01 -8.063168E+01
      vertex -5.875870E+01 1.776548E+01 -8.063168E+01
    endloop
  endfacet
  facet normal 0.000000E+00 1.000000E+00 0.000000E+00
    outer loop
      vertex -7.000000E+01 1.776548E+01 -8.148167E+01
      vertex -7.000000E+01 1.776548E+01 -7.628167E+01
      vertex -6.248260E+01 1.776548E+01 -7.848167E+01
    endloop
  endfacet
  facet normal -0.000000E+00 1.000000E+00 0.000000E+00
    outer loop
      vertex -7.000000E+01 1.776548E+01 -7.628167E+01
      vertex 1.693793E-14 1.776548E+01 -7.628167E+01
      vertex -8.758697E+00 1.776548E+01 -7.633167E+01
    endloop
  endfacet
  facet normal 0.000000E+00 1.000000E+00 0.000000E+00
    outer loop
      vertex -7.000000E+01 1.776548E+01 -7.628167E+01
      vertex -8.758697E+00 1.776548E+01 -7.633167E+01
      vertex -1.124130E+01 1.776548E+01 -7.633167E+01
    endloop
  endfacet
  facet normal 0.000000E+00 1.000000E+00 0.000000E+00
    outer loop
      vertex -7.000000E+01 1.776548E+01 -7.628167E+01
      vertex -1.124130E+01 1.776548E+01 -7.633167E+01
      vertex -5.875870E+01 1.776548E+01 -7.633167E+01
    endloop
  endfacet
  facet normal 0.000000E+00 1.000000E+00 0.000000E+00
    outer loop
      vertex -7.000000E+01 1.776548E+01 -7.628167E+01
      vertex -5.875870E+01 1.776548E+01 -7.633167E+01
      vertex -6.124130E+01 1.776548E+01 -7.633167E+01
    endloop
  endfacet
  facet normal 0.000000E+00 1.000000E+00 0.000000E+00
    outer loop
      vertex 1.809257E-14 1.776548E+01 -8.148167E+01
      vertex -7.000000E+01 1.776548E+01 -8.148167E+01
      vertex -5.875870E+01 1.776548E+01 -8.063168E+01
    endloop
  endfacet
  facet normal 0.000000E+00 1.000000E+00 0.000000E+00
    outer loop
      vertex 1.809257E-14 1.776548E+01 -8.148167E+01
      vertex -5.875870E+01 1.776548E+01 -8.063168E+01
      vertex -1.124130E+01 1.776548E+01 -8.063168E+01
    endloop
  endfacet
  facet normal 0.000000E+00 1.000000E+00 0.000000E+00
    outer loop
      vertex 1.809257E-14 1.776548E+01 -8.148167E+01
      vertex -1.124130E+01 1.776548E+01 -8.063168E+01
      vertex -8.758697E+00 1.776548E+01 -8.063168E+01
    endloop
  endfacet
  facet normal -9.927087E-01 0.000000E+00 -1.205381E-01
    outer loop
      vertex -5.880000E+01 1.476548E+01 -7.848167E+01
      vertex -5.883487E+01 1.476548E+01 -7.819450E+01
      vertex -5.880000E+01 1.636548E+01 -7.848167E+01
    endloop
  endfacet
  facet normal -9.927087E-01 0.000000E+00 -1.205381E-01
    outer loop
      vertex -5.880000E+01 1.636548E+01 -7.848167E+01
      vertex -5.883487E+01 1.476548E+01 -7.819450E+01
      vertex -5.883487E+01 1.636548E+01 -7.819450E+01
    endloop
  endfacet
  facet normal -9.350157E-01 0.000000E+00 -3.546065E-01
    outer loop
      vertex -5.883487E+01 1.636548E+01 -7.819450E+01
      vertex -5.893745E+01 1.476548E+01 -7.792400E+01
      vertex -5.893745E+01 1.636548E+01 -7.792400E+01
    endloop
  endfacet
  facet normal -9.350157E-01 0.000000E+00 -3.546065E-01
    outer loop
      vertex -5.883487E+01 1.476548E+01 -7.819450E+01
      vertex -5.893745E+01 1.476548E+01 -7.792400E+01
      vertex -5.883487E+01 1.636548E+01 -7.819450E+01
    endloop
  endfacet
  facet normal -8.229809E-01 0.000000E+00 -5.680691E-01
    outer loop
      vertex -5.893745E+01 1.636548E+01 -7.792400E+01
      vertex -5.910179E+01 1.476548E+01 -7.768593E+01
      vertex -5.910179E+01 1.636548E+01 -7.768593E+01
    endloop
  endfacet
  facet normal -8.229809E-01 0.000000E+00 -5.680691E-01
    outer loop
      vertex -5.893745E+01 1.476548E+01 -7.792400E+01
      vertex -5.910179E+01 1.476548E+01 -7.768593E+01
      vertex -5.893745E+01 1.636548E+01 -7.792400E+01
    endloop
  endfacet
  facet normal -6.631254E-01 0.000000E+00 -7.485083E-01
    outer loop
      vertex -5.910179E+01 1.636548E+01 -7.768593E+01
      vertex -5.931832E+01 1.476548E+01 -7.749409E+01
      vertex -5.931832E+01 1.636548E+01 -7.749409E+01
    endloop
  endfacet
  facet normal -6.631254E-01 0.000000E+00 -7.485083E-01
    outer loop
      vertex -5.910179E+01 1.476548E+01 -7.768593E+01
      vertex -5.931832E+01 1.476548E+01 -7.749409E+01
      vertex -5.910179E+01 1.636548E+01 -7.768593E+01
    endloop
  endfacet
  facet normal -4.647179E-01 0.000000E+00 -8.854588E-01
    outer loop
      vertex -5.931832E+01 1.636548E+01 -7.749409E+01
      vertex -5.957447E+01 1.476548E+01 -7.735966E+01
      vertex -5.957447E+01 1.636548E+01 -7.735966E+01
    endloop
  endfacet
  facet normal -4.647179E-01 0.000000E+00 -8.854588E-01
    outer loop
      vertex -5.931832E+01 1.476548E+01 -7.749409E+01
      vertex -5.957447E+01 1.476548E+01 -7.735966E+01
      vertex -5.931832E+01 1.636548E+01 -7.749409E+01
    endloop
  endfacet
  facet normal -2.393354E-01 0.000000E+00 -9.709369E-01
    outer loop
      vertex -5.957447E+01 1.636548E+01 -7.735966E+01
      vertex -5.985535E+01 1.476548E+01 -7.729042E+01
      vertex -5.985535E+01 1.636548E+01 -7.729042E+01
    endloop
  endfacet
  facet normal -2.393354E-01 0.000000E+00 -9.709369E-01
    outer loop
      vertex -5.957447E+01 1.476548E+01 -7.735966E+01
      vertex -5.985535E+01 1.476548E+01 -7.729042E+01
      vertex -5.957447E+01 1.636548E+01 -7.735966E+01
    endloop
  endfacet
  facet normal -0.000000E+00 0.000000E+00 -1.000000E+00
    outer loop
      vertex -5.985535E+01 1.636548E+01 -7.729042E+01
      vertex -6.014465E+01 1.476548E+01 -7.729042E+01
      vertex -6.014465E+01 1.636548E+01 -7.729042E+01
    endloop
  endfacet
  facet normal 0.000000E+00 0.000000E+00 -1.000000E+00
    outer loop
      vertex -5.985535E+01 1.476548E+01 -7.729042E+01
      vertex -6.014465E+01 1.476548E+01 -7.729042E+01
      vertex -5.985535E+01 1.636548E+01 -7.729042E+01
    endloop
  endfacet
  facet normal 2.393354E-01 0.000000E+00 -9.709369E-01
    outer loop
      vertex -6.014465E+01 1.636548E+01 -7.729042E+01
      vertex -6.042553E+01 1.476548E+01 -7.735966E+01
      vertex -6.042553E+01 1.636548E+01 -7.735966E+01
    endloop
  endfacet
  facet normal 2.393354E-01 0.000000E+00 -9.709369E-01
    outer loop
      vertex -6.014465E+01 1.476548E+01 -7.729042E+01
      vertex -6.042553E+01 1.476548E+01 -7.735966E+01
      vertex -6.014465E+01 1.636548E+01 -7.729042E+01
    endloop
  endfacet
  facet normal 4.647179E-01 0.000000E+00 -8.854588E-01
    outer loop
      vertex -6.042553E+01 1.636548E+01 -7.735966E+01
      vertex -6.068168E+01 1.476548E+01 -7.749409E+01
      vertex -6.068168E+01 1.636548E+01 -7.749409E+01
    endloop
  endfacet
  facet normal 4.647179E-01 0.000000E+00 -8.854588E-01
    outer loop
      vertex -6.042553E+01 1.476548E+01 -7.735966E+01
      vertex -6.068168E+01 1.476548E+01 -7.749409E+01
      vertex -6.042553E+01 1.636548E+01 -7.735966E+01
    endloop
  endfacet
  facet normal 6.631254E-01 0.000000E+00 -7.485083E-01
    outer loop
      vertex -6.068168E+01 1.636548E+01 -7.749409E+01
      vertex -6.089821E+01 1.476548E+01 -7.768593E+01
      vertex -6.089821E+01 1.636548E+01 -7.768593E+01
    endloop
  endfacet
  facet normal 6.631254E-01 0.000000E+00 -7.485083E-01
    outer loop
      vertex -6.068168E+01 1.476548E+01 -7.749409E+01
      vertex -6.089821E+01 1.476548E+01 -7.768593E+01
      vertex -6.068168E+01 1.636548E+01 -7.749409E+01
    endloop
  endfacet
  facet normal 8.229809E-01 0.000000E+00 -5.680691E-01
    outer loop
      vertex -6.089821E+01 1.636548E+01 -7.768593E+01
      vertex -6.106255E+01 1.476548E+01 -7.792400E+01
      vertex -6.106255E+01 1.636548E+01 -7.792400E+01
    endloop
  endfacet
  facet normal 8.229809E-01 0.000000E+00 -5.680691E-01
    outer loop
      vertex -6.089821E+01 1.476548E+01 -7.768593E+01
      vertex -6.106255E+01 1.476548E+01 -7.792400E+01
      vertex -6.089821E+01 1.636548E+01 -7.768593E+01
    endloop
  endfacet
  facet normal 9.350157E-01 0.000000E+00 -3.546065E-01
    outer loop
      vertex -6.106255E+01 1.636548E+01 -7.792400E+01
      vertex -6.116513E+01 1.476548E+01 -7.819450E+01
      vertex -6.116513E+01 1.636548E+01 -7.819450E+01
    endloop
  endfacet
  facet normal 9.350157E-01 0.000000E+00 -3.546065E-01
    outer loop
      vertex -6.106255E+01 1.476548E+01 -7.792400E+01
      vertex -6.116513E+01 1.476548E+01 -7.819450E+01
      vertex -6.106255E+01 1.636548E+01 -7.792400E+01
    endloop
  endfacet
  facet normal 9.927087E-01 0.000000E+00 -1.205381E-01
    outer loop
      vertex -6.116513E+01 1.636548E+01 -7.819450E+01
      vertex -6.120000E+01 1.476548E+01 -7.848167E+01
      vertex -6.120000E+01 1.636548E+01 -7.848167E+01
    endloop
  endfacet
  facet normal 9.927087E-01 0.000000E+00 -1.205381E-01
    outer loop
      vertex -6.116513E+01 1.476548E+01 -7.819450E+01
      vertex -6.120000E+01 1.476548E+01 -7.848167E+01
      vertex -6.116513E+01 1.636548E+01 -7.819450E+01
    endloop
  endfacet
  facet normal -9.927091E-01 0.000000E+00 -1.205349E-01
    outer loop
      vertex -8.800000E+00 1.476548E+01 -7.848167E+01
      vertex -8.834869E+00 1.476548E+01 -7.819450E+01
      vertex -8.800000E+00 1.636548E+01 -7.848167E+01
    endloop
  endfacet
  facet normal -9.927091E-01 0.000000E+00 -1.205349E-01
    outer loop
      vertex -8.800000E+00 1.636548E+01 -7.848167E+01
      vertex -8.834869E+00 1.476548E+01 -7.819450E+01
      vertex -8.834869E+00 1.636548E+01 -7.819450E+01
    endloop
  endfacet
  facet normal -9.350178E-01 0.000000E+00 -3.546008E-01
    outer loop
      vertex -8.834869E+00 1.636548E+01 -7.819450E+01
      vertex -8.937452E+00 1.476548E+01 -7.792400E+01
      vertex -8.937452E+00 1.636548E+01 -7.792400E+01
    endloop
  endfacet
  facet normal -9.350178E-01 0.000000E+00 -3.546008E-01
    outer loop
      vertex -8.834869E+00 1.476548E+01 -7.819450E+01
      vertex -8.937452E+00 1.476548E+01 -7.792400E+01
      vertex -8.834869E+00 1.636548E+01 -7.819450E+01
    endloop
  endfacet
  facet normal -8.229777E-01 0.000000E+00 -5.680736E-01
    outer loop
      vertex -8.937452E+00 1.636548E+01 -7.792400E+01
      vertex -9.101788E+00 1.476548E+01 -7.768593E+01
      vertex -9.101788E+00 1.636548E+01 -7.768593E+01
    endloop
  endfacet
  facet normal -8.229777E-01 0.000000E+00 -5.680736E-01
    outer loop
      vertex -8.937452E+00 1.476548E+01 -7.792400E+01
      vertex -9.101788E+00 1.476548E+01 -7.768593E+01
      vertex -8.937452E+00 1.636548E+01 -7.792400E+01
    endloop
  endfacet
  facet normal -6.631238E-01 0.000000E+00 -7.485098E-01
    outer loop
      vertex -9.101788E+00 1.636548E+01 -7.768593E+01
      vertex -9.318322E+00 1.476548E+01 -7.749409E+01
      vertex -9.318322E+00 1.636548E+01 -7.749409E+01
    endloop
  endfacet
  facet normal -6.631238E-01 0.000000E+00 -7.485098E-01
    outer loop
      vertex -9.101788E+00 1.476548E+01 -7.768593E+01
      vertex -9.318322E+00 1.476548E+01 -7.749409E+01
      vertex -9.101788E+00 1.636548E+01 -7.768593E+01
    endloop
  endfacet
  facet normal -4.647192E-01 0.000000E+00 -8.854581E-01
    outer loop
      vertex -9.318322E+00 1.636548E+01 -7.749409E+01
      vertex -9.574474E+00 1.476548E+01 -7.735966E+01
      vertex -9.574474E+00 1.636548E+01 -7.735966E+01
    endloop
  endfacet
  facet normal -4.647192E-01 0.000000E+00 -8.854581E-01
    outer loop
      vertex -9.318322E+00 1.476548E+01 -7.749409E+01
      vertex -9.574474E+00 1.476548E+01 -7.735966E+01
      vertex -9.318322E+00 1.636548E+01 -7.749409E+01
    endloop
  endfacet
  facet normal -2.393339E-01 0.000000E+00 -9.709373E-01
    outer loop
      vertex -9.574474E+00 1.636548E+01 -7.735966E+01
      vertex -9.855356E+00 1.476548E+01 -7.729042E+01
      vertex -9.855356E+00 1.636548E+01 -7.729042E+01
    endloop
  endfacet
  facet normal -2.393339E-01 0.000000E+00 -9.709373E-01
    outer loop
      vertex -9.574474E+00 1.476548E+01 -7.735966E+01
      vertex -9.855356E+00 1.476548E+01 -7.729042E+01
      vertex -9.574474E+00 1.636548E+01 -7.735966E+01
    endloop
  endfacet
  facet normal -0.000000E+00 0.000000E+00 -1.000000E+00
    outer loop
      vertex -9.855356E+00 1.636548E+01 -7.729042E+01
      vertex -1.014464E+01 1.476548E+01 -7.729042E+01
      vertex -1.014464E+01 1.636548E+01 -7.729042E+01
    endloop
  endfacet
  facet normal 0.000000E+00 0.000000E+00 -1.000000E+00
    outer loop
      vertex -9.855356E+00 1.476548E+01 -7.729042E+01
      vertex -1.014464E+01 1.476548E+01 -7.729042E+01
      vertex -9.855356E+00 1.636548E+01 -7.729042E+01
    endloop
  endfacet
  facet normal 2.393339E-01 0.000000E+00 -9.709373E-01
    outer loop
      vertex -1.014464E+01 1.636548E+01 -7.729042E+01
      vertex -1.042553E+01 1.476548E+01 -7.735966E+01
      vertex -1.042553E+01 1.636548E+01 -7.735966E+01
    endloop
  endfacet
  facet normal 2.393339E-01 0.000000E+00 -9.709373E-01
    outer loop
      vertex -1.014464E+01 1.476548E+01 -7.729042E+01
      vertex -1.042553E+01 1.476548E+01 -7.735966E+01
      vertex -1.014464E+01 1.636548E+01 -7.729042E+01
    endloop
  endfacet
  facet normal 4.647192E-01 0.000000E+00 -8.854581E-01
    outer loop
      vertex -1.042553E+01 1.636548E+01 -7.735966E+01
      vertex -1.068168E+01 1.476548E+01 -7.749409E+01
      vertex -1.068168E+01 1.636548E+01 -7.749409E+01
    endloop
  endfacet
  facet normal 4.647192E-01 0.000000E+00 -8.854581E-01
    outer loop
      vertex -1.042553E+01 1.476548E+01 -7.735966E+01
      vertex -1.068168E+01 1.476548E+01 -7.749409E+01
      vertex -1.042553E+01 1.636548E+01 -7.735966E+01
    endloop
  endfacet
  facet normal 6.631238E-01 0.000000E+00 -7.485098E-01
    outer loop
      vertex -1.068168E+01 1.636548E+01 -7.749409E+01
      vertex -1.089821E+01 1.476548E+01 -7.768593E+01
      vertex -1.089821E+01 1.636548E+01 -7.768593E+01
    endloop
  endfacet
  facet normal 6.631238E-01 0.000000E+00 -7.485098E-01
    outer loop
      vertex -1.068168E+01 1.476548E+01 -7.749409E+01
      vertex -1.089821E+01 1.476548E+01 -7.768593E+01
      vertex -1.068168E+01 1.636548E+01 -7.749409E+01
    endloop
  endfacet
  facet normal 8.229777E-01 0.000000E+00 -5.680736E-01
    outer loop
      vertex -1.089821E+01 1.636548E+01 -7.768593E+01
      vertex -1.106255E+01 1.476548E+01 -7.792400E+01
      vertex -1.106255E+01 1.636548E+01 -7.792400E+01
    endloop
  endfacet
  facet normal 8.229777E-01 0.000000E+00 -5.680736E-01
    outer loop
      vertex -1.089821E+01 1.476548E+01 -7.768593E+01
      vertex -1.106255E+01 1.476548E+01 -7.792400E+01
      vertex -1.089821E+01 1.636548E+01 -7.768593E+01
    endloop
  endfacet
  facet normal 9.350178E-01 0.000000E+00 -3.546008E-01
    outer loop
      vertex -1.106255E+01 1.636548E+01 -7.792400E+01
      vertex -1.116513E+01 1.476548E+01 -7.819450E+01
      vertex -1.116513E+01 1.636548E+01 -7.819450E+01
    endloop
  endfacet
  facet normal 9.350178E-01 0.000000E+00 -3.546008E-01
    outer loop
      vertex -1.106255E+01 1.476548E+01 -7.792400E+01
      vertex -1.116513E+01 1.476548E+01 -7.819450E+01
      vertex -1.106255E+01 1.636548E+01 -7.792400E+01
    endloop
  endfacet
  facet normal 9.927091E-01 0.000000E+00 -1.205349E-01
    outer loop
      vertex -1.116513E+01 1.636548E+01 -7.819450E+01
      vertex -1.120000E+01 1.476548E+01 -7.848167E+01
      vertex -1.120000E+01 1.636548E+01 -7.848167E+01
    endloop
  endfacet
  facet normal 9.927091E-01 0.000000E+00 -1.205349E-01
    outer loop
      vertex -1.116513E+01 1.476548E+01 -7.819450E+01
      vertex -1.120000E+01 1.476548E+01 -7.848167E+01
      vertex -1.116513E+01 1.636548E+01 -7.819450E+01
    endloop
  endfacet
  facet normal 0.000000E+00 -1.000000E+00 0.000000E+00
    outer loop
      vertex -5.937300E+01 1.476548E+01 -7.950484E+01
      vertex -1.069749E+01 1.476548E+01 -7.945815E+01
      vertex -5.915147E+01 1.476548E+01 -7.933020E+01
    endloop
  endfacet
  facet normal 0.000000E+00 -1.000000E+00 0.000000E+00
    outer loop
      vertex -5.889135E+01 1.476548E+01 -7.894090E+01
      vertex -1.107331E+01 1.476548E+01 -7.901833E+01
      vertex -1.114313E+01 1.476548E+01 -7.884671E+01
    endloop
  endfacet
  facet normal 0.000000E+00 -1.000000E+00 -0.000000E+00
    outer loop
      vertex -5.889135E+01 1.476548E+01 -7.894090E+01
      vertex -5.900224E+01 1.476548E+01 -7.914836E+01
      vertex -1.107331E+01 1.476548E+01 -7.901833E+01
    endloop
  endfacet
  facet normal 0.000000E+00 -1.000000E+00 0.000000E+00
    outer loop
      vertex -5.882306E+01 1.476548E+01 -7.871578E+01
      vertex -1.114313E+01 1.476548E+01 -7.884671E+01
      vertex -1.118570E+01 1.476548E+01 -7.866640E+01
    endloop
  endfacet
  facet normal 0.000000E+00 -1.000000E+00 0.000000E+00
    outer loop
      vertex -9.325405E+00 1.476548E+01 -7.947411E+01
      vertex 1.809257E-14 1.476548E+01 -8.148167E+01
      vertex -9.106070E+00 1.476548E+01 -7.928223E+01
    endloop
  endfacet
  facet normal 0.000000E+00 -1.000000E+00 -0.000000E+00
    outer loop
      vertex -8.939454E+00 1.476548E+01 -7.904314E+01
      vertex -9.106070E+00 1.476548E+01 -7.928223E+01
      vertex 1.809257E-14 1.476548E+01 -8.148167E+01
    endloop
  endfacet
  facet normal 0.000000E+00 -1.000000E+00 -0.000000E+00
    outer loop
      vertex -5.882306E+01 1.476548E+01 -7.871578E+01
      vertex -5.889135E+01 1.476548E+01 -7.894090E+01
      vertex -1.114313E+01 1.476548E+01 -7.884671E+01
    endloop
  endfacet
  facet normal 0.000000E+00 -1.000000E+00 0.000000E+00
    outer loop
      vertex -9.584525E+00 1.476548E+01 -7.960745E+01
      vertex 1.809257E-14 1.476548E+01 -8.148167E+01
      vertex -9.325405E+00 1.476548E+01 -7.947411E+01
    endloop
  endfacet
  facet normal 0.000000E+00 -1.000000E+00 0.000000E+00
    outer loop
      vertex -5.880000E+01 1.476548E+01 -7.848167E+01
      vertex -1.118570E+01 1.476548E+01 -7.866640E+01
      vertex -1.120000E+01 1.476548E+01 -7.848167E+01
    endloop
  endfacet
  facet normal 0.000000E+00 -1.000000E+00 -0.000000E+00
    outer loop
      vertex -8.835385E+00 1.476548E+01 -7.877094E+01
      vertex -8.939454E+00 1.476548E+01 -7.904314E+01
      vertex 1.809257E-14 1.476548E+01 -8.148167E+01
    endloop
  endfacet
  facet normal 0.000000E+00 -1.000000E+00 -0.000000E+00
    outer loop
      vertex -5.880000E+01 1.476548E+01 -7.848167E+01
      vertex -5.882306E+01 1.476548E+01 -7.871578E+01
      vertex -1.118570E+01 1.476548E+01 -7.866640E+01
    endloop
  endfacet
  facet normal 0.000000E+00 -1.000000E+00 0.000000E+00
    outer loop
      vertex -9.868148E+00 1.476548E+01 -7.967441E+01
      vertex 1.809257E-14 1.476548E+01 -8.148167E+01
      vertex -9.584525E+00 1.476548E+01 -7.960745E+01
    endloop
  endfacet
  facet normal -5.418604E-08 -1.000000E+00 -1.589457E-07
    outer loop
      vertex -8.800000E+00 1.476548E+01 -7.848167E+01
      vertex 1.809257E-14 1.476548E+01 -8.148167E+01
      vertex 1.676030E-14 1.476548E+01 -7.548167E+01
    endloop
  endfacet
  facet normal 0.000000E+00 -1.000000E+00 -0.000000E+00
    outer loop
      vertex -8.800000E+00 1.476548E+01 -7.848167E+01
      vertex -8.835385E+00 1.476548E+01 -7.877094E+01
      vertex 1.809257E-14 1.476548E+01 -8.148167E+01
    endloop
  endfacet
  facet normal 0.000000E+00 -1.000000E+00 0.000000E+00
    outer loop
      vertex -5.883487E+01 1.476548E+01 -7.819450E+01
      vertex -5.880000E+01 1.476548E+01 -7.848167E+01
      vertex -1.120000E+01 1.476548E+01 -7.848167E+01
    endloop
  endfacet
  facet normal 0.000000E+00 -1.000000E+00 0.000000E+00
    outer loop
      vertex -5.883487E+01 1.476548E+01 -7.819450E+01
      vertex -1.120000E+01 1.476548E+01 -7.848167E+01
      vertex -1.116513E+01 1.476548E+01 -7.819450E+01
    endloop
  endfacet
  facet normal 0.000000E+00 -1.000000E+00 0.000000E+00
    outer loop
      vertex -1.015955E+01 1.476548E+01 -7.967102E+01
      vertex 1.809257E-14 1.476548E+01 -8.148167E+01
      vertex -9.868148E+00 1.476548E+01 -7.967441E+01
    endloop
  endfacet
  facet normal -1.040645E-07 -1.000000E+00 -1.263553E-08
    outer loop
      vertex -8.834869E+00 1.476548E+01 -7.819450E+01
      vertex -8.800000E+00 1.476548E+01 -7.848167E+01
      vertex 1.676030E-14 1.476548E+01 -7.548167E+01
    endloop
  endfacet
  facet normal 0.000000E+00 -1.000000E+00 0.000000E+00
    outer loop
      vertex -5.893745E+01 1.476548E+01 -7.792400E+01
      vertex -1.116513E+01 1.476548E+01 -7.819450E+01
      vertex -1.106255E+01 1.476548E+01 -7.792400E+01
    endloop
  endfacet
  facet normal 0.000000E+00 -1.000000E+00 0.000000E+00
    outer loop
      vertex -5.893745E+01 1.476548E+01 -7.792400E+01
      vertex -5.883487E+01 1.476548E+01 -7.819450E+01
      vertex -1.116513E+01 1.476548E+01 -7.819450E+01
    endloop
  endfacet
  facet normal -9.668532E-08 -1.000000E+00 -3.666742E-08
    outer loop
      vertex -8.937452E+00 1.476548E+01 -7.792400E+01
      vertex -8.834869E+00 1.476548E+01 -7.819450E+01
      vertex 1.676030E-14 1.476548E+01 -7.548167E+01
    endloop
  endfacet
  facet normal 0.000000E+00 -1.000000E+00 0.000000E+00
    outer loop
      vertex -5.910179E+01 1.476548E+01 -7.768593E+01
      vertex -1.106255E+01 1.476548E+01 -7.792400E+01
      vertex -1.089821E+01 1.476548E+01 -7.768593E+01
    endloop
  endfacet
  facet normal -8.977187E-08 -1.000000E+00 -6.196647E-08
    outer loop
      vertex -9.101788E+00 1.476548E+01 -7.768593E+01
      vertex -8.937452E+00 1.476548E+01 -7.792400E+01
      vertex 1.676030E-14 1.476548E+01 -7.548167E+01
    endloop
  endfacet
  facet normal 0.000000E+00 -1.000000E+00 0.000000E+00
    outer loop
      vertex -5.910179E+01 1.476548E+01 -7.768593E+01
      vertex -5.893745E+01 1.476548E+01 -7.792400E+01
      vertex -1.106255E+01 1.476548E+01 -7.792400E+01
    endloop
  endfacet
  facet normal 0.000000E+00 -1.000000E+00 0.000000E+00
    outer loop
      vertex -5.931832E+01 1.476548E+01 -7.749409E+01
      vertex -1.089821E+01 1.476548E+01 -7.768593E+01
      vertex -1.068168E+01 1.476548E+01 -7.749409E+01
    endloop
  endfacet
  facet normal 0.000000E+00 -1.000000E+00 0.000000E+00
    outer loop
      vertex -5.931832E+01 1.476548E+01 -7.749409E+01
      vertex -5.910179E+01 1.476548E+01 -7.768593E+01
      vertex -1.089821E+01 1.476548E+01 -7.768593E+01
    endloop
  endfacet
  facet normal -8.228517E-08 -1.000000E+00 -9.288048E-08
    outer loop
      vertex -9.318322E+00 1.476548E+01 -7.749409E+01
      vertex -9.101788E+00 1.476548E+01 -7.768593E+01
      vertex 1.676030E-14 1.476548E+01 -7.548167E+01
    endloop
  endfacet
  facet normal -7.250782E-08 -1.000000E+00 -1.381536E-07
    outer loop
      vertex -9.574474E+00 1.476548E+01 -7.735966E+01
      vertex -9.318322E+00 1.476548E+01 -7.749409E+01
      vertex 1.676030E-14 1.476548E+01 -7.548167E+01
    endloop
  endfacet
  facet normal -5.546831E-08 -1.000000E+00 -2.250256E-07
    outer loop
      vertex -9.855356E+00 1.476548E+01 -7.729042E+01
      vertex -9.574474E+00 1.476548E+01 -7.735966E+01
      vertex 1.676030E-14 1.476548E+01 -7.548167E+01
    endloop
  endfacet
  facet normal 0.000000E+00 -1.000000E+00 -5.272570E-07
    outer loop
      vertex -1.014464E+01 1.476548E+01 -7.729042E+01
      vertex -9.855356E+00 1.476548E+01 -7.729042E+01
      vertex 1.676030E-14 1.476548E+01 -7.548167E+01
    endloop
  endfacet
  facet normal 0.000000E+00 -1.000000E+00 0.000000E+00
    outer loop
      vertex -7.000000E+01 1.476548E+01 -8.148167E+01
      vertex -5.990585E+01 1.476548E+01 -7.967797E+01
      vertex -6.018772E+01 1.476548E+01 -7.966690E+01
    endloop
  endfacet
  facet normal 0.000000E+00 -1.000000E+00 0.000000E+00
    outer loop
      vertex -7.000000E+01 1.476548E+01 -8.148167E+01
      vertex -6.018772E+01 1.476548E+01 -7.966690E+01
      vertex -6.045922E+01 1.476548E+01 -7.959033E+01
    endloop
  endfacet
  facet normal 0.000000E+00 -1.000000E+00 0.000000E+00
    outer loop
      vertex -7.000000E+01 1.476548E+01 -8.148167E+01
      vertex -6.045922E+01 1.476548E+01 -7.959033E+01
      vertex -6.070534E+01 1.476548E+01 -7.945249E+01
    endloop
  endfacet
  facet normal 0.000000E+00 -1.000000E+00 0.000000E+00
    outer loop
      vertex -7.000000E+01 1.476548E+01 -8.148167E+01
      vertex -6.070534E+01 1.476548E+01 -7.945249E+01
      vertex -6.091249E+01 1.476548E+01 -7.926101E+01
    endloop
  endfacet
  facet normal 0.000000E+00 -1.000000E+00 0.000000E+00
    outer loop
      vertex -7.000000E+01 1.476548E+01 -8.148167E+01
      vertex -6.091249E+01 1.476548E+01 -7.926101E+01
      vertex -6.106921E+01 1.476548E+01 -7.902646E+01
    endloop
  endfacet
  facet normal 0.000000E+00 -1.000000E+00 0.000000E+00
    outer loop
      vertex -7.000000E+01 1.476548E+01 -8.148167E+01
      vertex -6.106921E+01 1.476548E+01 -7.902646E+01
      vertex -6.116684E+01 1.476548E+01 -7.876181E+01
    endloop
  endfacet
  facet normal 0.000000E+00 -1.000000E+00 0.000000E+00
    outer loop
      vertex -7.000000E+01 1.476548E+01 -8.148167E+01
      vertex -6.116684E+01 1.476548E+01 -7.876181E+01
      vertex -6.120000E+01 1.476548E+01 -7.848167E+01
    endloop
  endfacet
  facet normal 1.040644E-07 -1.000000E+00 -1.263586E-08
    outer loop
      vertex -7.000000E+01 1.476548E+01 -7.548167E+01
      vertex -6.120000E+01 1.476548E+01 -7.848167E+01
      vertex -6.116513E+01 1.476548E+01 -7.819450E+01
    endloop
  endfacet
  facet normal 0.000000E+00 -1.000000E+00 0.000000E+00
    outer loop
      vertex -5.915147E+01 1.476548E+01 -7.933020E+01
      vertex -1.069749E+01 1.476548E+01 -7.945815E+01
      vertex -1.091230E+01 1.476548E+01 -7.926123E+01
    endloop
  endfacet
  facet normal 9.668515E-08 -1.000000E+00 -3.666803E-08
    outer loop
      vertex -7.000000E+01 1.476548E+01 -7.548167E+01
      vertex -6.116513E+01 1.476548E+01 -7.819450E+01
      vertex -6.106255E+01 1.476548E+01 -7.792400E+01
    endloop
  endfacet
  facet normal 8.977204E-08 -1.000000E+00 -6.196586E-08
    outer loop
      vertex -7.000000E+01 1.476548E+01 -7.548167E+01
      vertex -6.106255E+01 1.476548E+01 -7.792400E+01
      vertex -6.089821E+01 1.476548E+01 -7.768593E+01
    endloop
  endfacet
  facet normal 8.228528E-08 -1.000000E+00 -9.288021E-08
    outer loop
      vertex -7.000000E+01 1.476548E+01 -7.548167E+01
      vertex -6.089821E+01 1.476548E+01 -7.768593E+01
      vertex -6.068168E+01 1.476548E+01 -7.749409E+01
    endloop
  endfacet
  facet normal 7.250771E-08 -1.000000E+00 -1.381539E-07
    outer loop
      vertex -7.000000E+01 1.476548E+01 -7.548167E+01
      vertex -6.068168E+01 1.476548E+01 -7.749409E+01
      vertex -6.042553E+01 1.476548E+01 -7.735966E+01
    endloop
  endfacet
  facet normal 5.546848E-08 -1.000000E+00 -2.250248E-07
    outer loop
      vertex -7.000000E+01 1.476548E+01 -7.548167E+01
      vertex -6.042553E+01 1.476548E+01 -7.735966E+01
      vertex -6.014465E+01 1.476548E+01 -7.729042E+01
    endloop
  endfacet
  facet normal 0.000000E+00 -1.000000E+00 -5.272574E-07
    outer loop
      vertex -7.000000E+01 1.476548E+01 -7.548167E+01
      vertex -6.014465E+01 1.476548E+01 -7.729042E+01
      vertex -5.985535E+01 1.476548E+01 -7.729042E+01
    endloop
  endfacet
  facet normal 5.418605E-08 -1.000000E+00 -1.589457E-07
    outer loop
      vertex -7.000000E+01 1.476548E+01 -7.548167E+01
      vertex -7.000000E+01 1.476548E+01 -8.148167E+01
      vertex -6.120000E+01 1.476548E+01 -7.848167E+01
    endloop
  endfacet
  facet normal 0.000000E+00 -1.000000E+00 0.000000E+00
    outer loop
      vertex -7.000000E+01 1.476548E+01 -8.148167E+01
      vertex 1.809257E-14 1.476548E+01 -8.148167E+01
      vertex -5.990585E+01 1.476548E+01 -7.967797E+01
    endloop
  endfacet
  facet normal 0.000000E+00 -1.000000E+00 0.000000E+00
    outer loop
      vertex -5.990585E+01 1.476548E+01 -7.967797E+01
      vertex 1.809257E-14 1.476548E+01 -8.148167E+01
      vertex -5.962918E+01 1.476548E+01 -7.962294E+01
    endloop
  endfacet
  facet normal 0.000000E+00 -1.000000E+00 0.000000E+00
    outer loop
      vertex -5.962918E+01 1.476548E+01 -7.962294E+01
      vertex 1.809257E-14 1.476548E+01 -8.148167E+01
      vertex -5.937300E+01 1.476548E+01 -7.950484E+01
    endloop
  endfacet
  facet normal 0.000000E+00 -1.000000E+00 -0.000000E+00
    outer loop
      vertex -5.900224E+01 1.476548E+01 -7.914836E+01
      vertex -5.915147E+01 1.476548E+01 -7.933020E+01
      vertex -1.091230E+01 1.476548E+01 -7.926123E+01
    endloop
  endfacet
  facet normal 0.000000E+00 -1.000000E+00 0.000000E+00
    outer loop
      vertex -5.937300E+01 1.476548E+01 -7.950484E+01
      vertex 1.809257E-14 1.476548E+01 -8.148167E+01
      vertex -1.015955E+01 1.476548E+01 -7.967102E+01
    endloop
  endfacet
  facet normal 0.000000E+00 -1.000000E+00 0.000000E+00
    outer loop
      vertex -5.937300E+01 1.476548E+01 -7.950484E+01
      vertex -1.015955E+01 1.476548E+01 -7.967102E+01
      vertex -1.044154E+01 1.476548E+01 -7.959749E+01
    endloop
  endfacet
  facet normal 0.000000E+00 -1.000000E+00 0.000000E+00
    outer loop
      vertex -5.900224E+01 1.476548E+01 -7.914836E+01
      vertex -1.091230E+01 1.476548E+01 -7.926123E+01
      vertex -1.107331E+01 1.476548E+01 -7.901833E+01
    endloop
  endfacet
  facet normal -0.000000E+00 -1.000000E+00 -5.272571E-07
    outer loop
      vertex 1.676030E-14 1.476548E+01 -7.548167E+01
      vertex -7.000000E+01 1.476548E+01 -7.548167E+01
      vertex -5.985535E+01 1.476548E+01 -7.729042E+01
    endloop
  endfacet
  facet normal -1.419305E-08 -1.000000E+00 -5.757842E-08
    outer loop
      vertex 1.676030E-14 1.476548E+01 -7.548167E+01
      vertex -5.985535E+01 1.476548E+01 -7.729042E+01
      vertex -5.957447E+01 1.476548E+01 -7.735966E+01
    endloop
  endfacet
  facet normal -1.510108E-08 -1.000000E+00 -2.877313E-08
    outer loop
      vertex 1.676030E-14 1.476548E+01 -7.548167E+01
      vertex -5.957447E+01 1.476548E+01 -7.735966E+01
      vertex -5.931832E+01 1.476548E+01 -7.749409E+01
    endloop
  endfacet
  facet normal 0.000000E+00 -1.000000E+00 0.000000E+00
    outer loop
      vertex -5.937300E+01 1.476548E+01 -7.950484E+01
      vertex -1.044154E+01 1.476548E+01 -7.959749E+01
      vertex -1.069749E+01 1.476548E+01 -7.945815E+01
    endloop
  endfacet
  facet normal 2.235806E-09 -1.000000E+00 -5.397969E-07
    outer loop
      vertex 1.676030E-14 1.476548E+01 -7.548167E+01
      vertex -5.931832E+01 1.476548E+01 -7.749409E+01
      vertex -1.014464E+01 1.476548E+01 -7.729042E+01
    endloop
  endfacet
  facet normal 0.000000E+00 -1.000000E+00 0.000000E+00
    outer loop
      vertex -1.014464E+01 1.476548E+01 -7.729042E+01
      vertex -5.931832E+01 1.476548E+01 -7.749409E+01
      vertex -1.042553E+01 1.476548E+01 -7.735966E+01
    endloop
  endfacet
  facet normal 0.000000E+00 -1.000000E+00 0.000000E+00
    outer loop
      vertex -1.042553E+01 1.476548E+01 -7.735966E+01
      vertex -5.931832E+01 1.476548E+01 -7.749409E+01
      vertex -1.068168E+01 1.476548E+01 -7.749409E+01
    endloop
  endfacet
  facet normal 0.000000E+00 1.000000E+00 0.000000E+00
    outer loop
      vertex -7.000000E+01 5.676548E+01 -8.398167E+01
      vertex -7.000000E+01 5.676548E+01 -8.148167E+01
      vertex 1.809257E-14 5.676548E+01 -8.148167E+01
    endloop
  endfacet
  facet normal 0.000000E+00 1.000000E+00 0.000000E+00
    outer loop
      vertex -7.000000E+01 5.676548E+01 -8.398167E+01
      vertex 1.809257E-14 5.676548E+01 -8.148167E+01
      vertex 1.864768E-14 5.676548E+01 -8.398167E+01
    endloop
  endfacet
  facet normal 0.000000E+00 0.000000E+00 1.000000E+00
    outer loop
      vertex -7.000000E+01 1.476548E+01 -8.148167E+01
      vertex -7.000000E+01 1.176548E+01 -8.148167E+01
      vertex 1.809257E-14 1.176548E+01 -8.148167E+01
    endloop
  endfacet
  facet normal -0.000000E+00 0.000000E+00 1.000000E+00
    outer loop
      vertex -7.000000E+01 1.476548E+01 -8.148167E+01
      vertex 1.809257E-14 1.176548E+01 -8.148167E+01
      vertex 1.809257E-14 1.476548E+01 -8.148167E+01
    endloop
  endfacet
  facet normal 0.000000E+00 -1.000000E+00 0.000000E+00
    outer loop
      vertex -7.000000E+01 1.176548E+01 -8.148167E+01
      vertex -7.000000E+01 1.176548E+01 -8.248167E+01
      vertex 1.831461E-14 1.176548E+01 -8.248167E+01
    endloop
  endfacet
  facet normal 0.000000E+00 -1.000000E+00 0.000000E+00
    outer loop
      vertex -7.000000E+01 1.176548E+01 -8.148167E+01
      vertex 1.831461E-14 1.176548E+01 -8.248167E+01
      vertex 1.809257E-14 1.176548E+01 -8.148167E+01
    endloop
  endfacet
  facet normal -1.000000E+00 0.000000E+00 0.000000E+00
    outer loop
      vertex -7.000000E+01 1.476548E+01 -8.148167E+01
      vertex -7.000000E+01 1.326548E+01 -8.398167E+01
      vertex -7.000000E+01 1.176548E+01 -8.248167E+01
    endloop
  endfacet
  facet normal -1.000000E+00 -0.000000E+00 0.000000E+00
    outer loop
      vertex -7.000000E+01 1.476548E+01 -8.148167E+01
      vertex -7.000000E+01 1.176548E+01 -8.248167E+01
      vertex -7.000000E+01 1.176548E+01 -8.148167E+01
    endloop
  endfacet
  facet normal -1.000000E+00 -0.000000E+00 0.000000E+00
    outer loop
      vertex -7.000000E+01 1.776548E+01 -8.148167E+01
      vertex -7.000000E+01 1.326548E+01 -8.398167E+01
      vertex -7.000000E+01 1.476548E+01 -8.148167E+01
    endloop
  endfacet
  facet normal -1.000000E+00 -0.000000E+00 0.000000E+00
    outer loop
      vertex -7.000000E+01 1.776548E+01 -7.628167E+01
      vertex -7.000000E+01 1.476548E+01 -8.148167E+01
      vertex -7.000000E+01 1.476548E+01 -7.548167E+01
    endloop
  endfacet
  facet normal -1.000000E+00 0.000000E+00 0.000000E+00
    outer loop
      vertex -7.000000E+01 1.776548E+01 -7.628167E+01
      vertex -7.000000E+01 1.476548E+01 -7.548167E+01
      vertex -7.000000E+01 1.696548E+01 -7.548167E+01
    endloop
  endfacet
  facet normal -1.000000E+00 0.000000E+00 -0.000000E+00
    outer loop
      vertex -7.000000E+01 1.776548E+01 -7.628167E+01
      vertex -7.000000E+01 1.776548E+01 -8.148167E+01
      vertex -7.000000E+01 1.476548E+01 -8.148167E+01
    endloop
  endfacet
  facet normal -1.000000E+00 -0.000000E+00 -0.000000E+00
    outer loop
      vertex -7.000000E+01 5.676548E+01 -8.148167E+01
      vertex -7.000000E+01 5.676548E+01 -8.398167E+01
      vertex -7.000000E+01 1.776548E+01 -8.148167E+01
    endloop
  endfacet
  facet normal -1.000000E+00 0.000000E+00 0.000000E+00
    outer loop
      vertex -7.000000E+01 5.676548E+01 -8.398167E+01
      vertex -7.000000E+01 1.326548E+01 -8.398167E+01
      vertex -7.000000E+01 1.776548E+01 -8.148167E+01
    endloop
  endfacet
endsolid 
