solid 
  facet normal 6.343879E-01 -0.000000E+00 7.730150E-01
    outer loop
      vertex 6.441422E+01 1.476548E+01 -5.098067E+01
      vertex 6.441422E+01 1.776548E+01 -5.098067E+01
      vertex 6.411114E+01 1.776548E+01 -5.073195E+01
    endloop
  endfacet
  facet normal 4.714031E-01 -0.000000E+00 8.819179E-01
    outer loop
      vertex 6.411114E+01 1.476548E+01 -5.073195E+01
      vertex 6.411114E+01 1.776548E+01 -5.073195E+01
      vertex 6.376537E+01 1.776548E+01 -5.054713E+01
    endloop
  endfacet
  facet normal 6.343879E-01 -0.000000E+00 7.730150E-01
    outer loop
      vertex 6.411114E+01 1.476548E+01 -5.073195E+01
      vertex 6.441422E+01 1.476548E+01 -5.098067E+01
      vertex 6.411114E+01 1.776548E+01 -5.073195E+01
    endloop
  endfacet
  facet normal 2.902869E-01 -0.000000E+00 9.569396E-01
    outer loop
      vertex 6.376537E+01 1.476548E+01 -5.054713E+01
      vertex 6.376537E+01 1.776548E+01 -5.054713E+01
      vertex 6.339018E+01 1.776548E+01 -5.043332E+01
    endloop
  endfacet
  facet normal 4.714031E-01 -0.000000E+00 8.819179E-01
    outer loop
      vertex 6.376537E+01 1.476548E+01 -5.054713E+01
      vertex 6.411114E+01 1.476548E+01 -5.073195E+01
      vertex 6.376537E+01 1.776548E+01 -5.054713E+01
    endloop
  endfacet
  facet normal 9.801623E-02 -0.000000E+00 9.951848E-01
    outer loop
      vertex 6.339018E+01 1.476548E+01 -5.043332E+01
      vertex 6.339018E+01 1.776548E+01 -5.043332E+01
      vertex 6.300000E+01 1.776548E+01 -5.039489E+01
    endloop
  endfacet
  facet normal 2.902869E-01 -0.000000E+00 9.569396E-01
    outer loop
      vertex 6.339018E+01 1.476548E+01 -5.043332E+01
      vertex 6.376537E+01 1.476548E+01 -5.054713E+01
      vertex 6.339018E+01 1.776548E+01 -5.043332E+01
    endloop
  endfacet
  facet normal 9.801623E-02 -0.000000E+00 9.951848E-01
    outer loop
      vertex 6.300000E+01 1.476548E+01 -5.039489E+01
      vertex 6.339018E+01 1.476548E+01 -5.043332E+01
      vertex 6.300000E+01 1.776548E+01 -5.039489E+01
    endloop
  endfacet
  facet normal -6.343927E-01 0.000000E+00 7.730110E-01
    outer loop
      vertex 5.588886E+01 1.776548E+01 -5.073195E+01
      vertex 5.558578E+01 1.776548E+01 -5.098067E+01
      vertex 5.558578E+01 1.476548E+01 -5.098067E+01
    endloop
  endfacet
  facet normal -6.343927E-01 0.000000E+00 7.730110E-01
    outer loop
      vertex 5.588886E+01 1.776548E+01 -5.073195E+01
      vertex 5.558578E+01 1.476548E+01 -5.098067E+01
      vertex 5.588886E+01 1.476548E+01 -5.073195E+01
    endloop
  endfacet
  facet normal -4.713990E-01 0.000000E+00 8.819200E-01
    outer loop
      vertex 5.623463E+01 1.776548E+01 -5.054713E+01
      vertex 5.588886E+01 1.476548E+01 -5.073195E+01
      vertex 5.623463E+01 1.476548E+01 -5.054713E+01
    endloop
  endfacet
  facet normal -4.713990E-01 0.000000E+00 8.819200E-01
    outer loop
      vertex 5.623463E+01 1.776548E+01 -5.054713E+01
      vertex 5.588886E+01 1.776548E+01 -5.073195E+01
      vertex 5.588886E+01 1.476548E+01 -5.073195E+01
    endloop
  endfacet
  facet normal -2.902869E-01 0.000000E+00 9.569396E-01
    outer loop
      vertex 5.660982E+01 1.776548E+01 -5.043332E+01
      vertex 5.623463E+01 1.476548E+01 -5.054713E+01
      vertex 5.660982E+01 1.476548E+01 -5.043332E+01
    endloop
  endfacet
  facet normal -2.902869E-01 0.000000E+00 9.569396E-01
    outer loop
      vertex 5.660982E+01 1.776548E+01 -5.043332E+01
      vertex 5.623463E+01 1.776548E+01 -5.054713E+01
      vertex 5.623463E+01 1.476548E+01 -5.054713E+01
    endloop
  endfacet
  facet normal -9.801623E-02 0.000000E+00 9.951848E-01
    outer loop
      vertex 5.700000E+01 1.776548E+01 -5.039489E+01
      vertex 5.660982E+01 1.476548E+01 -5.043332E+01
      vertex 5.700000E+01 1.476548E+01 -5.039489E+01
    endloop
  endfacet
  facet normal -9.801623E-02 0.000000E+00 9.951848E-01
    outer loop
      vertex 5.700000E+01 1.776548E+01 -5.039489E+01
      vertex 5.660982E+01 1.776548E+01 -5.043332E+01
      vertex 5.660982E+01 1.476548E+01 -5.043332E+01
    endloop
  endfacet
  facet normal 6.343938E-01 -0.000000E+00 7.730100E-01
    outer loop
      vertex 1.441421E+01 1.476548E+01 -5.098067E+01
      vertex 1.441421E+01 1.776548E+01 -5.098067E+01
      vertex 1.411114E+01 1.776548E+01 -5.073195E+01
    endloop
  endfacet
  facet normal 4.714011E-01 -0.000000E+00 8.819190E-01
    outer loop
      vertex 1.411114E+01 1.476548E+01 -5.073195E+01
      vertex 1.411114E+01 1.776548E+01 -5.073195E+01
      vertex 1.376537E+01 1.776548E+01 -5.054713E+01
    endloop
  endfacet
  facet normal 6.343938E-01 -0.000000E+00 7.730100E-01
    outer loop
      vertex 1.411114E+01 1.476548E+01 -5.073195E+01
      vertex 1.441421E+01 1.476548E+01 -5.098067E+01
      vertex 1.411114E+01 1.776548E+01 -5.073195E+01
    endloop
  endfacet
  facet normal 2.902849E-01 -0.000000E+00 9.569403E-01
    outer loop
      vertex 1.376537E+01 1.476548E+01 -5.054713E+01
      vertex 1.376537E+01 1.776548E+01 -5.054713E+01
      vertex 1.339018E+01 1.776548E+01 -5.043332E+01
    endloop
  endfacet
  facet normal 4.714011E-01 -0.000000E+00 8.819190E-01
    outer loop
      vertex 1.376537E+01 1.476548E+01 -5.054713E+01
      vertex 1.411114E+01 1.476548E+01 -5.073195E+01
      vertex 1.376537E+01 1.776548E+01 -5.054713E+01
    endloop
  endfacet
  facet normal 9.801671E-02 -0.000000E+00 9.951848E-01
    outer loop
      vertex 1.339018E+01 1.476548E+01 -5.043332E+01
      vertex 1.339018E+01 1.776548E+01 -5.043332E+01
      vertex 1.300000E+01 1.776548E+01 -5.039489E+01
    endloop
  endfacet
  facet normal 2.902849E-01 -0.000000E+00 9.569403E-01
    outer loop
      vertex 1.339018E+01 1.476548E+01 -5.043332E+01
      vertex 1.376537E+01 1.476548E+01 -5.054713E+01
      vertex 1.339018E+01 1.776548E+01 -5.043332E+01
    endloop
  endfacet
  facet normal 9.801671E-02 -0.000000E+00 9.951848E-01
    outer loop
      vertex 1.300000E+01 1.476548E+01 -5.039489E+01
      vertex 1.339018E+01 1.476548E+01 -5.043332E+01
      vertex 1.300000E+01 1.776548E+01 -5.039489E+01
    endloop
  endfacet
  facet normal -6.343933E-01 0.000000E+00 7.730105E-01
    outer loop
      vertex 5.888860E+00 1.776548E+01 -5.073195E+01
      vertex 5.585786E+00 1.776548E+01 -5.098067E+01
      vertex 5.585786E+00 1.476548E+01 -5.098067E+01
    endloop
  endfacet
  facet normal -6.343933E-01 0.000000E+00 7.730105E-01
    outer loop
      vertex 5.888860E+00 1.776548E+01 -5.073195E+01
      vertex 5.585786E+00 1.476548E+01 -5.098067E+01
      vertex 5.888860E+00 1.476548E+01 -5.073195E+01
    endloop
  endfacet
  facet normal -4.714016E-01 0.000000E+00 8.819187E-01
    outer loop
      vertex 6.234633E+00 1.776548E+01 -5.054713E+01
      vertex 5.888860E+00 1.476548E+01 -5.073195E+01
      vertex 6.234633E+00 1.476548E+01 -5.054713E+01
    endloop
  endfacet
  facet normal -4.714016E-01 0.000000E+00 8.819187E-01
    outer loop
      vertex 6.234633E+00 1.776548E+01 -5.054713E+01
      vertex 5.888860E+00 1.776548E+01 -5.073195E+01
      vertex 5.888860E+00 1.476548E+01 -5.073195E+01
    endloop
  endfacet
  facet normal -2.902845E-01 0.000000E+00 9.569404E-01
    outer loop
      vertex 6.609819E+00 1.776548E+01 -5.043332E+01
      vertex 6.234633E+00 1.476548E+01 -5.054713E+01
      vertex 6.609819E+00 1.476548E+01 -5.043332E+01
    endloop
  endfacet
  facet normal -2.902845E-01 0.000000E+00 9.569404E-01
    outer loop
      vertex 6.609819E+00 1.776548E+01 -5.043332E+01
      vertex 6.234633E+00 1.776548E+01 -5.054713E+01
      vertex 6.234633E+00 1.476548E+01 -5.054713E+01
    endloop
  endfacet
  facet normal -9.801671E-02 0.000000E+00 9.951848E-01
    outer loop
      vertex 7.000000E+00 1.776548E+01 -5.039489E+01
      vertex 6.609819E+00 1.476548E+01 -5.043332E+01
      vertex 7.000000E+00 1.476548E+01 -5.039489E+01
    endloop
  endfacet
  facet normal -9.801671E-02 0.000000E+00 9.951848E-01
    outer loop
      vertex 7.000000E+00 1.776548E+01 -5.039489E+01
      vertex 6.609819E+00 1.776548E+01 -5.043332E+01
      vertex 6.609819E+00 1.476548E+01 -5.043332E+01
    endloop
  endfacet
  facet normal 9.951839E-01 0.000000E+00 9.802651E-02
    outer loop
      vertex 5.880000E+01 1.636548E+01 -5.439489E+01
      vertex 5.880000E+01 1.476548E+01 -5.439489E+01
      vertex 5.882306E+01 1.636548E+01 -5.462899E+01
    endloop
  endfacet
  facet normal 9.569408E-01 0.000000E+00 2.902833E-01
    outer loop
      vertex 5.882306E+01 1.636548E+01 -5.462899E+01
      vertex 5.882306E+01 1.476548E+01 -5.462899E+01
      vertex 5.889135E+01 1.636548E+01 -5.485411E+01
    endloop
  endfacet
  facet normal 9.951839E-01 0.000000E+00 9.802651E-02
    outer loop
      vertex 5.880000E+01 1.476548E+01 -5.439489E+01
      vertex 5.882306E+01 1.476548E+01 -5.462899E+01
      vertex 5.882306E+01 1.636548E+01 -5.462899E+01
    endloop
  endfacet
  facet normal 8.819275E-01 0.000000E+00 4.713851E-01
    outer loop
      vertex 5.889135E+01 1.636548E+01 -5.485411E+01
      vertex 5.889135E+01 1.476548E+01 -5.485411E+01
      vertex 5.900224E+01 1.636548E+01 -5.506157E+01
    endloop
  endfacet
  facet normal 9.569408E-01 0.000000E+00 2.902833E-01
    outer loop
      vertex 5.882306E+01 1.476548E+01 -5.462899E+01
      vertex 5.889135E+01 1.476548E+01 -5.485411E+01
      vertex 5.889135E+01 1.636548E+01 -5.485411E+01
    endloop
  endfacet
  facet normal 7.730099E-01 0.000000E+00 6.343939E-01
    outer loop
      vertex 5.900224E+01 1.636548E+01 -5.506157E+01
      vertex 5.900224E+01 1.476548E+01 -5.506157E+01
      vertex 5.915147E+01 1.636548E+01 -5.524342E+01
    endloop
  endfacet
  facet normal 8.819275E-01 0.000000E+00 4.713851E-01
    outer loop
      vertex 5.889135E+01 1.476548E+01 -5.485411E+01
      vertex 5.900224E+01 1.476548E+01 -5.506157E+01
      vertex 5.900224E+01 1.636548E+01 -5.506157E+01
    endloop
  endfacet
  facet normal 7.730099E-01 0.000000E+00 6.343939E-01
    outer loop
      vertex 5.900224E+01 1.476548E+01 -5.506157E+01
      vertex 5.915147E+01 1.476548E+01 -5.524342E+01
      vertex 5.915147E+01 1.636548E+01 -5.524342E+01
    endloop
  endfacet
  facet normal 6.190935E-01 0.000000E+00 7.853173E-01
    outer loop
      vertex 5.915147E+01 1.636548E+01 -5.524342E+01
      vertex 5.937300E+01 1.476548E+01 -5.541806E+01
      vertex 5.937300E+01 1.636548E+01 -5.541806E+01
    endloop
  endfacet
  facet normal 6.190935E-01 -0.000000E+00 7.853173E-01
    outer loop
      vertex 5.915147E+01 1.476548E+01 -5.524342E+01
      vertex 5.937300E+01 1.476548E+01 -5.541806E+01
      vertex 5.915147E+01 1.636548E+01 -5.524342E+01
    endloop
  endfacet
  facet normal 4.186560E-01 0.000000E+00 9.081450E-01
    outer loop
      vertex 5.937300E+01 1.636548E+01 -5.541806E+01
      vertex 5.962918E+01 1.476548E+01 -5.553616E+01
      vertex 5.962918E+01 1.636548E+01 -5.553616E+01
    endloop
  endfacet
  facet normal 4.186560E-01 -0.000000E+00 9.081450E-01
    outer loop
      vertex 5.937300E+01 1.476548E+01 -5.541806E+01
      vertex 5.962918E+01 1.476548E+01 -5.553616E+01
      vertex 5.937300E+01 1.636548E+01 -5.541806E+01
    endloop
  endfacet
  facet normal 1.950836E-01 0.000000E+00 9.807866E-01
    outer loop
      vertex 5.962918E+01 1.636548E+01 -5.553616E+01
      vertex 5.990585E+01 1.476548E+01 -5.559119E+01
      vertex 5.990585E+01 1.636548E+01 -5.559119E+01
    endloop
  endfacet
  facet normal 1.950836E-01 -0.000000E+00 9.807866E-01
    outer loop
      vertex 5.962918E+01 1.476548E+01 -5.553616E+01
      vertex 5.990585E+01 1.476548E+01 -5.559119E+01
      vertex 5.962918E+01 1.636548E+01 -5.553616E+01
    endloop
  endfacet
  facet normal -3.925731E-02 0.000000E+00 9.992291E-01
    outer loop
      vertex 5.990585E+01 1.636548E+01 -5.559119E+01
      vertex 6.018772E+01 1.476548E+01 -5.558011E+01
      vertex 6.018772E+01 1.636548E+01 -5.558011E+01
    endloop
  endfacet
  facet normal -3.925731E-02 0.000000E+00 9.992291E-01
    outer loop
      vertex 5.990585E+01 1.476548E+01 -5.559119E+01
      vertex 6.018772E+01 1.476548E+01 -5.558011E+01
      vertex 5.990585E+01 1.636548E+01 -5.559119E+01
    endloop
  endfacet
  facet normal -2.714332E-01 0.000000E+00 9.624572E-01
    outer loop
      vertex 6.018772E+01 1.636548E+01 -5.558011E+01
      vertex 6.045922E+01 1.476548E+01 -5.550354E+01
      vertex 6.045922E+01 1.636548E+01 -5.550354E+01
    endloop
  endfacet
  facet normal -2.714332E-01 0.000000E+00 9.624572E-01
    outer loop
      vertex 6.018772E+01 1.476548E+01 -5.558011E+01
      vertex 6.045922E+01 1.476548E+01 -5.550354E+01
      vertex 6.018772E+01 1.636548E+01 -5.558011E+01
    endloop
  endfacet
  facet normal -4.886276E-01 0.000000E+00 8.724924E-01
    outer loop
      vertex 6.045922E+01 1.636548E+01 -5.550354E+01
      vertex 6.070534E+01 1.476548E+01 -5.536571E+01
      vertex 6.070534E+01 1.636548E+01 -5.536571E+01
    endloop
  endfacet
  facet normal -4.886276E-01 0.000000E+00 8.724924E-01
    outer loop
      vertex 6.045922E+01 1.476548E+01 -5.550354E+01
      vertex 6.070534E+01 1.476548E+01 -5.536571E+01
      vertex 6.045922E+01 1.636548E+01 -5.550354E+01
    endloop
  endfacet
  facet normal -6.787989E-01 0.000000E+00 7.343243E-01
    outer loop
      vertex 6.070534E+01 1.636548E+01 -5.536571E+01
      vertex 6.091249E+01 1.476548E+01 -5.517422E+01
      vertex 6.091249E+01 1.636548E+01 -5.517422E+01
    endloop
  endfacet
  facet normal -6.787989E-01 0.000000E+00 7.343243E-01
    outer loop
      vertex 6.070534E+01 1.476548E+01 -5.536571E+01
      vertex 6.091249E+01 1.476548E+01 -5.517422E+01
      vertex 6.070534E+01 1.636548E+01 -5.536571E+01
    endloop
  endfacet
  facet normal -8.314736E-01 0.000000E+00 5.555643E-01
    outer loop
      vertex 6.091249E+01 1.636548E+01 -5.517422E+01
      vertex 6.106921E+01 1.476548E+01 -5.493967E+01
      vertex 6.106921E+01 1.636548E+01 -5.493967E+01
    endloop
  endfacet
  facet normal -8.314736E-01 0.000000E+00 5.555643E-01
    outer loop
      vertex 6.091249E+01 1.476548E+01 -5.517422E+01
      vertex 6.106921E+01 1.476548E+01 -5.493967E+01
      vertex 6.091249E+01 1.636548E+01 -5.517422E+01
    endloop
  endfacet
  facet normal -9.381893E-01 0.000000E+00 3.461227E-01
    outer loop
      vertex 6.106921E+01 1.636548E+01 -5.493967E+01
      vertex 6.116684E+01 1.476548E+01 -5.467502E+01
      vertex 6.116684E+01 1.636548E+01 -5.467502E+01
    endloop
  endfacet
  facet normal -9.381893E-01 0.000000E+00 3.461227E-01
    outer loop
      vertex 6.106921E+01 1.476548E+01 -5.493967E+01
      vertex 6.116684E+01 1.476548E+01 -5.467502E+01
      vertex 6.106921E+01 1.636548E+01 -5.493967E+01
    endloop
  endfacet
  facet normal -9.930680E-01 0.000000E+00 1.175411E-01
    outer loop
      vertex 6.116684E+01 1.636548E+01 -5.467502E+01
      vertex 6.120000E+01 1.476548E+01 -5.439489E+01
      vertex 6.120000E+01 1.636548E+01 -5.439489E+01
    endloop
  endfacet
  facet normal -9.930680E-01 0.000000E+00 1.175411E-01
    outer loop
      vertex 6.116684E+01 1.476548E+01 -5.467502E+01
      vertex 6.120000E+01 1.476548E+01 -5.439489E+01
      vertex 6.116684E+01 1.636548E+01 -5.467502E+01
    endloop
  endfacet
  facet normal 9.951847E-01 0.000000E+00 9.801847E-02
    outer loop
      vertex 8.800000E+00 1.636548E+01 -5.439489E+01
      vertex 8.800000E+00 1.476548E+01 -5.439489E+01
      vertex 8.823058E+00 1.636548E+01 -5.462899E+01
    endloop
  endfacet
  facet normal 9.569408E-01 0.000000E+00 2.902833E-01
    outer loop
      vertex 8.823058E+00 1.636548E+01 -5.462899E+01
      vertex 8.823058E+00 1.476548E+01 -5.462899E+01
      vertex 8.891345E+00 1.636548E+01 -5.485411E+01
    endloop
  endfacet
  facet normal 9.951847E-01 0.000000E+00 9.801847E-02
    outer loop
      vertex 8.800000E+00 1.476548E+01 -5.439489E+01
      vertex 8.823058E+00 1.476548E+01 -5.462899E+01
      vertex 8.823058E+00 1.636548E+01 -5.462899E+01
    endloop
  endfacet
  facet normal 8.819241E-01 0.000000E+00 4.713914E-01
    outer loop
      vertex 8.891345E+00 1.636548E+01 -5.485411E+01
      vertex 8.891345E+00 1.476548E+01 -5.485411E+01
      vertex 9.002236E+00 1.636548E+01 -5.506157E+01
    endloop
  endfacet
  facet normal 9.569408E-01 0.000000E+00 2.902833E-01
    outer loop
      vertex 8.823058E+00 1.476548E+01 -5.462899E+01
      vertex 8.891345E+00 1.476548E+01 -5.485411E+01
      vertex 8.891345E+00 1.636548E+01 -5.485411E+01
    endloop
  endfacet
  facet normal 7.730080E-01 0.000000E+00 6.343963E-01
    outer loop
      vertex 9.002236E+00 1.636548E+01 -5.506157E+01
      vertex 9.002236E+00 1.476548E+01 -5.506157E+01
      vertex 9.151472E+00 1.636548E+01 -5.524342E+01
    endloop
  endfacet
  facet normal 8.819241E-01 0.000000E+00 4.713914E-01
    outer loop
      vertex 8.891345E+00 1.476548E+01 -5.485411E+01
      vertex 9.002236E+00 1.476548E+01 -5.506157E+01
      vertex 9.002236E+00 1.636548E+01 -5.506157E+01
    endloop
  endfacet
  facet normal 7.730080E-01 0.000000E+00 6.343963E-01
    outer loop
      vertex 9.002236E+00 1.476548E+01 -5.506157E+01
      vertex 9.151472E+00 1.476548E+01 -5.524342E+01
      vertex 9.151472E+00 1.636548E+01 -5.524342E+01
    endloop
  endfacet
  facet normal 6.190951E-01 0.000000E+00 7.853161E-01
    outer loop
      vertex 9.151472E+00 1.636548E+01 -5.524342E+01
      vertex 9.373002E+00 1.476548E+01 -5.541806E+01
      vertex 9.373002E+00 1.636548E+01 -5.541806E+01
    endloop
  endfacet
  facet normal 6.190951E-01 -0.000000E+00 7.853161E-01
    outer loop
      vertex 9.151472E+00 1.476548E+01 -5.524342E+01
      vertex 9.373002E+00 1.476548E+01 -5.541806E+01
      vertex 9.151472E+00 1.636548E+01 -5.524342E+01
    endloop
  endfacet
  facet normal 4.186585E-01 0.000000E+00 9.081437E-01
    outer loop
      vertex 9.373002E+00 1.636548E+01 -5.541806E+01
      vertex 9.629180E+00 1.476548E+01 -5.553616E+01
      vertex 9.629180E+00 1.636548E+01 -5.553616E+01
    endloop
  endfacet
  facet normal 4.186585E-01 -0.000000E+00 9.081437E-01
    outer loop
      vertex 9.373002E+00 1.476548E+01 -5.541806E+01
      vertex 9.629180E+00 1.476548E+01 -5.553616E+01
      vertex 9.373002E+00 1.636548E+01 -5.541806E+01
    endloop
  endfacet
  facet normal 1.950829E-01 0.000000E+00 9.807867E-01
    outer loop
      vertex 9.629180E+00 1.636548E+01 -5.553616E+01
      vertex 9.905849E+00 1.476548E+01 -5.559119E+01
      vertex 9.905849E+00 1.636548E+01 -5.559119E+01
    endloop
  endfacet
  facet normal 1.950829E-01 -0.000000E+00 9.807867E-01
    outer loop
      vertex 9.629180E+00 1.476548E+01 -5.553616E+01
      vertex 9.905849E+00 1.476548E+01 -5.559119E+01
      vertex 9.629180E+00 1.636548E+01 -5.553616E+01
    endloop
  endfacet
  facet normal -3.925731E-02 0.000000E+00 9.992291E-01
    outer loop
      vertex 9.905849E+00 1.636548E+01 -5.559119E+01
      vertex 1.018772E+01 1.476548E+01 -5.558011E+01
      vertex 1.018772E+01 1.636548E+01 -5.558011E+01
    endloop
  endfacet
  facet normal -3.925731E-02 0.000000E+00 9.992291E-01
    outer loop
      vertex 9.905849E+00 1.476548E+01 -5.559119E+01
      vertex 1.018772E+01 1.476548E+01 -5.558011E+01
      vertex 9.905849E+00 1.636548E+01 -5.559119E+01
    endloop
  endfacet
  facet normal -2.714340E-01 0.000000E+00 9.624570E-01
    outer loop
      vertex 1.018772E+01 1.636548E+01 -5.558011E+01
      vertex 1.045922E+01 1.476548E+01 -5.550354E+01
      vertex 1.045922E+01 1.636548E+01 -5.550354E+01
    endloop
  endfacet
  facet normal -2.714340E-01 0.000000E+00 9.624570E-01
    outer loop
      vertex 1.018772E+01 1.476548E+01 -5.558011E+01
      vertex 1.045922E+01 1.476548E+01 -5.550354E+01
      vertex 1.018772E+01 1.636548E+01 -5.558011E+01
    endloop
  endfacet
  facet normal -4.886248E-01 0.000000E+00 8.724940E-01
    outer loop
      vertex 1.045922E+01 1.636548E+01 -5.550354E+01
      vertex 1.070534E+01 1.476548E+01 -5.536571E+01
      vertex 1.070534E+01 1.636548E+01 -5.536571E+01
    endloop
  endfacet
  facet normal -4.886248E-01 0.000000E+00 8.724940E-01
    outer loop
      vertex 1.045922E+01 1.476548E+01 -5.550354E+01
      vertex 1.070534E+01 1.476548E+01 -5.536571E+01
      vertex 1.045922E+01 1.636548E+01 -5.550354E+01
    endloop
  endfacet
  facet normal -6.788006E-01 0.000000E+00 7.343227E-01
    outer loop
      vertex 1.070534E+01 1.636548E+01 -5.536571E+01
      vertex 1.091249E+01 1.476548E+01 -5.517422E+01
      vertex 1.091249E+01 1.636548E+01 -5.517422E+01
    endloop
  endfacet
  facet normal -6.788006E-01 0.000000E+00 7.343227E-01
    outer loop
      vertex 1.070534E+01 1.476548E+01 -5.536571E+01
      vertex 1.091249E+01 1.476548E+01 -5.517422E+01
      vertex 1.070534E+01 1.636548E+01 -5.536571E+01
    endloop
  endfacet
  facet normal -8.314704E-01 0.000000E+00 5.555691E-01
    outer loop
      vertex 1.091249E+01 1.636548E+01 -5.517422E+01
      vertex 1.106921E+01 1.476548E+01 -5.493967E+01
      vertex 1.106921E+01 1.636548E+01 -5.493967E+01
    endloop
  endfacet
  facet normal -8.314704E-01 0.000000E+00 5.555691E-01
    outer loop
      vertex 1.091249E+01 1.476548E+01 -5.517422E+01
      vertex 1.106921E+01 1.476548E+01 -5.493967E+01
      vertex 1.091249E+01 1.636548E+01 -5.517422E+01
    endloop
  endfacet
  facet normal -9.381903E-01 0.000000E+00 3.461197E-01
    outer loop
      vertex 1.106921E+01 1.636548E+01 -5.493967E+01
      vertex 1.116684E+01 1.476548E+01 -5.467502E+01
      vertex 1.116684E+01 1.636548E+01 -5.467502E+01
    endloop
  endfacet
  facet normal -9.381903E-01 0.000000E+00 3.461197E-01
    outer loop
      vertex 1.106921E+01 1.476548E+01 -5.493967E+01
      vertex 1.116684E+01 1.476548E+01 -5.467502E+01
      vertex 1.106921E+01 1.636548E+01 -5.493967E+01
    endloop
  endfacet
  facet normal -9.930688E-01 0.000000E+00 1.175344E-01
    outer loop
      vertex 1.116684E+01 1.636548E+01 -5.467502E+01
      vertex 1.120000E+01 1.476548E+01 -5.439489E+01
      vertex 1.120000E+01 1.636548E+01 -5.439489E+01
    endloop
  endfacet
  facet normal -9.930688E-01 0.000000E+00 1.175344E-01
    outer loop
      vertex 1.116684E+01 1.476548E+01 -5.467502E+01
      vertex 1.120000E+01 1.476548E+01 -5.439489E+01
      vertex 1.116684E+01 1.636548E+01 -5.467502E+01
    endloop
  endfacet
  facet normal -0.000000E+00 -9.927095E-01 -1.205316E-01
    outer loop
      vertex 1.600000E+00 2.396548E+01 -6.289489E+01
      vertex 1.600000E+00 2.393061E+01 -6.260771E+01
      vertex 1.396547E-14 2.396548E+01 -6.289489E+01
    endloop
  endfacet
  facet normal 0.000000E+00 -9.927095E-01 -1.205316E-01
    outer loop
      vertex 1.396547E-14 2.396548E+01 -6.289489E+01
      vertex 1.600000E+00 2.393061E+01 -6.260771E+01
      vertex 1.390170E-14 2.393061E+01 -6.260771E+01
    endloop
  endfacet
  facet normal 0.000000E+00 -9.350162E-01 -3.546052E-01
    outer loop
      vertex 1.390170E-14 2.393061E+01 -6.260771E+01
      vertex 1.600000E+00 2.382803E+01 -6.233722E+01
      vertex 1.384164E-14 2.382803E+01 -6.233722E+01
    endloop
  endfacet
  facet normal -0.000000E+00 -9.350162E-01 -3.546052E-01
    outer loop
      vertex 1.600000E+00 2.393061E+01 -6.260771E+01
      vertex 1.600000E+00 2.382803E+01 -6.233722E+01
      vertex 1.390170E-14 2.393061E+01 -6.260771E+01
    endloop
  endfacet
  facet normal 0.000000E+00 -8.229820E-01 -5.680674E-01
    outer loop
      vertex 1.384164E-14 2.382803E+01 -6.233722E+01
      vertex 1.600000E+00 2.366370E+01 -6.209914E+01
      vertex 1.378878E-14 2.366370E+01 -6.209914E+01
    endloop
  endfacet
  facet normal -0.000000E+00 -8.229820E-01 -5.680674E-01
    outer loop
      vertex 1.600000E+00 2.382803E+01 -6.233722E+01
      vertex 1.600000E+00 2.366370E+01 -6.209914E+01
      vertex 1.384164E-14 2.382803E+01 -6.233722E+01
    endloop
  endfacet
  facet normal 0.000000E+00 -6.631221E-01 -7.485112E-01
    outer loop
      vertex 1.378878E-14 2.366370E+01 -6.209914E+01
      vertex 1.600000E+00 2.344716E+01 -6.190731E+01
      vertex 1.374618E-14 2.344716E+01 -6.190731E+01
    endloop
  endfacet
  facet normal -0.000000E+00 -6.631221E-01 -7.485112E-01
    outer loop
      vertex 1.600000E+00 2.366370E+01 -6.209914E+01
      vertex 1.600000E+00 2.344716E+01 -6.190731E+01
      vertex 1.378878E-14 2.366370E+01 -6.209914E+01
    endloop
  endfacet
  facet normal 0.000000E+00 -4.647205E-01 -8.854574E-01
    outer loop
      vertex 1.374618E-14 2.344716E+01 -6.190731E+01
      vertex 1.600000E+00 2.319101E+01 -6.177287E+01
      vertex 1.371633E-14 2.319101E+01 -6.177287E+01
    endloop
  endfacet
  facet normal -0.000000E+00 -4.647205E-01 -8.854574E-01
    outer loop
      vertex 1.600000E+00 2.344716E+01 -6.190731E+01
      vertex 1.600000E+00 2.319101E+01 -6.177287E+01
      vertex 1.374618E-14 2.344716E+01 -6.190731E+01
    endloop
  endfacet
  facet normal 0.000000E+00 -2.393214E-01 -9.709404E-01
    outer loop
      vertex 1.371633E-14 2.319101E+01 -6.177287E+01
      vertex 1.600000E+00 2.291013E+01 -6.170364E+01
      vertex 1.370096E-14 2.291013E+01 -6.170364E+01
    endloop
  endfacet
  facet normal -0.000000E+00 -2.393214E-01 -9.709404E-01
    outer loop
      vertex 1.600000E+00 2.319101E+01 -6.177287E+01
      vertex 1.600000E+00 2.291013E+01 -6.170364E+01
      vertex 1.371633E-14 2.319101E+01 -6.177287E+01
    endloop
  endfacet
  facet normal 0.000000E+00 0.000000E+00 -1.000000E+00
    outer loop
      vertex 1.370096E-14 2.291013E+01 -6.170364E+01
      vertex 1.600000E+00 2.262084E+01 -6.170364E+01
      vertex 1.370096E-14 2.262084E+01 -6.170364E+01
    endloop
  endfacet
  facet normal -0.000000E+00 -0.000000E+00 -1.000000E+00
    outer loop
      vertex 1.600000E+00 2.291013E+01 -6.170364E+01
      vertex 1.600000E+00 2.262084E+01 -6.170364E+01
      vertex 1.370096E-14 2.291013E+01 -6.170364E+01
    endloop
  endfacet
  facet normal 0.000000E+00 2.393214E-01 -9.709404E-01
    outer loop
      vertex 1.370096E-14 2.262084E+01 -6.170364E+01
      vertex 1.600000E+00 2.233996E+01 -6.177287E+01
      vertex 1.371633E-14 2.233996E+01 -6.177287E+01
    endloop
  endfacet
  facet normal 0.000000E+00 2.393214E-01 -9.709404E-01
    outer loop
      vertex 1.600000E+00 2.262084E+01 -6.170364E+01
      vertex 1.600000E+00 2.233996E+01 -6.177287E+01
      vertex 1.370096E-14 2.262084E+01 -6.170364E+01
    endloop
  endfacet
  facet normal 0.000000E+00 4.647179E-01 -8.854588E-01
    outer loop
      vertex 1.371633E-14 2.233996E+01 -6.177287E+01
      vertex 1.600000E+00 2.208381E+01 -6.190731E+01
      vertex 1.374618E-14 2.208381E+01 -6.190731E+01
    endloop
  endfacet
  facet normal 0.000000E+00 4.647179E-01 -8.854588E-01
    outer loop
      vertex 1.600000E+00 2.233996E+01 -6.177287E+01
      vertex 1.600000E+00 2.208381E+01 -6.190731E+01
      vertex 1.371633E-14 2.233996E+01 -6.177287E+01
    endloop
  endfacet
  facet normal 0.000000E+00 6.631254E-01 -7.485083E-01
    outer loop
      vertex 1.374618E-14 2.208381E+01 -6.190731E+01
      vertex 1.600000E+00 2.186727E+01 -6.209914E+01
      vertex 1.378878E-14 2.186727E+01 -6.209914E+01
    endloop
  endfacet
  facet normal 0.000000E+00 6.631254E-01 -7.485083E-01
    outer loop
      vertex 1.600000E+00 2.208381E+01 -6.190731E+01
      vertex 1.600000E+00 2.186727E+01 -6.209914E+01
      vertex 1.374618E-14 2.208381E+01 -6.190731E+01
    endloop
  endfacet
  facet normal 0.000000E+00 8.229820E-01 -5.680674E-01
    outer loop
      vertex 1.378878E-14 2.186727E+01 -6.209914E+01
      vertex 1.600000E+00 2.170294E+01 -6.233722E+01
      vertex 1.384164E-14 2.170294E+01 -6.233722E+01
    endloop
  endfacet
  facet normal 0.000000E+00 8.229820E-01 -5.680674E-01
    outer loop
      vertex 1.600000E+00 2.186727E+01 -6.209914E+01
      vertex 1.600000E+00 2.170294E+01 -6.233722E+01
      vertex 1.378878E-14 2.186727E+01 -6.209914E+01
    endloop
  endfacet
  facet normal 0.000000E+00 9.350162E-01 -3.546052E-01
    outer loop
      vertex 1.384164E-14 2.170294E+01 -6.233722E+01
      vertex 1.600000E+00 2.160035E+01 -6.260771E+01
      vertex 1.390170E-14 2.160035E+01 -6.260771E+01
    endloop
  endfacet
  facet normal 0.000000E+00 9.350162E-01 -3.546052E-01
    outer loop
      vertex 1.600000E+00 2.170294E+01 -6.233722E+01
      vertex 1.600000E+00 2.160035E+01 -6.260771E+01
      vertex 1.384164E-14 2.170294E+01 -6.233722E+01
    endloop
  endfacet
  facet normal 0.000000E+00 9.927086E-01 -1.205381E-01
    outer loop
      vertex 1.390170E-14 2.160035E+01 -6.260771E+01
      vertex 1.600000E+00 2.156548E+01 -6.289489E+01
      vertex 1.396547E-14 2.156548E+01 -6.289489E+01
    endloop
  endfacet
  facet normal 0.000000E+00 9.927086E-01 -1.205381E-01
    outer loop
      vertex 1.600000E+00 2.160035E+01 -6.260771E+01
      vertex 1.600000E+00 2.156548E+01 -6.289489E+01
      vertex 1.390170E-14 2.160035E+01 -6.260771E+01
    endloop
  endfacet
  facet normal -0.000000E+00 -9.927086E-01 -1.205381E-01
    outer loop
      vertex 1.600000E+00 5.096548E+01 -6.289489E+01
      vertex 1.600000E+00 5.093061E+01 -6.260771E+01
      vertex 1.396547E-14 5.096548E+01 -6.289489E+01
    endloop
  endfacet
  facet normal 0.000000E+00 -9.927086E-01 -1.205381E-01
    outer loop
      vertex 1.396547E-14 5.096548E+01 -6.289489E+01
      vertex 1.600000E+00 5.093061E+01 -6.260771E+01
      vertex 1.390170E-14 5.093061E+01 -6.260771E+01
    endloop
  endfacet
  facet normal 0.000000E+00 -9.350140E-01 -3.546109E-01
    outer loop
      vertex 1.390170E-14 5.093061E+01 -6.260771E+01
      vertex 1.600000E+00 5.082803E+01 -6.233722E+01
      vertex 1.384164E-14 5.082803E+01 -6.233722E+01
    endloop
  endfacet
  facet normal -0.000000E+00 -9.350140E-01 -3.546109E-01
    outer loop
      vertex 1.600000E+00 5.093061E+01 -6.260771E+01
      vertex 1.600000E+00 5.082803E+01 -6.233722E+01
      vertex 1.390170E-14 5.093061E+01 -6.260771E+01
    endloop
  endfacet
  facet normal 0.000000E+00 -8.229851E-01 -5.680629E-01
    outer loop
      vertex 1.384164E-14 5.082803E+01 -6.233722E+01
      vertex 1.600000E+00 5.066370E+01 -6.209914E+01
      vertex 1.378878E-14 5.066370E+01 -6.209914E+01
    endloop
  endfacet
  facet normal -0.000000E+00 -8.229851E-01 -5.680629E-01
    outer loop
      vertex 1.600000E+00 5.082803E+01 -6.233722E+01
      vertex 1.600000E+00 5.066370E+01 -6.209914E+01
      vertex 1.384164E-14 5.082803E+01 -6.233722E+01
    endloop
  endfacet
  facet normal 0.000000E+00 -6.631254E-01 -7.485083E-01
    outer loop
      vertex 1.378878E-14 5.066370E+01 -6.209914E+01
      vertex 1.600000E+00 5.044716E+01 -6.190731E+01
      vertex 1.374618E-14 5.044716E+01 -6.190731E+01
    endloop
  endfacet
  facet normal -0.000000E+00 -6.631254E-01 -7.485083E-01
    outer loop
      vertex 1.600000E+00 5.066370E+01 -6.209914E+01
      vertex 1.600000E+00 5.044716E+01 -6.190731E+01
      vertex 1.378878E-14 5.066370E+01 -6.209914E+01
    endloop
  endfacet
  facet normal 0.000000E+00 -4.647179E-01 -8.854588E-01
    outer loop
      vertex 1.374618E-14 5.044716E+01 -6.190731E+01
      vertex 1.600000E+00 5.019101E+01 -6.177287E+01
      vertex 1.371633E-14 5.019101E+01 -6.177287E+01
    endloop
  endfacet
  facet normal -0.000000E+00 -4.647179E-01 -8.854588E-01
    outer loop
      vertex 1.600000E+00 5.044716E+01 -6.190731E+01
      vertex 1.600000E+00 5.019101E+01 -6.177287E+01
      vertex 1.374618E-14 5.044716E+01 -6.190731E+01
    endloop
  endfacet
  facet normal 0.000000E+00 -2.393199E-01 -9.709408E-01
    outer loop
      vertex 1.371633E-14 5.019101E+01 -6.177287E+01
      vertex 1.600000E+00 4.991013E+01 -6.170364E+01
      vertex 1.370096E-14 4.991013E+01 -6.170364E+01
    endloop
  endfacet
  facet normal -0.000000E+00 -2.393199E-01 -9.709408E-01
    outer loop
      vertex 1.600000E+00 5.019101E+01 -6.177287E+01
      vertex 1.600000E+00 4.991013E+01 -6.170364E+01
      vertex 1.371633E-14 5.019101E+01 -6.177287E+01
    endloop
  endfacet
  facet normal 0.000000E+00 0.000000E+00 -1.000000E+00
    outer loop
      vertex 1.370096E-14 4.991013E+01 -6.170364E+01
      vertex 1.600000E+00 4.962084E+01 -6.170364E+01
      vertex 1.370096E-14 4.962084E+01 -6.170364E+01
    endloop
  endfacet
  facet normal -0.000000E+00 -0.000000E+00 -1.000000E+00
    outer loop
      vertex 1.600000E+00 4.991013E+01 -6.170364E+01
      vertex 1.600000E+00 4.962084E+01 -6.170364E+01
      vertex 1.370096E-14 4.991013E+01 -6.170364E+01
    endloop
  endfacet
  facet normal 0.000000E+00 2.393230E-01 -9.709401E-01
    outer loop
      vertex 1.370096E-14 4.962084E+01 -6.170364E+01
      vertex 1.600000E+00 4.933996E+01 -6.177287E+01
      vertex 1.371633E-14 4.933996E+01 -6.177287E+01
    endloop
  endfacet
  facet normal 0.000000E+00 2.393230E-01 -9.709401E-01
    outer loop
      vertex 1.600000E+00 4.962084E+01 -6.170364E+01
      vertex 1.600000E+00 4.933996E+01 -6.177287E+01
      vertex 1.370096E-14 4.962084E+01 -6.170364E+01
    endloop
  endfacet
  facet normal 0.000000E+00 4.647179E-01 -8.854588E-01
    outer loop
      vertex 1.371633E-14 4.933996E+01 -6.177287E+01
      vertex 1.600000E+00 4.908381E+01 -6.190731E+01
      vertex 1.374618E-14 4.908381E+01 -6.190731E+01
    endloop
  endfacet
  facet normal 0.000000E+00 4.647179E-01 -8.854588E-01
    outer loop
      vertex 1.600000E+00 4.933996E+01 -6.177287E+01
      vertex 1.600000E+00 4.908381E+01 -6.190731E+01
      vertex 1.371633E-14 4.933996E+01 -6.177287E+01
    endloop
  endfacet
  facet normal 0.000000E+00 6.631254E-01 -7.485083E-01
    outer loop
      vertex 1.374618E-14 4.908381E+01 -6.190731E+01
      vertex 1.600000E+00 4.886727E+01 -6.209914E+01
      vertex 1.378878E-14 4.886727E+01 -6.209914E+01
    endloop
  endfacet
  facet normal 0.000000E+00 6.631254E-01 -7.485083E-01
    outer loop
      vertex 1.600000E+00 4.908381E+01 -6.190731E+01
      vertex 1.600000E+00 4.886727E+01 -6.209914E+01
      vertex 1.374618E-14 4.908381E+01 -6.190731E+01
    endloop
  endfacet
  facet normal 0.000000E+00 8.229789E-01 -5.680718E-01
    outer loop
      vertex 1.378878E-14 4.886727E+01 -6.209914E+01
      vertex 1.600000E+00 4.870293E+01 -6.233722E+01
      vertex 1.384164E-14 4.870293E+01 -6.233722E+01
    endloop
  endfacet
  facet normal 0.000000E+00 8.229789E-01 -5.680718E-01
    outer loop
      vertex 1.600000E+00 4.886727E+01 -6.209914E+01
      vertex 1.600000E+00 4.870293E+01 -6.233722E+01
      vertex 1.378878E-14 4.886727E+01 -6.209914E+01
    endloop
  endfacet
  facet normal 0.000000E+00 9.350184E-01 -3.545994E-01
    outer loop
      vertex 1.384164E-14 4.870293E+01 -6.233722E+01
      vertex 1.600000E+00 4.860035E+01 -6.260771E+01
      vertex 1.390170E-14 4.860035E+01 -6.260771E+01
    endloop
  endfacet
  facet normal 0.000000E+00 9.350184E-01 -3.545994E-01
    outer loop
      vertex 1.600000E+00 4.870293E+01 -6.233722E+01
      vertex 1.600000E+00 4.860035E+01 -6.260771E+01
      vertex 1.384164E-14 4.870293E+01 -6.233722E+01
    endloop
  endfacet
  facet normal 0.000000E+00 9.927086E-01 -1.205381E-01
    outer loop
      vertex 1.390170E-14 4.860035E+01 -6.260771E+01
      vertex 1.600000E+00 4.856548E+01 -6.289489E+01
      vertex 1.396547E-14 4.856548E+01 -6.289489E+01
    endloop
  endfacet
  facet normal 0.000000E+00 9.927086E-01 -1.205381E-01
    outer loop
      vertex 1.600000E+00 4.860035E+01 -6.260771E+01
      vertex 1.600000E+00 4.856548E+01 -6.289489E+01
      vertex 1.390170E-14 4.860035E+01 -6.260771E+01
    endloop
  endfacet
  facet normal 0.000000E+00 9.927087E-01 -1.205381E-01
    outer loop
      vertex 6.840000E+01 2.156548E+01 -6.289489E+01
      vertex 6.840000E+01 2.160035E+01 -6.260771E+01
      vertex 7.000000E+01 2.156548E+01 -6.289489E+01
    endloop
  endfacet
  facet normal 0.000000E+00 9.927087E-01 -1.205381E-01
    outer loop
      vertex 7.000000E+01 2.156548E+01 -6.289489E+01
      vertex 6.840000E+01 2.160035E+01 -6.260771E+01
      vertex 7.000000E+01 2.160035E+01 -6.260771E+01
    endloop
  endfacet
  facet normal 0.000000E+00 9.350161E-01 -3.546051E-01
    outer loop
      vertex 7.000000E+01 2.160035E+01 -6.260771E+01
      vertex 6.840000E+01 2.170294E+01 -6.233722E+01
      vertex 7.000000E+01 2.170294E+01 -6.233722E+01
    endloop
  endfacet
  facet normal 0.000000E+00 9.350161E-01 -3.546051E-01
    outer loop
      vertex 6.840000E+01 2.160035E+01 -6.260771E+01
      vertex 6.840000E+01 2.170294E+01 -6.233722E+01
      vertex 7.000000E+01 2.160035E+01 -6.260771E+01
    endloop
  endfacet
  facet normal 0.000000E+00 8.229820E-01 -5.680674E-01
    outer loop
      vertex 7.000000E+01 2.170294E+01 -6.233722E+01
      vertex 6.840000E+01 2.186727E+01 -6.209914E+01
      vertex 7.000000E+01 2.186727E+01 -6.209914E+01
    endloop
  endfacet
  facet normal 0.000000E+00 8.229820E-01 -5.680674E-01
    outer loop
      vertex 6.840000E+01 2.170294E+01 -6.233722E+01
      vertex 6.840000E+01 2.186727E+01 -6.209914E+01
      vertex 7.000000E+01 2.170294E+01 -6.233722E+01
    endloop
  endfacet
  facet normal 0.000000E+00 6.631254E-01 -7.485083E-01
    outer loop
      vertex 7.000000E+01 2.186727E+01 -6.209914E+01
      vertex 6.840000E+01 2.208381E+01 -6.190731E+01
      vertex 7.000000E+01 2.208381E+01 -6.190731E+01
    endloop
  endfacet
  facet normal 0.000000E+00 6.631254E-01 -7.485083E-01
    outer loop
      vertex 6.840000E+01 2.186727E+01 -6.209914E+01
      vertex 6.840000E+01 2.208381E+01 -6.190731E+01
      vertex 7.000000E+01 2.186727E+01 -6.209914E+01
    endloop
  endfacet
  facet normal 0.000000E+00 4.647179E-01 -8.854588E-01
    outer loop
      vertex 7.000000E+01 2.208381E+01 -6.190731E+01
      vertex 6.840000E+01 2.233996E+01 -6.177287E+01
      vertex 7.000000E+01 2.233996E+01 -6.177287E+01
    endloop
  endfacet
  facet normal 0.000000E+00 4.647179E-01 -8.854588E-01
    outer loop
      vertex 6.840000E+01 2.208381E+01 -6.190731E+01
      vertex 6.840000E+01 2.233996E+01 -6.177287E+01
      vertex 7.000000E+01 2.208381E+01 -6.190731E+01
    endloop
  endfacet
  facet normal 0.000000E+00 2.393215E-01 -9.709404E-01
    outer loop
      vertex 7.000000E+01 2.233996E+01 -6.177287E+01
      vertex 6.840000E+01 2.262084E+01 -6.170364E+01
      vertex 7.000000E+01 2.262084E+01 -6.170364E+01
    endloop
  endfacet
  facet normal 0.000000E+00 2.393215E-01 -9.709404E-01
    outer loop
      vertex 6.840000E+01 2.233996E+01 -6.177287E+01
      vertex 6.840000E+01 2.262084E+01 -6.170364E+01
      vertex 7.000000E+01 2.233996E+01 -6.177287E+01
    endloop
  endfacet
  facet normal 0.000000E+00 0.000000E+00 -1.000000E+00
    outer loop
      vertex 7.000000E+01 2.262084E+01 -6.170364E+01
      vertex 6.840000E+01 2.291013E+01 -6.170364E+01
      vertex 7.000000E+01 2.291013E+01 -6.170364E+01
    endloop
  endfacet
  facet normal 0.000000E+00 0.000000E+00 -1.000000E+00
    outer loop
      vertex 6.840000E+01 2.262084E+01 -6.170364E+01
      vertex 6.840000E+01 2.291013E+01 -6.170364E+01
      vertex 7.000000E+01 2.262084E+01 -6.170364E+01
    endloop
  endfacet
  facet normal 0.000000E+00 -2.393215E-01 -9.709404E-01
    outer loop
      vertex 7.000000E+01 2.291013E+01 -6.170364E+01
      vertex 6.840000E+01 2.319101E+01 -6.177287E+01
      vertex 7.000000E+01 2.319101E+01 -6.177287E+01
    endloop
  endfacet
  facet normal 0.000000E+00 -2.393215E-01 -9.709404E-01
    outer loop
      vertex 6.840000E+01 2.291013E+01 -6.170364E+01
      vertex 6.840000E+01 2.319101E+01 -6.177287E+01
      vertex 7.000000E+01 2.291013E+01 -6.170364E+01
    endloop
  endfacet
  facet normal 0.000000E+00 -4.647205E-01 -8.854574E-01
    outer loop
      vertex 7.000000E+01 2.319101E+01 -6.177287E+01
      vertex 6.840000E+01 2.344716E+01 -6.190731E+01
      vertex 7.000000E+01 2.344716E+01 -6.190731E+01
    endloop
  endfacet
  facet normal 0.000000E+00 -4.647205E-01 -8.854574E-01
    outer loop
      vertex 6.840000E+01 2.319101E+01 -6.177287E+01
      vertex 6.840000E+01 2.344716E+01 -6.190731E+01
      vertex 7.000000E+01 2.319101E+01 -6.177287E+01
    endloop
  endfacet
  facet normal 0.000000E+00 -6.631221E-01 -7.485112E-01
    outer loop
      vertex 7.000000E+01 2.344716E+01 -6.190731E+01
      vertex 6.840000E+01 2.366370E+01 -6.209914E+01
      vertex 7.000000E+01 2.366370E+01 -6.209914E+01
    endloop
  endfacet
  facet normal 0.000000E+00 -6.631221E-01 -7.485112E-01
    outer loop
      vertex 6.840000E+01 2.344716E+01 -6.190731E+01
      vertex 6.840000E+01 2.366370E+01 -6.209914E+01
      vertex 7.000000E+01 2.344716E+01 -6.190731E+01
    endloop
  endfacet
  facet normal 0.000000E+00 -8.229820E-01 -5.680674E-01
    outer loop
      vertex 7.000000E+01 2.366370E+01 -6.209914E+01
      vertex 6.840000E+01 2.382803E+01 -6.233722E+01
      vertex 7.000000E+01 2.382803E+01 -6.233722E+01
    endloop
  endfacet
  facet normal 0.000000E+00 -8.229820E-01 -5.680674E-01
    outer loop
      vertex 6.840000E+01 2.366370E+01 -6.209914E+01
      vertex 6.840000E+01 2.382803E+01 -6.233722E+01
      vertex 7.000000E+01 2.366370E+01 -6.209914E+01
    endloop
  endfacet
  facet normal 0.000000E+00 -9.350161E-01 -3.546051E-01
    outer loop
      vertex 7.000000E+01 2.382803E+01 -6.233722E+01
      vertex 6.840000E+01 2.393061E+01 -6.260771E+01
      vertex 7.000000E+01 2.393061E+01 -6.260771E+01
    endloop
  endfacet
  facet normal 0.000000E+00 -9.350161E-01 -3.546051E-01
    outer loop
      vertex 6.840000E+01 2.382803E+01 -6.233722E+01
      vertex 6.840000E+01 2.393061E+01 -6.260771E+01
      vertex 7.000000E+01 2.382803E+01 -6.233722E+01
    endloop
  endfacet
  facet normal 0.000000E+00 -9.927095E-01 -1.205316E-01
    outer loop
      vertex 7.000000E+01 2.393061E+01 -6.260771E+01
      vertex 6.840000E+01 2.396548E+01 -6.289489E+01
      vertex 7.000000E+01 2.396548E+01 -6.289489E+01
    endloop
  endfacet
  facet normal 0.000000E+00 -9.927095E-01 -1.205316E-01
    outer loop
      vertex 6.840000E+01 2.393061E+01 -6.260771E+01
      vertex 6.840000E+01 2.396548E+01 -6.289489E+01
      vertex 7.000000E+01 2.393061E+01 -6.260771E+01
    endloop
  endfacet
  facet normal 0.000000E+00 9.927087E-01 -1.205381E-01
    outer loop
      vertex 6.840000E+01 4.856548E+01 -6.289489E+01
      vertex 6.840000E+01 4.860035E+01 -6.260771E+01
      vertex 7.000000E+01 4.856548E+01 -6.289489E+01
    endloop
  endfacet
  facet normal 0.000000E+00 9.927087E-01 -1.205381E-01
    outer loop
      vertex 7.000000E+01 4.856548E+01 -6.289489E+01
      vertex 6.840000E+01 4.860035E+01 -6.260771E+01
      vertex 7.000000E+01 4.860035E+01 -6.260771E+01
    endloop
  endfacet
  facet normal 0.000000E+00 9.350184E-01 -3.545994E-01
    outer loop
      vertex 7.000000E+01 4.860035E+01 -6.260771E+01
      vertex 6.840000E+01 4.870293E+01 -6.233722E+01
      vertex 7.000000E+01 4.870293E+01 -6.233722E+01
    endloop
  endfacet
  facet normal 0.000000E+00 9.350184E-01 -3.545994E-01
    outer loop
      vertex 6.840000E+01 4.860035E+01 -6.260771E+01
      vertex 6.840000E+01 4.870293E+01 -6.233722E+01
      vertex 7.000000E+01 4.860035E+01 -6.260771E+01
    endloop
  endfacet
  facet normal 0.000000E+00 8.229790E-01 -5.680719E-01
    outer loop
      vertex 7.000000E+01 4.870293E+01 -6.233722E+01
      vertex 6.840000E+01 4.886727E+01 -6.209914E+01
      vertex 7.000000E+01 4.886727E+01 -6.209914E+01
    endloop
  endfacet
  facet normal 0.000000E+00 8.229790E-01 -5.680719E-01
    outer loop
      vertex 6.840000E+01 4.870293E+01 -6.233722E+01
      vertex 6.840000E+01 4.886727E+01 -6.209914E+01
      vertex 7.000000E+01 4.870293E+01 -6.233722E+01
    endloop
  endfacet
  facet normal 0.000000E+00 6.631254E-01 -7.485083E-01
    outer loop
      vertex 7.000000E+01 4.886727E+01 -6.209914E+01
      vertex 6.840000E+01 4.908381E+01 -6.190731E+01
      vertex 7.000000E+01 4.908381E+01 -6.190731E+01
    endloop
  endfacet
  facet normal 0.000000E+00 6.631254E-01 -7.485083E-01
    outer loop
      vertex 6.840000E+01 4.886727E+01 -6.209914E+01
      vertex 6.840000E+01 4.908381E+01 -6.190731E+01
      vertex 7.000000E+01 4.886727E+01 -6.209914E+01
    endloop
  endfacet
  facet normal 0.000000E+00 4.647179E-01 -8.854588E-01
    outer loop
      vertex 7.000000E+01 4.908381E+01 -6.190731E+01
      vertex 6.840000E+01 4.933996E+01 -6.177287E+01
      vertex 7.000000E+01 4.933996E+01 -6.177287E+01
    endloop
  endfacet
  facet normal 0.000000E+00 4.647179E-01 -8.854588E-01
    outer loop
      vertex 6.840000E+01 4.908381E+01 -6.190731E+01
      vertex 6.840000E+01 4.933996E+01 -6.177287E+01
      vertex 7.000000E+01 4.908381E+01 -6.190731E+01
    endloop
  endfacet
  facet normal 0.000000E+00 2.393230E-01 -9.709400E-01
    outer loop
      vertex 7.000000E+01 4.933996E+01 -6.177287E+01
      vertex 6.840000E+01 4.962084E+01 -6.170364E+01
      vertex 7.000000E+01 4.962084E+01 -6.170364E+01
    endloop
  endfacet
  facet normal 0.000000E+00 2.393230E-01 -9.709400E-01
    outer loop
      vertex 6.840000E+01 4.933996E+01 -6.177287E+01
      vertex 6.840000E+01 4.962084E+01 -6.170364E+01
      vertex 7.000000E+01 4.933996E+01 -6.177287E+01
    endloop
  endfacet
  facet normal 0.000000E+00 0.000000E+00 -1.000000E+00
    outer loop
      vertex 7.000000E+01 4.962084E+01 -6.170364E+01
      vertex 6.840000E+01 4.991013E+01 -6.170364E+01
      vertex 7.000000E+01 4.991013E+01 -6.170364E+01
    endloop
  endfacet
  facet normal 0.000000E+00 0.000000E+00 -1.000000E+00
    outer loop
      vertex 6.840000E+01 4.962084E+01 -6.170364E+01
      vertex 6.840000E+01 4.991013E+01 -6.170364E+01
      vertex 7.000000E+01 4.962084E+01 -6.170364E+01
    endloop
  endfacet
  facet normal 0.000000E+00 -2.393199E-01 -9.709408E-01
    outer loop
      vertex 7.000000E+01 4.991013E+01 -6.170364E+01
      vertex 6.840000E+01 5.019101E+01 -6.177287E+01
      vertex 7.000000E+01 5.019101E+01 -6.177287E+01
    endloop
  endfacet
  facet normal 0.000000E+00 -2.393199E-01 -9.709408E-01
    outer loop
      vertex 6.840000E+01 4.991013E+01 -6.170364E+01
      vertex 6.840000E+01 5.019101E+01 -6.177287E+01
      vertex 7.000000E+01 4.991013E+01 -6.170364E+01
    endloop
  endfacet
  facet normal 0.000000E+00 -4.647179E-01 -8.854588E-01
    outer loop
      vertex 7.000000E+01 5.019101E+01 -6.177287E+01
      vertex 6.840000E+01 5.044716E+01 -6.190731E+01
      vertex 7.000000E+01 5.044716E+01 -6.190731E+01
    endloop
  endfacet
  facet normal 0.000000E+00 -4.647179E-01 -8.854588E-01
    outer loop
      vertex 6.840000E+01 5.019101E+01 -6.177287E+01
      vertex 6.840000E+01 5.044716E+01 -6.190731E+01
      vertex 7.000000E+01 5.019101E+01 -6.177287E+01
    endloop
  endfacet
  facet normal 0.000000E+00 -6.631254E-01 -7.485083E-01
    outer loop
      vertex 7.000000E+01 5.044716E+01 -6.190731E+01
      vertex 6.840000E+01 5.066370E+01 -6.209914E+01
      vertex 7.000000E+01 5.066370E+01 -6.209914E+01
    endloop
  endfacet
  facet normal 0.000000E+00 -6.631254E-01 -7.485083E-01
    outer loop
      vertex 6.840000E+01 5.044716E+01 -6.190731E+01
      vertex 6.840000E+01 5.066370E+01 -6.209914E+01
      vertex 7.000000E+01 5.044716E+01 -6.190731E+01
    endloop
  endfacet
  facet normal 0.000000E+00 -8.229852E-01 -5.680630E-01
    outer loop
      vertex 7.000000E+01 5.066370E+01 -6.209914E+01
      vertex 6.840000E+01 5.082803E+01 -6.233722E+01
      vertex 7.000000E+01 5.082803E+01 -6.233722E+01
    endloop
  endfacet
  facet normal 0.000000E+00 -8.229852E-01 -5.680630E-01
    outer loop
      vertex 6.840000E+01 5.066370E+01 -6.209914E+01
      vertex 6.840000E+01 5.082803E+01 -6.233722E+01
      vertex 7.000000E+01 5.066370E+01 -6.209914E+01
    endloop
  endfacet
  facet normal 0.000000E+00 -9.350139E-01 -3.546109E-01
    outer loop
      vertex 7.000000E+01 5.082803E+01 -6.233722E+01
      vertex 6.840000E+01 5.093061E+01 -6.260771E+01
      vertex 7.000000E+01 5.093061E+01 -6.260771E+01
    endloop
  endfacet
  facet normal 0.000000E+00 -9.350139E-01 -3.546109E-01
    outer loop
      vertex 6.840000E+01 5.082803E+01 -6.233722E+01
      vertex 6.840000E+01 5.093061E+01 -6.260771E+01
      vertex 7.000000E+01 5.082803E+01 -6.233722E+01
    endloop
  endfacet
  facet normal 0.000000E+00 -9.927087E-01 -1.205381E-01
    outer loop
      vertex 7.000000E+01 5.093061E+01 -6.260771E+01
      vertex 6.840000E+01 5.096548E+01 -6.289489E+01
      vertex 7.000000E+01 5.096548E+01 -6.289489E+01
    endloop
  endfacet
  facet normal 0.000000E+00 -9.927087E-01 -1.205381E-01
    outer loop
      vertex 6.840000E+01 5.093061E+01 -6.260771E+01
      vertex 6.840000E+01 5.096548E+01 -6.289489E+01
      vertex 7.000000E+01 5.093061E+01 -6.260771E+01
    endloop
  endfacet
  facet normal 9.952334E-01 0.000000E+00 9.752205E-02
    outer loop
      vertex 4.247000E+01 4.626548E+01 -6.029489E+01
      vertex 4.247000E+01 3.726548E+01 -6.029489E+01
      vertex 4.248712E+01 4.626548E+01 -6.046960E+01
    endloop
  endfacet
  facet normal 9.573627E-01 0.000000E+00 2.888885E-01
    outer loop
      vertex 4.248712E+01 4.626548E+01 -6.046960E+01
      vertex 4.248712E+01 3.726548E+01 -6.046960E+01
      vertex 4.253784E+01 4.626548E+01 -6.063768E+01
    endloop
  endfacet
  facet normal 9.952334E-01 0.000000E+00 9.752205E-02
    outer loop
      vertex 4.247000E+01 3.726548E+01 -6.029489E+01
      vertex 4.248712E+01 3.726548E+01 -6.046960E+01
      vertex 4.248712E+01 4.626548E+01 -6.046960E+01
    endloop
  endfacet
  facet normal 9.573627E-01 0.000000E+00 2.888885E-01
    outer loop
      vertex 4.248712E+01 3.726548E+01 -6.046960E+01
      vertex 4.253784E+01 3.726548E+01 -6.063768E+01
      vertex 4.253784E+01 4.626548E+01 -6.063768E+01
    endloop
  endfacet
  facet normal 8.830707E-01 0.000000E+00 4.692400E-01
    outer loop
      vertex 4.253784E+01 4.626548E+01 -6.063768E+01
      vertex 4.262022E+01 3.726548E+01 -6.079271E+01
      vertex 4.262022E+01 4.626548E+01 -6.079271E+01
    endloop
  endfacet
  facet normal 8.830707E-01 -0.000000E+00 4.692400E-01
    outer loop
      vertex 4.253784E+01 3.726548E+01 -6.063768E+01
      vertex 4.262022E+01 3.726548E+01 -6.079271E+01
      vertex 4.253784E+01 4.626548E+01 -6.063768E+01
    endloop
  endfacet
  facet normal 7.633731E-01 0.000000E+00 6.459578E-01
    outer loop
      vertex 4.262022E+01 4.626548E+01 -6.079271E+01
      vertex 4.275497E+01 3.726548E+01 -6.095195E+01
      vertex 4.275497E+01 4.626548E+01 -6.095195E+01
    endloop
  endfacet
  facet normal 7.633731E-01 -0.000000E+00 6.459578E-01
    outer loop
      vertex 4.262022E+01 3.726548E+01 -6.079271E+01
      vertex 4.275497E+01 3.726548E+01 -6.095195E+01
      vertex 4.262022E+01 4.626548E+01 -6.079271E+01
    endloop
  endfacet
  facet normal 5.941560E-01 0.000000E+00 8.043498E-01
    outer loop
      vertex 4.275497E+01 4.626548E+01 -6.095195E+01
      vertex 4.292277E+01 3.726548E+01 -6.107590E+01
      vertex 4.292277E+01 4.626548E+01 -6.107590E+01
    endloop
  endfacet
  facet normal 5.941560E-01 -0.000000E+00 8.043498E-01
    outer loop
      vertex 4.275497E+01 3.726548E+01 -6.095195E+01
      vertex 4.292277E+01 3.726548E+01 -6.107590E+01
      vertex 4.275497E+01 4.626548E+01 -6.095195E+01
    endloop
  endfacet
  facet normal 3.929833E-01 0.000000E+00 9.195456E-01
    outer loop
      vertex 4.292277E+01 4.626548E+01 -6.107590E+01
      vertex 4.311460E+01 3.726548E+01 -6.115789E+01
      vertex 4.311460E+01 4.626548E+01 -6.115789E+01
    endloop
  endfacet
  facet normal 3.929833E-01 -0.000000E+00 9.195456E-01
    outer loop
      vertex 4.292277E+01 3.726548E+01 -6.107590E+01
      vertex 4.311460E+01 3.726548E+01 -6.115789E+01
      vertex 4.292277E+01 4.626548E+01 -6.107590E+01
    endloop
  endfacet
  facet normal 1.707354E-01 0.000000E+00 9.853169E-01
    outer loop
      vertex 4.311460E+01 4.626548E+01 -6.115789E+01
      vertex 4.332015E+01 3.726548E+01 -6.119350E+01
      vertex 4.332015E+01 4.626548E+01 -6.119350E+01
    endloop
  endfacet
  facet normal 1.707354E-01 -0.000000E+00 9.853169E-01
    outer loop
      vertex 4.311460E+01 3.726548E+01 -6.115789E+01
      vertex 4.332015E+01 3.726548E+01 -6.119350E+01
      vertex 4.311460E+01 4.626548E+01 -6.115789E+01
    endloop
  endfacet
  facet normal -6.069105E-02 0.000000E+00 9.981566E-01
    outer loop
      vertex 4.332015E+01 4.626548E+01 -6.119350E+01
      vertex 4.352838E+01 3.726548E+01 -6.118084E+01
      vertex 4.352838E+01 4.626548E+01 -6.118084E+01
    endloop
  endfacet
  facet normal -6.069105E-02 0.000000E+00 9.981566E-01
    outer loop
      vertex 4.332015E+01 3.726548E+01 -6.119350E+01
      vertex 4.352838E+01 3.726548E+01 -6.118084E+01
      vertex 4.332015E+01 4.626548E+01 -6.119350E+01
    endloop
  endfacet
  facet normal -2.888993E-01 0.000000E+00 9.573595E-01
    outer loop
      vertex 4.352838E+01 4.626548E+01 -6.118084E+01
      vertex 4.372810E+01 3.726548E+01 -6.112057E+01
      vertex 4.372810E+01 4.626548E+01 -6.112057E+01
    endloop
  endfacet
  facet normal -2.888993E-01 0.000000E+00 9.573595E-01
    outer loop
      vertex 4.352838E+01 3.726548E+01 -6.118084E+01
      vertex 4.372810E+01 3.726548E+01 -6.112057E+01
      vertex 4.352838E+01 4.626548E+01 -6.118084E+01
    endloop
  endfacet
  facet normal -5.015271E-01 0.000000E+00 8.651419E-01
    outer loop
      vertex 4.372810E+01 4.626548E+01 -6.112057E+01
      vertex 4.390858E+01 3.726548E+01 -6.101595E+01
      vertex 4.390858E+01 4.626548E+01 -6.101595E+01
    endloop
  endfacet
  facet normal -5.015271E-01 0.000000E+00 8.651419E-01
    outer loop
      vertex 4.372810E+01 3.726548E+01 -6.112057E+01
      vertex 4.390858E+01 3.726548E+01 -6.101595E+01
      vertex 4.372810E+01 4.626548E+01 -6.112057E+01
    endloop
  endfacet
  facet normal -6.872514E-01 0.000000E+00 7.264195E-01
    outer loop
      vertex 4.390858E+01 4.626548E+01 -6.101595E+01
      vertex 4.406012E+01 3.726548E+01 -6.087258E+01
      vertex 4.406012E+01 4.626548E+01 -6.087258E+01
    endloop
  endfacet
  facet normal -6.872514E-01 0.000000E+00 7.264195E-01
    outer loop
      vertex 4.390858E+01 3.726548E+01 -6.101595E+01
      vertex 4.406012E+01 3.726548E+01 -6.087258E+01
      vertex 4.390858E+01 4.626548E+01 -6.101595E+01
    endloop
  endfacet
  facet normal -8.360235E-01 0.000000E+00 5.486936E-01
    outer loop
      vertex 4.406012E+01 4.626548E+01 -6.087258E+01
      vertex 4.417459E+01 3.726548E+01 -6.069817E+01
      vertex 4.417459E+01 4.626548E+01 -6.069817E+01
    endloop
  endfacet
  facet normal -8.360235E-01 0.000000E+00 5.486936E-01
    outer loop
      vertex 4.406012E+01 3.726548E+01 -6.087258E+01
      vertex 4.417459E+01 3.726548E+01 -6.069817E+01
      vertex 4.406012E+01 4.626548E+01 -6.087258E+01
    endloop
  endfacet
  facet normal -9.398948E-01 0.000000E+00 3.414641E-01
    outer loop
      vertex 4.417459E+01 4.626548E+01 -6.069817E+01
      vertex 4.424582E+01 3.726548E+01 -6.050209E+01
      vertex 4.424582E+01 4.626548E+01 -6.050209E+01
    endloop
  endfacet
  facet normal -9.398948E-01 0.000000E+00 3.414641E-01
    outer loop
      vertex 4.417459E+01 3.726548E+01 -6.069817E+01
      vertex 4.424582E+01 3.726548E+01 -6.050209E+01
      vertex 4.417459E+01 4.626548E+01 -6.069817E+01
    endloop
  endfacet
  facet normal -9.932612E-01 0.000000E+00 1.158969E-01
    outer loop
      vertex 4.424582E+01 4.626548E+01 -6.050209E+01
      vertex 4.427000E+01 3.726548E+01 -6.029489E+01
      vertex 4.427000E+01 4.626548E+01 -6.029489E+01
    endloop
  endfacet
  facet normal -9.932612E-01 0.000000E+00 1.158969E-01
    outer loop
      vertex 4.424582E+01 3.726548E+01 -6.050209E+01
      vertex 4.427000E+01 3.726548E+01 -6.029489E+01
      vertex 4.424582E+01 4.626548E+01 -6.050209E+01
    endloop
  endfacet
  facet normal 9.945036E-01 0.000000E+00 1.047019E-01
    outer loop
      vertex 1.523000E+01 4.626548E+01 -6.029489E+01
      vertex 1.523000E+01 3.726548E+01 -6.029489E+01
      vertex 1.524973E+01 4.626548E+01 -6.048232E+01
    endloop
  endfacet
  facet normal 9.508947E-01 0.000000E+00 3.095144E-01
    outer loop
      vertex 1.524973E+01 4.626548E+01 -6.048232E+01
      vertex 1.524973E+01 3.726548E+01 -6.048232E+01
      vertex 1.530806E+01 4.626548E+01 -6.066152E+01
    endloop
  endfacet
  facet normal 9.945036E-01 0.000000E+00 1.047019E-01
    outer loop
      vertex 1.523000E+01 3.726548E+01 -6.029489E+01
      vertex 1.524973E+01 3.726548E+01 -6.048232E+01
      vertex 1.524973E+01 4.626548E+01 -6.048232E+01
    endloop
  endfacet
  facet normal 8.655918E-01 0.000000E+00 5.007504E-01
    outer loop
      vertex 1.530806E+01 4.626548E+01 -6.066152E+01
      vertex 1.530806E+01 3.726548E+01 -6.066152E+01
      vertex 1.540244E+01 4.626548E+01 -6.082465E+01
    endloop
  endfacet
  facet normal 9.508947E-01 0.000000E+00 3.095144E-01
    outer loop
      vertex 1.524973E+01 3.726548E+01 -6.048232E+01
      vertex 1.530806E+01 3.726548E+01 -6.066152E+01
      vertex 1.530806E+01 4.626548E+01 -6.066152E+01
    endloop
  endfacet
  facet normal 8.655918E-01 0.000000E+00 5.007504E-01
    outer loop
      vertex 1.530806E+01 3.726548E+01 -6.066152E+01
      vertex 1.540244E+01 3.726548E+01 -6.082465E+01
      vertex 1.540244E+01 4.626548E+01 -6.082465E+01
    endloop
  endfacet
  facet normal 7.423257E-01 0.000000E+00 6.700393E-01
    outer loop
      vertex 1.540244E+01 4.626548E+01 -6.082465E+01
      vertex 1.552871E+01 3.726548E+01 -6.096455E+01
      vertex 1.552871E+01 4.626548E+01 -6.096455E+01
    endloop
  endfacet
  facet normal 7.423257E-01 -0.000000E+00 6.700393E-01
    outer loop
      vertex 1.540244E+01 3.726548E+01 -6.082465E+01
      vertex 1.552871E+01 3.726548E+01 -6.096455E+01
      vertex 1.540244E+01 4.626548E+01 -6.082465E+01
    endloop
  endfacet
  facet normal 5.782105E-01 0.000000E+00 8.158876E-01
    outer loop
      vertex 1.552871E+01 4.626548E+01 -6.096455E+01
      vertex 1.569741E+01 3.726548E+01 -6.108411E+01
      vertex 1.569741E+01 4.626548E+01 -6.108411E+01
    endloop
  endfacet
  facet normal 5.782105E-01 -0.000000E+00 8.158876E-01
    outer loop
      vertex 1.552871E+01 3.726548E+01 -6.096455E+01
      vertex 1.569741E+01 3.726548E+01 -6.108411E+01
      vertex 1.552871E+01 4.626548E+01 -6.096455E+01
    endloop
  endfacet
  facet normal 3.767428E-01 0.000000E+00 9.263179E-01
    outer loop
      vertex 1.569741E+01 4.626548E+01 -6.108411E+01
      vertex 1.588894E+01 3.726548E+01 -6.116200E+01
      vertex 1.588894E+01 4.626548E+01 -6.116200E+01
    endloop
  endfacet
  facet normal 3.767428E-01 -0.000000E+00 9.263179E-01
    outer loop
      vertex 1.569741E+01 3.726548E+01 -6.108411E+01
      vertex 1.588894E+01 3.726548E+01 -6.116200E+01
      vertex 1.569741E+01 4.626548E+01 -6.108411E+01
    endloop
  endfacet
  facet normal 1.554010E-01 0.000000E+00 9.878514E-01
    outer loop
      vertex 1.588894E+01 4.626548E+01 -6.116200E+01
      vertex 1.609319E+01 3.726548E+01 -6.119413E+01
      vertex 1.609319E+01 4.626548E+01 -6.119413E+01
    endloop
  endfacet
  facet normal 1.554010E-01 -0.000000E+00 9.878514E-01
    outer loop
      vertex 1.588894E+01 3.726548E+01 -6.116200E+01
      vertex 1.609319E+01 3.726548E+01 -6.119413E+01
      vertex 1.588894E+01 4.626548E+01 -6.116200E+01
    endloop
  endfacet
  facet normal -7.413061E-02 0.000000E+00 9.972486E-01
    outer loop
      vertex 1.609319E+01 4.626548E+01 -6.119413E+01
      vertex 1.629938E+01 3.726548E+01 -6.117881E+01
      vertex 1.629938E+01 4.626548E+01 -6.117881E+01
    endloop
  endfacet
  facet normal -7.413061E-02 0.000000E+00 9.972486E-01
    outer loop
      vertex 1.609319E+01 3.726548E+01 -6.119413E+01
      vertex 1.629938E+01 3.726548E+01 -6.117881E+01
      vertex 1.609319E+01 4.626548E+01 -6.119413E+01
    endloop
  endfacet
  facet normal -2.997721E-01 0.000000E+00 9.540108E-01
    outer loop
      vertex 1.629938E+01 4.626548E+01 -6.117881E+01
      vertex 1.649663E+01 3.726548E+01 -6.111683E+01
      vertex 1.649663E+01 4.626548E+01 -6.111683E+01
    endloop
  endfacet
  facet normal -2.997721E-01 0.000000E+00 9.540108E-01
    outer loop
      vertex 1.629938E+01 3.726548E+01 -6.117881E+01
      vertex 1.649663E+01 3.726548E+01 -6.111683E+01
      vertex 1.629938E+01 4.626548E+01 -6.117881E+01
    endloop
  endfacet
  facet normal -5.095778E-01 0.000000E+00 8.604246E-01
    outer loop
      vertex 1.649663E+01 4.626548E+01 -6.111683E+01
      vertex 1.667454E+01 3.726548E+01 -6.101146E+01
      vertex 1.667454E+01 4.626548E+01 -6.101146E+01
    endloop
  endfacet
  facet normal -5.095778E-01 0.000000E+00 8.604246E-01
    outer loop
      vertex 1.649663E+01 3.726548E+01 -6.111683E+01
      vertex 1.667454E+01 3.726548E+01 -6.101146E+01
      vertex 1.649663E+01 4.626548E+01 -6.111683E+01
    endloop
  endfacet
  facet normal -6.924992E-01 0.000000E+00 7.214187E-01
    outer loop
      vertex 1.667454E+01 4.626548E+01 -6.101146E+01
      vertex 1.682370E+01 3.726548E+01 -6.086828E+01
      vertex 1.682370E+01 4.626548E+01 -6.086828E+01
    endloop
  endfacet
  facet normal -6.924992E-01 0.000000E+00 7.214187E-01
    outer loop
      vertex 1.667454E+01 3.726548E+01 -6.101146E+01
      vertex 1.682370E+01 3.726548E+01 -6.086828E+01
      vertex 1.667454E+01 4.626548E+01 -6.101146E+01
    endloop
  endfacet
  facet normal -8.388569E-01 0.000000E+00 5.443520E-01
    outer loop
      vertex 1.682370E+01 4.626548E+01 -6.086828E+01
      vertex 1.693625E+01 3.726548E+01 -6.069484E+01
      vertex 1.693625E+01 4.626548E+01 -6.069484E+01
    endloop
  endfacet
  facet normal -8.388569E-01 0.000000E+00 5.443520E-01
    outer loop
      vertex 1.682370E+01 3.726548E+01 -6.086828E+01
      vertex 1.693625E+01 3.726548E+01 -6.069484E+01
      vertex 1.682370E+01 4.626548E+01 -6.086828E+01
    endloop
  endfacet
  facet normal -9.409513E-01 0.000000E+00 3.385421E-01
    outer loop
      vertex 1.693625E+01 4.626548E+01 -6.069484E+01
      vertex 1.700625E+01 3.726548E+01 -6.050028E+01
      vertex 1.700625E+01 4.626548E+01 -6.050028E+01
    endloop
  endfacet
  facet normal -9.409513E-01 0.000000E+00 3.385421E-01
    outer loop
      vertex 1.693625E+01 3.726548E+01 -6.069484E+01
      vertex 1.700625E+01 3.726548E+01 -6.050028E+01
      vertex 1.693625E+01 4.626548E+01 -6.069484E+01
    endloop
  endfacet
  facet normal -9.933808E-01 0.000000E+00 1.148671E-01
    outer loop
      vertex 1.700625E+01 4.626548E+01 -6.050028E+01
      vertex 1.703000E+01 3.726548E+01 -6.029489E+01
      vertex 1.703000E+01 4.626548E+01 -6.029489E+01
    endloop
  endfacet
  facet normal -9.933808E-01 0.000000E+00 1.148671E-01
    outer loop
      vertex 1.700625E+01 3.726548E+01 -6.050028E+01
      vertex 1.703000E+01 3.726548E+01 -6.029489E+01
      vertex 1.700625E+01 4.626548E+01 -6.050028E+01
    endloop
  endfacet
  facet normal 7.532627E-01 0.000000E+00 -6.577198E-01
    outer loop
      vertex 6.985355E+01 2.161904E+01 -6.924844E+01
      vertex 6.985355E+01 5.661904E+01 -6.924844E+01
      vertex 6.989793E+01 5.666342E+01 -6.919762E+01
    endloop
  endfacet
  facet normal 9.092196E-01 -1.062231E-05 -4.163168E-01
    outer loop
      vertex 6.993301E+01 2.151548E+01 -6.914489E+01
      vertex 6.993507E+01 5.670056E+01 -6.914129E+01
      vertex 6.997079E+01 5.673627E+01 -6.906329E+01
    endloop
  endfacet
  facet normal 8.348556E-01 7.461418E-06 -5.504690E-01
    outer loop
      vertex 6.993301E+01 2.151548E+01 -6.914489E+01
      vertex 6.989793E+01 5.666342E+01 -6.919762E+01
      vertex 6.993507E+01 5.670056E+01 -6.914129E+01
    endloop
  endfacet
  facet normal 7.932926E-01 -1.215864E-04 -6.088405E-01
    outer loop
      vertex 6.993301E+01 2.151548E+01 -6.914489E+01
      vertex 6.985355E+01 2.161904E+01 -6.924844E+01
      vertex 6.989793E+01 5.666342E+01 -6.919762E+01
    endloop
  endfacet
  facet normal 9.669846E-01 5.199373E-05 -2.548344E-01
    outer loop
      vertex 6.998296E+01 2.139489E+01 -6.902430E+01
      vertex 6.997079E+01 5.673627E+01 -6.906329E+01
      vertex 6.999265E+01 5.675813E+01 -6.898035E+01
    endloop
  endfacet
  facet normal 9.238440E-01 -1.040266E-04 -3.827692E-01
    outer loop
      vertex 6.998296E+01 2.139489E+01 -6.902430E+01
      vertex 6.993301E+01 2.151548E+01 -6.914489E+01
      vertex 6.997079E+01 5.673627E+01 -6.906329E+01
    endloop
  endfacet
  facet normal 9.963170E-01 0.000000E+00 -8.574677E-02
    outer loop
      vertex 7.000000E+01 2.126548E+01 -6.889489E+01
      vertex 6.999265E+01 5.675813E+01 -6.898035E+01
      vertex 7.000000E+01 5.676548E+01 -6.889489E+01
    endloop
  endfacet
  facet normal 9.914314E-01 -1.090751E-04 -1.306283E-01
    outer loop
      vertex 7.000000E+01 2.126548E+01 -6.889489E+01
      vertex 6.998296E+01 2.139489E+01 -6.902430E+01
      vertex 6.999265E+01 5.675813E+01 -6.898035E+01
    endloop
  endfacet
  facet normal 0.000000E+00 -2.902547E-01 -9.569494E-01
    outer loop
      vertex 6.959754E+01 2.187505E+01 -6.938528E+01
      vertex 6.969135E+01 2.178125E+01 -6.935683E+01
      vertex 3.086583E-01 2.178125E+01 -6.935683E+01
    endloop
  endfacet
  facet normal -0.000000E+00 -2.902547E-01 -9.569495E-01
    outer loop
      vertex 6.959754E+01 2.187505E+01 -6.938528E+01
      vertex 3.086583E-01 2.178125E+01 -6.935683E+01
      vertex 4.024549E-01 2.187505E+01 -6.938528E+01
    endloop
  endfacet
  facet normal -0.000000E+00 -9.807594E-02 -9.951789E-01
    outer loop
      vertex 6.950000E+01 2.197259E+01 -6.939489E+01
      vertex 4.024549E-01 2.187505E+01 -6.938528E+01
      vertex 5.000000E-01 2.197259E+01 -6.939489E+01
    endloop
  endfacet
  facet normal 0.000000E+00 -9.807594E-02 -9.951789E-01
    outer loop
      vertex 6.950000E+01 2.197259E+01 -6.939489E+01
      vertex 6.959754E+01 2.187505E+01 -6.938528E+01
      vertex 4.024549E-01 2.187505E+01 -6.938528E+01
    endloop
  endfacet
  facet normal -7.853297E-01 0.000000E+00 -6.190777E-01
    outer loop
      vertex 7.367992E-02 5.669180E+01 -6.915614E+01
      vertex 1.464466E-01 5.661904E+01 -6.924844E+01
      vertex 1.464466E-01 2.161904E+01 -6.924844E+01
    endloop
  endfacet
  facet normal -7.933333E-01 -4.368798E-05 -6.087875E-01
    outer loop
      vertex 7.367992E-02 5.669180E+01 -6.915614E+01
      vertex 1.464466E-01 2.161904E+01 -6.924844E+01
      vertex 6.698730E-02 2.151548E+01 -6.914489E+01
    endloop
  endfacet
  facet normal -9.238393E-01 -1.130506E-04 -3.827807E-01
    outer loop
      vertex 3.186285E-02 5.673362E+01 -6.907052E+01
      vertex 6.698730E-02 2.151548E+01 -6.914489E+01
      vertex 1.703709E-02 2.139489E+01 -6.902430E+01
    endloop
  endfacet
  facet normal -8.985447E-01 3.064763E-05 -4.388819E-01
    outer loop
      vertex 3.186285E-02 5.673362E+01 -6.907052E+01
      vertex 7.367992E-02 5.669180E+01 -6.915614E+01
      vertex 6.698730E-02 2.151548E+01 -6.914489E+01
    endloop
  endfacet
  facet normal -9.636130E-01 5.466887E-05 -2.673015E-01
    outer loop
      vertex 8.277398E-03 5.675721E+01 -6.898549E+01
      vertex 3.186285E-02 5.673362E+01 -6.907052E+01
      vertex 1.703709E-02 2.139489E+01 -6.902430E+01
    endloop
  endfacet
  facet normal -9.914307E-01 -1.094762E-04 -1.306335E-01
    outer loop
      vertex 2.073649E-03 5.676341E+01 -6.894038E+01
      vertex 1.703709E-02 2.139489E+01 -6.902430E+01
      vertex 1.529774E-14 2.126548E+01 -6.889489E+01
    endloop
  endfacet
  facet normal -9.906784E-01 -9.589768E-05 -1.362219E-01
    outer loop
      vertex 2.073649E-03 5.676341E+01 -6.894038E+01
      vertex 8.277398E-03 5.675721E+01 -6.898549E+01
      vertex 1.703709E-02 2.139489E+01 -6.902430E+01
    endloop
  endfacet
  facet normal -9.989625E-01 -0.000000E+00 -4.554099E-02
    outer loop
      vertex 1.529774E-14 5.676548E+01 -6.889489E+01
      vertex 2.073649E-03 5.676341E+01 -6.894038E+01
      vertex 1.529774E-14 2.126548E+01 -6.889489E+01
    endloop
  endfacet
  facet normal 0.000000E+00 7.532627E-01 -6.577198E-01
    outer loop
      vertex 6.989793E+01 5.666342E+01 -6.919762E+01
      vertex 6.985355E+01 5.661904E+01 -6.924844E+01
      vertex 1.464466E-01 5.661904E+01 -6.924844E+01
    endloop
  endfacet
  facet normal -4.854066E-05 7.853166E-01 -6.190943E-01
    outer loop
      vertex 6.989793E+01 5.666342E+01 -6.919762E+01
      vertex 1.464466E-01 5.661904E+01 -6.924844E+01
      vertex 7.367992E-02 5.669180E+01 -6.915614E+01
    endloop
  endfacet
  facet normal -1.933351E-05 8.985484E-01 -4.388745E-01
    outer loop
      vertex 6.993507E+01 5.670056E+01 -6.914129E+01
      vertex 7.367992E-02 5.669180E+01 -6.915614E+01
      vertex 3.186285E-02 5.673362E+01 -6.907052E+01
    endloop
  endfacet
  facet normal 1.236473E-05 8.348541E-01 -5.504713E-01
    outer loop
      vertex 6.993507E+01 5.670056E+01 -6.914129E+01
      vertex 6.989793E+01 5.666342E+01 -6.919762E+01
      vertex 7.367992E-02 5.669180E+01 -6.915614E+01
    endloop
  endfacet
  facet normal -8.862463E-06 9.636139E-01 -2.672983E-01
    outer loop
      vertex 6.997079E+01 5.673627E+01 -6.906329E+01
      vertex 3.186285E-02 5.673362E+01 -6.907052E+01
      vertex 8.277398E-03 5.675721E+01 -6.898549E+01
    endloop
  endfacet
  facet normal 8.587319E-06 9.092331E-01 -4.162874E-01
    outer loop
      vertex 6.997079E+01 5.673627E+01 -6.906329E+01
      vertex 6.993507E+01 5.670056E+01 -6.914129E+01
      vertex 3.186285E-02 5.673362E+01 -6.907052E+01
    endloop
  endfacet
  facet normal -3.005521E-06 9.906796E-01 -1.362126E-01
    outer loop
      vertex 6.999265E+01 5.675813E+01 -6.898035E+01
      vertex 8.277398E-03 5.675721E+01 -6.898549E+01
      vertex 2.073649E-03 5.676341E+01 -6.894038E+01
    endloop
  endfacet
  facet normal 6.020803E-06 9.669877E-01 -2.548231E-01
    outer loop
      vertex 6.999265E+01 5.675813E+01 -6.898035E+01
      vertex 6.997079E+01 5.673627E+01 -6.906329E+01
      vertex 8.277398E-03 5.675721E+01 -6.898549E+01
    endloop
  endfacet
  facet normal 0.000000E+00 9.989609E-01 -4.557487E-02
    outer loop
      vertex 7.000000E+01 5.676548E+01 -6.889489E+01
      vertex 2.073649E-03 5.676341E+01 -6.894038E+01
      vertex 1.529774E-14 5.676548E+01 -6.889489E+01
    endloop
  endfacet
  facet normal 2.621338E-05 9.963129E-01 -8.579316E-02
    outer loop
      vertex 7.000000E+01 5.676548E+01 -6.889489E+01
      vertex 6.999265E+01 5.675813E+01 -6.898035E+01
      vertex 2.073649E-03 5.676341E+01 -6.894038E+01
    endloop
  endfacet
  facet normal -9.927091E-01 1.205349E-01 0.000000E+00
    outer loop
      vertex 1.170000E+01 5.076548E+01 -6.639489E+01
      vertex 1.170000E+01 5.076548E+01 -6.939489E+01
      vertex 1.166513E+01 5.047831E+01 -6.639489E+01
    endloop
  endfacet
  facet normal -9.350161E-01 3.546051E-01 0.000000E+00
    outer loop
      vertex 1.166513E+01 5.047831E+01 -6.639489E+01
      vertex 1.166513E+01 5.047831E+01 -6.939489E+01
      vertex 1.156255E+01 5.020782E+01 -6.639489E+01
    endloop
  endfacet
  facet normal -9.927091E-01 1.205349E-01 0.000000E+00
    outer loop
      vertex 1.170000E+01 5.076548E+01 -6.939489E+01
      vertex 1.166513E+01 5.047831E+01 -6.939489E+01
      vertex 1.166513E+01 5.047831E+01 -6.639489E+01
    endloop
  endfacet
  facet normal -8.229820E-01 5.680674E-01 0.000000E+00
    outer loop
      vertex 1.156255E+01 5.020782E+01 -6.639489E+01
      vertex 1.156255E+01 5.020782E+01 -6.939489E+01
      vertex 1.139821E+01 4.996974E+01 -6.639489E+01
    endloop
  endfacet
  facet normal -9.350161E-01 3.546051E-01 0.000000E+00
    outer loop
      vertex 1.166513E+01 5.047831E+01 -6.939489E+01
      vertex 1.156255E+01 5.020782E+01 -6.939489E+01
      vertex 1.156255E+01 5.020782E+01 -6.639489E+01
    endloop
  endfacet
  facet normal -6.631237E-01 7.485098E-01 0.000000E+00
    outer loop
      vertex 1.139821E+01 4.996974E+01 -6.639489E+01
      vertex 1.139821E+01 4.996974E+01 -6.939489E+01
      vertex 1.118168E+01 4.977790E+01 -6.639489E+01
    endloop
  endfacet
  facet normal -8.229820E-01 5.680674E-01 0.000000E+00
    outer loop
      vertex 1.156255E+01 5.020782E+01 -6.939489E+01
      vertex 1.139821E+01 4.996974E+01 -6.939489E+01
      vertex 1.139821E+01 4.996974E+01 -6.639489E+01
    endloop
  endfacet
  facet normal -4.647295E-01 8.854527E-01 0.000000E+00
    outer loop
      vertex 1.118168E+01 4.977790E+01 -6.639489E+01
      vertex 1.118168E+01 4.977790E+01 -6.939489E+01
      vertex 1.092553E+01 4.964346E+01 -6.639489E+01
    endloop
  endfacet
  facet normal -6.631237E-01 7.485098E-01 0.000000E+00
    outer loop
      vertex 1.139821E+01 4.996974E+01 -6.939489E+01
      vertex 1.118168E+01 4.977790E+01 -6.939489E+01
      vertex 1.118168E+01 4.977790E+01 -6.639489E+01
    endloop
  endfacet
  facet normal -2.393090E-01 9.709435E-01 0.000000E+00
    outer loop
      vertex 1.092553E+01 4.964346E+01 -6.639489E+01
      vertex 1.092553E+01 4.964346E+01 -6.939489E+01
      vertex 1.064464E+01 4.957423E+01 -6.639489E+01
    endloop
  endfacet
  facet normal -4.647295E-01 8.854527E-01 0.000000E+00
    outer loop
      vertex 1.118168E+01 4.977790E+01 -6.939489E+01
      vertex 1.092553E+01 4.964346E+01 -6.939489E+01
      vertex 1.092553E+01 4.964346E+01 -6.639489E+01
    endloop
  endfacet
  facet normal 0.000000E+00 1.000000E+00 0.000000E+00
    outer loop
      vertex 1.064464E+01 4.957423E+01 -6.639489E+01
      vertex 1.064464E+01 4.957423E+01 -6.939489E+01
      vertex 1.035536E+01 4.957423E+01 -6.639489E+01
    endloop
  endfacet
  facet normal -2.393090E-01 9.709435E-01 0.000000E+00
    outer loop
      vertex 1.092553E+01 4.964346E+01 -6.939489E+01
      vertex 1.064464E+01 4.957423E+01 -6.939489E+01
      vertex 1.064464E+01 4.957423E+01 -6.639489E+01
    endloop
  endfacet
  facet normal 2.393090E-01 9.709435E-01 0.000000E+00
    outer loop
      vertex 1.035536E+01 4.957423E+01 -6.639489E+01
      vertex 1.035536E+01 4.957423E+01 -6.939489E+01
      vertex 1.007447E+01 4.964346E+01 -6.639489E+01
    endloop
  endfacet
  facet normal 0.000000E+00 1.000000E+00 0.000000E+00
    outer loop
      vertex 1.064464E+01 4.957423E+01 -6.939489E+01
      vertex 1.035536E+01 4.957423E+01 -6.939489E+01
      vertex 1.035536E+01 4.957423E+01 -6.639489E+01
    endloop
  endfacet
  facet normal 4.647295E-01 8.854527E-01 0.000000E+00
    outer loop
      vertex 1.007447E+01 4.964346E+01 -6.639489E+01
      vertex 1.007447E+01 4.964346E+01 -6.939489E+01
      vertex 9.818322E+00 4.977790E+01 -6.639489E+01
    endloop
  endfacet
  facet normal 2.393090E-01 9.709435E-01 0.000000E+00
    outer loop
      vertex 1.035536E+01 4.957423E+01 -6.939489E+01
      vertex 1.007447E+01 4.964346E+01 -6.939489E+01
      vertex 1.007447E+01 4.964346E+01 -6.639489E+01
    endloop
  endfacet
  facet normal 6.631237E-01 7.485098E-01 0.000000E+00
    outer loop
      vertex 9.818322E+00 4.977790E+01 -6.639489E+01
      vertex 9.818322E+00 4.977790E+01 -6.939489E+01
      vertex 9.601788E+00 4.996974E+01 -6.639489E+01
    endloop
  endfacet
  facet normal 4.647295E-01 8.854527E-01 0.000000E+00
    outer loop
      vertex 1.007447E+01 4.964346E+01 -6.939489E+01
      vertex 9.818322E+00 4.977790E+01 -6.939489E+01
      vertex 9.818322E+00 4.977790E+01 -6.639489E+01
    endloop
  endfacet
  facet normal 8.229820E-01 5.680674E-01 0.000000E+00
    outer loop
      vertex 9.601788E+00 4.996974E+01 -6.639489E+01
      vertex 9.601788E+00 4.996974E+01 -6.939489E+01
      vertex 9.437452E+00 5.020782E+01 -6.639489E+01
    endloop
  endfacet
  facet normal 6.631237E-01 7.485098E-01 0.000000E+00
    outer loop
      vertex 9.818322E+00 4.977790E+01 -6.939489E+01
      vertex 9.601788E+00 4.996974E+01 -6.939489E+01
      vertex 9.601788E+00 4.996974E+01 -6.639489E+01
    endloop
  endfacet
  facet normal 9.350161E-01 3.546051E-01 0.000000E+00
    outer loop
      vertex 9.437452E+00 5.020782E+01 -6.639489E+01
      vertex 9.437452E+00 5.020782E+01 -6.939489E+01
      vertex 9.334869E+00 5.047831E+01 -6.639489E+01
    endloop
  endfacet
  facet normal 8.229820E-01 5.680674E-01 0.000000E+00
    outer loop
      vertex 9.601788E+00 4.996974E+01 -6.939489E+01
      vertex 9.437452E+00 5.020782E+01 -6.939489E+01
      vertex 9.437452E+00 5.020782E+01 -6.639489E+01
    endloop
  endfacet
  facet normal 9.927091E-01 1.205349E-01 0.000000E+00
    outer loop
      vertex 9.334869E+00 5.047831E+01 -6.639489E+01
      vertex 9.334869E+00 5.047831E+01 -6.939489E+01
      vertex 9.300000E+00 5.076548E+01 -6.639489E+01
    endloop
  endfacet
  facet normal 9.350161E-01 3.546051E-01 0.000000E+00
    outer loop
      vertex 9.437452E+00 5.020782E+01 -6.939489E+01
      vertex 9.334869E+00 5.047831E+01 -6.939489E+01
      vertex 9.334869E+00 5.047831E+01 -6.639489E+01
    endloop
  endfacet
  facet normal 9.927091E-01 1.205349E-01 0.000000E+00
    outer loop
      vertex 9.334869E+00 5.047831E+01 -6.939489E+01
      vertex 9.300000E+00 5.076548E+01 -6.939489E+01
      vertex 9.300000E+00 5.076548E+01 -6.639489E+01
    endloop
  endfacet
  facet normal -9.927092E-01 1.205341E-01 0.000000E+00
    outer loop
      vertex 1.170000E+01 2.776548E+01 -6.639489E+01
      vertex 1.170000E+01 2.776548E+01 -6.939489E+01
      vertex 1.166513E+01 2.747830E+01 -6.639489E+01
    endloop
  endfacet
  facet normal -9.350161E-01 3.546051E-01 0.000000E+00
    outer loop
      vertex 1.166513E+01 2.747830E+01 -6.639489E+01
      vertex 1.166513E+01 2.747830E+01 -6.939489E+01
      vertex 1.156255E+01 2.720782E+01 -6.639489E+01
    endloop
  endfacet
  facet normal -9.927092E-01 1.205341E-01 0.000000E+00
    outer loop
      vertex 1.170000E+01 2.776548E+01 -6.939489E+01
      vertex 1.166513E+01 2.747830E+01 -6.939489E+01
      vertex 1.166513E+01 2.747830E+01 -6.639489E+01
    endloop
  endfacet
  facet normal -8.229820E-01 5.680674E-01 0.000000E+00
    outer loop
      vertex 1.156255E+01 2.720782E+01 -6.639489E+01
      vertex 1.156255E+01 2.720782E+01 -6.939489E+01
      vertex 1.139821E+01 2.696974E+01 -6.639489E+01
    endloop
  endfacet
  facet normal -9.350161E-01 3.546051E-01 0.000000E+00
    outer loop
      vertex 1.166513E+01 2.747830E+01 -6.939489E+01
      vertex 1.156255E+01 2.720782E+01 -6.939489E+01
      vertex 1.156255E+01 2.720782E+01 -6.639489E+01
    endloop
  endfacet
  facet normal -6.631237E-01 7.485098E-01 0.000000E+00
    outer loop
      vertex 1.139821E+01 2.696974E+01 -6.639489E+01
      vertex 1.139821E+01 2.696974E+01 -6.939489E+01
      vertex 1.118168E+01 2.677790E+01 -6.639489E+01
    endloop
  endfacet
  facet normal -8.229820E-01 5.680674E-01 0.000000E+00
    outer loop
      vertex 1.156255E+01 2.720782E+01 -6.939489E+01
      vertex 1.139821E+01 2.696974E+01 -6.939489E+01
      vertex 1.139821E+01 2.696974E+01 -6.639489E+01
    endloop
  endfacet
  facet normal -4.647244E-01 8.854554E-01 0.000000E+00
    outer loop
      vertex 1.118168E+01 2.677790E+01 -6.639489E+01
      vertex 1.118168E+01 2.677790E+01 -6.939489E+01
      vertex 1.092553E+01 2.664346E+01 -6.639489E+01
    endloop
  endfacet
  facet normal -6.631237E-01 7.485098E-01 0.000000E+00
    outer loop
      vertex 1.139821E+01 2.696974E+01 -6.939489E+01
      vertex 1.118168E+01 2.677790E+01 -6.939489E+01
      vertex 1.118168E+01 2.677790E+01 -6.639489E+01
    endloop
  endfacet
  facet normal -2.393152E-01 9.709420E-01 0.000000E+00
    outer loop
      vertex 1.092553E+01 2.664346E+01 -6.639489E+01
      vertex 1.092553E+01 2.664346E+01 -6.939489E+01
      vertex 1.064464E+01 2.657423E+01 -6.639489E+01
    endloop
  endfacet
  facet normal -4.647244E-01 8.854554E-01 0.000000E+00
    outer loop
      vertex 1.118168E+01 2.677790E+01 -6.939489E+01
      vertex 1.092553E+01 2.664346E+01 -6.939489E+01
      vertex 1.092553E+01 2.664346E+01 -6.639489E+01
    endloop
  endfacet
  facet normal 0.000000E+00 1.000000E+00 0.000000E+00
    outer loop
      vertex 1.064464E+01 2.657423E+01 -6.639489E+01
      vertex 1.064464E+01 2.657423E+01 -6.939489E+01
      vertex 1.035536E+01 2.657423E+01 -6.639489E+01
    endloop
  endfacet
  facet normal -2.393152E-01 9.709420E-01 0.000000E+00
    outer loop
      vertex 1.092553E+01 2.664346E+01 -6.939489E+01
      vertex 1.064464E+01 2.657423E+01 -6.939489E+01
      vertex 1.064464E+01 2.657423E+01 -6.639489E+01
    endloop
  endfacet
  facet normal 2.393152E-01 9.709420E-01 0.000000E+00
    outer loop
      vertex 1.035536E+01 2.657423E+01 -6.639489E+01
      vertex 1.035536E+01 2.657423E+01 -6.939489E+01
      vertex 1.007447E+01 2.664346E+01 -6.639489E+01
    endloop
  endfacet
  facet normal 0.000000E+00 1.000000E+00 0.000000E+00
    outer loop
      vertex 1.064464E+01 2.657423E+01 -6.939489E+01
      vertex 1.035536E+01 2.657423E+01 -6.939489E+01
      vertex 1.035536E+01 2.657423E+01 -6.639489E+01
    endloop
  endfacet
  facet normal 4.647244E-01 8.854554E-01 0.000000E+00
    outer loop
      vertex 1.007447E+01 2.664346E+01 -6.639489E+01
      vertex 1.007447E+01 2.664346E+01 -6.939489E+01
      vertex 9.818322E+00 2.677790E+01 -6.639489E+01
    endloop
  endfacet
  facet normal 2.393152E-01 9.709420E-01 0.000000E+00
    outer loop
      vertex 1.035536E+01 2.657423E+01 -6.939489E+01
      vertex 1.007447E+01 2.664346E+01 -6.939489E+01
      vertex 1.007447E+01 2.664346E+01 -6.639489E+01
    endloop
  endfacet
  facet normal 6.631237E-01 7.485098E-01 0.000000E+00
    outer loop
      vertex 9.818322E+00 2.677790E+01 -6.639489E+01
      vertex 9.818322E+00 2.677790E+01 -6.939489E+01
      vertex 9.601788E+00 2.696974E+01 -6.639489E+01
    endloop
  endfacet
  facet normal 4.647244E-01 8.854554E-01 0.000000E+00
    outer loop
      vertex 1.007447E+01 2.664346E+01 -6.939489E+01
      vertex 9.818322E+00 2.677790E+01 -6.939489E+01
      vertex 9.818322E+00 2.677790E+01 -6.639489E+01
    endloop
  endfacet
  facet normal 8.229820E-01 5.680674E-01 0.000000E+00
    outer loop
      vertex 9.601788E+00 2.696974E+01 -6.639489E+01
      vertex 9.601788E+00 2.696974E+01 -6.939489E+01
      vertex 9.437452E+00 2.720782E+01 -6.639489E+01
    endloop
  endfacet
  facet normal 6.631237E-01 7.485098E-01 0.000000E+00
    outer loop
      vertex 9.818322E+00 2.677790E+01 -6.939489E+01
      vertex 9.601788E+00 2.696974E+01 -6.939489E+01
      vertex 9.601788E+00 2.696974E+01 -6.639489E+01
    endloop
  endfacet
  facet normal 9.350161E-01 3.546051E-01 0.000000E+00
    outer loop
      vertex 9.437452E+00 2.720782E+01 -6.639489E+01
      vertex 9.437452E+00 2.720782E+01 -6.939489E+01
      vertex 9.334869E+00 2.747830E+01 -6.639489E+01
    endloop
  endfacet
  facet normal 8.229820E-01 5.680674E-01 0.000000E+00
    outer loop
      vertex 9.601788E+00 2.696974E+01 -6.939489E+01
      vertex 9.437452E+00 2.720782E+01 -6.939489E+01
      vertex 9.437452E+00 2.720782E+01 -6.639489E+01
    endloop
  endfacet
  facet normal 9.350161E-01 3.546051E-01 0.000000E+00
    outer loop
      vertex 9.437452E+00 2.720782E+01 -6.939489E+01
      vertex 9.334869E+00 2.747830E+01 -6.939489E+01
      vertex 9.334869E+00 2.747830E+01 -6.639489E+01
    endloop
  endfacet
  facet normal 9.927092E-01 1.205341E-01 0.000000E+00
    outer loop
      vertex 9.334869E+00 2.747830E+01 -6.639489E+01
      vertex 9.300000E+00 2.776548E+01 -6.939489E+01
      vertex 9.300000E+00 2.776548E+01 -6.639489E+01
    endloop
  endfacet
  facet normal 9.927092E-01 1.205341E-01 -0.000000E+00
    outer loop
      vertex 9.334869E+00 2.747830E+01 -6.939489E+01
      vertex 9.300000E+00 2.776548E+01 -6.939489E+01
      vertex 9.334869E+00 2.747830E+01 -6.639489E+01
    endloop
  endfacet
  facet normal -9.927088E-01 1.205373E-01 0.000000E+00
    outer loop
      vertex 6.070000E+01 2.776548E+01 -6.639489E+01
      vertex 6.070000E+01 2.776548E+01 -6.939489E+01
      vertex 6.066513E+01 2.747830E+01 -6.639489E+01
    endloop
  endfacet
  facet normal -9.350139E-01 3.546109E-01 0.000000E+00
    outer loop
      vertex 6.066513E+01 2.747830E+01 -6.639489E+01
      vertex 6.066513E+01 2.747830E+01 -6.939489E+01
      vertex 6.056255E+01 2.720782E+01 -6.639489E+01
    endloop
  endfacet
  facet normal -9.927088E-01 1.205373E-01 0.000000E+00
    outer loop
      vertex 6.070000E+01 2.776548E+01 -6.939489E+01
      vertex 6.066513E+01 2.747830E+01 -6.939489E+01
      vertex 6.066513E+01 2.747830E+01 -6.639489E+01
    endloop
  endfacet
  facet normal -8.229851E-01 5.680630E-01 0.000000E+00
    outer loop
      vertex 6.056255E+01 2.720782E+01 -6.639489E+01
      vertex 6.056255E+01 2.720782E+01 -6.939489E+01
      vertex 6.039821E+01 2.696974E+01 -6.639489E+01
    endloop
  endfacet
  facet normal -9.350139E-01 3.546109E-01 0.000000E+00
    outer loop
      vertex 6.066513E+01 2.747830E+01 -6.939489E+01
      vertex 6.056255E+01 2.720782E+01 -6.939489E+01
      vertex 6.056255E+01 2.720782E+01 -6.639489E+01
    endloop
  endfacet
  facet normal -6.631254E-01 7.485083E-01 0.000000E+00
    outer loop
      vertex 6.039821E+01 2.696974E+01 -6.639489E+01
      vertex 6.039821E+01 2.696974E+01 -6.939489E+01
      vertex 6.018168E+01 2.677790E+01 -6.639489E+01
    endloop
  endfacet
  facet normal -8.229851E-01 5.680630E-01 0.000000E+00
    outer loop
      vertex 6.056255E+01 2.720782E+01 -6.939489E+01
      vertex 6.039821E+01 2.696974E+01 -6.939489E+01
      vertex 6.039821E+01 2.696974E+01 -6.639489E+01
    endloop
  endfacet
  facet normal -4.647230E-01 8.854561E-01 0.000000E+00
    outer loop
      vertex 6.018168E+01 2.677790E+01 -6.639489E+01
      vertex 6.018168E+01 2.677790E+01 -6.939489E+01
      vertex 5.992553E+01 2.664346E+01 -6.639489E+01
    endloop
  endfacet
  facet normal -6.631254E-01 7.485083E-01 0.000000E+00
    outer loop
      vertex 6.039821E+01 2.696974E+01 -6.939489E+01
      vertex 6.018168E+01 2.677790E+01 -6.939489E+01
      vertex 6.018168E+01 2.677790E+01 -6.639489E+01
    endloop
  endfacet
  facet normal -2.393168E-01 9.709415E-01 0.000000E+00
    outer loop
      vertex 5.992553E+01 2.664346E+01 -6.639489E+01
      vertex 5.992553E+01 2.664346E+01 -6.939489E+01
      vertex 5.964465E+01 2.657423E+01 -6.639489E+01
    endloop
  endfacet
  facet normal -4.647230E-01 8.854561E-01 0.000000E+00
    outer loop
      vertex 6.018168E+01 2.677790E+01 -6.939489E+01
      vertex 5.992553E+01 2.664346E+01 -6.939489E+01
      vertex 5.992553E+01 2.664346E+01 -6.639489E+01
    endloop
  endfacet
  facet normal 0.000000E+00 1.000000E+00 0.000000E+00
    outer loop
      vertex 5.964465E+01 2.657423E+01 -6.639489E+01
      vertex 5.964465E+01 2.657423E+01 -6.939489E+01
      vertex 5.935535E+01 2.657423E+01 -6.639489E+01
    endloop
  endfacet
  facet normal -2.393168E-01 9.709415E-01 0.000000E+00
    outer loop
      vertex 5.992553E+01 2.664346E+01 -6.939489E+01
      vertex 5.964465E+01 2.657423E+01 -6.939489E+01
      vertex 5.964465E+01 2.657423E+01 -6.639489E+01
    endloop
  endfacet
  facet normal 2.393168E-01 9.709415E-01 0.000000E+00
    outer loop
      vertex 5.935535E+01 2.657423E+01 -6.639489E+01
      vertex 5.935535E+01 2.657423E+01 -6.939489E+01
      vertex 5.907447E+01 2.664346E+01 -6.639489E+01
    endloop
  endfacet
  facet normal 0.000000E+00 1.000000E+00 0.000000E+00
    outer loop
      vertex 5.964465E+01 2.657423E+01 -6.939489E+01
      vertex 5.935535E+01 2.657423E+01 -6.939489E+01
      vertex 5.935535E+01 2.657423E+01 -6.639489E+01
    endloop
  endfacet
  facet normal 4.647230E-01 8.854561E-01 0.000000E+00
    outer loop
      vertex 5.907447E+01 2.664346E+01 -6.639489E+01
      vertex 5.907447E+01 2.664346E+01 -6.939489E+01
      vertex 5.881832E+01 2.677790E+01 -6.639489E+01
    endloop
  endfacet
  facet normal 2.393168E-01 9.709415E-01 0.000000E+00
    outer loop
      vertex 5.935535E+01 2.657423E+01 -6.939489E+01
      vertex 5.907447E+01 2.664346E+01 -6.939489E+01
      vertex 5.907447E+01 2.664346E+01 -6.639489E+01
    endloop
  endfacet
  facet normal 6.631254E-01 7.485083E-01 0.000000E+00
    outer loop
      vertex 5.881832E+01 2.677790E+01 -6.639489E+01
      vertex 5.881832E+01 2.677790E+01 -6.939489E+01
      vertex 5.860179E+01 2.696974E+01 -6.639489E+01
    endloop
  endfacet
  facet normal 4.647230E-01 8.854561E-01 0.000000E+00
    outer loop
      vertex 5.907447E+01 2.664346E+01 -6.939489E+01
      vertex 5.881832E+01 2.677790E+01 -6.939489E+01
      vertex 5.881832E+01 2.677790E+01 -6.639489E+01
    endloop
  endfacet
  facet normal 8.229851E-01 5.680630E-01 0.000000E+00
    outer loop
      vertex 5.860179E+01 2.696974E+01 -6.639489E+01
      vertex 5.860179E+01 2.696974E+01 -6.939489E+01
      vertex 5.843745E+01 2.720782E+01 -6.639489E+01
    endloop
  endfacet
  facet normal 6.631254E-01 7.485083E-01 0.000000E+00
    outer loop
      vertex 5.881832E+01 2.677790E+01 -6.939489E+01
      vertex 5.860179E+01 2.696974E+01 -6.939489E+01
      vertex 5.860179E+01 2.696974E+01 -6.639489E+01
    endloop
  endfacet
  facet normal 9.350139E-01 3.546109E-01 0.000000E+00
    outer loop
      vertex 5.843745E+01 2.720782E+01 -6.639489E+01
      vertex 5.843745E+01 2.720782E+01 -6.939489E+01
      vertex 5.833487E+01 2.747830E+01 -6.639489E+01
    endloop
  endfacet
  facet normal 8.229851E-01 5.680630E-01 0.000000E+00
    outer loop
      vertex 5.860179E+01 2.696974E+01 -6.939489E+01
      vertex 5.843745E+01 2.720782E+01 -6.939489E+01
      vertex 5.843745E+01 2.720782E+01 -6.639489E+01
    endloop
  endfacet
  facet normal 9.350139E-01 3.546109E-01 0.000000E+00
    outer loop
      vertex 5.843745E+01 2.720782E+01 -6.939489E+01
      vertex 5.833487E+01 2.747830E+01 -6.939489E+01
      vertex 5.833487E+01 2.747830E+01 -6.639489E+01
    endloop
  endfacet
  facet normal 9.927088E-01 1.205373E-01 0.000000E+00
    outer loop
      vertex 5.833487E+01 2.747830E+01 -6.639489E+01
      vertex 5.830000E+01 2.776548E+01 -6.939489E+01
      vertex 5.830000E+01 2.776548E+01 -6.639489E+01
    endloop
  endfacet
  facet normal 9.927088E-01 1.205373E-01 -0.000000E+00
    outer loop
      vertex 5.833487E+01 2.747830E+01 -6.939489E+01
      vertex 5.830000E+01 2.776548E+01 -6.939489E+01
      vertex 5.833487E+01 2.747830E+01 -6.639489E+01
    endloop
  endfacet
  facet normal -9.927087E-01 1.205381E-01 0.000000E+00
    outer loop
      vertex 6.070000E+01 5.076548E+01 -6.639489E+01
      vertex 6.070000E+01 5.076548E+01 -6.939489E+01
      vertex 6.066513E+01 5.047831E+01 -6.639489E+01
    endloop
  endfacet
  facet normal -9.350139E-01 3.546109E-01 0.000000E+00
    outer loop
      vertex 6.066513E+01 5.047831E+01 -6.639489E+01
      vertex 6.066513E+01 5.047831E+01 -6.939489E+01
      vertex 6.056255E+01 5.020782E+01 -6.639489E+01
    endloop
  endfacet
  facet normal -9.927087E-01 1.205381E-01 0.000000E+00
    outer loop
      vertex 6.070000E+01 5.076548E+01 -6.939489E+01
      vertex 6.066513E+01 5.047831E+01 -6.939489E+01
      vertex 6.066513E+01 5.047831E+01 -6.639489E+01
    endloop
  endfacet
  facet normal -8.229851E-01 5.680630E-01 0.000000E+00
    outer loop
      vertex 6.056255E+01 5.020782E+01 -6.639489E+01
      vertex 6.056255E+01 5.020782E+01 -6.939489E+01
      vertex 6.039821E+01 4.996974E+01 -6.639489E+01
    endloop
  endfacet
  facet normal -9.350139E-01 3.546109E-01 0.000000E+00
    outer loop
      vertex 6.066513E+01 5.047831E+01 -6.939489E+01
      vertex 6.056255E+01 5.020782E+01 -6.939489E+01
      vertex 6.056255E+01 5.020782E+01 -6.639489E+01
    endloop
  endfacet
  facet normal -6.631254E-01 7.485083E-01 0.000000E+00
    outer loop
      vertex 6.039821E+01 4.996974E+01 -6.639489E+01
      vertex 6.039821E+01 4.996974E+01 -6.939489E+01
      vertex 6.018168E+01 4.977790E+01 -6.639489E+01
    endloop
  endfacet
  facet normal -8.229851E-01 5.680630E-01 0.000000E+00
    outer loop
      vertex 6.056255E+01 5.020782E+01 -6.939489E+01
      vertex 6.039821E+01 4.996974E+01 -6.939489E+01
      vertex 6.039821E+01 4.996974E+01 -6.639489E+01
    endloop
  endfacet
  facet normal -4.647282E-01 8.854533E-01 0.000000E+00
    outer loop
      vertex 6.018168E+01 4.977790E+01 -6.639489E+01
      vertex 6.018168E+01 4.977790E+01 -6.939489E+01
      vertex 5.992553E+01 4.964346E+01 -6.639489E+01
    endloop
  endfacet
  facet normal -6.631254E-01 7.485083E-01 0.000000E+00
    outer loop
      vertex 6.039821E+01 4.996974E+01 -6.939489E+01
      vertex 6.018168E+01 4.977790E+01 -6.939489E+01
      vertex 6.018168E+01 4.977790E+01 -6.639489E+01
    endloop
  endfacet
  facet normal -2.393105E-01 9.709431E-01 0.000000E+00
    outer loop
      vertex 5.992553E+01 4.964346E+01 -6.639489E+01
      vertex 5.992553E+01 4.964346E+01 -6.939489E+01
      vertex 5.964465E+01 4.957423E+01 -6.639489E+01
    endloop
  endfacet
  facet normal -4.647282E-01 8.854533E-01 0.000000E+00
    outer loop
      vertex 6.018168E+01 4.977790E+01 -6.939489E+01
      vertex 5.992553E+01 4.964346E+01 -6.939489E+01
      vertex 5.992553E+01 4.964346E+01 -6.639489E+01
    endloop
  endfacet
  facet normal 0.000000E+00 1.000000E+00 0.000000E+00
    outer loop
      vertex 5.964465E+01 4.957423E+01 -6.639489E+01
      vertex 5.964465E+01 4.957423E+01 -6.939489E+01
      vertex 5.935535E+01 4.957423E+01 -6.639489E+01
    endloop
  endfacet
  facet normal -2.393105E-01 9.709431E-01 0.000000E+00
    outer loop
      vertex 5.992553E+01 4.964346E+01 -6.939489E+01
      vertex 5.964465E+01 4.957423E+01 -6.939489E+01
      vertex 5.964465E+01 4.957423E+01 -6.639489E+01
    endloop
  endfacet
  facet normal 2.393105E-01 9.709431E-01 0.000000E+00
    outer loop
      vertex 5.935535E+01 4.957423E+01 -6.639489E+01
      vertex 5.935535E+01 4.957423E+01 -6.939489E+01
      vertex 5.907447E+01 4.964346E+01 -6.639489E+01
    endloop
  endfacet
  facet normal 0.000000E+00 1.000000E+00 0.000000E+00
    outer loop
      vertex 5.964465E+01 4.957423E+01 -6.939489E+01
      vertex 5.935535E+01 4.957423E+01 -6.939489E+01
      vertex 5.935535E+01 4.957423E+01 -6.639489E+01
    endloop
  endfacet
  facet normal 4.647282E-01 8.854533E-01 0.000000E+00
    outer loop
      vertex 5.907447E+01 4.964346E+01 -6.639489E+01
      vertex 5.907447E+01 4.964346E+01 -6.939489E+01
      vertex 5.881832E+01 4.977790E+01 -6.639489E+01
    endloop
  endfacet
  facet normal 2.393105E-01 9.709431E-01 0.000000E+00
    outer loop
      vertex 5.935535E+01 4.957423E+01 -6.939489E+01
      vertex 5.907447E+01 4.964346E+01 -6.939489E+01
      vertex 5.907447E+01 4.964346E+01 -6.639489E+01
    endloop
  endfacet
  facet normal 6.631254E-01 7.485083E-01 0.000000E+00
    outer loop
      vertex 5.881832E+01 4.977790E+01 -6.639489E+01
      vertex 5.881832E+01 4.977790E+01 -6.939489E+01
      vertex 5.860179E+01 4.996974E+01 -6.639489E+01
    endloop
  endfacet
  facet normal 4.647282E-01 8.854533E-01 0.000000E+00
    outer loop
      vertex 5.907447E+01 4.964346E+01 -6.939489E+01
      vertex 5.881832E+01 4.977790E+01 -6.939489E+01
      vertex 5.881832E+01 4.977790E+01 -6.639489E+01
    endloop
  endfacet
  facet normal 8.229851E-01 5.680630E-01 0.000000E+00
    outer loop
      vertex 5.860179E+01 4.996974E+01 -6.639489E+01
      vertex 5.860179E+01 4.996974E+01 -6.939489E+01
      vertex 5.843745E+01 5.020782E+01 -6.639489E+01
    endloop
  endfacet
  facet normal 6.631254E-01 7.485083E-01 0.000000E+00
    outer loop
      vertex 5.881832E+01 4.977790E+01 -6.939489E+01
      vertex 5.860179E+01 4.996974E+01 -6.939489E+01
      vertex 5.860179E+01 4.996974E+01 -6.639489E+01
    endloop
  endfacet
  facet normal 9.350139E-01 3.546109E-01 0.000000E+00
    outer loop
      vertex 5.843745E+01 5.020782E+01 -6.639489E+01
      vertex 5.843745E+01 5.020782E+01 -6.939489E+01
      vertex 5.833487E+01 5.047831E+01 -6.639489E+01
    endloop
  endfacet
  facet normal 8.229851E-01 5.680630E-01 0.000000E+00
    outer loop
      vertex 5.860179E+01 4.996974E+01 -6.939489E+01
      vertex 5.843745E+01 5.020782E+01 -6.939489E+01
      vertex 5.843745E+01 5.020782E+01 -6.639489E+01
    endloop
  endfacet
  facet normal 9.927087E-01 1.205381E-01 0.000000E+00
    outer loop
      vertex 5.833487E+01 5.047831E+01 -6.639489E+01
      vertex 5.833487E+01 5.047831E+01 -6.939489E+01
      vertex 5.830000E+01 5.076548E+01 -6.639489E+01
    endloop
  endfacet
  facet normal 9.350139E-01 3.546109E-01 0.000000E+00
    outer loop
      vertex 5.843745E+01 5.020782E+01 -6.939489E+01
      vertex 5.833487E+01 5.047831E+01 -6.939489E+01
      vertex 5.833487E+01 5.047831E+01 -6.639489E+01
    endloop
  endfacet
  facet normal 9.927087E-01 1.205381E-01 0.000000E+00
    outer loop
      vertex 5.833487E+01 5.047831E+01 -6.939489E+01
      vertex 5.830000E+01 5.076548E+01 -6.939489E+01
      vertex 5.830000E+01 5.076548E+01 -6.639489E+01
    endloop
  endfacet
  facet normal 9.927087E-01 -1.205381E-01 0.000000E+00
    outer loop
      vertex 5.830000E+01 5.076548E+01 -6.639489E+01
      vertex 5.830000E+01 5.076548E+01 -6.939489E+01
      vertex 5.833487E+01 5.105266E+01 -6.639489E+01
    endloop
  endfacet
  facet normal 9.350139E-01 -3.546109E-01 0.000000E+00
    outer loop
      vertex 5.833487E+01 5.105266E+01 -6.639489E+01
      vertex 5.833487E+01 5.105266E+01 -6.939489E+01
      vertex 5.843745E+01 5.132315E+01 -6.639489E+01
    endloop
  endfacet
  facet normal 9.927087E-01 -1.205381E-01 0.000000E+00
    outer loop
      vertex 5.830000E+01 5.076548E+01 -6.939489E+01
      vertex 5.833487E+01 5.105266E+01 -6.939489E+01
      vertex 5.833487E+01 5.105266E+01 -6.639489E+01
    endloop
  endfacet
  facet normal 8.229851E-01 -5.680630E-01 0.000000E+00
    outer loop
      vertex 5.843745E+01 5.132315E+01 -6.639489E+01
      vertex 5.843745E+01 5.132315E+01 -6.939489E+01
      vertex 5.860179E+01 5.156123E+01 -6.639489E+01
    endloop
  endfacet
  facet normal 9.350139E-01 -3.546109E-01 0.000000E+00
    outer loop
      vertex 5.833487E+01 5.105266E+01 -6.939489E+01
      vertex 5.843745E+01 5.132315E+01 -6.939489E+01
      vertex 5.843745E+01 5.132315E+01 -6.639489E+01
    endloop
  endfacet
  facet normal 6.631254E-01 -7.485083E-01 0.000000E+00
    outer loop
      vertex 5.860179E+01 5.156123E+01 -6.639489E+01
      vertex 5.860179E+01 5.156123E+01 -6.939489E+01
      vertex 5.881832E+01 5.175306E+01 -6.639489E+01
    endloop
  endfacet
  facet normal 8.229851E-01 -5.680630E-01 0.000000E+00
    outer loop
      vertex 5.843745E+01 5.132315E+01 -6.939489E+01
      vertex 5.860179E+01 5.156123E+01 -6.939489E+01
      vertex 5.860179E+01 5.156123E+01 -6.639489E+01
    endloop
  endfacet
  facet normal 4.647282E-01 -8.854533E-01 0.000000E+00
    outer loop
      vertex 5.881832E+01 5.175306E+01 -6.639489E+01
      vertex 5.881832E+01 5.175306E+01 -6.939489E+01
      vertex 5.907447E+01 5.188750E+01 -6.639489E+01
    endloop
  endfacet
  facet normal 6.631254E-01 -7.485083E-01 0.000000E+00
    outer loop
      vertex 5.860179E+01 5.156123E+01 -6.939489E+01
      vertex 5.881832E+01 5.175306E+01 -6.939489E+01
      vertex 5.881832E+01 5.175306E+01 -6.639489E+01
    endloop
  endfacet
  facet normal 2.393105E-01 -9.709431E-01 0.000000E+00
    outer loop
      vertex 5.907447E+01 5.188750E+01 -6.639489E+01
      vertex 5.907447E+01 5.188750E+01 -6.939489E+01
      vertex 5.935535E+01 5.195673E+01 -6.639489E+01
    endloop
  endfacet
  facet normal 4.647282E-01 -8.854533E-01 0.000000E+00
    outer loop
      vertex 5.881832E+01 5.175306E+01 -6.939489E+01
      vertex 5.907447E+01 5.188750E+01 -6.939489E+01
      vertex 5.907447E+01 5.188750E+01 -6.639489E+01
    endloop
  endfacet
  facet normal 0.000000E+00 -1.000000E+00 0.000000E+00
    outer loop
      vertex 5.935535E+01 5.195673E+01 -6.639489E+01
      vertex 5.935535E+01 5.195673E+01 -6.939489E+01
      vertex 5.964465E+01 5.195673E+01 -6.639489E+01
    endloop
  endfacet
  facet normal 2.393105E-01 -9.709431E-01 0.000000E+00
    outer loop
      vertex 5.907447E+01 5.188750E+01 -6.939489E+01
      vertex 5.935535E+01 5.195673E+01 -6.939489E+01
      vertex 5.935535E+01 5.195673E+01 -6.639489E+01
    endloop
  endfacet
  facet normal -2.393105E-01 -9.709431E-01 -0.000000E+00
    outer loop
      vertex 5.964465E+01 5.195673E+01 -6.639489E+01
      vertex 5.964465E+01 5.195673E+01 -6.939489E+01
      vertex 5.992553E+01 5.188750E+01 -6.639489E+01
    endloop
  endfacet
  facet normal 0.000000E+00 -1.000000E+00 0.000000E+00
    outer loop
      vertex 5.935535E+01 5.195673E+01 -6.939489E+01
      vertex 5.964465E+01 5.195673E+01 -6.939489E+01
      vertex 5.964465E+01 5.195673E+01 -6.639489E+01
    endloop
  endfacet
  facet normal -4.647282E-01 -8.854533E-01 -0.000000E+00
    outer loop
      vertex 5.992553E+01 5.188750E+01 -6.639489E+01
      vertex 5.992553E+01 5.188750E+01 -6.939489E+01
      vertex 6.018168E+01 5.175306E+01 -6.639489E+01
    endloop
  endfacet
  facet normal -2.393105E-01 -9.709431E-01 0.000000E+00
    outer loop
      vertex 5.964465E+01 5.195673E+01 -6.939489E+01
      vertex 5.992553E+01 5.188750E+01 -6.939489E+01
      vertex 5.992553E+01 5.188750E+01 -6.639489E+01
    endloop
  endfacet
  facet normal -6.631254E-01 -7.485083E-01 -0.000000E+00
    outer loop
      vertex 6.018168E+01 5.175306E+01 -6.639489E+01
      vertex 6.018168E+01 5.175306E+01 -6.939489E+01
      vertex 6.039821E+01 5.156123E+01 -6.639489E+01
    endloop
  endfacet
  facet normal -4.647282E-01 -8.854533E-01 0.000000E+00
    outer loop
      vertex 5.992553E+01 5.188750E+01 -6.939489E+01
      vertex 6.018168E+01 5.175306E+01 -6.939489E+01
      vertex 6.018168E+01 5.175306E+01 -6.639489E+01
    endloop
  endfacet
  facet normal -8.229851E-01 -5.680630E-01 -0.000000E+00
    outer loop
      vertex 6.039821E+01 5.156123E+01 -6.639489E+01
      vertex 6.039821E+01 5.156123E+01 -6.939489E+01
      vertex 6.056255E+01 5.132315E+01 -6.639489E+01
    endloop
  endfacet
  facet normal -6.631254E-01 -7.485083E-01 0.000000E+00
    outer loop
      vertex 6.018168E+01 5.175306E+01 -6.939489E+01
      vertex 6.039821E+01 5.156123E+01 -6.939489E+01
      vertex 6.039821E+01 5.156123E+01 -6.639489E+01
    endloop
  endfacet
  facet normal -9.350139E-01 -3.546109E-01 -0.000000E+00
    outer loop
      vertex 6.056255E+01 5.132315E+01 -6.639489E+01
      vertex 6.056255E+01 5.132315E+01 -6.939489E+01
      vertex 6.066513E+01 5.105266E+01 -6.639489E+01
    endloop
  endfacet
  facet normal -8.229851E-01 -5.680630E-01 0.000000E+00
    outer loop
      vertex 6.039821E+01 5.156123E+01 -6.939489E+01
      vertex 6.056255E+01 5.132315E+01 -6.939489E+01
      vertex 6.056255E+01 5.132315E+01 -6.639489E+01
    endloop
  endfacet
  facet normal -9.927087E-01 -1.205381E-01 -0.000000E+00
    outer loop
      vertex 6.066513E+01 5.105266E+01 -6.639489E+01
      vertex 6.066513E+01 5.105266E+01 -6.939489E+01
      vertex 6.070000E+01 5.076548E+01 -6.639489E+01
    endloop
  endfacet
  facet normal -9.350139E-01 -3.546109E-01 0.000000E+00
    outer loop
      vertex 6.056255E+01 5.132315E+01 -6.939489E+01
      vertex 6.066513E+01 5.105266E+01 -6.939489E+01
      vertex 6.066513E+01 5.105266E+01 -6.639489E+01
    endloop
  endfacet
  facet normal -9.927087E-01 -1.205381E-01 0.000000E+00
    outer loop
      vertex 6.066513E+01 5.105266E+01 -6.939489E+01
      vertex 6.070000E+01 5.076548E+01 -6.939489E+01
      vertex 6.070000E+01 5.076548E+01 -6.639489E+01
    endloop
  endfacet
  facet normal 9.927087E-01 -1.205381E-01 0.000000E+00
    outer loop
      vertex 5.830000E+01 2.776548E+01 -6.639489E+01
      vertex 5.830000E+01 2.776548E+01 -6.939489E+01
      vertex 5.833487E+01 2.805266E+01 -6.639489E+01
    endloop
  endfacet
  facet normal 9.350139E-01 -3.546109E-01 0.000000E+00
    outer loop
      vertex 5.833487E+01 2.805266E+01 -6.639489E+01
      vertex 5.833487E+01 2.805266E+01 -6.939489E+01
      vertex 5.843745E+01 2.832315E+01 -6.639489E+01
    endloop
  endfacet
  facet normal 9.927087E-01 -1.205381E-01 0.000000E+00
    outer loop
      vertex 5.830000E+01 2.776548E+01 -6.939489E+01
      vertex 5.833487E+01 2.805266E+01 -6.939489E+01
      vertex 5.833487E+01 2.805266E+01 -6.639489E+01
    endloop
  endfacet
  facet normal 8.229851E-01 -5.680630E-01 0.000000E+00
    outer loop
      vertex 5.843745E+01 2.832315E+01 -6.639489E+01
      vertex 5.843745E+01 2.832315E+01 -6.939489E+01
      vertex 5.860179E+01 2.856123E+01 -6.639489E+01
    endloop
  endfacet
  facet normal 9.350139E-01 -3.546109E-01 0.000000E+00
    outer loop
      vertex 5.833487E+01 2.805266E+01 -6.939489E+01
      vertex 5.843745E+01 2.832315E+01 -6.939489E+01
      vertex 5.843745E+01 2.832315E+01 -6.639489E+01
    endloop
  endfacet
  facet normal 6.631254E-01 -7.485083E-01 0.000000E+00
    outer loop
      vertex 5.860179E+01 2.856123E+01 -6.639489E+01
      vertex 5.860179E+01 2.856123E+01 -6.939489E+01
      vertex 5.881832E+01 2.875306E+01 -6.639489E+01
    endloop
  endfacet
  facet normal 8.229851E-01 -5.680630E-01 0.000000E+00
    outer loop
      vertex 5.843745E+01 2.832315E+01 -6.939489E+01
      vertex 5.860179E+01 2.856123E+01 -6.939489E+01
      vertex 5.860179E+01 2.856123E+01 -6.639489E+01
    endloop
  endfacet
  facet normal 4.647230E-01 -8.854561E-01 0.000000E+00
    outer loop
      vertex 5.881832E+01 2.875306E+01 -6.639489E+01
      vertex 5.881832E+01 2.875306E+01 -6.939489E+01
      vertex 5.907447E+01 2.888750E+01 -6.639489E+01
    endloop
  endfacet
  facet normal 6.631254E-01 -7.485083E-01 0.000000E+00
    outer loop
      vertex 5.860179E+01 2.856123E+01 -6.939489E+01
      vertex 5.881832E+01 2.875306E+01 -6.939489E+01
      vertex 5.881832E+01 2.875306E+01 -6.639489E+01
    endloop
  endfacet
  facet normal 2.393168E-01 -9.709415E-01 0.000000E+00
    outer loop
      vertex 5.907447E+01 2.888750E+01 -6.639489E+01
      vertex 5.907447E+01 2.888750E+01 -6.939489E+01
      vertex 5.935535E+01 2.895673E+01 -6.639489E+01
    endloop
  endfacet
  facet normal 4.647230E-01 -8.854561E-01 0.000000E+00
    outer loop
      vertex 5.881832E+01 2.875306E+01 -6.939489E+01
      vertex 5.907447E+01 2.888750E+01 -6.939489E+01
      vertex 5.907447E+01 2.888750E+01 -6.639489E+01
    endloop
  endfacet
  facet normal 0.000000E+00 -1.000000E+00 0.000000E+00
    outer loop
      vertex 5.935535E+01 2.895673E+01 -6.639489E+01
      vertex 5.935535E+01 2.895673E+01 -6.939489E+01
      vertex 5.964465E+01 2.895673E+01 -6.639489E+01
    endloop
  endfacet
  facet normal 2.393168E-01 -9.709415E-01 0.000000E+00
    outer loop
      vertex 5.907447E+01 2.888750E+01 -6.939489E+01
      vertex 5.935535E+01 2.895673E+01 -6.939489E+01
      vertex 5.935535E+01 2.895673E+01 -6.639489E+01
    endloop
  endfacet
  facet normal -2.393168E-01 -9.709415E-01 -0.000000E+00
    outer loop
      vertex 5.964465E+01 2.895673E+01 -6.639489E+01
      vertex 5.964465E+01 2.895673E+01 -6.939489E+01
      vertex 5.992553E+01 2.888750E+01 -6.639489E+01
    endloop
  endfacet
  facet normal 0.000000E+00 -1.000000E+00 0.000000E+00
    outer loop
      vertex 5.935535E+01 2.895673E+01 -6.939489E+01
      vertex 5.964465E+01 2.895673E+01 -6.939489E+01
      vertex 5.964465E+01 2.895673E+01 -6.639489E+01
    endloop
  endfacet
  facet normal -4.647230E-01 -8.854561E-01 -0.000000E+00
    outer loop
      vertex 5.992553E+01 2.888750E+01 -6.639489E+01
      vertex 5.992553E+01 2.888750E+01 -6.939489E+01
      vertex 6.018168E+01 2.875306E+01 -6.639489E+01
    endloop
  endfacet
  facet normal -2.393168E-01 -9.709415E-01 0.000000E+00
    outer loop
      vertex 5.964465E+01 2.895673E+01 -6.939489E+01
      vertex 5.992553E+01 2.888750E+01 -6.939489E+01
      vertex 5.992553E+01 2.888750E+01 -6.639489E+01
    endloop
  endfacet
  facet normal -6.631254E-01 -7.485083E-01 -0.000000E+00
    outer loop
      vertex 6.018168E+01 2.875306E+01 -6.639489E+01
      vertex 6.018168E+01 2.875306E+01 -6.939489E+01
      vertex 6.039821E+01 2.856123E+01 -6.639489E+01
    endloop
  endfacet
  facet normal -4.647230E-01 -8.854561E-01 0.000000E+00
    outer loop
      vertex 5.992553E+01 2.888750E+01 -6.939489E+01
      vertex 6.018168E+01 2.875306E+01 -6.939489E+01
      vertex 6.018168E+01 2.875306E+01 -6.639489E+01
    endloop
  endfacet
  facet normal -8.229851E-01 -5.680630E-01 -0.000000E+00
    outer loop
      vertex 6.039821E+01 2.856123E+01 -6.639489E+01
      vertex 6.039821E+01 2.856123E+01 -6.939489E+01
      vertex 6.056255E+01 2.832315E+01 -6.639489E+01
    endloop
  endfacet
  facet normal -6.631254E-01 -7.485083E-01 0.000000E+00
    outer loop
      vertex 6.018168E+01 2.875306E+01 -6.939489E+01
      vertex 6.039821E+01 2.856123E+01 -6.939489E+01
      vertex 6.039821E+01 2.856123E+01 -6.639489E+01
    endloop
  endfacet
  facet normal -9.350139E-01 -3.546109E-01 -0.000000E+00
    outer loop
      vertex 6.056255E+01 2.832315E+01 -6.639489E+01
      vertex 6.056255E+01 2.832315E+01 -6.939489E+01
      vertex 6.066513E+01 2.805266E+01 -6.639489E+01
    endloop
  endfacet
  facet normal -8.229851E-01 -5.680630E-01 0.000000E+00
    outer loop
      vertex 6.039821E+01 2.856123E+01 -6.939489E+01
      vertex 6.056255E+01 2.832315E+01 -6.939489E+01
      vertex 6.056255E+01 2.832315E+01 -6.639489E+01
    endloop
  endfacet
  facet normal -9.927087E-01 -1.205381E-01 -0.000000E+00
    outer loop
      vertex 6.066513E+01 2.805266E+01 -6.639489E+01
      vertex 6.066513E+01 2.805266E+01 -6.939489E+01
      vertex 6.070000E+01 2.776548E+01 -6.639489E+01
    endloop
  endfacet
  facet normal -9.350139E-01 -3.546109E-01 0.000000E+00
    outer loop
      vertex 6.056255E+01 2.832315E+01 -6.939489E+01
      vertex 6.066513E+01 2.805266E+01 -6.939489E+01
      vertex 6.066513E+01 2.805266E+01 -6.639489E+01
    endloop
  endfacet
  facet normal -9.927087E-01 -1.205381E-01 0.000000E+00
    outer loop
      vertex 6.066513E+01 2.805266E+01 -6.939489E+01
      vertex 6.070000E+01 2.776548E+01 -6.939489E+01
      vertex 6.070000E+01 2.776548E+01 -6.639489E+01
    endloop
  endfacet
  facet normal 9.927091E-01 -1.205349E-01 0.000000E+00
    outer loop
      vertex 9.300000E+00 2.776548E+01 -6.639489E+01
      vertex 9.300000E+00 2.776548E+01 -6.939489E+01
      vertex 9.334869E+00 2.805266E+01 -6.639489E+01
    endloop
  endfacet
  facet normal 9.350161E-01 -3.546051E-01 0.000000E+00
    outer loop
      vertex 9.334869E+00 2.805266E+01 -6.639489E+01
      vertex 9.334869E+00 2.805266E+01 -6.939489E+01
      vertex 9.437452E+00 2.832315E+01 -6.639489E+01
    endloop
  endfacet
  facet normal 9.927091E-01 -1.205349E-01 0.000000E+00
    outer loop
      vertex 9.300000E+00 2.776548E+01 -6.939489E+01
      vertex 9.334869E+00 2.805266E+01 -6.939489E+01
      vertex 9.334869E+00 2.805266E+01 -6.639489E+01
    endloop
  endfacet
  facet normal 8.229820E-01 -5.680674E-01 0.000000E+00
    outer loop
      vertex 9.437452E+00 2.832315E+01 -6.639489E+01
      vertex 9.437452E+00 2.832315E+01 -6.939489E+01
      vertex 9.601788E+00 2.856123E+01 -6.639489E+01
    endloop
  endfacet
  facet normal 9.350161E-01 -3.546051E-01 0.000000E+00
    outer loop
      vertex 9.334869E+00 2.805266E+01 -6.939489E+01
      vertex 9.437452E+00 2.832315E+01 -6.939489E+01
      vertex 9.437452E+00 2.832315E+01 -6.639489E+01
    endloop
  endfacet
  facet normal 6.631237E-01 -7.485098E-01 0.000000E+00
    outer loop
      vertex 9.601788E+00 2.856123E+01 -6.639489E+01
      vertex 9.601788E+00 2.856123E+01 -6.939489E+01
      vertex 9.818322E+00 2.875306E+01 -6.639489E+01
    endloop
  endfacet
  facet normal 8.229820E-01 -5.680674E-01 0.000000E+00
    outer loop
      vertex 9.437452E+00 2.832315E+01 -6.939489E+01
      vertex 9.601788E+00 2.856123E+01 -6.939489E+01
      vertex 9.601788E+00 2.856123E+01 -6.639489E+01
    endloop
  endfacet
  facet normal 4.647244E-01 -8.854554E-01 0.000000E+00
    outer loop
      vertex 9.818322E+00 2.875306E+01 -6.639489E+01
      vertex 9.818322E+00 2.875306E+01 -6.939489E+01
      vertex 1.007447E+01 2.888750E+01 -6.639489E+01
    endloop
  endfacet
  facet normal 6.631237E-01 -7.485098E-01 0.000000E+00
    outer loop
      vertex 9.601788E+00 2.856123E+01 -6.939489E+01
      vertex 9.818322E+00 2.875306E+01 -6.939489E+01
      vertex 9.818322E+00 2.875306E+01 -6.639489E+01
    endloop
  endfacet
  facet normal 2.393152E-01 -9.709420E-01 0.000000E+00
    outer loop
      vertex 1.007447E+01 2.888750E+01 -6.639489E+01
      vertex 1.007447E+01 2.888750E+01 -6.939489E+01
      vertex 1.035536E+01 2.895673E+01 -6.639489E+01
    endloop
  endfacet
  facet normal 4.647244E-01 -8.854554E-01 0.000000E+00
    outer loop
      vertex 9.818322E+00 2.875306E+01 -6.939489E+01
      vertex 1.007447E+01 2.888750E+01 -6.939489E+01
      vertex 1.007447E+01 2.888750E+01 -6.639489E+01
    endloop
  endfacet
  facet normal 0.000000E+00 -1.000000E+00 0.000000E+00
    outer loop
      vertex 1.035536E+01 2.895673E+01 -6.639489E+01
      vertex 1.035536E+01 2.895673E+01 -6.939489E+01
      vertex 1.064464E+01 2.895673E+01 -6.639489E+01
    endloop
  endfacet
  facet normal 2.393152E-01 -9.709420E-01 0.000000E+00
    outer loop
      vertex 1.007447E+01 2.888750E+01 -6.939489E+01
      vertex 1.035536E+01 2.895673E+01 -6.939489E+01
      vertex 1.035536E+01 2.895673E+01 -6.639489E+01
    endloop
  endfacet
  facet normal -2.393152E-01 -9.709420E-01 -0.000000E+00
    outer loop
      vertex 1.064464E+01 2.895673E+01 -6.639489E+01
      vertex 1.064464E+01 2.895673E+01 -6.939489E+01
      vertex 1.092553E+01 2.888750E+01 -6.639489E+01
    endloop
  endfacet
  facet normal 0.000000E+00 -1.000000E+00 0.000000E+00
    outer loop
      vertex 1.035536E+01 2.895673E+01 -6.939489E+01
      vertex 1.064464E+01 2.895673E+01 -6.939489E+01
      vertex 1.064464E+01 2.895673E+01 -6.639489E+01
    endloop
  endfacet
  facet normal -4.647244E-01 -8.854554E-01 -0.000000E+00
    outer loop
      vertex 1.092553E+01 2.888750E+01 -6.639489E+01
      vertex 1.092553E+01 2.888750E+01 -6.939489E+01
      vertex 1.118168E+01 2.875306E+01 -6.639489E+01
    endloop
  endfacet
  facet normal -2.393152E-01 -9.709420E-01 0.000000E+00
    outer loop
      vertex 1.064464E+01 2.895673E+01 -6.939489E+01
      vertex 1.092553E+01 2.888750E+01 -6.939489E+01
      vertex 1.092553E+01 2.888750E+01 -6.639489E+01
    endloop
  endfacet
  facet normal -6.631237E-01 -7.485098E-01 -0.000000E+00
    outer loop
      vertex 1.118168E+01 2.875306E+01 -6.639489E+01
      vertex 1.118168E+01 2.875306E+01 -6.939489E+01
      vertex 1.139821E+01 2.856123E+01 -6.639489E+01
    endloop
  endfacet
  facet normal -4.647244E-01 -8.854554E-01 0.000000E+00
    outer loop
      vertex 1.092553E+01 2.888750E+01 -6.939489E+01
      vertex 1.118168E+01 2.875306E+01 -6.939489E+01
      vertex 1.118168E+01 2.875306E+01 -6.639489E+01
    endloop
  endfacet
  facet normal -8.229820E-01 -5.680674E-01 -0.000000E+00
    outer loop
      vertex 1.139821E+01 2.856123E+01 -6.639489E+01
      vertex 1.139821E+01 2.856123E+01 -6.939489E+01
      vertex 1.156255E+01 2.832315E+01 -6.639489E+01
    endloop
  endfacet
  facet normal -6.631237E-01 -7.485098E-01 0.000000E+00
    outer loop
      vertex 1.118168E+01 2.875306E+01 -6.939489E+01
      vertex 1.139821E+01 2.856123E+01 -6.939489E+01
      vertex 1.139821E+01 2.856123E+01 -6.639489E+01
    endloop
  endfacet
  facet normal -9.350161E-01 -3.546051E-01 -0.000000E+00
    outer loop
      vertex 1.156255E+01 2.832315E+01 -6.639489E+01
      vertex 1.156255E+01 2.832315E+01 -6.939489E+01
      vertex 1.166513E+01 2.805266E+01 -6.639489E+01
    endloop
  endfacet
  facet normal -8.229820E-01 -5.680674E-01 0.000000E+00
    outer loop
      vertex 1.139821E+01 2.856123E+01 -6.939489E+01
      vertex 1.156255E+01 2.832315E+01 -6.939489E+01
      vertex 1.156255E+01 2.832315E+01 -6.639489E+01
    endloop
  endfacet
  facet normal -9.927091E-01 -1.205349E-01 -0.000000E+00
    outer loop
      vertex 1.166513E+01 2.805266E+01 -6.639489E+01
      vertex 1.166513E+01 2.805266E+01 -6.939489E+01
      vertex 1.170000E+01 2.776548E+01 -6.639489E+01
    endloop
  endfacet
  facet normal -9.350161E-01 -3.546051E-01 0.000000E+00
    outer loop
      vertex 1.156255E+01 2.832315E+01 -6.939489E+01
      vertex 1.166513E+01 2.805266E+01 -6.939489E+01
      vertex 1.166513E+01 2.805266E+01 -6.639489E+01
    endloop
  endfacet
  facet normal -9.927091E-01 -1.205349E-01 0.000000E+00
    outer loop
      vertex 1.166513E+01 2.805266E+01 -6.939489E+01
      vertex 1.170000E+01 2.776548E+01 -6.939489E+01
      vertex 1.170000E+01 2.776548E+01 -6.639489E+01
    endloop
  endfacet
  facet normal 9.927091E-01 -1.205349E-01 0.000000E+00
    outer loop
      vertex 9.300000E+00 5.076548E+01 -6.639489E+01
      vertex 9.300000E+00 5.076548E+01 -6.939489E+01
      vertex 9.334869E+00 5.105266E+01 -6.639489E+01
    endloop
  endfacet
  facet normal 9.350161E-01 -3.546051E-01 0.000000E+00
    outer loop
      vertex 9.334869E+00 5.105266E+01 -6.639489E+01
      vertex 9.334869E+00 5.105266E+01 -6.939489E+01
      vertex 9.437452E+00 5.132315E+01 -6.639489E+01
    endloop
  endfacet
  facet normal 9.927091E-01 -1.205349E-01 0.000000E+00
    outer loop
      vertex 9.300000E+00 5.076548E+01 -6.939489E+01
      vertex 9.334869E+00 5.105266E+01 -6.939489E+01
      vertex 9.334869E+00 5.105266E+01 -6.639489E+01
    endloop
  endfacet
  facet normal 8.229820E-01 -5.680674E-01 0.000000E+00
    outer loop
      vertex 9.437452E+00 5.132315E+01 -6.639489E+01
      vertex 9.437452E+00 5.132315E+01 -6.939489E+01
      vertex 9.601788E+00 5.156123E+01 -6.639489E+01
    endloop
  endfacet
  facet normal 9.350161E-01 -3.546051E-01 0.000000E+00
    outer loop
      vertex 9.334869E+00 5.105266E+01 -6.939489E+01
      vertex 9.437452E+00 5.132315E+01 -6.939489E+01
      vertex 9.437452E+00 5.132315E+01 -6.639489E+01
    endloop
  endfacet
  facet normal 6.631237E-01 -7.485098E-01 0.000000E+00
    outer loop
      vertex 9.601788E+00 5.156123E+01 -6.639489E+01
      vertex 9.601788E+00 5.156123E+01 -6.939489E+01
      vertex 9.818322E+00 5.175306E+01 -6.639489E+01
    endloop
  endfacet
  facet normal 8.229820E-01 -5.680674E-01 0.000000E+00
    outer loop
      vertex 9.437452E+00 5.132315E+01 -6.939489E+01
      vertex 9.601788E+00 5.156123E+01 -6.939489E+01
      vertex 9.601788E+00 5.156123E+01 -6.639489E+01
    endloop
  endfacet
  facet normal 4.647295E-01 -8.854527E-01 0.000000E+00
    outer loop
      vertex 9.818322E+00 5.175306E+01 -6.639489E+01
      vertex 9.818322E+00 5.175306E+01 -6.939489E+01
      vertex 1.007447E+01 5.188750E+01 -6.639489E+01
    endloop
  endfacet
  facet normal 6.631237E-01 -7.485098E-01 0.000000E+00
    outer loop
      vertex 9.601788E+00 5.156123E+01 -6.939489E+01
      vertex 9.818322E+00 5.175306E+01 -6.939489E+01
      vertex 9.818322E+00 5.175306E+01 -6.639489E+01
    endloop
  endfacet
  facet normal 2.393090E-01 -9.709435E-01 0.000000E+00
    outer loop
      vertex 1.007447E+01 5.188750E+01 -6.639489E+01
      vertex 1.007447E+01 5.188750E+01 -6.939489E+01
      vertex 1.035536E+01 5.195673E+01 -6.639489E+01
    endloop
  endfacet
  facet normal 4.647295E-01 -8.854527E-01 0.000000E+00
    outer loop
      vertex 9.818322E+00 5.175306E+01 -6.939489E+01
      vertex 1.007447E+01 5.188750E+01 -6.939489E+01
      vertex 1.007447E+01 5.188750E+01 -6.639489E+01
    endloop
  endfacet
  facet normal 0.000000E+00 -1.000000E+00 0.000000E+00
    outer loop
      vertex 1.035536E+01 5.195673E+01 -6.639489E+01
      vertex 1.035536E+01 5.195673E+01 -6.939489E+01
      vertex 1.064464E+01 5.195673E+01 -6.639489E+01
    endloop
  endfacet
  facet normal 2.393090E-01 -9.709435E-01 0.000000E+00
    outer loop
      vertex 1.007447E+01 5.188750E+01 -6.939489E+01
      vertex 1.035536E+01 5.195673E+01 -6.939489E+01
      vertex 1.035536E+01 5.195673E+01 -6.639489E+01
    endloop
  endfacet
  facet normal -2.393090E-01 -9.709435E-01 -0.000000E+00
    outer loop
      vertex 1.064464E+01 5.195673E+01 -6.639489E+01
      vertex 1.064464E+01 5.195673E+01 -6.939489E+01
      vertex 1.092553E+01 5.188750E+01 -6.639489E+01
    endloop
  endfacet
  facet normal 0.000000E+00 -1.000000E+00 0.000000E+00
    outer loop
      vertex 1.035536E+01 5.195673E+01 -6.939489E+01
      vertex 1.064464E+01 5.195673E+01 -6.939489E+01
      vertex 1.064464E+01 5.195673E+01 -6.639489E+01
    endloop
  endfacet
  facet normal -4.647295E-01 -8.854527E-01 -0.000000E+00
    outer loop
      vertex 1.092553E+01 5.188750E+01 -6.639489E+01
      vertex 1.092553E+01 5.188750E+01 -6.939489E+01
      vertex 1.118168E+01 5.175306E+01 -6.639489E+01
    endloop
  endfacet
  facet normal -2.393090E-01 -9.709435E-01 0.000000E+00
    outer loop
      vertex 1.064464E+01 5.195673E+01 -6.939489E+01
      vertex 1.092553E+01 5.188750E+01 -6.939489E+01
      vertex 1.092553E+01 5.188750E+01 -6.639489E+01
    endloop
  endfacet
  facet normal -6.631237E-01 -7.485098E-01 -0.000000E+00
    outer loop
      vertex 1.118168E+01 5.175306E+01 -6.639489E+01
      vertex 1.118168E+01 5.175306E+01 -6.939489E+01
      vertex 1.139821E+01 5.156123E+01 -6.639489E+01
    endloop
  endfacet
  facet normal -4.647295E-01 -8.854527E-01 0.000000E+00
    outer loop
      vertex 1.092553E+01 5.188750E+01 -6.939489E+01
      vertex 1.118168E+01 5.175306E+01 -6.939489E+01
      vertex 1.118168E+01 5.175306E+01 -6.639489E+01
    endloop
  endfacet
  facet normal -8.229820E-01 -5.680674E-01 -0.000000E+00
    outer loop
      vertex 1.139821E+01 5.156123E+01 -6.639489E+01
      vertex 1.139821E+01 5.156123E+01 -6.939489E+01
      vertex 1.156255E+01 5.132315E+01 -6.639489E+01
    endloop
  endfacet
  facet normal -6.631237E-01 -7.485098E-01 0.000000E+00
    outer loop
      vertex 1.118168E+01 5.175306E+01 -6.939489E+01
      vertex 1.139821E+01 5.156123E+01 -6.939489E+01
      vertex 1.139821E+01 5.156123E+01 -6.639489E+01
    endloop
  endfacet
  facet normal -9.350161E-01 -3.546051E-01 -0.000000E+00
    outer loop
      vertex 1.156255E+01 5.132315E+01 -6.639489E+01
      vertex 1.156255E+01 5.132315E+01 -6.939489E+01
      vertex 1.166513E+01 5.105266E+01 -6.639489E+01
    endloop
  endfacet
  facet normal -8.229820E-01 -5.680674E-01 0.000000E+00
    outer loop
      vertex 1.139821E+01 5.156123E+01 -6.939489E+01
      vertex 1.156255E+01 5.132315E+01 -6.939489E+01
      vertex 1.156255E+01 5.132315E+01 -6.639489E+01
    endloop
  endfacet
  facet normal -9.927091E-01 -1.205349E-01 -0.000000E+00
    outer loop
      vertex 1.166513E+01 5.105266E+01 -6.639489E+01
      vertex 1.166513E+01 5.105266E+01 -6.939489E+01
      vertex 1.170000E+01 5.076548E+01 -6.639489E+01
    endloop
  endfacet
  facet normal -9.350161E-01 -3.546051E-01 0.000000E+00
    outer loop
      vertex 1.156255E+01 5.132315E+01 -6.939489E+01
      vertex 1.166513E+01 5.105266E+01 -6.939489E+01
      vertex 1.166513E+01 5.105266E+01 -6.639489E+01
    endloop
  endfacet
  facet normal -9.927091E-01 -1.205349E-01 0.000000E+00
    outer loop
      vertex 1.166513E+01 5.105266E+01 -6.939489E+01
      vertex 1.170000E+01 5.076548E+01 -6.939489E+01
      vertex 1.170000E+01 5.076548E+01 -6.639489E+01
    endloop
  endfacet
  facet normal -0.000000E+00 0.000000E+00 -1.000000E+00
    outer loop
      vertex 9.818322E+00 2.677790E+01 -6.939489E+01
      vertex 5.000000E-01 2.197259E+01 -6.939489E+01
      vertex 9.601788E+00 2.696974E+01 -6.939489E+01
    endloop
  endfacet
  facet normal 0.000000E+00 -0.000000E+00 -1.000000E+00
    outer loop
      vertex 9.437452E+00 2.720782E+01 -6.939489E+01
      vertex 9.601788E+00 2.696974E+01 -6.939489E+01
      vertex 5.000000E-01 2.197259E+01 -6.939489E+01
    endloop
  endfacet
  facet normal -0.000000E+00 0.000000E+00 -1.000000E+00
    outer loop
      vertex 1.007447E+01 2.664346E+01 -6.939489E+01
      vertex 5.000000E-01 2.197259E+01 -6.939489E+01
      vertex 9.818322E+00 2.677790E+01 -6.939489E+01
    endloop
  endfacet
  facet normal 0.000000E+00 -0.000000E+00 -1.000000E+00
    outer loop
      vertex 9.334869E+00 2.747830E+01 -6.939489E+01
      vertex 9.437452E+00 2.720782E+01 -6.939489E+01
      vertex 5.000000E-01 2.197259E+01 -6.939489E+01
    endloop
  endfacet
  facet normal -0.000000E+00 0.000000E+00 -1.000000E+00
    outer loop
      vertex 1.035536E+01 2.657423E+01 -6.939489E+01
      vertex 5.000000E-01 2.197259E+01 -6.939489E+01
      vertex 1.007447E+01 2.664346E+01 -6.939489E+01
    endloop
  endfacet
  facet normal 0.000000E+00 -0.000000E+00 -1.000000E+00
    outer loop
      vertex 9.300000E+00 2.776548E+01 -6.939489E+01
      vertex 9.334869E+00 2.747830E+01 -6.939489E+01
      vertex 5.000000E-01 2.197259E+01 -6.939489E+01
    endloop
  endfacet
  facet normal -0.000000E+00 0.000000E+00 -1.000000E+00
    outer loop
      vertex 1.064464E+01 2.657423E+01 -6.939489E+01
      vertex 5.000000E-01 2.197259E+01 -6.939489E+01
      vertex 1.035536E+01 2.657423E+01 -6.939489E+01
    endloop
  endfacet
  facet normal 0.000000E+00 0.000000E+00 -1.000000E+00
    outer loop
      vertex 9.334869E+00 2.805266E+01 -6.939489E+01
      vertex 9.300000E+00 2.776548E+01 -6.939489E+01
      vertex 5.000000E-01 2.197259E+01 -6.939489E+01
    endloop
  endfacet
  facet normal 0.000000E+00 0.000000E+00 -1.000000E+00
    outer loop
      vertex 1.092553E+01 2.664346E+01 -6.939489E+01
      vertex 5.000000E-01 2.197259E+01 -6.939489E+01
      vertex 1.064464E+01 2.657423E+01 -6.939489E+01
    endloop
  endfacet
  facet normal 0.000000E+00 0.000000E+00 -1.000000E+00
    outer loop
      vertex 9.437452E+00 2.832315E+01 -6.939489E+01
      vertex 9.334869E+00 2.805266E+01 -6.939489E+01
      vertex 5.000000E-01 2.197259E+01 -6.939489E+01
    endloop
  endfacet
  facet normal 0.000000E+00 0.000000E+00 -1.000000E+00
    outer loop
      vertex 9.601788E+00 2.856123E+01 -6.939489E+01
      vertex 9.437452E+00 2.832315E+01 -6.939489E+01
      vertex 5.000000E-01 2.197259E+01 -6.939489E+01
    endloop
  endfacet
  facet normal 0.000000E+00 0.000000E+00 -1.000000E+00
    outer loop
      vertex 5.000000E-01 5.626548E+01 -6.939489E+01
      vertex 9.601788E+00 2.856123E+01 -6.939489E+01
      vertex 5.000000E-01 2.197259E+01 -6.939489E+01
    endloop
  endfacet
  facet normal -0.000000E+00 -0.000000E+00 -1.000000E+00
    outer loop
      vertex 9.601788E+00 4.996974E+01 -6.939489E+01
      vertex 9.601788E+00 2.856123E+01 -6.939489E+01
      vertex 5.000000E-01 5.626548E+01 -6.939489E+01
    endloop
  endfacet
  facet normal 0.000000E+00 -0.000000E+00 -1.000000E+00
    outer loop
      vertex 9.818322E+00 4.977790E+01 -6.939489E+01
      vertex 9.818322E+00 2.875306E+01 -6.939489E+01
      vertex 9.601788E+00 2.856123E+01 -6.939489E+01
    endloop
  endfacet
  facet normal -0.000000E+00 0.000000E+00 -1.000000E+00
    outer loop
      vertex 9.818322E+00 4.977790E+01 -6.939489E+01
      vertex 9.601788E+00 2.856123E+01 -6.939489E+01
      vertex 9.601788E+00 4.996974E+01 -6.939489E+01
    endloop
  endfacet
  facet normal -0.000000E+00 -0.000000E+00 -1.000000E+00
    outer loop
      vertex 9.437452E+00 5.020782E+01 -6.939489E+01
      vertex 9.601788E+00 4.996974E+01 -6.939489E+01
      vertex 5.000000E-01 5.626548E+01 -6.939489E+01
    endloop
  endfacet
  facet normal 0.000000E+00 -0.000000E+00 -1.000000E+00
    outer loop
      vertex 1.007447E+01 4.964346E+01 -6.939489E+01
      vertex 1.007447E+01 2.888750E+01 -6.939489E+01
      vertex 9.818322E+00 2.875306E+01 -6.939489E+01
    endloop
  endfacet
  facet normal -0.000000E+00 0.000000E+00 -1.000000E+00
    outer loop
      vertex 1.007447E+01 4.964346E+01 -6.939489E+01
      vertex 9.818322E+00 2.875306E+01 -6.939489E+01
      vertex 9.818322E+00 4.977790E+01 -6.939489E+01
    endloop
  endfacet
  facet normal -0.000000E+00 -0.000000E+00 -1.000000E+00
    outer loop
      vertex 9.334869E+00 5.047831E+01 -6.939489E+01
      vertex 9.437452E+00 5.020782E+01 -6.939489E+01
      vertex 5.000000E-01 5.626548E+01 -6.939489E+01
    endloop
  endfacet
  facet normal -0.000000E+00 0.000000E+00 -1.000000E+00
    outer loop
      vertex 1.035536E+01 4.957423E+01 -6.939489E+01
      vertex 1.007447E+01 2.888750E+01 -6.939489E+01
      vertex 1.007447E+01 4.964346E+01 -6.939489E+01
    endloop
  endfacet
  facet normal 0.000000E+00 -0.000000E+00 -1.000000E+00
    outer loop
      vertex 1.035536E+01 4.957423E+01 -6.939489E+01
      vertex 1.035536E+01 2.895673E+01 -6.939489E+01
      vertex 1.007447E+01 2.888750E+01 -6.939489E+01
    endloop
  endfacet
  facet normal -0.000000E+00 -0.000000E+00 -1.000000E+00
    outer loop
      vertex 9.300000E+00 5.076548E+01 -6.939489E+01
      vertex 9.334869E+00 5.047831E+01 -6.939489E+01
      vertex 5.000000E-01 5.626548E+01 -6.939489E+01
    endloop
  endfacet
  facet normal 0.000000E+00 -0.000000E+00 -1.000000E+00
    outer loop
      vertex 1.064464E+01 4.957423E+01 -6.939489E+01
      vertex 1.064464E+01 2.895673E+01 -6.939489E+01
      vertex 1.035536E+01 2.895673E+01 -6.939489E+01
    endloop
  endfacet
  facet normal -0.000000E+00 0.000000E+00 -1.000000E+00
    outer loop
      vertex 1.064464E+01 4.957423E+01 -6.939489E+01
      vertex 1.035536E+01 2.895673E+01 -6.939489E+01
      vertex 1.035536E+01 4.957423E+01 -6.939489E+01
    endloop
  endfacet
  facet normal -0.000000E+00 0.000000E+00 -1.000000E+00
    outer loop
      vertex 9.334869E+00 5.105266E+01 -6.939489E+01
      vertex 9.300000E+00 5.076548E+01 -6.939489E+01
      vertex 5.000000E-01 5.626548E+01 -6.939489E+01
    endloop
  endfacet
  facet normal 0.000000E+00 -0.000000E+00 -1.000000E+00
    outer loop
      vertex 1.092553E+01 4.964346E+01 -6.939489E+01
      vertex 1.092553E+01 2.888750E+01 -6.939489E+01
      vertex 1.064464E+01 2.895673E+01 -6.939489E+01
    endloop
  endfacet
  facet normal 0.000000E+00 0.000000E+00 -1.000000E+00
    outer loop
      vertex 1.092553E+01 4.964346E+01 -6.939489E+01
      vertex 1.064464E+01 2.895673E+01 -6.939489E+01
      vertex 1.064464E+01 4.957423E+01 -6.939489E+01
    endloop
  endfacet
  facet normal -0.000000E+00 0.000000E+00 -1.000000E+00
    outer loop
      vertex 9.437452E+00 5.132315E+01 -6.939489E+01
      vertex 9.334869E+00 5.105266E+01 -6.939489E+01
      vertex 5.000000E-01 5.626548E+01 -6.939489E+01
    endloop
  endfacet
  facet normal 0.000000E+00 -0.000000E+00 -1.000000E+00
    outer loop
      vertex 1.118168E+01 4.977790E+01 -6.939489E+01
      vertex 1.118168E+01 2.875306E+01 -6.939489E+01
      vertex 1.092553E+01 2.888750E+01 -6.939489E+01
    endloop
  endfacet
  facet normal 0.000000E+00 0.000000E+00 -1.000000E+00
    outer loop
      vertex 1.118168E+01 4.977790E+01 -6.939489E+01
      vertex 1.092553E+01 2.888750E+01 -6.939489E+01
      vertex 1.092553E+01 4.964346E+01 -6.939489E+01
    endloop
  endfacet
  facet normal -0.000000E+00 0.000000E+00 -1.000000E+00
    outer loop
      vertex 9.601788E+00 5.156123E+01 -6.939489E+01
      vertex 9.437452E+00 5.132315E+01 -6.939489E+01
      vertex 5.000000E-01 5.626548E+01 -6.939489E+01
    endloop
  endfacet
  facet normal 0.000000E+00 -0.000000E+00 -1.000000E+00
    outer loop
      vertex 1.139821E+01 4.996974E+01 -6.939489E+01
      vertex 1.139821E+01 2.856123E+01 -6.939489E+01
      vertex 1.118168E+01 2.875306E+01 -6.939489E+01
    endloop
  endfacet
  facet normal 0.000000E+00 0.000000E+00 -1.000000E+00
    outer loop
      vertex 1.139821E+01 4.996974E+01 -6.939489E+01
      vertex 1.118168E+01 2.875306E+01 -6.939489E+01
      vertex 1.118168E+01 4.977790E+01 -6.939489E+01
    endloop
  endfacet
  facet normal -0.000000E+00 0.000000E+00 -1.000000E+00
    outer loop
      vertex 9.818322E+00 5.175306E+01 -6.939489E+01
      vertex 9.601788E+00 5.156123E+01 -6.939489E+01
      vertex 5.000000E-01 5.626548E+01 -6.939489E+01
    endloop
  endfacet
  facet normal 0.000000E+00 -0.000000E+00 -1.000000E+00
    outer loop
      vertex 1.156255E+01 5.020782E+01 -6.939489E+01
      vertex 1.156255E+01 2.832315E+01 -6.939489E+01
      vertex 1.139821E+01 2.856123E+01 -6.939489E+01
    endloop
  endfacet
  facet normal 0.000000E+00 0.000000E+00 -1.000000E+00
    outer loop
      vertex 1.156255E+01 5.020782E+01 -6.939489E+01
      vertex 1.139821E+01 2.856123E+01 -6.939489E+01
      vertex 1.139821E+01 4.996974E+01 -6.939489E+01
    endloop
  endfacet
  facet normal -0.000000E+00 0.000000E+00 -1.000000E+00
    outer loop
      vertex 1.007447E+01 5.188750E+01 -6.939489E+01
      vertex 9.818322E+00 5.175306E+01 -6.939489E+01
      vertex 5.000000E-01 5.626548E+01 -6.939489E+01
    endloop
  endfacet
  facet normal -0.000000E+00 0.000000E+00 -1.000000E+00
    outer loop
      vertex 1.035536E+01 5.195673E+01 -6.939489E+01
      vertex 1.007447E+01 5.188750E+01 -6.939489E+01
      vertex 5.000000E-01 5.626548E+01 -6.939489E+01
    endloop
  endfacet
  facet normal 0.000000E+00 0.000000E+00 -1.000000E+00
    outer loop
      vertex 1.064464E+01 5.195673E+01 -6.939489E+01
      vertex 1.035536E+01 5.195673E+01 -6.939489E+01
      vertex 5.000000E-01 5.626548E+01 -6.939489E+01
    endloop
  endfacet
  facet normal 0.000000E+00 0.000000E+00 -1.000000E+00
    outer loop
      vertex 1.092553E+01 5.188750E+01 -6.939489E+01
      vertex 1.064464E+01 5.195673E+01 -6.939489E+01
      vertex 5.000000E-01 5.626548E+01 -6.939489E+01
    endloop
  endfacet
  facet normal -0.000000E+00 0.000000E+00 -1.000000E+00
    outer loop
      vertex 5.860179E+01 2.696974E+01 -6.939489E+01
      vertex 1.118168E+01 2.677790E+01 -6.939489E+01
      vertex 1.139821E+01 2.696974E+01 -6.939489E+01
    endloop
  endfacet
  facet normal 0.000000E+00 0.000000E+00 -1.000000E+00
    outer loop
      vertex 5.881832E+01 2.677790E+01 -6.939489E+01
      vertex 1.118168E+01 2.677790E+01 -6.939489E+01
      vertex 5.860179E+01 2.696974E+01 -6.939489E+01
    endloop
  endfacet
  facet normal 0.000000E+00 -0.000000E+00 -1.000000E+00
    outer loop
      vertex 5.843745E+01 2.720782E+01 -6.939489E+01
      vertex 5.860179E+01 2.696974E+01 -6.939489E+01
      vertex 1.139821E+01 2.696974E+01 -6.939489E+01
    endloop
  endfacet
  facet normal -0.000000E+00 0.000000E+00 -1.000000E+00
    outer loop
      vertex 5.843745E+01 2.720782E+01 -6.939489E+01
      vertex 1.139821E+01 2.696974E+01 -6.939489E+01
      vertex 1.156255E+01 2.720782E+01 -6.939489E+01
    endloop
  endfacet
  facet normal 0.000000E+00 0.000000E+00 -1.000000E+00
    outer loop
      vertex 5.843745E+01 2.720782E+01 -6.939489E+01
      vertex 1.156255E+01 2.720782E+01 -6.939489E+01
      vertex 1.166513E+01 2.747830E+01 -6.939489E+01
    endloop
  endfacet
  facet normal 0.000000E+00 0.000000E+00 -1.000000E+00
    outer loop
      vertex 5.907447E+01 2.664346E+01 -6.939489E+01
      vertex 1.118168E+01 2.677790E+01 -6.939489E+01
      vertex 5.881832E+01 2.677790E+01 -6.939489E+01
    endloop
  endfacet
  facet normal -0.000000E+00 0.000000E+00 -1.000000E+00
    outer loop
      vertex 5.907447E+01 2.664346E+01 -6.939489E+01
      vertex 5.000000E-01 2.197259E+01 -6.939489E+01
      vertex 1.092553E+01 2.664346E+01 -6.939489E+01
    endloop
  endfacet
  facet normal 0.000000E+00 0.000000E+00 -1.000000E+00
    outer loop
      vertex 5.907447E+01 2.664346E+01 -6.939489E+01
      vertex 1.092553E+01 2.664346E+01 -6.939489E+01
      vertex 1.118168E+01 2.677790E+01 -6.939489E+01
    endloop
  endfacet
  facet normal -0.000000E+00 -0.000000E+00 -1.000000E+00
    outer loop
      vertex 5.833487E+01 2.747830E+01 -6.939489E+01
      vertex 5.843745E+01 2.720782E+01 -6.939489E+01
      vertex 1.166513E+01 2.747830E+01 -6.939489E+01
    endloop
  endfacet
  facet normal 0.000000E+00 0.000000E+00 -1.000000E+00
    outer loop
      vertex 5.830000E+01 2.776548E+01 -6.939489E+01
      vertex 1.170000E+01 2.776548E+01 -6.939489E+01
      vertex 1.166513E+01 2.805266E+01 -6.939489E+01
    endloop
  endfacet
  facet normal 0.000000E+00 -0.000000E+00 -1.000000E+00
    outer loop
      vertex 5.830000E+01 2.776548E+01 -6.939489E+01
      vertex 5.833487E+01 2.747830E+01 -6.939489E+01
      vertex 1.166513E+01 2.747830E+01 -6.939489E+01
    endloop
  endfacet
  facet normal -0.000000E+00 0.000000E+00 -1.000000E+00
    outer loop
      vertex 5.830000E+01 2.776548E+01 -6.939489E+01
      vertex 1.166513E+01 2.747830E+01 -6.939489E+01
      vertex 1.170000E+01 2.776548E+01 -6.939489E+01
    endloop
  endfacet
  facet normal -0.000000E+00 0.000000E+00 -1.000000E+00
    outer loop
      vertex 5.833487E+01 2.805266E+01 -6.939489E+01
      vertex 5.830000E+01 2.776548E+01 -6.939489E+01
      vertex 1.166513E+01 2.805266E+01 -6.939489E+01
    endloop
  endfacet
  facet normal 0.000000E+00 0.000000E+00 -1.000000E+00
    outer loop
      vertex 5.843745E+01 2.832315E+01 -6.939489E+01
      vertex 5.833487E+01 2.805266E+01 -6.939489E+01
      vertex 1.166513E+01 2.805266E+01 -6.939489E+01
    endloop
  endfacet
  facet normal -0.000000E+00 0.000000E+00 -1.000000E+00
    outer loop
      vertex 5.843745E+01 2.832315E+01 -6.939489E+01
      vertex 1.166513E+01 2.805266E+01 -6.939489E+01
      vertex 1.156255E+01 2.832315E+01 -6.939489E+01
    endloop
  endfacet
  facet normal 0.000000E+00 0.000000E+00 -1.000000E+00
    outer loop
      vertex 5.843745E+01 2.832315E+01 -6.939489E+01
      vertex 1.156255E+01 2.832315E+01 -6.939489E+01
      vertex 1.156255E+01 5.020782E+01 -6.939489E+01
    endloop
  endfacet
  facet normal 0.000000E+00 0.000000E+00 -1.000000E+00
    outer loop
      vertex 6.950000E+01 2.197259E+01 -6.939489E+01
      vertex 5.000000E-01 2.197259E+01 -6.939489E+01
      vertex 5.907447E+01 2.664346E+01 -6.939489E+01
    endloop
  endfacet
  facet normal 0.000000E+00 0.000000E+00 -1.000000E+00
    outer loop
      vertex 6.950000E+01 2.197259E+01 -6.939489E+01
      vertex 5.907447E+01 2.664346E+01 -6.939489E+01
      vertex 5.935535E+01 2.657423E+01 -6.939489E+01
    endloop
  endfacet
  facet normal 0.000000E+00 0.000000E+00 -1.000000E+00
    outer loop
      vertex 6.950000E+01 2.197259E+01 -6.939489E+01
      vertex 5.935535E+01 2.657423E+01 -6.939489E+01
      vertex 5.964465E+01 2.657423E+01 -6.939489E+01
    endloop
  endfacet
  facet normal 0.000000E+00 0.000000E+00 -1.000000E+00
    outer loop
      vertex 6.950000E+01 2.197259E+01 -6.939489E+01
      vertex 5.964465E+01 2.657423E+01 -6.939489E+01
      vertex 5.992553E+01 2.664346E+01 -6.939489E+01
    endloop
  endfacet
  facet normal 0.000000E+00 0.000000E+00 -1.000000E+00
    outer loop
      vertex 6.950000E+01 2.197259E+01 -6.939489E+01
      vertex 5.992553E+01 2.664346E+01 -6.939489E+01
      vertex 6.018168E+01 2.677790E+01 -6.939489E+01
    endloop
  endfacet
  facet normal 0.000000E+00 0.000000E+00 -1.000000E+00
    outer loop
      vertex 6.950000E+01 2.197259E+01 -6.939489E+01
      vertex 6.018168E+01 2.677790E+01 -6.939489E+01
      vertex 6.039821E+01 2.696974E+01 -6.939489E+01
    endloop
  endfacet
  facet normal 0.000000E+00 0.000000E+00 -1.000000E+00
    outer loop
      vertex 6.950000E+01 2.197259E+01 -6.939489E+01
      vertex 6.039821E+01 2.696974E+01 -6.939489E+01
      vertex 6.056255E+01 2.720782E+01 -6.939489E+01
    endloop
  endfacet
  facet normal 0.000000E+00 0.000000E+00 -1.000000E+00
    outer loop
      vertex 6.950000E+01 2.197259E+01 -6.939489E+01
      vertex 6.056255E+01 2.720782E+01 -6.939489E+01
      vertex 6.066513E+01 2.747830E+01 -6.939489E+01
    endloop
  endfacet
  facet normal 0.000000E+00 0.000000E+00 -1.000000E+00
    outer loop
      vertex 6.950000E+01 2.197259E+01 -6.939489E+01
      vertex 6.066513E+01 2.747830E+01 -6.939489E+01
      vertex 6.070000E+01 2.776548E+01 -6.939489E+01
    endloop
  endfacet
  facet normal 0.000000E+00 0.000000E+00 -1.000000E+00
    outer loop
      vertex 6.950000E+01 2.197259E+01 -6.939489E+01
      vertex 6.070000E+01 2.776548E+01 -6.939489E+01
      vertex 6.066513E+01 2.805266E+01 -6.939489E+01
    endloop
  endfacet
  facet normal 0.000000E+00 0.000000E+00 -1.000000E+00
    outer loop
      vertex 6.950000E+01 2.197259E+01 -6.939489E+01
      vertex 6.066513E+01 2.805266E+01 -6.939489E+01
      vertex 6.056255E+01 2.832315E+01 -6.939489E+01
    endloop
  endfacet
  facet normal 0.000000E+00 0.000000E+00 -1.000000E+00
    outer loop
      vertex 6.950000E+01 2.197259E+01 -6.939489E+01
      vertex 6.056255E+01 2.832315E+01 -6.939489E+01
      vertex 6.039821E+01 2.856123E+01 -6.939489E+01
    endloop
  endfacet
  facet normal 0.000000E+00 -0.000000E+00 -1.000000E+00
    outer loop
      vertex 5.860179E+01 4.996974E+01 -6.939489E+01
      vertex 5.860179E+01 2.856123E+01 -6.939489E+01
      vertex 5.843745E+01 2.832315E+01 -6.939489E+01
    endloop
  endfacet
  facet normal -0.000000E+00 0.000000E+00 -1.000000E+00
    outer loop
      vertex 5.881832E+01 4.977790E+01 -6.939489E+01
      vertex 5.860179E+01 2.856123E+01 -6.939489E+01
      vertex 5.860179E+01 4.996974E+01 -6.939489E+01
    endloop
  endfacet
  facet normal 0.000000E+00 -0.000000E+00 -1.000000E+00
    outer loop
      vertex 5.881832E+01 4.977790E+01 -6.939489E+01
      vertex 5.881832E+01 2.875306E+01 -6.939489E+01
      vertex 5.860179E+01 2.856123E+01 -6.939489E+01
    endloop
  endfacet
  facet normal 0.000000E+00 0.000000E+00 -1.000000E+00
    outer loop
      vertex 5.843745E+01 5.020782E+01 -6.939489E+01
      vertex 1.156255E+01 5.020782E+01 -6.939489E+01
      vertex 1.166513E+01 5.047831E+01 -6.939489E+01
    endloop
  endfacet
  facet normal 0.000000E+00 0.000000E+00 -1.000000E+00
    outer loop
      vertex 5.843745E+01 5.020782E+01 -6.939489E+01
      vertex 5.860179E+01 4.996974E+01 -6.939489E+01
      vertex 5.843745E+01 2.832315E+01 -6.939489E+01
    endloop
  endfacet
  facet normal -0.000000E+00 -0.000000E+00 -1.000000E+00
    outer loop
      vertex 5.843745E+01 5.020782E+01 -6.939489E+01
      vertex 5.843745E+01 2.832315E+01 -6.939489E+01
      vertex 1.156255E+01 5.020782E+01 -6.939489E+01
    endloop
  endfacet
  facet normal -0.000000E+00 0.000000E+00 -1.000000E+00
    outer loop
      vertex 5.907447E+01 4.964346E+01 -6.939489E+01
      vertex 5.881832E+01 2.875306E+01 -6.939489E+01
      vertex 5.881832E+01 4.977790E+01 -6.939489E+01
    endloop
  endfacet
  facet normal 0.000000E+00 -0.000000E+00 -1.000000E+00
    outer loop
      vertex 5.907447E+01 4.964346E+01 -6.939489E+01
      vertex 5.907447E+01 2.888750E+01 -6.939489E+01
      vertex 5.881832E+01 2.875306E+01 -6.939489E+01
    endloop
  endfacet
  facet normal -0.000000E+00 -0.000000E+00 -1.000000E+00
    outer loop
      vertex 5.833487E+01 5.047831E+01 -6.939489E+01
      vertex 5.843745E+01 5.020782E+01 -6.939489E+01
      vertex 1.166513E+01 5.047831E+01 -6.939489E+01
    endloop
  endfacet
  facet normal 0.000000E+00 0.000000E+00 -1.000000E+00
    outer loop
      vertex 5.935535E+01 4.957423E+01 -6.939489E+01
      vertex 5.964465E+01 2.895673E+01 -6.939489E+01
      vertex 5.935535E+01 2.895673E+01 -6.939489E+01
    endloop
  endfacet
  facet normal 0.000000E+00 -0.000000E+00 -1.000000E+00
    outer loop
      vertex 5.935535E+01 4.957423E+01 -6.939489E+01
      vertex 5.935535E+01 2.895673E+01 -6.939489E+01
      vertex 5.907447E+01 2.888750E+01 -6.939489E+01
    endloop
  endfacet
  facet normal -0.000000E+00 0.000000E+00 -1.000000E+00
    outer loop
      vertex 5.935535E+01 4.957423E+01 -6.939489E+01
      vertex 5.907447E+01 2.888750E+01 -6.939489E+01
      vertex 5.907447E+01 4.964346E+01 -6.939489E+01
    endloop
  endfacet
  facet normal 0.000000E+00 0.000000E+00 -1.000000E+00
    outer loop
      vertex 5.830000E+01 5.076548E+01 -6.939489E+01
      vertex 1.170000E+01 5.076548E+01 -6.939489E+01
      vertex 1.166513E+01 5.105266E+01 -6.939489E+01
    endloop
  endfacet
  facet normal 0.000000E+00 -0.000000E+00 -1.000000E+00
    outer loop
      vertex 5.830000E+01 5.076548E+01 -6.939489E+01
      vertex 5.833487E+01 5.047831E+01 -6.939489E+01
      vertex 1.166513E+01 5.047831E+01 -6.939489E+01
    endloop
  endfacet
  facet normal -0.000000E+00 0.000000E+00 -1.000000E+00
    outer loop
      vertex 5.830000E+01 5.076548E+01 -6.939489E+01
      vertex 1.166513E+01 5.047831E+01 -6.939489E+01
      vertex 1.170000E+01 5.076548E+01 -6.939489E+01
    endloop
  endfacet
  facet normal -0.000000E+00 -0.000000E+00 -1.000000E+00
    outer loop
      vertex 5.964465E+01 4.957423E+01 -6.939489E+01
      vertex 5.964465E+01 2.895673E+01 -6.939489E+01
      vertex 5.935535E+01 4.957423E+01 -6.939489E+01
    endloop
  endfacet
  facet normal -0.000000E+00 0.000000E+00 -1.000000E+00
    outer loop
      vertex 5.833487E+01 5.105266E+01 -6.939489E+01
      vertex 5.830000E+01 5.076548E+01 -6.939489E+01
      vertex 1.166513E+01 5.105266E+01 -6.939489E+01
    endloop
  endfacet
  facet normal 0.000000E+00 0.000000E+00 -1.000000E+00
    outer loop
      vertex 5.992553E+01 4.964346E+01 -6.939489E+01
      vertex 5.964465E+01 2.895673E+01 -6.939489E+01
      vertex 5.964465E+01 4.957423E+01 -6.939489E+01
    endloop
  endfacet
  facet normal 0.000000E+00 -0.000000E+00 -1.000000E+00
    outer loop
      vertex 5.992553E+01 4.964346E+01 -6.939489E+01
      vertex 5.992553E+01 2.888750E+01 -6.939489E+01
      vertex 5.964465E+01 2.895673E+01 -6.939489E+01
    endloop
  endfacet
  facet normal -0.000000E+00 0.000000E+00 -1.000000E+00
    outer loop
      vertex 5.843745E+01 5.132315E+01 -6.939489E+01
      vertex 1.166513E+01 5.105266E+01 -6.939489E+01
      vertex 1.156255E+01 5.132315E+01 -6.939489E+01
    endloop
  endfacet
  facet normal 0.000000E+00 0.000000E+00 -1.000000E+00
    outer loop
      vertex 5.843745E+01 5.132315E+01 -6.939489E+01
      vertex 1.156255E+01 5.132315E+01 -6.939489E+01
      vertex 1.139821E+01 5.156123E+01 -6.939489E+01
    endloop
  endfacet
  facet normal 0.000000E+00 0.000000E+00 -1.000000E+00
    outer loop
      vertex 5.843745E+01 5.132315E+01 -6.939489E+01
      vertex 5.833487E+01 5.105266E+01 -6.939489E+01
      vertex 1.166513E+01 5.105266E+01 -6.939489E+01
    endloop
  endfacet
  facet normal 0.000000E+00 -0.000000E+00 -1.000000E+00
    outer loop
      vertex 6.018168E+01 4.977790E+01 -6.939489E+01
      vertex 6.018168E+01 2.875306E+01 -6.939489E+01
      vertex 5.992553E+01 2.888750E+01 -6.939489E+01
    endloop
  endfacet
  facet normal 0.000000E+00 0.000000E+00 -1.000000E+00
    outer loop
      vertex 6.018168E+01 4.977790E+01 -6.939489E+01
      vertex 5.992553E+01 2.888750E+01 -6.939489E+01
      vertex 5.992553E+01 4.964346E+01 -6.939489E+01
    endloop
  endfacet
  facet normal -0.000000E+00 0.000000E+00 -1.000000E+00
    outer loop
      vertex 5.860179E+01 5.156123E+01 -6.939489E+01
      vertex 5.843745E+01 5.132315E+01 -6.939489E+01
      vertex 1.139821E+01 5.156123E+01 -6.939489E+01
    endloop
  endfacet
  facet normal 0.000000E+00 -0.000000E+00 -1.000000E+00
    outer loop
      vertex 6.039821E+01 4.996974E+01 -6.939489E+01
      vertex 6.039821E+01 2.856123E+01 -6.939489E+01
      vertex 6.018168E+01 2.875306E+01 -6.939489E+01
    endloop
  endfacet
  facet normal 0.000000E+00 0.000000E+00 -1.000000E+00
    outer loop
      vertex 6.039821E+01 4.996974E+01 -6.939489E+01
      vertex 6.018168E+01 2.875306E+01 -6.939489E+01
      vertex 6.018168E+01 4.977790E+01 -6.939489E+01
    endloop
  endfacet
  facet normal -0.000000E+00 0.000000E+00 -1.000000E+00
    outer loop
      vertex 5.881832E+01 5.175306E+01 -6.939489E+01
      vertex 1.139821E+01 5.156123E+01 -6.939489E+01
      vertex 1.118168E+01 5.175306E+01 -6.939489E+01
    endloop
  endfacet
  facet normal 0.000000E+00 0.000000E+00 -1.000000E+00
    outer loop
      vertex 5.881832E+01 5.175306E+01 -6.939489E+01
      vertex 5.860179E+01 5.156123E+01 -6.939489E+01
      vertex 1.139821E+01 5.156123E+01 -6.939489E+01
    endloop
  endfacet
  facet normal 0.000000E+00 0.000000E+00 -1.000000E+00
    outer loop
      vertex 5.907447E+01 5.188750E+01 -6.939489E+01
      vertex 1.092553E+01 5.188750E+01 -6.939489E+01
      vertex 5.000000E-01 5.626548E+01 -6.939489E+01
    endloop
  endfacet
  facet normal -0.000000E+00 0.000000E+00 -1.000000E+00
    outer loop
      vertex 5.907447E+01 5.188750E+01 -6.939489E+01
      vertex 1.118168E+01 5.175306E+01 -6.939489E+01
      vertex 1.092553E+01 5.188750E+01 -6.939489E+01
    endloop
  endfacet
  facet normal 0.000000E+00 0.000000E+00 -1.000000E+00
    outer loop
      vertex 5.907447E+01 5.188750E+01 -6.939489E+01
      vertex 5.881832E+01 5.175306E+01 -6.939489E+01
      vertex 1.118168E+01 5.175306E+01 -6.939489E+01
    endloop
  endfacet
  facet normal 0.000000E+00 0.000000E+00 -1.000000E+00
    outer loop
      vertex 6.950000E+01 5.626548E+01 -6.939489E+01
      vertex 5.992553E+01 5.188750E+01 -6.939489E+01
      vertex 5.964465E+01 5.195673E+01 -6.939489E+01
    endloop
  endfacet
  facet normal 0.000000E+00 0.000000E+00 -1.000000E+00
    outer loop
      vertex 6.950000E+01 5.626548E+01 -6.939489E+01
      vertex 5.964465E+01 5.195673E+01 -6.939489E+01
      vertex 5.935535E+01 5.195673E+01 -6.939489E+01
    endloop
  endfacet
  facet normal 0.000000E+00 0.000000E+00 -1.000000E+00
    outer loop
      vertex 6.950000E+01 5.626548E+01 -6.939489E+01
      vertex 5.935535E+01 5.195673E+01 -6.939489E+01
      vertex 5.907447E+01 5.188750E+01 -6.939489E+01
    endloop
  endfacet
  facet normal 0.000000E+00 -0.000000E+00 -1.000000E+00
    outer loop
      vertex 6.950000E+01 5.626548E+01 -6.939489E+01
      vertex 6.950000E+01 2.197259E+01 -6.939489E+01
      vertex 6.039821E+01 2.856123E+01 -6.939489E+01
    endloop
  endfacet
  facet normal 0.000000E+00 0.000000E+00 -1.000000E+00
    outer loop
      vertex 6.950000E+01 5.626548E+01 -6.939489E+01
      vertex 6.039821E+01 2.856123E+01 -6.939489E+01
      vertex 6.039821E+01 4.996974E+01 -6.939489E+01
    endloop
  endfacet
  facet normal 0.000000E+00 0.000000E+00 -1.000000E+00
    outer loop
      vertex 6.950000E+01 5.626548E+01 -6.939489E+01
      vertex 6.039821E+01 4.996974E+01 -6.939489E+01
      vertex 6.056255E+01 5.020782E+01 -6.939489E+01
    endloop
  endfacet
  facet normal 0.000000E+00 0.000000E+00 -1.000000E+00
    outer loop
      vertex 6.950000E+01 5.626548E+01 -6.939489E+01
      vertex 6.056255E+01 5.020782E+01 -6.939489E+01
      vertex 6.066513E+01 5.047831E+01 -6.939489E+01
    endloop
  endfacet
  facet normal 0.000000E+00 0.000000E+00 -1.000000E+00
    outer loop
      vertex 6.950000E+01 5.626548E+01 -6.939489E+01
      vertex 6.066513E+01 5.047831E+01 -6.939489E+01
      vertex 6.070000E+01 5.076548E+01 -6.939489E+01
    endloop
  endfacet
  facet normal 0.000000E+00 0.000000E+00 -1.000000E+00
    outer loop
      vertex 6.950000E+01 5.626548E+01 -6.939489E+01
      vertex 6.070000E+01 5.076548E+01 -6.939489E+01
      vertex 6.066513E+01 5.105266E+01 -6.939489E+01
    endloop
  endfacet
  facet normal 0.000000E+00 0.000000E+00 -1.000000E+00
    outer loop
      vertex 6.950000E+01 5.626548E+01 -6.939489E+01
      vertex 6.066513E+01 5.105266E+01 -6.939489E+01
      vertex 6.056255E+01 5.132315E+01 -6.939489E+01
    endloop
  endfacet
  facet normal 0.000000E+00 0.000000E+00 -1.000000E+00
    outer loop
      vertex 6.950000E+01 5.626548E+01 -6.939489E+01
      vertex 6.056255E+01 5.132315E+01 -6.939489E+01
      vertex 6.039821E+01 5.156123E+01 -6.939489E+01
    endloop
  endfacet
  facet normal 0.000000E+00 0.000000E+00 -1.000000E+00
    outer loop
      vertex 6.950000E+01 5.626548E+01 -6.939489E+01
      vertex 6.039821E+01 5.156123E+01 -6.939489E+01
      vertex 6.018168E+01 5.175306E+01 -6.939489E+01
    endloop
  endfacet
  facet normal -0.000000E+00 0.000000E+00 -1.000000E+00
    outer loop
      vertex 6.950000E+01 5.626548E+01 -6.939489E+01
      vertex 5.907447E+01 5.188750E+01 -6.939489E+01
      vertex 5.000000E-01 5.626548E+01 -6.939489E+01
    endloop
  endfacet
  facet normal 0.000000E+00 0.000000E+00 -1.000000E+00
    outer loop
      vertex 6.950000E+01 5.626548E+01 -6.939489E+01
      vertex 6.018168E+01 5.175306E+01 -6.939489E+01
      vertex 5.992553E+01 5.188750E+01 -6.939489E+01
    endloop
  endfacet
  facet normal 0.000000E+00 0.000000E+00 1.000000E+00
    outer loop
      vertex 3.000000E+00 5.476548E+01 -6.639489E+01
      vertex 1.474263E-14 5.676548E+01 -6.639489E+01
      vertex 1.474263E-14 5.476548E+01 -6.639489E+01
    endloop
  endfacet
  facet normal 0.000000E+00 0.000000E+00 1.000000E+00
    outer loop
      vertex 9.818322E+00 5.175306E+01 -6.639489E+01
      vertex 3.000000E+00 5.476548E+01 -6.639489E+01
      vertex 9.601788E+00 5.156123E+01 -6.639489E+01
    endloop
  endfacet
  facet normal 0.000000E+00 -0.000000E+00 1.000000E+00
    outer loop
      vertex 9.437452E+00 5.132315E+01 -6.639489E+01
      vertex 9.601788E+00 5.156123E+01 -6.639489E+01
      vertex 3.000000E+00 5.476548E+01 -6.639489E+01
    endloop
  endfacet
  facet normal 0.000000E+00 0.000000E+00 1.000000E+00
    outer loop
      vertex 1.007447E+01 5.188750E+01 -6.639489E+01
      vertex 3.000000E+00 5.476548E+01 -6.639489E+01
      vertex 9.818322E+00 5.175306E+01 -6.639489E+01
    endloop
  endfacet
  facet normal 0.000000E+00 -0.000000E+00 1.000000E+00
    outer loop
      vertex 9.334869E+00 5.105266E+01 -6.639489E+01
      vertex 9.437452E+00 5.132315E+01 -6.639489E+01
      vertex 3.000000E+00 5.476548E+01 -6.639489E+01
    endloop
  endfacet
  facet normal 0.000000E+00 0.000000E+00 1.000000E+00
    outer loop
      vertex 1.035536E+01 5.195673E+01 -6.639489E+01
      vertex 3.000000E+00 5.476548E+01 -6.639489E+01
      vertex 1.007447E+01 5.188750E+01 -6.639489E+01
    endloop
  endfacet
  facet normal 0.000000E+00 -0.000000E+00 1.000000E+00
    outer loop
      vertex 9.300000E+00 5.076548E+01 -6.639489E+01
      vertex 9.334869E+00 5.105266E+01 -6.639489E+01
      vertex 3.000000E+00 5.476548E+01 -6.639489E+01
    endloop
  endfacet
  facet normal 0.000000E+00 0.000000E+00 1.000000E+00
    outer loop
      vertex 1.064464E+01 5.195673E+01 -6.639489E+01
      vertex 1.474263E-14 5.676548E+01 -6.639489E+01
      vertex 3.000000E+00 5.476548E+01 -6.639489E+01
    endloop
  endfacet
  facet normal 0.000000E+00 0.000000E+00 1.000000E+00
    outer loop
      vertex 1.064464E+01 5.195673E+01 -6.639489E+01
      vertex 3.000000E+00 5.476548E+01 -6.639489E+01
      vertex 1.035536E+01 5.195673E+01 -6.639489E+01
    endloop
  endfacet
  facet normal 0.000000E+00 0.000000E+00 1.000000E+00
    outer loop
      vertex 9.334869E+00 5.047831E+01 -6.639489E+01
      vertex 9.300000E+00 5.076548E+01 -6.639489E+01
      vertex 3.000000E+00 5.476548E+01 -6.639489E+01
    endloop
  endfacet
  facet normal 0.000000E+00 0.000000E+00 1.000000E+00
    outer loop
      vertex 1.092553E+01 5.188750E+01 -6.639489E+01
      vertex 1.474263E-14 5.676548E+01 -6.639489E+01
      vertex 1.064464E+01 5.195673E+01 -6.639489E+01
    endloop
  endfacet
  facet normal 0.000000E+00 0.000000E+00 1.000000E+00
    outer loop
      vertex 9.437452E+00 5.020782E+01 -6.639489E+01
      vertex 9.334869E+00 5.047831E+01 -6.639489E+01
      vertex 3.000000E+00 5.476548E+01 -6.639489E+01
    endloop
  endfacet
  facet normal 0.000000E+00 0.000000E+00 1.000000E+00
    outer loop
      vertex 1.380000E+01 4.626548E+01 -6.639489E+01
      vertex 1.166513E+01 5.047831E+01 -6.639489E+01
      vertex 1.156255E+01 5.020782E+01 -6.639489E+01
    endloop
  endfacet
  facet normal 0.000000E+00 0.000000E+00 1.000000E+00
    outer loop
      vertex 1.380000E+01 4.626548E+01 -6.639489E+01
      vertex 1.156255E+01 5.020782E+01 -6.639489E+01
      vertex 1.139821E+01 4.996974E+01 -6.639489E+01
    endloop
  endfacet
  facet normal 0.000000E+00 0.000000E+00 1.000000E+00
    outer loop
      vertex 1.380000E+01 4.626548E+01 -6.639489E+01
      vertex 1.139821E+01 4.996974E+01 -6.639489E+01
      vertex 1.118168E+01 4.977790E+01 -6.639489E+01
    endloop
  endfacet
  facet normal 0.000000E+00 0.000000E+00 1.000000E+00
    outer loop
      vertex 1.380000E+01 4.626548E+01 -6.639489E+01
      vertex 1.118168E+01 4.977790E+01 -6.639489E+01
      vertex 1.092553E+01 4.964346E+01 -6.639489E+01
    endloop
  endfacet
  facet normal 0.000000E+00 0.000000E+00 1.000000E+00
    outer loop
      vertex 1.230000E+01 4.476548E+01 -6.639489E+01
      vertex 1.092553E+01 4.964346E+01 -6.639489E+01
      vertex 1.064464E+01 4.957423E+01 -6.639489E+01
    endloop
  endfacet
  facet normal 0.000000E+00 0.000000E+00 1.000000E+00
    outer loop
      vertex 1.230000E+01 4.476548E+01 -6.639489E+01
      vertex 1.064464E+01 4.957423E+01 -6.639489E+01
      vertex 1.035536E+01 4.957423E+01 -6.639489E+01
    endloop
  endfacet
  facet normal 0.000000E+00 0.000000E+00 1.000000E+00
    outer loop
      vertex 1.230000E+01 4.476548E+01 -6.639489E+01
      vertex 1.035536E+01 4.957423E+01 -6.639489E+01
      vertex 1.007447E+01 4.964346E+01 -6.639489E+01
    endloop
  endfacet
  facet normal 0.000000E+00 0.000000E+00 1.000000E+00
    outer loop
      vertex 1.230000E+01 4.476548E+01 -6.639489E+01
      vertex 1.007447E+01 4.964346E+01 -6.639489E+01
      vertex 9.818322E+00 4.977790E+01 -6.639489E+01
    endloop
  endfacet
  facet normal 0.000000E+00 0.000000E+00 1.000000E+00
    outer loop
      vertex 1.230000E+01 4.476548E+01 -6.639489E+01
      vertex 9.818322E+00 4.977790E+01 -6.639489E+01
      vertex 9.601788E+00 4.996974E+01 -6.639489E+01
    endloop
  endfacet
  facet normal 0.000000E+00 -0.000000E+00 1.000000E+00
    outer loop
      vertex 1.230000E+01 4.476548E+01 -6.639489E+01
      vertex 1.380000E+01 4.626548E+01 -6.639489E+01
      vertex 1.092553E+01 4.964346E+01 -6.639489E+01
    endloop
  endfacet
  facet normal 0.000000E+00 0.000000E+00 1.000000E+00
    outer loop
      vertex 1.830000E+01 4.626548E+01 -6.639489E+01
      vertex 1.170000E+01 5.076548E+01 -6.639489E+01
      vertex 1.166513E+01 5.047831E+01 -6.639489E+01
    endloop
  endfacet
  facet normal 0.000000E+00 0.000000E+00 1.000000E+00
    outer loop
      vertex 1.830000E+01 4.626548E+01 -6.639489E+01
      vertex 1.139821E+01 5.156123E+01 -6.639489E+01
      vertex 1.156255E+01 5.132315E+01 -6.639489E+01
    endloop
  endfacet
  facet normal 0.000000E+00 0.000000E+00 1.000000E+00
    outer loop
      vertex 1.830000E+01 4.626548E+01 -6.639489E+01
      vertex 1.156255E+01 5.132315E+01 -6.639489E+01
      vertex 1.166513E+01 5.105266E+01 -6.639489E+01
    endloop
  endfacet
  facet normal 0.000000E+00 0.000000E+00 1.000000E+00
    outer loop
      vertex 1.830000E+01 4.626548E+01 -6.639489E+01
      vertex 1.166513E+01 5.105266E+01 -6.639489E+01
      vertex 1.170000E+01 5.076548E+01 -6.639489E+01
    endloop
  endfacet
  facet normal 0.000000E+00 0.000000E+00 1.000000E+00
    outer loop
      vertex 1.830000E+01 4.626548E+01 -6.639489E+01
      vertex 1.166513E+01 5.047831E+01 -6.639489E+01
      vertex 1.380000E+01 4.626548E+01 -6.639489E+01
    endloop
  endfacet
  facet normal 0.000000E+00 -0.000000E+00 1.000000E+00
    outer loop
      vertex 1.230000E+01 3.876548E+01 -6.639489E+01
      vertex 1.230000E+01 4.476548E+01 -6.639489E+01
      vertex 9.601788E+00 4.996974E+01 -6.639489E+01
    endloop
  endfacet
  facet normal 0.000000E+00 -0.000000E+00 1.000000E+00
    outer loop
      vertex 9.601788E+00 2.856123E+01 -6.639489E+01
      vertex 1.230000E+01 3.876548E+01 -6.639489E+01
      vertex 3.000000E+00 2.300812E+01 -6.639489E+01
    endloop
  endfacet
  facet normal 0.000000E+00 -0.000000E+00 1.000000E+00
    outer loop
      vertex 9.818322E+00 2.875306E+01 -6.639489E+01
      vertex 1.230000E+01 3.876548E+01 -6.639489E+01
      vertex 9.601788E+00 2.856123E+01 -6.639489E+01
    endloop
  endfacet
  facet normal 0.000000E+00 -0.000000E+00 1.000000E+00
    outer loop
      vertex 9.437452E+00 2.832315E+01 -6.639489E+01
      vertex 9.601788E+00 2.856123E+01 -6.639489E+01
      vertex 3.000000E+00 2.300812E+01 -6.639489E+01
    endloop
  endfacet
  facet normal 0.000000E+00 -0.000000E+00 1.000000E+00
    outer loop
      vertex 1.007447E+01 2.888750E+01 -6.639489E+01
      vertex 1.230000E+01 3.876548E+01 -6.639489E+01
      vertex 9.818322E+00 2.875306E+01 -6.639489E+01
    endloop
  endfacet
  facet normal 0.000000E+00 -0.000000E+00 1.000000E+00
    outer loop
      vertex 9.334869E+00 2.805266E+01 -6.639489E+01
      vertex 9.437452E+00 2.832315E+01 -6.639489E+01
      vertex 3.000000E+00 2.300812E+01 -6.639489E+01
    endloop
  endfacet
  facet normal 0.000000E+00 0.000000E+00 1.000000E+00
    outer loop
      vertex 1.035536E+01 2.895673E+01 -6.639489E+01
      vertex 1.380000E+01 3.726548E+01 -6.639489E+01
      vertex 1.230000E+01 3.876548E+01 -6.639489E+01
    endloop
  endfacet
  facet normal 0.000000E+00 -0.000000E+00 1.000000E+00
    outer loop
      vertex 1.035536E+01 2.895673E+01 -6.639489E+01
      vertex 1.230000E+01 3.876548E+01 -6.639489E+01
      vertex 1.007447E+01 2.888750E+01 -6.639489E+01
    endloop
  endfacet
  facet normal 0.000000E+00 -0.000000E+00 1.000000E+00
    outer loop
      vertex 9.300000E+00 2.776548E+01 -6.639489E+01
      vertex 9.334869E+00 2.805266E+01 -6.639489E+01
      vertex 3.000000E+00 2.300812E+01 -6.639489E+01
    endloop
  endfacet
  facet normal 0.000000E+00 -0.000000E+00 1.000000E+00
    outer loop
      vertex 1.064464E+01 2.895673E+01 -6.639489E+01
      vertex 1.380000E+01 3.726548E+01 -6.639489E+01
      vertex 1.035536E+01 2.895673E+01 -6.639489E+01
    endloop
  endfacet
  facet normal 0.000000E+00 0.000000E+00 1.000000E+00
    outer loop
      vertex 9.334869E+00 2.747830E+01 -6.639489E+01
      vertex 9.300000E+00 2.776548E+01 -6.639489E+01
      vertex 3.000000E+00 2.300812E+01 -6.639489E+01
    endloop
  endfacet
  facet normal 0.000000E+00 -0.000000E+00 1.000000E+00
    outer loop
      vertex 1.092553E+01 2.888750E+01 -6.639489E+01
      vertex 1.380000E+01 3.726548E+01 -6.639489E+01
      vertex 1.064464E+01 2.895673E+01 -6.639489E+01
    endloop
  endfacet
  facet normal 0.000000E+00 0.000000E+00 1.000000E+00
    outer loop
      vertex 9.437452E+00 2.720782E+01 -6.639489E+01
      vertex 9.334869E+00 2.747830E+01 -6.639489E+01
      vertex 3.000000E+00 2.300812E+01 -6.639489E+01
    endloop
  endfacet
  facet normal 0.000000E+00 -0.000000E+00 1.000000E+00
    outer loop
      vertex 1.118168E+01 2.875306E+01 -6.639489E+01
      vertex 1.380000E+01 3.726548E+01 -6.639489E+01
      vertex 1.092553E+01 2.888750E+01 -6.639489E+01
    endloop
  endfacet
  facet normal 0.000000E+00 0.000000E+00 1.000000E+00
    outer loop
      vertex 9.601788E+00 2.696974E+01 -6.639489E+01
      vertex 9.437452E+00 2.720782E+01 -6.639489E+01
      vertex 3.000000E+00 2.300812E+01 -6.639489E+01
    endloop
  endfacet
  facet normal 0.000000E+00 0.000000E+00 1.000000E+00
    outer loop
      vertex 1.139821E+01 2.856123E+01 -6.639489E+01
      vertex 1.830000E+01 3.726548E+01 -6.639489E+01
      vertex 1.380000E+01 3.726548E+01 -6.639489E+01
    endloop
  endfacet
  facet normal 0.000000E+00 -0.000000E+00 1.000000E+00
    outer loop
      vertex 1.139821E+01 2.856123E+01 -6.639489E+01
      vertex 1.380000E+01 3.726548E+01 -6.639489E+01
      vertex 1.118168E+01 2.875306E+01 -6.639489E+01
    endloop
  endfacet
  facet normal 0.000000E+00 0.000000E+00 1.000000E+00
    outer loop
      vertex 9.818322E+00 2.677790E+01 -6.639489E+01
      vertex 9.601788E+00 2.696974E+01 -6.639489E+01
      vertex 3.000000E+00 2.300812E+01 -6.639489E+01
    endloop
  endfacet
  facet normal 0.000000E+00 -0.000000E+00 1.000000E+00
    outer loop
      vertex 1.156255E+01 2.832315E+01 -6.639489E+01
      vertex 1.830000E+01 3.726548E+01 -6.639489E+01
      vertex 1.139821E+01 2.856123E+01 -6.639489E+01
    endloop
  endfacet
  facet normal 0.000000E+00 0.000000E+00 1.000000E+00
    outer loop
      vertex 1.007447E+01 2.664346E+01 -6.639489E+01
      vertex 9.818322E+00 2.677790E+01 -6.639489E+01
      vertex 3.000000E+00 2.300812E+01 -6.639489E+01
    endloop
  endfacet
  facet normal 0.000000E+00 -0.000000E+00 1.000000E+00
    outer loop
      vertex 1.166513E+01 2.805266E+01 -6.639489E+01
      vertex 1.830000E+01 3.726548E+01 -6.639489E+01
      vertex 1.156255E+01 2.832315E+01 -6.639489E+01
    endloop
  endfacet
  facet normal 0.000000E+00 0.000000E+00 1.000000E+00
    outer loop
      vertex 1.035536E+01 2.657423E+01 -6.639489E+01
      vertex 1.007447E+01 2.664346E+01 -6.639489E+01
      vertex 3.000000E+00 2.300812E+01 -6.639489E+01
    endloop
  endfacet
  facet normal 0.000000E+00 -0.000000E+00 1.000000E+00
    outer loop
      vertex 1.170000E+01 2.776548E+01 -6.639489E+01
      vertex 1.830000E+01 3.726548E+01 -6.639489E+01
      vertex 1.166513E+01 2.805266E+01 -6.639489E+01
    endloop
  endfacet
  facet normal 0.000000E+00 0.000000E+00 1.000000E+00
    outer loop
      vertex 1.064464E+01 2.657423E+01 -6.639489E+01
      vertex 1.035536E+01 2.657423E+01 -6.639489E+01
      vertex 3.000000E+00 2.300812E+01 -6.639489E+01
    endloop
  endfacet
  facet normal 0.000000E+00 0.000000E+00 1.000000E+00
    outer loop
      vertex 1.166513E+01 2.747830E+01 -6.639489E+01
      vertex 1.830000E+01 3.726548E+01 -6.639489E+01
      vertex 1.170000E+01 2.776548E+01 -6.639489E+01
    endloop
  endfacet
  facet normal 0.000000E+00 0.000000E+00 1.000000E+00
    outer loop
      vertex 1.092553E+01 2.664346E+01 -6.639489E+01
      vertex 1.064464E+01 2.657423E+01 -6.639489E+01
      vertex 3.000000E+00 2.300812E+01 -6.639489E+01
    endloop
  endfacet
  facet normal 0.000000E+00 0.000000E+00 1.000000E+00
    outer loop
      vertex 4.120000E+01 4.626548E+01 -6.639489E+01
      vertex 1.118168E+01 5.175306E+01 -6.639489E+01
      vertex 1.139821E+01 5.156123E+01 -6.639489E+01
    endloop
  endfacet
  facet normal 0.000000E+00 0.000000E+00 1.000000E+00
    outer loop
      vertex 4.120000E+01 4.626548E+01 -6.639489E+01
      vertex 1.139821E+01 5.156123E+01 -6.639489E+01
      vertex 1.830000E+01 4.626548E+01 -6.639489E+01
    endloop
  endfacet
  facet normal 0.000000E+00 0.000000E+00 1.000000E+00
    outer loop
      vertex 4.120000E+01 3.726548E+01 -6.639489E+01
      vertex 1.830000E+01 4.626548E+01 -6.639489E+01
      vertex 1.830000E+01 3.726548E+01 -6.639489E+01
    endloop
  endfacet
  facet normal 0.000000E+00 0.000000E+00 1.000000E+00
    outer loop
      vertex 4.120000E+01 3.726548E+01 -6.639489E+01
      vertex 1.830000E+01 3.726548E+01 -6.639489E+01
      vertex 1.166513E+01 2.747830E+01 -6.639489E+01
    endloop
  endfacet
  facet normal 0.000000E+00 0.000000E+00 1.000000E+00
    outer loop
      vertex 4.120000E+01 3.726548E+01 -6.639489E+01
      vertex 1.166513E+01 2.747830E+01 -6.639489E+01
      vertex 1.156255E+01 2.720782E+01 -6.639489E+01
    endloop
  endfacet
  facet normal 0.000000E+00 0.000000E+00 1.000000E+00
    outer loop
      vertex 4.120000E+01 3.726548E+01 -6.639489E+01
      vertex 1.156255E+01 2.720782E+01 -6.639489E+01
      vertex 1.139821E+01 2.696974E+01 -6.639489E+01
    endloop
  endfacet
  facet normal 0.000000E+00 -0.000000E+00 1.000000E+00
    outer loop
      vertex 4.120000E+01 3.726548E+01 -6.639489E+01
      vertex 4.120000E+01 4.626548E+01 -6.639489E+01
      vertex 1.830000E+01 4.626548E+01 -6.639489E+01
    endloop
  endfacet
  facet normal 0.000000E+00 0.000000E+00 1.000000E+00
    outer loop
      vertex 5.881832E+01 5.175306E+01 -6.639489E+01
      vertex 4.120000E+01 4.626548E+01 -6.639489E+01
      vertex 4.570000E+01 4.626548E+01 -6.639489E+01
    endloop
  endfacet
  facet normal 0.000000E+00 0.000000E+00 1.000000E+00
    outer loop
      vertex 5.881832E+01 5.175306E+01 -6.639489E+01
      vertex 1.118168E+01 5.175306E+01 -6.639489E+01
      vertex 4.120000E+01 4.626548E+01 -6.639489E+01
    endloop
  endfacet
  facet normal 0.000000E+00 0.000000E+00 1.000000E+00
    outer loop
      vertex 5.881832E+01 5.175306E+01 -6.639489E+01
      vertex 4.570000E+01 4.626548E+01 -6.639489E+01
      vertex 5.860179E+01 5.156123E+01 -6.639489E+01
    endloop
  endfacet
  facet normal 0.000000E+00 -0.000000E+00 1.000000E+00
    outer loop
      vertex 5.843745E+01 5.132315E+01 -6.639489E+01
      vertex 5.860179E+01 5.156123E+01 -6.639489E+01
      vertex 4.570000E+01 4.626548E+01 -6.639489E+01
    endloop
  endfacet
  facet normal 0.000000E+00 0.000000E+00 1.000000E+00
    outer loop
      vertex 5.907447E+01 5.188750E+01 -6.639489E+01
      vertex 1.092553E+01 5.188750E+01 -6.639489E+01
      vertex 1.118168E+01 5.175306E+01 -6.639489E+01
    endloop
  endfacet
  facet normal 0.000000E+00 0.000000E+00 1.000000E+00
    outer loop
      vertex 5.907447E+01 5.188750E+01 -6.639489E+01
      vertex 1.118168E+01 5.175306E+01 -6.639489E+01
      vertex 5.881832E+01 5.175306E+01 -6.639489E+01
    endloop
  endfacet
  facet normal 0.000000E+00 -0.000000E+00 1.000000E+00
    outer loop
      vertex 5.833487E+01 5.105266E+01 -6.639489E+01
      vertex 5.843745E+01 5.132315E+01 -6.639489E+01
      vertex 4.570000E+01 4.626548E+01 -6.639489E+01
    endloop
  endfacet
  facet normal 0.000000E+00 0.000000E+00 1.000000E+00
    outer loop
      vertex 5.830000E+01 5.076548E+01 -6.639489E+01
      vertex 4.570000E+01 4.626548E+01 -6.639489E+01
      vertex 4.720000E+01 4.476548E+01 -6.639489E+01
    endloop
  endfacet
  facet normal 0.000000E+00 -0.000000E+00 1.000000E+00
    outer loop
      vertex 5.830000E+01 5.076548E+01 -6.639489E+01
      vertex 5.833487E+01 5.105266E+01 -6.639489E+01
      vertex 4.570000E+01 4.626548E+01 -6.639489E+01
    endloop
  endfacet
  facet normal 0.000000E+00 0.000000E+00 1.000000E+00
    outer loop
      vertex 5.833487E+01 5.047831E+01 -6.639489E+01
      vertex 5.830000E+01 5.076548E+01 -6.639489E+01
      vertex 4.720000E+01 4.476548E+01 -6.639489E+01
    endloop
  endfacet
  facet normal 0.000000E+00 0.000000E+00 1.000000E+00
    outer loop
      vertex 5.843745E+01 5.020782E+01 -6.639489E+01
      vertex 5.833487E+01 5.047831E+01 -6.639489E+01
      vertex 4.720000E+01 4.476548E+01 -6.639489E+01
    endloop
  endfacet
  facet normal 0.000000E+00 0.000000E+00 1.000000E+00
    outer loop
      vertex 5.860179E+01 4.996974E+01 -6.639489E+01
      vertex 5.843745E+01 5.020782E+01 -6.639489E+01
      vertex 4.720000E+01 4.476548E+01 -6.639489E+01
    endloop
  endfacet
  facet normal 0.000000E+00 0.000000E+00 1.000000E+00
    outer loop
      vertex 5.881832E+01 4.977790E+01 -6.639489E+01
      vertex 5.860179E+01 4.996974E+01 -6.639489E+01
      vertex 4.720000E+01 4.476548E+01 -6.639489E+01
    endloop
  endfacet
  facet normal 0.000000E+00 0.000000E+00 1.000000E+00
    outer loop
      vertex 5.907447E+01 4.964346E+01 -6.639489E+01
      vertex 4.720000E+01 4.476548E+01 -6.639489E+01
      vertex 4.720000E+01 3.876548E+01 -6.639489E+01
    endloop
  endfacet
  facet normal 0.000000E+00 0.000000E+00 1.000000E+00
    outer loop
      vertex 5.907447E+01 4.964346E+01 -6.639489E+01
      vertex 5.881832E+01 4.977790E+01 -6.639489E+01
      vertex 4.720000E+01 4.476548E+01 -6.639489E+01
    endloop
  endfacet
  facet normal 0.000000E+00 0.000000E+00 1.000000E+00
    outer loop
      vertex 5.935535E+01 4.957423E+01 -6.639489E+01
      vertex 5.907447E+01 4.964346E+01 -6.639489E+01
      vertex 4.720000E+01 3.876548E+01 -6.639489E+01
    endloop
  endfacet
  facet normal 0.000000E+00 0.000000E+00 1.000000E+00
    outer loop
      vertex 6.700000E+01 5.476548E+01 -6.639489E+01
      vertex 5.935535E+01 5.195673E+01 -6.639489E+01
      vertex 5.964465E+01 5.195673E+01 -6.639489E+01
    endloop
  endfacet
  facet normal 0.000000E+00 0.000000E+00 1.000000E+00
    outer loop
      vertex 6.700000E+01 5.476548E+01 -6.639489E+01
      vertex 5.964465E+01 5.195673E+01 -6.639489E+01
      vertex 5.992553E+01 5.188750E+01 -6.639489E+01
    endloop
  endfacet
  facet normal 0.000000E+00 0.000000E+00 1.000000E+00
    outer loop
      vertex 6.700000E+01 5.476548E+01 -6.639489E+01
      vertex 5.992553E+01 5.188750E+01 -6.639489E+01
      vertex 6.018168E+01 5.175306E+01 -6.639489E+01
    endloop
  endfacet
  facet normal 0.000000E+00 0.000000E+00 1.000000E+00
    outer loop
      vertex 6.700000E+01 5.476548E+01 -6.639489E+01
      vertex 6.018168E+01 5.175306E+01 -6.639489E+01
      vertex 6.039821E+01 5.156123E+01 -6.639489E+01
    endloop
  endfacet
  facet normal 0.000000E+00 0.000000E+00 1.000000E+00
    outer loop
      vertex 6.700000E+01 5.476548E+01 -6.639489E+01
      vertex 6.039821E+01 5.156123E+01 -6.639489E+01
      vertex 6.056255E+01 5.132315E+01 -6.639489E+01
    endloop
  endfacet
  facet normal 0.000000E+00 0.000000E+00 1.000000E+00
    outer loop
      vertex 6.700000E+01 5.476548E+01 -6.639489E+01
      vertex 6.056255E+01 5.132315E+01 -6.639489E+01
      vertex 6.066513E+01 5.105266E+01 -6.639489E+01
    endloop
  endfacet
  facet normal 0.000000E+00 0.000000E+00 1.000000E+00
    outer loop
      vertex 6.700000E+01 5.476548E+01 -6.639489E+01
      vertex 6.066513E+01 5.105266E+01 -6.639489E+01
      vertex 6.070000E+01 5.076548E+01 -6.639489E+01
    endloop
  endfacet
  facet normal 0.000000E+00 0.000000E+00 1.000000E+00
    outer loop
      vertex 6.700000E+01 5.476548E+01 -6.639489E+01
      vertex 6.070000E+01 5.076548E+01 -6.639489E+01
      vertex 6.066513E+01 5.047831E+01 -6.639489E+01
    endloop
  endfacet
  facet normal 0.000000E+00 0.000000E+00 1.000000E+00
    outer loop
      vertex 6.700000E+01 5.476548E+01 -6.639489E+01
      vertex 6.066513E+01 5.047831E+01 -6.639489E+01
      vertex 6.056255E+01 5.020782E+01 -6.639489E+01
    endloop
  endfacet
  facet normal 0.000000E+00 0.000000E+00 1.000000E+00
    outer loop
      vertex 7.000000E+01 5.676548E+01 -6.639489E+01
      vertex 5.907447E+01 5.188750E+01 -6.639489E+01
      vertex 5.935535E+01 5.195673E+01 -6.639489E+01
    endloop
  endfacet
  facet normal 0.000000E+00 0.000000E+00 1.000000E+00
    outer loop
      vertex 7.000000E+01 5.676548E+01 -6.639489E+01
      vertex 1.474263E-14 5.676548E+01 -6.639489E+01
      vertex 1.092553E+01 5.188750E+01 -6.639489E+01
    endloop
  endfacet
  facet normal 0.000000E+00 0.000000E+00 1.000000E+00
    outer loop
      vertex 7.000000E+01 5.676548E+01 -6.639489E+01
      vertex 1.092553E+01 5.188750E+01 -6.639489E+01
      vertex 5.907447E+01 5.188750E+01 -6.639489E+01
    endloop
  endfacet
  facet normal 0.000000E+00 0.000000E+00 1.000000E+00
    outer loop
      vertex 7.000000E+01 5.676548E+01 -6.639489E+01
      vertex 5.935535E+01 5.195673E+01 -6.639489E+01
      vertex 6.700000E+01 5.476548E+01 -6.639489E+01
    endloop
  endfacet
  facet normal 0.000000E+00 -0.000000E+00 1.000000E+00
    outer loop
      vertex 7.000000E+01 5.476548E+01 -6.639489E+01
      vertex 7.000000E+01 5.676548E+01 -6.639489E+01
      vertex 6.700000E+01 5.476548E+01 -6.639489E+01
    endloop
  endfacet
  facet normal 0.000000E+00 0.000000E+00 1.000000E+00
    outer loop
      vertex 5.881832E+01 2.875306E+01 -6.639489E+01
      vertex 4.720000E+01 3.876548E+01 -6.639489E+01
      vertex 5.860179E+01 2.856123E+01 -6.639489E+01
    endloop
  endfacet
  facet normal 0.000000E+00 0.000000E+00 1.000000E+00
    outer loop
      vertex 5.843745E+01 2.832315E+01 -6.639489E+01
      vertex 4.720000E+01 3.876548E+01 -6.639489E+01
      vertex 4.570000E+01 3.726548E+01 -6.639489E+01
    endloop
  endfacet
  facet normal 0.000000E+00 -0.000000E+00 1.000000E+00
    outer loop
      vertex 5.843745E+01 2.832315E+01 -6.639489E+01
      vertex 5.860179E+01 2.856123E+01 -6.639489E+01
      vertex 4.720000E+01 3.876548E+01 -6.639489E+01
    endloop
  endfacet
  facet normal 0.000000E+00 0.000000E+00 1.000000E+00
    outer loop
      vertex 5.907447E+01 2.888750E+01 -6.639489E+01
      vertex 4.720000E+01 3.876548E+01 -6.639489E+01
      vertex 5.881832E+01 2.875306E+01 -6.639489E+01
    endloop
  endfacet
  facet normal 0.000000E+00 -0.000000E+00 1.000000E+00
    outer loop
      vertex 5.833487E+01 2.805266E+01 -6.639489E+01
      vertex 5.843745E+01 2.832315E+01 -6.639489E+01
      vertex 4.570000E+01 3.726548E+01 -6.639489E+01
    endloop
  endfacet
  facet normal 0.000000E+00 -0.000000E+00 1.000000E+00
    outer loop
      vertex 5.935535E+01 2.895673E+01 -6.639489E+01
      vertex 5.935535E+01 4.957423E+01 -6.639489E+01
      vertex 4.720000E+01 3.876548E+01 -6.639489E+01
    endloop
  endfacet
  facet normal 0.000000E+00 0.000000E+00 1.000000E+00
    outer loop
      vertex 5.935535E+01 2.895673E+01 -6.639489E+01
      vertex 5.964465E+01 4.957423E+01 -6.639489E+01
      vertex 5.935535E+01 4.957423E+01 -6.639489E+01
    endloop
  endfacet
  facet normal 0.000000E+00 0.000000E+00 1.000000E+00
    outer loop
      vertex 5.935535E+01 2.895673E+01 -6.639489E+01
      vertex 4.720000E+01 3.876548E+01 -6.639489E+01
      vertex 5.907447E+01 2.888750E+01 -6.639489E+01
    endloop
  endfacet
  facet normal 0.000000E+00 -0.000000E+00 1.000000E+00
    outer loop
      vertex 5.830000E+01 2.776548E+01 -6.639489E+01
      vertex 5.833487E+01 2.805266E+01 -6.639489E+01
      vertex 4.570000E+01 3.726548E+01 -6.639489E+01
    endloop
  endfacet
  facet normal 0.000000E+00 -0.000000E+00 1.000000E+00
    outer loop
      vertex 5.964465E+01 2.895673E+01 -6.639489E+01
      vertex 5.964465E+01 4.957423E+01 -6.639489E+01
      vertex 5.935535E+01 2.895673E+01 -6.639489E+01
    endloop
  endfacet
  facet normal 0.000000E+00 0.000000E+00 1.000000E+00
    outer loop
      vertex 5.833487E+01 2.747830E+01 -6.639489E+01
      vertex 5.830000E+01 2.776548E+01 -6.639489E+01
      vertex 4.570000E+01 3.726548E+01 -6.639489E+01
    endloop
  endfacet
  facet normal 0.000000E+00 -0.000000E+00 1.000000E+00
    outer loop
      vertex 5.992553E+01 2.888750E+01 -6.639489E+01
      vertex 5.992553E+01 4.964346E+01 -6.639489E+01
      vertex 5.964465E+01 4.957423E+01 -6.639489E+01
    endloop
  endfacet
  facet normal 0.000000E+00 0.000000E+00 1.000000E+00
    outer loop
      vertex 5.992553E+01 2.888750E+01 -6.639489E+01
      vertex 5.964465E+01 4.957423E+01 -6.639489E+01
      vertex 5.964465E+01 2.895673E+01 -6.639489E+01
    endloop
  endfacet
  facet normal 0.000000E+00 0.000000E+00 1.000000E+00
    outer loop
      vertex 5.843745E+01 2.720782E+01 -6.639489E+01
      vertex 4.570000E+01 3.726548E+01 -6.639489E+01
      vertex 4.120000E+01 3.726548E+01 -6.639489E+01
    endloop
  endfacet
  facet normal 0.000000E+00 0.000000E+00 1.000000E+00
    outer loop
      vertex 5.843745E+01 2.720782E+01 -6.639489E+01
      vertex 5.833487E+01 2.747830E+01 -6.639489E+01
      vertex 4.570000E+01 3.726548E+01 -6.639489E+01
    endloop
  endfacet
  facet normal 0.000000E+00 0.000000E+00 1.000000E+00
    outer loop
      vertex 6.018168E+01 2.875306E+01 -6.639489E+01
      vertex 5.992553E+01 4.964346E+01 -6.639489E+01
      vertex 5.992553E+01 2.888750E+01 -6.639489E+01
    endloop
  endfacet
  facet normal 0.000000E+00 -0.000000E+00 1.000000E+00
    outer loop
      vertex 6.018168E+01 2.875306E+01 -6.639489E+01
      vertex 6.018168E+01 4.977790E+01 -6.639489E+01
      vertex 5.992553E+01 4.964346E+01 -6.639489E+01
    endloop
  endfacet
  facet normal 0.000000E+00 0.000000E+00 1.000000E+00
    outer loop
      vertex 5.860179E+01 2.696974E+01 -6.639489E+01
      vertex 5.843745E+01 2.720782E+01 -6.639489E+01
      vertex 4.120000E+01 3.726548E+01 -6.639489E+01
    endloop
  endfacet
  facet normal 0.000000E+00 0.000000E+00 1.000000E+00
    outer loop
      vertex 5.860179E+01 2.696974E+01 -6.639489E+01
      vertex 4.120000E+01 3.726548E+01 -6.639489E+01
      vertex 1.139821E+01 2.696974E+01 -6.639489E+01
    endloop
  endfacet
  facet normal 0.000000E+00 -0.000000E+00 1.000000E+00
    outer loop
      vertex 6.039821E+01 2.856123E+01 -6.639489E+01
      vertex 6.039821E+01 4.996974E+01 -6.639489E+01
      vertex 6.018168E+01 4.977790E+01 -6.639489E+01
    endloop
  endfacet
  facet normal 0.000000E+00 0.000000E+00 1.000000E+00
    outer loop
      vertex 6.039821E+01 2.856123E+01 -6.639489E+01
      vertex 6.018168E+01 4.977790E+01 -6.639489E+01
      vertex 6.018168E+01 2.875306E+01 -6.639489E+01
    endloop
  endfacet
  facet normal 0.000000E+00 0.000000E+00 1.000000E+00
    outer loop
      vertex 5.881832E+01 2.677790E+01 -6.639489E+01
      vertex 5.860179E+01 2.696974E+01 -6.639489E+01
      vertex 1.139821E+01 2.696974E+01 -6.639489E+01
    endloop
  endfacet
  facet normal 0.000000E+00 0.000000E+00 1.000000E+00
    outer loop
      vertex 5.881832E+01 2.677790E+01 -6.639489E+01
      vertex 1.139821E+01 2.696974E+01 -6.639489E+01
      vertex 1.118168E+01 2.677790E+01 -6.639489E+01
    endloop
  endfacet
  facet normal 0.000000E+00 0.000000E+00 1.000000E+00
    outer loop
      vertex 5.907447E+01 2.664346E+01 -6.639489E+01
      vertex 1.092553E+01 2.664346E+01 -6.639489E+01
      vertex 3.000000E+00 2.300812E+01 -6.639489E+01
    endloop
  endfacet
  facet normal 0.000000E+00 0.000000E+00 1.000000E+00
    outer loop
      vertex 5.907447E+01 2.664346E+01 -6.639489E+01
      vertex 1.118168E+01 2.677790E+01 -6.639489E+01
      vertex 1.092553E+01 2.664346E+01 -6.639489E+01
    endloop
  endfacet
  facet normal 0.000000E+00 0.000000E+00 1.000000E+00
    outer loop
      vertex 5.907447E+01 2.664346E+01 -6.639489E+01
      vertex 5.881832E+01 2.677790E+01 -6.639489E+01
      vertex 1.118168E+01 2.677790E+01 -6.639489E+01
    endloop
  endfacet
  facet normal 0.000000E+00 0.000000E+00 1.000000E+00
    outer loop
      vertex 6.700000E+01 2.300812E+01 -6.639489E+01
      vertex 5.907447E+01 2.664346E+01 -6.639489E+01
      vertex 3.000000E+00 2.300812E+01 -6.639489E+01
    endloop
  endfacet
  facet normal 0.000000E+00 0.000000E+00 1.000000E+00
    outer loop
      vertex 6.700000E+01 2.300812E+01 -6.639489E+01
      vertex 6.039821E+01 2.856123E+01 -6.639489E+01
      vertex 6.056255E+01 2.832315E+01 -6.639489E+01
    endloop
  endfacet
  facet normal 0.000000E+00 0.000000E+00 1.000000E+00
    outer loop
      vertex 6.700000E+01 2.300812E+01 -6.639489E+01
      vertex 6.056255E+01 2.832315E+01 -6.639489E+01
      vertex 6.066513E+01 2.805266E+01 -6.639489E+01
    endloop
  endfacet
  facet normal 0.000000E+00 0.000000E+00 1.000000E+00
    outer loop
      vertex 6.700000E+01 2.300812E+01 -6.639489E+01
      vertex 6.066513E+01 2.805266E+01 -6.639489E+01
      vertex 6.070000E+01 2.776548E+01 -6.639489E+01
    endloop
  endfacet
  facet normal 0.000000E+00 0.000000E+00 1.000000E+00
    outer loop
      vertex 6.700000E+01 2.300812E+01 -6.639489E+01
      vertex 6.070000E+01 2.776548E+01 -6.639489E+01
      vertex 6.066513E+01 2.747830E+01 -6.639489E+01
    endloop
  endfacet
  facet normal 0.000000E+00 0.000000E+00 1.000000E+00
    outer loop
      vertex 6.700000E+01 2.300812E+01 -6.639489E+01
      vertex 6.066513E+01 2.747830E+01 -6.639489E+01
      vertex 6.056255E+01 2.720782E+01 -6.639489E+01
    endloop
  endfacet
  facet normal 0.000000E+00 0.000000E+00 1.000000E+00
    outer loop
      vertex 6.700000E+01 2.300812E+01 -6.639489E+01
      vertex 6.056255E+01 2.720782E+01 -6.639489E+01
      vertex 6.039821E+01 2.696974E+01 -6.639489E+01
    endloop
  endfacet
  facet normal 0.000000E+00 0.000000E+00 1.000000E+00
    outer loop
      vertex 6.700000E+01 2.300812E+01 -6.639489E+01
      vertex 6.039821E+01 2.696974E+01 -6.639489E+01
      vertex 6.018168E+01 2.677790E+01 -6.639489E+01
    endloop
  endfacet
  facet normal 0.000000E+00 0.000000E+00 1.000000E+00
    outer loop
      vertex 6.700000E+01 2.300812E+01 -6.639489E+01
      vertex 6.018168E+01 2.677790E+01 -6.639489E+01
      vertex 5.992553E+01 2.664346E+01 -6.639489E+01
    endloop
  endfacet
  facet normal 0.000000E+00 0.000000E+00 1.000000E+00
    outer loop
      vertex 6.700000E+01 2.300812E+01 -6.639489E+01
      vertex 5.992553E+01 2.664346E+01 -6.639489E+01
      vertex 5.964465E+01 2.657423E+01 -6.639489E+01
    endloop
  endfacet
  facet normal 0.000000E+00 0.000000E+00 1.000000E+00
    outer loop
      vertex 6.700000E+01 2.300812E+01 -6.639489E+01
      vertex 5.964465E+01 2.657423E+01 -6.639489E+01
      vertex 5.935535E+01 2.657423E+01 -6.639489E+01
    endloop
  endfacet
  facet normal 0.000000E+00 0.000000E+00 1.000000E+00
    outer loop
      vertex 6.700000E+01 2.300812E+01 -6.639489E+01
      vertex 5.935535E+01 2.657423E+01 -6.639489E+01
      vertex 5.907447E+01 2.664346E+01 -6.639489E+01
    endloop
  endfacet
  facet normal 0.000000E+00 0.000000E+00 1.000000E+00
    outer loop
      vertex 3.000000E+00 5.476548E+01 -6.639489E+01
      vertex 3.000000E+00 2.300812E+01 -6.639489E+01
      vertex 9.437452E+00 5.020782E+01 -6.639489E+01
    endloop
  endfacet
  facet normal 0.000000E+00 0.000000E+00 1.000000E+00
    outer loop
      vertex 9.437452E+00 5.020782E+01 -6.639489E+01
      vertex 3.000000E+00 2.300812E+01 -6.639489E+01
      vertex 9.601788E+00 4.996974E+01 -6.639489E+01
    endloop
  endfacet
  facet normal 0.000000E+00 0.000000E+00 1.000000E+00
    outer loop
      vertex 9.601788E+00 4.996974E+01 -6.639489E+01
      vertex 3.000000E+00 2.300812E+01 -6.639489E+01
      vertex 1.230000E+01 3.876548E+01 -6.639489E+01
    endloop
  endfacet
  facet normal 0.000000E+00 -0.000000E+00 1.000000E+00
    outer loop
      vertex 6.700000E+01 2.300812E+01 -6.639489E+01
      vertex 6.700000E+01 5.476548E+01 -6.639489E+01
      vertex 6.056255E+01 5.020782E+01 -6.639489E+01
    endloop
  endfacet
  facet normal 0.000000E+00 0.000000E+00 1.000000E+00
    outer loop
      vertex 6.700000E+01 2.300812E+01 -6.639489E+01
      vertex 6.056255E+01 5.020782E+01 -6.639489E+01
      vertex 6.039821E+01 4.996974E+01 -6.639489E+01
    endloop
  endfacet
  facet normal 0.000000E+00 0.000000E+00 1.000000E+00
    outer loop
      vertex 6.700000E+01 2.300812E+01 -6.639489E+01
      vertex 6.039821E+01 4.996974E+01 -6.639489E+01
      vertex 6.039821E+01 2.856123E+01 -6.639489E+01
    endloop
  endfacet
  facet normal 0.000000E+00 1.305210E-01 -9.914455E-01
    outer loop
      vertex 6.950000E+01 5.626548E+01 -6.939489E+01
      vertex 5.000000E-01 5.626548E+01 -6.939489E+01
      vertex 3.705905E-01 5.639489E+01 -6.937785E+01
    endloop
  endfacet
  facet normal 0.000000E+00 3.826805E-01 -9.238808E-01
    outer loop
      vertex 6.962941E+01 5.639489E+01 -6.937785E+01
      vertex 3.705905E-01 5.639489E+01 -6.937785E+01
      vertex 2.500000E-01 5.651548E+01 -6.932790E+01
    endloop
  endfacet
  facet normal 0.000000E+00 1.305210E-01 -9.914455E-01
    outer loop
      vertex 6.962941E+01 5.639489E+01 -6.937785E+01
      vertex 6.950000E+01 5.626548E+01 -6.939489E+01
      vertex 3.705905E-01 5.639489E+01 -6.937785E+01
    endloop
  endfacet
  facet normal 0.000000E+00 6.087641E-01 -7.933514E-01
    outer loop
      vertex 6.975000E+01 5.651548E+01 -6.932790E+01
      vertex 2.500000E-01 5.651548E+01 -6.932790E+01
      vertex 1.464466E-01 5.661904E+01 -6.924844E+01
    endloop
  endfacet
  facet normal 0.000000E+00 3.826805E-01 -9.238808E-01
    outer loop
      vertex 6.975000E+01 5.651548E+01 -6.932790E+01
      vertex 6.962941E+01 5.639489E+01 -6.937785E+01
      vertex 2.500000E-01 5.651548E+01 -6.932790E+01
    endloop
  endfacet
  facet normal 0.000000E+00 6.087641E-01 -7.933514E-01
    outer loop
      vertex 6.985355E+01 5.661904E+01 -6.924844E+01
      vertex 6.975000E+01 5.651548E+01 -6.932790E+01
      vertex 1.464466E-01 5.661904E+01 -6.924844E+01
    endloop
  endfacet
  facet normal -9.807452E-02 -0.000000E+00 -9.951791E-01
    outer loop
      vertex 5.000000E-01 5.626548E+01 -6.939489E+01
      vertex 5.000000E-01 2.197259E+01 -6.939489E+01
      vertex 4.024549E-01 2.187505E+01 -6.938528E+01
    endloop
  endfacet
  facet normal -2.902010E-01 -6.208409E-05 -9.569657E-01
    outer loop
      vertex 3.705905E-01 5.639489E+01 -6.937785E+01
      vertex 4.024549E-01 2.187505E+01 -6.938528E+01
      vertex 3.086583E-01 2.178125E+01 -6.935683E+01
    endloop
  endfacet
  facet normal -1.304301E-01 9.281368E-05 -9.914576E-01
    outer loop
      vertex 3.705905E-01 5.639489E+01 -6.937785E+01
      vertex 5.000000E-01 5.626548E+01 -6.939489E+01
      vertex 4.024549E-01 2.187505E+01 -6.938528E+01
    endloop
  endfacet
  facet normal -4.617255E-01 -4.113013E-05 -8.870229E-01
    outer loop
      vertex 2.500000E-01 5.651548E+01 -6.932790E+01
      vertex 3.086583E-01 2.178125E+01 -6.935683E+01
      vertex 2.313502E-01 2.170394E+01 -6.931658E+01
    endloop
  endfacet
  facet normal -5.825099E-01 4.771081E-05 -8.128237E-01
    outer loop
      vertex 2.500000E-01 5.651548E+01 -6.932790E+01
      vertex 2.313502E-01 2.170394E+01 -6.931658E+01
      vertex 1.870383E-01 2.165963E+01 -6.928483E+01
    endloop
  endfacet
  facet normal -3.825745E-01 1.232658E-04 -9.239247E-01
    outer loop
      vertex 2.500000E-01 5.651548E+01 -6.932790E+01
      vertex 3.705905E-01 5.639489E+01 -6.937785E+01
      vertex 3.086583E-01 2.178125E+01 -6.935683E+01
    endloop
  endfacet
  facet normal -6.674644E-01 -0.000000E+00 -7.446417E-01
    outer loop
      vertex 1.464466E-01 5.661904E+01 -6.924844E+01
      vertex 1.870383E-01 2.165963E+01 -6.928483E+01
      vertex 1.464466E-01 2.161904E+01 -6.924844E+01
    endloop
  endfacet
  facet normal -6.086906E-01 1.189968E-04 -7.934077E-01
    outer loop
      vertex 1.464466E-01 5.661904E+01 -6.924844E+01
      vertex 2.500000E-01 5.651548E+01 -6.932790E+01
      vertex 1.870383E-01 2.165963E+01 -6.928483E+01
    endloop
  endfacet
  facet normal 0.000000E+00 -6.674768E-01 -7.446306E-01
    outer loop
      vertex 6.981297E+01 2.165963E+01 -6.928483E+01
      vertex 6.985355E+01 2.161904E+01 -6.924844E+01
      vertex 1.464466E-01 2.161904E+01 -6.924844E+01
    endloop
  endfacet
  facet normal -0.000000E+00 -6.674768E-01 -7.446306E-01
    outer loop
      vertex 6.981297E+01 2.165963E+01 -6.928483E+01
      vertex 1.464466E-01 2.161904E+01 -6.924844E+01
      vertex 1.870383E-01 2.165963E+01 -6.928483E+01
    endloop
  endfacet
  facet normal -0.000000E+00 -5.824820E-01 -8.128436E-01
    outer loop
      vertex 6.976865E+01 2.170394E+01 -6.931658E+01
      vertex 1.870383E-01 2.165963E+01 -6.928483E+01
      vertex 2.313502E-01 2.170394E+01 -6.931658E+01
    endloop
  endfacet
  facet normal 0.000000E+00 -5.824819E-01 -8.128436E-01
    outer loop
      vertex 6.976865E+01 2.170394E+01 -6.931658E+01
      vertex 6.981297E+01 2.165963E+01 -6.928483E+01
      vertex 1.870383E-01 2.165963E+01 -6.928483E+01
    endloop
  endfacet
  facet normal -0.000000E+00 -4.617551E-01 -8.870075E-01
    outer loop
      vertex 6.969135E+01 2.178125E+01 -6.935683E+01
      vertex 2.313502E-01 2.170394E+01 -6.931658E+01
      vertex 3.086583E-01 2.178125E+01 -6.935683E+01
    endloop
  endfacet
  facet normal 0.000000E+00 -4.617551E-01 -8.870075E-01
    outer loop
      vertex 6.969135E+01 2.178125E+01 -6.935683E+01
      vertex 6.976865E+01 2.170394E+01 -6.931658E+01
      vertex 2.313502E-01 2.170394E+01 -6.931658E+01
    endloop
  endfacet
  facet normal 9.807784E-02 0.000000E+00 -9.951787E-01
    outer loop
      vertex 6.959754E+01 2.187505E+01 -6.938528E+01
      vertex 6.950000E+01 2.197259E+01 -6.939489E+01
      vertex 6.950000E+01 5.626548E+01 -6.939489E+01
    endloop
  endfacet
  facet normal 1.304298E-01 9.280028E-05 -9.914576E-01
    outer loop
      vertex 6.959754E+01 2.187505E+01 -6.938528E+01
      vertex 6.950000E+01 5.626548E+01 -6.939489E+01
      vertex 6.962941E+01 5.639489E+01 -6.937785E+01
    endloop
  endfacet
  facet normal 3.825752E-01 1.233028E-04 -9.239243E-01
    outer loop
      vertex 6.969135E+01 2.178125E+01 -6.935683E+01
      vertex 6.962941E+01 5.639489E+01 -6.937785E+01
      vertex 6.975000E+01 5.651548E+01 -6.932790E+01
    endloop
  endfacet
  facet normal 2.901817E-01 -6.209529E-05 -9.569716E-01
    outer loop
      vertex 6.969135E+01 2.178125E+01 -6.935683E+01
      vertex 6.959754E+01 2.187505E+01 -6.938528E+01
      vertex 6.962941E+01 5.639489E+01 -6.937785E+01
    endloop
  endfacet
  facet normal 4.617586E-01 -4.115404E-05 -8.870056E-01
    outer loop
      vertex 6.976865E+01 2.170394E+01 -6.931658E+01
      vertex 6.969135E+01 2.178125E+01 -6.935683E+01
      vertex 6.975000E+01 5.651548E+01 -6.932790E+01
    endloop
  endfacet
  facet normal 6.086891E-01 1.190565E-04 -7.934089E-01
    outer loop
      vertex 6.981297E+01 2.165963E+01 -6.928483E+01
      vertex 6.975000E+01 5.651548E+01 -6.932790E+01
      vertex 6.985355E+01 5.661904E+01 -6.924844E+01
    endloop
  endfacet
  facet normal 5.824471E-01 4.760294E-05 -8.128685E-01
    outer loop
      vertex 6.981297E+01 2.165963E+01 -6.928483E+01
      vertex 6.976865E+01 2.170394E+01 -6.931658E+01
      vertex 6.975000E+01 5.651548E+01 -6.932790E+01
    endloop
  endfacet
  facet normal 6.674942E-01 0.000000E+00 -7.446150E-01
    outer loop
      vertex 6.985355E+01 2.161904E+01 -6.924844E+01
      vertex 6.981297E+01 2.165963E+01 -6.928483E+01
      vertex 6.985355E+01 5.661904E+01 -6.924844E+01
    endloop
  endfacet
  facet normal 0.000000E+00 1.000000E+00 0.000000E+00
    outer loop
      vertex 7.000000E+01 5.676548E+01 -6.889489E+01
      vertex 1.529774E-14 5.676548E+01 -6.889489E+01
      vertex 1.474263E-14 5.676548E+01 -6.639489E+01
    endloop
  endfacet
  facet normal 0.000000E+00 1.000000E+00 0.000000E+00
    outer loop
      vertex 7.000000E+01 5.676548E+01 -6.639489E+01
      vertex 7.000000E+01 5.676548E+01 -6.889489E+01
      vertex 1.474263E-14 5.676548E+01 -6.639489E+01
    endloop
  endfacet
  facet normal -1.000000E+00 0.000000E+00 -2.220446E-16
    outer loop
      vertex 1.296627E-14 1.176548E+01 -5.839489E+01
      vertex 1.296627E-14 1.476548E+01 -5.839489E+01
      vertex 1.318831E-14 1.176548E+01 -5.939489E+01
    endloop
  endfacet
  facet normal -1.000000E+00 -0.000000E+00 -2.220446E-16
    outer loop
      vertex 1.163400E-14 1.776548E+01 -5.239489E+01
      vertex 1.296627E-14 1.476548E+01 -5.839489E+01
      vertex 1.163400E-14 1.476548E+01 -5.239489E+01
    endloop
  endfacet
  facet normal -1.000000E+00 0.000000E+00 -2.220446E-16
    outer loop
      vertex 1.296627E-14 1.476548E+01 -5.839489E+01
      vertex 1.357853E-14 1.776548E+01 -6.115225E+01
      vertex 1.318831E-14 1.176548E+01 -5.939489E+01
    endloop
  endfacet
  facet normal -1.000000E+00 0.000000E+00 -2.220446E-16
    outer loop
      vertex 1.320111E-14 2.018021E+01 -5.945253E+01
      vertex 1.378878E-14 2.186727E+01 -6.209914E+01
      vertex 1.323902E-14 1.961743E+01 -5.962325E+01
    endloop
  endfacet
  facet normal -1.000000E+00 0.000000E+00 -2.220446E-16
    outer loop
      vertex 1.318831E-14 2.076548E+01 -5.939489E+01
      vertex 1.378878E-14 2.186727E+01 -6.209914E+01
      vertex 1.320111E-14 2.018021E+01 -5.945253E+01
    endloop
  endfacet
  facet normal -1.000000E+00 0.000000E+00 -2.220446E-16
    outer loop
      vertex 1.318831E-14 2.076548E+01 -5.939489E+01
      vertex 1.374618E-14 2.208381E+01 -6.190731E+01
      vertex 1.378878E-14 2.186727E+01 -6.209914E+01
    endloop
  endfacet
  facet normal -1.000000E+00 0.000000E+00 -2.220446E-16
    outer loop
      vertex 1.330058E-14 1.909877E+01 -5.990048E+01
      vertex 1.384164E-14 2.170294E+01 -6.233722E+01
      vertex 1.338342E-14 1.864416E+01 -6.027357E+01
    endloop
  endfacet
  facet normal -1.000000E+00 0.000000E+00 -2.220446E-16
    outer loop
      vertex 1.323902E-14 1.961743E+01 -5.962325E+01
      vertex 1.384164E-14 2.170294E+01 -6.233722E+01
      vertex 1.330058E-14 1.909877E+01 -5.990048E+01
    endloop
  endfacet
  facet normal -1.000000E+00 0.000000E+00 -2.220446E-16
    outer loop
      vertex 1.378878E-14 2.186727E+01 -6.209914E+01
      vertex 1.384164E-14 2.170294E+01 -6.233722E+01
      vertex 1.323902E-14 1.961743E+01 -5.962325E+01
    endloop
  endfacet
  facet normal -1.000000E+00 0.000000E+00 -2.220446E-16
    outer loop
      vertex 1.318831E-14 2.076548E+01 -5.939489E+01
      vertex 1.371633E-14 2.233996E+01 -6.177287E+01
      vertex 1.374618E-14 2.208381E+01 -6.190731E+01
    endloop
  endfacet
  facet normal -1.000000E+00 0.000000E+00 -2.220446E-16
    outer loop
      vertex 1.338342E-14 1.864416E+01 -6.027357E+01
      vertex 1.390170E-14 2.160035E+01 -6.260771E+01
      vertex 1.357853E-14 1.776548E+01 -6.115225E+01
    endloop
  endfacet
  facet normal -1.000000E+00 0.000000E+00 -2.220446E-16
    outer loop
      vertex 1.384164E-14 2.170294E+01 -6.233722E+01
      vertex 1.390170E-14 2.160035E+01 -6.260771E+01
      vertex 1.338342E-14 1.864416E+01 -6.027357E+01
    endloop
  endfacet
  facet normal -1.000000E+00 0.000000E+00 -2.220446E-16
    outer loop
      vertex 1.318831E-14 2.076548E+01 -5.939489E+01
      vertex 1.370096E-14 2.262084E+01 -6.170364E+01
      vertex 1.371633E-14 2.233996E+01 -6.177287E+01
    endloop
  endfacet
  facet normal -1.000000E+00 0.000000E+00 -2.220446E-16
    outer loop
      vertex 1.390170E-14 2.160035E+01 -6.260771E+01
      vertex 1.396547E-14 2.156548E+01 -6.289489E+01
      vertex 1.357853E-14 1.776548E+01 -6.115225E+01
    endloop
  endfacet
  facet normal -1.000000E+00 -0.000000E+00 -2.220446E-16
    outer loop
      vertex 1.318831E-14 2.476548E+01 -5.939489E+01
      vertex 1.370096E-14 2.291013E+01 -6.170364E+01
      vertex 1.318831E-14 2.076548E+01 -5.939489E+01
    endloop
  endfacet
  facet normal -1.000000E+00 0.000000E+00 -2.220446E-16
    outer loop
      vertex 1.318831E-14 2.076548E+01 -5.939489E+01
      vertex 1.370096E-14 2.291013E+01 -6.170364E+01
      vertex 1.370096E-14 2.262084E+01 -6.170364E+01
    endloop
  endfacet
  facet normal -1.000000E+00 0.000000E+00 -2.220446E-16
    outer loop
      vertex 1.396547E-14 2.156548E+01 -6.289489E+01
      vertex 1.402834E-14 2.159936E+01 -6.317802E+01
      vertex 1.357853E-14 1.776548E+01 -6.115225E+01
    endloop
  endfacet
  facet normal -1.000000E+00 0.000000E+00 -2.220446E-16
    outer loop
      vertex 1.318831E-14 2.476548E+01 -5.939489E+01
      vertex 1.371633E-14 2.319101E+01 -6.177287E+01
      vertex 1.370096E-14 2.291013E+01 -6.170364E+01
    endloop
  endfacet
  facet normal -1.000000E+00 0.000000E+00 -2.220446E-16
    outer loop
      vertex 1.402834E-14 2.159936E+01 -6.317802E+01
      vertex 1.408766E-14 2.169909E+01 -6.344517E+01
      vertex 1.357853E-14 1.776548E+01 -6.115225E+01
    endloop
  endfacet
  facet normal -1.000000E+00 0.000000E+00 -2.220446E-16
    outer loop
      vertex 1.318831E-14 2.476548E+01 -5.939489E+01
      vertex 1.374618E-14 2.344716E+01 -6.190731E+01
      vertex 1.371633E-14 2.319101E+01 -6.177287E+01
    endloop
  endfacet
  facet normal -1.000000E+00 0.000000E+00 -2.220446E-16
    outer loop
      vertex 1.320502E-14 2.543305E+01 -5.947010E+01
      vertex 1.378878E-14 2.366370E+01 -6.209914E+01
      vertex 1.318831E-14 2.476548E+01 -5.939489E+01
    endloop
  endfacet
  facet normal -1.000000E+00 0.000000E+00 -2.220446E-16
    outer loop
      vertex 1.325428E-14 2.606713E+01 -5.969198E+01
      vertex 1.378878E-14 2.366370E+01 -6.209914E+01
      vertex 1.320502E-14 2.543305E+01 -5.947010E+01
    endloop
  endfacet
  facet normal -1.000000E+00 0.000000E+00 -2.220446E-16
    outer loop
      vertex 1.318831E-14 2.476548E+01 -5.939489E+01
      vertex 1.378878E-14 2.366370E+01 -6.209914E+01
      vertex 1.374618E-14 2.344716E+01 -6.190731E+01
    endloop
  endfacet
  facet normal -1.000000E+00 0.000000E+00 -2.220446E-16
    outer loop
      vertex 1.325428E-14 2.606713E+01 -5.969198E+01
      vertex 1.384164E-14 2.382803E+01 -6.233722E+01
      vertex 1.378878E-14 2.366370E+01 -6.209914E+01
    endloop
  endfacet
  facet normal -1.000000E+00 0.000000E+00 -2.220446E-16
    outer loop
      vertex 1.325428E-14 2.606713E+01 -5.969198E+01
      vertex 1.333364E-14 2.663595E+01 -6.004939E+01
      vertex 1.384164E-14 2.382803E+01 -6.233722E+01
    endloop
  endfacet
  facet normal -1.000000E+00 0.000000E+00 -2.220446E-16
    outer loop
      vertex 1.384164E-14 2.382803E+01 -6.233722E+01
      vertex 1.343912E-14 2.711098E+01 -6.052442E+01
      vertex 1.390170E-14 2.393061E+01 -6.260771E+01
    endloop
  endfacet
  facet normal -1.000000E+00 0.000000E+00 -2.220446E-16
    outer loop
      vertex 1.333364E-14 2.663595E+01 -6.004939E+01
      vertex 1.343912E-14 2.711098E+01 -6.052442E+01
      vertex 1.384164E-14 2.382803E+01 -6.233722E+01
    endloop
  endfacet
  facet normal -1.000000E+00 0.000000E+00 -2.220446E-16
    outer loop
      vertex 1.343912E-14 2.711098E+01 -6.052442E+01
      vertex 1.356542E-14 2.746839E+01 -6.109324E+01
      vertex 1.390170E-14 2.393061E+01 -6.260771E+01
    endloop
  endfacet
  facet normal -1.000000E+00 0.000000E+00 -2.220446E-16
    outer loop
      vertex 1.356542E-14 2.746839E+01 -6.109324E+01
      vertex 1.370622E-14 2.769027E+01 -6.172733E+01
      vertex 1.390170E-14 2.393061E+01 -6.260771E+01
    endloop
  endfacet
  facet normal -1.000000E+00 0.000000E+00 -2.220446E-16
    outer loop
      vertex 1.357853E-14 1.776548E+01 -6.115225E+01
      vertex 1.529774E-14 2.126548E+01 -6.889489E+01
      vertex 1.318831E-14 1.176548E+01 -5.939489E+01
    endloop
  endfacet
  facet normal -1.000000E+00 0.000000E+00 -2.220446E-16
    outer loop
      vertex 1.408766E-14 2.169909E+01 -6.344517E+01
      vertex 1.529774E-14 2.126548E+01 -6.889489E+01
      vertex 1.357853E-14 1.776548E+01 -6.115225E+01
    endloop
  endfacet
  facet normal -1.000000E+00 0.000000E+00 -2.220446E-16
    outer loop
      vertex 1.418938E-14 2.341599E+01 -6.390327E+01
      vertex 1.529774E-14 2.126548E+01 -6.889489E+01
      vertex 1.421713E-14 2.315970E+01 -6.402828E+01
    endloop
  endfacet
  facet normal -1.000000E+00 0.000000E+00 -2.220446E-16
    outer loop
      vertex 1.421713E-14 2.315970E+01 -6.402828E+01
      vertex 1.529774E-14 2.126548E+01 -6.889489E+01
      vertex 1.423068E-14 2.288115E+01 -6.408930E+01
    endloop
  endfacet
  facet normal -1.000000E+00 0.000000E+00 -2.220446E-16
    outer loop
      vertex 1.423068E-14 2.288115E+01 -6.408930E+01
      vertex 1.529774E-14 2.126548E+01 -6.889489E+01
      vertex 1.422926E-14 2.259607E+01 -6.408287E+01
    endloop
  endfacet
  facet normal -1.000000E+00 0.000000E+00 -2.220446E-16
    outer loop
      vertex 1.422926E-14 2.259607E+01 -6.408287E+01
      vertex 1.529774E-14 2.126548E+01 -6.889489E+01
      vertex 1.421293E-14 2.232055E+01 -6.400935E+01
    endloop
  endfacet
  facet normal -1.000000E+00 0.000000E+00 -2.220446E-16
    outer loop
      vertex 1.421293E-14 2.232055E+01 -6.400935E+01
      vertex 1.529774E-14 2.126548E+01 -6.889489E+01
      vertex 1.418263E-14 2.207016E+01 -6.387291E+01
    endloop
  endfacet
  facet normal -1.000000E+00 0.000000E+00 -2.220446E-16
    outer loop
      vertex 1.418263E-14 2.207016E+01 -6.387291E+01
      vertex 1.529774E-14 2.126548E+01 -6.889489E+01
      vertex 1.414008E-14 2.185904E+01 -6.368124E+01
    endloop
  endfacet
  facet normal -1.000000E+00 0.000000E+00 -2.220446E-16
    outer loop
      vertex 1.414008E-14 2.185904E+01 -6.368124E+01
      vertex 1.529774E-14 2.126548E+01 -6.889489E+01
      vertex 1.408766E-14 2.169909E+01 -6.344517E+01
    endloop
  endfacet
  facet normal -1.000000E+00 0.000000E+00 -2.220446E-16
    outer loop
      vertex 1.390170E-14 2.393061E+01 -6.260771E+01
      vertex 1.385445E-14 2.776548E+01 -6.239489E+01
      vertex 1.396547E-14 2.396548E+01 -6.289489E+01
    endloop
  endfacet
  facet normal -1.000000E+00 0.000000E+00 -2.220446E-16
    outer loop
      vertex 1.370622E-14 2.769027E+01 -6.172733E+01
      vertex 1.385445E-14 2.776548E+01 -6.239489E+01
      vertex 1.390170E-14 2.393061E+01 -6.260771E+01
    endloop
  endfacet
  facet normal -1.000000E+00 0.000000E+00 -2.220446E-16
    outer loop
      vertex 1.396547E-14 2.396548E+01 -6.289489E+01
      vertex 1.395327E-14 2.781563E+01 -6.283993E+01
      vertex 1.403125E-14 2.392834E+01 -6.319115E+01
    endloop
  endfacet
  facet normal -1.000000E+00 0.000000E+00 -2.220446E-16
    outer loop
      vertex 1.385445E-14 2.776548E+01 -6.239489E+01
      vertex 1.395327E-14 2.781563E+01 -6.283993E+01
      vertex 1.396547E-14 2.396548E+01 -6.289489E+01
    endloop
  endfacet
  facet normal -1.000000E+00 0.000000E+00 -2.220446E-16
    outer loop
      vertex 1.395327E-14 2.781563E+01 -6.283993E+01
      vertex 1.404713E-14 2.796354E+01 -6.326265E+01
      vertex 1.403125E-14 2.392834E+01 -6.319115E+01
    endloop
  endfacet
  facet normal -1.000000E+00 0.000000E+00 -2.220446E-16
    outer loop
      vertex 1.403125E-14 2.392834E+01 -6.319115E+01
      vertex 1.404713E-14 2.796354E+01 -6.326265E+01
      vertex 1.409297E-14 2.381919E+01 -6.346908E+01
    endloop
  endfacet
  facet normal -1.000000E+00 0.000000E+00 -2.220446E-16
    outer loop
      vertex 1.404713E-14 2.796354E+01 -6.326265E+01
      vertex 1.413133E-14 2.820182E+01 -6.364187E+01
      vertex 1.409297E-14 2.381919E+01 -6.346908E+01
    endloop
  endfacet
  facet normal -1.000000E+00 0.000000E+00 -2.220446E-16
    outer loop
      vertex 1.409297E-14 2.381919E+01 -6.346908E+01
      vertex 1.413133E-14 2.820182E+01 -6.364187E+01
      vertex 1.414678E-14 2.364481E+01 -6.371145E+01
    endloop
  endfacet
  facet normal -1.000000E+00 0.000000E+00 -2.220446E-16
    outer loop
      vertex 1.413133E-14 2.820182E+01 -6.364187E+01
      vertex 1.420165E-14 2.851850E+01 -6.395855E+01
      vertex 1.414678E-14 2.364481E+01 -6.371145E+01
    endloop
  endfacet
  facet normal -1.000000E+00 0.000000E+00 -2.220446E-16
    outer loop
      vertex 1.418938E-14 2.341599E+01 -6.390327E+01
      vertex 1.420165E-14 2.851850E+01 -6.395855E+01
      vertex 1.529774E-14 2.126548E+01 -6.889489E+01
    endloop
  endfacet
  facet normal -1.000000E+00 0.000000E+00 -2.220446E-16
    outer loop
      vertex 1.414678E-14 2.364481E+01 -6.371145E+01
      vertex 1.420165E-14 2.851850E+01 -6.395855E+01
      vertex 1.418938E-14 2.341599E+01 -6.390327E+01
    endloop
  endfacet
  facet normal -1.000000E+00 0.000000E+00 -2.220446E-16
    outer loop
      vertex 1.420165E-14 2.851850E+01 -6.395855E+01
      vertex 1.425456E-14 2.889772E+01 -6.419682E+01
      vertex 1.529774E-14 2.126548E+01 -6.889489E+01
    endloop
  endfacet
  facet normal -1.000000E+00 0.000000E+00 -2.220446E-16
    outer loop
      vertex 1.425456E-14 2.889772E+01 -6.419682E+01
      vertex 1.428740E-14 2.932044E+01 -6.434474E+01
      vertex 1.529774E-14 2.126548E+01 -6.889489E+01
    endloop
  endfacet
  facet normal -1.000000E+00 0.000000E+00 -2.220446E-16
    outer loop
      vertex 1.428740E-14 2.932044E+01 -6.434474E+01
      vertex 1.429854E-14 2.976548E+01 -6.439489E+01
      vertex 1.529774E-14 2.126548E+01 -6.889489E+01
    endloop
  endfacet
  facet normal -1.000000E+00 0.000000E+00 -2.220446E-16
    outer loop
      vertex 1.429854E-14 2.976548E+01 -6.439489E+01
      vertex 1.429854E-14 4.276548E+01 -6.439489E+01
      vertex 1.529774E-14 2.126548E+01 -6.889489E+01
    endloop
  endfacet
  facet normal -1.000000E+00 0.000000E+00 -2.220446E-16
    outer loop
      vertex 1.318831E-14 4.776548E+01 -5.939489E+01
      vertex 1.378878E-14 4.886727E+01 -6.209914E+01
      vertex 1.320502E-14 4.709792E+01 -5.947010E+01
    endloop
  endfacet
  facet normal -1.000000E+00 0.000000E+00 -2.220446E-16
    outer loop
      vertex 1.320502E-14 4.709792E+01 -5.947010E+01
      vertex 1.378878E-14 4.886727E+01 -6.209914E+01
      vertex 1.325428E-14 4.646383E+01 -5.969198E+01
    endloop
  endfacet
  facet normal -1.000000E+00 0.000000E+00 -2.220446E-16
    outer loop
      vertex 1.318831E-14 4.776548E+01 -5.939489E+01
      vertex 1.374618E-14 4.908381E+01 -6.190731E+01
      vertex 1.378878E-14 4.886727E+01 -6.209914E+01
    endloop
  endfacet
  facet normal -1.000000E+00 0.000000E+00 -2.220446E-16
    outer loop
      vertex 1.378878E-14 4.886727E+01 -6.209914E+01
      vertex 1.384164E-14 4.870293E+01 -6.233722E+01
      vertex 1.325428E-14 4.646383E+01 -5.969198E+01
    endloop
  endfacet
  facet normal -1.000000E+00 0.000000E+00 -2.220446E-16
    outer loop
      vertex 1.325428E-14 4.646383E+01 -5.969198E+01
      vertex 1.384164E-14 4.870293E+01 -6.233722E+01
      vertex 1.333364E-14 4.589501E+01 -6.004939E+01
    endloop
  endfacet
  facet normal -1.000000E+00 0.000000E+00 -2.220446E-16
    outer loop
      vertex 1.333364E-14 4.589501E+01 -6.004939E+01
      vertex 1.384164E-14 4.870293E+01 -6.233722E+01
      vertex 1.343912E-14 4.541999E+01 -6.052442E+01
    endloop
  endfacet
  facet normal -1.000000E+00 0.000000E+00 -2.220446E-16
    outer loop
      vertex 1.318831E-14 4.776548E+01 -5.939489E+01
      vertex 1.371633E-14 4.933996E+01 -6.177287E+01
      vertex 1.374618E-14 4.908381E+01 -6.190731E+01
    endloop
  endfacet
  facet normal -1.000000E+00 0.000000E+00 -2.220446E-16
    outer loop
      vertex 1.343912E-14 4.541999E+01 -6.052442E+01
      vertex 1.390170E-14 4.860035E+01 -6.260771E+01
      vertex 1.356542E-14 4.506258E+01 -6.109324E+01
    endloop
  endfacet
  facet normal -1.000000E+00 0.000000E+00 -2.220446E-16
    outer loop
      vertex 1.356542E-14 4.506258E+01 -6.109324E+01
      vertex 1.390170E-14 4.860035E+01 -6.260771E+01
      vertex 1.370622E-14 4.484070E+01 -6.172733E+01
    endloop
  endfacet
  facet normal -1.000000E+00 0.000000E+00 -2.220446E-16
    outer loop
      vertex 1.370622E-14 4.484070E+01 -6.172733E+01
      vertex 1.390170E-14 4.860035E+01 -6.260771E+01
      vertex 1.385445E-14 4.476548E+01 -6.239489E+01
    endloop
  endfacet
  facet normal -1.000000E+00 0.000000E+00 -2.220446E-16
    outer loop
      vertex 1.384164E-14 4.870293E+01 -6.233722E+01
      vertex 1.390170E-14 4.860035E+01 -6.260771E+01
      vertex 1.343912E-14 4.541999E+01 -6.052442E+01
    endloop
  endfacet
  facet normal -1.000000E+00 0.000000E+00 -2.220446E-16
    outer loop
      vertex 1.318831E-14 4.776548E+01 -5.939489E+01
      vertex 1.370096E-14 4.962084E+01 -6.170364E+01
      vertex 1.371633E-14 4.933996E+01 -6.177287E+01
    endloop
  endfacet
  facet normal -1.000000E+00 0.000000E+00 -2.220446E-16
    outer loop
      vertex 1.385445E-14 4.476548E+01 -6.239489E+01
      vertex 1.396547E-14 4.856548E+01 -6.289489E+01
      vertex 1.395327E-14 4.471534E+01 -6.283993E+01
    endloop
  endfacet
  facet normal -1.000000E+00 0.000000E+00 -2.220446E-16
    outer loop
      vertex 1.390170E-14 4.860035E+01 -6.260771E+01
      vertex 1.396547E-14 4.856548E+01 -6.289489E+01
      vertex 1.385445E-14 4.476548E+01 -6.239489E+01
    endloop
  endfacet
  facet normal -1.000000E+00 -0.000000E+00 -2.220446E-16
    outer loop
      vertex 1.318831E-14 5.176548E+01 -5.939489E+01
      vertex 1.370096E-14 4.991013E+01 -6.170364E+01
      vertex 1.318831E-14 4.776548E+01 -5.939489E+01
    endloop
  endfacet
  facet normal -1.000000E+00 0.000000E+00 -2.220446E-16
    outer loop
      vertex 1.318831E-14 4.776548E+01 -5.939489E+01
      vertex 1.370096E-14 4.991013E+01 -6.170364E+01
      vertex 1.370096E-14 4.962084E+01 -6.170364E+01
    endloop
  endfacet
  facet normal -1.000000E+00 0.000000E+00 -2.220446E-16
    outer loop
      vertex 1.395327E-14 4.471534E+01 -6.283993E+01
      vertex 1.401994E-14 4.859082E+01 -6.314020E+01
      vertex 1.404713E-14 4.456742E+01 -6.326265E+01
    endloop
  endfacet
  facet normal -1.000000E+00 0.000000E+00 -2.220446E-16
    outer loop
      vertex 1.396547E-14 4.856548E+01 -6.289489E+01
      vertex 1.401994E-14 4.859082E+01 -6.314020E+01
      vertex 1.395327E-14 4.471534E+01 -6.283993E+01
    endloop
  endfacet
  facet normal -1.000000E+00 0.000000E+00 -2.220446E-16
    outer loop
      vertex 1.318831E-14 5.176548E+01 -5.939489E+01
      vertex 1.371633E-14 5.019101E+01 -6.177287E+01
      vertex 1.370096E-14 4.991013E+01 -6.170364E+01
    endloop
  endfacet
  facet normal -1.000000E+00 0.000000E+00 -2.220446E-16
    outer loop
      vertex 1.401994E-14 4.859082E+01 -6.314020E+01
      vertex 1.407211E-14 4.866578E+01 -6.337515E+01
      vertex 1.404713E-14 4.456742E+01 -6.326265E+01
    endloop
  endfacet
  facet normal -1.000000E+00 0.000000E+00 -2.220446E-16
    outer loop
      vertex 1.318831E-14 5.176548E+01 -5.939489E+01
      vertex 1.374618E-14 5.044716E+01 -6.190731E+01
      vertex 1.371633E-14 5.019101E+01 -6.177287E+01
    endloop
  endfacet
  facet normal -1.000000E+00 0.000000E+00 -2.220446E-16
    outer loop
      vertex 1.404713E-14 4.456742E+01 -6.326265E+01
      vertex 1.411977E-14 4.878718E+01 -6.358981E+01
      vertex 1.413133E-14 4.432915E+01 -6.364186E+01
    endloop
  endfacet
  facet normal -1.000000E+00 0.000000E+00 -2.220446E-16
    outer loop
      vertex 1.407211E-14 4.866578E+01 -6.337515E+01
      vertex 1.411977E-14 4.878718E+01 -6.358981E+01
      vertex 1.404713E-14 4.456742E+01 -6.326265E+01
    endloop
  endfacet
  facet normal -1.000000E+00 0.000000E+00 -2.220446E-16
    outer loop
      vertex 1.413133E-14 4.432915E+01 -6.364186E+01
      vertex 1.416092E-14 4.894990E+01 -6.377513E+01
      vertex 1.420165E-14 4.401246E+01 -6.395855E+01
    endloop
  endfacet
  facet normal -1.000000E+00 0.000000E+00 -2.220446E-16
    outer loop
      vertex 1.411977E-14 4.878718E+01 -6.358981E+01
      vertex 1.416092E-14 4.894990E+01 -6.377513E+01
      vertex 1.413133E-14 4.432915E+01 -6.364186E+01
    endloop
  endfacet
  facet normal -1.000000E+00 0.000000E+00 -2.220446E-16
    outer loop
      vertex 1.325428E-14 5.306713E+01 -5.969198E+01
      vertex 1.378878E-14 5.066370E+01 -6.209914E+01
      vertex 1.320502E-14 5.243305E+01 -5.947010E+01
    endloop
  endfacet
  facet normal -1.000000E+00 0.000000E+00 -2.220446E-16
    outer loop
      vertex 1.320502E-14 5.243305E+01 -5.947010E+01
      vertex 1.378878E-14 5.066370E+01 -6.209914E+01
      vertex 1.318831E-14 5.176548E+01 -5.939489E+01
    endloop
  endfacet
  facet normal -1.000000E+00 0.000000E+00 -2.220446E-16
    outer loop
      vertex 1.318831E-14 5.176548E+01 -5.939489E+01
      vertex 1.378878E-14 5.066370E+01 -6.209914E+01
      vertex 1.374618E-14 5.044716E+01 -6.190731E+01
    endloop
  endfacet
  facet normal -1.000000E+00 0.000000E+00 -2.220446E-16
    outer loop
      vertex 1.420165E-14 4.401246E+01 -6.395855E+01
      vertex 1.419730E-14 4.917394E+01 -6.393895E+01
      vertex 1.425456E-14 4.363325E+01 -6.419682E+01
    endloop
  endfacet
  facet normal -1.000000E+00 0.000000E+00 -2.220446E-16
    outer loop
      vertex 1.416092E-14 4.894990E+01 -6.377513E+01
      vertex 1.419730E-14 4.917394E+01 -6.393895E+01
      vertex 1.420165E-14 4.401246E+01 -6.395855E+01
    endloop
  endfacet
  facet normal -1.000000E+00 0.000000E+00 -2.220446E-16
    outer loop
      vertex 1.325428E-14 5.306713E+01 -5.969198E+01
      vertex 1.384164E-14 5.082803E+01 -6.233722E+01
      vertex 1.378878E-14 5.066370E+01 -6.209914E+01
    endloop
  endfacet
  facet normal -1.000000E+00 0.000000E+00 -2.220446E-16
    outer loop
      vertex 1.425456E-14 4.363325E+01 -6.419682E+01
      vertex 1.422127E-14 4.942963E+01 -6.404693E+01
      vertex 1.428740E-14 4.321053E+01 -6.434474E+01
    endloop
  endfacet
  facet normal -1.000000E+00 0.000000E+00 -2.220446E-16
    outer loop
      vertex 1.419730E-14 4.917394E+01 -6.393895E+01
      vertex 1.422127E-14 4.942963E+01 -6.404693E+01
      vertex 1.425456E-14 4.363325E+01 -6.419682E+01
    endloop
  endfacet
  facet normal -1.000000E+00 0.000000E+00 -2.220446E-16
    outer loop
      vertex 1.325428E-14 5.306713E+01 -5.969198E+01
      vertex 1.333364E-14 5.363595E+01 -6.004939E+01
      vertex 1.384164E-14 5.082803E+01 -6.233722E+01
    endloop
  endfacet
  facet normal -1.000000E+00 0.000000E+00 -2.220446E-16
    outer loop
      vertex 1.384164E-14 5.082803E+01 -6.233722E+01
      vertex 1.343912E-14 5.411098E+01 -6.052442E+01
      vertex 1.390170E-14 5.093061E+01 -6.260771E+01
    endloop
  endfacet
  facet normal -1.000000E+00 0.000000E+00 -2.220446E-16
    outer loop
      vertex 1.333364E-14 5.363595E+01 -6.004939E+01
      vertex 1.343912E-14 5.411098E+01 -6.052442E+01
      vertex 1.384164E-14 5.082803E+01 -6.233722E+01
    endloop
  endfacet
  facet normal -1.000000E+00 0.000000E+00 -2.220446E-16
    outer loop
      vertex 1.343912E-14 5.411098E+01 -6.052442E+01
      vertex 1.356542E-14 5.446839E+01 -6.109324E+01
      vertex 1.390170E-14 5.093061E+01 -6.260771E+01
    endloop
  endfacet
  facet normal -1.000000E+00 0.000000E+00 -2.220446E-16
    outer loop
      vertex 1.356542E-14 5.446839E+01 -6.109324E+01
      vertex 1.370622E-14 5.469027E+01 -6.172733E+01
      vertex 1.390170E-14 5.093061E+01 -6.260771E+01
    endloop
  endfacet
  facet normal -1.000000E+00 0.000000E+00 -2.220446E-16
    outer loop
      vertex 1.370622E-14 5.469027E+01 -6.172733E+01
      vertex 1.385445E-14 5.476548E+01 -6.239489E+01
      vertex 1.390170E-14 5.093061E+01 -6.260771E+01
    endloop
  endfacet
  facet normal -1.000000E+00 0.000000E+00 -2.220446E-16
    outer loop
      vertex 1.396547E-14 5.096548E+01 -6.289489E+01
      vertex 1.385445E-14 5.476548E+01 -6.239489E+01
      vertex 1.402669E-14 5.093339E+01 -6.317057E+01
    endloop
  endfacet
  facet normal -1.000000E+00 0.000000E+00 -2.220446E-16
    outer loop
      vertex 1.402669E-14 5.093339E+01 -6.317057E+01
      vertex 1.385445E-14 5.476548E+01 -6.239489E+01
      vertex 1.408462E-14 5.083881E+01 -6.343151E+01
    endloop
  endfacet
  facet normal -1.000000E+00 0.000000E+00 -2.220446E-16
    outer loop
      vertex 1.390170E-14 5.093061E+01 -6.260771E+01
      vertex 1.385445E-14 5.476548E+01 -6.239489E+01
      vertex 1.396547E-14 5.096548E+01 -6.289489E+01
    endloop
  endfacet
  facet normal -1.000000E+00 0.000000E+00 -2.220446E-16
    outer loop
      vertex 1.385445E-14 5.476548E+01 -6.239489E+01
      vertex 1.474263E-14 5.476548E+01 -6.639489E+01
      vertex 1.408462E-14 5.083881E+01 -6.343151E+01
    endloop
  endfacet
  facet normal -1.000000E+00 0.000000E+00 -2.220446E-16
    outer loop
      vertex 1.408462E-14 5.083881E+01 -6.343151E+01
      vertex 1.474263E-14 5.476548E+01 -6.639489E+01
      vertex 1.413619E-14 5.068682E+01 -6.366374E+01
    endloop
  endfacet
  facet normal -1.000000E+00 0.000000E+00 -2.220446E-16
    outer loop
      vertex 1.413619E-14 5.068682E+01 -6.366374E+01
      vertex 1.474263E-14 5.476548E+01 -6.639489E+01
      vertex 1.417862E-14 5.048554E+01 -6.385484E+01
    endloop
  endfacet
  facet normal -1.000000E+00 0.000000E+00 -2.220446E-16
    outer loop
      vertex 1.417862E-14 5.048554E+01 -6.385484E+01
      vertex 1.474263E-14 5.476548E+01 -6.639489E+01
      vertex 1.420965E-14 5.024574E+01 -6.399459E+01
    endloop
  endfacet
  facet normal -1.000000E+00 0.000000E+00 -2.220446E-16
    outer loop
      vertex 1.420965E-14 5.024574E+01 -6.399459E+01
      vertex 1.474263E-14 5.476548E+01 -6.639489E+01
      vertex 1.422762E-14 4.998026E+01 -6.407551E+01
    endloop
  endfacet
  facet normal -1.000000E+00 0.000000E+00 -2.220446E-16
    outer loop
      vertex 1.422762E-14 4.998026E+01 -6.407551E+01
      vertex 1.474263E-14 5.476548E+01 -6.639489E+01
      vertex 1.423157E-14 4.970327E+01 -6.409328E+01
    endloop
  endfacet
  facet normal -1.000000E+00 0.000000E+00 -2.220446E-16
    outer loop
      vertex 1.474263E-14 5.476548E+01 -6.639489E+01
      vertex 1.529774E-14 5.676548E+01 -6.889489E+01
      vertex 1.423157E-14 4.970327E+01 -6.409328E+01
    endloop
  endfacet
  facet normal -1.000000E+00 0.000000E+00 -2.220446E-16
    outer loop
      vertex 1.429854E-14 4.276548E+01 -6.439489E+01
      vertex 1.529774E-14 5.676548E+01 -6.889489E+01
      vertex 1.529774E-14 2.126548E+01 -6.889489E+01
    endloop
  endfacet
  facet normal -1.000000E+00 0.000000E+00 -2.220446E-16
    outer loop
      vertex 1.422127E-14 4.942963E+01 -6.404693E+01
      vertex 1.529774E-14 5.676548E+01 -6.889489E+01
      vertex 1.428740E-14 4.321053E+01 -6.434474E+01
    endloop
  endfacet
  facet normal -1.000000E+00 0.000000E+00 -2.220446E-16
    outer loop
      vertex 1.428740E-14 4.321053E+01 -6.434474E+01
      vertex 1.529774E-14 5.676548E+01 -6.889489E+01
      vertex 1.429854E-14 4.276548E+01 -6.439489E+01
    endloop
  endfacet
  facet normal -1.000000E+00 -0.000000E+00 -2.220446E-16
    outer loop
      vertex 1.474263E-14 5.676548E+01 -6.639489E+01
      vertex 1.529774E-14 5.676548E+01 -6.889489E+01
      vertex 1.474263E-14 5.476548E+01 -6.639489E+01
    endloop
  endfacet
  facet normal -1.000000E+00 0.000000E+00 -2.220446E-16
    outer loop
      vertex 1.423157E-14 4.970327E+01 -6.409328E+01
      vertex 1.529774E-14 5.676548E+01 -6.889489E+01
      vertex 1.422127E-14 4.942963E+01 -6.404693E+01
    endloop
  endfacet
  facet normal -1.000000E+00 0.000000E+00 -2.220446E-16
    outer loop
      vertex 1.163400E-14 1.776548E+01 -5.239489E+01
      vertex 1.357853E-14 1.776548E+01 -6.115225E+01
      vertex 1.296627E-14 1.476548E+01 -5.839489E+01
    endloop
  endfacet
  facet normal 7.071068E-01 7.071068E-01 -0.000000E+00
    outer loop
      vertex 4.570000E+01 4.626548E+01 -6.639489E+01
      vertex 4.570000E+01 4.626548E+01 -5.439489E+01
      vertex 4.720000E+01 4.476548E+01 -5.589489E+01
    endloop
  endfacet
  facet normal 7.071068E-01 7.071068E-01 0.000000E+00
    outer loop
      vertex 4.570000E+01 4.626548E+01 -6.639489E+01
      vertex 4.720000E+01 4.476548E+01 -5.589489E+01
      vertex 4.720000E+01 4.476548E+01 -6.639489E+01
    endloop
  endfacet
  facet normal 7.071068E-01 -7.071068E-01 0.000000E+00
    outer loop
      vertex 4.570000E+01 3.726548E+01 -6.639489E+01
      vertex 4.720000E+01 3.876548E+01 -5.589489E+01
      vertex 4.570000E+01 3.726548E+01 -5.439489E+01
    endloop
  endfacet
  facet normal 7.071068E-01 -7.071068E-01 0.000000E+00
    outer loop
      vertex 4.720000E+01 3.876548E+01 -6.639489E+01
      vertex 4.720000E+01 3.876548E+01 -5.589489E+01
      vertex 4.570000E+01 3.726548E+01 -6.639489E+01
    endloop
  endfacet
  facet normal 7.071068E-01 0.000000E+00 7.071068E-01
    outer loop
      vertex 4.720000E+01 4.476548E+01 -5.589489E+01
      vertex 4.570000E+01 4.626548E+01 -5.439489E+01
      vertex 4.570000E+01 3.726548E+01 -5.439489E+01
    endloop
  endfacet
  facet normal 7.071068E-01 0.000000E+00 7.071068E-01
    outer loop
      vertex 4.720000E+01 4.476548E+01 -5.589489E+01
      vertex 4.570000E+01 3.726548E+01 -5.439489E+01
      vertex 4.720000E+01 3.876548E+01 -5.589489E+01
    endloop
  endfacet
  facet normal -7.071068E-01 -7.071068E-01 -0.000000E+00
    outer loop
      vertex 1.230000E+01 3.876548E+01 -5.589489E+01
      vertex 1.230000E+01 3.876548E+01 -6.639489E+01
      vertex 1.380000E+01 3.726548E+01 -6.639489E+01
    endloop
  endfacet
  facet normal -7.071068E-01 -7.071068E-01 0.000000E+00
    outer loop
      vertex 1.230000E+01 3.876548E+01 -5.589489E+01
      vertex 1.380000E+01 3.726548E+01 -6.639489E+01
      vertex 1.380000E+01 3.726548E+01 -5.439489E+01
    endloop
  endfacet
  facet normal -7.071068E-01 7.071068E-01 0.000000E+00
    outer loop
      vertex 1.230000E+01 4.476548E+01 -5.589489E+01
      vertex 1.380000E+01 4.626548E+01 -6.639489E+01
      vertex 1.230000E+01 4.476548E+01 -6.639489E+01
    endloop
  endfacet
  facet normal -7.071068E-01 7.071068E-01 0.000000E+00
    outer loop
      vertex 1.380000E+01 4.626548E+01 -5.439489E+01
      vertex 1.380000E+01 4.626548E+01 -6.639489E+01
      vertex 1.230000E+01 4.476548E+01 -5.589489E+01
    endloop
  endfacet
  facet normal -7.071068E-01 0.000000E+00 7.071068E-01
    outer loop
      vertex 1.380000E+01 4.626548E+01 -5.439489E+01
      vertex 1.230000E+01 4.476548E+01 -5.589489E+01
      vertex 1.230000E+01 3.876548E+01 -5.589489E+01
    endloop
  endfacet
  facet normal -7.071068E-01 0.000000E+00 7.071068E-01
    outer loop
      vertex 1.380000E+01 4.626548E+01 -5.439489E+01
      vertex 1.230000E+01 3.876548E+01 -5.589489E+01
      vertex 1.380000E+01 3.726548E+01 -5.439489E+01
    endloop
  endfacet
  facet normal 1.000000E+00 0.000000E+00 0.000000E+00
    outer loop
      vertex 4.720000E+01 3.876548E+01 -5.589489E+01
      vertex 4.720000E+01 3.876548E+01 -6.639489E+01
      vertex 4.720000E+01 4.476548E+01 -6.639489E+01
    endloop
  endfacet
  facet normal 1.000000E+00 0.000000E+00 0.000000E+00
    outer loop
      vertex 4.720000E+01 4.476548E+01 -5.589489E+01
      vertex 4.720000E+01 3.876548E+01 -5.589489E+01
      vertex 4.720000E+01 4.476548E+01 -6.639489E+01
    endloop
  endfacet
  facet normal -1.000000E+00 0.000000E+00 0.000000E+00
    outer loop
      vertex 1.230000E+01 3.876548E+01 -5.589489E+01
      vertex 1.230000E+01 4.476548E+01 -5.589489E+01
      vertex 1.230000E+01 4.476548E+01 -6.639489E+01
    endloop
  endfacet
  facet normal -1.000000E+00 0.000000E+00 0.000000E+00
    outer loop
      vertex 1.230000E+01 3.876548E+01 -5.589489E+01
      vertex 1.230000E+01 4.476548E+01 -6.639489E+01
      vertex 1.230000E+01 3.876548E+01 -6.639489E+01
    endloop
  endfacet
  facet normal -9.927083E-01 -0.000000E+00 -1.205414E-01
    outer loop
      vertex 1.703000E+01 4.626548E+01 -6.029489E+01
      vertex 1.703000E+01 3.726548E+01 -6.029489E+01
      vertex 1.700385E+01 4.626548E+01 -6.007950E+01
    endloop
  endfacet
  facet normal -9.350163E-01 -0.000000E+00 -3.546047E-01
    outer loop
      vertex 1.700385E+01 4.626548E+01 -6.007950E+01
      vertex 1.700385E+01 3.726548E+01 -6.007950E+01
      vertex 1.692691E+01 4.626548E+01 -5.987664E+01
    endloop
  endfacet
  facet normal -9.927083E-01 0.000000E+00 -1.205414E-01
    outer loop
      vertex 1.703000E+01 3.726548E+01 -6.029489E+01
      vertex 1.700385E+01 3.726548E+01 -6.007950E+01
      vertex 1.700385E+01 4.626548E+01 -6.007950E+01
    endloop
  endfacet
  facet normal -8.229817E-01 -0.000000E+00 -5.680680E-01
    outer loop
      vertex 1.692691E+01 4.626548E+01 -5.987664E+01
      vertex 1.692691E+01 3.726548E+01 -5.987664E+01
      vertex 1.680366E+01 4.626548E+01 -5.969808E+01
    endloop
  endfacet
  facet normal -9.350163E-01 0.000000E+00 -3.546047E-01
    outer loop
      vertex 1.700385E+01 3.726548E+01 -6.007950E+01
      vertex 1.692691E+01 3.726548E+01 -5.987664E+01
      vertex 1.692691E+01 4.626548E+01 -5.987664E+01
    endloop
  endfacet
  facet normal -6.631232E-01 -0.000000E+00 -7.485102E-01
    outer loop
      vertex 1.680366E+01 4.626548E+01 -5.969808E+01
      vertex 1.680366E+01 3.726548E+01 -5.969808E+01
      vertex 1.664126E+01 4.626548E+01 -5.955420E+01
    endloop
  endfacet
  facet normal -8.229817E-01 0.000000E+00 -5.680680E-01
    outer loop
      vertex 1.692691E+01 3.726548E+01 -5.987664E+01
      vertex 1.680366E+01 3.726548E+01 -5.969808E+01
      vertex 1.680366E+01 4.626548E+01 -5.969808E+01
    endloop
  endfacet
  facet normal -4.647266E-01 -0.000000E+00 -8.854543E-01
    outer loop
      vertex 1.664126E+01 4.626548E+01 -5.955420E+01
      vertex 1.664126E+01 3.726548E+01 -5.955420E+01
      vertex 1.644914E+01 4.626548E+01 -5.945337E+01
    endloop
  endfacet
  facet normal -6.631232E-01 0.000000E+00 -7.485102E-01
    outer loop
      vertex 1.680366E+01 3.726548E+01 -5.969808E+01
      vertex 1.664126E+01 3.726548E+01 -5.955420E+01
      vertex 1.664126E+01 4.626548E+01 -5.955420E+01
    endloop
  endfacet
  facet normal -2.393095E-01 -0.000000E+00 -9.709433E-01
    outer loop
      vertex 1.644914E+01 4.626548E+01 -5.945337E+01
      vertex 1.644914E+01 3.726548E+01 -5.945337E+01
      vertex 1.623848E+01 4.626548E+01 -5.940145E+01
    endloop
  endfacet
  facet normal -4.647266E-01 0.000000E+00 -8.854543E-01
    outer loop
      vertex 1.664126E+01 3.726548E+01 -5.955420E+01
      vertex 1.644914E+01 3.726548E+01 -5.945337E+01
      vertex 1.644914E+01 4.626548E+01 -5.945337E+01
    endloop
  endfacet
  facet normal -0.000000E+00 -0.000000E+00 -1.000000E+00
    outer loop
      vertex 1.623848E+01 4.626548E+01 -5.940145E+01
      vertex 1.623848E+01 3.726548E+01 -5.940145E+01
      vertex 1.602152E+01 4.626548E+01 -5.940145E+01
    endloop
  endfacet
  facet normal -2.393095E-01 0.000000E+00 -9.709433E-01
    outer loop
      vertex 1.644914E+01 3.726548E+01 -5.945337E+01
      vertex 1.623848E+01 3.726548E+01 -5.940145E+01
      vertex 1.623848E+01 4.626548E+01 -5.940145E+01
    endloop
  endfacet
  facet normal 2.393095E-01 0.000000E+00 -9.709433E-01
    outer loop
      vertex 1.602152E+01 4.626548E+01 -5.940145E+01
      vertex 1.602152E+01 3.726548E+01 -5.940145E+01
      vertex 1.581086E+01 4.626548E+01 -5.945337E+01
    endloop
  endfacet
  facet normal 0.000000E+00 0.000000E+00 -1.000000E+00
    outer loop
      vertex 1.623848E+01 3.726548E+01 -5.940145E+01
      vertex 1.602152E+01 3.726548E+01 -5.940145E+01
      vertex 1.602152E+01 4.626548E+01 -5.940145E+01
    endloop
  endfacet
  facet normal 4.647266E-01 0.000000E+00 -8.854543E-01
    outer loop
      vertex 1.581086E+01 4.626548E+01 -5.945337E+01
      vertex 1.581086E+01 3.726548E+01 -5.945337E+01
      vertex 1.561874E+01 4.626548E+01 -5.955420E+01
    endloop
  endfacet
  facet normal 2.393095E-01 0.000000E+00 -9.709433E-01
    outer loop
      vertex 1.602152E+01 3.726548E+01 -5.940145E+01
      vertex 1.581086E+01 3.726548E+01 -5.945337E+01
      vertex 1.581086E+01 4.626548E+01 -5.945337E+01
    endloop
  endfacet
  facet normal 6.631232E-01 0.000000E+00 -7.485102E-01
    outer loop
      vertex 1.561874E+01 4.626548E+01 -5.955420E+01
      vertex 1.561874E+01 3.726548E+01 -5.955420E+01
      vertex 1.545634E+01 4.626548E+01 -5.969808E+01
    endloop
  endfacet
  facet normal 4.647266E-01 0.000000E+00 -8.854543E-01
    outer loop
      vertex 1.581086E+01 3.726548E+01 -5.945337E+01
      vertex 1.561874E+01 3.726548E+01 -5.955420E+01
      vertex 1.561874E+01 4.626548E+01 -5.955420E+01
    endloop
  endfacet
  facet normal 8.229817E-01 0.000000E+00 -5.680680E-01
    outer loop
      vertex 1.545634E+01 4.626548E+01 -5.969808E+01
      vertex 1.545634E+01 3.726548E+01 -5.969808E+01
      vertex 1.533309E+01 4.626548E+01 -5.987664E+01
    endloop
  endfacet
  facet normal 6.631232E-01 0.000000E+00 -7.485102E-01
    outer loop
      vertex 1.561874E+01 3.726548E+01 -5.955420E+01
      vertex 1.545634E+01 3.726548E+01 -5.969808E+01
      vertex 1.545634E+01 4.626548E+01 -5.969808E+01
    endloop
  endfacet
  facet normal 9.350148E-01 0.000000E+00 -3.546085E-01
    outer loop
      vertex 1.533309E+01 4.626548E+01 -5.987664E+01
      vertex 1.533309E+01 3.726548E+01 -5.987664E+01
      vertex 1.525615E+01 4.626548E+01 -6.007950E+01
    endloop
  endfacet
  facet normal 8.229817E-01 0.000000E+00 -5.680680E-01
    outer loop
      vertex 1.545634E+01 3.726548E+01 -5.969808E+01
      vertex 1.533309E+01 3.726548E+01 -5.987664E+01
      vertex 1.533309E+01 4.626548E+01 -5.987664E+01
    endloop
  endfacet
  facet normal 9.927088E-01 0.000000E+00 -1.205371E-01
    outer loop
      vertex 1.525615E+01 4.626548E+01 -6.007950E+01
      vertex 1.525615E+01 3.726548E+01 -6.007950E+01
      vertex 1.523000E+01 4.626548E+01 -6.029489E+01
    endloop
  endfacet
  facet normal 9.350148E-01 0.000000E+00 -3.546085E-01
    outer loop
      vertex 1.533309E+01 3.726548E+01 -5.987664E+01
      vertex 1.525615E+01 3.726548E+01 -6.007950E+01
      vertex 1.525615E+01 4.626548E+01 -6.007950E+01
    endloop
  endfacet
  facet normal 9.927088E-01 0.000000E+00 -1.205371E-01
    outer loop
      vertex 1.525615E+01 3.726548E+01 -6.007950E+01
      vertex 1.523000E+01 3.726548E+01 -6.029489E+01
      vertex 1.523000E+01 4.626548E+01 -6.029489E+01
    endloop
  endfacet
  facet normal -9.927083E-01 -0.000000E+00 -1.205414E-01
    outer loop
      vertex 4.427000E+01 4.626548E+01 -6.029489E+01
      vertex 4.427000E+01 3.726548E+01 -6.029489E+01
      vertex 4.424385E+01 4.626548E+01 -6.007950E+01
    endloop
  endfacet
  facet normal -9.350193E-01 -0.000000E+00 -3.545970E-01
    outer loop
      vertex 4.424385E+01 4.626548E+01 -6.007950E+01
      vertex 4.424385E+01 3.726548E+01 -6.007950E+01
      vertex 4.416691E+01 4.626548E+01 -5.987664E+01
    endloop
  endfacet
  facet normal -9.927083E-01 0.000000E+00 -1.205414E-01
    outer loop
      vertex 4.427000E+01 3.726548E+01 -6.029489E+01
      vertex 4.424385E+01 3.726548E+01 -6.007950E+01
      vertex 4.424385E+01 4.626548E+01 -6.007950E+01
    endloop
  endfacet
  facet normal -8.229775E-01 -0.000000E+00 -5.680739E-01
    outer loop
      vertex 4.416691E+01 4.626548E+01 -5.987664E+01
      vertex 4.416691E+01 3.726548E+01 -5.987664E+01
      vertex 4.404366E+01 4.626548E+01 -5.969808E+01
    endloop
  endfacet
  facet normal -9.350193E-01 0.000000E+00 -3.545970E-01
    outer loop
      vertex 4.424385E+01 3.726548E+01 -6.007950E+01
      vertex 4.416691E+01 3.726548E+01 -5.987664E+01
      vertex 4.416691E+01 4.626548E+01 -5.987664E+01
    endloop
  endfacet
  facet normal -6.631276E-01 -0.000000E+00 -7.485064E-01
    outer loop
      vertex 4.404366E+01 4.626548E+01 -5.969808E+01
      vertex 4.404366E+01 3.726548E+01 -5.969808E+01
      vertex 4.388126E+01 4.626548E+01 -5.955420E+01
    endloop
  endfacet
  facet normal -8.229775E-01 0.000000E+00 -5.680739E-01
    outer loop
      vertex 4.416691E+01 3.726548E+01 -5.987664E+01
      vertex 4.404366E+01 3.726548E+01 -5.969808E+01
      vertex 4.404366E+01 4.626548E+01 -5.969808E+01
    endloop
  endfacet
  facet normal -4.647229E-01 -0.000000E+00 -8.854561E-01
    outer loop
      vertex 4.388126E+01 4.626548E+01 -5.955420E+01
      vertex 4.388126E+01 3.726548E+01 -5.955420E+01
      vertex 4.368914E+01 4.626548E+01 -5.945337E+01
    endloop
  endfacet
  facet normal -6.631276E-01 0.000000E+00 -7.485064E-01
    outer loop
      vertex 4.404366E+01 3.726548E+01 -5.969808E+01
      vertex 4.388126E+01 3.726548E+01 -5.955420E+01
      vertex 4.388126E+01 4.626548E+01 -5.955420E+01
    endloop
  endfacet
  facet normal -2.393075E-01 -0.000000E+00 -9.709438E-01
    outer loop
      vertex 4.368914E+01 4.626548E+01 -5.945337E+01
      vertex 4.368914E+01 3.726548E+01 -5.945337E+01
      vertex 4.347848E+01 4.626548E+01 -5.940145E+01
    endloop
  endfacet
  facet normal -4.647229E-01 0.000000E+00 -8.854561E-01
    outer loop
      vertex 4.388126E+01 3.726548E+01 -5.955420E+01
      vertex 4.368914E+01 3.726548E+01 -5.945337E+01
      vertex 4.368914E+01 4.626548E+01 -5.945337E+01
    endloop
  endfacet
  facet normal -0.000000E+00 -0.000000E+00 -1.000000E+00
    outer loop
      vertex 4.347848E+01 4.626548E+01 -5.940145E+01
      vertex 4.347848E+01 3.726548E+01 -5.940145E+01
      vertex 4.326152E+01 4.626548E+01 -5.940145E+01
    endloop
  endfacet
  facet normal -2.393075E-01 0.000000E+00 -9.709438E-01
    outer loop
      vertex 4.368914E+01 3.726548E+01 -5.945337E+01
      vertex 4.347848E+01 3.726548E+01 -5.940145E+01
      vertex 4.347848E+01 4.626548E+01 -5.940145E+01
    endloop
  endfacet
  facet normal 2.393075E-01 0.000000E+00 -9.709438E-01
    outer loop
      vertex 4.326152E+01 4.626548E+01 -5.940145E+01
      vertex 4.326152E+01 3.726548E+01 -5.940145E+01
      vertex 4.305085E+01 4.626548E+01 -5.945337E+01
    endloop
  endfacet
  facet normal 0.000000E+00 0.000000E+00 -1.000000E+00
    outer loop
      vertex 4.347848E+01 3.726548E+01 -5.940145E+01
      vertex 4.326152E+01 3.726548E+01 -5.940145E+01
      vertex 4.326152E+01 4.626548E+01 -5.940145E+01
    endloop
  endfacet
  facet normal 4.647302E-01 0.000000E+00 -8.854523E-01
    outer loop
      vertex 4.305085E+01 4.626548E+01 -5.945337E+01
      vertex 4.305085E+01 3.726548E+01 -5.945337E+01
      vertex 4.285874E+01 4.626548E+01 -5.955420E+01
    endloop
  endfacet
  facet normal 2.393075E-01 0.000000E+00 -9.709438E-01
    outer loop
      vertex 4.326152E+01 3.726548E+01 -5.940145E+01
      vertex 4.305085E+01 3.726548E+01 -5.945337E+01
      vertex 4.305085E+01 4.626548E+01 -5.945337E+01
    endloop
  endfacet
  facet normal 6.631188E-01 0.000000E+00 -7.485141E-01
    outer loop
      vertex 4.285874E+01 4.626548E+01 -5.955420E+01
      vertex 4.285874E+01 3.726548E+01 -5.955420E+01
      vertex 4.269634E+01 4.626548E+01 -5.969808E+01
    endloop
  endfacet
  facet normal 4.647302E-01 0.000000E+00 -8.854523E-01
    outer loop
      vertex 4.305085E+01 3.726548E+01 -5.945337E+01
      vertex 4.285874E+01 3.726548E+01 -5.955420E+01
      vertex 4.285874E+01 4.626548E+01 -5.955420E+01
    endloop
  endfacet
  facet normal 8.229858E-01 0.000000E+00 -5.680621E-01
    outer loop
      vertex 4.269634E+01 4.626548E+01 -5.969808E+01
      vertex 4.269634E+01 3.726548E+01 -5.969808E+01
      vertex 4.257309E+01 4.626548E+01 -5.987664E+01
    endloop
  endfacet
  facet normal 6.631188E-01 0.000000E+00 -7.485141E-01
    outer loop
      vertex 4.285874E+01 3.726548E+01 -5.955420E+01
      vertex 4.269634E+01 3.726548E+01 -5.969808E+01
      vertex 4.269634E+01 4.626548E+01 -5.969808E+01
    endloop
  endfacet
  facet normal 9.350134E-01 0.000000E+00 -3.546124E-01
    outer loop
      vertex 4.257309E+01 4.626548E+01 -5.987664E+01
      vertex 4.257309E+01 3.726548E+01 -5.987664E+01
      vertex 4.249615E+01 4.626548E+01 -6.007950E+01
    endloop
  endfacet
  facet normal 8.229858E-01 0.000000E+00 -5.680621E-01
    outer loop
      vertex 4.269634E+01 3.726548E+01 -5.969808E+01
      vertex 4.257309E+01 3.726548E+01 -5.987664E+01
      vertex 4.257309E+01 4.626548E+01 -5.987664E+01
    endloop
  endfacet
  facet normal 9.927104E-01 0.000000E+00 -1.205241E-01
    outer loop
      vertex 4.249615E+01 4.626548E+01 -6.007950E+01
      vertex 4.249615E+01 3.726548E+01 -6.007950E+01
      vertex 4.247000E+01 4.626548E+01 -6.029489E+01
    endloop
  endfacet
  facet normal 9.350134E-01 0.000000E+00 -3.546124E-01
    outer loop
      vertex 4.257309E+01 3.726548E+01 -5.987664E+01
      vertex 4.249615E+01 3.726548E+01 -6.007950E+01
      vertex 4.249615E+01 4.626548E+01 -6.007950E+01
    endloop
  endfacet
  facet normal 9.927104E-01 0.000000E+00 -1.205241E-01
    outer loop
      vertex 4.249615E+01 3.726548E+01 -6.007950E+01
      vertex 4.247000E+01 3.726548E+01 -6.029489E+01
      vertex 4.247000E+01 4.626548E+01 -6.029489E+01
    endloop
  endfacet
  facet normal 0.000000E+00 -1.000000E+00 0.000000E+00
    outer loop
      vertex 4.570000E+01 3.726548E+01 -5.439489E+01
      vertex 4.347848E+01 3.726548E+01 -5.940145E+01
      vertex 4.368914E+01 3.726548E+01 -5.945337E+01
    endloop
  endfacet
  facet normal 0.000000E+00 -1.000000E+00 0.000000E+00
    outer loop
      vertex 4.570000E+01 3.726548E+01 -5.439489E+01
      vertex 4.368914E+01 3.726548E+01 -5.945337E+01
      vertex 4.388126E+01 3.726548E+01 -5.955420E+01
    endloop
  endfacet
  facet normal 0.000000E+00 -1.000000E+00 0.000000E+00
    outer loop
      vertex 4.570000E+01 3.726548E+01 -5.439489E+01
      vertex 4.388126E+01 3.726548E+01 -5.955420E+01
      vertex 4.404366E+01 3.726548E+01 -5.969808E+01
    endloop
  endfacet
  facet normal 0.000000E+00 -1.000000E+00 0.000000E+00
    outer loop
      vertex 4.570000E+01 3.726548E+01 -5.439489E+01
      vertex 4.404366E+01 3.726548E+01 -5.969808E+01
      vertex 4.416691E+01 3.726548E+01 -5.987664E+01
    endloop
  endfacet
  facet normal 0.000000E+00 -1.000000E+00 0.000000E+00
    outer loop
      vertex 4.570000E+01 3.726548E+01 -5.439489E+01
      vertex 4.416691E+01 3.726548E+01 -5.987664E+01
      vertex 4.424385E+01 3.726548E+01 -6.007950E+01
    endloop
  endfacet
  facet normal 0.000000E+00 -1.000000E+00 0.000000E+00
    outer loop
      vertex 4.570000E+01 3.726548E+01 -5.439489E+01
      vertex 4.424385E+01 3.726548E+01 -6.007950E+01
      vertex 4.427000E+01 3.726548E+01 -6.029489E+01
    endloop
  endfacet
  facet normal -0.000000E+00 -1.000000E+00 0.000000E+00
    outer loop
      vertex 4.570000E+01 3.726548E+01 -5.439489E+01
      vertex 4.120000E+01 3.726548E+01 -5.439489E+01
      vertex 4.347848E+01 3.726548E+01 -5.940145E+01
    endloop
  endfacet
  facet normal 0.000000E+00 -1.000000E+00 0.000000E+00
    outer loop
      vertex 4.570000E+01 3.726548E+01 -6.639489E+01
      vertex 4.570000E+01 3.726548E+01 -5.439489E+01
      vertex 4.427000E+01 3.726548E+01 -6.029489E+01
    endloop
  endfacet
  facet normal 0.000000E+00 -1.000000E+00 0.000000E+00
    outer loop
      vertex 4.120000E+01 3.726548E+01 -5.439489E+01
      vertex 4.120000E+01 3.726548E+01 -6.639489E+01
      vertex 4.247000E+01 3.726548E+01 -6.029489E+01
    endloop
  endfacet
  facet normal 0.000000E+00 -1.000000E+00 -0.000000E+00
    outer loop
      vertex 4.262022E+01 3.726548E+01 -6.079271E+01
      vertex 4.120000E+01 3.726548E+01 -6.639489E+01
      vertex 4.275497E+01 3.726548E+01 -6.095195E+01
    endloop
  endfacet
  facet normal -0.000000E+00 -1.000000E+00 0.000000E+00
    outer loop
      vertex 4.292277E+01 3.726548E+01 -6.107590E+01
      vertex 4.275497E+01 3.726548E+01 -6.095195E+01
      vertex 4.120000E+01 3.726548E+01 -6.639489E+01
    endloop
  endfacet
  facet normal 0.000000E+00 -1.000000E+00 -0.000000E+00
    outer loop
      vertex 4.253784E+01 3.726548E+01 -6.063768E+01
      vertex 4.120000E+01 3.726548E+01 -6.639489E+01
      vertex 4.262022E+01 3.726548E+01 -6.079271E+01
    endloop
  endfacet
  facet normal -0.000000E+00 -1.000000E+00 0.000000E+00
    outer loop
      vertex 4.311460E+01 3.726548E+01 -6.115789E+01
      vertex 4.292277E+01 3.726548E+01 -6.107590E+01
      vertex 4.120000E+01 3.726548E+01 -6.639489E+01
    endloop
  endfacet
  facet normal 0.000000E+00 -1.000000E+00 -0.000000E+00
    outer loop
      vertex 4.248712E+01 3.726548E+01 -6.046960E+01
      vertex 4.120000E+01 3.726548E+01 -6.639489E+01
      vertex 4.253784E+01 3.726548E+01 -6.063768E+01
    endloop
  endfacet
  facet normal 0.000000E+00 -1.000000E+00 -0.000000E+00
    outer loop
      vertex 4.332015E+01 3.726548E+01 -6.119350E+01
      vertex 4.120000E+01 3.726548E+01 -6.639489E+01
      vertex 4.570000E+01 3.726548E+01 -6.639489E+01
    endloop
  endfacet
  facet normal -0.000000E+00 -1.000000E+00 0.000000E+00
    outer loop
      vertex 4.332015E+01 3.726548E+01 -6.119350E+01
      vertex 4.311460E+01 3.726548E+01 -6.115789E+01
      vertex 4.120000E+01 3.726548E+01 -6.639489E+01
    endloop
  endfacet
  facet normal 0.000000E+00 -1.000000E+00 -0.000000E+00
    outer loop
      vertex 4.247000E+01 3.726548E+01 -6.029489E+01
      vertex 4.120000E+01 3.726548E+01 -6.639489E+01
      vertex 4.248712E+01 3.726548E+01 -6.046960E+01
    endloop
  endfacet
  facet normal 0.000000E+00 -1.000000E+00 -0.000000E+00
    outer loop
      vertex 4.352838E+01 3.726548E+01 -6.118084E+01
      vertex 4.332015E+01 3.726548E+01 -6.119350E+01
      vertex 4.570000E+01 3.726548E+01 -6.639489E+01
    endloop
  endfacet
  facet normal 0.000000E+00 -1.000000E+00 -0.000000E+00
    outer loop
      vertex 4.372810E+01 3.726548E+01 -6.112057E+01
      vertex 4.352838E+01 3.726548E+01 -6.118084E+01
      vertex 4.570000E+01 3.726548E+01 -6.639489E+01
    endloop
  endfacet
  facet normal 0.000000E+00 -1.000000E+00 -0.000000E+00
    outer loop
      vertex 4.390858E+01 3.726548E+01 -6.101595E+01
      vertex 4.372810E+01 3.726548E+01 -6.112057E+01
      vertex 4.570000E+01 3.726548E+01 -6.639489E+01
    endloop
  endfacet
  facet normal 0.000000E+00 -1.000000E+00 -0.000000E+00
    outer loop
      vertex 4.406012E+01 3.726548E+01 -6.087258E+01
      vertex 4.390858E+01 3.726548E+01 -6.101595E+01
      vertex 4.570000E+01 3.726548E+01 -6.639489E+01
    endloop
  endfacet
  facet normal 0.000000E+00 -1.000000E+00 -0.000000E+00
    outer loop
      vertex 4.417459E+01 3.726548E+01 -6.069817E+01
      vertex 4.406012E+01 3.726548E+01 -6.087258E+01
      vertex 4.570000E+01 3.726548E+01 -6.639489E+01
    endloop
  endfacet
  facet normal 0.000000E+00 -1.000000E+00 -0.000000E+00
    outer loop
      vertex 4.424582E+01 3.726548E+01 -6.050209E+01
      vertex 4.417459E+01 3.726548E+01 -6.069817E+01
      vertex 4.570000E+01 3.726548E+01 -6.639489E+01
    endloop
  endfacet
  facet normal 0.000000E+00 -1.000000E+00 -0.000000E+00
    outer loop
      vertex 4.427000E+01 3.726548E+01 -6.029489E+01
      vertex 4.424582E+01 3.726548E+01 -6.050209E+01
      vertex 4.570000E+01 3.726548E+01 -6.639489E+01
    endloop
  endfacet
  facet normal 0.000000E+00 -1.000000E+00 0.000000E+00
    outer loop
      vertex 4.120000E+01 3.726548E+01 -5.439489E+01
      vertex 4.247000E+01 3.726548E+01 -6.029489E+01
      vertex 4.249615E+01 3.726548E+01 -6.007950E+01
    endloop
  endfacet
  facet normal 0.000000E+00 -1.000000E+00 0.000000E+00
    outer loop
      vertex 4.120000E+01 3.726548E+01 -5.439489E+01
      vertex 4.249615E+01 3.726548E+01 -6.007950E+01
      vertex 4.257309E+01 3.726548E+01 -5.987664E+01
    endloop
  endfacet
  facet normal 0.000000E+00 -1.000000E+00 0.000000E+00
    outer loop
      vertex 4.120000E+01 3.726548E+01 -5.439489E+01
      vertex 4.257309E+01 3.726548E+01 -5.987664E+01
      vertex 4.269634E+01 3.726548E+01 -5.969808E+01
    endloop
  endfacet
  facet normal 0.000000E+00 -1.000000E+00 0.000000E+00
    outer loop
      vertex 4.120000E+01 3.726548E+01 -5.439489E+01
      vertex 4.269634E+01 3.726548E+01 -5.969808E+01
      vertex 4.285874E+01 3.726548E+01 -5.955420E+01
    endloop
  endfacet
  facet normal 0.000000E+00 -1.000000E+00 0.000000E+00
    outer loop
      vertex 4.120000E+01 3.726548E+01 -5.439489E+01
      vertex 4.285874E+01 3.726548E+01 -5.955420E+01
      vertex 4.305085E+01 3.726548E+01 -5.945337E+01
    endloop
  endfacet
  facet normal 0.000000E+00 -1.000000E+00 0.000000E+00
    outer loop
      vertex 4.120000E+01 3.726548E+01 -5.439489E+01
      vertex 4.305085E+01 3.726548E+01 -5.945337E+01
      vertex 4.326152E+01 3.726548E+01 -5.940145E+01
    endloop
  endfacet
  facet normal 0.000000E+00 -1.000000E+00 0.000000E+00
    outer loop
      vertex 4.120000E+01 3.726548E+01 -5.439489E+01
      vertex 4.326152E+01 3.726548E+01 -5.940145E+01
      vertex 4.347848E+01 3.726548E+01 -5.940145E+01
    endloop
  endfacet
  facet normal -1.000000E+00 0.000000E+00 0.000000E+00
    outer loop
      vertex 4.120000E+01 3.726548E+01 -5.439489E+01
      vertex 4.120000E+01 4.626548E+01 -5.439489E+01
      vertex 4.120000E+01 4.626548E+01 -6.639489E+01
    endloop
  endfacet
  facet normal -1.000000E+00 0.000000E+00 0.000000E+00
    outer loop
      vertex 4.120000E+01 3.726548E+01 -5.439489E+01
      vertex 4.120000E+01 4.626548E+01 -6.639489E+01
      vertex 4.120000E+01 3.726548E+01 -6.639489E+01
    endloop
  endfacet
  facet normal 0.000000E+00 1.000000E+00 0.000000E+00
    outer loop
      vertex 4.570000E+01 4.626548E+01 -5.439489E+01
      vertex 4.427000E+01 4.626548E+01 -6.029489E+01
      vertex 4.424385E+01 4.626548E+01 -6.007950E+01
    endloop
  endfacet
  facet normal 0.000000E+00 1.000000E+00 0.000000E+00
    outer loop
      vertex 4.570000E+01 4.626548E+01 -5.439489E+01
      vertex 4.424385E+01 4.626548E+01 -6.007950E+01
      vertex 4.416691E+01 4.626548E+01 -5.987664E+01
    endloop
  endfacet
  facet normal 0.000000E+00 1.000000E+00 0.000000E+00
    outer loop
      vertex 4.570000E+01 4.626548E+01 -5.439489E+01
      vertex 4.416691E+01 4.626548E+01 -5.987664E+01
      vertex 4.404366E+01 4.626548E+01 -5.969808E+01
    endloop
  endfacet
  facet normal 0.000000E+00 1.000000E+00 0.000000E+00
    outer loop
      vertex 4.570000E+01 4.626548E+01 -5.439489E+01
      vertex 4.404366E+01 4.626548E+01 -5.969808E+01
      vertex 4.388126E+01 4.626548E+01 -5.955420E+01
    endloop
  endfacet
  facet normal 0.000000E+00 1.000000E+00 0.000000E+00
    outer loop
      vertex 4.570000E+01 4.626548E+01 -5.439489E+01
      vertex 4.388126E+01 4.626548E+01 -5.955420E+01
      vertex 4.368914E+01 4.626548E+01 -5.945337E+01
    endloop
  endfacet
  facet normal 0.000000E+00 1.000000E+00 0.000000E+00
    outer loop
      vertex 4.570000E+01 4.626548E+01 -5.439489E+01
      vertex 4.368914E+01 4.626548E+01 -5.945337E+01
      vertex 4.347848E+01 4.626548E+01 -5.940145E+01
    endloop
  endfacet
  facet normal -0.000000E+00 1.000000E+00 0.000000E+00
    outer loop
      vertex 4.390858E+01 4.626548E+01 -6.101595E+01
      vertex 4.406012E+01 4.626548E+01 -6.087258E+01
      vertex 4.570000E+01 4.626548E+01 -6.639489E+01
    endloop
  endfacet
  facet normal 0.000000E+00 1.000000E+00 0.000000E+00
    outer loop
      vertex 4.120000E+01 4.626548E+01 -5.439489E+01
      vertex 4.347848E+01 4.626548E+01 -5.940145E+01
      vertex 4.326152E+01 4.626548E+01 -5.940145E+01
    endloop
  endfacet
  facet normal 0.000000E+00 1.000000E+00 0.000000E+00
    outer loop
      vertex 4.120000E+01 4.626548E+01 -5.439489E+01
      vertex 4.326152E+01 4.626548E+01 -5.940145E+01
      vertex 4.305085E+01 4.626548E+01 -5.945337E+01
    endloop
  endfacet
  facet normal 0.000000E+00 1.000000E+00 0.000000E+00
    outer loop
      vertex 4.120000E+01 4.626548E+01 -5.439489E+01
      vertex 4.305085E+01 4.626548E+01 -5.945337E+01
      vertex 4.285874E+01 4.626548E+01 -5.955420E+01
    endloop
  endfacet
  facet normal 0.000000E+00 1.000000E+00 0.000000E+00
    outer loop
      vertex 4.417459E+01 4.626548E+01 -6.069817E+01
      vertex 4.570000E+01 4.626548E+01 -6.639489E+01
      vertex 4.406012E+01 4.626548E+01 -6.087258E+01
    endloop
  endfacet
  facet normal 0.000000E+00 1.000000E+00 0.000000E+00
    outer loop
      vertex 4.120000E+01 4.626548E+01 -5.439489E+01
      vertex 4.285874E+01 4.626548E+01 -5.955420E+01
      vertex 4.269634E+01 4.626548E+01 -5.969808E+01
    endloop
  endfacet
  facet normal 0.000000E+00 1.000000E+00 0.000000E+00
    outer loop
      vertex 4.120000E+01 4.626548E+01 -5.439489E+01
      vertex 4.269634E+01 4.626548E+01 -5.969808E+01
      vertex 4.257309E+01 4.626548E+01 -5.987664E+01
    endloop
  endfacet
  facet normal 0.000000E+00 1.000000E+00 0.000000E+00
    outer loop
      vertex 4.120000E+01 4.626548E+01 -5.439489E+01
      vertex 4.257309E+01 4.626548E+01 -5.987664E+01
      vertex 4.249615E+01 4.626548E+01 -6.007950E+01
    endloop
  endfacet
  facet normal 0.000000E+00 1.000000E+00 0.000000E+00
    outer loop
      vertex 4.120000E+01 4.626548E+01 -5.439489E+01
      vertex 4.249615E+01 4.626548E+01 -6.007950E+01
      vertex 4.247000E+01 4.626548E+01 -6.029489E+01
    endloop
  endfacet
  facet normal -0.000000E+00 1.000000E+00 0.000000E+00
    outer loop
      vertex 4.120000E+01 4.626548E+01 -5.439489E+01
      vertex 4.570000E+01 4.626548E+01 -5.439489E+01
      vertex 4.347848E+01 4.626548E+01 -5.940145E+01
    endloop
  endfacet
  facet normal -0.000000E+00 1.000000E+00 0.000000E+00
    outer loop
      vertex 4.372810E+01 4.626548E+01 -6.112057E+01
      vertex 4.390858E+01 4.626548E+01 -6.101595E+01
      vertex 4.570000E+01 4.626548E+01 -6.639489E+01
    endloop
  endfacet
  facet normal 0.000000E+00 1.000000E+00 0.000000E+00
    outer loop
      vertex 4.570000E+01 4.626548E+01 -5.439489E+01
      vertex 4.570000E+01 4.626548E+01 -6.639489E+01
      vertex 4.427000E+01 4.626548E+01 -6.029489E+01
    endloop
  endfacet
  facet normal 0.000000E+00 1.000000E+00 0.000000E+00
    outer loop
      vertex 4.120000E+01 4.626548E+01 -6.639489E+01
      vertex 4.120000E+01 4.626548E+01 -5.439489E+01
      vertex 4.247000E+01 4.626548E+01 -6.029489E+01
    endloop
  endfacet
  facet normal 0.000000E+00 1.000000E+00 0.000000E+00
    outer loop
      vertex 4.424582E+01 4.626548E+01 -6.050209E+01
      vertex 4.570000E+01 4.626548E+01 -6.639489E+01
      vertex 4.417459E+01 4.626548E+01 -6.069817E+01
    endloop
  endfacet
  facet normal -0.000000E+00 1.000000E+00 0.000000E+00
    outer loop
      vertex 4.352838E+01 4.626548E+01 -6.118084E+01
      vertex 4.372810E+01 4.626548E+01 -6.112057E+01
      vertex 4.570000E+01 4.626548E+01 -6.639489E+01
    endloop
  endfacet
  facet normal 0.000000E+00 1.000000E+00 0.000000E+00
    outer loop
      vertex 4.427000E+01 4.626548E+01 -6.029489E+01
      vertex 4.570000E+01 4.626548E+01 -6.639489E+01
      vertex 4.424582E+01 4.626548E+01 -6.050209E+01
    endloop
  endfacet
  facet normal 0.000000E+00 1.000000E+00 0.000000E+00
    outer loop
      vertex 4.332015E+01 4.626548E+01 -6.119350E+01
      vertex 4.570000E+01 4.626548E+01 -6.639489E+01
      vertex 4.120000E+01 4.626548E+01 -6.639489E+01
    endloop
  endfacet
  facet normal -0.000000E+00 1.000000E+00 0.000000E+00
    outer loop
      vertex 4.332015E+01 4.626548E+01 -6.119350E+01
      vertex 4.352838E+01 4.626548E+01 -6.118084E+01
      vertex 4.570000E+01 4.626548E+01 -6.639489E+01
    endloop
  endfacet
  facet normal 0.000000E+00 1.000000E+00 0.000000E+00
    outer loop
      vertex 4.311460E+01 4.626548E+01 -6.115789E+01
      vertex 4.332015E+01 4.626548E+01 -6.119350E+01
      vertex 4.120000E+01 4.626548E+01 -6.639489E+01
    endloop
  endfacet
  facet normal 0.000000E+00 1.000000E+00 0.000000E+00
    outer loop
      vertex 4.292277E+01 4.626548E+01 -6.107590E+01
      vertex 4.311460E+01 4.626548E+01 -6.115789E+01
      vertex 4.120000E+01 4.626548E+01 -6.639489E+01
    endloop
  endfacet
  facet normal 0.000000E+00 1.000000E+00 0.000000E+00
    outer loop
      vertex 4.275497E+01 4.626548E+01 -6.095195E+01
      vertex 4.292277E+01 4.626548E+01 -6.107590E+01
      vertex 4.120000E+01 4.626548E+01 -6.639489E+01
    endloop
  endfacet
  facet normal 0.000000E+00 1.000000E+00 0.000000E+00
    outer loop
      vertex 4.262022E+01 4.626548E+01 -6.079271E+01
      vertex 4.275497E+01 4.626548E+01 -6.095195E+01
      vertex 4.120000E+01 4.626548E+01 -6.639489E+01
    endloop
  endfacet
  facet normal 0.000000E+00 1.000000E+00 0.000000E+00
    outer loop
      vertex 4.253784E+01 4.626548E+01 -6.063768E+01
      vertex 4.262022E+01 4.626548E+01 -6.079271E+01
      vertex 4.120000E+01 4.626548E+01 -6.639489E+01
    endloop
  endfacet
  facet normal 0.000000E+00 1.000000E+00 0.000000E+00
    outer loop
      vertex 4.248712E+01 4.626548E+01 -6.046960E+01
      vertex 4.253784E+01 4.626548E+01 -6.063768E+01
      vertex 4.120000E+01 4.626548E+01 -6.639489E+01
    endloop
  endfacet
  facet normal 0.000000E+00 1.000000E+00 0.000000E+00
    outer loop
      vertex 4.247000E+01 4.626548E+01 -6.029489E+01
      vertex 4.248712E+01 4.626548E+01 -6.046960E+01
      vertex 4.120000E+01 4.626548E+01 -6.639489E+01
    endloop
  endfacet
  facet normal 0.000000E+00 0.000000E+00 1.000000E+00
    outer loop
      vertex 4.570000E+01 4.626548E+01 -5.439489E+01
      vertex 4.120000E+01 4.626548E+01 -5.439489E+01
      vertex 4.120000E+01 3.726548E+01 -5.439489E+01
    endloop
  endfacet
  facet normal 0.000000E+00 0.000000E+00 1.000000E+00
    outer loop
      vertex 4.570000E+01 4.626548E+01 -5.439489E+01
      vertex 4.120000E+01 3.726548E+01 -5.439489E+01
      vertex 4.570000E+01 3.726548E+01 -5.439489E+01
    endloop
  endfacet
  facet normal 1.000000E+00 0.000000E+00 0.000000E+00
    outer loop
      vertex 1.830000E+01 4.626548E+01 -5.439489E+01
      vertex 1.830000E+01 3.726548E+01 -5.439489E+01
      vertex 1.830000E+01 3.726548E+01 -6.639489E+01
    endloop
  endfacet
  facet normal 1.000000E+00 0.000000E+00 0.000000E+00
    outer loop
      vertex 1.830000E+01 4.626548E+01 -5.439489E+01
      vertex 1.830000E+01 3.726548E+01 -6.639489E+01
      vertex 1.830000E+01 4.626548E+01 -6.639489E+01
    endloop
  endfacet
  facet normal 0.000000E+00 -1.000000E+00 0.000000E+00
    outer loop
      vertex 1.830000E+01 3.726548E+01 -5.439489E+01
      vertex 1.602152E+01 3.726548E+01 -5.940145E+01
      vertex 1.623848E+01 3.726548E+01 -5.940145E+01
    endloop
  endfacet
  facet normal 0.000000E+00 -1.000000E+00 0.000000E+00
    outer loop
      vertex 1.830000E+01 3.726548E+01 -5.439489E+01
      vertex 1.623848E+01 3.726548E+01 -5.940145E+01
      vertex 1.644914E+01 3.726548E+01 -5.945337E+01
    endloop
  endfacet
  facet normal 0.000000E+00 -1.000000E+00 0.000000E+00
    outer loop
      vertex 1.830000E+01 3.726548E+01 -5.439489E+01
      vertex 1.644914E+01 3.726548E+01 -5.945337E+01
      vertex 1.664126E+01 3.726548E+01 -5.955420E+01
    endloop
  endfacet
  facet normal 0.000000E+00 -1.000000E+00 0.000000E+00
    outer loop
      vertex 1.830000E+01 3.726548E+01 -5.439489E+01
      vertex 1.664126E+01 3.726548E+01 -5.955420E+01
      vertex 1.680366E+01 3.726548E+01 -5.969808E+01
    endloop
  endfacet
  facet normal 0.000000E+00 -1.000000E+00 0.000000E+00
    outer loop
      vertex 1.830000E+01 3.726548E+01 -5.439489E+01
      vertex 1.680366E+01 3.726548E+01 -5.969808E+01
      vertex 1.692691E+01 3.726548E+01 -5.987664E+01
    endloop
  endfacet
  facet normal 0.000000E+00 -1.000000E+00 0.000000E+00
    outer loop
      vertex 1.830000E+01 3.726548E+01 -5.439489E+01
      vertex 1.692691E+01 3.726548E+01 -5.987664E+01
      vertex 1.700385E+01 3.726548E+01 -6.007950E+01
    endloop
  endfacet
  facet normal 0.000000E+00 -1.000000E+00 0.000000E+00
    outer loop
      vertex 1.830000E+01 3.726548E+01 -5.439489E+01
      vertex 1.700385E+01 3.726548E+01 -6.007950E+01
      vertex 1.703000E+01 3.726548E+01 -6.029489E+01
    endloop
  endfacet
  facet normal -0.000000E+00 -1.000000E+00 0.000000E+00
    outer loop
      vertex 1.830000E+01 3.726548E+01 -5.439489E+01
      vertex 1.380000E+01 3.726548E+01 -5.439489E+01
      vertex 1.602152E+01 3.726548E+01 -5.940145E+01
    endloop
  endfacet
  facet normal 0.000000E+00 -1.000000E+00 0.000000E+00
    outer loop
      vertex 1.380000E+01 3.726548E+01 -5.439489E+01
      vertex 1.380000E+01 3.726548E+01 -6.639489E+01
      vertex 1.523000E+01 3.726548E+01 -6.029489E+01
    endloop
  endfacet
  facet normal 0.000000E+00 -1.000000E+00 0.000000E+00
    outer loop
      vertex 1.830000E+01 3.726548E+01 -6.639489E+01
      vertex 1.830000E+01 3.726548E+01 -5.439489E+01
      vertex 1.703000E+01 3.726548E+01 -6.029489E+01
    endloop
  endfacet
  facet normal 0.000000E+00 -1.000000E+00 -0.000000E+00
    outer loop
      vertex 1.540244E+01 3.726548E+01 -6.082465E+01
      vertex 1.380000E+01 3.726548E+01 -6.639489E+01
      vertex 1.552871E+01 3.726548E+01 -6.096455E+01
    endloop
  endfacet
  facet normal -0.000000E+00 -1.000000E+00 0.000000E+00
    outer loop
      vertex 1.569741E+01 3.726548E+01 -6.108411E+01
      vertex 1.552871E+01 3.726548E+01 -6.096455E+01
      vertex 1.380000E+01 3.726548E+01 -6.639489E+01
    endloop
  endfacet
  facet normal 0.000000E+00 -1.000000E+00 -0.000000E+00
    outer loop
      vertex 1.530806E+01 3.726548E+01 -6.066152E+01
      vertex 1.380000E+01 3.726548E+01 -6.639489E+01
      vertex 1.540244E+01 3.726548E+01 -6.082465E+01
    endloop
  endfacet
  facet normal -0.000000E+00 -1.000000E+00 0.000000E+00
    outer loop
      vertex 1.588894E+01 3.726548E+01 -6.116200E+01
      vertex 1.569741E+01 3.726548E+01 -6.108411E+01
      vertex 1.380000E+01 3.726548E+01 -6.639489E+01
    endloop
  endfacet
  facet normal 0.000000E+00 -1.000000E+00 -0.000000E+00
    outer loop
      vertex 1.524973E+01 3.726548E+01 -6.048232E+01
      vertex 1.380000E+01 3.726548E+01 -6.639489E+01
      vertex 1.530806E+01 3.726548E+01 -6.066152E+01
    endloop
  endfacet
  facet normal 0.000000E+00 -1.000000E+00 -0.000000E+00
    outer loop
      vertex 1.609319E+01 3.726548E+01 -6.119413E+01
      vertex 1.380000E+01 3.726548E+01 -6.639489E+01
      vertex 1.830000E+01 3.726548E+01 -6.639489E+01
    endloop
  endfacet
  facet normal -0.000000E+00 -1.000000E+00 0.000000E+00
    outer loop
      vertex 1.609319E+01 3.726548E+01 -6.119413E+01
      vertex 1.588894E+01 3.726548E+01 -6.116200E+01
      vertex 1.380000E+01 3.726548E+01 -6.639489E+01
    endloop
  endfacet
  facet normal 0.000000E+00 -1.000000E+00 -0.000000E+00
    outer loop
      vertex 1.523000E+01 3.726548E+01 -6.029489E+01
      vertex 1.380000E+01 3.726548E+01 -6.639489E+01
      vertex 1.524973E+01 3.726548E+01 -6.048232E+01
    endloop
  endfacet
  facet normal 0.000000E+00 -1.000000E+00 -0.000000E+00
    outer loop
      vertex 1.629938E+01 3.726548E+01 -6.117881E+01
      vertex 1.609319E+01 3.726548E+01 -6.119413E+01
      vertex 1.830000E+01 3.726548E+01 -6.639489E+01
    endloop
  endfacet
  facet normal 0.000000E+00 -1.000000E+00 -0.000000E+00
    outer loop
      vertex 1.649663E+01 3.726548E+01 -6.111683E+01
      vertex 1.629938E+01 3.726548E+01 -6.117881E+01
      vertex 1.830000E+01 3.726548E+01 -6.639489E+01
    endloop
  endfacet
  facet normal 0.000000E+00 -1.000000E+00 -0.000000E+00
    outer loop
      vertex 1.667454E+01 3.726548E+01 -6.101146E+01
      vertex 1.649663E+01 3.726548E+01 -6.111683E+01
      vertex 1.830000E+01 3.726548E+01 -6.639489E+01
    endloop
  endfacet
  facet normal 0.000000E+00 -1.000000E+00 -0.000000E+00
    outer loop
      vertex 1.682370E+01 3.726548E+01 -6.086828E+01
      vertex 1.667454E+01 3.726548E+01 -6.101146E+01
      vertex 1.830000E+01 3.726548E+01 -6.639489E+01
    endloop
  endfacet
  facet normal 0.000000E+00 -1.000000E+00 -0.000000E+00
    outer loop
      vertex 1.693625E+01 3.726548E+01 -6.069484E+01
      vertex 1.682370E+01 3.726548E+01 -6.086828E+01
      vertex 1.830000E+01 3.726548E+01 -6.639489E+01
    endloop
  endfacet
  facet normal 0.000000E+00 -1.000000E+00 -0.000000E+00
    outer loop
      vertex 1.700625E+01 3.726548E+01 -6.050028E+01
      vertex 1.693625E+01 3.726548E+01 -6.069484E+01
      vertex 1.830000E+01 3.726548E+01 -6.639489E+01
    endloop
  endfacet
  facet normal 0.000000E+00 -1.000000E+00 -0.000000E+00
    outer loop
      vertex 1.703000E+01 3.726548E+01 -6.029489E+01
      vertex 1.700625E+01 3.726548E+01 -6.050028E+01
      vertex 1.830000E+01 3.726548E+01 -6.639489E+01
    endloop
  endfacet
  facet normal 0.000000E+00 -1.000000E+00 0.000000E+00
    outer loop
      vertex 1.380000E+01 3.726548E+01 -5.439489E+01
      vertex 1.523000E+01 3.726548E+01 -6.029489E+01
      vertex 1.525615E+01 3.726548E+01 -6.007950E+01
    endloop
  endfacet
  facet normal 0.000000E+00 -1.000000E+00 0.000000E+00
    outer loop
      vertex 1.380000E+01 3.726548E+01 -5.439489E+01
      vertex 1.525615E+01 3.726548E+01 -6.007950E+01
      vertex 1.533309E+01 3.726548E+01 -5.987664E+01
    endloop
  endfacet
  facet normal 0.000000E+00 -1.000000E+00 0.000000E+00
    outer loop
      vertex 1.380000E+01 3.726548E+01 -5.439489E+01
      vertex 1.533309E+01 3.726548E+01 -5.987664E+01
      vertex 1.545634E+01 3.726548E+01 -5.969808E+01
    endloop
  endfacet
  facet normal 0.000000E+00 -1.000000E+00 0.000000E+00
    outer loop
      vertex 1.380000E+01 3.726548E+01 -5.439489E+01
      vertex 1.545634E+01 3.726548E+01 -5.969808E+01
      vertex 1.561874E+01 3.726548E+01 -5.955420E+01
    endloop
  endfacet
  facet normal 0.000000E+00 -1.000000E+00 0.000000E+00
    outer loop
      vertex 1.380000E+01 3.726548E+01 -5.439489E+01
      vertex 1.561874E+01 3.726548E+01 -5.955420E+01
      vertex 1.581086E+01 3.726548E+01 -5.945337E+01
    endloop
  endfacet
  facet normal 0.000000E+00 -1.000000E+00 0.000000E+00
    outer loop
      vertex 1.380000E+01 3.726548E+01 -5.439489E+01
      vertex 1.581086E+01 3.726548E+01 -5.945337E+01
      vertex 1.602152E+01 3.726548E+01 -5.940145E+01
    endloop
  endfacet
  facet normal -0.000000E+00 1.000000E+00 0.000000E+00
    outer loop
      vertex 1.667454E+01 4.626548E+01 -6.101146E+01
      vertex 1.682370E+01 4.626548E+01 -6.086828E+01
      vertex 1.830000E+01 4.626548E+01 -6.639489E+01
    endloop
  endfacet
  facet normal 0.000000E+00 1.000000E+00 0.000000E+00
    outer loop
      vertex 1.830000E+01 4.626548E+01 -5.439489E+01
      vertex 1.703000E+01 4.626548E+01 -6.029489E+01
      vertex 1.700385E+01 4.626548E+01 -6.007950E+01
    endloop
  endfacet
  facet normal 0.000000E+00 1.000000E+00 0.000000E+00
    outer loop
      vertex 1.830000E+01 4.626548E+01 -5.439489E+01
      vertex 1.700385E+01 4.626548E+01 -6.007950E+01
      vertex 1.692691E+01 4.626548E+01 -5.987664E+01
    endloop
  endfacet
  facet normal 0.000000E+00 1.000000E+00 0.000000E+00
    outer loop
      vertex 1.830000E+01 4.626548E+01 -5.439489E+01
      vertex 1.692691E+01 4.626548E+01 -5.987664E+01
      vertex 1.680366E+01 4.626548E+01 -5.969808E+01
    endloop
  endfacet
  facet normal 0.000000E+00 1.000000E+00 0.000000E+00
    outer loop
      vertex 1.830000E+01 4.626548E+01 -5.439489E+01
      vertex 1.680366E+01 4.626548E+01 -5.969808E+01
      vertex 1.664126E+01 4.626548E+01 -5.955420E+01
    endloop
  endfacet
  facet normal 0.000000E+00 1.000000E+00 0.000000E+00
    outer loop
      vertex 1.830000E+01 4.626548E+01 -5.439489E+01
      vertex 1.664126E+01 4.626548E+01 -5.955420E+01
      vertex 1.644914E+01 4.626548E+01 -5.945337E+01
    endloop
  endfacet
  facet normal 0.000000E+00 1.000000E+00 0.000000E+00
    outer loop
      vertex 1.693625E+01 4.626548E+01 -6.069484E+01
      vertex 1.830000E+01 4.626548E+01 -6.639489E+01
      vertex 1.682370E+01 4.626548E+01 -6.086828E+01
    endloop
  endfacet
  facet normal 0.000000E+00 1.000000E+00 0.000000E+00
    outer loop
      vertex 1.830000E+01 4.626548E+01 -5.439489E+01
      vertex 1.644914E+01 4.626548E+01 -5.945337E+01
      vertex 1.623848E+01 4.626548E+01 -5.940145E+01
    endloop
  endfacet
  facet normal 0.000000E+00 1.000000E+00 0.000000E+00
    outer loop
      vertex 1.830000E+01 4.626548E+01 -5.439489E+01
      vertex 1.623848E+01 4.626548E+01 -5.940145E+01
      vertex 1.602152E+01 4.626548E+01 -5.940145E+01
    endloop
  endfacet
  facet normal -0.000000E+00 1.000000E+00 0.000000E+00
    outer loop
      vertex 1.649663E+01 4.626548E+01 -6.111683E+01
      vertex 1.667454E+01 4.626548E+01 -6.101146E+01
      vertex 1.830000E+01 4.626548E+01 -6.639489E+01
    endloop
  endfacet
  facet normal 0.000000E+00 1.000000E+00 0.000000E+00
    outer loop
      vertex 1.380000E+01 4.626548E+01 -5.439489E+01
      vertex 1.602152E+01 4.626548E+01 -5.940145E+01
      vertex 1.581086E+01 4.626548E+01 -5.945337E+01
    endloop
  endfacet
  facet normal 0.000000E+00 1.000000E+00 0.000000E+00
    outer loop
      vertex 1.380000E+01 4.626548E+01 -5.439489E+01
      vertex 1.581086E+01 4.626548E+01 -5.945337E+01
      vertex 1.561874E+01 4.626548E+01 -5.955420E+01
    endloop
  endfacet
  facet normal 0.000000E+00 1.000000E+00 0.000000E+00
    outer loop
      vertex 1.380000E+01 4.626548E+01 -5.439489E+01
      vertex 1.561874E+01 4.626548E+01 -5.955420E+01
      vertex 1.545634E+01 4.626548E+01 -5.969808E+01
    endloop
  endfacet
  facet normal 0.000000E+00 1.000000E+00 0.000000E+00
    outer loop
      vertex 1.380000E+01 4.626548E+01 -5.439489E+01
      vertex 1.545634E+01 4.626548E+01 -5.969808E+01
      vertex 1.533309E+01 4.626548E+01 -5.987664E+01
    endloop
  endfacet
  facet normal 0.000000E+00 1.000000E+00 0.000000E+00
    outer loop
      vertex 1.380000E+01 4.626548E+01 -5.439489E+01
      vertex 1.533309E+01 4.626548E+01 -5.987664E+01
      vertex 1.525615E+01 4.626548E+01 -6.007950E+01
    endloop
  endfacet
  facet normal 0.000000E+00 1.000000E+00 0.000000E+00
    outer loop
      vertex 1.700625E+01 4.626548E+01 -6.050028E+01
      vertex 1.830000E+01 4.626548E+01 -6.639489E+01
      vertex 1.693625E+01 4.626548E+01 -6.069484E+01
    endloop
  endfacet
  facet normal 0.000000E+00 1.000000E+00 0.000000E+00
    outer loop
      vertex 1.380000E+01 4.626548E+01 -5.439489E+01
      vertex 1.525615E+01 4.626548E+01 -6.007950E+01
      vertex 1.523000E+01 4.626548E+01 -6.029489E+01
    endloop
  endfacet
  facet normal -0.000000E+00 1.000000E+00 0.000000E+00
    outer loop
      vertex 1.380000E+01 4.626548E+01 -5.439489E+01
      vertex 1.830000E+01 4.626548E+01 -5.439489E+01
      vertex 1.602152E+01 4.626548E+01 -5.940145E+01
    endloop
  endfacet
  facet normal 0.000000E+00 1.000000E+00 0.000000E+00
    outer loop
      vertex 1.380000E+01 4.626548E+01 -6.639489E+01
      vertex 1.380000E+01 4.626548E+01 -5.439489E+01
      vertex 1.523000E+01 4.626548E+01 -6.029489E+01
    endloop
  endfacet
  facet normal 0.000000E+00 1.000000E+00 0.000000E+00
    outer loop
      vertex 1.830000E+01 4.626548E+01 -5.439489E+01
      vertex 1.830000E+01 4.626548E+01 -6.639489E+01
      vertex 1.703000E+01 4.626548E+01 -6.029489E+01
    endloop
  endfacet
  facet normal -0.000000E+00 1.000000E+00 0.000000E+00
    outer loop
      vertex 1.629938E+01 4.626548E+01 -6.117881E+01
      vertex 1.649663E+01 4.626548E+01 -6.111683E+01
      vertex 1.830000E+01 4.626548E+01 -6.639489E+01
    endloop
  endfacet
  facet normal 0.000000E+00 1.000000E+00 0.000000E+00
    outer loop
      vertex 1.703000E+01 4.626548E+01 -6.029489E+01
      vertex 1.830000E+01 4.626548E+01 -6.639489E+01
      vertex 1.700625E+01 4.626548E+01 -6.050028E+01
    endloop
  endfacet
  facet normal 0.000000E+00 1.000000E+00 0.000000E+00
    outer loop
      vertex 1.609319E+01 4.626548E+01 -6.119413E+01
      vertex 1.830000E+01 4.626548E+01 -6.639489E+01
      vertex 1.380000E+01 4.626548E+01 -6.639489E+01
    endloop
  endfacet
  facet normal -0.000000E+00 1.000000E+00 0.000000E+00
    outer loop
      vertex 1.609319E+01 4.626548E+01 -6.119413E+01
      vertex 1.629938E+01 4.626548E+01 -6.117881E+01
      vertex 1.830000E+01 4.626548E+01 -6.639489E+01
    endloop
  endfacet
  facet normal 0.000000E+00 1.000000E+00 0.000000E+00
    outer loop
      vertex 1.588894E+01 4.626548E+01 -6.116200E+01
      vertex 1.609319E+01 4.626548E+01 -6.119413E+01
      vertex 1.380000E+01 4.626548E+01 -6.639489E+01
    endloop
  endfacet
  facet normal 0.000000E+00 1.000000E+00 0.000000E+00
    outer loop
      vertex 1.569741E+01 4.626548E+01 -6.108411E+01
      vertex 1.588894E+01 4.626548E+01 -6.116200E+01
      vertex 1.380000E+01 4.626548E+01 -6.639489E+01
    endloop
  endfacet
  facet normal 0.000000E+00 1.000000E+00 0.000000E+00
    outer loop
      vertex 1.552871E+01 4.626548E+01 -6.096455E+01
      vertex 1.569741E+01 4.626548E+01 -6.108411E+01
      vertex 1.380000E+01 4.626548E+01 -6.639489E+01
    endloop
  endfacet
  facet normal 0.000000E+00 1.000000E+00 0.000000E+00
    outer loop
      vertex 1.540244E+01 4.626548E+01 -6.082465E+01
      vertex 1.552871E+01 4.626548E+01 -6.096455E+01
      vertex 1.380000E+01 4.626548E+01 -6.639489E+01
    endloop
  endfacet
  facet normal 0.000000E+00 1.000000E+00 0.000000E+00
    outer loop
      vertex 1.530806E+01 4.626548E+01 -6.066152E+01
      vertex 1.540244E+01 4.626548E+01 -6.082465E+01
      vertex 1.380000E+01 4.626548E+01 -6.639489E+01
    endloop
  endfacet
  facet normal 0.000000E+00 1.000000E+00 0.000000E+00
    outer loop
      vertex 1.524973E+01 4.626548E+01 -6.048232E+01
      vertex 1.530806E+01 4.626548E+01 -6.066152E+01
      vertex 1.380000E+01 4.626548E+01 -6.639489E+01
    endloop
  endfacet
  facet normal 0.000000E+00 1.000000E+00 0.000000E+00
    outer loop
      vertex 1.523000E+01 4.626548E+01 -6.029489E+01
      vertex 1.524973E+01 4.626548E+01 -6.048232E+01
      vertex 1.380000E+01 4.626548E+01 -6.639489E+01
    endloop
  endfacet
  facet normal 0.000000E+00 0.000000E+00 1.000000E+00
    outer loop
      vertex 1.380000E+01 4.626548E+01 -5.439489E+01
      vertex 1.380000E+01 3.726548E+01 -5.439489E+01
      vertex 1.830000E+01 3.726548E+01 -5.439489E+01
    endloop
  endfacet
  facet normal 0.000000E+00 0.000000E+00 1.000000E+00
    outer loop
      vertex 1.830000E+01 4.626548E+01 -5.439489E+01
      vertex 1.380000E+01 4.626548E+01 -5.439489E+01
      vertex 1.830000E+01 3.726548E+01 -5.439489E+01
    endloop
  endfacet
  facet normal 0.000000E+00 8.660253E-01 -5.000002E-01
    outer loop
      vertex 6.700000E+01 2.152418E+01 -6.074489E+01
      vertex 6.840000E+01 2.028288E+01 -6.289489E+01
      vertex 6.700000E+01 2.028288E+01 -6.289489E+01
    endloop
  endfacet
  facet normal 0.000000E+00 8.660253E-01 -5.000002E-01
    outer loop
      vertex 6.840000E+01 2.152418E+01 -6.074489E+01
      vertex 6.840000E+01 2.028288E+01 -6.289489E+01
      vertex 6.700000E+01 2.152418E+01 -6.074489E+01
    endloop
  endfacet
  facet normal 0.000000E+00 0.000000E+00 -1.000000E+00
    outer loop
      vertex 6.700000E+01 2.400679E+01 -6.074489E+01
      vertex 6.840000E+01 2.152418E+01 -6.074489E+01
      vertex 6.700000E+01 2.152418E+01 -6.074489E+01
    endloop
  endfacet
  facet normal -0.000000E+00 -0.000000E+00 -1.000000E+00
    outer loop
      vertex 6.840000E+01 2.400679E+01 -6.074489E+01
      vertex 6.840000E+01 2.152418E+01 -6.074489E+01
      vertex 6.700000E+01 2.400679E+01 -6.074489E+01
    endloop
  endfacet
  facet normal 0.000000E+00 -8.660253E-01 -5.000002E-01
    outer loop
      vertex 6.700000E+01 2.524809E+01 -6.289489E+01
      vertex 6.840000E+01 2.400679E+01 -6.074489E+01
      vertex 6.700000E+01 2.400679E+01 -6.074489E+01
    endloop
  endfacet
  facet normal -0.000000E+00 -8.660253E-01 -5.000002E-01
    outer loop
      vertex 6.840000E+01 2.524809E+01 -6.289489E+01
      vertex 6.840000E+01 2.400679E+01 -6.074489E+01
      vertex 6.700000E+01 2.524809E+01 -6.289489E+01
    endloop
  endfacet
  facet normal 0.000000E+00 -8.660253E-01 5.000002E-01
    outer loop
      vertex 6.700000E+01 2.400679E+01 -6.504488E+01
      vertex 6.840000E+01 2.524809E+01 -6.289489E+01
      vertex 6.700000E+01 2.524809E+01 -6.289489E+01
    endloop
  endfacet
  facet normal 0.000000E+00 -8.660253E-01 5.000002E-01
    outer loop
      vertex 6.840000E+01 2.400679E+01 -6.504488E+01
      vertex 6.840000E+01 2.524809E+01 -6.289489E+01
      vertex 6.700000E+01 2.400679E+01 -6.504488E+01
    endloop
  endfacet
  facet normal 0.000000E+00 0.000000E+00 1.000000E+00
    outer loop
      vertex 6.700000E+01 2.152418E+01 -6.504488E+01
      vertex 6.840000E+01 2.152418E+01 -6.504488E+01
      vertex 6.700000E+01 2.165812E+01 -6.504488E+01
    endloop
  endfacet
  facet normal 0.000000E+00 0.000000E+00 1.000000E+00
    outer loop
      vertex 6.700000E+01 2.165812E+01 -6.504488E+01
      vertex 6.840000E+01 2.400679E+01 -6.504488E+01
      vertex 6.700000E+01 2.400679E+01 -6.504488E+01
    endloop
  endfacet
  facet normal 0.000000E+00 -0.000000E+00 1.000000E+00
    outer loop
      vertex 6.840000E+01 2.152418E+01 -6.504488E+01
      vertex 6.840000E+01 2.400679E+01 -6.504488E+01
      vertex 6.700000E+01 2.165812E+01 -6.504488E+01
    endloop
  endfacet
  facet normal 0.000000E+00 8.660257E-01 4.999995E-01
    outer loop
      vertex 6.840000E+01 2.028288E+01 -6.289489E+01
      vertex 6.700000E+01 2.134121E+01 -6.472797E+01
      vertex 6.700000E+01 2.028288E+01 -6.289489E+01
    endloop
  endfacet
  facet normal 0.000000E+00 8.660229E-01 5.000043E-01
    outer loop
      vertex 6.700000E+01 2.134121E+01 -6.472797E+01
      vertex 6.840000E+01 2.152418E+01 -6.504488E+01
      vertex 6.700000E+01 2.152418E+01 -6.504488E+01
    endloop
  endfacet
  facet normal -1.234743E-06 8.660253E-01 5.000002E-01
    outer loop
      vertex 6.840000E+01 2.028288E+01 -6.289489E+01
      vertex 6.840000E+01 2.152418E+01 -6.504488E+01
      vertex 6.700000E+01 2.134121E+01 -6.472797E+01
    endloop
  endfacet
  facet normal -1.000000E+00 0.000000E+00 0.000000E+00
    outer loop
      vertex 6.840000E+01 2.341599E+01 -6.390327E+01
      vertex 6.840000E+01 2.364481E+01 -6.371145E+01
      vertex 6.840000E+01 2.400679E+01 -6.504488E+01
    endloop
  endfacet
  facet normal -1.000000E+00 0.000000E+00 0.000000E+00
    outer loop
      vertex 6.840000E+01 2.381919E+01 -6.346908E+01
      vertex 6.840000E+01 2.524809E+01 -6.289489E+01
      vertex 6.840000E+01 2.400679E+01 -6.504488E+01
    endloop
  endfacet
  facet normal -1.000000E+00 0.000000E+00 -0.000000E+00
    outer loop
      vertex 6.840000E+01 2.381919E+01 -6.346908E+01
      vertex 6.840000E+01 2.400679E+01 -6.504488E+01
      vertex 6.840000E+01 2.364481E+01 -6.371145E+01
    endloop
  endfacet
  facet normal -1.000000E+00 0.000000E+00 0.000000E+00
    outer loop
      vertex 6.840000E+01 2.315970E+01 -6.402828E+01
      vertex 6.840000E+01 2.341599E+01 -6.390327E+01
      vertex 6.840000E+01 2.400679E+01 -6.504488E+01
    endloop
  endfacet
  facet normal -1.000000E+00 0.000000E+00 -0.000000E+00
    outer loop
      vertex 6.840000E+01 2.392834E+01 -6.319115E+01
      vertex 6.840000E+01 2.524809E+01 -6.289489E+01
      vertex 6.840000E+01 2.381919E+01 -6.346908E+01
    endloop
  endfacet
  facet normal -1.000000E+00 0.000000E+00 0.000000E+00
    outer loop
      vertex 6.840000E+01 2.288115E+01 -6.408930E+01
      vertex 6.840000E+01 2.315970E+01 -6.402828E+01
      vertex 6.840000E+01 2.400679E+01 -6.504488E+01
    endloop
  endfacet
  facet normal -1.000000E+00 0.000000E+00 -0.000000E+00
    outer loop
      vertex 6.840000E+01 2.396548E+01 -6.289489E+01
      vertex 6.840000E+01 2.524809E+01 -6.289489E+01
      vertex 6.840000E+01 2.392834E+01 -6.319115E+01
    endloop
  endfacet
  facet normal -1.000000E+00 0.000000E+00 0.000000E+00
    outer loop
      vertex 6.840000E+01 2.152418E+01 -6.504488E+01
      vertex 6.840000E+01 2.259607E+01 -6.408287E+01
      vertex 6.840000E+01 2.288115E+01 -6.408930E+01
    endloop
  endfacet
  facet normal -1.000000E+00 0.000000E+00 0.000000E+00
    outer loop
      vertex 6.840000E+01 2.152418E+01 -6.504488E+01
      vertex 6.840000E+01 2.288115E+01 -6.408930E+01
      vertex 6.840000E+01 2.400679E+01 -6.504488E+01
    endloop
  endfacet
  facet normal -1.000000E+00 0.000000E+00 0.000000E+00
    outer loop
      vertex 6.840000E+01 2.393061E+01 -6.260771E+01
      vertex 6.840000E+01 2.524809E+01 -6.289489E+01
      vertex 6.840000E+01 2.396548E+01 -6.289489E+01
    endloop
  endfacet
  facet normal -1.000000E+00 0.000000E+00 -0.000000E+00
    outer loop
      vertex 6.840000E+01 2.232055E+01 -6.400935E+01
      vertex 6.840000E+01 2.259607E+01 -6.408287E+01
      vertex 6.840000E+01 2.152418E+01 -6.504488E+01
    endloop
  endfacet
  facet normal -1.000000E+00 0.000000E+00 0.000000E+00
    outer loop
      vertex 6.840000E+01 2.382803E+01 -6.233722E+01
      vertex 6.840000E+01 2.524809E+01 -6.289489E+01
      vertex 6.840000E+01 2.393061E+01 -6.260771E+01
    endloop
  endfacet
  facet normal -1.000000E+00 0.000000E+00 -0.000000E+00
    outer loop
      vertex 6.840000E+01 2.207016E+01 -6.387291E+01
      vertex 6.840000E+01 2.232055E+01 -6.400935E+01
      vertex 6.840000E+01 2.152418E+01 -6.504488E+01
    endloop
  endfacet
  facet normal -1.000000E+00 0.000000E+00 -0.000000E+00
    outer loop
      vertex 6.840000E+01 2.185904E+01 -6.368124E+01
      vertex 6.840000E+01 2.207016E+01 -6.387291E+01
      vertex 6.840000E+01 2.152418E+01 -6.504488E+01
    endloop
  endfacet
  facet normal -1.000000E+00 0.000000E+00 -0.000000E+00
    outer loop
      vertex 6.840000E+01 2.169909E+01 -6.344517E+01
      vertex 6.840000E+01 2.185904E+01 -6.368124E+01
      vertex 6.840000E+01 2.152418E+01 -6.504488E+01
    endloop
  endfacet
  facet normal -1.000000E+00 0.000000E+00 0.000000E+00
    outer loop
      vertex 6.840000E+01 2.400679E+01 -6.074489E+01
      vertex 6.840000E+01 2.344716E+01 -6.190731E+01
      vertex 6.840000E+01 2.319101E+01 -6.177287E+01
    endloop
  endfacet
  facet normal -1.000000E+00 0.000000E+00 0.000000E+00
    outer loop
      vertex 6.840000E+01 2.400679E+01 -6.074489E+01
      vertex 6.840000E+01 2.366370E+01 -6.209914E+01
      vertex 6.840000E+01 2.344716E+01 -6.190731E+01
    endloop
  endfacet
  facet normal -1.000000E+00 0.000000E+00 0.000000E+00
    outer loop
      vertex 6.840000E+01 2.400679E+01 -6.074489E+01
      vertex 6.840000E+01 2.382803E+01 -6.233722E+01
      vertex 6.840000E+01 2.366370E+01 -6.209914E+01
    endloop
  endfacet
  facet normal -1.000000E+00 0.000000E+00 -0.000000E+00
    outer loop
      vertex 6.840000E+01 2.400679E+01 -6.074489E+01
      vertex 6.840000E+01 2.524809E+01 -6.289489E+01
      vertex 6.840000E+01 2.382803E+01 -6.233722E+01
    endloop
  endfacet
  facet normal -1.000000E+00 0.000000E+00 0.000000E+00
    outer loop
      vertex 6.840000E+01 2.291013E+01 -6.170364E+01
      vertex 6.840000E+01 2.400679E+01 -6.074489E+01
      vertex 6.840000E+01 2.319101E+01 -6.177287E+01
    endloop
  endfacet
  facet normal -1.000000E+00 0.000000E+00 0.000000E+00
    outer loop
      vertex 6.840000E+01 2.028288E+01 -6.289489E+01
      vertex 6.840000E+01 2.159936E+01 -6.317802E+01
      vertex 6.840000E+01 2.169909E+01 -6.344517E+01
    endloop
  endfacet
  facet normal -1.000000E+00 0.000000E+00 0.000000E+00
    outer loop
      vertex 6.840000E+01 2.028288E+01 -6.289489E+01
      vertex 6.840000E+01 2.156548E+01 -6.289489E+01
      vertex 6.840000E+01 2.159936E+01 -6.317802E+01
    endloop
  endfacet
  facet normal -1.000000E+00 0.000000E+00 0.000000E+00
    outer loop
      vertex 6.840000E+01 2.028288E+01 -6.289489E+01
      vertex 6.840000E+01 2.160035E+01 -6.260771E+01
      vertex 6.840000E+01 2.156548E+01 -6.289489E+01
    endloop
  endfacet
  facet normal -1.000000E+00 0.000000E+00 0.000000E+00
    outer loop
      vertex 6.840000E+01 2.028288E+01 -6.289489E+01
      vertex 6.840000E+01 2.170294E+01 -6.233722E+01
      vertex 6.840000E+01 2.160035E+01 -6.260771E+01
    endloop
  endfacet
  facet normal -1.000000E+00 0.000000E+00 0.000000E+00
    outer loop
      vertex 6.840000E+01 2.028288E+01 -6.289489E+01
      vertex 6.840000E+01 2.169909E+01 -6.344517E+01
      vertex 6.840000E+01 2.152418E+01 -6.504488E+01
    endloop
  endfacet
  facet normal -1.000000E+00 0.000000E+00 0.000000E+00
    outer loop
      vertex 6.840000E+01 2.152418E+01 -6.074489E+01
      vertex 6.840000E+01 2.186727E+01 -6.209914E+01
      vertex 6.840000E+01 2.170294E+01 -6.233722E+01
    endloop
  endfacet
  facet normal -1.000000E+00 0.000000E+00 0.000000E+00
    outer loop
      vertex 6.840000E+01 2.152418E+01 -6.074489E+01
      vertex 6.840000E+01 2.208381E+01 -6.190731E+01
      vertex 6.840000E+01 2.186727E+01 -6.209914E+01
    endloop
  endfacet
  facet normal -1.000000E+00 0.000000E+00 0.000000E+00
    outer loop
      vertex 6.840000E+01 2.152418E+01 -6.074489E+01
      vertex 6.840000E+01 2.233996E+01 -6.177287E+01
      vertex 6.840000E+01 2.208381E+01 -6.190731E+01
    endloop
  endfacet
  facet normal -1.000000E+00 0.000000E+00 0.000000E+00
    outer loop
      vertex 6.840000E+01 2.152418E+01 -6.074489E+01
      vertex 6.840000E+01 2.262084E+01 -6.170364E+01
      vertex 6.840000E+01 2.233996E+01 -6.177287E+01
    endloop
  endfacet
  facet normal -1.000000E+00 0.000000E+00 0.000000E+00
    outer loop
      vertex 6.840000E+01 2.152418E+01 -6.074489E+01
      vertex 6.840000E+01 2.291013E+01 -6.170364E+01
      vertex 6.840000E+01 2.262084E+01 -6.170364E+01
    endloop
  endfacet
  facet normal -1.000000E+00 0.000000E+00 0.000000E+00
    outer loop
      vertex 6.840000E+01 2.152418E+01 -6.074489E+01
      vertex 6.840000E+01 2.400679E+01 -6.074489E+01
      vertex 6.840000E+01 2.291013E+01 -6.170364E+01
    endloop
  endfacet
  facet normal -1.000000E+00 0.000000E+00 -0.000000E+00
    outer loop
      vertex 6.840000E+01 2.152418E+01 -6.074489E+01
      vertex 6.840000E+01 2.170294E+01 -6.233722E+01
      vertex 6.840000E+01 2.028288E+01 -6.289489E+01
    endloop
  endfacet
  facet normal 1.000000E+00 0.000000E+00 0.000000E+00
    outer loop
      vertex 6.700000E+01 2.165812E+01 -6.504488E+01
      vertex 6.700000E+01 2.134121E+01 -6.472797E+01
      vertex 6.700000E+01 2.152418E+01 -6.504488E+01
    endloop
  endfacet
  facet normal 0.000000E+00 8.660253E-01 -5.000002E-01
    outer loop
      vertex 6.700000E+01 4.852418E+01 -6.074489E+01
      vertex 6.840000E+01 4.728288E+01 -6.289489E+01
      vertex 6.700000E+01 4.728288E+01 -6.289489E+01
    endloop
  endfacet
  facet normal 0.000000E+00 8.660253E-01 -5.000002E-01
    outer loop
      vertex 6.840000E+01 4.852418E+01 -6.074489E+01
      vertex 6.840000E+01 4.728288E+01 -6.289489E+01
      vertex 6.700000E+01 4.852418E+01 -6.074489E+01
    endloop
  endfacet
  facet normal 0.000000E+00 0.000000E+00 -1.000000E+00
    outer loop
      vertex 6.700000E+01 5.100679E+01 -6.074489E+01
      vertex 6.840000E+01 4.852418E+01 -6.074489E+01
      vertex 6.700000E+01 4.852418E+01 -6.074489E+01
    endloop
  endfacet
  facet normal -0.000000E+00 -0.000000E+00 -1.000000E+00
    outer loop
      vertex 6.840000E+01 5.100679E+01 -6.074489E+01
      vertex 6.840000E+01 4.852418E+01 -6.074489E+01
      vertex 6.700000E+01 5.100679E+01 -6.074489E+01
    endloop
  endfacet
  facet normal 0.000000E+00 -8.660253E-01 -5.000002E-01
    outer loop
      vertex 6.700000E+01 5.224809E+01 -6.289489E+01
      vertex 6.840000E+01 5.100679E+01 -6.074489E+01
      vertex 6.700000E+01 5.100679E+01 -6.074489E+01
    endloop
  endfacet
  facet normal -0.000000E+00 -8.660253E-01 -5.000002E-01
    outer loop
      vertex 6.840000E+01 5.224809E+01 -6.289489E+01
      vertex 6.840000E+01 5.100679E+01 -6.074489E+01
      vertex 6.700000E+01 5.224809E+01 -6.289489E+01
    endloop
  endfacet
  facet normal 0.000000E+00 -8.660253E-01 5.000002E-01
    outer loop
      vertex 6.700000E+01 5.100679E+01 -6.504488E+01
      vertex 6.840000E+01 5.224809E+01 -6.289489E+01
      vertex 6.700000E+01 5.224809E+01 -6.289489E+01
    endloop
  endfacet
  facet normal 0.000000E+00 -8.660253E-01 5.000002E-01
    outer loop
      vertex 6.840000E+01 5.100679E+01 -6.504488E+01
      vertex 6.840000E+01 5.224809E+01 -6.289489E+01
      vertex 6.700000E+01 5.100679E+01 -6.504488E+01
    endloop
  endfacet
  facet normal 0.000000E+00 0.000000E+00 1.000000E+00
    outer loop
      vertex 6.700000E+01 4.852418E+01 -6.504488E+01
      vertex 6.840000E+01 5.100679E+01 -6.504488E+01
      vertex 6.700000E+01 5.100679E+01 -6.504488E+01
    endloop
  endfacet
  facet normal 0.000000E+00 -0.000000E+00 1.000000E+00
    outer loop
      vertex 6.840000E+01 4.852418E+01 -6.504488E+01
      vertex 6.840000E+01 5.100679E+01 -6.504488E+01
      vertex 6.700000E+01 4.852418E+01 -6.504488E+01
    endloop
  endfacet
  facet normal 0.000000E+00 8.660253E-01 5.000002E-01
    outer loop
      vertex 6.700000E+01 4.728288E+01 -6.289489E+01
      vertex 6.840000E+01 4.852418E+01 -6.504488E+01
      vertex 6.700000E+01 4.852418E+01 -6.504488E+01
    endloop
  endfacet
  facet normal 0.000000E+00 8.660253E-01 5.000002E-01
    outer loop
      vertex 6.840000E+01 4.728288E+01 -6.289489E+01
      vertex 6.840000E+01 4.852418E+01 -6.504488E+01
      vertex 6.700000E+01 4.728288E+01 -6.289489E+01
    endloop
  endfacet
  facet normal -1.000000E+00 0.000000E+00 0.000000E+00
    outer loop
      vertex 6.840000E+01 4.728288E+01 -6.289489E+01
      vertex 6.840000E+01 4.870293E+01 -6.233722E+01
      vertex 6.840000E+01 4.860035E+01 -6.260771E+01
    endloop
  endfacet
  facet normal -1.000000E+00 0.000000E+00 0.000000E+00
    outer loop
      vertex 6.840000E+01 4.728288E+01 -6.289489E+01
      vertex 6.840000E+01 4.878718E+01 -6.358981E+01
      vertex 6.840000E+01 4.852418E+01 -6.504488E+01
    endloop
  endfacet
  facet normal -1.000000E+00 0.000000E+00 0.000000E+00
    outer loop
      vertex 6.840000E+01 4.852418E+01 -6.074489E+01
      vertex 6.840000E+01 4.886727E+01 -6.209914E+01
      vertex 6.840000E+01 4.870293E+01 -6.233722E+01
    endloop
  endfacet
  facet normal -1.000000E+00 0.000000E+00 0.000000E+00
    outer loop
      vertex 6.840000E+01 4.852418E+01 -6.074489E+01
      vertex 6.840000E+01 4.908381E+01 -6.190731E+01
      vertex 6.840000E+01 4.886727E+01 -6.209914E+01
    endloop
  endfacet
  facet normal -1.000000E+00 0.000000E+00 0.000000E+00
    outer loop
      vertex 6.840000E+01 4.852418E+01 -6.074489E+01
      vertex 6.840000E+01 4.933996E+01 -6.177287E+01
      vertex 6.840000E+01 4.908381E+01 -6.190731E+01
    endloop
  endfacet
  facet normal -1.000000E+00 0.000000E+00 0.000000E+00
    outer loop
      vertex 6.840000E+01 4.852418E+01 -6.074489E+01
      vertex 6.840000E+01 4.962084E+01 -6.170364E+01
      vertex 6.840000E+01 4.933996E+01 -6.177287E+01
    endloop
  endfacet
  facet normal -1.000000E+00 0.000000E+00 0.000000E+00
    outer loop
      vertex 6.840000E+01 4.852418E+01 -6.074489E+01
      vertex 6.840000E+01 4.991013E+01 -6.170364E+01
      vertex 6.840000E+01 4.962084E+01 -6.170364E+01
    endloop
  endfacet
  facet normal -1.000000E+00 0.000000E+00 -0.000000E+00
    outer loop
      vertex 6.840000E+01 4.852418E+01 -6.074489E+01
      vertex 6.840000E+01 4.870293E+01 -6.233722E+01
      vertex 6.840000E+01 4.728288E+01 -6.289489E+01
    endloop
  endfacet
  facet normal -1.000000E+00 0.000000E+00 0.000000E+00
    outer loop
      vertex 6.840000E+01 4.852418E+01 -6.074489E+01
      vertex 6.840000E+01 5.100679E+01 -6.074489E+01
      vertex 6.840000E+01 4.991013E+01 -6.170364E+01
    endloop
  endfacet
  facet normal -1.000000E+00 0.000000E+00 0.000000E+00
    outer loop
      vertex 6.840000E+01 5.048554E+01 -6.385484E+01
      vertex 6.840000E+01 5.068682E+01 -6.366374E+01
      vertex 6.840000E+01 5.100679E+01 -6.504488E+01
    endloop
  endfacet
  facet normal -1.000000E+00 0.000000E+00 0.000000E+00
    outer loop
      vertex 6.840000E+01 5.083881E+01 -6.343151E+01
      vertex 6.840000E+01 5.224809E+01 -6.289489E+01
      vertex 6.840000E+01 5.100679E+01 -6.504488E+01
    endloop
  endfacet
  facet normal -1.000000E+00 0.000000E+00 -0.000000E+00
    outer loop
      vertex 6.840000E+01 5.083881E+01 -6.343151E+01
      vertex 6.840000E+01 5.100679E+01 -6.504488E+01
      vertex 6.840000E+01 5.068682E+01 -6.366374E+01
    endloop
  endfacet
  facet normal -1.000000E+00 0.000000E+00 0.000000E+00
    outer loop
      vertex 6.840000E+01 5.024574E+01 -6.399459E+01
      vertex 6.840000E+01 5.048554E+01 -6.385484E+01
      vertex 6.840000E+01 5.100679E+01 -6.504488E+01
    endloop
  endfacet
  facet normal -1.000000E+00 0.000000E+00 -0.000000E+00
    outer loop
      vertex 6.840000E+01 5.093339E+01 -6.317057E+01
      vertex 6.840000E+01 5.224809E+01 -6.289489E+01
      vertex 6.840000E+01 5.083881E+01 -6.343151E+01
    endloop
  endfacet
  facet normal -1.000000E+00 0.000000E+00 0.000000E+00
    outer loop
      vertex 6.840000E+01 4.998026E+01 -6.407551E+01
      vertex 6.840000E+01 5.024574E+01 -6.399459E+01
      vertex 6.840000E+01 5.100679E+01 -6.504488E+01
    endloop
  endfacet
  facet normal -1.000000E+00 0.000000E+00 -0.000000E+00
    outer loop
      vertex 6.840000E+01 5.096548E+01 -6.289489E+01
      vertex 6.840000E+01 5.224809E+01 -6.289489E+01
      vertex 6.840000E+01 5.093339E+01 -6.317057E+01
    endloop
  endfacet
  facet normal -1.000000E+00 0.000000E+00 0.000000E+00
    outer loop
      vertex 6.840000E+01 4.970327E+01 -6.409328E+01
      vertex 6.840000E+01 4.998026E+01 -6.407551E+01
      vertex 6.840000E+01 5.100679E+01 -6.504488E+01
    endloop
  endfacet
  facet normal -1.000000E+00 0.000000E+00 0.000000E+00
    outer loop
      vertex 6.840000E+01 4.852418E+01 -6.504488E+01
      vertex 6.840000E+01 4.970327E+01 -6.409328E+01
      vertex 6.840000E+01 5.100679E+01 -6.504488E+01
    endloop
  endfacet
  facet normal -1.000000E+00 0.000000E+00 0.000000E+00
    outer loop
      vertex 6.840000E+01 5.093061E+01 -6.260771E+01
      vertex 6.840000E+01 5.224809E+01 -6.289489E+01
      vertex 6.840000E+01 5.096548E+01 -6.289489E+01
    endloop
  endfacet
  facet normal -1.000000E+00 0.000000E+00 -0.000000E+00
    outer loop
      vertex 6.840000E+01 4.942963E+01 -6.404693E+01
      vertex 6.840000E+01 4.970327E+01 -6.409328E+01
      vertex 6.840000E+01 4.852418E+01 -6.504488E+01
    endloop
  endfacet
  facet normal -1.000000E+00 0.000000E+00 0.000000E+00
    outer loop
      vertex 6.840000E+01 5.082803E+01 -6.233722E+01
      vertex 6.840000E+01 5.224809E+01 -6.289489E+01
      vertex 6.840000E+01 5.093061E+01 -6.260771E+01
    endloop
  endfacet
  facet normal -1.000000E+00 0.000000E+00 -0.000000E+00
    outer loop
      vertex 6.840000E+01 4.917394E+01 -6.393895E+01
      vertex 6.840000E+01 4.942963E+01 -6.404693E+01
      vertex 6.840000E+01 4.852418E+01 -6.504488E+01
    endloop
  endfacet
  facet normal -1.000000E+00 0.000000E+00 -0.000000E+00
    outer loop
      vertex 6.840000E+01 4.894990E+01 -6.377513E+01
      vertex 6.840000E+01 4.917394E+01 -6.393895E+01
      vertex 6.840000E+01 4.852418E+01 -6.504488E+01
    endloop
  endfacet
  facet normal -1.000000E+00 0.000000E+00 -0.000000E+00
    outer loop
      vertex 6.840000E+01 4.878718E+01 -6.358981E+01
      vertex 6.840000E+01 4.894990E+01 -6.377513E+01
      vertex 6.840000E+01 4.852418E+01 -6.504488E+01
    endloop
  endfacet
  facet normal -1.000000E+00 0.000000E+00 0.000000E+00
    outer loop
      vertex 6.840000E+01 5.100679E+01 -6.074489E+01
      vertex 6.840000E+01 5.044716E+01 -6.190731E+01
      vertex 6.840000E+01 5.019101E+01 -6.177287E+01
    endloop
  endfacet
  facet normal -1.000000E+00 0.000000E+00 0.000000E+00
    outer loop
      vertex 6.840000E+01 5.100679E+01 -6.074489E+01
      vertex 6.840000E+01 5.066370E+01 -6.209914E+01
      vertex 6.840000E+01 5.044716E+01 -6.190731E+01
    endloop
  endfacet
  facet normal -1.000000E+00 0.000000E+00 0.000000E+00
    outer loop
      vertex 6.840000E+01 5.100679E+01 -6.074489E+01
      vertex 6.840000E+01 5.082803E+01 -6.233722E+01
      vertex 6.840000E+01 5.066370E+01 -6.209914E+01
    endloop
  endfacet
  facet normal -1.000000E+00 0.000000E+00 -0.000000E+00
    outer loop
      vertex 6.840000E+01 5.100679E+01 -6.074489E+01
      vertex 6.840000E+01 5.224809E+01 -6.289489E+01
      vertex 6.840000E+01 5.082803E+01 -6.233722E+01
    endloop
  endfacet
  facet normal -1.000000E+00 0.000000E+00 0.000000E+00
    outer loop
      vertex 6.840000E+01 4.991013E+01 -6.170364E+01
      vertex 6.840000E+01 5.100679E+01 -6.074489E+01
      vertex 6.840000E+01 5.019101E+01 -6.177287E+01
    endloop
  endfacet
  facet normal -1.000000E+00 0.000000E+00 0.000000E+00
    outer loop
      vertex 6.840000E+01 4.728288E+01 -6.289489E+01
      vertex 6.840000E+01 4.866578E+01 -6.337515E+01
      vertex 6.840000E+01 4.878718E+01 -6.358981E+01
    endloop
  endfacet
  facet normal -1.000000E+00 0.000000E+00 0.000000E+00
    outer loop
      vertex 6.840000E+01 4.728288E+01 -6.289489E+01
      vertex 6.840000E+01 4.859082E+01 -6.314020E+01
      vertex 6.840000E+01 4.866578E+01 -6.337515E+01
    endloop
  endfacet
  facet normal -1.000000E+00 0.000000E+00 0.000000E+00
    outer loop
      vertex 6.840000E+01 4.728288E+01 -6.289489E+01
      vertex 6.840000E+01 4.856548E+01 -6.289489E+01
      vertex 6.840000E+01 4.859082E+01 -6.314020E+01
    endloop
  endfacet
  facet normal -1.000000E+00 0.000000E+00 0.000000E+00
    outer loop
      vertex 6.840000E+01 4.728288E+01 -6.289489E+01
      vertex 6.840000E+01 4.860035E+01 -6.260771E+01
      vertex 6.840000E+01 4.856548E+01 -6.289489E+01
    endloop
  endfacet
  facet normal -1.000000E+00 0.000000E+00 -0.000000E+00
    outer loop
      vertex 6.700000E+01 4.276548E+01 -6.439489E+01
      vertex 6.700000E+01 4.852418E+01 -6.504488E+01
      vertex 6.700000E+01 2.300812E+01 -6.639489E+01
    endloop
  endfacet
  facet normal -1.000000E+00 0.000000E+00 0.000000E+00
    outer loop
      vertex 6.700000E+01 1.776548E+01 -6.115225E+01
      vertex 6.700000E+01 2.028288E+01 -6.289489E+01
      vertex 6.700000E+01 2.134121E+01 -6.472797E+01
    endloop
  endfacet
  facet normal -1.000000E+00 0.000000E+00 -0.000000E+00
    outer loop
      vertex 6.700000E+01 4.432915E+01 -6.364186E+01
      vertex 6.700000E+01 4.852418E+01 -6.504488E+01
      vertex 6.700000E+01 4.401246E+01 -6.395855E+01
    endloop
  endfacet
  facet normal -1.000000E+00 0.000000E+00 -0.000000E+00
    outer loop
      vertex 6.700000E+01 4.401246E+01 -6.395855E+01
      vertex 6.700000E+01 4.852418E+01 -6.504488E+01
      vertex 6.700000E+01 4.363325E+01 -6.419682E+01
    endloop
  endfacet
  facet normal -1.000000E+00 0.000000E+00 -0.000000E+00
    outer loop
      vertex 6.700000E+01 4.363325E+01 -6.419682E+01
      vertex 6.700000E+01 4.852418E+01 -6.504488E+01
      vertex 6.700000E+01 4.321053E+01 -6.434474E+01
    endloop
  endfacet
  facet normal -1.000000E+00 0.000000E+00 -0.000000E+00
    outer loop
      vertex 6.700000E+01 4.321053E+01 -6.434474E+01
      vertex 6.700000E+01 4.852418E+01 -6.504488E+01
      vertex 6.700000E+01 4.276548E+01 -6.439489E+01
    endloop
  endfacet
  facet normal -1.000000E+00 0.000000E+00 0.000000E+00
    outer loop
      vertex 6.700000E+01 1.776548E+01 -6.115225E+01
      vertex 6.700000E+01 1.864416E+01 -6.027357E+01
      vertex 6.700000E+01 2.028288E+01 -6.289489E+01
    endloop
  endfacet
  facet normal -1.000000E+00 0.000000E+00 0.000000E+00
    outer loop
      vertex 6.700000E+01 2.165812E+01 -6.504488E+01
      vertex 6.700000E+01 2.400679E+01 -6.504488E+01
      vertex 6.700000E+01 2.300812E+01 -6.639489E+01
    endloop
  endfacet
  facet normal -1.000000E+00 0.000000E+00 0.000000E+00
    outer loop
      vertex 6.700000E+01 1.864416E+01 -6.027357E+01
      vertex 6.700000E+01 1.909877E+01 -5.990048E+01
      vertex 6.700000E+01 2.028288E+01 -6.289489E+01
    endloop
  endfacet
  facet normal -1.000000E+00 0.000000E+00 0.000000E+00
    outer loop
      vertex 6.700000E+01 4.432915E+01 -6.364186E+01
      vertex 6.700000E+01 4.728288E+01 -6.289489E+01
      vertex 6.700000E+01 4.852418E+01 -6.504488E+01
    endloop
  endfacet
  facet normal -1.000000E+00 0.000000E+00 -0.000000E+00
    outer loop
      vertex 6.700000E+01 4.476548E+01 -6.239489E+01
      vertex 6.700000E+01 4.728288E+01 -6.289489E+01
      vertex 6.700000E+01 4.471534E+01 -6.283993E+01
    endloop
  endfacet
  facet normal -1.000000E+00 0.000000E+00 -0.000000E+00
    outer loop
      vertex 6.700000E+01 4.471534E+01 -6.283993E+01
      vertex 6.700000E+01 4.728288E+01 -6.289489E+01
      vertex 6.700000E+01 4.456742E+01 -6.326265E+01
    endloop
  endfacet
  facet normal -1.000000E+00 0.000000E+00 -0.000000E+00
    outer loop
      vertex 6.700000E+01 4.456742E+01 -6.326265E+01
      vertex 6.700000E+01 4.728288E+01 -6.289489E+01
      vertex 6.700000E+01 4.432915E+01 -6.364186E+01
    endloop
  endfacet
  facet normal -1.000000E+00 0.000000E+00 -0.000000E+00
    outer loop
      vertex 6.700000E+01 4.506258E+01 -6.109324E+01
      vertex 6.700000E+01 4.728288E+01 -6.289489E+01
      vertex 6.700000E+01 4.484070E+01 -6.172733E+01
    endloop
  endfacet
  facet normal -1.000000E+00 0.000000E+00 -0.000000E+00
    outer loop
      vertex 6.700000E+01 4.484070E+01 -6.172733E+01
      vertex 6.700000E+01 4.728288E+01 -6.289489E+01
      vertex 6.700000E+01 4.476548E+01 -6.239489E+01
    endloop
  endfacet
  facet normal -1.000000E+00 0.000000E+00 -0.000000E+00
    outer loop
      vertex 6.700000E+01 2.018021E+01 -5.945253E+01
      vertex 6.700000E+01 2.152418E+01 -6.074489E+01
      vertex 6.700000E+01 1.961743E+01 -5.962325E+01
    endloop
  endfacet
  facet normal -1.000000E+00 0.000000E+00 -0.000000E+00
    outer loop
      vertex 6.700000E+01 1.961743E+01 -5.962325E+01
      vertex 6.700000E+01 2.152418E+01 -6.074489E+01
      vertex 6.700000E+01 1.909877E+01 -5.990048E+01
    endloop
  endfacet
  facet normal -1.000000E+00 0.000000E+00 0.000000E+00
    outer loop
      vertex 6.700000E+01 4.506258E+01 -6.109324E+01
      vertex 6.700000E+01 4.541999E+01 -6.052442E+01
      vertex 6.700000E+01 4.728288E+01 -6.289489E+01
    endloop
  endfacet
  facet normal -1.000000E+00 0.000000E+00 0.000000E+00
    outer loop
      vertex 6.700000E+01 1.909877E+01 -5.990048E+01
      vertex 6.700000E+01 2.152418E+01 -6.074489E+01
      vertex 6.700000E+01 2.028288E+01 -6.289489E+01
    endloop
  endfacet
  facet normal -1.000000E+00 0.000000E+00 0.000000E+00
    outer loop
      vertex 6.700000E+01 2.018021E+01 -5.945253E+01
      vertex 6.700000E+01 2.076548E+01 -5.939489E+01
      vertex 6.700000E+01 2.152418E+01 -6.074489E+01
    endloop
  endfacet
  facet normal -1.000000E+00 0.000000E+00 0.000000E+00
    outer loop
      vertex 6.700000E+01 4.541999E+01 -6.052442E+01
      vertex 6.700000E+01 4.589501E+01 -6.004939E+01
      vertex 6.700000E+01 4.728288E+01 -6.289489E+01
    endloop
  endfacet
  facet normal -1.000000E+00 0.000000E+00 0.000000E+00
    outer loop
      vertex 6.700000E+01 2.076548E+01 -5.939489E+01
      vertex 6.700000E+01 2.400679E+01 -6.074489E+01
      vertex 6.700000E+01 2.152418E+01 -6.074489E+01
    endloop
  endfacet
  facet normal -1.000000E+00 0.000000E+00 -0.000000E+00
    outer loop
      vertex 6.700000E+01 2.524809E+01 -6.289489E+01
      vertex 6.700000E+01 2.820182E+01 -6.364187E+01
      vertex 6.700000E+01 2.400679E+01 -6.504488E+01
    endloop
  endfacet
  facet normal -1.000000E+00 0.000000E+00 0.000000E+00
    outer loop
      vertex 6.700000E+01 2.400679E+01 -6.504488E+01
      vertex 6.700000E+01 2.820182E+01 -6.364187E+01
      vertex 6.700000E+01 2.851850E+01 -6.395855E+01
    endloop
  endfacet
  facet normal -1.000000E+00 0.000000E+00 -0.000000E+00
    outer loop
      vertex 6.700000E+01 4.709792E+01 -5.947010E+01
      vertex 6.700000E+01 4.852418E+01 -6.074489E+01
      vertex 6.700000E+01 4.646383E+01 -5.969198E+01
    endloop
  endfacet
  facet normal -1.000000E+00 0.000000E+00 -0.000000E+00
    outer loop
      vertex 6.700000E+01 4.646383E+01 -5.969198E+01
      vertex 6.700000E+01 4.852418E+01 -6.074489E+01
      vertex 6.700000E+01 4.589501E+01 -6.004939E+01
    endloop
  endfacet
  facet normal -1.000000E+00 0.000000E+00 0.000000E+00
    outer loop
      vertex 6.700000E+01 4.589501E+01 -6.004939E+01
      vertex 6.700000E+01 4.852418E+01 -6.074489E+01
      vertex 6.700000E+01 4.728288E+01 -6.289489E+01
    endloop
  endfacet
  facet normal -1.000000E+00 0.000000E+00 -0.000000E+00
    outer loop
      vertex 6.700000E+01 2.400679E+01 -6.504488E+01
      vertex 6.700000E+01 2.889772E+01 -6.419682E+01
      vertex 6.700000E+01 2.300812E+01 -6.639489E+01
    endloop
  endfacet
  facet normal -1.000000E+00 0.000000E+00 -0.000000E+00
    outer loop
      vertex 6.700000E+01 2.851850E+01 -6.395855E+01
      vertex 6.700000E+01 2.889772E+01 -6.419682E+01
      vertex 6.700000E+01 2.400679E+01 -6.504488E+01
    endloop
  endfacet
  facet normal -1.000000E+00 0.000000E+00 0.000000E+00
    outer loop
      vertex 6.700000E+01 4.709792E+01 -5.947010E+01
      vertex 6.700000E+01 4.776548E+01 -5.939489E+01
      vertex 6.700000E+01 4.852418E+01 -6.074489E+01
    endloop
  endfacet
  facet normal -1.000000E+00 0.000000E+00 0.000000E+00
    outer loop
      vertex 6.700000E+01 2.524809E+01 -6.289489E+01
      vertex 6.700000E+01 2.796354E+01 -6.326265E+01
      vertex 6.700000E+01 2.820182E+01 -6.364187E+01
    endloop
  endfacet
  facet normal -1.000000E+00 -0.000000E+00 -0.000000E+00
    outer loop
      vertex 6.700000E+01 5.100679E+01 -6.504488E+01
      vertex 6.700000E+01 5.476548E+01 -6.639489E+01
      vertex 6.700000E+01 4.852418E+01 -6.504488E+01
    endloop
  endfacet
  facet normal -1.000000E+00 0.000000E+00 -0.000000E+00
    outer loop
      vertex 6.700000E+01 4.852418E+01 -6.504488E+01
      vertex 6.700000E+01 5.476548E+01 -6.639489E+01
      vertex 6.700000E+01 2.300812E+01 -6.639489E+01
    endloop
  endfacet
  facet normal -1.000000E+00 0.000000E+00 -0.000000E+00
    outer loop
      vertex 6.700000E+01 2.889772E+01 -6.419682E+01
      vertex 6.700000E+01 2.932044E+01 -6.434474E+01
      vertex 6.700000E+01 2.300812E+01 -6.639489E+01
    endloop
  endfacet
  facet normal -1.000000E+00 0.000000E+00 0.000000E+00
    outer loop
      vertex 6.700000E+01 5.100679E+01 -6.504488E+01
      vertex 6.700000E+01 5.224809E+01 -6.289489E+01
      vertex 6.700000E+01 5.476548E+01 -6.639489E+01
    endloop
  endfacet
  facet normal -1.000000E+00 0.000000E+00 0.000000E+00
    outer loop
      vertex 6.700000E+01 2.524809E+01 -6.289489E+01
      vertex 6.700000E+01 2.781563E+01 -6.283993E+01
      vertex 6.700000E+01 2.796354E+01 -6.326265E+01
    endloop
  endfacet
  facet normal -1.000000E+00 0.000000E+00 -0.000000E+00
    outer loop
      vertex 6.700000E+01 2.932044E+01 -6.434474E+01
      vertex 6.700000E+01 2.976548E+01 -6.439489E+01
      vertex 6.700000E+01 2.300812E+01 -6.639489E+01
    endloop
  endfacet
  facet normal -1.000000E+00 0.000000E+00 0.000000E+00
    outer loop
      vertex 6.700000E+01 4.852418E+01 -6.074489E+01
      vertex 6.700000E+01 5.176548E+01 -5.939489E+01
      vertex 6.700000E+01 5.100679E+01 -6.074489E+01
    endloop
  endfacet
  facet normal -1.000000E+00 0.000000E+00 0.000000E+00
    outer loop
      vertex 6.700000E+01 4.776548E+01 -5.939489E+01
      vertex 6.700000E+01 5.176548E+01 -5.939489E+01
      vertex 6.700000E+01 4.852418E+01 -6.074489E+01
    endloop
  endfacet
  facet normal -1.000000E+00 0.000000E+00 0.000000E+00
    outer loop
      vertex 6.700000E+01 2.524809E+01 -6.289489E+01
      vertex 6.700000E+01 2.776548E+01 -6.239489E+01
      vertex 6.700000E+01 2.781563E+01 -6.283993E+01
    endloop
  endfacet
  facet normal -1.000000E+00 0.000000E+00 0.000000E+00
    outer loop
      vertex 6.700000E+01 5.224809E+01 -6.289489E+01
      vertex 6.700000E+01 5.476548E+01 -6.239489E+01
      vertex 6.700000E+01 5.476548E+01 -6.639489E+01
    endloop
  endfacet
  facet normal -1.000000E+00 0.000000E+00 0.000000E+00
    outer loop
      vertex 6.700000E+01 2.076548E+01 -5.939489E+01
      vertex 6.700000E+01 2.476548E+01 -5.939489E+01
      vertex 6.700000E+01 2.400679E+01 -6.074489E+01
    endloop
  endfacet
  facet normal -1.000000E+00 0.000000E+00 -0.000000E+00
    outer loop
      vertex 6.700000E+01 5.176548E+01 -5.939489E+01
      vertex 6.700000E+01 5.243305E+01 -5.947010E+01
      vertex 6.700000E+01 5.100679E+01 -6.074489E+01
    endloop
  endfacet
  facet normal -1.000000E+00 0.000000E+00 0.000000E+00
    outer loop
      vertex 6.700000E+01 2.524809E+01 -6.289489E+01
      vertex 6.700000E+01 2.769027E+01 -6.172733E+01
      vertex 6.700000E+01 2.776548E+01 -6.239489E+01
    endloop
  endfacet
  facet normal -1.000000E+00 0.000000E+00 0.000000E+00
    outer loop
      vertex 6.700000E+01 5.224809E+01 -6.289489E+01
      vertex 6.700000E+01 5.469027E+01 -6.172733E+01
      vertex 6.700000E+01 5.476548E+01 -6.239489E+01
    endloop
  endfacet
  facet normal -1.000000E+00 0.000000E+00 -0.000000E+00
    outer loop
      vertex 6.700000E+01 2.476548E+01 -5.939489E+01
      vertex 6.700000E+01 2.543305E+01 -5.947010E+01
      vertex 6.700000E+01 2.400679E+01 -6.074489E+01
    endloop
  endfacet
  facet normal -1.000000E+00 0.000000E+00 -0.000000E+00
    outer loop
      vertex 6.700000E+01 5.243305E+01 -5.947010E+01
      vertex 6.700000E+01 5.306713E+01 -5.969198E+01
      vertex 6.700000E+01 5.100679E+01 -6.074489E+01
    endloop
  endfacet
  facet normal -1.000000E+00 0.000000E+00 0.000000E+00
    outer loop
      vertex 6.700000E+01 2.524809E+01 -6.289489E+01
      vertex 6.700000E+01 2.746839E+01 -6.109324E+01
      vertex 6.700000E+01 2.769027E+01 -6.172733E+01
    endloop
  endfacet
  facet normal -1.000000E+00 0.000000E+00 0.000000E+00
    outer loop
      vertex 6.700000E+01 5.224809E+01 -6.289489E+01
      vertex 6.700000E+01 5.446839E+01 -6.109324E+01
      vertex 6.700000E+01 5.469027E+01 -6.172733E+01
    endloop
  endfacet
  facet normal -1.000000E+00 0.000000E+00 0.000000E+00
    outer loop
      vertex 6.700000E+01 5.100679E+01 -6.074489E+01
      vertex 6.700000E+01 5.363595E+01 -6.004939E+01
      vertex 6.700000E+01 5.224809E+01 -6.289489E+01
    endloop
  endfacet
  facet normal -1.000000E+00 0.000000E+00 -0.000000E+00
    outer loop
      vertex 6.700000E+01 2.543305E+01 -5.947010E+01
      vertex 6.700000E+01 2.606713E+01 -5.969198E+01
      vertex 6.700000E+01 2.400679E+01 -6.074489E+01
    endloop
  endfacet
  facet normal -1.000000E+00 0.000000E+00 -0.000000E+00
    outer loop
      vertex 6.700000E+01 5.306713E+01 -5.969198E+01
      vertex 6.700000E+01 5.363595E+01 -6.004939E+01
      vertex 6.700000E+01 5.100679E+01 -6.074489E+01
    endloop
  endfacet
  facet normal -1.000000E+00 0.000000E+00 0.000000E+00
    outer loop
      vertex 6.700000E+01 2.524809E+01 -6.289489E+01
      vertex 6.700000E+01 2.711098E+01 -6.052442E+01
      vertex 6.700000E+01 2.746839E+01 -6.109324E+01
    endloop
  endfacet
  facet normal -1.000000E+00 0.000000E+00 -0.000000E+00
    outer loop
      vertex 6.700000E+01 5.363595E+01 -6.004939E+01
      vertex 6.700000E+01 5.411098E+01 -6.052442E+01
      vertex 6.700000E+01 5.224809E+01 -6.289489E+01
    endloop
  endfacet
  facet normal -1.000000E+00 0.000000E+00 0.000000E+00
    outer loop
      vertex 6.700000E+01 2.400679E+01 -6.074489E+01
      vertex 6.700000E+01 2.663595E+01 -6.004939E+01
      vertex 6.700000E+01 2.524809E+01 -6.289489E+01
    endloop
  endfacet
  facet normal -1.000000E+00 0.000000E+00 0.000000E+00
    outer loop
      vertex 6.700000E+01 5.224809E+01 -6.289489E+01
      vertex 6.700000E+01 5.411098E+01 -6.052442E+01
      vertex 6.700000E+01 5.446839E+01 -6.109324E+01
    endloop
  endfacet
  facet normal -1.000000E+00 0.000000E+00 -0.000000E+00
    outer loop
      vertex 6.700000E+01 2.606713E+01 -5.969198E+01
      vertex 6.700000E+01 2.663595E+01 -6.004939E+01
      vertex 6.700000E+01 2.400679E+01 -6.074489E+01
    endloop
  endfacet
  facet normal -1.000000E+00 0.000000E+00 0.000000E+00
    outer loop
      vertex 6.700000E+01 2.524809E+01 -6.289489E+01
      vertex 6.700000E+01 2.663595E+01 -6.004939E+01
      vertex 6.700000E+01 2.711098E+01 -6.052442E+01
    endloop
  endfacet
  facet normal -1.000000E+00 0.000000E+00 -0.000000E+00
    outer loop
      vertex 6.700000E+01 2.976548E+01 -6.439489E+01
      vertex 6.700000E+01 4.276548E+01 -6.439489E+01
      vertex 6.700000E+01 2.300812E+01 -6.639489E+01
    endloop
  endfacet
  facet normal 0.000000E+00 1.119671E-01 9.937120E-01
    outer loop
      vertex 6.700000E+01 5.243305E+01 -5.947010E+01
      vertex 6.700000E+01 5.176548E+01 -5.939489E+01
      vertex 7.000000E+01 5.176548E+01 -5.939489E+01
    endloop
  endfacet
  facet normal -0.000000E+00 1.119671E-01 9.937120E-01
    outer loop
      vertex 6.700000E+01 5.243305E+01 -5.947010E+01
      vertex 7.000000E+01 5.176548E+01 -5.939489E+01
      vertex 7.000000E+01 5.243305E+01 -5.947010E+01
    endloop
  endfacet
  facet normal -0.000000E+00 3.302811E-01 9.438826E-01
    outer loop
      vertex 6.700000E+01 5.306713E+01 -5.969198E+01
      vertex 7.000000E+01 5.243305E+01 -5.947010E+01
      vertex 7.000000E+01 5.306713E+01 -5.969198E+01
    endloop
  endfacet
  facet normal 0.000000E+00 3.302811E-01 9.438826E-01
    outer loop
      vertex 6.700000E+01 5.306713E+01 -5.969198E+01
      vertex 6.700000E+01 5.243305E+01 -5.947010E+01
      vertex 7.000000E+01 5.243305E+01 -5.947010E+01
    endloop
  endfacet
  facet normal -0.000000E+00 5.320309E-01 8.467249E-01
    outer loop
      vertex 6.700000E+01 5.363595E+01 -6.004939E+01
      vertex 7.000000E+01 5.306713E+01 -5.969198E+01
      vertex 7.000000E+01 5.363595E+01 -6.004939E+01
    endloop
  endfacet
  facet normal 0.000000E+00 5.320309E-01 8.467249E-01
    outer loop
      vertex 6.700000E+01 5.363595E+01 -6.004939E+01
      vertex 6.700000E+01 5.306713E+01 -5.969198E+01
      vertex 7.000000E+01 5.306713E+01 -5.969198E+01
    endloop
  endfacet
  facet normal -0.000000E+00 7.071068E-01 7.071068E-01
    outer loop
      vertex 6.700000E+01 5.411098E+01 -6.052442E+01
      vertex 7.000000E+01 5.363595E+01 -6.004939E+01
      vertex 7.000000E+01 5.411098E+01 -6.052442E+01
    endloop
  endfacet
  facet normal 0.000000E+00 7.071068E-01 7.071068E-01
    outer loop
      vertex 6.700000E+01 5.411098E+01 -6.052442E+01
      vertex 6.700000E+01 5.363595E+01 -6.004939E+01
      vertex 7.000000E+01 5.363595E+01 -6.004939E+01
    endloop
  endfacet
  facet normal -0.000000E+00 8.467223E-01 5.320350E-01
    outer loop
      vertex 6.700000E+01 5.446839E+01 -6.109324E+01
      vertex 7.000000E+01 5.411098E+01 -6.052442E+01
      vertex 7.000000E+01 5.446839E+01 -6.109324E+01
    endloop
  endfacet
  facet normal 0.000000E+00 8.467223E-01 5.320350E-01
    outer loop
      vertex 6.700000E+01 5.446839E+01 -6.109324E+01
      vertex 6.700000E+01 5.411098E+01 -6.052442E+01
      vertex 7.000000E+01 5.411098E+01 -6.052442E+01
    endloop
  endfacet
  facet normal -0.000000E+00 9.438850E-01 3.302743E-01
    outer loop
      vertex 6.700000E+01 5.469027E+01 -6.172733E+01
      vertex 7.000000E+01 5.446839E+01 -6.109324E+01
      vertex 7.000000E+01 5.469027E+01 -6.172733E+01
    endloop
  endfacet
  facet normal 0.000000E+00 9.438850E-01 3.302743E-01
    outer loop
      vertex 6.700000E+01 5.469027E+01 -6.172733E+01
      vertex 6.700000E+01 5.446839E+01 -6.109324E+01
      vertex 7.000000E+01 5.446839E+01 -6.109324E+01
    endloop
  endfacet
  facet normal -0.000000E+00 9.937118E-01 1.119677E-01
    outer loop
      vertex 6.700000E+01 5.476548E+01 -6.239489E+01
      vertex 7.000000E+01 5.469027E+01 -6.172733E+01
      vertex 7.000000E+01 5.476548E+01 -6.239489E+01
    endloop
  endfacet
  facet normal 0.000000E+00 9.937118E-01 1.119677E-01
    outer loop
      vertex 6.700000E+01 5.476548E+01 -6.239489E+01
      vertex 6.700000E+01 5.469027E+01 -6.172733E+01
      vertex 7.000000E+01 5.469027E+01 -6.172733E+01
    endloop
  endfacet
  facet normal 0.000000E+00 0.000000E+00 1.000000E+00
    outer loop
      vertex 6.700000E+01 5.176548E+01 -5.939489E+01
      vertex 6.700000E+01 4.776548E+01 -5.939489E+01
      vertex 7.000000E+01 4.776548E+01 -5.939489E+01
    endloop
  endfacet
  facet normal -0.000000E+00 0.000000E+00 1.000000E+00
    outer loop
      vertex 6.700000E+01 5.176548E+01 -5.939489E+01
      vertex 7.000000E+01 4.776548E+01 -5.939489E+01
      vertex 7.000000E+01 5.176548E+01 -5.939489E+01
    endloop
  endfacet
  facet normal 0.000000E+00 -9.937125E-01 1.119621E-01
    outer loop
      vertex 6.700000E+01 4.484070E+01 -6.172733E+01
      vertex 6.700000E+01 4.476548E+01 -6.239489E+01
      vertex 7.000000E+01 4.476548E+01 -6.239489E+01
    endloop
  endfacet
  facet normal 0.000000E+00 -9.937125E-01 1.119621E-01
    outer loop
      vertex 6.700000E+01 4.484070E+01 -6.172733E+01
      vertex 7.000000E+01 4.476548E+01 -6.239489E+01
      vertex 7.000000E+01 4.484070E+01 -6.172733E+01
    endloop
  endfacet
  facet normal 0.000000E+00 -9.438833E-01 3.302794E-01
    outer loop
      vertex 6.700000E+01 4.506258E+01 -6.109324E+01
      vertex 7.000000E+01 4.484070E+01 -6.172733E+01
      vertex 7.000000E+01 4.506258E+01 -6.109324E+01
    endloop
  endfacet
  facet normal 0.000000E+00 -9.438833E-01 3.302794E-01
    outer loop
      vertex 6.700000E+01 4.506258E+01 -6.109324E+01
      vertex 6.700000E+01 4.484070E+01 -6.172733E+01
      vertex 7.000000E+01 4.484070E+01 -6.172733E+01
    endloop
  endfacet
  facet normal 0.000000E+00 -8.467223E-01 5.320350E-01
    outer loop
      vertex 6.700000E+01 4.541999E+01 -6.052442E+01
      vertex 7.000000E+01 4.506258E+01 -6.109324E+01
      vertex 7.000000E+01 4.541999E+01 -6.052442E+01
    endloop
  endfacet
  facet normal 0.000000E+00 -8.467223E-01 5.320350E-01
    outer loop
      vertex 6.700000E+01 4.541999E+01 -6.052442E+01
      vertex 6.700000E+01 4.506258E+01 -6.109324E+01
      vertex 7.000000E+01 4.506258E+01 -6.109324E+01
    endloop
  endfacet
  facet normal 0.000000E+00 -7.071096E-01 7.071040E-01
    outer loop
      vertex 6.700000E+01 4.589501E+01 -6.004939E+01
      vertex 7.000000E+01 4.541999E+01 -6.052442E+01
      vertex 7.000000E+01 4.589501E+01 -6.004939E+01
    endloop
  endfacet
  facet normal 0.000000E+00 -7.071096E-01 7.071040E-01
    outer loop
      vertex 6.700000E+01 4.589501E+01 -6.004939E+01
      vertex 6.700000E+01 4.541999E+01 -6.052442E+01
      vertex 7.000000E+01 4.541999E+01 -6.052442E+01
    endloop
  endfacet
  facet normal 0.000000E+00 -5.320284E-01 8.467266E-01
    outer loop
      vertex 6.700000E+01 4.646383E+01 -5.969198E+01
      vertex 7.000000E+01 4.589501E+01 -6.004939E+01
      vertex 7.000000E+01 4.646383E+01 -5.969198E+01
    endloop
  endfacet
  facet normal 0.000000E+00 -5.320284E-01 8.467266E-01
    outer loop
      vertex 6.700000E+01 4.646383E+01 -5.969198E+01
      vertex 6.700000E+01 4.589501E+01 -6.004939E+01
      vertex 7.000000E+01 4.589501E+01 -6.004939E+01
    endloop
  endfacet
  facet normal 0.000000E+00 -3.302811E-01 9.438826E-01
    outer loop
      vertex 6.700000E+01 4.709792E+01 -5.947010E+01
      vertex 7.000000E+01 4.646383E+01 -5.969198E+01
      vertex 7.000000E+01 4.709792E+01 -5.947010E+01
    endloop
  endfacet
  facet normal 0.000000E+00 -3.302811E-01 9.438826E-01
    outer loop
      vertex 6.700000E+01 4.709792E+01 -5.947010E+01
      vertex 6.700000E+01 4.646383E+01 -5.969198E+01
      vertex 7.000000E+01 4.646383E+01 -5.969198E+01
    endloop
  endfacet
  facet normal 0.000000E+00 -1.119671E-01 9.937120E-01
    outer loop
      vertex 6.700000E+01 4.776548E+01 -5.939489E+01
      vertex 7.000000E+01 4.709792E+01 -5.947010E+01
      vertex 7.000000E+01 4.776548E+01 -5.939489E+01
    endloop
  endfacet
  facet normal 0.000000E+00 -1.119671E-01 9.937120E-01
    outer loop
      vertex 6.700000E+01 4.776548E+01 -5.939489E+01
      vertex 6.700000E+01 4.709792E+01 -5.947010E+01
      vertex 7.000000E+01 4.709792E+01 -5.947010E+01
    endloop
  endfacet
  facet normal 0.000000E+00 -9.937122E-01 1.119646E-01
    outer loop
      vertex 6.700000E+01 4.476548E+01 -6.239489E+01
      vertex 6.700000E+01 4.471534E+01 -6.283993E+01
      vertex 7.000000E+01 4.476548E+01 -6.239489E+01
    endloop
  endfacet
  facet normal 0.000000E+00 -9.937122E-01 1.119646E-01
    outer loop
      vertex 7.000000E+01 4.476548E+01 -6.239489E+01
      vertex 6.700000E+01 4.471534E+01 -6.283993E+01
      vertex 7.000000E+01 4.471534E+01 -6.283993E+01
    endloop
  endfacet
  facet normal 0.000000E+00 -9.438829E-01 3.302802E-01
    outer loop
      vertex 7.000000E+01 4.471534E+01 -6.283993E+01
      vertex 6.700000E+01 4.456742E+01 -6.326265E+01
      vertex 7.000000E+01 4.456742E+01 -6.326265E+01
    endloop
  endfacet
  facet normal 0.000000E+00 -9.438829E-01 3.302802E-01
    outer loop
      vertex 6.700000E+01 4.471534E+01 -6.283993E+01
      vertex 6.700000E+01 4.456742E+01 -6.326265E+01
      vertex 7.000000E+01 4.471534E+01 -6.283993E+01
    endloop
  endfacet
  facet normal 0.000000E+00 -8.467249E-01 5.320309E-01
    outer loop
      vertex 7.000000E+01 4.456742E+01 -6.326265E+01
      vertex 6.700000E+01 4.432915E+01 -6.364186E+01
      vertex 7.000000E+01 4.432915E+01 -6.364186E+01
    endloop
  endfacet
  facet normal 0.000000E+00 -8.467249E-01 5.320309E-01
    outer loop
      vertex 6.700000E+01 4.456742E+01 -6.326265E+01
      vertex 6.700000E+01 4.432915E+01 -6.364186E+01
      vertex 7.000000E+01 4.456742E+01 -6.326265E+01
    endloop
  endfacet
  facet normal 0.000000E+00 -7.071068E-01 7.071068E-01
    outer loop
      vertex 7.000000E+01 4.432915E+01 -6.364186E+01
      vertex 6.700000E+01 4.401246E+01 -6.395855E+01
      vertex 7.000000E+01 4.401246E+01 -6.395855E+01
    endloop
  endfacet
  facet normal 0.000000E+00 -7.071068E-01 7.071068E-01
    outer loop
      vertex 6.700000E+01 4.432915E+01 -6.364186E+01
      vertex 6.700000E+01 4.401246E+01 -6.395855E+01
      vertex 7.000000E+01 4.432915E+01 -6.364186E+01
    endloop
  endfacet
  facet normal 0.000000E+00 -5.320309E-01 8.467249E-01
    outer loop
      vertex 7.000000E+01 4.401246E+01 -6.395855E+01
      vertex 6.700000E+01 4.363325E+01 -6.419682E+01
      vertex 7.000000E+01 4.363325E+01 -6.419682E+01
    endloop
  endfacet
  facet normal 0.000000E+00 -5.320309E-01 8.467249E-01
    outer loop
      vertex 6.700000E+01 4.401246E+01 -6.395855E+01
      vertex 6.700000E+01 4.363325E+01 -6.419682E+01
      vertex 7.000000E+01 4.401246E+01 -6.395855E+01
    endloop
  endfacet
  facet normal 0.000000E+00 -3.302802E-01 9.438829E-01
    outer loop
      vertex 7.000000E+01 4.363325E+01 -6.419682E+01
      vertex 6.700000E+01 4.321053E+01 -6.434474E+01
      vertex 7.000000E+01 4.321053E+01 -6.434474E+01
    endloop
  endfacet
  facet normal 0.000000E+00 -3.302802E-01 9.438829E-01
    outer loop
      vertex 6.700000E+01 4.363325E+01 -6.419682E+01
      vertex 6.700000E+01 4.321053E+01 -6.434474E+01
      vertex 7.000000E+01 4.363325E+01 -6.419682E+01
    endloop
  endfacet
  facet normal 0.000000E+00 -1.119730E-01 9.937112E-01
    outer loop
      vertex 7.000000E+01 4.321053E+01 -6.434474E+01
      vertex 6.700000E+01 4.276548E+01 -6.439489E+01
      vertex 7.000000E+01 4.276548E+01 -6.439489E+01
    endloop
  endfacet
  facet normal 0.000000E+00 -1.119730E-01 9.937112E-01
    outer loop
      vertex 6.700000E+01 4.321053E+01 -6.434474E+01
      vertex 6.700000E+01 4.276548E+01 -6.439489E+01
      vertex 7.000000E+01 4.321053E+01 -6.434474E+01
    endloop
  endfacet
  facet normal 0.000000E+00 0.000000E+00 1.000000E+00
    outer loop
      vertex 6.700000E+01 4.276548E+01 -6.439489E+01
      vertex 6.700000E+01 2.976548E+01 -6.439489E+01
      vertex 7.000000E+01 2.976548E+01 -6.439489E+01
    endloop
  endfacet
  facet normal -0.000000E+00 0.000000E+00 1.000000E+00
    outer loop
      vertex 6.700000E+01 4.276548E+01 -6.439489E+01
      vertex 7.000000E+01 2.976548E+01 -6.439489E+01
      vertex 7.000000E+01 4.276548E+01 -6.439489E+01
    endloop
  endfacet
  facet normal 0.000000E+00 1.119730E-01 9.937112E-01
    outer loop
      vertex 7.000000E+01 2.976548E+01 -6.439489E+01
      vertex 6.700000E+01 2.976548E+01 -6.439489E+01
      vertex 7.000000E+01 2.932044E+01 -6.434474E+01
    endloop
  endfacet
  facet normal 0.000000E+00 3.302816E-01 9.438824E-01
    outer loop
      vertex 7.000000E+01 2.932044E+01 -6.434474E+01
      vertex 6.700000E+01 2.932044E+01 -6.434474E+01
      vertex 7.000000E+01 2.889772E+01 -6.419682E+01
    endloop
  endfacet
  facet normal 0.000000E+00 1.119730E-01 9.937112E-01
    outer loop
      vertex 6.700000E+01 2.976548E+01 -6.439489E+01
      vertex 6.700000E+01 2.932044E+01 -6.434474E+01
      vertex 7.000000E+01 2.932044E+01 -6.434474E+01
    endloop
  endfacet
  facet normal 0.000000E+00 5.320290E-01 8.467261E-01
    outer loop
      vertex 7.000000E+01 2.889772E+01 -6.419682E+01
      vertex 6.700000E+01 2.889772E+01 -6.419682E+01
      vertex 7.000000E+01 2.851850E+01 -6.395855E+01
    endloop
  endfacet
  facet normal 0.000000E+00 3.302816E-01 9.438824E-01
    outer loop
      vertex 6.700000E+01 2.932044E+01 -6.434474E+01
      vertex 6.700000E+01 2.889772E+01 -6.419682E+01
      vertex 7.000000E+01 2.889772E+01 -6.419682E+01
    endloop
  endfacet
  facet normal 0.000000E+00 7.071046E-01 7.071089E-01
    outer loop
      vertex 7.000000E+01 2.851850E+01 -6.395855E+01
      vertex 6.700000E+01 2.851850E+01 -6.395855E+01
      vertex 7.000000E+01 2.820182E+01 -6.364187E+01
    endloop
  endfacet
  facet normal 0.000000E+00 5.320290E-01 8.467261E-01
    outer loop
      vertex 6.700000E+01 2.889772E+01 -6.419682E+01
      vertex 6.700000E+01 2.851850E+01 -6.395855E+01
      vertex 7.000000E+01 2.851850E+01 -6.395855E+01
    endloop
  endfacet
  facet normal 0.000000E+00 8.467255E-01 5.320302E-01
    outer loop
      vertex 7.000000E+01 2.820182E+01 -6.364187E+01
      vertex 6.700000E+01 2.820182E+01 -6.364187E+01
      vertex 7.000000E+01 2.796354E+01 -6.326265E+01
    endloop
  endfacet
  facet normal 0.000000E+00 7.071046E-01 7.071089E-01
    outer loop
      vertex 6.700000E+01 2.851850E+01 -6.395855E+01
      vertex 6.700000E+01 2.820182E+01 -6.364187E+01
      vertex 7.000000E+01 2.820182E+01 -6.364187E+01
    endloop
  endfacet
  facet normal 0.000000E+00 9.438834E-01 3.302791E-01
    outer loop
      vertex 7.000000E+01 2.796354E+01 -6.326265E+01
      vertex 6.700000E+01 2.796354E+01 -6.326265E+01
      vertex 7.000000E+01 2.781563E+01 -6.283993E+01
    endloop
  endfacet
  facet normal 0.000000E+00 8.467255E-01 5.320302E-01
    outer loop
      vertex 6.700000E+01 2.820182E+01 -6.364187E+01
      vertex 6.700000E+01 2.796354E+01 -6.326265E+01
      vertex 7.000000E+01 2.796354E+01 -6.326265E+01
    endloop
  endfacet
  facet normal 0.000000E+00 9.937122E-01 1.119646E-01
    outer loop
      vertex 7.000000E+01 2.781563E+01 -6.283993E+01
      vertex 6.700000E+01 2.781563E+01 -6.283993E+01
      vertex 7.000000E+01 2.776548E+01 -6.239489E+01
    endloop
  endfacet
  facet normal 0.000000E+00 9.438834E-01 3.302791E-01
    outer loop
      vertex 6.700000E+01 2.796354E+01 -6.326265E+01
      vertex 6.700000E+01 2.781563E+01 -6.283993E+01
      vertex 7.000000E+01 2.781563E+01 -6.283993E+01
    endloop
  endfacet
  facet normal 0.000000E+00 9.937122E-01 1.119646E-01
    outer loop
      vertex 6.700000E+01 2.781563E+01 -6.283993E+01
      vertex 6.700000E+01 2.776548E+01 -6.239489E+01
      vertex 7.000000E+01 2.776548E+01 -6.239489E+01
    endloop
  endfacet
  facet normal -0.000000E+00 1.119674E-01 9.937118E-01
    outer loop
      vertex 6.700000E+01 2.476548E+01 -5.939489E+01
      vertex 7.000000E+01 2.476548E+01 -5.939489E+01
      vertex 7.000000E+01 2.543305E+01 -5.947010E+01
    endloop
  endfacet
  facet normal -0.000000E+00 3.302802E-01 9.438829E-01
    outer loop
      vertex 6.700000E+01 2.543305E+01 -5.947010E+01
      vertex 7.000000E+01 2.543305E+01 -5.947010E+01
      vertex 7.000000E+01 2.606713E+01 -5.969198E+01
    endloop
  endfacet
  facet normal -0.000000E+00 1.119674E-01 9.937118E-01
    outer loop
      vertex 6.700000E+01 2.543305E+01 -5.947010E+01
      vertex 6.700000E+01 2.476548E+01 -5.939489E+01
      vertex 7.000000E+01 2.543305E+01 -5.947010E+01
    endloop
  endfacet
  facet normal -0.000000E+00 5.320296E-01 8.467256E-01
    outer loop
      vertex 6.700000E+01 2.606713E+01 -5.969198E+01
      vertex 7.000000E+01 2.606713E+01 -5.969198E+01
      vertex 7.000000E+01 2.663595E+01 -6.004939E+01
    endloop
  endfacet
  facet normal -0.000000E+00 3.302802E-01 9.438829E-01
    outer loop
      vertex 6.700000E+01 2.606713E+01 -5.969198E+01
      vertex 6.700000E+01 2.543305E+01 -5.947010E+01
      vertex 7.000000E+01 2.606713E+01 -5.969198E+01
    endloop
  endfacet
  facet normal -0.000000E+00 7.071068E-01 7.071068E-01
    outer loop
      vertex 6.700000E+01 2.663595E+01 -6.004939E+01
      vertex 7.000000E+01 2.663595E+01 -6.004939E+01
      vertex 7.000000E+01 2.711098E+01 -6.052442E+01
    endloop
  endfacet
  facet normal -0.000000E+00 5.320296E-01 8.467256E-01
    outer loop
      vertex 6.700000E+01 2.663595E+01 -6.004939E+01
      vertex 6.700000E+01 2.606713E+01 -5.969198E+01
      vertex 7.000000E+01 2.663595E+01 -6.004939E+01
    endloop
  endfacet
  facet normal -0.000000E+00 8.467249E-01 5.320309E-01
    outer loop
      vertex 6.700000E+01 2.711098E+01 -6.052442E+01
      vertex 7.000000E+01 2.711098E+01 -6.052442E+01
      vertex 7.000000E+01 2.746839E+01 -6.109324E+01
    endloop
  endfacet
  facet normal -0.000000E+00 7.071068E-01 7.071068E-01
    outer loop
      vertex 6.700000E+01 2.711098E+01 -6.052442E+01
      vertex 6.700000E+01 2.663595E+01 -6.004939E+01
      vertex 7.000000E+01 2.711098E+01 -6.052442E+01
    endloop
  endfacet
  facet normal -0.000000E+00 9.438833E-01 3.302794E-01
    outer loop
      vertex 6.700000E+01 2.746839E+01 -6.109324E+01
      vertex 7.000000E+01 2.746839E+01 -6.109324E+01
      vertex 7.000000E+01 2.769027E+01 -6.172733E+01
    endloop
  endfacet
  facet normal -0.000000E+00 8.467249E-01 5.320309E-01
    outer loop
      vertex 6.700000E+01 2.746839E+01 -6.109324E+01
      vertex 6.700000E+01 2.711098E+01 -6.052442E+01
      vertex 7.000000E+01 2.746839E+01 -6.109324E+01
    endloop
  endfacet
  facet normal -0.000000E+00 9.937122E-01 1.119643E-01
    outer loop
      vertex 6.700000E+01 2.769027E+01 -6.172733E+01
      vertex 7.000000E+01 2.769027E+01 -6.172733E+01
      vertex 7.000000E+01 2.776548E+01 -6.239489E+01
    endloop
  endfacet
  facet normal -0.000000E+00 9.438833E-01 3.302794E-01
    outer loop
      vertex 6.700000E+01 2.769027E+01 -6.172733E+01
      vertex 6.700000E+01 2.746839E+01 -6.109324E+01
      vertex 7.000000E+01 2.769027E+01 -6.172733E+01
    endloop
  endfacet
  facet normal -0.000000E+00 9.937122E-01 1.119643E-01
    outer loop
      vertex 6.700000E+01 2.776548E+01 -6.239489E+01
      vertex 6.700000E+01 2.769027E+01 -6.172733E+01
      vertex 7.000000E+01 2.776548E+01 -6.239489E+01
    endloop
  endfacet
  facet normal 0.000000E+00 0.000000E+00 1.000000E+00
    outer loop
      vertex 6.700000E+01 2.476548E+01 -5.939489E+01
      vertex 6.700000E+01 2.076548E+01 -5.939489E+01
      vertex 7.000000E+01 2.076548E+01 -5.939489E+01
    endloop
  endfacet
  facet normal -0.000000E+00 0.000000E+00 1.000000E+00
    outer loop
      vertex 6.700000E+01 2.476548E+01 -5.939489E+01
      vertex 7.000000E+01 2.076548E+01 -5.939489E+01
      vertex 7.000000E+01 2.476548E+01 -5.939489E+01
    endloop
  endfacet
  facet normal 0.000000E+00 -6.343927E-01 7.730110E-01
    outer loop
      vertex 6.700000E+01 1.909877E+01 -5.990048E+01
      vertex 6.700000E+01 1.864416E+01 -6.027357E+01
      vertex 7.000000E+01 1.864416E+01 -6.027357E+01
    endloop
  endfacet
  facet normal 0.000000E+00 -6.343927E-01 7.730110E-01
    outer loop
      vertex 6.700000E+01 1.909877E+01 -5.990048E+01
      vertex 7.000000E+01 1.864416E+01 -6.027357E+01
      vertex 7.000000E+01 1.909877E+01 -5.990048E+01
    endloop
  endfacet
  facet normal 0.000000E+00 -4.713967E-01 8.819213E-01
    outer loop
      vertex 6.700000E+01 1.909877E+01 -5.990048E+01
      vertex 7.000000E+01 1.909877E+01 -5.990048E+01
      vertex 7.000000E+01 1.961743E+01 -5.962325E+01
    endloop
  endfacet
  facet normal 0.000000E+00 -2.902880E-01 9.569393E-01
    outer loop
      vertex 6.700000E+01 1.961743E+01 -5.962325E+01
      vertex 7.000000E+01 1.961743E+01 -5.962325E+01
      vertex 7.000000E+01 2.018021E+01 -5.945253E+01
    endloop
  endfacet
  facet normal 0.000000E+00 -4.713967E-01 8.819213E-01
    outer loop
      vertex 6.700000E+01 1.961743E+01 -5.962325E+01
      vertex 6.700000E+01 1.909877E+01 -5.990048E+01
      vertex 7.000000E+01 1.961743E+01 -5.962325E+01
    endloop
  endfacet
  facet normal 0.000000E+00 -9.801655E-02 9.951848E-01
    outer loop
      vertex 6.700000E+01 2.018021E+01 -5.945253E+01
      vertex 7.000000E+01 2.018021E+01 -5.945253E+01
      vertex 7.000000E+01 2.076548E+01 -5.939489E+01
    endloop
  endfacet
  facet normal 0.000000E+00 -2.902880E-01 9.569393E-01
    outer loop
      vertex 6.700000E+01 2.018021E+01 -5.945253E+01
      vertex 6.700000E+01 1.961743E+01 -5.962325E+01
      vertex 7.000000E+01 2.018021E+01 -5.945253E+01
    endloop
  endfacet
  facet normal 0.000000E+00 -9.801655E-02 9.951848E-01
    outer loop
      vertex 6.700000E+01 2.076548E+01 -5.939489E+01
      vertex 6.700000E+01 2.018021E+01 -5.945253E+01
      vertex 7.000000E+01 2.076548E+01 -5.939489E+01
    endloop
  endfacet
  facet normal 0.000000E+00 -7.071075E-01 7.071060E-01
    outer loop
      vertex 6.700000E+01 1.776548E+01 -6.115225E+01
      vertex 7.000000E+01 1.776548E+01 -6.115225E+01
      vertex 7.000000E+01 1.864416E+01 -6.027357E+01
    endloop
  endfacet
  facet normal 0.000000E+00 -7.071075E-01 7.071060E-01
    outer loop
      vertex 6.700000E+01 1.864416E+01 -6.027357E+01
      vertex 6.700000E+01 1.776548E+01 -6.115225E+01
      vertex 7.000000E+01 1.864416E+01 -6.027357E+01
    endloop
  endfacet
  facet normal 0.000000E+00 1.000000E+00 0.000000E+00
    outer loop
      vertex 6.700000E+01 5.476548E+01 -6.639489E+01
      vertex 6.700000E+01 5.476548E+01 -6.239489E+01
      vertex 7.000000E+01 5.476548E+01 -6.239489E+01
    endloop
  endfacet
  facet normal 0.000000E+00 1.000000E+00 0.000000E+00
    outer loop
      vertex 6.700000E+01 5.476548E+01 -6.639489E+01
      vertex 7.000000E+01 5.476548E+01 -6.239489E+01
      vertex 7.000000E+01 5.476548E+01 -6.639489E+01
    endloop
  endfacet
  facet normal 0.000000E+00 -9.932908E-01 1.156434E-01
    outer loop
      vertex 7.000000E+01 5.096548E+01 -6.289489E+01
      vertex 6.840000E+01 5.096548E+01 -6.289489E+01
      vertex 7.000000E+01 5.093339E+01 -6.317057E+01
    endloop
  endfacet
  facet normal 0.000000E+00 -9.401541E-01 3.407497E-01
    outer loop
      vertex 7.000000E+01 5.093339E+01 -6.317057E+01
      vertex 6.840000E+01 5.093339E+01 -6.317057E+01
      vertex 7.000000E+01 5.083881E+01 -6.343151E+01
    endloop
  endfacet
  facet normal 0.000000E+00 -9.932908E-01 1.156434E-01
    outer loop
      vertex 6.840000E+01 5.096548E+01 -6.289489E+01
      vertex 6.840000E+01 5.093339E+01 -6.317057E+01
      vertex 7.000000E+01 5.093339E+01 -6.317057E+01
    endloop
  endfacet
  facet normal 0.000000E+00 -8.367231E-01 5.476263E-01
    outer loop
      vertex 7.000000E+01 5.083881E+01 -6.343151E+01
      vertex 6.840000E+01 5.083881E+01 -6.343151E+01
      vertex 7.000000E+01 5.068682E+01 -6.366374E+01
    endloop
  endfacet
  facet normal 0.000000E+00 -9.401541E-01 3.407497E-01
    outer loop
      vertex 6.840000E+01 5.093339E+01 -6.317057E+01
      vertex 6.840000E+01 5.083881E+01 -6.343151E+01
      vertex 7.000000E+01 5.083881E+01 -6.343151E+01
    endloop
  endfacet
  facet normal 0.000000E+00 -6.885341E-01 7.252039E-01
    outer loop
      vertex 7.000000E+01 5.068682E+01 -6.366374E+01
      vertex 6.840000E+01 5.068682E+01 -6.366374E+01
      vertex 7.000000E+01 5.048554E+01 -6.385484E+01
    endloop
  endfacet
  facet normal 0.000000E+00 -8.367231E-01 5.476263E-01
    outer loop
      vertex 6.840000E+01 5.083881E+01 -6.343151E+01
      vertex 6.840000E+01 5.068682E+01 -6.366374E+01
      vertex 7.000000E+01 5.068682E+01 -6.366374E+01
    endloop
  endfacet
  facet normal 0.000000E+00 -5.035070E-01 8.639912E-01
    outer loop
      vertex 7.000000E+01 5.048554E+01 -6.385484E+01
      vertex 6.840000E+01 5.048554E+01 -6.385484E+01
      vertex 7.000000E+01 5.024574E+01 -6.399459E+01
    endloop
  endfacet
  facet normal 0.000000E+00 -6.885341E-01 7.252039E-01
    outer loop
      vertex 6.840000E+01 5.068682E+01 -6.366374E+01
      vertex 6.840000E+01 5.048554E+01 -6.385484E+01
      vertex 7.000000E+01 5.048554E+01 -6.385484E+01
    endloop
  endfacet
  facet normal 0.000000E+00 -2.915466E-01 9.565566E-01
    outer loop
      vertex 7.000000E+01 5.024574E+01 -6.399459E+01
      vertex 6.840000E+01 5.024574E+01 -6.399459E+01
      vertex 7.000000E+01 4.998026E+01 -6.407551E+01
    endloop
  endfacet
  facet normal 0.000000E+00 -5.035070E-01 8.639912E-01
    outer loop
      vertex 6.840000E+01 5.048554E+01 -6.385484E+01
      vertex 6.840000E+01 5.024574E+01 -6.399459E+01
      vertex 7.000000E+01 5.024574E+01 -6.399459E+01
    endloop
  endfacet
  facet normal 0.000000E+00 -6.402023E-02 9.979486E-01
    outer loop
      vertex 7.000000E+01 4.998026E+01 -6.407551E+01
      vertex 6.840000E+01 4.998026E+01 -6.407551E+01
      vertex 7.000000E+01 4.970327E+01 -6.409328E+01
    endloop
  endfacet
  facet normal 0.000000E+00 -2.915466E-01 9.565566E-01
    outer loop
      vertex 6.840000E+01 5.024574E+01 -6.399459E+01
      vertex 6.840000E+01 4.998026E+01 -6.407551E+01
      vertex 7.000000E+01 4.998026E+01 -6.407551E+01
    endloop
  endfacet
  facet normal 0.000000E+00 -6.402023E-02 9.979486E-01
    outer loop
      vertex 6.840000E+01 4.998026E+01 -6.407551E+01
      vertex 6.840000E+01 4.970327E+01 -6.409328E+01
      vertex 7.000000E+01 4.970327E+01 -6.409328E+01
    endloop
  endfacet
  facet normal 0.000000E+00 1.669950E-01 9.859577E-01
    outer loop
      vertex 7.000000E+01 4.970327E+01 -6.409328E+01
      vertex 6.840000E+01 4.942963E+01 -6.404693E+01
      vertex 7.000000E+01 4.942963E+01 -6.404693E+01
    endloop
  endfacet
  facet normal -0.000000E+00 1.669950E-01 9.859577E-01
    outer loop
      vertex 6.840000E+01 4.970327E+01 -6.409328E+01
      vertex 6.840000E+01 4.942963E+01 -6.404693E+01
      vertex 7.000000E+01 4.970327E+01 -6.409328E+01
    endloop
  endfacet
  facet normal 0.000000E+00 3.890270E-01 9.212264E-01
    outer loop
      vertex 7.000000E+01 4.942963E+01 -6.404693E+01
      vertex 6.840000E+01 4.917394E+01 -6.393895E+01
      vertex 7.000000E+01 4.917394E+01 -6.393895E+01
    endloop
  endfacet
  facet normal -0.000000E+00 3.890270E-01 9.212264E-01
    outer loop
      vertex 6.840000E+01 4.942963E+01 -6.404693E+01
      vertex 6.840000E+01 4.917394E+01 -6.393895E+01
      vertex 7.000000E+01 4.942963E+01 -6.404693E+01
    endloop
  endfacet
  facet normal 0.000000E+00 5.902667E-01 8.072083E-01
    outer loop
      vertex 7.000000E+01 4.917394E+01 -6.393895E+01
      vertex 6.840000E+01 4.894990E+01 -6.377513E+01
      vertex 7.000000E+01 4.894990E+01 -6.377513E+01
    endloop
  endfacet
  facet normal 0.000000E+00 7.514305E-01 6.598122E-01
    outer loop
      vertex 7.000000E+01 4.894990E+01 -6.377513E+01
      vertex 6.840000E+01 4.894990E+01 -6.377513E+01
      vertex 7.000000E+01 4.878718E+01 -6.358981E+01
    endloop
  endfacet
  facet normal -0.000000E+00 5.902667E-01 8.072083E-01
    outer loop
      vertex 6.840000E+01 4.917394E+01 -6.393895E+01
      vertex 6.840000E+01 4.894990E+01 -6.377513E+01
      vertex 7.000000E+01 4.917394E+01 -6.393895E+01
    endloop
  endfacet
  facet normal 0.000000E+00 8.704401E-01 4.922744E-01
    outer loop
      vertex 7.000000E+01 4.878718E+01 -6.358981E+01
      vertex 6.840000E+01 4.878718E+01 -6.358981E+01
      vertex 7.000000E+01 4.866578E+01 -6.337515E+01
    endloop
  endfacet
  facet normal 0.000000E+00 7.514305E-01 6.598122E-01
    outer loop
      vertex 6.840000E+01 4.894990E+01 -6.377513E+01
      vertex 6.840000E+01 4.878718E+01 -6.358981E+01
      vertex 7.000000E+01 4.878718E+01 -6.358981E+01
    endloop
  endfacet
  facet normal 0.000000E+00 9.526937E-01 3.039320E-01
    outer loop
      vertex 7.000000E+01 4.866578E+01 -6.337515E+01
      vertex 6.840000E+01 4.866578E+01 -6.337515E+01
      vertex 7.000000E+01 4.859082E+01 -6.314020E+01
    endloop
  endfacet
  facet normal 0.000000E+00 8.704401E-01 4.922744E-01
    outer loop
      vertex 6.840000E+01 4.878718E+01 -6.358981E+01
      vertex 6.840000E+01 4.866578E+01 -6.337515E+01
      vertex 7.000000E+01 4.866578E+01 -6.337515E+01
    endloop
  endfacet
  facet normal 0.000000E+00 9.947067E-01 1.027546E-01
    outer loop
      vertex 7.000000E+01 4.859082E+01 -6.314020E+01
      vertex 6.840000E+01 4.859082E+01 -6.314020E+01
      vertex 7.000000E+01 4.856548E+01 -6.289489E+01
    endloop
  endfacet
  facet normal 0.000000E+00 9.526937E-01 3.039320E-01
    outer loop
      vertex 6.840000E+01 4.866578E+01 -6.337515E+01
      vertex 6.840000E+01 4.859082E+01 -6.314020E+01
      vertex 7.000000E+01 4.859082E+01 -6.314020E+01
    endloop
  endfacet
  facet normal 0.000000E+00 9.947067E-01 1.027546E-01
    outer loop
      vertex 6.840000E+01 4.859082E+01 -6.314020E+01
      vertex 6.840000E+01 4.856548E+01 -6.289489E+01
      vertex 7.000000E+01 4.856548E+01 -6.289489E+01
    endloop
  endfacet
  facet normal 0.000000E+00 -9.922308E-01 1.244105E-01
    outer loop
      vertex 7.000000E+01 2.396548E+01 -6.289489E+01
      vertex 6.840000E+01 2.392834E+01 -6.319115E+01
      vertex 7.000000E+01 2.392834E+01 -6.319115E+01
    endloop
  endfacet
  facet normal 0.000000E+00 -9.922308E-01 1.244105E-01
    outer loop
      vertex 6.840000E+01 2.396548E+01 -6.289489E+01
      vertex 6.840000E+01 2.392834E+01 -6.319115E+01
      vertex 7.000000E+01 2.396548E+01 -6.289489E+01
    endloop
  endfacet
  facet normal 0.000000E+00 -9.307994E-01 3.655306E-01
    outer loop
      vertex 7.000000E+01 2.392834E+01 -6.319115E+01
      vertex 6.840000E+01 2.381919E+01 -6.346908E+01
      vertex 7.000000E+01 2.381919E+01 -6.346908E+01
    endloop
  endfacet
  facet normal 0.000000E+00 -9.307994E-01 3.655306E-01
    outer loop
      vertex 6.840000E+01 2.392834E+01 -6.319115E+01
      vertex 6.840000E+01 2.381919E+01 -6.346908E+01
      vertex 7.000000E+01 2.392834E+01 -6.319115E+01
    endloop
  endfacet
  facet normal 0.000000E+00 -8.117411E-01 5.840175E-01
    outer loop
      vertex 7.000000E+01 2.381919E+01 -6.346908E+01
      vertex 6.840000E+01 2.364481E+01 -6.371145E+01
      vertex 7.000000E+01 2.364481E+01 -6.371145E+01
    endloop
  endfacet
  facet normal 0.000000E+00 -8.117411E-01 5.840175E-01
    outer loop
      vertex 6.840000E+01 2.381919E+01 -6.346908E+01
      vertex 6.840000E+01 2.364481E+01 -6.371145E+01
      vertex 7.000000E+01 2.381919E+01 -6.346908E+01
    endloop
  endfacet
  facet normal 0.000000E+00 -6.424204E-01 7.663524E-01
    outer loop
      vertex 7.000000E+01 2.364481E+01 -6.371145E+01
      vertex 6.840000E+01 2.341599E+01 -6.390327E+01
      vertex 7.000000E+01 2.341599E+01 -6.390327E+01
    endloop
  endfacet
  facet normal 0.000000E+00 -4.384028E-01 8.987786E-01
    outer loop
      vertex 7.000000E+01 2.341599E+01 -6.390327E+01
      vertex 6.840000E+01 2.341599E+01 -6.390327E+01
      vertex 7.000000E+01 2.315970E+01 -6.402828E+01
    endloop
  endfacet
  facet normal 0.000000E+00 -6.424204E-01 7.663524E-01
    outer loop
      vertex 6.840000E+01 2.364481E+01 -6.371145E+01
      vertex 6.840000E+01 2.341599E+01 -6.390327E+01
      vertex 7.000000E+01 2.364481E+01 -6.371145E+01
    endloop
  endfacet
  facet normal 0.000000E+00 -2.139875E-01 9.768364E-01
    outer loop
      vertex 7.000000E+01 2.315970E+01 -6.402828E+01
      vertex 6.840000E+01 2.315970E+01 -6.402828E+01
      vertex 7.000000E+01 2.288115E+01 -6.408930E+01
    endloop
  endfacet
  facet normal 0.000000E+00 -4.384028E-01 8.987786E-01
    outer loop
      vertex 6.840000E+01 2.341599E+01 -6.390327E+01
      vertex 6.840000E+01 2.315970E+01 -6.402828E+01
      vertex 7.000000E+01 2.315970E+01 -6.402828E+01
    endloop
  endfacet
  facet normal 0.000000E+00 2.255473E-02 9.997457E-01
    outer loop
      vertex 7.000000E+01 2.288115E+01 -6.408930E+01
      vertex 6.840000E+01 2.288115E+01 -6.408930E+01
      vertex 7.000000E+01 2.259607E+01 -6.408287E+01
    endloop
  endfacet
  facet normal 0.000000E+00 -2.139875E-01 9.768364E-01
    outer loop
      vertex 6.840000E+01 2.315970E+01 -6.402828E+01
      vertex 6.840000E+01 2.288115E+01 -6.408930E+01
      vertex 7.000000E+01 2.288115E+01 -6.408930E+01
    endloop
  endfacet
  facet normal 0.000000E+00 2.578142E-01 9.661945E-01
    outer loop
      vertex 7.000000E+01 2.259607E+01 -6.408287E+01
      vertex 6.840000E+01 2.259607E+01 -6.408287E+01
      vertex 7.000000E+01 2.232055E+01 -6.400935E+01
    endloop
  endfacet
  facet normal 0.000000E+00 2.255473E-02 9.997457E-01
    outer loop
      vertex 6.840000E+01 2.288115E+01 -6.408930E+01
      vertex 6.840000E+01 2.259607E+01 -6.408287E+01
      vertex 7.000000E+01 2.259607E+01 -6.408287E+01
    endloop
  endfacet
  facet normal 0.000000E+00 4.784931E-01 8.780913E-01
    outer loop
      vertex 7.000000E+01 2.232055E+01 -6.400935E+01
      vertex 6.840000E+01 2.232055E+01 -6.400935E+01
      vertex 7.000000E+01 2.207016E+01 -6.387291E+01
    endloop
  endfacet
  facet normal 0.000000E+00 2.578142E-01 9.661945E-01
    outer loop
      vertex 6.840000E+01 2.259607E+01 -6.408287E+01
      vertex 6.840000E+01 2.232055E+01 -6.400935E+01
      vertex 7.000000E+01 2.232055E+01 -6.400935E+01
    endloop
  endfacet
  facet normal 0.000000E+00 6.721632E-01 7.404030E-01
    outer loop
      vertex 7.000000E+01 2.207016E+01 -6.387291E+01
      vertex 6.840000E+01 2.207016E+01 -6.387291E+01
      vertex 7.000000E+01 2.185904E+01 -6.368124E+01
    endloop
  endfacet
  facet normal 0.000000E+00 4.784931E-01 8.780913E-01
    outer loop
      vertex 6.840000E+01 2.232055E+01 -6.400935E+01
      vertex 6.840000E+01 2.207016E+01 -6.387291E+01
      vertex 7.000000E+01 2.207016E+01 -6.387291E+01
    endloop
  endfacet
  facet normal 0.000000E+00 8.278789E-01 5.609069E-01
    outer loop
      vertex 7.000000E+01 2.185904E+01 -6.368124E+01
      vertex 6.840000E+01 2.185904E+01 -6.368124E+01
      vertex 7.000000E+01 2.169909E+01 -6.344517E+01
    endloop
  endfacet
  facet normal 0.000000E+00 6.721632E-01 7.404030E-01
    outer loop
      vertex 6.840000E+01 2.207016E+01 -6.387291E+01
      vertex 6.840000E+01 2.185904E+01 -6.368124E+01
      vertex 7.000000E+01 2.185904E+01 -6.368124E+01
    endloop
  endfacet
  facet normal 0.000000E+00 9.368499E-01 3.497318E-01
    outer loop
      vertex 7.000000E+01 2.169909E+01 -6.344517E+01
      vertex 6.840000E+01 2.169909E+01 -6.344517E+01
      vertex 7.000000E+01 2.159936E+01 -6.317802E+01
    endloop
  endfacet
  facet normal 0.000000E+00 8.278789E-01 5.609069E-01
    outer loop
      vertex 6.840000E+01 2.185904E+01 -6.368124E+01
      vertex 6.840000E+01 2.169909E+01 -6.344517E+01
      vertex 7.000000E+01 2.169909E+01 -6.344517E+01
    endloop
  endfacet
  facet normal 0.000000E+00 9.929166E-01 1.188137E-01
    outer loop
      vertex 7.000000E+01 2.159936E+01 -6.317802E+01
      vertex 6.840000E+01 2.159936E+01 -6.317802E+01
      vertex 7.000000E+01 2.156548E+01 -6.289489E+01
    endloop
  endfacet
  facet normal 0.000000E+00 9.368499E-01 3.497318E-01
    outer loop
      vertex 6.840000E+01 2.169909E+01 -6.344517E+01
      vertex 6.840000E+01 2.159936E+01 -6.317802E+01
      vertex 7.000000E+01 2.159936E+01 -6.317802E+01
    endloop
  endfacet
  facet normal 0.000000E+00 9.929166E-01 1.188137E-01
    outer loop
      vertex 6.840000E+01 2.159936E+01 -6.317802E+01
      vertex 6.840000E+01 2.156548E+01 -6.289489E+01
      vertex 7.000000E+01 2.156548E+01 -6.289489E+01
    endloop
  endfacet
  facet normal 0.000000E+00 7.071087E-01 7.071047E-01
    outer loop
      vertex 6.700000E+01 2.300812E+01 -6.639489E+01
      vertex 3.000000E+00 2.300812E+01 -6.639489E+01
      vertex 3.000000E+00 2.165812E+01 -6.504488E+01
    endloop
  endfacet
  facet normal 0.000000E+00 7.071087E-01 7.071047E-01
    outer loop
      vertex 6.700000E+01 2.165812E+01 -6.504488E+01
      vertex 6.700000E+01 2.300812E+01 -6.639489E+01
      vertex 3.000000E+00 2.165812E+01 -6.504488E+01
    endloop
  endfacet
  facet normal 0.000000E+00 7.071004E-01 7.071131E-01
    outer loop
      vertex 6.700000E+01 2.134121E+01 -6.472797E+01
      vertex 3.000000E+00 2.165812E+01 -6.504488E+01
      vertex 3.000000E+00 2.134121E+01 -6.472797E+01
    endloop
  endfacet
  facet normal 0.000000E+00 7.071004E-01 7.071131E-01
    outer loop
      vertex 6.700000E+01 2.134121E+01 -6.472797E+01
      vertex 6.700000E+01 2.165812E+01 -6.504488E+01
      vertex 3.000000E+00 2.165812E+01 -6.504488E+01
    endloop
  endfacet
  facet normal 0.000000E+00 7.071068E-01 7.071068E-01
    outer loop
      vertex 6.700000E+01 1.776548E+01 -6.115225E+01
      vertex 3.000000E+00 2.134121E+01 -6.472797E+01
      vertex 3.000000E+00 1.776548E+01 -6.115225E+01
    endloop
  endfacet
  facet normal 0.000000E+00 7.071068E-01 7.071068E-01
    outer loop
      vertex 6.700000E+01 1.776548E+01 -6.115225E+01
      vertex 6.700000E+01 2.134121E+01 -6.472797E+01
      vertex 3.000000E+00 2.134121E+01 -6.472797E+01
    endloop
  endfacet
  facet normal 0.000000E+00 -8.660253E-01 -5.000002E-01
    outer loop
      vertex 3.000000E+00 5.100679E+01 -6.074489E+01
      vertex 1.600000E+00 5.224809E+01 -6.289489E+01
      vertex 3.000000E+00 5.224809E+01 -6.289489E+01
    endloop
  endfacet
  facet normal 0.000000E+00 -8.660253E-01 -5.000002E-01
    outer loop
      vertex 1.600000E+00 5.100679E+01 -6.074489E+01
      vertex 1.600000E+00 5.224809E+01 -6.289489E+01
      vertex 3.000000E+00 5.100679E+01 -6.074489E+01
    endloop
  endfacet
  facet normal 0.000000E+00 0.000000E+00 -1.000000E+00
    outer loop
      vertex 3.000000E+00 4.852418E+01 -6.074489E+01
      vertex 1.600000E+00 5.100679E+01 -6.074489E+01
      vertex 3.000000E+00 5.100679E+01 -6.074489E+01
    endloop
  endfacet
  facet normal 0.000000E+00 0.000000E+00 -1.000000E+00
    outer loop
      vertex 1.600000E+00 4.852418E+01 -6.074489E+01
      vertex 1.600000E+00 5.100679E+01 -6.074489E+01
      vertex 3.000000E+00 4.852418E+01 -6.074489E+01
    endloop
  endfacet
  facet normal 0.000000E+00 8.660253E-01 -5.000002E-01
    outer loop
      vertex 3.000000E+00 4.728288E+01 -6.289489E+01
      vertex 1.600000E+00 4.852418E+01 -6.074489E+01
      vertex 3.000000E+00 4.852418E+01 -6.074489E+01
    endloop
  endfacet
  facet normal 0.000000E+00 8.660253E-01 -5.000002E-01
    outer loop
      vertex 1.600000E+00 4.728288E+01 -6.289489E+01
      vertex 1.600000E+00 4.852418E+01 -6.074489E+01
      vertex 3.000000E+00 4.728288E+01 -6.289489E+01
    endloop
  endfacet
  facet normal 0.000000E+00 8.660253E-01 5.000002E-01
    outer loop
      vertex 3.000000E+00 4.852418E+01 -6.504488E+01
      vertex 1.600000E+00 4.728288E+01 -6.289489E+01
      vertex 3.000000E+00 4.728288E+01 -6.289489E+01
    endloop
  endfacet
  facet normal -0.000000E+00 8.660253E-01 5.000002E-01
    outer loop
      vertex 1.600000E+00 4.852418E+01 -6.504488E+01
      vertex 1.600000E+00 4.728288E+01 -6.289489E+01
      vertex 3.000000E+00 4.852418E+01 -6.504488E+01
    endloop
  endfacet
  facet normal 0.000000E+00 0.000000E+00 1.000000E+00
    outer loop
      vertex 3.000000E+00 5.100679E+01 -6.504488E+01
      vertex 1.600000E+00 4.852418E+01 -6.504488E+01
      vertex 3.000000E+00 4.852418E+01 -6.504488E+01
    endloop
  endfacet
  facet normal -0.000000E+00 0.000000E+00 1.000000E+00
    outer loop
      vertex 1.600000E+00 5.100679E+01 -6.504488E+01
      vertex 1.600000E+00 4.852418E+01 -6.504488E+01
      vertex 3.000000E+00 5.100679E+01 -6.504488E+01
    endloop
  endfacet
  facet normal 0.000000E+00 -8.660253E-01 5.000002E-01
    outer loop
      vertex 3.000000E+00 5.224809E+01 -6.289489E+01
      vertex 1.600000E+00 5.100679E+01 -6.504488E+01
      vertex 3.000000E+00 5.100679E+01 -6.504488E+01
    endloop
  endfacet
  facet normal 0.000000E+00 -8.660253E-01 5.000002E-01
    outer loop
      vertex 1.600000E+00 5.224809E+01 -6.289489E+01
      vertex 1.600000E+00 5.100679E+01 -6.504488E+01
      vertex 3.000000E+00 5.224809E+01 -6.289489E+01
    endloop
  endfacet
  facet normal 1.000000E+00 0.000000E+00 0.000000E+00
    outer loop
      vertex 1.600000E+00 4.878718E+01 -6.358981E+01
      vertex 1.600000E+00 4.728288E+01 -6.289489E+01
      vertex 1.600000E+00 4.852418E+01 -6.504488E+01
    endloop
  endfacet
  facet normal 1.000000E+00 0.000000E+00 0.000000E+00
    outer loop
      vertex 1.600000E+00 4.878718E+01 -6.358981E+01
      vertex 1.600000E+00 4.852418E+01 -6.504488E+01
      vertex 1.600000E+00 4.894990E+01 -6.377513E+01
    endloop
  endfacet
  facet normal 1.000000E+00 0.000000E+00 0.000000E+00
    outer loop
      vertex 1.600000E+00 4.917394E+01 -6.393895E+01
      vertex 1.600000E+00 4.894990E+01 -6.377513E+01
      vertex 1.600000E+00 4.852418E+01 -6.504488E+01
    endloop
  endfacet
  facet normal 1.000000E+00 0.000000E+00 0.000000E+00
    outer loop
      vertex 1.600000E+00 4.866578E+01 -6.337515E+01
      vertex 1.600000E+00 4.728288E+01 -6.289489E+01
      vertex 1.600000E+00 4.878718E+01 -6.358981E+01
    endloop
  endfacet
  facet normal 1.000000E+00 0.000000E+00 0.000000E+00
    outer loop
      vertex 1.600000E+00 4.942963E+01 -6.404693E+01
      vertex 1.600000E+00 4.917394E+01 -6.393895E+01
      vertex 1.600000E+00 4.852418E+01 -6.504488E+01
    endloop
  endfacet
  facet normal 1.000000E+00 0.000000E+00 0.000000E+00
    outer loop
      vertex 1.600000E+00 4.859082E+01 -6.314020E+01
      vertex 1.600000E+00 4.728288E+01 -6.289489E+01
      vertex 1.600000E+00 4.866578E+01 -6.337515E+01
    endloop
  endfacet
  facet normal 1.000000E+00 0.000000E+00 0.000000E+00
    outer loop
      vertex 1.600000E+00 4.970327E+01 -6.409328E+01
      vertex 1.600000E+00 4.942963E+01 -6.404693E+01
      vertex 1.600000E+00 4.852418E+01 -6.504488E+01
    endloop
  endfacet
  facet normal 1.000000E+00 0.000000E+00 0.000000E+00
    outer loop
      vertex 1.600000E+00 4.856548E+01 -6.289489E+01
      vertex 1.600000E+00 4.728288E+01 -6.289489E+01
      vertex 1.600000E+00 4.859082E+01 -6.314020E+01
    endloop
  endfacet
  facet normal 1.000000E+00 0.000000E+00 0.000000E+00
    outer loop
      vertex 1.600000E+00 5.100679E+01 -6.504488E+01
      vertex 1.600000E+00 4.998026E+01 -6.407551E+01
      vertex 1.600000E+00 4.970327E+01 -6.409328E+01
    endloop
  endfacet
  facet normal 1.000000E+00 0.000000E+00 0.000000E+00
    outer loop
      vertex 1.600000E+00 5.100679E+01 -6.504488E+01
      vertex 1.600000E+00 4.970327E+01 -6.409328E+01
      vertex 1.600000E+00 4.852418E+01 -6.504488E+01
    endloop
  endfacet
  facet normal 1.000000E+00 0.000000E+00 0.000000E+00
    outer loop
      vertex 1.600000E+00 4.860035E+01 -6.260771E+01
      vertex 1.600000E+00 4.728288E+01 -6.289489E+01
      vertex 1.600000E+00 4.856548E+01 -6.289489E+01
    endloop
  endfacet
  facet normal 1.000000E+00 0.000000E+00 0.000000E+00
    outer loop
      vertex 1.600000E+00 5.024574E+01 -6.399459E+01
      vertex 1.600000E+00 4.998026E+01 -6.407551E+01
      vertex 1.600000E+00 5.100679E+01 -6.504488E+01
    endloop
  endfacet
  facet normal 1.000000E+00 0.000000E+00 0.000000E+00
    outer loop
      vertex 1.600000E+00 4.870293E+01 -6.233722E+01
      vertex 1.600000E+00 4.728288E+01 -6.289489E+01
      vertex 1.600000E+00 4.860035E+01 -6.260771E+01
    endloop
  endfacet
  facet normal 1.000000E+00 0.000000E+00 0.000000E+00
    outer loop
      vertex 1.600000E+00 5.048554E+01 -6.385484E+01
      vertex 1.600000E+00 5.024574E+01 -6.399459E+01
      vertex 1.600000E+00 5.100679E+01 -6.504488E+01
    endloop
  endfacet
  facet normal 1.000000E+00 0.000000E+00 0.000000E+00
    outer loop
      vertex 1.600000E+00 5.068682E+01 -6.366374E+01
      vertex 1.600000E+00 5.048554E+01 -6.385484E+01
      vertex 1.600000E+00 5.100679E+01 -6.504488E+01
    endloop
  endfacet
  facet normal 1.000000E+00 0.000000E+00 0.000000E+00
    outer loop
      vertex 1.600000E+00 5.083881E+01 -6.343151E+01
      vertex 1.600000E+00 5.068682E+01 -6.366374E+01
      vertex 1.600000E+00 5.100679E+01 -6.504488E+01
    endloop
  endfacet
  facet normal 1.000000E+00 0.000000E+00 0.000000E+00
    outer loop
      vertex 1.600000E+00 4.852418E+01 -6.074489E+01
      vertex 1.600000E+00 4.908381E+01 -6.190731E+01
      vertex 1.600000E+00 4.933996E+01 -6.177287E+01
    endloop
  endfacet
  facet normal 1.000000E+00 0.000000E+00 0.000000E+00
    outer loop
      vertex 1.600000E+00 4.852418E+01 -6.074489E+01
      vertex 1.600000E+00 4.886727E+01 -6.209914E+01
      vertex 1.600000E+00 4.908381E+01 -6.190731E+01
    endloop
  endfacet
  facet normal 1.000000E+00 0.000000E+00 0.000000E+00
    outer loop
      vertex 1.600000E+00 4.852418E+01 -6.074489E+01
      vertex 1.600000E+00 4.870293E+01 -6.233722E+01
      vertex 1.600000E+00 4.886727E+01 -6.209914E+01
    endloop
  endfacet
  facet normal 1.000000E+00 0.000000E+00 0.000000E+00
    outer loop
      vertex 1.600000E+00 4.852418E+01 -6.074489E+01
      vertex 1.600000E+00 4.728288E+01 -6.289489E+01
      vertex 1.600000E+00 4.870293E+01 -6.233722E+01
    endloop
  endfacet
  facet normal 1.000000E+00 0.000000E+00 0.000000E+00
    outer loop
      vertex 1.600000E+00 4.962084E+01 -6.170364E+01
      vertex 1.600000E+00 4.852418E+01 -6.074489E+01
      vertex 1.600000E+00 4.933996E+01 -6.177287E+01
    endloop
  endfacet
  facet normal 1.000000E+00 0.000000E+00 0.000000E+00
    outer loop
      vertex 1.600000E+00 4.991013E+01 -6.170364E+01
      vertex 1.600000E+00 4.852418E+01 -6.074489E+01
      vertex 1.600000E+00 4.962084E+01 -6.170364E+01
    endloop
  endfacet
  facet normal 1.000000E+00 0.000000E+00 0.000000E+00
    outer loop
      vertex 1.600000E+00 5.224809E+01 -6.289489E+01
      vertex 1.600000E+00 5.093339E+01 -6.317057E+01
      vertex 1.600000E+00 5.083881E+01 -6.343151E+01
    endloop
  endfacet
  facet normal 1.000000E+00 0.000000E+00 0.000000E+00
    outer loop
      vertex 1.600000E+00 5.224809E+01 -6.289489E+01
      vertex 1.600000E+00 5.096548E+01 -6.289489E+01
      vertex 1.600000E+00 5.093339E+01 -6.317057E+01
    endloop
  endfacet
  facet normal 1.000000E+00 0.000000E+00 0.000000E+00
    outer loop
      vertex 1.600000E+00 5.224809E+01 -6.289489E+01
      vertex 1.600000E+00 5.093061E+01 -6.260771E+01
      vertex 1.600000E+00 5.096548E+01 -6.289489E+01
    endloop
  endfacet
  facet normal 1.000000E+00 0.000000E+00 0.000000E+00
    outer loop
      vertex 1.600000E+00 5.224809E+01 -6.289489E+01
      vertex 1.600000E+00 5.082803E+01 -6.233722E+01
      vertex 1.600000E+00 5.093061E+01 -6.260771E+01
    endloop
  endfacet
  facet normal 1.000000E+00 0.000000E+00 0.000000E+00
    outer loop
      vertex 1.600000E+00 5.224809E+01 -6.289489E+01
      vertex 1.600000E+00 5.083881E+01 -6.343151E+01
      vertex 1.600000E+00 5.100679E+01 -6.504488E+01
    endloop
  endfacet
  facet normal 1.000000E+00 0.000000E+00 0.000000E+00
    outer loop
      vertex 1.600000E+00 5.100679E+01 -6.074489E+01
      vertex 1.600000E+00 5.066370E+01 -6.209914E+01
      vertex 1.600000E+00 5.082803E+01 -6.233722E+01
    endloop
  endfacet
  facet normal 1.000000E+00 0.000000E+00 0.000000E+00
    outer loop
      vertex 1.600000E+00 5.100679E+01 -6.074489E+01
      vertex 1.600000E+00 5.044716E+01 -6.190731E+01
      vertex 1.600000E+00 5.066370E+01 -6.209914E+01
    endloop
  endfacet
  facet normal 1.000000E+00 0.000000E+00 0.000000E+00
    outer loop
      vertex 1.600000E+00 5.100679E+01 -6.074489E+01
      vertex 1.600000E+00 5.019101E+01 -6.177287E+01
      vertex 1.600000E+00 5.044716E+01 -6.190731E+01
    endloop
  endfacet
  facet normal 1.000000E+00 0.000000E+00 0.000000E+00
    outer loop
      vertex 1.600000E+00 5.100679E+01 -6.074489E+01
      vertex 1.600000E+00 4.991013E+01 -6.170364E+01
      vertex 1.600000E+00 5.019101E+01 -6.177287E+01
    endloop
  endfacet
  facet normal 1.000000E+00 0.000000E+00 0.000000E+00
    outer loop
      vertex 1.600000E+00 5.100679E+01 -6.074489E+01
      vertex 1.600000E+00 5.082803E+01 -6.233722E+01
      vertex 1.600000E+00 5.224809E+01 -6.289489E+01
    endloop
  endfacet
  facet normal 1.000000E+00 0.000000E+00 0.000000E+00
    outer loop
      vertex 1.600000E+00 5.100679E+01 -6.074489E+01
      vertex 1.600000E+00 4.852418E+01 -6.074489E+01
      vertex 1.600000E+00 4.991013E+01 -6.170364E+01
    endloop
  endfacet
  facet normal 0.000000E+00 -8.660253E-01 -5.000002E-01
    outer loop
      vertex 3.000000E+00 2.400679E+01 -6.074489E+01
      vertex 1.600000E+00 2.524809E+01 -6.289489E+01
      vertex 3.000000E+00 2.524809E+01 -6.289489E+01
    endloop
  endfacet
  facet normal 0.000000E+00 -8.660253E-01 -5.000002E-01
    outer loop
      vertex 1.600000E+00 2.400679E+01 -6.074489E+01
      vertex 1.600000E+00 2.524809E+01 -6.289489E+01
      vertex 3.000000E+00 2.400679E+01 -6.074489E+01
    endloop
  endfacet
  facet normal 0.000000E+00 0.000000E+00 -1.000000E+00
    outer loop
      vertex 3.000000E+00 2.152418E+01 -6.074489E+01
      vertex 1.600000E+00 2.400679E+01 -6.074489E+01
      vertex 3.000000E+00 2.400679E+01 -6.074489E+01
    endloop
  endfacet
  facet normal 0.000000E+00 0.000000E+00 -1.000000E+00
    outer loop
      vertex 1.600000E+00 2.152418E+01 -6.074489E+01
      vertex 1.600000E+00 2.400679E+01 -6.074489E+01
      vertex 3.000000E+00 2.152418E+01 -6.074489E+01
    endloop
  endfacet
  facet normal 0.000000E+00 8.660253E-01 -5.000002E-01
    outer loop
      vertex 3.000000E+00 2.028288E+01 -6.289489E+01
      vertex 1.600000E+00 2.152418E+01 -6.074489E+01
      vertex 3.000000E+00 2.152418E+01 -6.074489E+01
    endloop
  endfacet
  facet normal 0.000000E+00 8.660253E-01 -5.000002E-01
    outer loop
      vertex 1.600000E+00 2.028288E+01 -6.289489E+01
      vertex 1.600000E+00 2.152418E+01 -6.074489E+01
      vertex 3.000000E+00 2.028288E+01 -6.289489E+01
    endloop
  endfacet
  facet normal 0.000000E+00 8.660230E-01 5.000043E-01
    outer loop
      vertex 3.000000E+00 2.152418E+01 -6.504488E+01
      vertex 1.600000E+00 2.152418E+01 -6.504488E+01
      vertex 3.000000E+00 2.134121E+01 -6.472797E+01
    endloop
  endfacet
  facet normal 0.000000E+00 8.660257E-01 4.999995E-01
    outer loop
      vertex 3.000000E+00 2.134121E+01 -6.472797E+01
      vertex 1.600000E+00 2.028288E+01 -6.289489E+01
      vertex 3.000000E+00 2.028288E+01 -6.289489E+01
    endloop
  endfacet
  facet normal 1.226170E-06 8.660253E-01 5.000002E-01
    outer loop
      vertex 1.600000E+00 2.152418E+01 -6.504488E+01
      vertex 1.600000E+00 2.028288E+01 -6.289489E+01
      vertex 3.000000E+00 2.134121E+01 -6.472797E+01
    endloop
  endfacet
  facet normal -0.000000E+00 0.000000E+00 1.000000E+00
    outer loop
      vertex 1.600000E+00 2.400679E+01 -6.504488E+01
      vertex 3.000000E+00 2.165812E+01 -6.504488E+01
      vertex 3.000000E+00 2.400679E+01 -6.504488E+01
    endloop
  endfacet
  facet normal 0.000000E+00 0.000000E+00 1.000000E+00
    outer loop
      vertex 3.000000E+00 2.165812E+01 -6.504488E+01
      vertex 1.600000E+00 2.152418E+01 -6.504488E+01
      vertex 3.000000E+00 2.152418E+01 -6.504488E+01
    endloop
  endfacet
  facet normal 0.000000E+00 0.000000E+00 1.000000E+00
    outer loop
      vertex 1.600000E+00 2.400679E+01 -6.504488E+01
      vertex 1.600000E+00 2.152418E+01 -6.504488E+01
      vertex 3.000000E+00 2.165812E+01 -6.504488E+01
    endloop
  endfacet
  facet normal 0.000000E+00 -8.660253E-01 5.000002E-01
    outer loop
      vertex 3.000000E+00 2.524809E+01 -6.289489E+01
      vertex 1.600000E+00 2.400679E+01 -6.504488E+01
      vertex 3.000000E+00 2.400679E+01 -6.504488E+01
    endloop
  endfacet
  facet normal 0.000000E+00 -8.660253E-01 5.000002E-01
    outer loop
      vertex 1.600000E+00 2.524809E+01 -6.289489E+01
      vertex 1.600000E+00 2.400679E+01 -6.504488E+01
      vertex 3.000000E+00 2.524809E+01 -6.289489E+01
    endloop
  endfacet
  facet normal 1.000000E+00 0.000000E+00 0.000000E+00
    outer loop
      vertex 1.600000E+00 2.524809E+01 -6.289489E+01
      vertex 1.600000E+00 2.392834E+01 -6.319115E+01
      vertex 1.600000E+00 2.381919E+01 -6.346908E+01
    endloop
  endfacet
  facet normal 1.000000E+00 0.000000E+00 0.000000E+00
    outer loop
      vertex 1.600000E+00 2.524809E+01 -6.289489E+01
      vertex 1.600000E+00 2.396548E+01 -6.289489E+01
      vertex 1.600000E+00 2.392834E+01 -6.319115E+01
    endloop
  endfacet
  facet normal 1.000000E+00 0.000000E+00 0.000000E+00
    outer loop
      vertex 1.600000E+00 2.524809E+01 -6.289489E+01
      vertex 1.600000E+00 2.393061E+01 -6.260771E+01
      vertex 1.600000E+00 2.396548E+01 -6.289489E+01
    endloop
  endfacet
  facet normal 1.000000E+00 0.000000E+00 0.000000E+00
    outer loop
      vertex 1.600000E+00 2.524809E+01 -6.289489E+01
      vertex 1.600000E+00 2.382803E+01 -6.233722E+01
      vertex 1.600000E+00 2.393061E+01 -6.260771E+01
    endloop
  endfacet
  facet normal 1.000000E+00 0.000000E+00 0.000000E+00
    outer loop
      vertex 1.600000E+00 2.524809E+01 -6.289489E+01
      vertex 1.600000E+00 2.381919E+01 -6.346908E+01
      vertex 1.600000E+00 2.400679E+01 -6.504488E+01
    endloop
  endfacet
  facet normal 1.000000E+00 0.000000E+00 0.000000E+00
    outer loop
      vertex 1.600000E+00 2.400679E+01 -6.074489E+01
      vertex 1.600000E+00 2.366370E+01 -6.209914E+01
      vertex 1.600000E+00 2.382803E+01 -6.233722E+01
    endloop
  endfacet
  facet normal 1.000000E+00 0.000000E+00 0.000000E+00
    outer loop
      vertex 1.600000E+00 2.400679E+01 -6.074489E+01
      vertex 1.600000E+00 2.344716E+01 -6.190731E+01
      vertex 1.600000E+00 2.366370E+01 -6.209914E+01
    endloop
  endfacet
  facet normal 1.000000E+00 0.000000E+00 0.000000E+00
    outer loop
      vertex 1.600000E+00 2.207016E+01 -6.387291E+01
      vertex 1.600000E+00 2.185904E+01 -6.368124E+01
      vertex 1.600000E+00 2.152418E+01 -6.504488E+01
    endloop
  endfacet
  facet normal 1.000000E+00 0.000000E+00 0.000000E+00
    outer loop
      vertex 1.600000E+00 2.400679E+01 -6.074489E+01
      vertex 1.600000E+00 2.319101E+01 -6.177287E+01
      vertex 1.600000E+00 2.344716E+01 -6.190731E+01
    endloop
  endfacet
  facet normal 1.000000E+00 0.000000E+00 0.000000E+00
    outer loop
      vertex 1.600000E+00 2.400679E+01 -6.074489E+01
      vertex 1.600000E+00 2.291013E+01 -6.170364E+01
      vertex 1.600000E+00 2.319101E+01 -6.177287E+01
    endloop
  endfacet
  facet normal 1.000000E+00 0.000000E+00 0.000000E+00
    outer loop
      vertex 1.600000E+00 2.400679E+01 -6.074489E+01
      vertex 1.600000E+00 2.382803E+01 -6.233722E+01
      vertex 1.600000E+00 2.524809E+01 -6.289489E+01
    endloop
  endfacet
  facet normal 1.000000E+00 0.000000E+00 0.000000E+00
    outer loop
      vertex 1.600000E+00 2.169909E+01 -6.344517E+01
      vertex 1.600000E+00 2.028288E+01 -6.289489E+01
      vertex 1.600000E+00 2.152418E+01 -6.504488E+01
    endloop
  endfacet
  facet normal 1.000000E+00 0.000000E+00 0.000000E+00
    outer loop
      vertex 1.600000E+00 2.400679E+01 -6.074489E+01
      vertex 1.600000E+00 2.152418E+01 -6.074489E+01
      vertex 1.600000E+00 2.291013E+01 -6.170364E+01
    endloop
  endfacet
  facet normal 1.000000E+00 0.000000E+00 0.000000E+00
    outer loop
      vertex 1.600000E+00 2.169909E+01 -6.344517E+01
      vertex 1.600000E+00 2.152418E+01 -6.504488E+01
      vertex 1.600000E+00 2.185904E+01 -6.368124E+01
    endloop
  endfacet
  facet normal 1.000000E+00 0.000000E+00 0.000000E+00
    outer loop
      vertex 1.600000E+00 2.232055E+01 -6.400935E+01
      vertex 1.600000E+00 2.207016E+01 -6.387291E+01
      vertex 1.600000E+00 2.152418E+01 -6.504488E+01
    endloop
  endfacet
  facet normal 1.000000E+00 0.000000E+00 0.000000E+00
    outer loop
      vertex 1.600000E+00 2.159936E+01 -6.317802E+01
      vertex 1.600000E+00 2.028288E+01 -6.289489E+01
      vertex 1.600000E+00 2.169909E+01 -6.344517E+01
    endloop
  endfacet
  facet normal 1.000000E+00 0.000000E+00 0.000000E+00
    outer loop
      vertex 1.600000E+00 2.259607E+01 -6.408287E+01
      vertex 1.600000E+00 2.232055E+01 -6.400935E+01
      vertex 1.600000E+00 2.152418E+01 -6.504488E+01
    endloop
  endfacet
  facet normal 1.000000E+00 0.000000E+00 0.000000E+00
    outer loop
      vertex 1.600000E+00 2.156548E+01 -6.289489E+01
      vertex 1.600000E+00 2.028288E+01 -6.289489E+01
      vertex 1.600000E+00 2.159936E+01 -6.317802E+01
    endloop
  endfacet
  facet normal 1.000000E+00 0.000000E+00 0.000000E+00
    outer loop
      vertex 1.600000E+00 2.288115E+01 -6.408930E+01
      vertex 1.600000E+00 2.259607E+01 -6.408287E+01
      vertex 1.600000E+00 2.152418E+01 -6.504488E+01
    endloop
  endfacet
  facet normal 1.000000E+00 0.000000E+00 0.000000E+00
    outer loop
      vertex 1.600000E+00 2.400679E+01 -6.504488E+01
      vertex 1.600000E+00 2.288115E+01 -6.408930E+01
      vertex 1.600000E+00 2.152418E+01 -6.504488E+01
    endloop
  endfacet
  facet normal 1.000000E+00 0.000000E+00 0.000000E+00
    outer loop
      vertex 1.600000E+00 2.160035E+01 -6.260771E+01
      vertex 1.600000E+00 2.028288E+01 -6.289489E+01
      vertex 1.600000E+00 2.156548E+01 -6.289489E+01
    endloop
  endfacet
  facet normal 1.000000E+00 0.000000E+00 0.000000E+00
    outer loop
      vertex 1.600000E+00 2.315970E+01 -6.402828E+01
      vertex 1.600000E+00 2.288115E+01 -6.408930E+01
      vertex 1.600000E+00 2.400679E+01 -6.504488E+01
    endloop
  endfacet
  facet normal 1.000000E+00 0.000000E+00 0.000000E+00
    outer loop
      vertex 1.600000E+00 2.170294E+01 -6.233722E+01
      vertex 1.600000E+00 2.028288E+01 -6.289489E+01
      vertex 1.600000E+00 2.160035E+01 -6.260771E+01
    endloop
  endfacet
  facet normal 1.000000E+00 0.000000E+00 0.000000E+00
    outer loop
      vertex 1.600000E+00 2.341599E+01 -6.390327E+01
      vertex 1.600000E+00 2.315970E+01 -6.402828E+01
      vertex 1.600000E+00 2.400679E+01 -6.504488E+01
    endloop
  endfacet
  facet normal 1.000000E+00 0.000000E+00 0.000000E+00
    outer loop
      vertex 1.600000E+00 2.364481E+01 -6.371145E+01
      vertex 1.600000E+00 2.341599E+01 -6.390327E+01
      vertex 1.600000E+00 2.400679E+01 -6.504488E+01
    endloop
  endfacet
  facet normal 1.000000E+00 0.000000E+00 0.000000E+00
    outer loop
      vertex 1.600000E+00 2.381919E+01 -6.346908E+01
      vertex 1.600000E+00 2.364481E+01 -6.371145E+01
      vertex 1.600000E+00 2.400679E+01 -6.504488E+01
    endloop
  endfacet
  facet normal 1.000000E+00 0.000000E+00 0.000000E+00
    outer loop
      vertex 1.600000E+00 2.152418E+01 -6.074489E+01
      vertex 1.600000E+00 2.208381E+01 -6.190731E+01
      vertex 1.600000E+00 2.233996E+01 -6.177287E+01
    endloop
  endfacet
  facet normal 1.000000E+00 0.000000E+00 0.000000E+00
    outer loop
      vertex 1.600000E+00 2.152418E+01 -6.074489E+01
      vertex 1.600000E+00 2.186727E+01 -6.209914E+01
      vertex 1.600000E+00 2.208381E+01 -6.190731E+01
    endloop
  endfacet
  facet normal 1.000000E+00 0.000000E+00 0.000000E+00
    outer loop
      vertex 1.600000E+00 2.152418E+01 -6.074489E+01
      vertex 1.600000E+00 2.170294E+01 -6.233722E+01
      vertex 1.600000E+00 2.186727E+01 -6.209914E+01
    endloop
  endfacet
  facet normal 1.000000E+00 0.000000E+00 0.000000E+00
    outer loop
      vertex 1.600000E+00 2.152418E+01 -6.074489E+01
      vertex 1.600000E+00 2.028288E+01 -6.289489E+01
      vertex 1.600000E+00 2.170294E+01 -6.233722E+01
    endloop
  endfacet
  facet normal 1.000000E+00 0.000000E+00 0.000000E+00
    outer loop
      vertex 1.600000E+00 2.262084E+01 -6.170364E+01
      vertex 1.600000E+00 2.152418E+01 -6.074489E+01
      vertex 1.600000E+00 2.233996E+01 -6.177287E+01
    endloop
  endfacet
  facet normal 1.000000E+00 0.000000E+00 0.000000E+00
    outer loop
      vertex 1.600000E+00 2.291013E+01 -6.170364E+01
      vertex 1.600000E+00 2.152418E+01 -6.074489E+01
      vertex 1.600000E+00 2.262084E+01 -6.170364E+01
    endloop
  endfacet
  facet normal -1.000000E+00 0.000000E+00 0.000000E+00
    outer loop
      vertex 3.000000E+00 2.152418E+01 -6.504488E+01
      vertex 3.000000E+00 2.134121E+01 -6.472797E+01
      vertex 3.000000E+00 2.165812E+01 -6.504488E+01
    endloop
  endfacet
  facet normal 1.000000E+00 -0.000000E+00 0.000000E+00
    outer loop
      vertex 3.000000E+00 2.976548E+01 -6.439489E+01
      vertex 3.000000E+00 2.300812E+01 -6.639489E+01
      vertex 3.000000E+00 4.276548E+01 -6.439489E+01
    endloop
  endfacet
  facet normal 1.000000E+00 0.000000E+00 0.000000E+00
    outer loop
      vertex 3.000000E+00 2.889772E+01 -6.419682E+01
      vertex 3.000000E+00 2.300812E+01 -6.639489E+01
      vertex 3.000000E+00 2.932044E+01 -6.434474E+01
    endloop
  endfacet
  facet normal 1.000000E+00 0.000000E+00 0.000000E+00
    outer loop
      vertex 3.000000E+00 2.932044E+01 -6.434474E+01
      vertex 3.000000E+00 2.300812E+01 -6.639489E+01
      vertex 3.000000E+00 2.976548E+01 -6.439489E+01
    endloop
  endfacet
  facet normal 1.000000E+00 0.000000E+00 0.000000E+00
    outer loop
      vertex 3.000000E+00 5.476548E+01 -6.239489E+01
      vertex 3.000000E+00 5.224809E+01 -6.289489E+01
      vertex 3.000000E+00 5.476548E+01 -6.639489E+01
    endloop
  endfacet
  facet normal 1.000000E+00 0.000000E+00 0.000000E+00
    outer loop
      vertex 3.000000E+00 5.446839E+01 -6.109324E+01
      vertex 3.000000E+00 5.224809E+01 -6.289489E+01
      vertex 3.000000E+00 5.469027E+01 -6.172733E+01
    endloop
  endfacet
  facet normal 1.000000E+00 0.000000E+00 0.000000E+00
    outer loop
      vertex 3.000000E+00 5.469027E+01 -6.172733E+01
      vertex 3.000000E+00 5.224809E+01 -6.289489E+01
      vertex 3.000000E+00 5.476548E+01 -6.239489E+01
    endloop
  endfacet
  facet normal 1.000000E+00 0.000000E+00 0.000000E+00
    outer loop
      vertex 3.000000E+00 4.852418E+01 -6.504488E+01
      vertex 3.000000E+00 2.300812E+01 -6.639489E+01
      vertex 3.000000E+00 5.476548E+01 -6.639489E+01
    endloop
  endfacet
  facet normal 1.000000E+00 0.000000E+00 0.000000E+00
    outer loop
      vertex 3.000000E+00 5.476548E+01 -6.639489E+01
      vertex 3.000000E+00 5.224809E+01 -6.289489E+01
      vertex 3.000000E+00 5.100679E+01 -6.504488E+01
    endloop
  endfacet
  facet normal 1.000000E+00 0.000000E+00 0.000000E+00
    outer loop
      vertex 3.000000E+00 4.276548E+01 -6.439489E+01
      vertex 3.000000E+00 2.300812E+01 -6.639489E+01
      vertex 3.000000E+00 4.852418E+01 -6.504488E+01
    endloop
  endfacet
  facet normal 1.000000E+00 0.000000E+00 0.000000E+00
    outer loop
      vertex 3.000000E+00 5.446839E+01 -6.109324E+01
      vertex 3.000000E+00 5.411098E+01 -6.052442E+01
      vertex 3.000000E+00 5.224809E+01 -6.289489E+01
    endloop
  endfacet
  facet normal 1.000000E+00 0.000000E+00 0.000000E+00
    outer loop
      vertex 3.000000E+00 2.820182E+01 -6.364187E+01
      vertex 3.000000E+00 2.400679E+01 -6.504488E+01
      vertex 3.000000E+00 2.851850E+01 -6.395855E+01
    endloop
  endfacet
  facet normal 1.000000E+00 0.000000E+00 0.000000E+00
    outer loop
      vertex 3.000000E+00 2.851850E+01 -6.395855E+01
      vertex 3.000000E+00 2.400679E+01 -6.504488E+01
      vertex 3.000000E+00 2.889772E+01 -6.419682E+01
    endloop
  endfacet
  facet normal 1.000000E+00 0.000000E+00 0.000000E+00
    outer loop
      vertex 3.000000E+00 5.411098E+01 -6.052442E+01
      vertex 3.000000E+00 5.363595E+01 -6.004939E+01
      vertex 3.000000E+00 5.224809E+01 -6.289489E+01
    endloop
  endfacet
  facet normal 1.000000E+00 0.000000E+00 0.000000E+00
    outer loop
      vertex 3.000000E+00 2.889772E+01 -6.419682E+01
      vertex 3.000000E+00 2.400679E+01 -6.504488E+01
      vertex 3.000000E+00 2.300812E+01 -6.639489E+01
    endloop
  endfacet
  facet normal 1.000000E+00 0.000000E+00 0.000000E+00
    outer loop
      vertex 3.000000E+00 5.100679E+01 -6.504488E+01
      vertex 3.000000E+00 4.852418E+01 -6.504488E+01
      vertex 3.000000E+00 5.476548E+01 -6.639489E+01
    endloop
  endfacet
  facet normal 1.000000E+00 0.000000E+00 0.000000E+00
    outer loop
      vertex 3.000000E+00 2.820182E+01 -6.364187E+01
      vertex 3.000000E+00 2.524809E+01 -6.289489E+01
      vertex 3.000000E+00 2.400679E+01 -6.504488E+01
    endloop
  endfacet
  facet normal 1.000000E+00 0.000000E+00 0.000000E+00
    outer loop
      vertex 3.000000E+00 2.776548E+01 -6.239489E+01
      vertex 3.000000E+00 2.524809E+01 -6.289489E+01
      vertex 3.000000E+00 2.781563E+01 -6.283993E+01
    endloop
  endfacet
  facet normal 1.000000E+00 0.000000E+00 0.000000E+00
    outer loop
      vertex 3.000000E+00 2.781563E+01 -6.283993E+01
      vertex 3.000000E+00 2.524809E+01 -6.289489E+01
      vertex 3.000000E+00 2.796354E+01 -6.326265E+01
    endloop
  endfacet
  facet normal 1.000000E+00 0.000000E+00 0.000000E+00
    outer loop
      vertex 3.000000E+00 2.796354E+01 -6.326265E+01
      vertex 3.000000E+00 2.524809E+01 -6.289489E+01
      vertex 3.000000E+00 2.820182E+01 -6.364187E+01
    endloop
  endfacet
  facet normal 1.000000E+00 0.000000E+00 0.000000E+00
    outer loop
      vertex 3.000000E+00 5.243305E+01 -5.947010E+01
      vertex 3.000000E+00 5.100679E+01 -6.074489E+01
      vertex 3.000000E+00 5.306713E+01 -5.969198E+01
    endloop
  endfacet
  facet normal 1.000000E+00 0.000000E+00 0.000000E+00
    outer loop
      vertex 3.000000E+00 5.306713E+01 -5.969198E+01
      vertex 3.000000E+00 5.100679E+01 -6.074489E+01
      vertex 3.000000E+00 5.363595E+01 -6.004939E+01
    endloop
  endfacet
  facet normal 1.000000E+00 0.000000E+00 0.000000E+00
    outer loop
      vertex 3.000000E+00 2.746839E+01 -6.109324E+01
      vertex 3.000000E+00 2.524809E+01 -6.289489E+01
      vertex 3.000000E+00 2.769027E+01 -6.172733E+01
    endloop
  endfacet
  facet normal 1.000000E+00 0.000000E+00 0.000000E+00
    outer loop
      vertex 3.000000E+00 2.769027E+01 -6.172733E+01
      vertex 3.000000E+00 2.524809E+01 -6.289489E+01
      vertex 3.000000E+00 2.776548E+01 -6.239489E+01
    endloop
  endfacet
  facet normal 1.000000E+00 0.000000E+00 0.000000E+00
    outer loop
      vertex 3.000000E+00 5.363595E+01 -6.004939E+01
      vertex 3.000000E+00 5.100679E+01 -6.074489E+01
      vertex 3.000000E+00 5.224809E+01 -6.289489E+01
    endloop
  endfacet
  facet normal 1.000000E+00 0.000000E+00 0.000000E+00
    outer loop
      vertex 3.000000E+00 5.243305E+01 -5.947010E+01
      vertex 3.000000E+00 5.176548E+01 -5.939489E+01
      vertex 3.000000E+00 5.100679E+01 -6.074489E+01
    endloop
  endfacet
  facet normal 1.000000E+00 0.000000E+00 0.000000E+00
    outer loop
      vertex 3.000000E+00 2.746839E+01 -6.109324E+01
      vertex 3.000000E+00 2.711098E+01 -6.052442E+01
      vertex 3.000000E+00 2.524809E+01 -6.289489E+01
    endloop
  endfacet
  facet normal 1.000000E+00 0.000000E+00 0.000000E+00
    outer loop
      vertex 3.000000E+00 2.400679E+01 -6.504488E+01
      vertex 3.000000E+00 2.165812E+01 -6.504488E+01
      vertex 3.000000E+00 2.300812E+01 -6.639489E+01
    endloop
  endfacet
  facet normal 1.000000E+00 0.000000E+00 0.000000E+00
    outer loop
      vertex 3.000000E+00 5.176548E+01 -5.939489E+01
      vertex 3.000000E+00 4.852418E+01 -6.074489E+01
      vertex 3.000000E+00 5.100679E+01 -6.074489E+01
    endloop
  endfacet
  facet normal 1.000000E+00 0.000000E+00 0.000000E+00
    outer loop
      vertex 3.000000E+00 2.711098E+01 -6.052442E+01
      vertex 3.000000E+00 2.663595E+01 -6.004939E+01
      vertex 3.000000E+00 2.524809E+01 -6.289489E+01
    endloop
  endfacet
  facet normal 1.000000E+00 0.000000E+00 0.000000E+00
    outer loop
      vertex 3.000000E+00 4.728288E+01 -6.289489E+01
      vertex 3.000000E+00 4.432915E+01 -6.364186E+01
      vertex 3.000000E+00 4.852418E+01 -6.504488E+01
    endloop
  endfacet
  facet normal 1.000000E+00 0.000000E+00 0.000000E+00
    outer loop
      vertex 3.000000E+00 4.852418E+01 -6.504488E+01
      vertex 3.000000E+00 4.432915E+01 -6.364186E+01
      vertex 3.000000E+00 4.401246E+01 -6.395855E+01
    endloop
  endfacet
  facet normal 1.000000E+00 0.000000E+00 0.000000E+00
    outer loop
      vertex 3.000000E+00 4.401246E+01 -6.395855E+01
      vertex 3.000000E+00 4.363325E+01 -6.419682E+01
      vertex 3.000000E+00 4.852418E+01 -6.504488E+01
    endloop
  endfacet
  facet normal 1.000000E+00 0.000000E+00 0.000000E+00
    outer loop
      vertex 3.000000E+00 4.728288E+01 -6.289489E+01
      vertex 3.000000E+00 4.456742E+01 -6.326265E+01
      vertex 3.000000E+00 4.432915E+01 -6.364186E+01
    endloop
  endfacet
  facet normal 1.000000E+00 0.000000E+00 0.000000E+00
    outer loop
      vertex 3.000000E+00 4.363325E+01 -6.419682E+01
      vertex 3.000000E+00 4.321053E+01 -6.434474E+01
      vertex 3.000000E+00 4.852418E+01 -6.504488E+01
    endloop
  endfacet
  facet normal 1.000000E+00 0.000000E+00 0.000000E+00
    outer loop
      vertex 3.000000E+00 2.543305E+01 -5.947010E+01
      vertex 3.000000E+00 2.400679E+01 -6.074489E+01
      vertex 3.000000E+00 2.606713E+01 -5.969198E+01
    endloop
  endfacet
  facet normal 1.000000E+00 0.000000E+00 0.000000E+00
    outer loop
      vertex 3.000000E+00 2.606713E+01 -5.969198E+01
      vertex 3.000000E+00 2.400679E+01 -6.074489E+01
      vertex 3.000000E+00 2.663595E+01 -6.004939E+01
    endloop
  endfacet
  facet normal 1.000000E+00 0.000000E+00 0.000000E+00
    outer loop
      vertex 3.000000E+00 2.663595E+01 -6.004939E+01
      vertex 3.000000E+00 2.400679E+01 -6.074489E+01
      vertex 3.000000E+00 2.524809E+01 -6.289489E+01
    endloop
  endfacet
  facet normal 1.000000E+00 0.000000E+00 0.000000E+00
    outer loop
      vertex 3.000000E+00 4.728288E+01 -6.289489E+01
      vertex 3.000000E+00 4.471534E+01 -6.283993E+01
      vertex 3.000000E+00 4.456742E+01 -6.326265E+01
    endloop
  endfacet
  facet normal 1.000000E+00 0.000000E+00 0.000000E+00
    outer loop
      vertex 3.000000E+00 2.543305E+01 -5.947010E+01
      vertex 3.000000E+00 2.476548E+01 -5.939489E+01
      vertex 3.000000E+00 2.400679E+01 -6.074489E+01
    endloop
  endfacet
  facet normal 1.000000E+00 0.000000E+00 0.000000E+00
    outer loop
      vertex 3.000000E+00 4.321053E+01 -6.434474E+01
      vertex 3.000000E+00 4.276548E+01 -6.439489E+01
      vertex 3.000000E+00 4.852418E+01 -6.504488E+01
    endloop
  endfacet
  facet normal 1.000000E+00 0.000000E+00 0.000000E+00
    outer loop
      vertex 3.000000E+00 2.400679E+01 -6.074489E+01
      vertex 3.000000E+00 2.076548E+01 -5.939489E+01
      vertex 3.000000E+00 2.152418E+01 -6.074489E+01
    endloop
  endfacet
  facet normal 1.000000E+00 0.000000E+00 0.000000E+00
    outer loop
      vertex 3.000000E+00 4.728288E+01 -6.289489E+01
      vertex 3.000000E+00 4.476548E+01 -6.239489E+01
      vertex 3.000000E+00 4.471534E+01 -6.283993E+01
    endloop
  endfacet
  facet normal 1.000000E+00 0.000000E+00 0.000000E+00
    outer loop
      vertex 3.000000E+00 2.476548E+01 -5.939489E+01
      vertex 3.000000E+00 2.076548E+01 -5.939489E+01
      vertex 3.000000E+00 2.400679E+01 -6.074489E+01
    endloop
  endfacet
  facet normal 1.000000E+00 0.000000E+00 0.000000E+00
    outer loop
      vertex 3.000000E+00 5.176548E+01 -5.939489E+01
      vertex 3.000000E+00 4.776548E+01 -5.939489E+01
      vertex 3.000000E+00 4.852418E+01 -6.074489E+01
    endloop
  endfacet
  facet normal 1.000000E+00 0.000000E+00 0.000000E+00
    outer loop
      vertex 3.000000E+00 4.728288E+01 -6.289489E+01
      vertex 3.000000E+00 4.484070E+01 -6.172733E+01
      vertex 3.000000E+00 4.476548E+01 -6.239489E+01
    endloop
  endfacet
  facet normal 1.000000E+00 0.000000E+00 0.000000E+00
    outer loop
      vertex 3.000000E+00 2.076548E+01 -5.939489E+01
      vertex 3.000000E+00 2.018021E+01 -5.945253E+01
      vertex 3.000000E+00 2.152418E+01 -6.074489E+01
    endloop
  endfacet
  facet normal 1.000000E+00 0.000000E+00 0.000000E+00
    outer loop
      vertex 3.000000E+00 2.018021E+01 -5.945253E+01
      vertex 3.000000E+00 1.961743E+01 -5.962325E+01
      vertex 3.000000E+00 2.152418E+01 -6.074489E+01
    endloop
  endfacet
  facet normal 1.000000E+00 0.000000E+00 0.000000E+00
    outer loop
      vertex 3.000000E+00 4.776548E+01 -5.939489E+01
      vertex 3.000000E+00 4.709792E+01 -5.947010E+01
      vertex 3.000000E+00 4.852418E+01 -6.074489E+01
    endloop
  endfacet
  facet normal 1.000000E+00 0.000000E+00 0.000000E+00
    outer loop
      vertex 3.000000E+00 2.152418E+01 -6.074489E+01
      vertex 3.000000E+00 1.909877E+01 -5.990048E+01
      vertex 3.000000E+00 2.028288E+01 -6.289489E+01
    endloop
  endfacet
  facet normal 1.000000E+00 0.000000E+00 0.000000E+00
    outer loop
      vertex 3.000000E+00 1.961743E+01 -5.962325E+01
      vertex 3.000000E+00 1.909877E+01 -5.990048E+01
      vertex 3.000000E+00 2.152418E+01 -6.074489E+01
    endloop
  endfacet
  facet normal 1.000000E+00 0.000000E+00 0.000000E+00
    outer loop
      vertex 3.000000E+00 1.909877E+01 -5.990048E+01
      vertex 3.000000E+00 1.864416E+01 -6.027357E+01
      vertex 3.000000E+00 2.028288E+01 -6.289489E+01
    endloop
  endfacet
  facet normal 1.000000E+00 0.000000E+00 0.000000E+00
    outer loop
      vertex 3.000000E+00 4.728288E+01 -6.289489E+01
      vertex 3.000000E+00 4.506258E+01 -6.109324E+01
      vertex 3.000000E+00 4.484070E+01 -6.172733E+01
    endloop
  endfacet
  facet normal 1.000000E+00 0.000000E+00 0.000000E+00
    outer loop
      vertex 3.000000E+00 2.028288E+01 -6.289489E+01
      vertex 3.000000E+00 1.776548E+01 -6.115225E+01
      vertex 3.000000E+00 2.134121E+01 -6.472797E+01
    endloop
  endfacet
  facet normal 1.000000E+00 0.000000E+00 0.000000E+00
    outer loop
      vertex 3.000000E+00 4.709792E+01 -5.947010E+01
      vertex 3.000000E+00 4.646383E+01 -5.969198E+01
      vertex 3.000000E+00 4.852418E+01 -6.074489E+01
    endloop
  endfacet
  facet normal 1.000000E+00 0.000000E+00 0.000000E+00
    outer loop
      vertex 3.000000E+00 1.864416E+01 -6.027357E+01
      vertex 3.000000E+00 1.776548E+01 -6.115225E+01
      vertex 3.000000E+00 2.028288E+01 -6.289489E+01
    endloop
  endfacet
  facet normal 1.000000E+00 0.000000E+00 0.000000E+00
    outer loop
      vertex 3.000000E+00 4.728288E+01 -6.289489E+01
      vertex 3.000000E+00 4.541999E+01 -6.052442E+01
      vertex 3.000000E+00 4.506258E+01 -6.109324E+01
    endloop
  endfacet
  facet normal 1.000000E+00 0.000000E+00 0.000000E+00
    outer loop
      vertex 3.000000E+00 4.852418E+01 -6.074489E+01
      vertex 3.000000E+00 4.589501E+01 -6.004939E+01
      vertex 3.000000E+00 4.728288E+01 -6.289489E+01
    endloop
  endfacet
  facet normal 1.000000E+00 0.000000E+00 0.000000E+00
    outer loop
      vertex 3.000000E+00 4.646383E+01 -5.969198E+01
      vertex 3.000000E+00 4.589501E+01 -6.004939E+01
      vertex 3.000000E+00 4.852418E+01 -6.074489E+01
    endloop
  endfacet
  facet normal 1.000000E+00 0.000000E+00 0.000000E+00
    outer loop
      vertex 3.000000E+00 4.728288E+01 -6.289489E+01
      vertex 3.000000E+00 4.589501E+01 -6.004939E+01
      vertex 3.000000E+00 4.541999E+01 -6.052442E+01
    endloop
  endfacet
  facet normal 0.000000E+00 -7.071075E-01 7.071060E-01
    outer loop
      vertex 3.000000E+00 1.864416E+01 -6.027357E+01
      vertex 1.338342E-14 1.864416E+01 -6.027357E+01
      vertex 1.357853E-14 1.776548E+01 -6.115225E+01
    endloop
  endfacet
  facet normal 0.000000E+00 -7.071075E-01 7.071060E-01
    outer loop
      vertex 3.000000E+00 1.776548E+01 -6.115225E+01
      vertex 3.000000E+00 1.864416E+01 -6.027357E+01
      vertex 1.357853E-14 1.776548E+01 -6.115225E+01
    endloop
  endfacet
  facet normal 0.000000E+00 -9.801655E-02 9.951848E-01
    outer loop
      vertex 3.000000E+00 2.018021E+01 -5.945253E+01
      vertex 3.000000E+00 2.076548E+01 -5.939489E+01
      vertex 1.318831E-14 2.076548E+01 -5.939489E+01
    endloop
  endfacet
  facet normal 0.000000E+00 -9.801655E-02 9.951848E-01
    outer loop
      vertex 3.000000E+00 2.018021E+01 -5.945253E+01
      vertex 1.318831E-14 2.076548E+01 -5.939489E+01
      vertex 1.320111E-14 2.018021E+01 -5.945253E+01
    endloop
  endfacet
  facet normal 0.000000E+00 -2.902880E-01 9.569393E-01
    outer loop
      vertex 3.000000E+00 1.961743E+01 -5.962325E+01
      vertex 1.320111E-14 2.018021E+01 -5.945253E+01
      vertex 1.323902E-14 1.961743E+01 -5.962325E+01
    endloop
  endfacet
  facet normal 0.000000E+00 -2.902880E-01 9.569393E-01
    outer loop
      vertex 3.000000E+00 1.961743E+01 -5.962325E+01
      vertex 3.000000E+00 2.018021E+01 -5.945253E+01
      vertex 1.320111E-14 2.018021E+01 -5.945253E+01
    endloop
  endfacet
  facet normal 0.000000E+00 -4.713967E-01 8.819213E-01
    outer loop
      vertex 3.000000E+00 1.909877E+01 -5.990048E+01
      vertex 1.323902E-14 1.961743E+01 -5.962325E+01
      vertex 1.330058E-14 1.909877E+01 -5.990048E+01
    endloop
  endfacet
  facet normal 0.000000E+00 -4.713967E-01 8.819213E-01
    outer loop
      vertex 3.000000E+00 1.909877E+01 -5.990048E+01
      vertex 3.000000E+00 1.961743E+01 -5.962325E+01
      vertex 1.323902E-14 1.961743E+01 -5.962325E+01
    endloop
  endfacet
  facet normal 0.000000E+00 -6.343927E-01 7.730110E-01
    outer loop
      vertex 3.000000E+00 1.864416E+01 -6.027357E+01
      vertex 1.330058E-14 1.909877E+01 -5.990048E+01
      vertex 1.338342E-14 1.864416E+01 -6.027357E+01
    endloop
  endfacet
  facet normal 0.000000E+00 -6.343927E-01 7.730110E-01
    outer loop
      vertex 3.000000E+00 1.864416E+01 -6.027357E+01
      vertex 3.000000E+00 1.909877E+01 -5.990048E+01
      vertex 1.330058E-14 1.909877E+01 -5.990048E+01
    endloop
  endfacet
  facet normal 0.000000E+00 -0.000000E+00 1.000000E+00
    outer loop
      vertex 3.000000E+00 2.076548E+01 -5.939489E+01
      vertex 3.000000E+00 2.476548E+01 -5.939489E+01
      vertex 1.318831E-14 2.476548E+01 -5.939489E+01
    endloop
  endfacet
  facet normal 0.000000E+00 0.000000E+00 1.000000E+00
    outer loop
      vertex 3.000000E+00 2.076548E+01 -5.939489E+01
      vertex 1.318831E-14 2.476548E+01 -5.939489E+01
      vertex 1.318831E-14 2.076548E+01 -5.939489E+01
    endloop
  endfacet
  facet normal 0.000000E+00 9.937122E-01 1.119643E-01
    outer loop
      vertex 3.000000E+00 2.769027E+01 -6.172733E+01
      vertex 3.000000E+00 2.776548E+01 -6.239489E+01
      vertex 1.385445E-14 2.776548E+01 -6.239489E+01
    endloop
  endfacet
  facet normal 0.000000E+00 9.937122E-01 1.119643E-01
    outer loop
      vertex 3.000000E+00 2.769027E+01 -6.172733E+01
      vertex 1.385445E-14 2.776548E+01 -6.239489E+01
      vertex 1.370622E-14 2.769027E+01 -6.172733E+01
    endloop
  endfacet
  facet normal 0.000000E+00 9.438833E-01 3.302794E-01
    outer loop
      vertex 3.000000E+00 2.746839E+01 -6.109324E+01
      vertex 1.370622E-14 2.769027E+01 -6.172733E+01
      vertex 1.356542E-14 2.746839E+01 -6.109324E+01
    endloop
  endfacet
  facet normal 0.000000E+00 9.438833E-01 3.302794E-01
    outer loop
      vertex 3.000000E+00 2.746839E+01 -6.109324E+01
      vertex 3.000000E+00 2.769027E+01 -6.172733E+01
      vertex 1.370622E-14 2.769027E+01 -6.172733E+01
    endloop
  endfacet
  facet normal 0.000000E+00 8.467249E-01 5.320309E-01
    outer loop
      vertex 3.000000E+00 2.711098E+01 -6.052442E+01
      vertex 1.356542E-14 2.746839E+01 -6.109324E+01
      vertex 1.343912E-14 2.711098E+01 -6.052442E+01
    endloop
  endfacet
  facet normal 0.000000E+00 8.467249E-01 5.320309E-01
    outer loop
      vertex 3.000000E+00 2.711098E+01 -6.052442E+01
      vertex 3.000000E+00 2.746839E+01 -6.109324E+01
      vertex 1.356542E-14 2.746839E+01 -6.109324E+01
    endloop
  endfacet
  facet normal 0.000000E+00 7.071068E-01 7.071068E-01
    outer loop
      vertex 3.000000E+00 2.663595E+01 -6.004939E+01
      vertex 1.343912E-14 2.711098E+01 -6.052442E+01
      vertex 1.333364E-14 2.663595E+01 -6.004939E+01
    endloop
  endfacet
  facet normal 0.000000E+00 7.071068E-01 7.071068E-01
    outer loop
      vertex 3.000000E+00 2.663595E+01 -6.004939E+01
      vertex 3.000000E+00 2.711098E+01 -6.052442E+01
      vertex 1.343912E-14 2.711098E+01 -6.052442E+01
    endloop
  endfacet
  facet normal 0.000000E+00 5.320296E-01 8.467256E-01
    outer loop
      vertex 3.000000E+00 2.606713E+01 -5.969198E+01
      vertex 1.333364E-14 2.663595E+01 -6.004939E+01
      vertex 1.325428E-14 2.606713E+01 -5.969198E+01
    endloop
  endfacet
  facet normal 0.000000E+00 5.320296E-01 8.467256E-01
    outer loop
      vertex 3.000000E+00 2.606713E+01 -5.969198E+01
      vertex 3.000000E+00 2.663595E+01 -6.004939E+01
      vertex 1.333364E-14 2.663595E+01 -6.004939E+01
    endloop
  endfacet
  facet normal 0.000000E+00 3.302802E-01 9.438829E-01
    outer loop
      vertex 3.000000E+00 2.543305E+01 -5.947010E+01
      vertex 1.325428E-14 2.606713E+01 -5.969198E+01
      vertex 1.320502E-14 2.543305E+01 -5.947010E+01
    endloop
  endfacet
  facet normal 0.000000E+00 3.302802E-01 9.438829E-01
    outer loop
      vertex 3.000000E+00 2.543305E+01 -5.947010E+01
      vertex 3.000000E+00 2.606713E+01 -5.969198E+01
      vertex 1.325428E-14 2.606713E+01 -5.969198E+01
    endloop
  endfacet
  facet normal 0.000000E+00 1.119674E-01 9.937118E-01
    outer loop
      vertex 3.000000E+00 2.476548E+01 -5.939489E+01
      vertex 1.320502E-14 2.543305E+01 -5.947010E+01
      vertex 1.318831E-14 2.476548E+01 -5.939489E+01
    endloop
  endfacet
  facet normal 0.000000E+00 1.119674E-01 9.937118E-01
    outer loop
      vertex 3.000000E+00 2.476548E+01 -5.939489E+01
      vertex 3.000000E+00 2.543305E+01 -5.947010E+01
      vertex 1.320502E-14 2.543305E+01 -5.947010E+01
    endloop
  endfacet
  facet normal 0.000000E+00 9.937122E-01 1.119646E-01
    outer loop
      vertex 3.000000E+00 2.776548E+01 -6.239489E+01
      vertex 3.000000E+00 2.781563E+01 -6.283993E+01
      vertex 1.385445E-14 2.776548E+01 -6.239489E+01
    endloop
  endfacet
  facet normal 0.000000E+00 9.937122E-01 1.119646E-01
    outer loop
      vertex 1.385445E-14 2.776548E+01 -6.239489E+01
      vertex 3.000000E+00 2.781563E+01 -6.283993E+01
      vertex 1.395327E-14 2.781563E+01 -6.283993E+01
    endloop
  endfacet
  facet normal 0.000000E+00 9.438834E-01 3.302791E-01
    outer loop
      vertex 1.395327E-14 2.781563E+01 -6.283993E+01
      vertex 3.000000E+00 2.796354E+01 -6.326265E+01
      vertex 1.404713E-14 2.796354E+01 -6.326265E+01
    endloop
  endfacet
  facet normal 0.000000E+00 9.438834E-01 3.302791E-01
    outer loop
      vertex 3.000000E+00 2.781563E+01 -6.283993E+01
      vertex 3.000000E+00 2.796354E+01 -6.326265E+01
      vertex 1.395327E-14 2.781563E+01 -6.283993E+01
    endloop
  endfacet
  facet normal 0.000000E+00 8.467255E-01 5.320302E-01
    outer loop
      vertex 1.404713E-14 2.796354E+01 -6.326265E+01
      vertex 3.000000E+00 2.820182E+01 -6.364187E+01
      vertex 1.413133E-14 2.820182E+01 -6.364187E+01
    endloop
  endfacet
  facet normal 0.000000E+00 8.467255E-01 5.320302E-01
    outer loop
      vertex 3.000000E+00 2.796354E+01 -6.326265E+01
      vertex 3.000000E+00 2.820182E+01 -6.364187E+01
      vertex 1.404713E-14 2.796354E+01 -6.326265E+01
    endloop
  endfacet
  facet normal 0.000000E+00 7.071046E-01 7.071089E-01
    outer loop
      vertex 1.413133E-14 2.820182E+01 -6.364187E+01
      vertex 3.000000E+00 2.851850E+01 -6.395855E+01
      vertex 1.420165E-14 2.851850E+01 -6.395855E+01
    endloop
  endfacet
  facet normal 0.000000E+00 7.071046E-01 7.071089E-01
    outer loop
      vertex 3.000000E+00 2.820182E+01 -6.364187E+01
      vertex 3.000000E+00 2.851850E+01 -6.395855E+01
      vertex 1.413133E-14 2.820182E+01 -6.364187E+01
    endloop
  endfacet
  facet normal 0.000000E+00 5.320290E-01 8.467261E-01
    outer loop
      vertex 1.420165E-14 2.851850E+01 -6.395855E+01
      vertex 3.000000E+00 2.889772E+01 -6.419682E+01
      vertex 1.425456E-14 2.889772E+01 -6.419682E+01
    endloop
  endfacet
  facet normal 0.000000E+00 5.320290E-01 8.467261E-01
    outer loop
      vertex 3.000000E+00 2.851850E+01 -6.395855E+01
      vertex 3.000000E+00 2.889772E+01 -6.419682E+01
      vertex 1.420165E-14 2.851850E+01 -6.395855E+01
    endloop
  endfacet
  facet normal 0.000000E+00 3.302816E-01 9.438824E-01
    outer loop
      vertex 1.425456E-14 2.889772E+01 -6.419682E+01
      vertex 3.000000E+00 2.932044E+01 -6.434474E+01
      vertex 1.428740E-14 2.932044E+01 -6.434474E+01
    endloop
  endfacet
  facet normal -0.000000E+00 1.119730E-01 9.937112E-01
    outer loop
      vertex 1.428740E-14 2.932044E+01 -6.434474E+01
      vertex 3.000000E+00 2.932044E+01 -6.434474E+01
      vertex 1.429854E-14 2.976548E+01 -6.439489E+01
    endloop
  endfacet
  facet normal 0.000000E+00 3.302816E-01 9.438824E-01
    outer loop
      vertex 3.000000E+00 2.889772E+01 -6.419682E+01
      vertex 3.000000E+00 2.932044E+01 -6.434474E+01
      vertex 1.425456E-14 2.889772E+01 -6.419682E+01
    endloop
  endfacet
  facet normal 0.000000E+00 1.119730E-01 9.937112E-01
    outer loop
      vertex 3.000000E+00 2.932044E+01 -6.434474E+01
      vertex 3.000000E+00 2.976548E+01 -6.439489E+01
      vertex 1.429854E-14 2.976548E+01 -6.439489E+01
    endloop
  endfacet
  facet normal 0.000000E+00 -0.000000E+00 1.000000E+00
    outer loop
      vertex 3.000000E+00 2.976548E+01 -6.439489E+01
      vertex 3.000000E+00 4.276548E+01 -6.439489E+01
      vertex 1.429854E-14 4.276548E+01 -6.439489E+01
    endloop
  endfacet
  facet normal 0.000000E+00 0.000000E+00 1.000000E+00
    outer loop
      vertex 3.000000E+00 2.976548E+01 -6.439489E+01
      vertex 1.429854E-14 4.276548E+01 -6.439489E+01
      vertex 1.429854E-14 2.976548E+01 -6.439489E+01
    endloop
  endfacet
  facet normal 0.000000E+00 -1.119730E-01 9.937112E-01
    outer loop
      vertex 3.000000E+00 4.276548E+01 -6.439489E+01
      vertex 3.000000E+00 4.321053E+01 -6.434474E+01
      vertex 1.429854E-14 4.276548E+01 -6.439489E+01
    endloop
  endfacet
  facet normal 0.000000E+00 -1.119730E-01 9.937112E-01
    outer loop
      vertex 1.429854E-14 4.276548E+01 -6.439489E+01
      vertex 3.000000E+00 4.321053E+01 -6.434474E+01
      vertex 1.428740E-14 4.321053E+01 -6.434474E+01
    endloop
  endfacet
  facet normal 0.000000E+00 -3.302802E-01 9.438829E-01
    outer loop
      vertex 1.428740E-14 4.321053E+01 -6.434474E+01
      vertex 3.000000E+00 4.363325E+01 -6.419682E+01
      vertex 1.425456E-14 4.363325E+01 -6.419682E+01
    endloop
  endfacet
  facet normal 0.000000E+00 -3.302802E-01 9.438829E-01
    outer loop
      vertex 3.000000E+00 4.321053E+01 -6.434474E+01
      vertex 3.000000E+00 4.363325E+01 -6.419682E+01
      vertex 1.428740E-14 4.321053E+01 -6.434474E+01
    endloop
  endfacet
  facet normal 0.000000E+00 -7.071068E-01 7.071068E-01
    outer loop
      vertex 1.420165E-14 4.401246E+01 -6.395855E+01
      vertex 3.000000E+00 4.401246E+01 -6.395855E+01
      vertex 1.413133E-14 4.432915E+01 -6.364186E+01
    endloop
  endfacet
  facet normal 0.000000E+00 -5.320309E-01 8.467249E-01
    outer loop
      vertex 1.425456E-14 4.363325E+01 -6.419682E+01
      vertex 3.000000E+00 4.401246E+01 -6.395855E+01
      vertex 1.420165E-14 4.401246E+01 -6.395855E+01
    endloop
  endfacet
  facet normal 0.000000E+00 -5.320309E-01 8.467249E-01
    outer loop
      vertex 3.000000E+00 4.363325E+01 -6.419682E+01
      vertex 3.000000E+00 4.401246E+01 -6.395855E+01
      vertex 1.425456E-14 4.363325E+01 -6.419682E+01
    endloop
  endfacet
  facet normal 0.000000E+00 -8.467249E-01 5.320309E-01
    outer loop
      vertex 1.413133E-14 4.432915E+01 -6.364186E+01
      vertex 3.000000E+00 4.432915E+01 -6.364186E+01
      vertex 1.404713E-14 4.456742E+01 -6.326265E+01
    endloop
  endfacet
  facet normal 0.000000E+00 -7.071068E-01 7.071068E-01
    outer loop
      vertex 3.000000E+00 4.401246E+01 -6.395855E+01
      vertex 3.000000E+00 4.432915E+01 -6.364186E+01
      vertex 1.413133E-14 4.432915E+01 -6.364186E+01
    endloop
  endfacet
  facet normal 0.000000E+00 -9.438829E-01 3.302802E-01
    outer loop
      vertex 1.404713E-14 4.456742E+01 -6.326265E+01
      vertex 3.000000E+00 4.456742E+01 -6.326265E+01
      vertex 1.395327E-14 4.471534E+01 -6.283993E+01
    endloop
  endfacet
  facet normal 0.000000E+00 -8.467249E-01 5.320309E-01
    outer loop
      vertex 3.000000E+00 4.432915E+01 -6.364186E+01
      vertex 3.000000E+00 4.456742E+01 -6.326265E+01
      vertex 1.404713E-14 4.456742E+01 -6.326265E+01
    endloop
  endfacet
  facet normal 0.000000E+00 -9.937122E-01 1.119646E-01
    outer loop
      vertex 1.395327E-14 4.471534E+01 -6.283993E+01
      vertex 3.000000E+00 4.471534E+01 -6.283993E+01
      vertex 1.385445E-14 4.476548E+01 -6.239489E+01
    endloop
  endfacet
  facet normal 0.000000E+00 -9.438829E-01 3.302802E-01
    outer loop
      vertex 3.000000E+00 4.456742E+01 -6.326265E+01
      vertex 3.000000E+00 4.471534E+01 -6.283993E+01
      vertex 1.395327E-14 4.471534E+01 -6.283993E+01
    endloop
  endfacet
  facet normal 0.000000E+00 -9.937122E-01 1.119646E-01
    outer loop
      vertex 3.000000E+00 4.471534E+01 -6.283993E+01
      vertex 3.000000E+00 4.476548E+01 -6.239489E+01
      vertex 1.385445E-14 4.476548E+01 -6.239489E+01
    endloop
  endfacet
  facet normal 0.000000E+00 -1.119671E-01 9.937120E-01
    outer loop
      vertex 3.000000E+00 4.709792E+01 -5.947010E+01
      vertex 3.000000E+00 4.776548E+01 -5.939489E+01
      vertex 1.318831E-14 4.776548E+01 -5.939489E+01
    endloop
  endfacet
  facet normal 0.000000E+00 -1.119671E-01 9.937120E-01
    outer loop
      vertex 3.000000E+00 4.709792E+01 -5.947010E+01
      vertex 1.318831E-14 4.776548E+01 -5.939489E+01
      vertex 1.320502E-14 4.709792E+01 -5.947010E+01
    endloop
  endfacet
  facet normal 0.000000E+00 -3.302811E-01 9.438826E-01
    outer loop
      vertex 3.000000E+00 4.709792E+01 -5.947010E+01
      vertex 1.320502E-14 4.709792E+01 -5.947010E+01
      vertex 1.325428E-14 4.646383E+01 -5.969198E+01
    endloop
  endfacet
  facet normal 0.000000E+00 -5.320284E-01 8.467266E-01
    outer loop
      vertex 3.000000E+00 4.646383E+01 -5.969198E+01
      vertex 1.325428E-14 4.646383E+01 -5.969198E+01
      vertex 1.333364E-14 4.589501E+01 -6.004939E+01
    endloop
  endfacet
  facet normal 0.000000E+00 -3.302811E-01 9.438826E-01
    outer loop
      vertex 3.000000E+00 4.646383E+01 -5.969198E+01
      vertex 3.000000E+00 4.709792E+01 -5.947010E+01
      vertex 1.325428E-14 4.646383E+01 -5.969198E+01
    endloop
  endfacet
  facet normal 0.000000E+00 -7.071096E-01 7.071040E-01
    outer loop
      vertex 3.000000E+00 4.589501E+01 -6.004939E+01
      vertex 1.333364E-14 4.589501E+01 -6.004939E+01
      vertex 1.343912E-14 4.541999E+01 -6.052442E+01
    endloop
  endfacet
  facet normal 0.000000E+00 -5.320284E-01 8.467266E-01
    outer loop
      vertex 3.000000E+00 4.589501E+01 -6.004939E+01
      vertex 3.000000E+00 4.646383E+01 -5.969198E+01
      vertex 1.333364E-14 4.589501E+01 -6.004939E+01
    endloop
  endfacet
  facet normal 0.000000E+00 -8.467223E-01 5.320350E-01
    outer loop
      vertex 3.000000E+00 4.541999E+01 -6.052442E+01
      vertex 1.343912E-14 4.541999E+01 -6.052442E+01
      vertex 1.356542E-14 4.506258E+01 -6.109324E+01
    endloop
  endfacet
  facet normal 0.000000E+00 -7.071096E-01 7.071040E-01
    outer loop
      vertex 3.000000E+00 4.541999E+01 -6.052442E+01
      vertex 3.000000E+00 4.589501E+01 -6.004939E+01
      vertex 1.343912E-14 4.541999E+01 -6.052442E+01
    endloop
  endfacet
  facet normal 0.000000E+00 -9.438833E-01 3.302794E-01
    outer loop
      vertex 3.000000E+00 4.506258E+01 -6.109324E+01
      vertex 1.356542E-14 4.506258E+01 -6.109324E+01
      vertex 1.370622E-14 4.484070E+01 -6.172733E+01
    endloop
  endfacet
  facet normal 0.000000E+00 -8.467223E-01 5.320350E-01
    outer loop
      vertex 3.000000E+00 4.506258E+01 -6.109324E+01
      vertex 3.000000E+00 4.541999E+01 -6.052442E+01
      vertex 1.356542E-14 4.506258E+01 -6.109324E+01
    endloop
  endfacet
  facet normal 0.000000E+00 -9.937125E-01 1.119621E-01
    outer loop
      vertex 3.000000E+00 4.484070E+01 -6.172733E+01
      vertex 1.370622E-14 4.484070E+01 -6.172733E+01
      vertex 1.385445E-14 4.476548E+01 -6.239489E+01
    endloop
  endfacet
  facet normal 0.000000E+00 -9.438833E-01 3.302794E-01
    outer loop
      vertex 3.000000E+00 4.484070E+01 -6.172733E+01
      vertex 3.000000E+00 4.506258E+01 -6.109324E+01
      vertex 1.370622E-14 4.484070E+01 -6.172733E+01
    endloop
  endfacet
  facet normal 0.000000E+00 -9.937125E-01 1.119621E-01
    outer loop
      vertex 3.000000E+00 4.476548E+01 -6.239489E+01
      vertex 3.000000E+00 4.484070E+01 -6.172733E+01
      vertex 1.385445E-14 4.476548E+01 -6.239489E+01
    endloop
  endfacet
  facet normal 0.000000E+00 -0.000000E+00 1.000000E+00
    outer loop
      vertex 3.000000E+00 4.776548E+01 -5.939489E+01
      vertex 3.000000E+00 5.176548E+01 -5.939489E+01
      vertex 1.318831E-14 5.176548E+01 -5.939489E+01
    endloop
  endfacet
  facet normal 0.000000E+00 0.000000E+00 1.000000E+00
    outer loop
      vertex 3.000000E+00 4.776548E+01 -5.939489E+01
      vertex 1.318831E-14 5.176548E+01 -5.939489E+01
      vertex 1.318831E-14 4.776548E+01 -5.939489E+01
    endloop
  endfacet
  facet normal 0.000000E+00 9.937118E-01 1.119677E-01
    outer loop
      vertex 3.000000E+00 5.469027E+01 -6.172733E+01
      vertex 3.000000E+00 5.476548E+01 -6.239489E+01
      vertex 1.385445E-14 5.476548E+01 -6.239489E+01
    endloop
  endfacet
  facet normal 0.000000E+00 9.937118E-01 1.119677E-01
    outer loop
      vertex 3.000000E+00 5.469027E+01 -6.172733E+01
      vertex 1.385445E-14 5.476548E+01 -6.239489E+01
      vertex 1.370622E-14 5.469027E+01 -6.172733E+01
    endloop
  endfacet
  facet normal 0.000000E+00 9.438850E-01 3.302743E-01
    outer loop
      vertex 3.000000E+00 5.446839E+01 -6.109324E+01
      vertex 1.370622E-14 5.469027E+01 -6.172733E+01
      vertex 1.356542E-14 5.446839E+01 -6.109324E+01
    endloop
  endfacet
  facet normal 0.000000E+00 9.438850E-01 3.302743E-01
    outer loop
      vertex 3.000000E+00 5.446839E+01 -6.109324E+01
      vertex 3.000000E+00 5.469027E+01 -6.172733E+01
      vertex 1.370622E-14 5.469027E+01 -6.172733E+01
    endloop
  endfacet
  facet normal 0.000000E+00 8.467223E-01 5.320350E-01
    outer loop
      vertex 3.000000E+00 5.411098E+01 -6.052442E+01
      vertex 1.356542E-14 5.446839E+01 -6.109324E+01
      vertex 1.343912E-14 5.411098E+01 -6.052442E+01
    endloop
  endfacet
  facet normal 0.000000E+00 8.467223E-01 5.320350E-01
    outer loop
      vertex 3.000000E+00 5.411098E+01 -6.052442E+01
      vertex 3.000000E+00 5.446839E+01 -6.109324E+01
      vertex 1.356542E-14 5.446839E+01 -6.109324E+01
    endloop
  endfacet
  facet normal 0.000000E+00 7.071068E-01 7.071068E-01
    outer loop
      vertex 3.000000E+00 5.363595E+01 -6.004939E+01
      vertex 1.343912E-14 5.411098E+01 -6.052442E+01
      vertex 1.333364E-14 5.363595E+01 -6.004939E+01
    endloop
  endfacet
  facet normal 0.000000E+00 7.071068E-01 7.071068E-01
    outer loop
      vertex 3.000000E+00 5.363595E+01 -6.004939E+01
      vertex 3.000000E+00 5.411098E+01 -6.052442E+01
      vertex 1.343912E-14 5.411098E+01 -6.052442E+01
    endloop
  endfacet
  facet normal 0.000000E+00 5.320309E-01 8.467249E-01
    outer loop
      vertex 3.000000E+00 5.306713E+01 -5.969198E+01
      vertex 1.333364E-14 5.363595E+01 -6.004939E+01
      vertex 1.325428E-14 5.306713E+01 -5.969198E+01
    endloop
  endfacet
  facet normal 0.000000E+00 5.320309E-01 8.467249E-01
    outer loop
      vertex 3.000000E+00 5.306713E+01 -5.969198E+01
      vertex 3.000000E+00 5.363595E+01 -6.004939E+01
      vertex 1.333364E-14 5.363595E+01 -6.004939E+01
    endloop
  endfacet
  facet normal 0.000000E+00 3.302811E-01 9.438826E-01
    outer loop
      vertex 3.000000E+00 5.243305E+01 -5.947010E+01
      vertex 1.325428E-14 5.306713E+01 -5.969198E+01
      vertex 1.320502E-14 5.243305E+01 -5.947010E+01
    endloop
  endfacet
  facet normal 0.000000E+00 3.302811E-01 9.438826E-01
    outer loop
      vertex 3.000000E+00 5.243305E+01 -5.947010E+01
      vertex 3.000000E+00 5.306713E+01 -5.969198E+01
      vertex 1.325428E-14 5.306713E+01 -5.969198E+01
    endloop
  endfacet
  facet normal 0.000000E+00 1.119671E-01 9.937120E-01
    outer loop
      vertex 3.000000E+00 5.176548E+01 -5.939489E+01
      vertex 1.320502E-14 5.243305E+01 -5.947010E+01
      vertex 1.318831E-14 5.176548E+01 -5.939489E+01
    endloop
  endfacet
  facet normal 0.000000E+00 1.119671E-01 9.937120E-01
    outer loop
      vertex 3.000000E+00 5.176548E+01 -5.939489E+01
      vertex 3.000000E+00 5.243305E+01 -5.947010E+01
      vertex 1.320502E-14 5.243305E+01 -5.947010E+01
    endloop
  endfacet
  facet normal 0.000000E+00 1.000000E+00 0.000000E+00
    outer loop
      vertex 3.000000E+00 5.476548E+01 -6.239489E+01
      vertex 3.000000E+00 5.476548E+01 -6.639489E+01
      vertex 1.474263E-14 5.476548E+01 -6.639489E+01
    endloop
  endfacet
  facet normal 0.000000E+00 1.000000E+00 0.000000E+00
    outer loop
      vertex 3.000000E+00 5.476548E+01 -6.239489E+01
      vertex 1.474263E-14 5.476548E+01 -6.639489E+01
      vertex 1.385445E-14 5.476548E+01 -6.239489E+01
    endloop
  endfacet
  facet normal 0.000000E+00 9.947067E-01 1.027545E-01
    outer loop
      vertex 1.396547E-14 4.856548E+01 -6.289489E+01
      vertex 1.600000E+00 4.859082E+01 -6.314020E+01
      vertex 1.401994E-14 4.859082E+01 -6.314020E+01
    endloop
  endfacet
  facet normal 0.000000E+00 9.947067E-01 1.027545E-01
    outer loop
      vertex 1.600000E+00 4.856548E+01 -6.289489E+01
      vertex 1.600000E+00 4.859082E+01 -6.314020E+01
      vertex 1.396547E-14 4.856548E+01 -6.289489E+01
    endloop
  endfacet
  facet normal 0.000000E+00 9.526937E-01 3.039320E-01
    outer loop
      vertex 1.401994E-14 4.859082E+01 -6.314020E+01
      vertex 1.600000E+00 4.866578E+01 -6.337515E+01
      vertex 1.407211E-14 4.866578E+01 -6.337515E+01
    endloop
  endfacet
  facet normal 0.000000E+00 9.526937E-01 3.039320E-01
    outer loop
      vertex 1.600000E+00 4.859082E+01 -6.314020E+01
      vertex 1.600000E+00 4.866578E+01 -6.337515E+01
      vertex 1.401994E-14 4.859082E+01 -6.314020E+01
    endloop
  endfacet
  facet normal 0.000000E+00 8.704401E-01 4.922743E-01
    outer loop
      vertex 1.407211E-14 4.866578E+01 -6.337515E+01
      vertex 1.600000E+00 4.878718E+01 -6.358981E+01
      vertex 1.411977E-14 4.878718E+01 -6.358981E+01
    endloop
  endfacet
  facet normal 0.000000E+00 8.704401E-01 4.922743E-01
    outer loop
      vertex 1.600000E+00 4.866578E+01 -6.337515E+01
      vertex 1.600000E+00 4.878718E+01 -6.358981E+01
      vertex 1.407211E-14 4.866578E+01 -6.337515E+01
    endloop
  endfacet
  facet normal 0.000000E+00 7.514305E-01 6.598123E-01
    outer loop
      vertex 1.411977E-14 4.878718E+01 -6.358981E+01
      vertex 1.600000E+00 4.894990E+01 -6.377513E+01
      vertex 1.416092E-14 4.894990E+01 -6.377513E+01
    endloop
  endfacet
  facet normal 0.000000E+00 7.514305E-01 6.598123E-01
    outer loop
      vertex 1.600000E+00 4.878718E+01 -6.358981E+01
      vertex 1.600000E+00 4.894990E+01 -6.377513E+01
      vertex 1.411977E-14 4.878718E+01 -6.358981E+01
    endloop
  endfacet
  facet normal 0.000000E+00 5.902668E-01 8.072082E-01
    outer loop
      vertex 1.416092E-14 4.894990E+01 -6.377513E+01
      vertex 1.600000E+00 4.917394E+01 -6.393895E+01
      vertex 1.419730E-14 4.917394E+01 -6.393895E+01
    endloop
  endfacet
  facet normal 0.000000E+00 5.902668E-01 8.072082E-01
    outer loop
      vertex 1.600000E+00 4.894990E+01 -6.377513E+01
      vertex 1.600000E+00 4.917394E+01 -6.393895E+01
      vertex 1.416092E-14 4.894990E+01 -6.377513E+01
    endloop
  endfacet
  facet normal 0.000000E+00 3.890270E-01 9.212264E-01
    outer loop
      vertex 1.419730E-14 4.917394E+01 -6.393895E+01
      vertex 1.600000E+00 4.942963E+01 -6.404693E+01
      vertex 1.422127E-14 4.942963E+01 -6.404693E+01
    endloop
  endfacet
  facet normal 0.000000E+00 3.890270E-01 9.212264E-01
    outer loop
      vertex 1.600000E+00 4.917394E+01 -6.393895E+01
      vertex 1.600000E+00 4.942963E+01 -6.404693E+01
      vertex 1.419730E-14 4.917394E+01 -6.393895E+01
    endloop
  endfacet
  facet normal 0.000000E+00 1.669950E-01 9.859577E-01
    outer loop
      vertex 1.422127E-14 4.942963E+01 -6.404693E+01
      vertex 1.600000E+00 4.970327E+01 -6.409328E+01
      vertex 1.423157E-14 4.970327E+01 -6.409328E+01
    endloop
  endfacet
  facet normal 0.000000E+00 1.669950E-01 9.859577E-01
    outer loop
      vertex 1.600000E+00 4.942963E+01 -6.404693E+01
      vertex 1.600000E+00 4.970327E+01 -6.409328E+01
      vertex 1.422127E-14 4.942963E+01 -6.404693E+01
    endloop
  endfacet
  facet normal 0.000000E+00 -6.402023E-02 9.979486E-01
    outer loop
      vertex 1.423157E-14 4.970327E+01 -6.409328E+01
      vertex 1.600000E+00 4.998026E+01 -6.407551E+01
      vertex 1.422762E-14 4.998026E+01 -6.407551E+01
    endloop
  endfacet
  facet normal 0.000000E+00 -6.402023E-02 9.979486E-01
    outer loop
      vertex 1.600000E+00 4.970327E+01 -6.409328E+01
      vertex 1.600000E+00 4.998026E+01 -6.407551E+01
      vertex 1.423157E-14 4.970327E+01 -6.409328E+01
    endloop
  endfacet
  facet normal 0.000000E+00 -2.915466E-01 9.565566E-01
    outer loop
      vertex 1.422762E-14 4.998026E+01 -6.407551E+01
      vertex 1.600000E+00 5.024574E+01 -6.399459E+01
      vertex 1.420965E-14 5.024574E+01 -6.399459E+01
    endloop
  endfacet
  facet normal 0.000000E+00 -2.915466E-01 9.565566E-01
    outer loop
      vertex 1.600000E+00 4.998026E+01 -6.407551E+01
      vertex 1.600000E+00 5.024574E+01 -6.399459E+01
      vertex 1.422762E-14 4.998026E+01 -6.407551E+01
    endloop
  endfacet
  facet normal 0.000000E+00 -5.035070E-01 8.639911E-01
    outer loop
      vertex 1.420965E-14 5.024574E+01 -6.399459E+01
      vertex 1.600000E+00 5.048554E+01 -6.385484E+01
      vertex 1.417862E-14 5.048554E+01 -6.385484E+01
    endloop
  endfacet
  facet normal 0.000000E+00 -5.035070E-01 8.639911E-01
    outer loop
      vertex 1.600000E+00 5.024574E+01 -6.399459E+01
      vertex 1.600000E+00 5.048554E+01 -6.385484E+01
      vertex 1.420965E-14 5.024574E+01 -6.399459E+01
    endloop
  endfacet
  facet normal 0.000000E+00 -6.885341E-01 7.252039E-01
    outer loop
      vertex 1.417862E-14 5.048554E+01 -6.385484E+01
      vertex 1.600000E+00 5.068682E+01 -6.366374E+01
      vertex 1.413619E-14 5.068682E+01 -6.366374E+01
    endloop
  endfacet
  facet normal 0.000000E+00 -6.885341E-01 7.252039E-01
    outer loop
      vertex 1.600000E+00 5.048554E+01 -6.385484E+01
      vertex 1.600000E+00 5.068682E+01 -6.366374E+01
      vertex 1.417862E-14 5.048554E+01 -6.385484E+01
    endloop
  endfacet
  facet normal 0.000000E+00 -8.367230E-01 5.476263E-01
    outer loop
      vertex 1.413619E-14 5.068682E+01 -6.366374E+01
      vertex 1.600000E+00 5.083881E+01 -6.343151E+01
      vertex 1.408462E-14 5.083881E+01 -6.343151E+01
    endloop
  endfacet
  facet normal 0.000000E+00 -8.367230E-01 5.476263E-01
    outer loop
      vertex 1.600000E+00 5.068682E+01 -6.366374E+01
      vertex 1.600000E+00 5.083881E+01 -6.343151E+01
      vertex 1.413619E-14 5.068682E+01 -6.366374E+01
    endloop
  endfacet
  facet normal 0.000000E+00 -9.932908E-01 1.156434E-01
    outer loop
      vertex 1.402669E-14 5.093339E+01 -6.317057E+01
      vertex 1.600000E+00 5.093339E+01 -6.317057E+01
      vertex 1.396547E-14 5.096548E+01 -6.289489E+01
    endloop
  endfacet
  facet normal 0.000000E+00 -9.401541E-01 3.407497E-01
    outer loop
      vertex 1.408462E-14 5.083881E+01 -6.343151E+01
      vertex 1.600000E+00 5.093339E+01 -6.317057E+01
      vertex 1.402669E-14 5.093339E+01 -6.317057E+01
    endloop
  endfacet
  facet normal 0.000000E+00 -9.401541E-01 3.407497E-01
    outer loop
      vertex 1.600000E+00 5.083881E+01 -6.343151E+01
      vertex 1.600000E+00 5.093339E+01 -6.317057E+01
      vertex 1.408462E-14 5.083881E+01 -6.343151E+01
    endloop
  endfacet
  facet normal 0.000000E+00 -9.932908E-01 1.156434E-01
    outer loop
      vertex 1.600000E+00 5.093339E+01 -6.317057E+01
      vertex 1.600000E+00 5.096548E+01 -6.289489E+01
      vertex 1.396547E-14 5.096548E+01 -6.289489E+01
    endloop
  endfacet
  facet normal 0.000000E+00 9.929166E-01 1.188137E-01
    outer loop
      vertex 1.396547E-14 2.156548E+01 -6.289489E+01
      vertex 1.600000E+00 2.159936E+01 -6.317802E+01
      vertex 1.402834E-14 2.159936E+01 -6.317802E+01
    endloop
  endfacet
  facet normal 0.000000E+00 9.929166E-01 1.188137E-01
    outer loop
      vertex 1.600000E+00 2.156548E+01 -6.289489E+01
      vertex 1.600000E+00 2.159936E+01 -6.317802E+01
      vertex 1.396547E-14 2.156548E+01 -6.289489E+01
    endloop
  endfacet
  facet normal 0.000000E+00 9.368499E-01 3.497318E-01
    outer loop
      vertex 1.402834E-14 2.159936E+01 -6.317802E+01
      vertex 1.600000E+00 2.169909E+01 -6.344517E+01
      vertex 1.408766E-14 2.169909E+01 -6.344517E+01
    endloop
  endfacet
  facet normal 0.000000E+00 9.368499E-01 3.497318E-01
    outer loop
      vertex 1.600000E+00 2.159936E+01 -6.317802E+01
      vertex 1.600000E+00 2.169909E+01 -6.344517E+01
      vertex 1.402834E-14 2.159936E+01 -6.317802E+01
    endloop
  endfacet
  facet normal 0.000000E+00 8.278789E-01 5.609069E-01
    outer loop
      vertex 1.408766E-14 2.169909E+01 -6.344517E+01
      vertex 1.600000E+00 2.185904E+01 -6.368124E+01
      vertex 1.414008E-14 2.185904E+01 -6.368124E+01
    endloop
  endfacet
  facet normal 0.000000E+00 8.278789E-01 5.609069E-01
    outer loop
      vertex 1.600000E+00 2.169909E+01 -6.344517E+01
      vertex 1.600000E+00 2.185904E+01 -6.368124E+01
      vertex 1.408766E-14 2.169909E+01 -6.344517E+01
    endloop
  endfacet
  facet normal 0.000000E+00 6.721632E-01 7.404030E-01
    outer loop
      vertex 1.414008E-14 2.185904E+01 -6.368124E+01
      vertex 1.600000E+00 2.207016E+01 -6.387291E+01
      vertex 1.418263E-14 2.207016E+01 -6.387291E+01
    endloop
  endfacet
  facet normal 0.000000E+00 6.721632E-01 7.404030E-01
    outer loop
      vertex 1.600000E+00 2.185904E+01 -6.368124E+01
      vertex 1.600000E+00 2.207016E+01 -6.387291E+01
      vertex 1.414008E-14 2.185904E+01 -6.368124E+01
    endloop
  endfacet
  facet normal 0.000000E+00 4.784931E-01 8.780913E-01
    outer loop
      vertex 1.418263E-14 2.207016E+01 -6.387291E+01
      vertex 1.600000E+00 2.232055E+01 -6.400935E+01
      vertex 1.421293E-14 2.232055E+01 -6.400935E+01
    endloop
  endfacet
  facet normal 0.000000E+00 4.784931E-01 8.780913E-01
    outer loop
      vertex 1.600000E+00 2.207016E+01 -6.387291E+01
      vertex 1.600000E+00 2.232055E+01 -6.400935E+01
      vertex 1.418263E-14 2.207016E+01 -6.387291E+01
    endloop
  endfacet
  facet normal 0.000000E+00 2.578142E-01 9.661945E-01
    outer loop
      vertex 1.421293E-14 2.232055E+01 -6.400935E+01
      vertex 1.600000E+00 2.259607E+01 -6.408287E+01
      vertex 1.422926E-14 2.259607E+01 -6.408287E+01
    endloop
  endfacet
  facet normal 0.000000E+00 2.578142E-01 9.661945E-01
    outer loop
      vertex 1.600000E+00 2.232055E+01 -6.400935E+01
      vertex 1.600000E+00 2.259607E+01 -6.408287E+01
      vertex 1.421293E-14 2.232055E+01 -6.400935E+01
    endloop
  endfacet
  facet normal 0.000000E+00 2.255473E-02 9.997457E-01
    outer loop
      vertex 1.422926E-14 2.259607E+01 -6.408287E+01
      vertex 1.600000E+00 2.288115E+01 -6.408930E+01
      vertex 1.423068E-14 2.288115E+01 -6.408930E+01
    endloop
  endfacet
  facet normal 0.000000E+00 2.255473E-02 9.997457E-01
    outer loop
      vertex 1.600000E+00 2.259607E+01 -6.408287E+01
      vertex 1.600000E+00 2.288115E+01 -6.408930E+01
      vertex 1.422926E-14 2.259607E+01 -6.408287E+01
    endloop
  endfacet
  facet normal 0.000000E+00 -2.139875E-01 9.768364E-01
    outer loop
      vertex 1.423068E-14 2.288115E+01 -6.408930E+01
      vertex 1.600000E+00 2.315970E+01 -6.402828E+01
      vertex 1.421713E-14 2.315970E+01 -6.402828E+01
    endloop
  endfacet
  facet normal 0.000000E+00 -2.139875E-01 9.768364E-01
    outer loop
      vertex 1.600000E+00 2.288115E+01 -6.408930E+01
      vertex 1.600000E+00 2.315970E+01 -6.402828E+01
      vertex 1.423068E-14 2.288115E+01 -6.408930E+01
    endloop
  endfacet
  facet normal 0.000000E+00 -4.384028E-01 8.987786E-01
    outer loop
      vertex 1.421713E-14 2.315970E+01 -6.402828E+01
      vertex 1.600000E+00 2.341599E+01 -6.390327E+01
      vertex 1.418938E-14 2.341599E+01 -6.390327E+01
    endloop
  endfacet
  facet normal 0.000000E+00 -4.384028E-01 8.987786E-01
    outer loop
      vertex 1.600000E+00 2.315970E+01 -6.402828E+01
      vertex 1.600000E+00 2.341599E+01 -6.390327E+01
      vertex 1.421713E-14 2.315970E+01 -6.402828E+01
    endloop
  endfacet
  facet normal 0.000000E+00 -6.424204E-01 7.663525E-01
    outer loop
      vertex 1.418938E-14 2.341599E+01 -6.390327E+01
      vertex 1.600000E+00 2.364481E+01 -6.371145E+01
      vertex 1.414678E-14 2.364481E+01 -6.371145E+01
    endloop
  endfacet
  facet normal 0.000000E+00 -6.424204E-01 7.663525E-01
    outer loop
      vertex 1.600000E+00 2.341599E+01 -6.390327E+01
      vertex 1.600000E+00 2.364481E+01 -6.371145E+01
      vertex 1.418938E-14 2.341599E+01 -6.390327E+01
    endloop
  endfacet
  facet normal 0.000000E+00 -8.117411E-01 5.840174E-01
    outer loop
      vertex 1.414678E-14 2.364481E+01 -6.371145E+01
      vertex 1.600000E+00 2.381919E+01 -6.346908E+01
      vertex 1.409297E-14 2.381919E+01 -6.346908E+01
    endloop
  endfacet
  facet normal 0.000000E+00 -8.117411E-01 5.840174E-01
    outer loop
      vertex 1.600000E+00 2.364481E+01 -6.371145E+01
      vertex 1.600000E+00 2.381919E+01 -6.346908E+01
      vertex 1.414678E-14 2.364481E+01 -6.371145E+01
    endloop
  endfacet
  facet normal 0.000000E+00 -9.922308E-01 1.244105E-01
    outer loop
      vertex 1.403125E-14 2.392834E+01 -6.319115E+01
      vertex 1.600000E+00 2.392834E+01 -6.319115E+01
      vertex 1.396547E-14 2.396548E+01 -6.289489E+01
    endloop
  endfacet
  facet normal 0.000000E+00 -9.307993E-01 3.655306E-01
    outer loop
      vertex 1.409297E-14 2.381919E+01 -6.346908E+01
      vertex 1.600000E+00 2.392834E+01 -6.319115E+01
      vertex 1.403125E-14 2.392834E+01 -6.319115E+01
    endloop
  endfacet
  facet normal 0.000000E+00 -9.307993E-01 3.655306E-01
    outer loop
      vertex 1.600000E+00 2.381919E+01 -6.346908E+01
      vertex 1.600000E+00 2.392834E+01 -6.319115E+01
      vertex 1.409297E-14 2.381919E+01 -6.346908E+01
    endloop
  endfacet
  facet normal 0.000000E+00 -9.922308E-01 1.244105E-01
    outer loop
      vertex 1.600000E+00 2.392834E+01 -6.319115E+01
      vertex 1.600000E+00 2.396548E+01 -6.289489E+01
      vertex 1.396547E-14 2.396548E+01 -6.289489E+01
    endloop
  endfacet
  facet normal -8.660257E-01 0.000000E+00 4.999996E-01
    outer loop
      vertex 1.124130E+01 1.776548E+01 -5.654489E+01
      vertex 1.248261E+01 1.636548E+01 -5.439489E+01
      vertex 1.248261E+01 1.776548E+01 -5.439489E+01
    endloop
  endfacet
  facet normal -8.660257E-01 0.000000E+00 4.999996E-01
    outer loop
      vertex 1.124130E+01 1.636548E+01 -5.654489E+01
      vertex 1.248261E+01 1.636548E+01 -5.439489E+01
      vertex 1.124130E+01 1.776548E+01 -5.654489E+01
    endloop
  endfacet
  facet normal -0.000000E+00 0.000000E+00 1.000000E+00
    outer loop
      vertex 8.758697E+00 1.776548E+01 -5.654489E+01
      vertex 1.124130E+01 1.636548E+01 -5.654489E+01
      vertex 1.124130E+01 1.776548E+01 -5.654489E+01
    endloop
  endfacet
  facet normal 0.000000E+00 0.000000E+00 1.000000E+00
    outer loop
      vertex 8.758697E+00 1.636548E+01 -5.654489E+01
      vertex 1.124130E+01 1.636548E+01 -5.654489E+01
      vertex 8.758697E+00 1.776548E+01 -5.654489E+01
    endloop
  endfacet
  facet normal 8.660257E-01 -0.000000E+00 4.999996E-01
    outer loop
      vertex 7.517394E+00 1.636548E+01 -5.439489E+01
      vertex 8.758697E+00 1.776548E+01 -5.654489E+01
      vertex 7.517394E+00 1.776548E+01 -5.439489E+01
    endloop
  endfacet
  facet normal 8.660257E-01 0.000000E+00 4.999996E-01
    outer loop
      vertex 7.517394E+00 1.636548E+01 -5.439489E+01
      vertex 8.758697E+00 1.636548E+01 -5.654489E+01
      vertex 8.758697E+00 1.776548E+01 -5.654489E+01
    endloop
  endfacet
  facet normal 8.660253E-01 0.000000E+00 -5.000002E-01
    outer loop
      vertex 8.758697E+00 1.636548E+01 -5.224489E+01
      vertex 7.517394E+00 1.776548E+01 -5.439489E+01
      vertex 8.758697E+00 1.776548E+01 -5.224489E+01
    endloop
  endfacet
  facet normal 8.660253E-01 0.000000E+00 -5.000002E-01
    outer loop
      vertex 8.758697E+00 1.636548E+01 -5.224489E+01
      vertex 7.517394E+00 1.636548E+01 -5.439489E+01
      vertex 7.517394E+00 1.776548E+01 -5.439489E+01
    endloop
  endfacet
  facet normal -0.000000E+00 0.000000E+00 -1.000000E+00
    outer loop
      vertex 1.124130E+01 1.776548E+01 -5.224489E+01
      vertex 8.758697E+00 1.636548E+01 -5.224489E+01
      vertex 8.758697E+00 1.776548E+01 -5.224489E+01
    endloop
  endfacet
  facet normal 0.000000E+00 0.000000E+00 -1.000000E+00
    outer loop
      vertex 1.124130E+01 1.636548E+01 -5.224489E+01
      vertex 8.758697E+00 1.636548E+01 -5.224489E+01
      vertex 1.124130E+01 1.776548E+01 -5.224489E+01
    endloop
  endfacet
  facet normal -8.660253E-01 0.000000E+00 -5.000002E-01
    outer loop
      vertex 1.248261E+01 1.776548E+01 -5.439489E+01
      vertex 1.124130E+01 1.636548E+01 -5.224489E+01
      vertex 1.124130E+01 1.776548E+01 -5.224489E+01
    endloop
  endfacet
  facet normal -8.660253E-01 0.000000E+00 -5.000002E-01
    outer loop
      vertex 1.248261E+01 1.636548E+01 -5.439489E+01
      vertex 1.124130E+01 1.636548E+01 -5.224489E+01
      vertex 1.248261E+01 1.776548E+01 -5.439489E+01
    endloop
  endfacet
  facet normal 0.000000E+00 1.000000E+00 0.000000E+00
    outer loop
      vertex 8.758697E+00 1.636548E+01 -5.224489E+01
      vertex 1.014464E+01 1.636548E+01 -5.320364E+01
      vertex 9.855356E+00 1.636548E+01 -5.320364E+01
    endloop
  endfacet
  facet normal 0.000000E+00 1.000000E+00 0.000000E+00
    outer loop
      vertex 8.758697E+00 1.636548E+01 -5.224489E+01
      vertex 8.937452E+00 1.636548E+01 -5.383722E+01
      vertex 7.517394E+00 1.636548E+01 -5.439489E+01
    endloop
  endfacet
  facet normal -0.000000E+00 1.000000E+00 0.000000E+00
    outer loop
      vertex 8.758697E+00 1.636548E+01 -5.224489E+01
      vertex 1.124130E+01 1.636548E+01 -5.224489E+01
      vertex 1.014464E+01 1.636548E+01 -5.320364E+01
    endloop
  endfacet
  facet normal -0.000000E+00 1.000000E+00 0.000000E+00
    outer loop
      vertex 1.070534E+01 1.636548E+01 -5.536571E+01
      vertex 1.091249E+01 1.636548E+01 -5.517422E+01
      vertex 1.124130E+01 1.636548E+01 -5.654489E+01
    endloop
  endfacet
  facet normal -0.000000E+00 1.000000E+00 0.000000E+00
    outer loop
      vertex 1.106921E+01 1.636548E+01 -5.493967E+01
      vertex 1.248261E+01 1.636548E+01 -5.439489E+01
      vertex 1.124130E+01 1.636548E+01 -5.654489E+01
    endloop
  endfacet
  facet normal 0.000000E+00 1.000000E+00 0.000000E+00
    outer loop
      vertex 1.106921E+01 1.636548E+01 -5.493967E+01
      vertex 1.124130E+01 1.636548E+01 -5.654489E+01
      vertex 1.091249E+01 1.636548E+01 -5.517422E+01
    endloop
  endfacet
  facet normal -0.000000E+00 1.000000E+00 0.000000E+00
    outer loop
      vertex 1.045922E+01 1.636548E+01 -5.550354E+01
      vertex 1.070534E+01 1.636548E+01 -5.536571E+01
      vertex 1.124130E+01 1.636548E+01 -5.654489E+01
    endloop
  endfacet
  facet normal -0.000000E+00 1.000000E+00 0.000000E+00
    outer loop
      vertex 1.116684E+01 1.636548E+01 -5.467502E+01
      vertex 1.248261E+01 1.636548E+01 -5.439489E+01
      vertex 1.106921E+01 1.636548E+01 -5.493967E+01
    endloop
  endfacet
  facet normal -0.000000E+00 1.000000E+00 0.000000E+00
    outer loop
      vertex 1.018772E+01 1.636548E+01 -5.558011E+01
      vertex 1.045922E+01 1.636548E+01 -5.550354E+01
      vertex 1.124130E+01 1.636548E+01 -5.654489E+01
    endloop
  endfacet
  facet normal -0.000000E+00 1.000000E+00 0.000000E+00
    outer loop
      vertex 1.120000E+01 1.636548E+01 -5.439489E+01
      vertex 1.248261E+01 1.636548E+01 -5.439489E+01
      vertex 1.116684E+01 1.636548E+01 -5.467502E+01
    endloop
  endfacet
  facet normal -0.000000E+00 1.000000E+00 0.000000E+00
    outer loop
      vertex 9.905849E+00 1.636548E+01 -5.559119E+01
      vertex 1.018772E+01 1.636548E+01 -5.558011E+01
      vertex 1.124130E+01 1.636548E+01 -5.654489E+01
    endloop
  endfacet
  facet normal 0.000000E+00 1.000000E+00 0.000000E+00
    outer loop
      vertex 8.758697E+00 1.636548E+01 -5.654489E+01
      vertex 9.905849E+00 1.636548E+01 -5.559119E+01
      vertex 1.124130E+01 1.636548E+01 -5.654489E+01
    endloop
  endfacet
  facet normal 0.000000E+00 1.000000E+00 0.000000E+00
    outer loop
      vertex 1.116513E+01 1.636548E+01 -5.410771E+01
      vertex 1.248261E+01 1.636548E+01 -5.439489E+01
      vertex 1.120000E+01 1.636548E+01 -5.439489E+01
    endloop
  endfacet
  facet normal 0.000000E+00 1.000000E+00 0.000000E+00
    outer loop
      vertex 9.629180E+00 1.636548E+01 -5.553616E+01
      vertex 9.905849E+00 1.636548E+01 -5.559119E+01
      vertex 8.758697E+00 1.636548E+01 -5.654489E+01
    endloop
  endfacet
  facet normal 0.000000E+00 1.000000E+00 0.000000E+00
    outer loop
      vertex 1.106255E+01 1.636548E+01 -5.383722E+01
      vertex 1.248261E+01 1.636548E+01 -5.439489E+01
      vertex 1.116513E+01 1.636548E+01 -5.410771E+01
    endloop
  endfacet
  facet normal 0.000000E+00 1.000000E+00 0.000000E+00
    outer loop
      vertex 9.373002E+00 1.636548E+01 -5.541806E+01
      vertex 9.629180E+00 1.636548E+01 -5.553616E+01
      vertex 8.758697E+00 1.636548E+01 -5.654489E+01
    endloop
  endfacet
  facet normal 0.000000E+00 1.000000E+00 0.000000E+00
    outer loop
      vertex 9.151472E+00 1.636548E+01 -5.524342E+01
      vertex 9.373002E+00 1.636548E+01 -5.541806E+01
      vertex 8.758697E+00 1.636548E+01 -5.654489E+01
    endloop
  endfacet
  facet normal 0.000000E+00 1.000000E+00 0.000000E+00
    outer loop
      vertex 9.002236E+00 1.636548E+01 -5.506157E+01
      vertex 9.151472E+00 1.636548E+01 -5.524342E+01
      vertex 8.758697E+00 1.636548E+01 -5.654489E+01
    endloop
  endfacet
  facet normal 0.000000E+00 1.000000E+00 0.000000E+00
    outer loop
      vertex 1.124130E+01 1.636548E+01 -5.224489E+01
      vertex 1.068168E+01 1.636548E+01 -5.340731E+01
      vertex 1.042553E+01 1.636548E+01 -5.327287E+01
    endloop
  endfacet
  facet normal 0.000000E+00 1.000000E+00 0.000000E+00
    outer loop
      vertex 1.124130E+01 1.636548E+01 -5.224489E+01
      vertex 1.089821E+01 1.636548E+01 -5.359914E+01
      vertex 1.068168E+01 1.636548E+01 -5.340731E+01
    endloop
  endfacet
  facet normal 0.000000E+00 1.000000E+00 0.000000E+00
    outer loop
      vertex 1.124130E+01 1.636548E+01 -5.224489E+01
      vertex 1.106255E+01 1.636548E+01 -5.383722E+01
      vertex 1.089821E+01 1.636548E+01 -5.359914E+01
    endloop
  endfacet
  facet normal 0.000000E+00 1.000000E+00 0.000000E+00
    outer loop
      vertex 1.124130E+01 1.636548E+01 -5.224489E+01
      vertex 1.248261E+01 1.636548E+01 -5.439489E+01
      vertex 1.106255E+01 1.636548E+01 -5.383722E+01
    endloop
  endfacet
  facet normal -0.000000E+00 1.000000E+00 0.000000E+00
    outer loop
      vertex 1.014464E+01 1.636548E+01 -5.320364E+01
      vertex 1.124130E+01 1.636548E+01 -5.224489E+01
      vertex 1.042553E+01 1.636548E+01 -5.327287E+01
    endloop
  endfacet
  facet normal 0.000000E+00 1.000000E+00 0.000000E+00
    outer loop
      vertex 7.517394E+00 1.636548E+01 -5.439489E+01
      vertex 8.891345E+00 1.636548E+01 -5.485411E+01
      vertex 9.002236E+00 1.636548E+01 -5.506157E+01
    endloop
  endfacet
  facet normal 0.000000E+00 1.000000E+00 0.000000E+00
    outer loop
      vertex 7.517394E+00 1.636548E+01 -5.439489E+01
      vertex 8.823058E+00 1.636548E+01 -5.462899E+01
      vertex 8.891345E+00 1.636548E+01 -5.485411E+01
    endloop
  endfacet
  facet normal -0.000000E+00 1.000000E+00 0.000000E+00
    outer loop
      vertex 7.517394E+00 1.636548E+01 -5.439489E+01
      vertex 8.800000E+00 1.636548E+01 -5.439489E+01
      vertex 8.823058E+00 1.636548E+01 -5.462899E+01
    endloop
  endfacet
  facet normal 0.000000E+00 1.000000E+00 0.000000E+00
    outer loop
      vertex 7.517394E+00 1.636548E+01 -5.439489E+01
      vertex 8.834869E+00 1.636548E+01 -5.410771E+01
      vertex 8.800000E+00 1.636548E+01 -5.439489E+01
    endloop
  endfacet
  facet normal 0.000000E+00 1.000000E+00 0.000000E+00
    outer loop
      vertex 7.517394E+00 1.636548E+01 -5.439489E+01
      vertex 8.937452E+00 1.636548E+01 -5.383722E+01
      vertex 8.834869E+00 1.636548E+01 -5.410771E+01
    endloop
  endfacet
  facet normal 0.000000E+00 1.000000E+00 0.000000E+00
    outer loop
      vertex 7.517394E+00 1.636548E+01 -5.439489E+01
      vertex 9.002236E+00 1.636548E+01 -5.506157E+01
      vertex 8.758697E+00 1.636548E+01 -5.654489E+01
    endloop
  endfacet
  facet normal 0.000000E+00 1.000000E+00 0.000000E+00
    outer loop
      vertex 8.758697E+00 1.636548E+01 -5.224489E+01
      vertex 9.101788E+00 1.636548E+01 -5.359914E+01
      vertex 8.937452E+00 1.636548E+01 -5.383722E+01
    endloop
  endfacet
  facet normal 0.000000E+00 1.000000E+00 0.000000E+00
    outer loop
      vertex 8.758697E+00 1.636548E+01 -5.224489E+01
      vertex 9.318322E+00 1.636548E+01 -5.340731E+01
      vertex 9.101788E+00 1.636548E+01 -5.359914E+01
    endloop
  endfacet
  facet normal 0.000000E+00 1.000000E+00 0.000000E+00
    outer loop
      vertex 8.758697E+00 1.636548E+01 -5.224489E+01
      vertex 9.574474E+00 1.636548E+01 -5.327287E+01
      vertex 9.318322E+00 1.636548E+01 -5.340731E+01
    endloop
  endfacet
  facet normal 0.000000E+00 1.000000E+00 0.000000E+00
    outer loop
      vertex 8.758697E+00 1.636548E+01 -5.224489E+01
      vertex 9.855356E+00 1.636548E+01 -5.320364E+01
      vertex 9.574474E+00 1.636548E+01 -5.327287E+01
    endloop
  endfacet
  facet normal -8.779876E-01 0.000000E+00 4.786833E-01
    outer loop
      vertex 6.132386E+01 1.776548E+01 -5.654489E+01
      vertex 6.249605E+01 1.636548E+01 -5.439489E+01
      vertex 6.249605E+01 1.776548E+01 -5.439489E+01
    endloop
  endfacet
  facet normal -8.779876E-01 0.000000E+00 4.786833E-01
    outer loop
      vertex 6.132386E+01 1.636548E+01 -5.654489E+01
      vertex 6.249605E+01 1.636548E+01 -5.439489E+01
      vertex 6.132386E+01 1.776548E+01 -5.654489E+01
    endloop
  endfacet
  facet normal -0.000000E+00 0.000000E+00 1.000000E+00
    outer loop
      vertex 5.882781E+01 1.776548E+01 -5.654489E+01
      vertex 6.132386E+01 1.636548E+01 -5.654489E+01
      vertex 6.132386E+01 1.776548E+01 -5.654489E+01
    endloop
  endfacet
  facet normal 0.000000E+00 0.000000E+00 1.000000E+00
    outer loop
      vertex 5.882781E+01 1.636548E+01 -5.654489E+01
      vertex 6.132386E+01 1.636548E+01 -5.654489E+01
      vertex 5.882781E+01 1.776548E+01 -5.654489E+01
    endloop
  endfacet
  facet normal 8.515207E-01 -0.000000E+00 5.243210E-01
    outer loop
      vertex 5.750395E+01 1.636548E+01 -5.439489E+01
      vertex 5.882781E+01 1.776548E+01 -5.654489E+01
      vertex 5.750395E+01 1.776548E+01 -5.439489E+01
    endloop
  endfacet
  facet normal 8.515207E-01 0.000000E+00 5.243210E-01
    outer loop
      vertex 5.750395E+01 1.636548E+01 -5.439489E+01
      vertex 5.882781E+01 1.636548E+01 -5.654489E+01
      vertex 5.882781E+01 1.776548E+01 -5.654489E+01
    endloop
  endfacet
  facet normal 8.779873E-01 0.000000E+00 -4.786839E-01
    outer loop
      vertex 5.867614E+01 1.636548E+01 -5.224489E+01
      vertex 5.750395E+01 1.776548E+01 -5.439489E+01
      vertex 5.867614E+01 1.776548E+01 -5.224489E+01
    endloop
  endfacet
  facet normal 8.779873E-01 0.000000E+00 -4.786839E-01
    outer loop
      vertex 5.867614E+01 1.636548E+01 -5.224489E+01
      vertex 5.750395E+01 1.636548E+01 -5.439489E+01
      vertex 5.750395E+01 1.776548E+01 -5.439489E+01
    endloop
  endfacet
  facet normal -0.000000E+00 0.000000E+00 -1.000000E+00
    outer loop
      vertex 6.117219E+01 1.776548E+01 -5.224489E+01
      vertex 5.867614E+01 1.636548E+01 -5.224489E+01
      vertex 5.867614E+01 1.776548E+01 -5.224489E+01
    endloop
  endfacet
  facet normal 0.000000E+00 0.000000E+00 -1.000000E+00
    outer loop
      vertex 6.117219E+01 1.636548E+01 -5.224489E+01
      vertex 5.867614E+01 1.636548E+01 -5.224489E+01
      vertex 6.117219E+01 1.776548E+01 -5.224489E+01
    endloop
  endfacet
  facet normal -8.515203E-01 0.000000E+00 -5.243217E-01
    outer loop
      vertex 6.249605E+01 1.776548E+01 -5.439489E+01
      vertex 6.117219E+01 1.636548E+01 -5.224489E+01
      vertex 6.117219E+01 1.776548E+01 -5.224489E+01
    endloop
  endfacet
  facet normal -8.515203E-01 0.000000E+00 -5.243217E-01
    outer loop
      vertex 6.249605E+01 1.636548E+01 -5.439489E+01
      vertex 6.117219E+01 1.636548E+01 -5.224489E+01
      vertex 6.249605E+01 1.776548E+01 -5.439489E+01
    endloop
  endfacet
  facet normal 0.000000E+00 1.000000E+00 0.000000E+00
    outer loop
      vertex 5.867614E+01 1.636548E+01 -5.224489E+01
      vertex 5.893745E+01 1.636548E+01 -5.383722E+01
      vertex 5.750395E+01 1.636548E+01 -5.439489E+01
    endloop
  endfacet
  facet normal -0.000000E+00 1.000000E+00 0.000000E+00
    outer loop
      vertex 5.867614E+01 1.636548E+01 -5.224489E+01
      vertex 6.117219E+01 1.636548E+01 -5.224489E+01
      vertex 5.985535E+01 1.636548E+01 -5.320364E+01
    endloop
  endfacet
  facet normal -0.000000E+00 1.000000E+00 0.000000E+00
    outer loop
      vertex 6.070534E+01 1.636548E+01 -5.536571E+01
      vertex 6.091249E+01 1.636548E+01 -5.517422E+01
      vertex 6.132386E+01 1.636548E+01 -5.654489E+01
    endloop
  endfacet
  facet normal -0.000000E+00 1.000000E+00 0.000000E+00
    outer loop
      vertex 6.106921E+01 1.636548E+01 -5.493967E+01
      vertex 6.249605E+01 1.636548E+01 -5.439489E+01
      vertex 6.132386E+01 1.636548E+01 -5.654489E+01
    endloop
  endfacet
  facet normal 0.000000E+00 1.000000E+00 0.000000E+00
    outer loop
      vertex 6.106921E+01 1.636548E+01 -5.493967E+01
      vertex 6.132386E+01 1.636548E+01 -5.654489E+01
      vertex 6.091249E+01 1.636548E+01 -5.517422E+01
    endloop
  endfacet
  facet normal -0.000000E+00 1.000000E+00 0.000000E+00
    outer loop
      vertex 6.045922E+01 1.636548E+01 -5.550354E+01
      vertex 6.070534E+01 1.636548E+01 -5.536571E+01
      vertex 6.132386E+01 1.636548E+01 -5.654489E+01
    endloop
  endfacet
  facet normal -0.000000E+00 1.000000E+00 0.000000E+00
    outer loop
      vertex 6.116684E+01 1.636548E+01 -5.467502E+01
      vertex 6.249605E+01 1.636548E+01 -5.439489E+01
      vertex 6.106921E+01 1.636548E+01 -5.493967E+01
    endloop
  endfacet
  facet normal -0.000000E+00 1.000000E+00 0.000000E+00
    outer loop
      vertex 6.018772E+01 1.636548E+01 -5.558011E+01
      vertex 6.045922E+01 1.636548E+01 -5.550354E+01
      vertex 6.132386E+01 1.636548E+01 -5.654489E+01
    endloop
  endfacet
  facet normal -0.000000E+00 1.000000E+00 0.000000E+00
    outer loop
      vertex 6.120000E+01 1.636548E+01 -5.439489E+01
      vertex 6.249605E+01 1.636548E+01 -5.439489E+01
      vertex 6.116684E+01 1.636548E+01 -5.467502E+01
    endloop
  endfacet
  facet normal -0.000000E+00 1.000000E+00 0.000000E+00
    outer loop
      vertex 5.990585E+01 1.636548E+01 -5.559119E+01
      vertex 6.018772E+01 1.636548E+01 -5.558011E+01
      vertex 6.132386E+01 1.636548E+01 -5.654489E+01
    endloop
  endfacet
  facet normal 0.000000E+00 1.000000E+00 0.000000E+00
    outer loop
      vertex 5.882781E+01 1.636548E+01 -5.654489E+01
      vertex 5.990585E+01 1.636548E+01 -5.559119E+01
      vertex 6.132386E+01 1.636548E+01 -5.654489E+01
    endloop
  endfacet
  facet normal 0.000000E+00 1.000000E+00 0.000000E+00
    outer loop
      vertex 6.116513E+01 1.636548E+01 -5.410771E+01
      vertex 6.249605E+01 1.636548E+01 -5.439489E+01
      vertex 6.120000E+01 1.636548E+01 -5.439489E+01
    endloop
  endfacet
  facet normal 0.000000E+00 1.000000E+00 0.000000E+00
    outer loop
      vertex 5.962918E+01 1.636548E+01 -5.553616E+01
      vertex 5.990585E+01 1.636548E+01 -5.559119E+01
      vertex 5.882781E+01 1.636548E+01 -5.654489E+01
    endloop
  endfacet
  facet normal 0.000000E+00 1.000000E+00 0.000000E+00
    outer loop
      vertex 6.106255E+01 1.636548E+01 -5.383722E+01
      vertex 6.249605E+01 1.636548E+01 -5.439489E+01
      vertex 6.116513E+01 1.636548E+01 -5.410771E+01
    endloop
  endfacet
  facet normal 0.000000E+00 1.000000E+00 0.000000E+00
    outer loop
      vertex 5.937300E+01 1.636548E+01 -5.541806E+01
      vertex 5.962918E+01 1.636548E+01 -5.553616E+01
      vertex 5.882781E+01 1.636548E+01 -5.654489E+01
    endloop
  endfacet
  facet normal 0.000000E+00 1.000000E+00 0.000000E+00
    outer loop
      vertex 5.915147E+01 1.636548E+01 -5.524342E+01
      vertex 5.937300E+01 1.636548E+01 -5.541806E+01
      vertex 5.882781E+01 1.636548E+01 -5.654489E+01
    endloop
  endfacet
  facet normal 0.000000E+00 1.000000E+00 0.000000E+00
    outer loop
      vertex 5.900224E+01 1.636548E+01 -5.506157E+01
      vertex 5.915147E+01 1.636548E+01 -5.524342E+01
      vertex 5.882781E+01 1.636548E+01 -5.654489E+01
    endloop
  endfacet
  facet normal 0.000000E+00 1.000000E+00 0.000000E+00
    outer loop
      vertex 6.117219E+01 1.636548E+01 -5.224489E+01
      vertex 6.068168E+01 1.636548E+01 -5.340731E+01
      vertex 6.042553E+01 1.636548E+01 -5.327287E+01
    endloop
  endfacet
  facet normal 0.000000E+00 1.000000E+00 0.000000E+00
    outer loop
      vertex 6.117219E+01 1.636548E+01 -5.224489E+01
      vertex 6.089821E+01 1.636548E+01 -5.359914E+01
      vertex 6.068168E+01 1.636548E+01 -5.340731E+01
    endloop
  endfacet
  facet normal 0.000000E+00 1.000000E+00 0.000000E+00
    outer loop
      vertex 6.117219E+01 1.636548E+01 -5.224489E+01
      vertex 6.106255E+01 1.636548E+01 -5.383722E+01
      vertex 6.089821E+01 1.636548E+01 -5.359914E+01
    endloop
  endfacet
  facet normal 0.000000E+00 1.000000E+00 0.000000E+00
    outer loop
      vertex 6.117219E+01 1.636548E+01 -5.224489E+01
      vertex 6.249605E+01 1.636548E+01 -5.439489E+01
      vertex 6.106255E+01 1.636548E+01 -5.383722E+01
    endloop
  endfacet
  facet normal -0.000000E+00 1.000000E+00 0.000000E+00
    outer loop
      vertex 6.014465E+01 1.636548E+01 -5.320364E+01
      vertex 6.117219E+01 1.636548E+01 -5.224489E+01
      vertex 6.042553E+01 1.636548E+01 -5.327287E+01
    endloop
  endfacet
  facet normal 0.000000E+00 1.000000E+00 0.000000E+00
    outer loop
      vertex 5.985535E+01 1.636548E+01 -5.320364E+01
      vertex 6.117219E+01 1.636548E+01 -5.224489E+01
      vertex 6.014465E+01 1.636548E+01 -5.320364E+01
    endloop
  endfacet
  facet normal 0.000000E+00 1.000000E+00 0.000000E+00
    outer loop
      vertex 5.750395E+01 1.636548E+01 -5.439489E+01
      vertex 5.889135E+01 1.636548E+01 -5.485411E+01
      vertex 5.900224E+01 1.636548E+01 -5.506157E+01
    endloop
  endfacet
  facet normal 0.000000E+00 1.000000E+00 0.000000E+00
    outer loop
      vertex 5.750395E+01 1.636548E+01 -5.439489E+01
      vertex 5.882306E+01 1.636548E+01 -5.462899E+01
      vertex 5.889135E+01 1.636548E+01 -5.485411E+01
    endloop
  endfacet
  facet normal -0.000000E+00 1.000000E+00 0.000000E+00
    outer loop
      vertex 5.750395E+01 1.636548E+01 -5.439489E+01
      vertex 5.880000E+01 1.636548E+01 -5.439489E+01
      vertex 5.882306E+01 1.636548E+01 -5.462899E+01
    endloop
  endfacet
  facet normal 0.000000E+00 1.000000E+00 0.000000E+00
    outer loop
      vertex 5.750395E+01 1.636548E+01 -5.439489E+01
      vertex 5.883487E+01 1.636548E+01 -5.410771E+01
      vertex 5.880000E+01 1.636548E+01 -5.439489E+01
    endloop
  endfacet
  facet normal 0.000000E+00 1.000000E+00 0.000000E+00
    outer loop
      vertex 5.750395E+01 1.636548E+01 -5.439489E+01
      vertex 5.893745E+01 1.636548E+01 -5.383722E+01
      vertex 5.883487E+01 1.636548E+01 -5.410771E+01
    endloop
  endfacet
  facet normal 0.000000E+00 1.000000E+00 0.000000E+00
    outer loop
      vertex 5.750395E+01 1.636548E+01 -5.439489E+01
      vertex 5.900224E+01 1.636548E+01 -5.506157E+01
      vertex 5.882781E+01 1.636548E+01 -5.654489E+01
    endloop
  endfacet
  facet normal 0.000000E+00 1.000000E+00 0.000000E+00
    outer loop
      vertex 5.867614E+01 1.636548E+01 -5.224489E+01
      vertex 5.910179E+01 1.636548E+01 -5.359914E+01
      vertex 5.893745E+01 1.636548E+01 -5.383722E+01
    endloop
  endfacet
  facet normal 0.000000E+00 1.000000E+00 0.000000E+00
    outer loop
      vertex 5.867614E+01 1.636548E+01 -5.224489E+01
      vertex 5.931832E+01 1.636548E+01 -5.340731E+01
      vertex 5.910179E+01 1.636548E+01 -5.359914E+01
    endloop
  endfacet
  facet normal 0.000000E+00 1.000000E+00 0.000000E+00
    outer loop
      vertex 5.867614E+01 1.636548E+01 -5.224489E+01
      vertex 5.957447E+01 1.636548E+01 -5.327287E+01
      vertex 5.931832E+01 1.636548E+01 -5.340731E+01
    endloop
  endfacet
  facet normal 0.000000E+00 1.000000E+00 0.000000E+00
    outer loop
      vertex 5.867614E+01 1.636548E+01 -5.224489E+01
      vertex 5.985535E+01 1.636548E+01 -5.320364E+01
      vertex 5.957447E+01 1.636548E+01 -5.327287E+01
    endloop
  endfacet
  facet normal 0.000000E+00 1.000000E+00 0.000000E+00
    outer loop
      vertex 1.163400E-14 1.776548E+01 -5.239489E+01
      vertex 3.000000E+00 1.776548E+01 -6.115225E+01
      vertex 1.357853E-14 1.776548E+01 -6.115225E+01
    endloop
  endfacet
  facet normal 0.000000E+00 1.000000E+00 0.000000E+00
    outer loop
      vertex 5.000000E+00 1.776548E+01 -5.239489E+01
      vertex 3.000000E+00 1.776548E+01 -6.115225E+01
      vertex 1.163400E-14 1.776548E+01 -5.239489E+01
    endloop
  endfacet
  facet normal 0.000000E+00 1.000000E+00 0.000000E+00
    outer loop
      vertex 7.517394E+00 1.776548E+01 -5.439489E+01
      vertex 8.758697E+00 1.776548E+01 -5.654489E+01
      vertex 3.000000E+00 1.776548E+01 -6.115225E+01
    endloop
  endfacet
  facet normal 0.000000E+00 1.000000E+00 0.000000E+00
    outer loop
      vertex 7.517394E+00 1.776548E+01 -5.439489E+01
      vertex 3.000000E+00 1.776548E+01 -6.115225E+01
      vertex 5.000000E+00 1.776548E+01 -5.239489E+01
    endloop
  endfacet
  facet normal 0.000000E+00 1.000000E+00 0.000000E+00
    outer loop
      vertex 6.700000E+01 1.776548E+01 -6.115225E+01
      vertex 5.882781E+01 1.776548E+01 -5.654489E+01
      vertex 6.132386E+01 1.776548E+01 -5.654489E+01
    endloop
  endfacet
  facet normal 0.000000E+00 1.000000E+00 0.000000E+00
    outer loop
      vertex 1.124130E+01 1.776548E+01 -5.654489E+01
      vertex 3.000000E+00 1.776548E+01 -6.115225E+01
      vertex 8.758697E+00 1.776548E+01 -5.654489E+01
    endloop
  endfacet
  facet normal 0.000000E+00 1.000000E+00 0.000000E+00
    outer loop
      vertex 5.867614E+01 1.776548E+01 -5.224489E+01
      vertex 5.533706E+01 1.776548E+01 -5.128375E+01
      vertex 5.558578E+01 1.776548E+01 -5.098067E+01
    endloop
  endfacet
  facet normal 0.000000E+00 1.000000E+00 0.000000E+00
    outer loop
      vertex 5.867614E+01 1.776548E+01 -5.224489E+01
      vertex 5.515224E+01 1.776548E+01 -5.162952E+01
      vertex 5.533706E+01 1.776548E+01 -5.128375E+01
    endloop
  endfacet
  facet normal 0.000000E+00 1.000000E+00 0.000000E+00
    outer loop
      vertex 5.867614E+01 1.776548E+01 -5.224489E+01
      vertex 5.503843E+01 1.776548E+01 -5.200471E+01
      vertex 5.515224E+01 1.776548E+01 -5.162952E+01
    endloop
  endfacet
  facet normal 0.000000E+00 1.000000E+00 0.000000E+00
    outer loop
      vertex 5.867614E+01 1.776548E+01 -5.224489E+01
      vertex 5.500000E+01 1.776548E+01 -5.239489E+01
      vertex 5.503843E+01 1.776548E+01 -5.200471E+01
    endloop
  endfacet
  facet normal 0.000000E+00 1.000000E+00 0.000000E+00
    outer loop
      vertex 5.867614E+01 1.776548E+01 -5.224489E+01
      vertex 5.750395E+01 1.776548E+01 -5.439489E+01
      vertex 5.500000E+01 1.776548E+01 -5.239489E+01
    endloop
  endfacet
  facet normal 0.000000E+00 1.000000E+00 0.000000E+00
    outer loop
      vertex 5.867614E+01 1.776548E+01 -5.224489E+01
      vertex 5.623463E+01 1.776548E+01 -5.054713E+01
      vertex 5.660982E+01 1.776548E+01 -5.043332E+01
    endloop
  endfacet
  facet normal 0.000000E+00 1.000000E+00 0.000000E+00
    outer loop
      vertex 5.867614E+01 1.776548E+01 -5.224489E+01
      vertex 5.588886E+01 1.776548E+01 -5.073195E+01
      vertex 5.623463E+01 1.776548E+01 -5.054713E+01
    endloop
  endfacet
  facet normal 0.000000E+00 1.000000E+00 0.000000E+00
    outer loop
      vertex 5.867614E+01 1.776548E+01 -5.224489E+01
      vertex 5.558578E+01 1.776548E+01 -5.098067E+01
      vertex 5.588886E+01 1.776548E+01 -5.073195E+01
    endloop
  endfacet
  facet normal 0.000000E+00 1.000000E+00 0.000000E+00
    outer loop
      vertex 5.700000E+01 1.776548E+01 -5.039489E+01
      vertex 5.867614E+01 1.776548E+01 -5.224489E+01
      vertex 5.660982E+01 1.776548E+01 -5.043332E+01
    endloop
  endfacet
  facet normal 0.000000E+00 1.000000E+00 0.000000E+00
    outer loop
      vertex 6.249605E+01 1.776548E+01 -5.439489E+01
      vertex 6.700000E+01 1.776548E+01 -6.115225E+01
      vertex 6.132386E+01 1.776548E+01 -5.654489E+01
    endloop
  endfacet
  facet normal 0.000000E+00 1.000000E+00 0.000000E+00
    outer loop
      vertex 8.758697E+00 1.776548E+01 -5.224489E+01
      vertex 6.234633E+00 1.776548E+01 -5.054713E+01
      vertex 6.609819E+00 1.776548E+01 -5.043332E+01
    endloop
  endfacet
  facet normal 0.000000E+00 1.000000E+00 0.000000E+00
    outer loop
      vertex 8.758697E+00 1.776548E+01 -5.224489E+01
      vertex 5.888860E+00 1.776548E+01 -5.073195E+01
      vertex 6.234633E+00 1.776548E+01 -5.054713E+01
    endloop
  endfacet
  facet normal 0.000000E+00 1.000000E+00 0.000000E+00
    outer loop
      vertex 6.117219E+01 1.776548E+01 -5.224489E+01
      vertex 5.867614E+01 1.776548E+01 -5.224489E+01
      vertex 5.700000E+01 1.776548E+01 -5.039489E+01
    endloop
  endfacet
  facet normal 0.000000E+00 1.000000E+00 0.000000E+00
    outer loop
      vertex 8.758697E+00 1.776548E+01 -5.224489E+01
      vertex 5.585786E+00 1.776548E+01 -5.098067E+01
      vertex 5.888860E+00 1.776548E+01 -5.073195E+01
    endloop
  endfacet
  facet normal 0.000000E+00 1.000000E+00 0.000000E+00
    outer loop
      vertex 8.758697E+00 1.776548E+01 -5.224489E+01
      vertex 5.337061E+00 1.776548E+01 -5.128375E+01
      vertex 5.585786E+00 1.776548E+01 -5.098067E+01
    endloop
  endfacet
  facet normal 0.000000E+00 1.000000E+00 0.000000E+00
    outer loop
      vertex 8.758697E+00 1.776548E+01 -5.224489E+01
      vertex 5.152241E+00 1.776548E+01 -5.162952E+01
      vertex 5.337061E+00 1.776548E+01 -5.128375E+01
    endloop
  endfacet
  facet normal 0.000000E+00 1.000000E+00 0.000000E+00
    outer loop
      vertex 8.758697E+00 1.776548E+01 -5.224489E+01
      vertex 5.038429E+00 1.776548E+01 -5.200471E+01
      vertex 5.152241E+00 1.776548E+01 -5.162952E+01
    endloop
  endfacet
  facet normal 0.000000E+00 1.000000E+00 0.000000E+00
    outer loop
      vertex 8.758697E+00 1.776548E+01 -5.224489E+01
      vertex 5.000000E+00 1.776548E+01 -5.239489E+01
      vertex 5.038429E+00 1.776548E+01 -5.200471E+01
    endloop
  endfacet
  facet normal 0.000000E+00 1.000000E+00 0.000000E+00
    outer loop
      vertex 6.300000E+01 1.776548E+01 -5.039489E+01
      vertex 6.117219E+01 1.776548E+01 -5.224489E+01
      vertex 5.700000E+01 1.776548E+01 -5.039489E+01
    endloop
  endfacet
  facet normal 0.000000E+00 1.000000E+00 0.000000E+00
    outer loop
      vertex 8.758697E+00 1.776548E+01 -5.224489E+01
      vertex 7.517394E+00 1.776548E+01 -5.439489E+01
      vertex 5.000000E+00 1.776548E+01 -5.239489E+01
    endloop
  endfacet
  facet normal 0.000000E+00 1.000000E+00 0.000000E+00
    outer loop
      vertex 7.000000E+00 1.776548E+01 -5.039489E+01
      vertex 8.758697E+00 1.776548E+01 -5.224489E+01
      vertex 6.609819E+00 1.776548E+01 -5.043332E+01
    endloop
  endfacet
  facet normal 0.000000E+00 1.000000E+00 0.000000E+00
    outer loop
      vertex 6.500000E+01 1.776548E+01 -5.239489E+01
      vertex 6.249605E+01 1.776548E+01 -5.439489E+01
      vertex 6.117219E+01 1.776548E+01 -5.224489E+01
    endloop
  endfacet
  facet normal 0.000000E+00 1.000000E+00 0.000000E+00
    outer loop
      vertex 6.500000E+01 1.776548E+01 -5.239489E+01
      vertex 6.700000E+01 1.776548E+01 -6.115225E+01
      vertex 6.249605E+01 1.776548E+01 -5.439489E+01
    endloop
  endfacet
  facet normal 0.000000E+00 1.000000E+00 0.000000E+00
    outer loop
      vertex 6.496157E+01 1.776548E+01 -5.200471E+01
      vertex 6.500000E+01 1.776548E+01 -5.239489E+01
      vertex 6.117219E+01 1.776548E+01 -5.224489E+01
    endloop
  endfacet
  facet normal 0.000000E+00 1.000000E+00 0.000000E+00
    outer loop
      vertex 6.339018E+01 1.776548E+01 -5.043332E+01
      vertex 6.117219E+01 1.776548E+01 -5.224489E+01
      vertex 6.300000E+01 1.776548E+01 -5.039489E+01
    endloop
  endfacet
  facet normal 0.000000E+00 1.000000E+00 0.000000E+00
    outer loop
      vertex 1.500000E+01 1.776548E+01 -5.239489E+01
      vertex 1.124130E+01 1.776548E+01 -5.654489E+01
      vertex 1.248261E+01 1.776548E+01 -5.439489E+01
    endloop
  endfacet
  facet normal 0.000000E+00 1.000000E+00 0.000000E+00
    outer loop
      vertex 1.500000E+01 1.776548E+01 -5.239489E+01
      vertex 1.248261E+01 1.776548E+01 -5.439489E+01
      vertex 1.124130E+01 1.776548E+01 -5.224489E+01
    endloop
  endfacet
  facet normal 0.000000E+00 1.000000E+00 0.000000E+00
    outer loop
      vertex 6.376537E+01 1.776548E+01 -5.054713E+01
      vertex 6.117219E+01 1.776548E+01 -5.224489E+01
      vertex 6.339018E+01 1.776548E+01 -5.043332E+01
    endloop
  endfacet
  facet normal 0.000000E+00 1.000000E+00 0.000000E+00
    outer loop
      vertex 1.300000E+01 1.776548E+01 -5.039489E+01
      vertex 1.124130E+01 1.776548E+01 -5.224489E+01
      vertex 8.758697E+00 1.776548E+01 -5.224489E+01
    endloop
  endfacet
  facet normal 0.000000E+00 1.000000E+00 0.000000E+00
    outer loop
      vertex 1.300000E+01 1.776548E+01 -5.039489E+01
      vertex 8.758697E+00 1.776548E+01 -5.224489E+01
      vertex 7.000000E+00 1.776548E+01 -5.039489E+01
    endloop
  endfacet
  facet normal 0.000000E+00 1.000000E+00 0.000000E+00
    outer loop
      vertex 6.484776E+01 1.776548E+01 -5.162952E+01
      vertex 6.496157E+01 1.776548E+01 -5.200471E+01
      vertex 6.117219E+01 1.776548E+01 -5.224489E+01
    endloop
  endfacet
  facet normal 0.000000E+00 1.000000E+00 0.000000E+00
    outer loop
      vertex 1.339018E+01 1.776548E+01 -5.043332E+01
      vertex 1.124130E+01 1.776548E+01 -5.224489E+01
      vertex 1.300000E+01 1.776548E+01 -5.039489E+01
    endloop
  endfacet
  facet normal 0.000000E+00 1.000000E+00 0.000000E+00
    outer loop
      vertex 6.466294E+01 1.776548E+01 -5.128375E+01
      vertex 6.484776E+01 1.776548E+01 -5.162952E+01
      vertex 6.117219E+01 1.776548E+01 -5.224489E+01
    endloop
  endfacet
  facet normal 0.000000E+00 1.000000E+00 0.000000E+00
    outer loop
      vertex 6.411114E+01 1.776548E+01 -5.073195E+01
      vertex 6.117219E+01 1.776548E+01 -5.224489E+01
      vertex 6.376537E+01 1.776548E+01 -5.054713E+01
    endloop
  endfacet
  facet normal 0.000000E+00 1.000000E+00 0.000000E+00
    outer loop
      vertex 1.496157E+01 1.776548E+01 -5.200471E+01
      vertex 1.500000E+01 1.776548E+01 -5.239489E+01
      vertex 1.124130E+01 1.776548E+01 -5.224489E+01
    endloop
  endfacet
  facet normal 0.000000E+00 1.000000E+00 0.000000E+00
    outer loop
      vertex 1.376537E+01 1.776548E+01 -5.054713E+01
      vertex 1.124130E+01 1.776548E+01 -5.224489E+01
      vertex 1.339018E+01 1.776548E+01 -5.043332E+01
    endloop
  endfacet
  facet normal 0.000000E+00 1.000000E+00 0.000000E+00
    outer loop
      vertex 6.441422E+01 1.776548E+01 -5.098067E+01
      vertex 6.466294E+01 1.776548E+01 -5.128375E+01
      vertex 6.117219E+01 1.776548E+01 -5.224489E+01
    endloop
  endfacet
  facet normal 0.000000E+00 1.000000E+00 0.000000E+00
    outer loop
      vertex 6.441422E+01 1.776548E+01 -5.098067E+01
      vertex 6.117219E+01 1.776548E+01 -5.224489E+01
      vertex 6.411114E+01 1.776548E+01 -5.073195E+01
    endloop
  endfacet
  facet normal 0.000000E+00 1.000000E+00 0.000000E+00
    outer loop
      vertex 1.484776E+01 1.776548E+01 -5.162952E+01
      vertex 1.496157E+01 1.776548E+01 -5.200471E+01
      vertex 1.124130E+01 1.776548E+01 -5.224489E+01
    endloop
  endfacet
  facet normal 0.000000E+00 1.000000E+00 0.000000E+00
    outer loop
      vertex 1.411114E+01 1.776548E+01 -5.073195E+01
      vertex 1.124130E+01 1.776548E+01 -5.224489E+01
      vertex 1.376537E+01 1.776548E+01 -5.054713E+01
    endloop
  endfacet
  facet normal 0.000000E+00 1.000000E+00 0.000000E+00
    outer loop
      vertex 7.000000E+01 1.776548E+01 -5.239489E+01
      vertex 7.000000E+01 1.776548E+01 -6.115225E+01
      vertex 6.700000E+01 1.776548E+01 -6.115225E+01
    endloop
  endfacet
  facet normal 0.000000E+00 1.000000E+00 0.000000E+00
    outer loop
      vertex 7.000000E+01 1.776548E+01 -5.239489E+01
      vertex 6.700000E+01 1.776548E+01 -6.115225E+01
      vertex 6.500000E+01 1.776548E+01 -5.239489E+01
    endloop
  endfacet
  facet normal 0.000000E+00 1.000000E+00 0.000000E+00
    outer loop
      vertex 1.466294E+01 1.776548E+01 -5.128375E+01
      vertex 1.484776E+01 1.776548E+01 -5.162952E+01
      vertex 1.124130E+01 1.776548E+01 -5.224489E+01
    endloop
  endfacet
  facet normal 0.000000E+00 1.000000E+00 0.000000E+00
    outer loop
      vertex 6.700000E+01 1.776548E+01 -6.115225E+01
      vertex 3.000000E+00 1.776548E+01 -6.115225E+01
      vertex 5.882781E+01 1.776548E+01 -5.654489E+01
    endloop
  endfacet
  facet normal 0.000000E+00 1.000000E+00 0.000000E+00
    outer loop
      vertex 5.882781E+01 1.776548E+01 -5.654489E+01
      vertex 3.000000E+00 1.776548E+01 -6.115225E+01
      vertex 1.124130E+01 1.776548E+01 -5.654489E+01
    endloop
  endfacet
  facet normal 0.000000E+00 1.000000E+00 0.000000E+00
    outer loop
      vertex 1.441421E+01 1.776548E+01 -5.098067E+01
      vertex 1.124130E+01 1.776548E+01 -5.224489E+01
      vertex 1.411114E+01 1.776548E+01 -5.073195E+01
    endloop
  endfacet
  facet normal 0.000000E+00 1.000000E+00 0.000000E+00
    outer loop
      vertex 1.441421E+01 1.776548E+01 -5.098067E+01
      vertex 1.466294E+01 1.776548E+01 -5.128375E+01
      vertex 1.124130E+01 1.776548E+01 -5.224489E+01
    endloop
  endfacet
  facet normal 0.000000E+00 1.000000E+00 0.000000E+00
    outer loop
      vertex 5.500000E+01 1.776548E+01 -5.239489E+01
      vertex 5.882781E+01 1.776548E+01 -5.654489E+01
      vertex 1.124130E+01 1.776548E+01 -5.654489E+01
    endloop
  endfacet
  facet normal 0.000000E+00 1.000000E+00 0.000000E+00
    outer loop
      vertex 5.500000E+01 1.776548E+01 -5.239489E+01
      vertex 1.124130E+01 1.776548E+01 -5.654489E+01
      vertex 1.500000E+01 1.776548E+01 -5.239489E+01
    endloop
  endfacet
  facet normal 0.000000E+00 1.000000E+00 0.000000E+00
    outer loop
      vertex 5.750395E+01 1.776548E+01 -5.439489E+01
      vertex 5.882781E+01 1.776548E+01 -5.654489E+01
      vertex 5.500000E+01 1.776548E+01 -5.239489E+01
    endloop
  endfacet
  facet normal -9.927091E-01 0.000000E+00 -1.205349E-01
    outer loop
      vertex 1.120000E+01 1.476548E+01 -5.439489E+01
      vertex 1.116513E+01 1.476548E+01 -5.410771E+01
      vertex 1.120000E+01 1.636548E+01 -5.439489E+01
    endloop
  endfacet
  facet normal -9.927091E-01 0.000000E+00 -1.205349E-01
    outer loop
      vertex 1.120000E+01 1.636548E+01 -5.439489E+01
      vertex 1.116513E+01 1.476548E+01 -5.410771E+01
      vertex 1.116513E+01 1.636548E+01 -5.410771E+01
    endloop
  endfacet
  facet normal -9.350162E-01 0.000000E+00 -3.546052E-01
    outer loop
      vertex 1.116513E+01 1.636548E+01 -5.410771E+01
      vertex 1.106255E+01 1.476548E+01 -5.383722E+01
      vertex 1.106255E+01 1.636548E+01 -5.383722E+01
    endloop
  endfacet
  facet normal -9.350162E-01 0.000000E+00 -3.546052E-01
    outer loop
      vertex 1.116513E+01 1.476548E+01 -5.410771E+01
      vertex 1.106255E+01 1.476548E+01 -5.383722E+01
      vertex 1.116513E+01 1.636548E+01 -5.410771E+01
    endloop
  endfacet
  facet normal -8.229820E-01 0.000000E+00 -5.680674E-01
    outer loop
      vertex 1.106255E+01 1.636548E+01 -5.383722E+01
      vertex 1.089821E+01 1.476548E+01 -5.359914E+01
      vertex 1.089821E+01 1.636548E+01 -5.359914E+01
    endloop
  endfacet
  facet normal -8.229820E-01 0.000000E+00 -5.680674E-01
    outer loop
      vertex 1.106255E+01 1.476548E+01 -5.383722E+01
      vertex 1.089821E+01 1.476548E+01 -5.359914E+01
      vertex 1.106255E+01 1.636548E+01 -5.383722E+01
    endloop
  endfacet
  facet normal -6.631238E-01 0.000000E+00 -7.485098E-01
    outer loop
      vertex 1.089821E+01 1.636548E+01 -5.359914E+01
      vertex 1.068168E+01 1.476548E+01 -5.340731E+01
      vertex 1.068168E+01 1.636548E+01 -5.340731E+01
    endloop
  endfacet
  facet normal -6.631238E-01 0.000000E+00 -7.485098E-01
    outer loop
      vertex 1.089821E+01 1.476548E+01 -5.359914E+01
      vertex 1.068168E+01 1.476548E+01 -5.340731E+01
      vertex 1.089821E+01 1.636548E+01 -5.359914E+01
    endloop
  endfacet
  facet normal -4.647192E-01 0.000000E+00 -8.854581E-01
    outer loop
      vertex 1.068168E+01 1.636548E+01 -5.340731E+01
      vertex 1.042553E+01 1.476548E+01 -5.327287E+01
      vertex 1.042553E+01 1.636548E+01 -5.327287E+01
    endloop
  endfacet
  facet normal -4.647192E-01 0.000000E+00 -8.854581E-01
    outer loop
      vertex 1.068168E+01 1.476548E+01 -5.340731E+01
      vertex 1.042553E+01 1.476548E+01 -5.327287E+01
      vertex 1.068168E+01 1.636548E+01 -5.340731E+01
    endloop
  endfacet
  facet normal -2.393214E-01 0.000000E+00 -9.709404E-01
    outer loop
      vertex 1.042553E+01 1.636548E+01 -5.327287E+01
      vertex 1.014464E+01 1.476548E+01 -5.320364E+01
      vertex 1.014464E+01 1.636548E+01 -5.320364E+01
    endloop
  endfacet
  facet normal -2.393214E-01 0.000000E+00 -9.709404E-01
    outer loop
      vertex 1.042553E+01 1.476548E+01 -5.327287E+01
      vertex 1.014464E+01 1.476548E+01 -5.320364E+01
      vertex 1.042553E+01 1.636548E+01 -5.327287E+01
    endloop
  endfacet
  facet normal -0.000000E+00 0.000000E+00 -1.000000E+00
    outer loop
      vertex 1.014464E+01 1.636548E+01 -5.320364E+01
      vertex 9.855356E+00 1.476548E+01 -5.320364E+01
      vertex 9.855356E+00 1.636548E+01 -5.320364E+01
    endloop
  endfacet
  facet normal 0.000000E+00 0.000000E+00 -1.000000E+00
    outer loop
      vertex 1.014464E+01 1.476548E+01 -5.320364E+01
      vertex 9.855356E+00 1.476548E+01 -5.320364E+01
      vertex 1.014464E+01 1.636548E+01 -5.320364E+01
    endloop
  endfacet
  facet normal 2.393214E-01 0.000000E+00 -9.709404E-01
    outer loop
      vertex 9.855356E+00 1.636548E+01 -5.320364E+01
      vertex 9.574474E+00 1.476548E+01 -5.327287E+01
      vertex 9.574474E+00 1.636548E+01 -5.327287E+01
    endloop
  endfacet
  facet normal 2.393214E-01 0.000000E+00 -9.709404E-01
    outer loop
      vertex 9.855356E+00 1.476548E+01 -5.320364E+01
      vertex 9.574474E+00 1.476548E+01 -5.327287E+01
      vertex 9.855356E+00 1.636548E+01 -5.320364E+01
    endloop
  endfacet
  facet normal 4.647192E-01 0.000000E+00 -8.854581E-01
    outer loop
      vertex 9.574474E+00 1.636548E+01 -5.327287E+01
      vertex 9.318322E+00 1.476548E+01 -5.340731E+01
      vertex 9.318322E+00 1.636548E+01 -5.340731E+01
    endloop
  endfacet
  facet normal 4.647192E-01 0.000000E+00 -8.854581E-01
    outer loop
      vertex 9.574474E+00 1.476548E+01 -5.327287E+01
      vertex 9.318322E+00 1.476548E+01 -5.340731E+01
      vertex 9.574474E+00 1.636548E+01 -5.327287E+01
    endloop
  endfacet
  facet normal 6.631238E-01 0.000000E+00 -7.485098E-01
    outer loop
      vertex 9.318322E+00 1.636548E+01 -5.340731E+01
      vertex 9.101788E+00 1.476548E+01 -5.359914E+01
      vertex 9.101788E+00 1.636548E+01 -5.359914E+01
    endloop
  endfacet
  facet normal 6.631238E-01 0.000000E+00 -7.485098E-01
    outer loop
      vertex 9.318322E+00 1.476548E+01 -5.340731E+01
      vertex 9.101788E+00 1.476548E+01 -5.359914E+01
      vertex 9.318322E+00 1.636548E+01 -5.340731E+01
    endloop
  endfacet
  facet normal 8.229820E-01 0.000000E+00 -5.680674E-01
    outer loop
      vertex 9.101788E+00 1.636548E+01 -5.359914E+01
      vertex 8.937452E+00 1.476548E+01 -5.383722E+01
      vertex 8.937452E+00 1.636548E+01 -5.383722E+01
    endloop
  endfacet
  facet normal 8.229820E-01 0.000000E+00 -5.680674E-01
    outer loop
      vertex 9.101788E+00 1.476548E+01 -5.359914E+01
      vertex 8.937452E+00 1.476548E+01 -5.383722E+01
      vertex 9.101788E+00 1.636548E+01 -5.359914E+01
    endloop
  endfacet
  facet normal 9.350162E-01 0.000000E+00 -3.546052E-01
    outer loop
      vertex 8.937452E+00 1.636548E+01 -5.383722E+01
      vertex 8.834869E+00 1.476548E+01 -5.410771E+01
      vertex 8.834869E+00 1.636548E+01 -5.410771E+01
    endloop
  endfacet
  facet normal 9.350162E-01 0.000000E+00 -3.546052E-01
    outer loop
      vertex 8.937452E+00 1.476548E+01 -5.383722E+01
      vertex 8.834869E+00 1.476548E+01 -5.410771E+01
      vertex 8.937452E+00 1.636548E+01 -5.383722E+01
    endloop
  endfacet
  facet normal 9.927091E-01 0.000000E+00 -1.205349E-01
    outer loop
      vertex 8.834869E+00 1.636548E+01 -5.410771E+01
      vertex 8.800000E+00 1.476548E+01 -5.439489E+01
      vertex 8.800000E+00 1.636548E+01 -5.439489E+01
    endloop
  endfacet
  facet normal 9.927091E-01 0.000000E+00 -1.205349E-01
    outer loop
      vertex 8.834869E+00 1.476548E+01 -5.410771E+01
      vertex 8.800000E+00 1.476548E+01 -5.439489E+01
      vertex 8.834869E+00 1.636548E+01 -5.410771E+01
    endloop
  endfacet
  facet normal -9.927087E-01 0.000000E+00 -1.205381E-01
    outer loop
      vertex 6.120000E+01 1.476548E+01 -5.439489E+01
      vertex 6.116513E+01 1.476548E+01 -5.410771E+01
      vertex 6.120000E+01 1.636548E+01 -5.439489E+01
    endloop
  endfacet
  facet normal -9.927087E-01 0.000000E+00 -1.205381E-01
    outer loop
      vertex 6.120000E+01 1.636548E+01 -5.439489E+01
      vertex 6.116513E+01 1.476548E+01 -5.410771E+01
      vertex 6.116513E+01 1.636548E+01 -5.410771E+01
    endloop
  endfacet
  facet normal -9.350140E-01 0.000000E+00 -3.546109E-01
    outer loop
      vertex 6.116513E+01 1.636548E+01 -5.410771E+01
      vertex 6.106255E+01 1.476548E+01 -5.383722E+01
      vertex 6.106255E+01 1.636548E+01 -5.383722E+01
    endloop
  endfacet
  facet normal -9.350140E-01 0.000000E+00 -3.546109E-01
    outer loop
      vertex 6.116513E+01 1.476548E+01 -5.410771E+01
      vertex 6.106255E+01 1.476548E+01 -5.383722E+01
      vertex 6.116513E+01 1.636548E+01 -5.410771E+01
    endloop
  endfacet
  facet normal -8.229851E-01 0.000000E+00 -5.680630E-01
    outer loop
      vertex 6.106255E+01 1.636548E+01 -5.383722E+01
      vertex 6.089821E+01 1.476548E+01 -5.359914E+01
      vertex 6.089821E+01 1.636548E+01 -5.359914E+01
    endloop
  endfacet
  facet normal -8.229851E-01 0.000000E+00 -5.680630E-01
    outer loop
      vertex 6.106255E+01 1.476548E+01 -5.383722E+01
      vertex 6.089821E+01 1.476548E+01 -5.359914E+01
      vertex 6.106255E+01 1.636548E+01 -5.383722E+01
    endloop
  endfacet
  facet normal -6.631254E-01 0.000000E+00 -7.485083E-01
    outer loop
      vertex 6.089821E+01 1.636548E+01 -5.359914E+01
      vertex 6.068168E+01 1.476548E+01 -5.340731E+01
      vertex 6.068168E+01 1.636548E+01 -5.340731E+01
    endloop
  endfacet
  facet normal -6.631254E-01 0.000000E+00 -7.485083E-01
    outer loop
      vertex 6.089821E+01 1.476548E+01 -5.359914E+01
      vertex 6.068168E+01 1.476548E+01 -5.340731E+01
      vertex 6.089821E+01 1.636548E+01 -5.359914E+01
    endloop
  endfacet
  facet normal -4.647178E-01 0.000000E+00 -8.854588E-01
    outer loop
      vertex 6.068168E+01 1.636548E+01 -5.340731E+01
      vertex 6.042553E+01 1.476548E+01 -5.327287E+01
      vertex 6.042553E+01 1.636548E+01 -5.327287E+01
    endloop
  endfacet
  facet normal -4.647178E-01 0.000000E+00 -8.854588E-01
    outer loop
      vertex 6.068168E+01 1.476548E+01 -5.340731E+01
      vertex 6.042553E+01 1.476548E+01 -5.327287E+01
      vertex 6.068168E+01 1.636548E+01 -5.340731E+01
    endloop
  endfacet
  facet normal -2.393230E-01 0.000000E+00 -9.709400E-01
    outer loop
      vertex 6.042553E+01 1.636548E+01 -5.327287E+01
      vertex 6.014465E+01 1.476548E+01 -5.320364E+01
      vertex 6.014465E+01 1.636548E+01 -5.320364E+01
    endloop
  endfacet
  facet normal -2.393230E-01 0.000000E+00 -9.709400E-01
    outer loop
      vertex 6.042553E+01 1.476548E+01 -5.327287E+01
      vertex 6.014465E+01 1.476548E+01 -5.320364E+01
      vertex 6.042553E+01 1.636548E+01 -5.327287E+01
    endloop
  endfacet
  facet normal -0.000000E+00 0.000000E+00 -1.000000E+00
    outer loop
      vertex 6.014465E+01 1.636548E+01 -5.320364E+01
      vertex 5.985535E+01 1.476548E+01 -5.320364E+01
      vertex 5.985535E+01 1.636548E+01 -5.320364E+01
    endloop
  endfacet
  facet normal 0.000000E+00 0.000000E+00 -1.000000E+00
    outer loop
      vertex 6.014465E+01 1.476548E+01 -5.320364E+01
      vertex 5.985535E+01 1.476548E+01 -5.320364E+01
      vertex 6.014465E+01 1.636548E+01 -5.320364E+01
    endloop
  endfacet
  facet normal 2.393230E-01 0.000000E+00 -9.709400E-01
    outer loop
      vertex 5.985535E+01 1.636548E+01 -5.320364E+01
      vertex 5.957447E+01 1.476548E+01 -5.327287E+01
      vertex 5.957447E+01 1.636548E+01 -5.327287E+01
    endloop
  endfacet
  facet normal 2.393230E-01 0.000000E+00 -9.709400E-01
    outer loop
      vertex 5.985535E+01 1.476548E+01 -5.320364E+01
      vertex 5.957447E+01 1.476548E+01 -5.327287E+01
      vertex 5.985535E+01 1.636548E+01 -5.320364E+01
    endloop
  endfacet
  facet normal 4.647178E-01 0.000000E+00 -8.854588E-01
    outer loop
      vertex 5.957447E+01 1.636548E+01 -5.327287E+01
      vertex 5.931832E+01 1.476548E+01 -5.340731E+01
      vertex 5.931832E+01 1.636548E+01 -5.340731E+01
    endloop
  endfacet
  facet normal 4.647178E-01 0.000000E+00 -8.854588E-01
    outer loop
      vertex 5.957447E+01 1.476548E+01 -5.327287E+01
      vertex 5.931832E+01 1.476548E+01 -5.340731E+01
      vertex 5.957447E+01 1.636548E+01 -5.327287E+01
    endloop
  endfacet
  facet normal 6.631254E-01 0.000000E+00 -7.485083E-01
    outer loop
      vertex 5.931832E+01 1.636548E+01 -5.340731E+01
      vertex 5.910179E+01 1.476548E+01 -5.359914E+01
      vertex 5.910179E+01 1.636548E+01 -5.359914E+01
    endloop
  endfacet
  facet normal 6.631254E-01 0.000000E+00 -7.485083E-01
    outer loop
      vertex 5.931832E+01 1.476548E+01 -5.340731E+01
      vertex 5.910179E+01 1.476548E+01 -5.359914E+01
      vertex 5.931832E+01 1.636548E+01 -5.340731E+01
    endloop
  endfacet
  facet normal 8.229851E-01 0.000000E+00 -5.680630E-01
    outer loop
      vertex 5.910179E+01 1.636548E+01 -5.359914E+01
      vertex 5.893745E+01 1.476548E+01 -5.383722E+01
      vertex 5.893745E+01 1.636548E+01 -5.383722E+01
    endloop
  endfacet
  facet normal 8.229851E-01 0.000000E+00 -5.680630E-01
    outer loop
      vertex 5.910179E+01 1.476548E+01 -5.359914E+01
      vertex 5.893745E+01 1.476548E+01 -5.383722E+01
      vertex 5.910179E+01 1.636548E+01 -5.359914E+01
    endloop
  endfacet
  facet normal 9.350140E-01 0.000000E+00 -3.546109E-01
    outer loop
      vertex 5.893745E+01 1.636548E+01 -5.383722E+01
      vertex 5.883487E+01 1.476548E+01 -5.410771E+01
      vertex 5.883487E+01 1.636548E+01 -5.410771E+01
    endloop
  endfacet
  facet normal 9.350140E-01 0.000000E+00 -3.546109E-01
    outer loop
      vertex 5.893745E+01 1.476548E+01 -5.383722E+01
      vertex 5.883487E+01 1.476548E+01 -5.410771E+01
      vertex 5.893745E+01 1.636548E+01 -5.383722E+01
    endloop
  endfacet
  facet normal 9.927087E-01 0.000000E+00 -1.205381E-01
    outer loop
      vertex 5.883487E+01 1.636548E+01 -5.410771E+01
      vertex 5.880000E+01 1.476548E+01 -5.439489E+01
      vertex 5.880000E+01 1.636548E+01 -5.439489E+01
    endloop
  endfacet
  facet normal 9.927087E-01 0.000000E+00 -1.205381E-01
    outer loop
      vertex 5.883487E+01 1.476548E+01 -5.410771E+01
      vertex 5.880000E+01 1.476548E+01 -5.439489E+01
      vertex 5.883487E+01 1.636548E+01 -5.410771E+01
    endloop
  endfacet
  facet normal -0.000000E+00 -1.000000E+00 0.000000E+00
    outer loop
      vertex 5.957447E+01 1.476548E+01 -5.327287E+01
      vertex 5.700000E+01 1.476548E+01 -5.039489E+01
      vertex 5.931832E+01 1.476548E+01 -5.340731E+01
    endloop
  endfacet
  facet normal 0.000000E+00 -1.000000E+00 0.000000E+00
    outer loop
      vertex 6.496157E+01 1.476548E+01 -5.200471E+01
      vertex 6.484776E+01 1.476548E+01 -5.162952E+01
      vertex 6.466294E+01 1.476548E+01 -5.128375E+01
    endloop
  endfacet
  facet normal 0.000000E+00 -1.000000E+00 0.000000E+00
    outer loop
      vertex 5.883487E+01 1.476548E+01 -5.410771E+01
      vertex 5.893745E+01 1.476548E+01 -5.383722E+01
      vertex 5.500000E+01 1.476548E+01 -5.239489E+01
    endloop
  endfacet
  facet normal -0.000000E+00 -1.000000E+00 0.000000E+00
    outer loop
      vertex 9.629180E+00 1.476548E+01 -5.553616E+01
      vertex 9.373002E+00 1.476548E+01 -5.541806E+01
      vertex 1.296627E-14 1.476548E+01 -5.839489E+01
    endloop
  endfacet
  facet normal 0.000000E+00 -1.000000E+00 0.000000E+00
    outer loop
      vertex 6.496157E+01 1.476548E+01 -5.200471E+01
      vertex 6.411114E+01 1.476548E+01 -5.073195E+01
      vertex 6.300000E+01 1.476548E+01 -5.039489E+01
    endloop
  endfacet
  facet normal 0.000000E+00 -1.000000E+00 0.000000E+00
    outer loop
      vertex 5.888860E+00 1.476548E+01 -5.073195E+01
      vertex 5.585786E+00 1.476548E+01 -5.098067E+01
      vertex 5.337061E+00 1.476548E+01 -5.128375E+01
    endloop
  endfacet
  facet normal 0.000000E+00 -1.000000E+00 0.000000E+00
    outer loop
      vertex 6.496157E+01 1.476548E+01 -5.200471E+01
      vertex 6.466294E+01 1.476548E+01 -5.128375E+01
      vertex 6.411114E+01 1.476548E+01 -5.073195E+01
    endloop
  endfacet
  facet normal -0.000000E+00 -1.000000E+00 0.000000E+00
    outer loop
      vertex 5.985535E+01 1.476548E+01 -5.320364E+01
      vertex 5.700000E+01 1.476548E+01 -5.039489E+01
      vertex 5.957447E+01 1.476548E+01 -5.327287E+01
    endloop
  endfacet
  facet normal -0.000000E+00 -1.000000E+00 0.000000E+00
    outer loop
      vertex 6.500000E+01 1.476548E+01 -5.239489E+01
      vertex 6.300000E+01 1.476548E+01 -5.039489E+01
      vertex 6.106255E+01 1.476548E+01 -5.383722E+01
    endloop
  endfacet
  facet normal 0.000000E+00 -1.000000E+00 0.000000E+00
    outer loop
      vertex 6.500000E+01 1.476548E+01 -5.239489E+01
      vertex 6.106255E+01 1.476548E+01 -5.383722E+01
      vertex 6.116513E+01 1.476548E+01 -5.410771E+01
    endloop
  endfacet
  facet normal 0.000000E+00 -1.000000E+00 0.000000E+00
    outer loop
      vertex 5.880000E+01 1.476548E+01 -5.439489E+01
      vertex 5.883487E+01 1.476548E+01 -5.410771E+01
      vertex 5.500000E+01 1.476548E+01 -5.239489E+01
    endloop
  endfacet
  facet normal 0.000000E+00 -1.000000E+00 0.000000E+00
    outer loop
      vertex 6.500000E+01 1.476548E+01 -5.239489E+01
      vertex 6.116513E+01 1.476548E+01 -5.410771E+01
      vertex 6.120000E+01 1.476548E+01 -5.439489E+01
    endloop
  endfacet
  facet normal 0.000000E+00 -1.000000E+00 0.000000E+00
    outer loop
      vertex 6.500000E+01 1.476548E+01 -5.239489E+01
      vertex 6.120000E+01 1.476548E+01 -5.439489E+01
      vertex 6.116684E+01 1.476548E+01 -5.467502E+01
    endloop
  endfacet
  facet normal 0.000000E+00 -1.000000E+00 0.000000E+00
    outer loop
      vertex 6.500000E+01 1.476548E+01 -5.239489E+01
      vertex 6.116684E+01 1.476548E+01 -5.467502E+01
      vertex 6.106921E+01 1.476548E+01 -5.493967E+01
    endloop
  endfacet
  facet normal -0.000000E+00 -1.000000E+00 0.000000E+00
    outer loop
      vertex 9.905849E+00 1.476548E+01 -5.559119E+01
      vertex 9.629180E+00 1.476548E+01 -5.553616E+01
      vertex 1.296627E-14 1.476548E+01 -5.839489E+01
    endloop
  endfacet
  facet normal 0.000000E+00 -1.000000E+00 0.000000E+00
    outer loop
      vertex 6.500000E+01 1.476548E+01 -5.239489E+01
      vertex 6.496157E+01 1.476548E+01 -5.200471E+01
      vertex 6.300000E+01 1.476548E+01 -5.039489E+01
    endloop
  endfacet
  facet normal -0.000000E+00 -1.000000E+00 0.000000E+00
    outer loop
      vertex 6.300000E+01 1.476548E+01 -5.039489E+01
      vertex 5.700000E+01 1.476548E+01 -5.039489E+01
      vertex 5.985535E+01 1.476548E+01 -5.320364E+01
    endloop
  endfacet
  facet normal 0.000000E+00 -1.000000E+00 0.000000E+00
    outer loop
      vertex 6.300000E+01 1.476548E+01 -5.039489E+01
      vertex 5.985535E+01 1.476548E+01 -5.320364E+01
      vertex 6.014465E+01 1.476548E+01 -5.320364E+01
    endloop
  endfacet
  facet normal 0.000000E+00 -1.000000E+00 0.000000E+00
    outer loop
      vertex 6.609819E+00 1.476548E+01 -5.043332E+01
      vertex 6.234633E+00 1.476548E+01 -5.054713E+01
      vertex 5.888860E+00 1.476548E+01 -5.073195E+01
    endloop
  endfacet
  facet normal 0.000000E+00 -1.000000E+00 0.000000E+00
    outer loop
      vertex 5.882306E+01 1.476548E+01 -5.462899E+01
      vertex 5.880000E+01 1.476548E+01 -5.439489E+01
      vertex 5.500000E+01 1.476548E+01 -5.239489E+01
    endloop
  endfacet
  facet normal 0.000000E+00 -1.000000E+00 0.000000E+00
    outer loop
      vertex 5.038429E+00 1.476548E+01 -5.200471E+01
      vertex 5.337061E+00 1.476548E+01 -5.128375E+01
      vertex 5.152241E+00 1.476548E+01 -5.162952E+01
    endloop
  endfacet
  facet normal 0.000000E+00 -1.000000E+00 0.000000E+00
    outer loop
      vertex 1.018772E+01 1.476548E+01 -5.558011E+01
      vertex 9.905849E+00 1.476548E+01 -5.559119E+01
      vertex 1.296627E-14 1.476548E+01 -5.839489E+01
    endloop
  endfacet
  facet normal 0.000000E+00 -1.000000E+00 0.000000E+00
    outer loop
      vertex 5.038429E+00 1.476548E+01 -5.200471E+01
      vertex 6.609819E+00 1.476548E+01 -5.043332E+01
      vertex 5.888860E+00 1.476548E+01 -5.073195E+01
    endloop
  endfacet
  facet normal 0.000000E+00 -1.000000E+00 0.000000E+00
    outer loop
      vertex 7.000000E+01 1.476548E+01 -5.839489E+01
      vertex 7.000000E+01 1.476548E+01 -5.239489E+01
      vertex 6.500000E+01 1.476548E+01 -5.239489E+01
    endloop
  endfacet
  facet normal 0.000000E+00 -1.000000E+00 0.000000E+00
    outer loop
      vertex 5.038429E+00 1.476548E+01 -5.200471E+01
      vertex 5.888860E+00 1.476548E+01 -5.073195E+01
      vertex 5.337061E+00 1.476548E+01 -5.128375E+01
    endloop
  endfacet
  facet normal 0.000000E+00 -1.000000E+00 0.000000E+00
    outer loop
      vertex 7.000000E+01 1.476548E+01 -5.839489E+01
      vertex 6.106921E+01 1.476548E+01 -5.493967E+01
      vertex 6.091249E+01 1.476548E+01 -5.517422E+01
    endloop
  endfacet
  facet normal 0.000000E+00 -1.000000E+00 0.000000E+00
    outer loop
      vertex 7.000000E+01 1.476548E+01 -5.839489E+01
      vertex 6.091249E+01 1.476548E+01 -5.517422E+01
      vertex 6.070534E+01 1.476548E+01 -5.536571E+01
    endloop
  endfacet
  facet normal 0.000000E+00 -1.000000E+00 0.000000E+00
    outer loop
      vertex 7.000000E+01 1.476548E+01 -5.839489E+01
      vertex 6.070534E+01 1.476548E+01 -5.536571E+01
      vertex 6.045922E+01 1.476548E+01 -5.550354E+01
    endloop
  endfacet
  facet normal 0.000000E+00 -1.000000E+00 0.000000E+00
    outer loop
      vertex 7.000000E+01 1.476548E+01 -5.839489E+01
      vertex 6.045922E+01 1.476548E+01 -5.550354E+01
      vertex 6.018772E+01 1.476548E+01 -5.558011E+01
    endloop
  endfacet
  facet normal 0.000000E+00 -1.000000E+00 0.000000E+00
    outer loop
      vertex 6.042553E+01 1.476548E+01 -5.327287E+01
      vertex 6.300000E+01 1.476548E+01 -5.039489E+01
      vertex 6.014465E+01 1.476548E+01 -5.320364E+01
    endloop
  endfacet
  facet normal 0.000000E+00 -1.000000E+00 0.000000E+00
    outer loop
      vertex 7.000000E+01 1.476548E+01 -5.839489E+01
      vertex 6.018772E+01 1.476548E+01 -5.558011E+01
      vertex 5.990585E+01 1.476548E+01 -5.559119E+01
    endloop
  endfacet
  facet normal 0.000000E+00 -1.000000E+00 0.000000E+00
    outer loop
      vertex 7.000000E+01 1.476548E+01 -5.839489E+01
      vertex 6.500000E+01 1.476548E+01 -5.239489E+01
      vertex 6.106921E+01 1.476548E+01 -5.493967E+01
    endloop
  endfacet
  facet normal 0.000000E+00 -1.000000E+00 0.000000E+00
    outer loop
      vertex 7.000000E+00 1.476548E+01 -5.039489E+01
      vertex 5.038429E+00 1.476548E+01 -5.200471E+01
      vertex 5.000000E+00 1.476548E+01 -5.239489E+01
    endloop
  endfacet
  facet normal 0.000000E+00 -1.000000E+00 0.000000E+00
    outer loop
      vertex 5.889135E+01 1.476548E+01 -5.485411E+01
      vertex 5.882306E+01 1.476548E+01 -5.462899E+01
      vertex 5.500000E+01 1.476548E+01 -5.239489E+01
    endloop
  endfacet
  facet normal 0.000000E+00 -1.000000E+00 0.000000E+00
    outer loop
      vertex 7.000000E+00 1.476548E+01 -5.039489E+01
      vertex 6.609819E+00 1.476548E+01 -5.043332E+01
      vertex 5.038429E+00 1.476548E+01 -5.200471E+01
    endloop
  endfacet
  facet normal 0.000000E+00 -1.000000E+00 0.000000E+00
    outer loop
      vertex 1.296627E-14 1.476548E+01 -5.839489E+01
      vertex 7.000000E+01 1.476548E+01 -5.839489E+01
      vertex 5.990585E+01 1.476548E+01 -5.559119E+01
    endloop
  endfacet
  facet normal 0.000000E+00 -1.000000E+00 0.000000E+00
    outer loop
      vertex 1.466294E+01 1.476548E+01 -5.128375E+01
      vertex 1.441421E+01 1.476548E+01 -5.098067E+01
      vertex 1.411114E+01 1.476548E+01 -5.073195E+01
    endloop
  endfacet
  facet normal 0.000000E+00 -1.000000E+00 0.000000E+00
    outer loop
      vertex 1.296627E-14 1.476548E+01 -5.839489E+01
      vertex 5.990585E+01 1.476548E+01 -5.559119E+01
      vertex 5.962918E+01 1.476548E+01 -5.553616E+01
    endloop
  endfacet
  facet normal 0.000000E+00 -1.000000E+00 0.000000E+00
    outer loop
      vertex 1.296627E-14 1.476548E+01 -5.839489E+01
      vertex 5.962918E+01 1.476548E+01 -5.553616E+01
      vertex 5.937300E+01 1.476548E+01 -5.541806E+01
    endloop
  endfacet
  facet normal 0.000000E+00 -1.000000E+00 0.000000E+00
    outer loop
      vertex 1.296627E-14 1.476548E+01 -5.839489E+01
      vertex 5.937300E+01 1.476548E+01 -5.541806E+01
      vertex 1.018772E+01 1.476548E+01 -5.558011E+01
    endloop
  endfacet
  facet normal 0.000000E+00 -1.000000E+00 0.000000E+00
    outer loop
      vertex 1.018772E+01 1.476548E+01 -5.558011E+01
      vertex 5.937300E+01 1.476548E+01 -5.541806E+01
      vertex 1.045922E+01 1.476548E+01 -5.550354E+01
    endloop
  endfacet
  facet normal 0.000000E+00 -1.000000E+00 0.000000E+00
    outer loop
      vertex 1.296627E-14 1.476548E+01 -5.839489E+01
      vertex 5.000000E+00 1.476548E+01 -5.239489E+01
      vertex 1.163400E-14 1.476548E+01 -5.239489E+01
    endloop
  endfacet
  facet normal 0.000000E+00 -1.000000E+00 0.000000E+00
    outer loop
      vertex 5.900224E+01 1.476548E+01 -5.506157E+01
      vertex 5.889135E+01 1.476548E+01 -5.485411E+01
      vertex 5.500000E+01 1.476548E+01 -5.239489E+01
    endloop
  endfacet
  facet normal -0.000000E+00 -1.000000E+00 0.000000E+00
    outer loop
      vertex 9.318322E+00 1.476548E+01 -5.340731E+01
      vertex 7.000000E+00 1.476548E+01 -5.039489E+01
      vertex 9.101788E+00 1.476548E+01 -5.359914E+01
    endloop
  endfacet
  facet normal 0.000000E+00 -1.000000E+00 0.000000E+00
    outer loop
      vertex 8.937452E+00 1.476548E+01 -5.383722E+01
      vertex 7.000000E+00 1.476548E+01 -5.039489E+01
      vertex 5.000000E+00 1.476548E+01 -5.239489E+01
    endloop
  endfacet
  facet normal 0.000000E+00 -1.000000E+00 0.000000E+00
    outer loop
      vertex 8.937452E+00 1.476548E+01 -5.383722E+01
      vertex 9.101788E+00 1.476548E+01 -5.359914E+01
      vertex 7.000000E+00 1.476548E+01 -5.039489E+01
    endloop
  endfacet
  facet normal -0.000000E+00 -1.000000E+00 0.000000E+00
    outer loop
      vertex 9.574474E+00 1.476548E+01 -5.327287E+01
      vertex 7.000000E+00 1.476548E+01 -5.039489E+01
      vertex 9.318322E+00 1.476548E+01 -5.340731E+01
    endloop
  endfacet
  facet normal 0.000000E+00 -1.000000E+00 0.000000E+00
    outer loop
      vertex 6.068168E+01 1.476548E+01 -5.340731E+01
      vertex 6.300000E+01 1.476548E+01 -5.039489E+01
      vertex 6.042553E+01 1.476548E+01 -5.327287E+01
    endloop
  endfacet
  facet normal 0.000000E+00 -1.000000E+00 0.000000E+00
    outer loop
      vertex 8.834869E+00 1.476548E+01 -5.410771E+01
      vertex 8.937452E+00 1.476548E+01 -5.383722E+01
      vertex 5.000000E+00 1.476548E+01 -5.239489E+01
    endloop
  endfacet
  facet normal 0.000000E+00 -1.000000E+00 0.000000E+00
    outer loop
      vertex 1.484776E+01 1.476548E+01 -5.162952E+01
      vertex 1.411114E+01 1.476548E+01 -5.073195E+01
      vertex 1.376537E+01 1.476548E+01 -5.054713E+01
    endloop
  endfacet
  facet normal -0.000000E+00 -1.000000E+00 0.000000E+00
    outer loop
      vertex 5.915147E+01 1.476548E+01 -5.524342E+01
      vertex 5.500000E+01 1.476548E+01 -5.239489E+01
      vertex 1.070534E+01 1.476548E+01 -5.536571E+01
    endloop
  endfacet
  facet normal 0.000000E+00 -1.000000E+00 0.000000E+00
    outer loop
      vertex 5.915147E+01 1.476548E+01 -5.524342E+01
      vertex 5.900224E+01 1.476548E+01 -5.506157E+01
      vertex 5.500000E+01 1.476548E+01 -5.239489E+01
    endloop
  endfacet
  facet normal 0.000000E+00 -1.000000E+00 0.000000E+00
    outer loop
      vertex 1.484776E+01 1.476548E+01 -5.162952E+01
      vertex 1.466294E+01 1.476548E+01 -5.128375E+01
      vertex 1.411114E+01 1.476548E+01 -5.073195E+01
    endloop
  endfacet
  facet normal -0.000000E+00 -1.000000E+00 0.000000E+00
    outer loop
      vertex 9.855356E+00 1.476548E+01 -5.320364E+01
      vertex 7.000000E+00 1.476548E+01 -5.039489E+01
      vertex 9.574474E+00 1.476548E+01 -5.327287E+01
    endloop
  endfacet
  facet normal 0.000000E+00 -1.000000E+00 0.000000E+00
    outer loop
      vertex 1.496157E+01 1.476548E+01 -5.200471E+01
      vertex 1.376537E+01 1.476548E+01 -5.054713E+01
      vertex 1.339018E+01 1.476548E+01 -5.043332E+01
    endloop
  endfacet
  facet normal 0.000000E+00 -1.000000E+00 0.000000E+00
    outer loop
      vertex 8.800000E+00 1.476548E+01 -5.439489E+01
      vertex 8.834869E+00 1.476548E+01 -5.410771E+01
      vertex 5.000000E+00 1.476548E+01 -5.239489E+01
    endloop
  endfacet
  facet normal 0.000000E+00 -1.000000E+00 0.000000E+00
    outer loop
      vertex 1.496157E+01 1.476548E+01 -5.200471E+01
      vertex 1.484776E+01 1.476548E+01 -5.162952E+01
      vertex 1.376537E+01 1.476548E+01 -5.054713E+01
    endloop
  endfacet
  facet normal 0.000000E+00 -1.000000E+00 0.000000E+00
    outer loop
      vertex 6.089821E+01 1.476548E+01 -5.359914E+01
      vertex 6.300000E+01 1.476548E+01 -5.039489E+01
      vertex 6.068168E+01 1.476548E+01 -5.340731E+01
    endloop
  endfacet
  facet normal 0.000000E+00 -1.000000E+00 0.000000E+00
    outer loop
      vertex 5.937300E+01 1.476548E+01 -5.541806E+01
      vertex 5.915147E+01 1.476548E+01 -5.524342E+01
      vertex 1.070534E+01 1.476548E+01 -5.536571E+01
    endloop
  endfacet
  facet normal 0.000000E+00 -1.000000E+00 0.000000E+00
    outer loop
      vertex 1.500000E+01 1.476548E+01 -5.239489E+01
      vertex 1.339018E+01 1.476548E+01 -5.043332E+01
      vertex 1.300000E+01 1.476548E+01 -5.039489E+01
    endloop
  endfacet
  facet normal -0.000000E+00 -1.000000E+00 0.000000E+00
    outer loop
      vertex 5.937300E+01 1.476548E+01 -5.541806E+01
      vertex 1.070534E+01 1.476548E+01 -5.536571E+01
      vertex 1.045922E+01 1.476548E+01 -5.550354E+01
    endloop
  endfacet
  facet normal -0.000000E+00 -1.000000E+00 0.000000E+00
    outer loop
      vertex 1.500000E+01 1.476548E+01 -5.239489E+01
      vertex 1.300000E+01 1.476548E+01 -5.039489E+01
      vertex 1.106255E+01 1.476548E+01 -5.383722E+01
    endloop
  endfacet
  facet normal -0.000000E+00 -1.000000E+00 0.000000E+00
    outer loop
      vertex 1.300000E+01 1.476548E+01 -5.039489E+01
      vertex 7.000000E+00 1.476548E+01 -5.039489E+01
      vertex 9.855356E+00 1.476548E+01 -5.320364E+01
    endloop
  endfacet
  facet normal 0.000000E+00 -1.000000E+00 0.000000E+00
    outer loop
      vertex 6.411114E+01 1.476548E+01 -5.073195E+01
      vertex 6.339018E+01 1.476548E+01 -5.043332E+01
      vertex 6.300000E+01 1.476548E+01 -5.039489E+01
    endloop
  endfacet
  facet normal 0.000000E+00 -1.000000E+00 0.000000E+00
    outer loop
      vertex 1.500000E+01 1.476548E+01 -5.239489E+01
      vertex 1.496157E+01 1.476548E+01 -5.200471E+01
      vertex 1.339018E+01 1.476548E+01 -5.043332E+01
    endloop
  endfacet
  facet normal 0.000000E+00 -1.000000E+00 0.000000E+00
    outer loop
      vertex 1.300000E+01 1.476548E+01 -5.039489E+01
      vertex 9.855356E+00 1.476548E+01 -5.320364E+01
      vertex 1.014464E+01 1.476548E+01 -5.320364E+01
    endloop
  endfacet
  facet normal 0.000000E+00 -1.000000E+00 0.000000E+00
    outer loop
      vertex 6.411114E+01 1.476548E+01 -5.073195E+01
      vertex 6.376537E+01 1.476548E+01 -5.054713E+01
      vertex 6.339018E+01 1.476548E+01 -5.043332E+01
    endloop
  endfacet
  facet normal 0.000000E+00 -1.000000E+00 0.000000E+00
    outer loop
      vertex 1.500000E+01 1.476548E+01 -5.239489E+01
      vertex 1.106255E+01 1.476548E+01 -5.383722E+01
      vertex 1.116513E+01 1.476548E+01 -5.410771E+01
    endloop
  endfacet
  facet normal 0.000000E+00 -1.000000E+00 0.000000E+00
    outer loop
      vertex 1.500000E+01 1.476548E+01 -5.239489E+01
      vertex 1.116513E+01 1.476548E+01 -5.410771E+01
      vertex 1.120000E+01 1.476548E+01 -5.439489E+01
    endloop
  endfacet
  facet normal 0.000000E+00 -1.000000E+00 0.000000E+00
    outer loop
      vertex 1.500000E+01 1.476548E+01 -5.239489E+01
      vertex 1.120000E+01 1.476548E+01 -5.439489E+01
      vertex 1.116684E+01 1.476548E+01 -5.467502E+01
    endloop
  endfacet
  facet normal 0.000000E+00 -1.000000E+00 0.000000E+00
    outer loop
      vertex 1.500000E+01 1.476548E+01 -5.239489E+01
      vertex 1.116684E+01 1.476548E+01 -5.467502E+01
      vertex 1.106921E+01 1.476548E+01 -5.493967E+01
    endloop
  endfacet
  facet normal 0.000000E+00 -1.000000E+00 0.000000E+00
    outer loop
      vertex 1.500000E+01 1.476548E+01 -5.239489E+01
      vertex 1.106921E+01 1.476548E+01 -5.493967E+01
      vertex 1.091249E+01 1.476548E+01 -5.517422E+01
    endloop
  endfacet
  facet normal 0.000000E+00 -1.000000E+00 0.000000E+00
    outer loop
      vertex 8.823058E+00 1.476548E+01 -5.462899E+01
      vertex 8.800000E+00 1.476548E+01 -5.439489E+01
      vertex 5.000000E+00 1.476548E+01 -5.239489E+01
    endloop
  endfacet
  facet normal 0.000000E+00 -1.000000E+00 0.000000E+00
    outer loop
      vertex 1.500000E+01 1.476548E+01 -5.239489E+01
      vertex 1.091249E+01 1.476548E+01 -5.517422E+01
      vertex 1.070534E+01 1.476548E+01 -5.536571E+01
    endloop
  endfacet
  facet normal 0.000000E+00 -1.000000E+00 0.000000E+00
    outer loop
      vertex 6.106255E+01 1.476548E+01 -5.383722E+01
      vertex 6.300000E+01 1.476548E+01 -5.039489E+01
      vertex 6.089821E+01 1.476548E+01 -5.359914E+01
    endloop
  endfacet
  facet normal 0.000000E+00 -1.000000E+00 0.000000E+00
    outer loop
      vertex 1.042553E+01 1.476548E+01 -5.327287E+01
      vertex 1.300000E+01 1.476548E+01 -5.039489E+01
      vertex 1.014464E+01 1.476548E+01 -5.320364E+01
    endloop
  endfacet
  facet normal -0.000000E+00 -1.000000E+00 0.000000E+00
    outer loop
      vertex 8.891345E+00 1.476548E+01 -5.485411E+01
      vertex 5.000000E+00 1.476548E+01 -5.239489E+01
      vertex 1.296627E-14 1.476548E+01 -5.839489E+01
    endloop
  endfacet
  facet normal 0.000000E+00 -1.000000E+00 0.000000E+00
    outer loop
      vertex 8.891345E+00 1.476548E+01 -5.485411E+01
      vertex 8.823058E+00 1.476548E+01 -5.462899E+01
      vertex 5.000000E+00 1.476548E+01 -5.239489E+01
    endloop
  endfacet
  facet normal 0.000000E+00 -1.000000E+00 0.000000E+00
    outer loop
      vertex 5.533706E+01 1.476548E+01 -5.128375E+01
      vertex 5.588886E+01 1.476548E+01 -5.073195E+01
      vertex 5.558578E+01 1.476548E+01 -5.098067E+01
    endloop
  endfacet
  facet normal -0.000000E+00 -1.000000E+00 0.000000E+00
    outer loop
      vertex 9.002236E+00 1.476548E+01 -5.506157E+01
      vertex 8.891345E+00 1.476548E+01 -5.485411E+01
      vertex 1.296627E-14 1.476548E+01 -5.839489E+01
    endloop
  endfacet
  facet normal 0.000000E+00 -1.000000E+00 0.000000E+00
    outer loop
      vertex 1.068168E+01 1.476548E+01 -5.340731E+01
      vertex 1.300000E+01 1.476548E+01 -5.039489E+01
      vertex 1.042553E+01 1.476548E+01 -5.327287E+01
    endloop
  endfacet
  facet normal 0.000000E+00 -1.000000E+00 0.000000E+00
    outer loop
      vertex 5.623463E+01 1.476548E+01 -5.054713E+01
      vertex 5.588886E+01 1.476548E+01 -5.073195E+01
      vertex 5.533706E+01 1.476548E+01 -5.128375E+01
    endloop
  endfacet
  facet normal 0.000000E+00 -1.000000E+00 0.000000E+00
    outer loop
      vertex 6.466294E+01 1.476548E+01 -5.128375E+01
      vertex 6.441422E+01 1.476548E+01 -5.098067E+01
      vertex 6.411114E+01 1.476548E+01 -5.073195E+01
    endloop
  endfacet
  facet normal -0.000000E+00 -1.000000E+00 0.000000E+00
    outer loop
      vertex 9.151472E+00 1.476548E+01 -5.524342E+01
      vertex 9.002236E+00 1.476548E+01 -5.506157E+01
      vertex 1.296627E-14 1.476548E+01 -5.839489E+01
    endloop
  endfacet
  facet normal 0.000000E+00 -1.000000E+00 0.000000E+00
    outer loop
      vertex 5.503843E+01 1.476548E+01 -5.200471E+01
      vertex 5.533706E+01 1.476548E+01 -5.128375E+01
      vertex 5.515224E+01 1.476548E+01 -5.162952E+01
    endloop
  endfacet
  facet normal 0.000000E+00 -1.000000E+00 0.000000E+00
    outer loop
      vertex 5.503843E+01 1.476548E+01 -5.200471E+01
      vertex 5.623463E+01 1.476548E+01 -5.054713E+01
      vertex 5.533706E+01 1.476548E+01 -5.128375E+01
    endloop
  endfacet
  facet normal 0.000000E+00 -1.000000E+00 0.000000E+00
    outer loop
      vertex 5.700000E+01 1.476548E+01 -5.039489E+01
      vertex 5.623463E+01 1.476548E+01 -5.054713E+01
      vertex 5.503843E+01 1.476548E+01 -5.200471E+01
    endloop
  endfacet
  facet normal 0.000000E+00 -1.000000E+00 0.000000E+00
    outer loop
      vertex 5.700000E+01 1.476548E+01 -5.039489E+01
      vertex 5.660982E+01 1.476548E+01 -5.043332E+01
      vertex 5.623463E+01 1.476548E+01 -5.054713E+01
    endloop
  endfacet
  facet normal 0.000000E+00 -1.000000E+00 0.000000E+00
    outer loop
      vertex 1.089821E+01 1.476548E+01 -5.359914E+01
      vertex 1.300000E+01 1.476548E+01 -5.039489E+01
      vertex 1.068168E+01 1.476548E+01 -5.340731E+01
    endloop
  endfacet
  facet normal 0.000000E+00 -1.000000E+00 0.000000E+00
    outer loop
      vertex 5.500000E+01 1.476548E+01 -5.239489E+01
      vertex 5.700000E+01 1.476548E+01 -5.039489E+01
      vertex 5.503843E+01 1.476548E+01 -5.200471E+01
    endloop
  endfacet
  facet normal -0.000000E+00 -1.000000E+00 0.000000E+00
    outer loop
      vertex 5.500000E+01 1.476548E+01 -5.239489E+01
      vertex 1.500000E+01 1.476548E+01 -5.239489E+01
      vertex 1.070534E+01 1.476548E+01 -5.536571E+01
    endloop
  endfacet
  facet normal -0.000000E+00 -1.000000E+00 0.000000E+00
    outer loop
      vertex 9.373002E+00 1.476548E+01 -5.541806E+01
      vertex 9.151472E+00 1.476548E+01 -5.524342E+01
      vertex 1.296627E-14 1.476548E+01 -5.839489E+01
    endloop
  endfacet
  facet normal -0.000000E+00 -1.000000E+00 0.000000E+00
    outer loop
      vertex 5.931832E+01 1.476548E+01 -5.340731E+01
      vertex 5.700000E+01 1.476548E+01 -5.039489E+01
      vertex 5.910179E+01 1.476548E+01 -5.359914E+01
    endloop
  endfacet
  facet normal 0.000000E+00 -1.000000E+00 0.000000E+00
    outer loop
      vertex 5.893745E+01 1.476548E+01 -5.383722E+01
      vertex 5.700000E+01 1.476548E+01 -5.039489E+01
      vertex 5.500000E+01 1.476548E+01 -5.239489E+01
    endloop
  endfacet
  facet normal 0.000000E+00 -1.000000E+00 0.000000E+00
    outer loop
      vertex 5.893745E+01 1.476548E+01 -5.383722E+01
      vertex 5.910179E+01 1.476548E+01 -5.359914E+01
      vertex 5.700000E+01 1.476548E+01 -5.039489E+01
    endloop
  endfacet
  facet normal 0.000000E+00 -1.000000E+00 0.000000E+00
    outer loop
      vertex 1.106255E+01 1.476548E+01 -5.383722E+01
      vertex 1.300000E+01 1.476548E+01 -5.039489E+01
      vertex 1.089821E+01 1.476548E+01 -5.359914E+01
    endloop
  endfacet
  facet normal -9.951847E-01 0.000000E+00 9.801718E-02
    outer loop
      vertex 5.038429E+00 1.776548E+01 -5.200471E+01
      vertex 5.000000E+00 1.776548E+01 -5.239489E+01
      vertex 5.000000E+00 1.476548E+01 -5.239489E+01
    endloop
  endfacet
  facet normal -9.951847E-01 0.000000E+00 9.801718E-02
    outer loop
      vertex 5.038429E+00 1.776548E+01 -5.200471E+01
      vertex 5.000000E+00 1.476548E+01 -5.239489E+01
      vertex 5.038429E+00 1.476548E+01 -5.200471E+01
    endloop
  endfacet
  facet normal -9.569405E-01 0.000000E+00 2.902842E-01
    outer loop
      vertex 5.152241E+00 1.776548E+01 -5.162952E+01
      vertex 5.038429E+00 1.476548E+01 -5.200471E+01
      vertex 5.152241E+00 1.476548E+01 -5.162952E+01
    endloop
  endfacet
  facet normal -9.569405E-01 0.000000E+00 2.902842E-01
    outer loop
      vertex 5.152241E+00 1.776548E+01 -5.162952E+01
      vertex 5.038429E+00 1.776548E+01 -5.200471E+01
      vertex 5.038429E+00 1.476548E+01 -5.200471E+01
    endloop
  endfacet
  facet normal -8.819199E-01 0.000000E+00 4.713993E-01
    outer loop
      vertex 5.337061E+00 1.776548E+01 -5.128375E+01
      vertex 5.152241E+00 1.476548E+01 -5.162952E+01
      vertex 5.337061E+00 1.476548E+01 -5.128375E+01
    endloop
  endfacet
  facet normal -8.819199E-01 0.000000E+00 4.713993E-01
    outer loop
      vertex 5.337061E+00 1.776548E+01 -5.128375E+01
      vertex 5.152241E+00 1.776548E+01 -5.162952E+01
      vertex 5.152241E+00 1.476548E+01 -5.162952E+01
    endloop
  endfacet
  facet normal -7.730116E-01 0.000000E+00 6.343919E-01
    outer loop
      vertex 5.585786E+00 1.776548E+01 -5.098067E+01
      vertex 5.337061E+00 1.476548E+01 -5.128375E+01
      vertex 5.585786E+00 1.476548E+01 -5.098067E+01
    endloop
  endfacet
  facet normal -7.730116E-01 0.000000E+00 6.343919E-01
    outer loop
      vertex 5.585786E+00 1.776548E+01 -5.098067E+01
      vertex 5.337061E+00 1.776548E+01 -5.128375E+01
      vertex 5.337061E+00 1.476548E+01 -5.128375E+01
    endloop
  endfacet
  facet normal 0.000000E+00 0.000000E+00 1.000000E+00
    outer loop
      vertex 1.300000E+01 1.776548E+01 -5.039489E+01
      vertex 7.000000E+00 1.776548E+01 -5.039489E+01
      vertex 7.000000E+00 1.476548E+01 -5.039489E+01
    endloop
  endfacet
  facet normal 0.000000E+00 0.000000E+00 1.000000E+00
    outer loop
      vertex 1.300000E+01 1.776548E+01 -5.039489E+01
      vertex 7.000000E+00 1.476548E+01 -5.039489E+01
      vertex 1.300000E+01 1.476548E+01 -5.039489E+01
    endloop
  endfacet
  facet normal 9.951847E-01 0.000000E+00 9.801718E-02
    outer loop
      vertex 1.496157E+01 1.476548E+01 -5.200471E+01
      vertex 1.500000E+01 1.476548E+01 -5.239489E+01
      vertex 1.500000E+01 1.776548E+01 -5.239489E+01
    endloop
  endfacet
  facet normal 9.951847E-01 -0.000000E+00 9.801718E-02
    outer loop
      vertex 1.496157E+01 1.476548E+01 -5.200471E+01
      vertex 1.500000E+01 1.776548E+01 -5.239489E+01
      vertex 1.496157E+01 1.776548E+01 -5.200471E+01
    endloop
  endfacet
  facet normal 9.569405E-01 -0.000000E+00 2.902842E-01
    outer loop
      vertex 1.496157E+01 1.476548E+01 -5.200471E+01
      vertex 1.496157E+01 1.776548E+01 -5.200471E+01
      vertex 1.484776E+01 1.776548E+01 -5.162952E+01
    endloop
  endfacet
  facet normal 8.819199E-01 -0.000000E+00 4.713993E-01
    outer loop
      vertex 1.484776E+01 1.476548E+01 -5.162952E+01
      vertex 1.484776E+01 1.776548E+01 -5.162952E+01
      vertex 1.466294E+01 1.776548E+01 -5.128375E+01
    endloop
  endfacet
  facet normal 9.569405E-01 -0.000000E+00 2.902842E-01
    outer loop
      vertex 1.484776E+01 1.476548E+01 -5.162952E+01
      vertex 1.496157E+01 1.476548E+01 -5.200471E+01
      vertex 1.484776E+01 1.776548E+01 -5.162952E+01
    endloop
  endfacet
  facet normal 7.730110E-01 -0.000000E+00 6.343927E-01
    outer loop
      vertex 1.466294E+01 1.476548E+01 -5.128375E+01
      vertex 1.466294E+01 1.776548E+01 -5.128375E+01
      vertex 1.441421E+01 1.776548E+01 -5.098067E+01
    endloop
  endfacet
  facet normal 8.819199E-01 -0.000000E+00 4.713993E-01
    outer loop
      vertex 1.466294E+01 1.476548E+01 -5.128375E+01
      vertex 1.484776E+01 1.476548E+01 -5.162952E+01
      vertex 1.466294E+01 1.776548E+01 -5.128375E+01
    endloop
  endfacet
  facet normal 7.730110E-01 -0.000000E+00 6.343927E-01
    outer loop
      vertex 1.441421E+01 1.476548E+01 -5.098067E+01
      vertex 1.466294E+01 1.476548E+01 -5.128375E+01
      vertex 1.441421E+01 1.776548E+01 -5.098067E+01
    endloop
  endfacet
  facet normal -9.951847E-01 0.000000E+00 9.801718E-02
    outer loop
      vertex 5.503843E+01 1.776548E+01 -5.200471E+01
      vertex 5.500000E+01 1.776548E+01 -5.239489E+01
      vertex 5.500000E+01 1.476548E+01 -5.239489E+01
    endloop
  endfacet
  facet normal -9.951847E-01 0.000000E+00 9.801718E-02
    outer loop
      vertex 5.503843E+01 1.776548E+01 -5.200471E+01
      vertex 5.500000E+01 1.476548E+01 -5.239489E+01
      vertex 5.503843E+01 1.476548E+01 -5.200471E+01
    endloop
  endfacet
  facet normal -9.569405E-01 0.000000E+00 2.902842E-01
    outer loop
      vertex 5.515224E+01 1.776548E+01 -5.162952E+01
      vertex 5.503843E+01 1.476548E+01 -5.200471E+01
      vertex 5.515224E+01 1.476548E+01 -5.162952E+01
    endloop
  endfacet
  facet normal -9.569405E-01 0.000000E+00 2.902842E-01
    outer loop
      vertex 5.515224E+01 1.776548E+01 -5.162952E+01
      vertex 5.503843E+01 1.776548E+01 -5.200471E+01
      vertex 5.503843E+01 1.476548E+01 -5.200471E+01
    endloop
  endfacet
  facet normal -8.819219E-01 0.000000E+00 4.713955E-01
    outer loop
      vertex 5.533706E+01 1.776548E+01 -5.128375E+01
      vertex 5.515224E+01 1.476548E+01 -5.162952E+01
      vertex 5.533706E+01 1.476548E+01 -5.128375E+01
    endloop
  endfacet
  facet normal -8.819219E-01 0.000000E+00 4.713955E-01
    outer loop
      vertex 5.533706E+01 1.776548E+01 -5.128375E+01
      vertex 5.515224E+01 1.776548E+01 -5.162952E+01
      vertex 5.515224E+01 1.476548E+01 -5.162952E+01
    endloop
  endfacet
  facet normal -7.730110E-01 0.000000E+00 6.343927E-01
    outer loop
      vertex 5.558578E+01 1.776548E+01 -5.098067E+01
      vertex 5.533706E+01 1.476548E+01 -5.128375E+01
      vertex 5.558578E+01 1.476548E+01 -5.098067E+01
    endloop
  endfacet
  facet normal -7.730110E-01 0.000000E+00 6.343927E-01
    outer loop
      vertex 5.558578E+01 1.776548E+01 -5.098067E+01
      vertex 5.533706E+01 1.776548E+01 -5.128375E+01
      vertex 5.533706E+01 1.476548E+01 -5.128375E+01
    endloop
  endfacet
  facet normal 0.000000E+00 0.000000E+00 1.000000E+00
    outer loop
      vertex 6.300000E+01 1.776548E+01 -5.039489E+01
      vertex 5.700000E+01 1.776548E+01 -5.039489E+01
      vertex 5.700000E+01 1.476548E+01 -5.039489E+01
    endloop
  endfacet
  facet normal 0.000000E+00 0.000000E+00 1.000000E+00
    outer loop
      vertex 6.300000E+01 1.776548E+01 -5.039489E+01
      vertex 5.700000E+01 1.476548E+01 -5.039489E+01
      vertex 6.300000E+01 1.476548E+01 -5.039489E+01
    endloop
  endfacet
  facet normal 9.951847E-01 0.000000E+00 9.801718E-02
    outer loop
      vertex 6.496157E+01 1.476548E+01 -5.200471E+01
      vertex 6.500000E+01 1.476548E+01 -5.239489E+01
      vertex 6.500000E+01 1.776548E+01 -5.239489E+01
    endloop
  endfacet
  facet normal 9.951847E-01 -0.000000E+00 9.801718E-02
    outer loop
      vertex 6.496157E+01 1.476548E+01 -5.200471E+01
      vertex 6.500000E+01 1.776548E+01 -5.239489E+01
      vertex 6.496157E+01 1.776548E+01 -5.200471E+01
    endloop
  endfacet
  facet normal 9.569378E-01 -0.000000E+00 2.902931E-01
    outer loop
      vertex 6.496157E+01 1.476548E+01 -5.200471E+01
      vertex 6.496157E+01 1.776548E+01 -5.200471E+01
      vertex 6.484776E+01 1.776548E+01 -5.162952E+01
    endloop
  endfacet
  facet normal 8.819259E-01 -0.000000E+00 4.713880E-01
    outer loop
      vertex 6.484776E+01 1.476548E+01 -5.162952E+01
      vertex 6.484776E+01 1.776548E+01 -5.162952E+01
      vertex 6.466294E+01 1.776548E+01 -5.128375E+01
    endloop
  endfacet
  facet normal 9.569378E-01 -0.000000E+00 2.902931E-01
    outer loop
      vertex 6.484776E+01 1.476548E+01 -5.162952E+01
      vertex 6.496157E+01 1.476548E+01 -5.200471E+01
      vertex 6.484776E+01 1.776548E+01 -5.162952E+01
    endloop
  endfacet
  facet normal 7.730110E-01 -0.000000E+00 6.343927E-01
    outer loop
      vertex 6.466294E+01 1.476548E+01 -5.128375E+01
      vertex 6.466294E+01 1.776548E+01 -5.128375E+01
      vertex 6.441422E+01 1.776548E+01 -5.098067E+01
    endloop
  endfacet
  facet normal 8.819259E-01 -0.000000E+00 4.713880E-01
    outer loop
      vertex 6.466294E+01 1.476548E+01 -5.128375E+01
      vertex 6.484776E+01 1.476548E+01 -5.162952E+01
      vertex 6.466294E+01 1.776548E+01 -5.128375E+01
    endloop
  endfacet
  facet normal 7.730110E-01 -0.000000E+00 6.343927E-01
    outer loop
      vertex 6.441422E+01 1.476548E+01 -5.098067E+01
      vertex 6.466294E+01 1.476548E+01 -5.128375E+01
      vertex 6.441422E+01 1.776548E+01 -5.098067E+01
    endloop
  endfacet
  facet normal 0.000000E+00 0.000000E+00 1.000000E+00
    outer loop
      vertex 5.000000E+00 1.776548E+01 -5.239489E+01
      vertex 1.163400E-14 1.776548E+01 -5.239489E+01
      vertex 1.163400E-14 1.476548E+01 -5.239489E+01
    endloop
  endfacet
  facet normal 0.000000E+00 -0.000000E+00 1.000000E+00
    outer loop
      vertex 5.000000E+00 1.476548E+01 -5.239489E+01
      vertex 5.000000E+00 1.776548E+01 -5.239489E+01
      vertex 1.163400E-14 1.476548E+01 -5.239489E+01
    endloop
  endfacet
  facet normal 0.000000E+00 0.000000E+00 1.000000E+00
    outer loop
      vertex 7.000000E+01 1.476548E+01 -5.239489E+01
      vertex 6.500000E+01 1.776548E+01 -5.239489E+01
      vertex 6.500000E+01 1.476548E+01 -5.239489E+01
    endloop
  endfacet
  facet normal 0.000000E+00 -0.000000E+00 1.000000E+00
    outer loop
      vertex 7.000000E+01 1.476548E+01 -5.239489E+01
      vertex 7.000000E+01 1.776548E+01 -5.239489E+01
      vertex 6.500000E+01 1.776548E+01 -5.239489E+01
    endloop
  endfacet
  facet normal 0.000000E+00 0.000000E+00 1.000000E+00
    outer loop
      vertex 5.500000E+01 1.776548E+01 -5.239489E+01
      vertex 1.500000E+01 1.776548E+01 -5.239489E+01
      vertex 1.500000E+01 1.476548E+01 -5.239489E+01
    endloop
  endfacet
  facet normal 0.000000E+00 -0.000000E+00 1.000000E+00
    outer loop
      vertex 5.500000E+01 1.476548E+01 -5.239489E+01
      vertex 5.500000E+01 1.776548E+01 -5.239489E+01
      vertex 1.500000E+01 1.476548E+01 -5.239489E+01
    endloop
  endfacet
  facet normal 0.000000E+00 -0.000000E+00 1.000000E+00
    outer loop
      vertex 7.000000E+01 1.176548E+01 -5.839489E+01
      vertex 7.000000E+01 1.476548E+01 -5.839489E+01
      vertex 1.296627E-14 1.476548E+01 -5.839489E+01
    endloop
  endfacet
  facet normal 0.000000E+00 0.000000E+00 1.000000E+00
    outer loop
      vertex 7.000000E+01 1.176548E+01 -5.839489E+01
      vertex 1.296627E-14 1.476548E+01 -5.839489E+01
      vertex 1.296627E-14 1.176548E+01 -5.839489E+01
    endloop
  endfacet
  facet normal 4.847101E-07 -7.071068E-01 -7.071066E-01
    outer loop
      vertex 1.464466E-01 2.161904E+01 -6.924844E+01
      vertex 1.318831E-14 1.176548E+01 -5.939489E+01
      vertex 1.529774E-14 2.126548E+01 -6.889489E+01
    endloop
  endfacet
  facet normal 0.000000E+00 -7.071068E-01 -7.071068E-01
    outer loop
      vertex 1.464466E-01 2.161904E+01 -6.924844E+01
      vertex 1.703709E-02 2.139489E+01 -6.902430E+01
      vertex 6.698730E-02 2.151548E+01 -6.914489E+01
    endloop
  endfacet
  facet normal 0.000000E+00 -7.071068E-01 -7.071068E-01
    outer loop
      vertex 1.464466E-01 2.161904E+01 -6.924844E+01
      vertex 1.529774E-14 2.126548E+01 -6.889489E+01
      vertex 1.703709E-02 2.139489E+01 -6.902430E+01
    endloop
  endfacet
  facet normal -0.000000E+00 -7.071069E-01 -7.071067E-01
    outer loop
      vertex 7.000000E+01 1.176548E+01 -5.939489E+01
      vertex 1.318831E-14 1.176548E+01 -5.939489E+01
      vertex 1.464466E-01 2.161904E+01 -6.924844E+01
    endloop
  endfacet
  facet normal 0.000000E+00 -7.071068E-01 -7.071068E-01
    outer loop
      vertex 6.985355E+01 2.161904E+01 -6.924844E+01
      vertex 6.998296E+01 2.139489E+01 -6.902430E+01
      vertex 7.000000E+01 2.126548E+01 -6.889489E+01
    endloop
  endfacet
  facet normal 0.000000E+00 -7.071068E-01 -7.071068E-01
    outer loop
      vertex 6.985355E+01 2.161904E+01 -6.924844E+01
      vertex 6.993301E+01 2.151548E+01 -6.914489E+01
      vertex 6.998296E+01 2.139489E+01 -6.902430E+01
    endloop
  endfacet
  facet normal -4.847113E-07 -7.071069E-01 -7.071067E-01
    outer loop
      vertex 6.985355E+01 2.161904E+01 -6.924844E+01
      vertex 7.000000E+01 2.126548E+01 -6.889489E+01
      vertex 7.000000E+01 1.176548E+01 -5.939489E+01
    endloop
  endfacet
  facet normal -0.000000E+00 -7.071069E-01 -7.071067E-01
    outer loop
      vertex 6.985355E+01 2.161904E+01 -6.924844E+01
      vertex 7.000000E+01 1.176548E+01 -5.939489E+01
      vertex 1.464466E-01 2.161904E+01 -6.924844E+01
    endloop
  endfacet
  facet normal 0.000000E+00 -1.000000E+00 9.536743E-07
    outer loop
      vertex 7.000000E+01 1.176548E+01 -5.939489E+01
      vertex 7.000000E+01 1.176548E+01 -5.839489E+01
      vertex 1.296627E-14 1.176548E+01 -5.839489E+01
    endloop
  endfacet
  facet normal 0.000000E+00 -1.000000E+00 9.536743E-07
    outer loop
      vertex 7.000000E+01 1.176548E+01 -5.939489E+01
      vertex 1.296627E-14 1.176548E+01 -5.839489E+01
      vertex 1.318831E-14 1.176548E+01 -5.939489E+01
    endloop
  endfacet
  facet normal 1.000000E+00 0.000000E+00 0.000000E+00
    outer loop
      vertex 7.000000E+01 1.476548E+01 -5.839489E+01
      vertex 7.000000E+01 1.776548E+01 -5.239489E+01
      vertex 7.000000E+01 1.476548E+01 -5.239489E+01
    endloop
  endfacet
  facet normal 1.000000E+00 0.000000E+00 0.000000E+00
    outer loop
      vertex 7.000000E+01 1.476548E+01 -5.839489E+01
      vertex 7.000000E+01 1.176548E+01 -5.839489E+01
      vertex 7.000000E+01 1.176548E+01 -5.939489E+01
    endloop
  endfacet
  facet normal 1.000000E+00 0.000000E+00 0.000000E+00
    outer loop
      vertex 7.000000E+01 1.776548E+01 -6.115225E+01
      vertex 7.000000E+01 1.476548E+01 -5.839489E+01
      vertex 7.000000E+01 1.176548E+01 -5.939489E+01
    endloop
  endfacet
  facet normal 1.000000E+00 0.000000E+00 0.000000E+00
    outer loop
      vertex 7.000000E+01 2.186727E+01 -6.209914E+01
      vertex 7.000000E+01 2.018021E+01 -5.945253E+01
      vertex 7.000000E+01 1.961743E+01 -5.962325E+01
    endloop
  endfacet
  facet normal 1.000000E+00 0.000000E+00 0.000000E+00
    outer loop
      vertex 7.000000E+01 2.186727E+01 -6.209914E+01
      vertex 7.000000E+01 2.076548E+01 -5.939489E+01
      vertex 7.000000E+01 2.018021E+01 -5.945253E+01
    endloop
  endfacet
  facet normal 1.000000E+00 0.000000E+00 0.000000E+00
    outer loop
      vertex 7.000000E+01 2.208381E+01 -6.190731E+01
      vertex 7.000000E+01 2.076548E+01 -5.939489E+01
      vertex 7.000000E+01 2.186727E+01 -6.209914E+01
    endloop
  endfacet
  facet normal 1.000000E+00 0.000000E+00 -0.000000E+00
    outer loop
      vertex 7.000000E+01 2.170294E+01 -6.233722E+01
      vertex 7.000000E+01 2.186727E+01 -6.209914E+01
      vertex 7.000000E+01 1.961743E+01 -5.962325E+01
    endloop
  endfacet
  facet normal 1.000000E+00 0.000000E+00 0.000000E+00
    outer loop
      vertex 7.000000E+01 2.170294E+01 -6.233722E+01
      vertex 7.000000E+01 1.909877E+01 -5.990048E+01
      vertex 7.000000E+01 1.864416E+01 -6.027357E+01
    endloop
  endfacet
  facet normal 1.000000E+00 0.000000E+00 0.000000E+00
    outer loop
      vertex 7.000000E+01 2.170294E+01 -6.233722E+01
      vertex 7.000000E+01 1.961743E+01 -5.962325E+01
      vertex 7.000000E+01 1.909877E+01 -5.990048E+01
    endloop
  endfacet
  facet normal 1.000000E+00 0.000000E+00 0.000000E+00
    outer loop
      vertex 7.000000E+01 2.233996E+01 -6.177287E+01
      vertex 7.000000E+01 2.076548E+01 -5.939489E+01
      vertex 7.000000E+01 2.208381E+01 -6.190731E+01
    endloop
  endfacet
  facet normal 1.000000E+00 0.000000E+00 -0.000000E+00
    outer loop
      vertex 7.000000E+01 2.160035E+01 -6.260771E+01
      vertex 7.000000E+01 2.170294E+01 -6.233722E+01
      vertex 7.000000E+01 1.864416E+01 -6.027357E+01
    endloop
  endfacet
  facet normal 1.000000E+00 0.000000E+00 0.000000E+00
    outer loop
      vertex 7.000000E+01 2.160035E+01 -6.260771E+01
      vertex 7.000000E+01 1.864416E+01 -6.027357E+01
      vertex 7.000000E+01 1.776548E+01 -6.115225E+01
    endloop
  endfacet
  facet normal 1.000000E+00 0.000000E+00 0.000000E+00
    outer loop
      vertex 7.000000E+01 2.262084E+01 -6.170364E+01
      vertex 7.000000E+01 2.076548E+01 -5.939489E+01
      vertex 7.000000E+01 2.233996E+01 -6.177287E+01
    endloop
  endfacet
  facet normal 1.000000E+00 0.000000E+00 -0.000000E+00
    outer loop
      vertex 7.000000E+01 2.156548E+01 -6.289489E+01
      vertex 7.000000E+01 2.160035E+01 -6.260771E+01
      vertex 7.000000E+01 1.776548E+01 -6.115225E+01
    endloop
  endfacet
  facet normal 1.000000E+00 0.000000E+00 0.000000E+00
    outer loop
      vertex 7.000000E+01 2.291013E+01 -6.170364E+01
      vertex 7.000000E+01 2.076548E+01 -5.939489E+01
      vertex 7.000000E+01 2.262084E+01 -6.170364E+01
    endloop
  endfacet
  facet normal 1.000000E+00 0.000000E+00 -0.000000E+00
    outer loop
      vertex 7.000000E+01 2.291013E+01 -6.170364E+01
      vertex 7.000000E+01 2.476548E+01 -5.939489E+01
      vertex 7.000000E+01 2.076548E+01 -5.939489E+01
    endloop
  endfacet
  facet normal 1.000000E+00 0.000000E+00 0.000000E+00
    outer loop
      vertex 7.000000E+01 2.159936E+01 -6.317802E+01
      vertex 7.000000E+01 2.156548E+01 -6.289489E+01
      vertex 7.000000E+01 1.776548E+01 -6.115225E+01
    endloop
  endfacet
  facet normal 1.000000E+00 0.000000E+00 -0.000000E+00
    outer loop
      vertex 7.000000E+01 2.319101E+01 -6.177287E+01
      vertex 7.000000E+01 2.476548E+01 -5.939489E+01
      vertex 7.000000E+01 2.291013E+01 -6.170364E+01
    endloop
  endfacet
  facet normal 1.000000E+00 0.000000E+00 0.000000E+00
    outer loop
      vertex 7.000000E+01 2.169909E+01 -6.344517E+01
      vertex 7.000000E+01 2.159936E+01 -6.317802E+01
      vertex 7.000000E+01 1.776548E+01 -6.115225E+01
    endloop
  endfacet
  facet normal 1.000000E+00 0.000000E+00 -0.000000E+00
    outer loop
      vertex 7.000000E+01 2.344716E+01 -6.190731E+01
      vertex 7.000000E+01 2.476548E+01 -5.939489E+01
      vertex 7.000000E+01 2.319101E+01 -6.177287E+01
    endloop
  endfacet
  facet normal 1.000000E+00 0.000000E+00 0.000000E+00
    outer loop
      vertex 7.000000E+01 2.366370E+01 -6.209914E+01
      vertex 7.000000E+01 2.543305E+01 -5.947010E+01
      vertex 7.000000E+01 2.476548E+01 -5.939489E+01
    endloop
  endfacet
  facet normal 1.000000E+00 0.000000E+00 0.000000E+00
    outer loop
      vertex 7.000000E+01 2.366370E+01 -6.209914E+01
      vertex 7.000000E+01 2.606713E+01 -5.969198E+01
      vertex 7.000000E+01 2.543305E+01 -5.947010E+01
    endloop
  endfacet
  facet normal 1.000000E+00 0.000000E+00 -0.000000E+00
    outer loop
      vertex 7.000000E+01 2.366370E+01 -6.209914E+01
      vertex 7.000000E+01 2.476548E+01 -5.939489E+01
      vertex 7.000000E+01 2.344716E+01 -6.190731E+01
    endloop
  endfacet
  facet normal 1.000000E+00 0.000000E+00 -0.000000E+00
    outer loop
      vertex 7.000000E+01 2.382803E+01 -6.233722E+01
      vertex 7.000000E+01 2.606713E+01 -5.969198E+01
      vertex 7.000000E+01 2.366370E+01 -6.209914E+01
    endloop
  endfacet
  facet normal 1.000000E+00 0.000000E+00 0.000000E+00
    outer loop
      vertex 7.000000E+01 2.663595E+01 -6.004939E+01
      vertex 7.000000E+01 2.606713E+01 -5.969198E+01
      vertex 7.000000E+01 2.382803E+01 -6.233722E+01
    endloop
  endfacet
  facet normal 1.000000E+00 0.000000E+00 0.000000E+00
    outer loop
      vertex 7.000000E+01 2.711098E+01 -6.052442E+01
      vertex 7.000000E+01 2.663595E+01 -6.004939E+01
      vertex 7.000000E+01 2.382803E+01 -6.233722E+01
    endloop
  endfacet
  facet normal 1.000000E+00 0.000000E+00 0.000000E+00
    outer loop
      vertex 7.000000E+01 2.711098E+01 -6.052442E+01
      vertex 7.000000E+01 2.382803E+01 -6.233722E+01
      vertex 7.000000E+01 2.393061E+01 -6.260771E+01
    endloop
  endfacet
  facet normal 1.000000E+00 0.000000E+00 0.000000E+00
    outer loop
      vertex 7.000000E+01 2.746839E+01 -6.109324E+01
      vertex 7.000000E+01 2.711098E+01 -6.052442E+01
      vertex 7.000000E+01 2.393061E+01 -6.260771E+01
    endloop
  endfacet
  facet normal 1.000000E+00 0.000000E+00 0.000000E+00
    outer loop
      vertex 7.000000E+01 2.769027E+01 -6.172733E+01
      vertex 7.000000E+01 2.746839E+01 -6.109324E+01
      vertex 7.000000E+01 2.393061E+01 -6.260771E+01
    endloop
  endfacet
  facet normal 1.000000E+00 0.000000E+00 0.000000E+00
    outer loop
      vertex 7.000000E+01 2.126548E+01 -6.889489E+01
      vertex 7.000000E+01 1.776548E+01 -6.115225E+01
      vertex 7.000000E+01 1.176548E+01 -5.939489E+01
    endloop
  endfacet
  facet normal 1.000000E+00 0.000000E+00 -0.000000E+00
    outer loop
      vertex 7.000000E+01 2.126548E+01 -6.889489E+01
      vertex 7.000000E+01 2.169909E+01 -6.344517E+01
      vertex 7.000000E+01 1.776548E+01 -6.115225E+01
    endloop
  endfacet
  facet normal 1.000000E+00 0.000000E+00 0.000000E+00
    outer loop
      vertex 7.000000E+01 2.126548E+01 -6.889489E+01
      vertex 7.000000E+01 2.185904E+01 -6.368124E+01
      vertex 7.000000E+01 2.169909E+01 -6.344517E+01
    endloop
  endfacet
  facet normal 1.000000E+00 0.000000E+00 0.000000E+00
    outer loop
      vertex 7.000000E+01 2.126548E+01 -6.889489E+01
      vertex 7.000000E+01 2.207016E+01 -6.387291E+01
      vertex 7.000000E+01 2.185904E+01 -6.368124E+01
    endloop
  endfacet
  facet normal 1.000000E+00 0.000000E+00 0.000000E+00
    outer loop
      vertex 7.000000E+01 2.126548E+01 -6.889489E+01
      vertex 7.000000E+01 2.232055E+01 -6.400935E+01
      vertex 7.000000E+01 2.207016E+01 -6.387291E+01
    endloop
  endfacet
  facet normal 1.000000E+00 0.000000E+00 0.000000E+00
    outer loop
      vertex 7.000000E+01 2.126548E+01 -6.889489E+01
      vertex 7.000000E+01 2.259607E+01 -6.408287E+01
      vertex 7.000000E+01 2.232055E+01 -6.400935E+01
    endloop
  endfacet
  facet normal 1.000000E+00 0.000000E+00 0.000000E+00
    outer loop
      vertex 7.000000E+01 2.126548E+01 -6.889489E+01
      vertex 7.000000E+01 2.288115E+01 -6.408930E+01
      vertex 7.000000E+01 2.259607E+01 -6.408287E+01
    endloop
  endfacet
  facet normal 1.000000E+00 0.000000E+00 0.000000E+00
    outer loop
      vertex 7.000000E+01 2.126548E+01 -6.889489E+01
      vertex 7.000000E+01 2.315970E+01 -6.402828E+01
      vertex 7.000000E+01 2.288115E+01 -6.408930E+01
    endloop
  endfacet
  facet normal 1.000000E+00 0.000000E+00 0.000000E+00
    outer loop
      vertex 7.000000E+01 2.126548E+01 -6.889489E+01
      vertex 7.000000E+01 2.341599E+01 -6.390327E+01
      vertex 7.000000E+01 2.315970E+01 -6.402828E+01
    endloop
  endfacet
  facet normal 1.000000E+00 0.000000E+00 0.000000E+00
    outer loop
      vertex 7.000000E+01 2.776548E+01 -6.239489E+01
      vertex 7.000000E+01 2.393061E+01 -6.260771E+01
      vertex 7.000000E+01 2.396548E+01 -6.289489E+01
    endloop
  endfacet
  facet normal 1.000000E+00 0.000000E+00 0.000000E+00
    outer loop
      vertex 7.000000E+01 2.776548E+01 -6.239489E+01
      vertex 7.000000E+01 2.769027E+01 -6.172733E+01
      vertex 7.000000E+01 2.393061E+01 -6.260771E+01
    endloop
  endfacet
  facet normal 1.000000E+00 0.000000E+00 0.000000E+00
    outer loop
      vertex 7.000000E+01 2.781563E+01 -6.283993E+01
      vertex 7.000000E+01 2.396548E+01 -6.289489E+01
      vertex 7.000000E+01 2.392834E+01 -6.319115E+01
    endloop
  endfacet
  facet normal 1.000000E+00 0.000000E+00 0.000000E+00
    outer loop
      vertex 7.000000E+01 2.781563E+01 -6.283993E+01
      vertex 7.000000E+01 2.776548E+01 -6.239489E+01
      vertex 7.000000E+01 2.396548E+01 -6.289489E+01
    endloop
  endfacet
  facet normal 1.000000E+00 0.000000E+00 0.000000E+00
    outer loop
      vertex 7.000000E+01 2.796354E+01 -6.326265E+01
      vertex 7.000000E+01 2.392834E+01 -6.319115E+01
      vertex 7.000000E+01 2.381919E+01 -6.346908E+01
    endloop
  endfacet
  facet normal 1.000000E+00 0.000000E+00 0.000000E+00
    outer loop
      vertex 7.000000E+01 2.796354E+01 -6.326265E+01
      vertex 7.000000E+01 2.781563E+01 -6.283993E+01
      vertex 7.000000E+01 2.392834E+01 -6.319115E+01
    endloop
  endfacet
  facet normal 1.000000E+00 0.000000E+00 0.000000E+00
    outer loop
      vertex 7.000000E+01 2.820182E+01 -6.364187E+01
      vertex 7.000000E+01 2.796354E+01 -6.326265E+01
      vertex 7.000000E+01 2.381919E+01 -6.346908E+01
    endloop
  endfacet
  facet normal 1.000000E+00 0.000000E+00 0.000000E+00
    outer loop
      vertex 7.000000E+01 2.820182E+01 -6.364187E+01
      vertex 7.000000E+01 2.381919E+01 -6.346908E+01
      vertex 7.000000E+01 2.364481E+01 -6.371145E+01
    endloop
  endfacet
  facet normal 1.000000E+00 0.000000E+00 0.000000E+00
    outer loop
      vertex 7.000000E+01 2.851850E+01 -6.395855E+01
      vertex 7.000000E+01 2.364481E+01 -6.371145E+01
      vertex 7.000000E+01 2.341599E+01 -6.390327E+01
    endloop
  endfacet
  facet normal 1.000000E+00 0.000000E+00 0.000000E+00
    outer loop
      vertex 7.000000E+01 2.851850E+01 -6.395855E+01
      vertex 7.000000E+01 2.341599E+01 -6.390327E+01
      vertex 7.000000E+01 2.126548E+01 -6.889489E+01
    endloop
  endfacet
  facet normal 1.000000E+00 0.000000E+00 0.000000E+00
    outer loop
      vertex 7.000000E+01 2.851850E+01 -6.395855E+01
      vertex 7.000000E+01 2.820182E+01 -6.364187E+01
      vertex 7.000000E+01 2.364481E+01 -6.371145E+01
    endloop
  endfacet
  facet normal 1.000000E+00 0.000000E+00 0.000000E+00
    outer loop
      vertex 7.000000E+01 2.889772E+01 -6.419682E+01
      vertex 7.000000E+01 2.851850E+01 -6.395855E+01
      vertex 7.000000E+01 2.126548E+01 -6.889489E+01
    endloop
  endfacet
  facet normal 1.000000E+00 0.000000E+00 0.000000E+00
    outer loop
      vertex 7.000000E+01 2.932044E+01 -6.434474E+01
      vertex 7.000000E+01 2.889772E+01 -6.419682E+01
      vertex 7.000000E+01 2.126548E+01 -6.889489E+01
    endloop
  endfacet
  facet normal 1.000000E+00 0.000000E+00 0.000000E+00
    outer loop
      vertex 7.000000E+01 2.976548E+01 -6.439489E+01
      vertex 7.000000E+01 2.932044E+01 -6.434474E+01
      vertex 7.000000E+01 2.126548E+01 -6.889489E+01
    endloop
  endfacet
  facet normal 1.000000E+00 0.000000E+00 0.000000E+00
    outer loop
      vertex 7.000000E+01 4.276548E+01 -6.439489E+01
      vertex 7.000000E+01 2.976548E+01 -6.439489E+01
      vertex 7.000000E+01 2.126548E+01 -6.889489E+01
    endloop
  endfacet
  facet normal 1.000000E+00 0.000000E+00 0.000000E+00
    outer loop
      vertex 7.000000E+01 4.886727E+01 -6.209914E+01
      vertex 7.000000E+01 4.776548E+01 -5.939489E+01
      vertex 7.000000E+01 4.709792E+01 -5.947010E+01
    endloop
  endfacet
  facet normal 1.000000E+00 0.000000E+00 0.000000E+00
    outer loop
      vertex 7.000000E+01 4.886727E+01 -6.209914E+01
      vertex 7.000000E+01 4.709792E+01 -5.947010E+01
      vertex 7.000000E+01 4.646383E+01 -5.969198E+01
    endloop
  endfacet
  facet normal 1.000000E+00 0.000000E+00 0.000000E+00
    outer loop
      vertex 7.000000E+01 4.908381E+01 -6.190731E+01
      vertex 7.000000E+01 4.776548E+01 -5.939489E+01
      vertex 7.000000E+01 4.886727E+01 -6.209914E+01
    endloop
  endfacet
  facet normal 1.000000E+00 0.000000E+00 0.000000E+00
    outer loop
      vertex 7.000000E+01 4.870293E+01 -6.233722E+01
      vertex 7.000000E+01 4.646383E+01 -5.969198E+01
      vertex 7.000000E+01 4.589501E+01 -6.004939E+01
    endloop
  endfacet
  facet normal 1.000000E+00 0.000000E+00 0.000000E+00
    outer loop
      vertex 7.000000E+01 4.870293E+01 -6.233722E+01
      vertex 7.000000E+01 4.589501E+01 -6.004939E+01
      vertex 7.000000E+01 4.541999E+01 -6.052442E+01
    endloop
  endfacet
  facet normal 1.000000E+00 0.000000E+00 -0.000000E+00
    outer loop
      vertex 7.000000E+01 4.870293E+01 -6.233722E+01
      vertex 7.000000E+01 4.886727E+01 -6.209914E+01
      vertex 7.000000E+01 4.646383E+01 -5.969198E+01
    endloop
  endfacet
  facet normal 1.000000E+00 0.000000E+00 0.000000E+00
    outer loop
      vertex 7.000000E+01 4.933996E+01 -6.177287E+01
      vertex 7.000000E+01 4.776548E+01 -5.939489E+01
      vertex 7.000000E+01 4.908381E+01 -6.190731E+01
    endloop
  endfacet
  facet normal 1.000000E+00 0.000000E+00 0.000000E+00
    outer loop
      vertex 7.000000E+01 4.860035E+01 -6.260771E+01
      vertex 7.000000E+01 4.541999E+01 -6.052442E+01
      vertex 7.000000E+01 4.506258E+01 -6.109324E+01
    endloop
  endfacet
  facet normal 1.000000E+00 0.000000E+00 0.000000E+00
    outer loop
      vertex 7.000000E+01 4.860035E+01 -6.260771E+01
      vertex 7.000000E+01 4.506258E+01 -6.109324E+01
      vertex 7.000000E+01 4.484070E+01 -6.172733E+01
    endloop
  endfacet
  facet normal 1.000000E+00 0.000000E+00 0.000000E+00
    outer loop
      vertex 7.000000E+01 4.860035E+01 -6.260771E+01
      vertex 7.000000E+01 4.484070E+01 -6.172733E+01
      vertex 7.000000E+01 4.476548E+01 -6.239489E+01
    endloop
  endfacet
  facet normal 1.000000E+00 0.000000E+00 -0.000000E+00
    outer loop
      vertex 7.000000E+01 4.860035E+01 -6.260771E+01
      vertex 7.000000E+01 4.870293E+01 -6.233722E+01
      vertex 7.000000E+01 4.541999E+01 -6.052442E+01
    endloop
  endfacet
  facet normal 1.000000E+00 0.000000E+00 0.000000E+00
    outer loop
      vertex 7.000000E+01 4.962084E+01 -6.170364E+01
      vertex 7.000000E+01 4.776548E+01 -5.939489E+01
      vertex 7.000000E+01 4.933996E+01 -6.177287E+01
    endloop
  endfacet
  facet normal 1.000000E+00 0.000000E+00 0.000000E+00
    outer loop
      vertex 7.000000E+01 4.856548E+01 -6.289489E+01
      vertex 7.000000E+01 4.476548E+01 -6.239489E+01
      vertex 7.000000E+01 4.471534E+01 -6.283993E+01
    endloop
  endfacet
  facet normal 1.000000E+00 0.000000E+00 -0.000000E+00
    outer loop
      vertex 7.000000E+01 4.856548E+01 -6.289489E+01
      vertex 7.000000E+01 4.860035E+01 -6.260771E+01
      vertex 7.000000E+01 4.476548E+01 -6.239489E+01
    endloop
  endfacet
  facet normal 1.000000E+00 0.000000E+00 -0.000000E+00
    outer loop
      vertex 7.000000E+01 4.991013E+01 -6.170364E+01
      vertex 7.000000E+01 5.176548E+01 -5.939489E+01
      vertex 7.000000E+01 4.776548E+01 -5.939489E+01
    endloop
  endfacet
  facet normal 1.000000E+00 0.000000E+00 0.000000E+00
    outer loop
      vertex 7.000000E+01 4.991013E+01 -6.170364E+01
      vertex 7.000000E+01 4.776548E+01 -5.939489E+01
      vertex 7.000000E+01 4.962084E+01 -6.170364E+01
    endloop
  endfacet
  facet normal 1.000000E+00 0.000000E+00 0.000000E+00
    outer loop
      vertex 7.000000E+01 4.859082E+01 -6.314020E+01
      vertex 7.000000E+01 4.471534E+01 -6.283993E+01
      vertex 7.000000E+01 4.456742E+01 -6.326265E+01
    endloop
  endfacet
  facet normal 1.000000E+00 0.000000E+00 0.000000E+00
    outer loop
      vertex 7.000000E+01 4.859082E+01 -6.314020E+01
      vertex 7.000000E+01 4.856548E+01 -6.289489E+01
      vertex 7.000000E+01 4.471534E+01 -6.283993E+01
    endloop
  endfacet
  facet normal 1.000000E+00 0.000000E+00 -0.000000E+00
    outer loop
      vertex 7.000000E+01 5.019101E+01 -6.177287E+01
      vertex 7.000000E+01 5.176548E+01 -5.939489E+01
      vertex 7.000000E+01 4.991013E+01 -6.170364E+01
    endloop
  endfacet
  facet normal 1.000000E+00 0.000000E+00 0.000000E+00
    outer loop
      vertex 7.000000E+01 4.866578E+01 -6.337515E+01
      vertex 7.000000E+01 4.859082E+01 -6.314020E+01
      vertex 7.000000E+01 4.456742E+01 -6.326265E+01
    endloop
  endfacet
  facet normal 1.000000E+00 0.000000E+00 -0.000000E+00
    outer loop
      vertex 7.000000E+01 5.044716E+01 -6.190731E+01
      vertex 7.000000E+01 5.176548E+01 -5.939489E+01
      vertex 7.000000E+01 5.019101E+01 -6.177287E+01
    endloop
  endfacet
  facet normal 1.000000E+00 0.000000E+00 0.000000E+00
    outer loop
      vertex 7.000000E+01 4.878718E+01 -6.358981E+01
      vertex 7.000000E+01 4.456742E+01 -6.326265E+01
      vertex 7.000000E+01 4.432915E+01 -6.364186E+01
    endloop
  endfacet
  facet normal 1.000000E+00 0.000000E+00 0.000000E+00
    outer loop
      vertex 7.000000E+01 4.878718E+01 -6.358981E+01
      vertex 7.000000E+01 4.866578E+01 -6.337515E+01
      vertex 7.000000E+01 4.456742E+01 -6.326265E+01
    endloop
  endfacet
  facet normal 1.000000E+00 0.000000E+00 0.000000E+00
    outer loop
      vertex 7.000000E+01 4.894990E+01 -6.377513E+01
      vertex 7.000000E+01 4.432915E+01 -6.364186E+01
      vertex 7.000000E+01 4.401246E+01 -6.395855E+01
    endloop
  endfacet
  facet normal 1.000000E+00 0.000000E+00 0.000000E+00
    outer loop
      vertex 7.000000E+01 4.894990E+01 -6.377513E+01
      vertex 7.000000E+01 4.878718E+01 -6.358981E+01
      vertex 7.000000E+01 4.432915E+01 -6.364186E+01
    endloop
  endfacet
  facet normal 1.000000E+00 0.000000E+00 0.000000E+00
    outer loop
      vertex 7.000000E+01 5.066370E+01 -6.209914E+01
      vertex 7.000000E+01 5.306713E+01 -5.969198E+01
      vertex 7.000000E+01 5.243305E+01 -5.947010E+01
    endloop
  endfacet
  facet normal 1.000000E+00 0.000000E+00 0.000000E+00
    outer loop
      vertex 7.000000E+01 5.066370E+01 -6.209914E+01
      vertex 7.000000E+01 5.243305E+01 -5.947010E+01
      vertex 7.000000E+01 5.176548E+01 -5.939489E+01
    endloop
  endfacet
  facet normal 1.000000E+00 0.000000E+00 -0.000000E+00
    outer loop
      vertex 7.000000E+01 5.066370E+01 -6.209914E+01
      vertex 7.000000E+01 5.176548E+01 -5.939489E+01
      vertex 7.000000E+01 5.044716E+01 -6.190731E+01
    endloop
  endfacet
  facet normal 1.000000E+00 0.000000E+00 0.000000E+00
    outer loop
      vertex 7.000000E+01 4.917394E+01 -6.393895E+01
      vertex 7.000000E+01 4.401246E+01 -6.395855E+01
      vertex 7.000000E+01 4.363325E+01 -6.419682E+01
    endloop
  endfacet
  facet normal 1.000000E+00 0.000000E+00 0.000000E+00
    outer loop
      vertex 7.000000E+01 4.917394E+01 -6.393895E+01
      vertex 7.000000E+01 4.894990E+01 -6.377513E+01
      vertex 7.000000E+01 4.401246E+01 -6.395855E+01
    endloop
  endfacet
  facet normal 1.000000E+00 0.000000E+00 -0.000000E+00
    outer loop
      vertex 7.000000E+01 5.082803E+01 -6.233722E+01
      vertex 7.000000E+01 5.306713E+01 -5.969198E+01
      vertex 7.000000E+01 5.066370E+01 -6.209914E+01
    endloop
  endfacet
  facet normal 1.000000E+00 0.000000E+00 0.000000E+00
    outer loop
      vertex 7.000000E+01 4.942963E+01 -6.404693E+01
      vertex 7.000000E+01 4.363325E+01 -6.419682E+01
      vertex 7.000000E+01 4.321053E+01 -6.434474E+01
    endloop
  endfacet
  facet normal 1.000000E+00 0.000000E+00 0.000000E+00
    outer loop
      vertex 7.000000E+01 4.942963E+01 -6.404693E+01
      vertex 7.000000E+01 4.917394E+01 -6.393895E+01
      vertex 7.000000E+01 4.363325E+01 -6.419682E+01
    endloop
  endfacet
  facet normal 1.000000E+00 0.000000E+00 0.000000E+00
    outer loop
      vertex 7.000000E+01 5.363595E+01 -6.004939E+01
      vertex 7.000000E+01 5.306713E+01 -5.969198E+01
      vertex 7.000000E+01 5.082803E+01 -6.233722E+01
    endloop
  endfacet
  facet normal 1.000000E+00 0.000000E+00 0.000000E+00
    outer loop
      vertex 7.000000E+01 5.411098E+01 -6.052442E+01
      vertex 7.000000E+01 5.363595E+01 -6.004939E+01
      vertex 7.000000E+01 5.082803E+01 -6.233722E+01
    endloop
  endfacet
  facet normal 1.000000E+00 0.000000E+00 0.000000E+00
    outer loop
      vertex 7.000000E+01 5.411098E+01 -6.052442E+01
      vertex 7.000000E+01 5.082803E+01 -6.233722E+01
      vertex 7.000000E+01 5.093061E+01 -6.260771E+01
    endloop
  endfacet
  facet normal 1.000000E+00 0.000000E+00 0.000000E+00
    outer loop
      vertex 7.000000E+01 5.446839E+01 -6.109324E+01
      vertex 7.000000E+01 5.411098E+01 -6.052442E+01
      vertex 7.000000E+01 5.093061E+01 -6.260771E+01
    endloop
  endfacet
  facet normal 1.000000E+00 0.000000E+00 0.000000E+00
    outer loop
      vertex 7.000000E+01 5.469027E+01 -6.172733E+01
      vertex 7.000000E+01 5.446839E+01 -6.109324E+01
      vertex 7.000000E+01 5.093061E+01 -6.260771E+01
    endloop
  endfacet
  facet normal 1.000000E+00 0.000000E+00 0.000000E+00
    outer loop
      vertex 7.000000E+01 5.476548E+01 -6.239489E+01
      vertex 7.000000E+01 5.469027E+01 -6.172733E+01
      vertex 7.000000E+01 5.093061E+01 -6.260771E+01
    endloop
  endfacet
  facet normal 1.000000E+00 0.000000E+00 0.000000E+00
    outer loop
      vertex 7.000000E+01 5.476548E+01 -6.239489E+01
      vertex 7.000000E+01 5.093339E+01 -6.317057E+01
      vertex 7.000000E+01 5.083881E+01 -6.343151E+01
    endloop
  endfacet
  facet normal 1.000000E+00 0.000000E+00 0.000000E+00
    outer loop
      vertex 7.000000E+01 5.476548E+01 -6.239489E+01
      vertex 7.000000E+01 5.096548E+01 -6.289489E+01
      vertex 7.000000E+01 5.093339E+01 -6.317057E+01
    endloop
  endfacet
  facet normal 1.000000E+00 0.000000E+00 0.000000E+00
    outer loop
      vertex 7.000000E+01 5.476548E+01 -6.239489E+01
      vertex 7.000000E+01 5.093061E+01 -6.260771E+01
      vertex 7.000000E+01 5.096548E+01 -6.289489E+01
    endloop
  endfacet
  facet normal 1.000000E+00 0.000000E+00 -0.000000E+00
    outer loop
      vertex 7.000000E+01 5.476548E+01 -6.639489E+01
      vertex 7.000000E+01 5.476548E+01 -6.239489E+01
      vertex 7.000000E+01 5.083881E+01 -6.343151E+01
    endloop
  endfacet
  facet normal 1.000000E+00 0.000000E+00 0.000000E+00
    outer loop
      vertex 7.000000E+01 5.476548E+01 -6.639489E+01
      vertex 7.000000E+01 4.998026E+01 -6.407551E+01
      vertex 7.000000E+01 4.970327E+01 -6.409328E+01
    endloop
  endfacet
  facet normal 1.000000E+00 0.000000E+00 0.000000E+00
    outer loop
      vertex 7.000000E+01 5.476548E+01 -6.639489E+01
      vertex 7.000000E+01 5.024574E+01 -6.399459E+01
      vertex 7.000000E+01 4.998026E+01 -6.407551E+01
    endloop
  endfacet
  facet normal 1.000000E+00 0.000000E+00 0.000000E+00
    outer loop
      vertex 7.000000E+01 5.476548E+01 -6.639489E+01
      vertex 7.000000E+01 5.048554E+01 -6.385484E+01
      vertex 7.000000E+01 5.024574E+01 -6.399459E+01
    endloop
  endfacet
  facet normal 1.000000E+00 0.000000E+00 0.000000E+00
    outer loop
      vertex 7.000000E+01 5.476548E+01 -6.639489E+01
      vertex 7.000000E+01 5.068682E+01 -6.366374E+01
      vertex 7.000000E+01 5.048554E+01 -6.385484E+01
    endloop
  endfacet
  facet normal 1.000000E+00 0.000000E+00 0.000000E+00
    outer loop
      vertex 7.000000E+01 5.476548E+01 -6.639489E+01
      vertex 7.000000E+01 5.083881E+01 -6.343151E+01
      vertex 7.000000E+01 5.068682E+01 -6.366374E+01
    endloop
  endfacet
  facet normal 1.000000E+00 0.000000E+00 -0.000000E+00
    outer loop
      vertex 7.000000E+01 5.676548E+01 -6.889489E+01
      vertex 7.000000E+01 5.676548E+01 -6.639489E+01
      vertex 7.000000E+01 5.476548E+01 -6.639489E+01
    endloop
  endfacet
  facet normal 1.000000E+00 0.000000E+00 0.000000E+00
    outer loop
      vertex 7.000000E+01 5.676548E+01 -6.889489E+01
      vertex 7.000000E+01 4.276548E+01 -6.439489E+01
      vertex 7.000000E+01 2.126548E+01 -6.889489E+01
    endloop
  endfacet
  facet normal 1.000000E+00 0.000000E+00 0.000000E+00
    outer loop
      vertex 7.000000E+01 5.676548E+01 -6.889489E+01
      vertex 7.000000E+01 4.321053E+01 -6.434474E+01
      vertex 7.000000E+01 4.276548E+01 -6.439489E+01
    endloop
  endfacet
  facet normal 1.000000E+00 0.000000E+00 0.000000E+00
    outer loop
      vertex 7.000000E+01 5.676548E+01 -6.889489E+01
      vertex 7.000000E+01 5.476548E+01 -6.639489E+01
      vertex 7.000000E+01 4.970327E+01 -6.409328E+01
    endloop
  endfacet
  facet normal 1.000000E+00 0.000000E+00 0.000000E+00
    outer loop
      vertex 7.000000E+01 5.676548E+01 -6.889489E+01
      vertex 7.000000E+01 4.942963E+01 -6.404693E+01
      vertex 7.000000E+01 4.321053E+01 -6.434474E+01
    endloop
  endfacet
  facet normal 1.000000E+00 0.000000E+00 0.000000E+00
    outer loop
      vertex 7.000000E+01 5.676548E+01 -6.889489E+01
      vertex 7.000000E+01 4.970327E+01 -6.409328E+01
      vertex 7.000000E+01 4.942963E+01 -6.404693E+01
    endloop
  endfacet
  facet normal 1.000000E+00 0.000000E+00 -0.000000E+00
    outer loop
      vertex 7.000000E+01 1.776548E+01 -6.115225E+01
      vertex 7.000000E+01 1.776548E+01 -5.239489E+01
      vertex 7.000000E+01 1.476548E+01 -5.839489E+01
    endloop
  endfacet
endsolid 
