solid 
  facet normal -7.818315E-01 -6.234899E-01 0.000000E+00
    outer loop
      vertex -2.355025E+01 5.999747E+00 5.000000E+00
      vertex -2.257293E+01 4.774225E+00 0.000000E+00
      vertex -2.257293E+01 4.774225E+00 5.000000E+00
    endloop
  endfacet
  facet normal -7.818315E-01 -6.234899E-01 0.000000E+00
    outer loop
      vertex -2.355025E+01 5.999747E+00 0.000000E+00
      vertex -2.257293E+01 4.774225E+00 0.000000E+00
      vertex -2.355025E+01 5.999747E+00 5.000000E+00
    endloop
  endfacet
  facet normal -9.009687E-01 -4.338841E-01 0.000000E+00
    outer loop
      vertex -2.257293E+01 4.774225E+00 5.000000E+00
      vertex -2.189282E+01 3.361953E+00 0.000000E+00
      vertex -2.189282E+01 3.361953E+00 5.000000E+00
    endloop
  endfacet
  facet normal -9.009687E-01 -4.338841E-01 0.000000E+00
    outer loop
      vertex -2.257293E+01 4.774225E+00 0.000000E+00
      vertex -2.189282E+01 3.361953E+00 0.000000E+00
      vertex -2.257293E+01 4.774225E+00 5.000000E+00
    endloop
  endfacet
  facet normal -9.749278E-01 -2.225212E-01 0.000000E+00
    outer loop
      vertex -2.189282E+01 3.361953E+00 5.000000E+00
      vertex -2.154401E+01 1.833751E+00 0.000000E+00
      vertex -2.154401E+01 1.833751E+00 5.000000E+00
    endloop
  endfacet
  facet normal -9.749278E-01 -2.225212E-01 0.000000E+00
    outer loop
      vertex -2.189282E+01 3.361953E+00 0.000000E+00
      vertex -2.154401E+01 1.833751E+00 0.000000E+00
      vertex -2.189282E+01 3.361953E+00 5.000000E+00
    endloop
  endfacet
  facet normal -1.000000E+00 -0.000000E+00 0.000000E+00
    outer loop
      vertex -2.154401E+01 1.833751E+00 5.000000E+00
      vertex -2.154401E+01 2.662487E-01 0.000000E+00
      vertex -2.154401E+01 2.662487E-01 5.000000E+00
    endloop
  endfacet
  facet normal -1.000000E+00 0.000000E+00 0.000000E+00
    outer loop
      vertex -2.154401E+01 1.833751E+00 0.000000E+00
      vertex -2.154401E+01 2.662487E-01 0.000000E+00
      vertex -2.154401E+01 1.833751E+00 5.000000E+00
    endloop
  endfacet
  facet normal -9.749278E-01 2.225212E-01 0.000000E+00
    outer loop
      vertex -2.154401E+01 2.662487E-01 5.000000E+00
      vertex -2.189282E+01 -1.261953E+00 0.000000E+00
      vertex -2.189282E+01 -1.261953E+00 5.000000E+00
    endloop
  endfacet
  facet normal -9.749278E-01 2.225212E-01 0.000000E+00
    outer loop
      vertex -2.154401E+01 2.662487E-01 0.000000E+00
      vertex -2.189282E+01 -1.261953E+00 0.000000E+00
      vertex -2.154401E+01 2.662487E-01 5.000000E+00
    endloop
  endfacet
  facet normal -9.009687E-01 4.338841E-01 0.000000E+00
    outer loop
      vertex -2.189282E+01 -1.261953E+00 5.000000E+00
      vertex -2.257293E+01 -2.674225E+00 0.000000E+00
      vertex -2.257293E+01 -2.674225E+00 5.000000E+00
    endloop
  endfacet
  facet normal -9.009687E-01 4.338841E-01 0.000000E+00
    outer loop
      vertex -2.189282E+01 -1.261953E+00 0.000000E+00
      vertex -2.257293E+01 -2.674225E+00 0.000000E+00
      vertex -2.189282E+01 -1.261953E+00 5.000000E+00
    endloop
  endfacet
  facet normal -7.818316E-01 6.234897E-01 0.000000E+00
    outer loop
      vertex -2.257293E+01 -2.674225E+00 5.000000E+00
      vertex -2.355025E+01 -3.899747E+00 0.000000E+00
      vertex -2.355025E+01 -3.899747E+00 5.000000E+00
    endloop
  endfacet
  facet normal -7.818316E-01 6.234897E-01 0.000000E+00
    outer loop
      vertex -2.257293E+01 -2.674225E+00 0.000000E+00
      vertex -2.355025E+01 -3.899747E+00 0.000000E+00
      vertex -2.257293E+01 -2.674225E+00 5.000000E+00
    endloop
  endfacet
  facet normal -6.234899E-01 7.818314E-01 0.000000E+00
    outer loop
      vertex -2.355025E+01 -3.899747E+00 5.000000E+00
      vertex -2.477578E+01 -4.877069E+00 0.000000E+00
      vertex -2.477578E+01 -4.877069E+00 5.000000E+00
    endloop
  endfacet
  facet normal -6.234899E-01 7.818314E-01 0.000000E+00
    outer loop
      vertex -2.355025E+01 -3.899747E+00 0.000000E+00
      vertex -2.477578E+01 -4.877069E+00 0.000000E+00
      vertex -2.355025E+01 -3.899747E+00 5.000000E+00
    endloop
  endfacet
  facet normal -4.338836E-01 9.009690E-01 0.000000E+00
    outer loop
      vertex -2.477578E+01 -4.877069E+00 5.000000E+00
      vertex -2.618805E+01 -5.557183E+00 0.000000E+00
      vertex -2.618805E+01 -5.557183E+00 5.000000E+00
    endloop
  endfacet
  facet normal -4.338836E-01 9.009690E-01 0.000000E+00
    outer loop
      vertex -2.477578E+01 -4.877069E+00 0.000000E+00
      vertex -2.618805E+01 -5.557183E+00 0.000000E+00
      vertex -2.477578E+01 -4.877069E+00 5.000000E+00
    endloop
  endfacet
  facet normal -2.225209E-01 9.749279E-01 0.000000E+00
    outer loop
      vertex -2.618805E+01 -5.557183E+00 5.000000E+00
      vertex -2.771625E+01 -5.905985E+00 0.000000E+00
      vertex -2.771625E+01 -5.905985E+00 5.000000E+00
    endloop
  endfacet
  facet normal -2.225209E-01 9.749279E-01 0.000000E+00
    outer loop
      vertex -2.618805E+01 -5.557183E+00 0.000000E+00
      vertex -2.771625E+01 -5.905985E+00 0.000000E+00
      vertex -2.618805E+01 -5.557183E+00 5.000000E+00
    endloop
  endfacet
  facet normal 0.000000E+00 1.000000E+00 0.000000E+00
    outer loop
      vertex -2.771625E+01 -5.905985E+00 5.000000E+00
      vertex -2.928375E+01 -5.905985E+00 0.000000E+00
      vertex -2.928375E+01 -5.905985E+00 5.000000E+00
    endloop
  endfacet
  facet normal 0.000000E+00 1.000000E+00 -0.000000E+00
    outer loop
      vertex -2.771625E+01 -5.905985E+00 0.000000E+00
      vertex -2.928375E+01 -5.905985E+00 0.000000E+00
      vertex -2.771625E+01 -5.905985E+00 5.000000E+00
    endloop
  endfacet
  facet normal 2.225209E-01 9.749279E-01 0.000000E+00
    outer loop
      vertex -2.928375E+01 -5.905985E+00 5.000000E+00
      vertex -3.081195E+01 -5.557183E+00 0.000000E+00
      vertex -3.081195E+01 -5.557183E+00 5.000000E+00
    endloop
  endfacet
  facet normal 2.225209E-01 9.749279E-01 -0.000000E+00
    outer loop
      vertex -2.928375E+01 -5.905985E+00 0.000000E+00
      vertex -3.081195E+01 -5.557183E+00 0.000000E+00
      vertex -2.928375E+01 -5.905985E+00 5.000000E+00
    endloop
  endfacet
  facet normal 4.338836E-01 9.009690E-01 0.000000E+00
    outer loop
      vertex -3.081195E+01 -5.557183E+00 5.000000E+00
      vertex -3.222422E+01 -4.877069E+00 0.000000E+00
      vertex -3.222422E+01 -4.877069E+00 5.000000E+00
    endloop
  endfacet
  facet normal 6.234893E-01 7.818319E-01 0.000000E+00
    outer loop
      vertex -3.222422E+01 -4.877069E+00 5.000000E+00
      vertex -3.222422E+01 -4.877069E+00 0.000000E+00
      vertex -3.344975E+01 -3.899747E+00 5.000000E+00
    endloop
  endfacet
  facet normal 4.338836E-01 9.009690E-01 -0.000000E+00
    outer loop
      vertex -3.081195E+01 -5.557183E+00 0.000000E+00
      vertex -3.222422E+01 -4.877069E+00 0.000000E+00
      vertex -3.081195E+01 -5.557183E+00 5.000000E+00
    endloop
  endfacet
  facet normal 6.234893E-01 7.818319E-01 0.000000E+00
    outer loop
      vertex -3.222422E+01 -4.877069E+00 0.000000E+00
      vertex -3.344975E+01 -3.899747E+00 0.000000E+00
      vertex -3.344975E+01 -3.899747E+00 5.000000E+00
    endloop
  endfacet
  facet normal -7.871837E-01 -6.167186E-01 0.000000E+00
    outer loop
      vertex 7.770208E+01 2.252082E+00 5.000000E+00
      vertex 7.795483E+01 1.929474E+00 0.000000E+00
      vertex 7.795483E+01 1.929474E+00 5.000000E+00
    endloop
  endfacet
  facet normal -7.871837E-01 -6.167186E-01 0.000000E+00
    outer loop
      vertex 7.770208E+01 2.252082E+00 0.000000E+00
      vertex 7.795483E+01 1.929474E+00 0.000000E+00
      vertex 7.770208E+01 2.252082E+00 5.000000E+00
    endloop
  endfacet
  facet normal -9.118996E-01 -4.104134E-01 0.000000E+00
    outer loop
      vertex 7.795483E+01 1.929474E+00 5.000000E+00
      vertex 7.812302E+01 1.555755E+00 0.000000E+00
      vertex 7.812302E+01 1.555755E+00 5.000000E+00
    endloop
  endfacet
  facet normal -9.118996E-01 -4.104134E-01 0.000000E+00
    outer loop
      vertex 7.795483E+01 1.929474E+00 0.000000E+00
      vertex 7.812302E+01 1.555755E+00 0.000000E+00
      vertex 7.795483E+01 1.929474E+00 5.000000E+00
    endloop
  endfacet
  facet normal -9.836189E-01 -1.802609E-01 0.000000E+00
    outer loop
      vertex 7.812302E+01 1.555755E+00 5.000000E+00
      vertex 7.819690E+01 1.152643E+00 0.000000E+00
      vertex 7.819690E+01 1.152643E+00 5.000000E+00
    endloop
  endfacet
  facet normal -9.836189E-01 -1.802609E-01 0.000000E+00
    outer loop
      vertex 7.812302E+01 1.555755E+00 0.000000E+00
      vertex 7.819690E+01 1.152643E+00 0.000000E+00
      vertex 7.812302E+01 1.555755E+00 5.000000E+00
    endloop
  endfacet
  facet normal -9.981760E-01 6.037249E-02 0.000000E+00
    outer loop
      vertex 7.819690E+01 1.152643E+00 5.000000E+00
      vertex 7.817216E+01 7.435665E-01 0.000000E+00
      vertex 7.817216E+01 7.435665E-01 5.000000E+00
    endloop
  endfacet
  facet normal -9.981760E-01 6.037249E-02 0.000000E+00
    outer loop
      vertex 7.819690E+01 1.152643E+00 0.000000E+00
      vertex 7.817216E+01 7.435665E-01 0.000000E+00
      vertex 7.819690E+01 1.152643E+00 5.000000E+00
    endloop
  endfacet
  facet normal -9.547201E-01 2.975058E-01 0.000000E+00
    outer loop
      vertex 7.817216E+01 7.435665E-01 5.000000E+00
      vertex 7.805023E+01 3.522982E-01 0.000000E+00
      vertex 7.805023E+01 3.522982E-01 5.000000E+00
    endloop
  endfacet
  facet normal -9.547201E-01 2.975058E-01 0.000000E+00
    outer loop
      vertex 7.817216E+01 7.435665E-01 0.000000E+00
      vertex 7.805023E+01 3.522982E-01 0.000000E+00
      vertex 7.817216E+01 7.435665E-01 5.000000E+00
    endloop
  endfacet
  facet normal -8.557780E-01 5.173433E-01 0.000000E+00
    outer loop
      vertex 7.805023E+01 3.522982E-01 5.000000E+00
      vertex 7.783821E+01 1.577917E-03 0.000000E+00
      vertex 7.783821E+01 1.577917E-03 5.000000E+00
    endloop
  endfacet
  facet normal -8.557780E-01 5.173433E-01 0.000000E+00
    outer loop
      vertex 7.805023E+01 3.522982E-01 0.000000E+00
      vertex 7.783821E+01 1.577917E-03 0.000000E+00
      vertex 7.805023E+01 3.522982E-01 5.000000E+00
    endloop
  endfacet
  facet normal -7.071098E-01 7.071036E-01 0.000000E+00
    outer loop
      vertex 7.783821E+01 1.577917E-03 5.000000E+00
      vertex 7.754842E+01 -2.882119E-01 0.000000E+00
      vertex 7.754842E+01 -2.882119E-01 5.000000E+00
    endloop
  endfacet
  facet normal -7.071098E-01 7.071036E-01 0.000000E+00
    outer loop
      vertex 7.783821E+01 1.577917E-03 0.000000E+00
      vertex 7.754842E+01 -2.882119E-01 0.000000E+00
      vertex 7.783821E+01 1.577917E-03 5.000000E+00
    endloop
  endfacet
  facet normal -5.173346E-01 8.557832E-01 0.000000E+00
    outer loop
      vertex 7.754842E+01 -2.882119E-01 5.000000E+00
      vertex 7.719770E+01 -5.002297E-01 0.000000E+00
      vertex 7.719770E+01 -5.002297E-01 5.000000E+00
    endloop
  endfacet
  facet normal -5.173346E-01 8.557832E-01 0.000000E+00
    outer loop
      vertex 7.754842E+01 -2.882119E-01 0.000000E+00
      vertex 7.719770E+01 -5.002297E-01 0.000000E+00
      vertex 7.754842E+01 -2.882119E-01 5.000000E+00
    endloop
  endfacet
  facet normal -2.975047E-01 9.547204E-01 0.000000E+00
    outer loop
      vertex 7.719770E+01 -5.002297E-01 5.000000E+00
      vertex 7.680643E+01 -6.221538E-01 0.000000E+00
      vertex 7.680643E+01 -6.221538E-01 5.000000E+00
    endloop
  endfacet
  facet normal -2.975047E-01 9.547204E-01 0.000000E+00
    outer loop
      vertex 7.719770E+01 -5.002297E-01 0.000000E+00
      vertex 7.680643E+01 -6.221538E-01 0.000000E+00
      vertex 7.719770E+01 -5.002297E-01 5.000000E+00
    endloop
  endfacet
  facet normal -6.037806E-02 9.981756E-01 0.000000E+00
    outer loop
      vertex 7.680643E+01 -6.221538E-01 5.000000E+00
      vertex 7.639735E+01 -6.468984E-01 0.000000E+00
      vertex 7.639735E+01 -6.468984E-01 5.000000E+00
    endloop
  endfacet
  facet normal -6.037806E-02 9.981756E-01 0.000000E+00
    outer loop
      vertex 7.680643E+01 -6.221538E-01 0.000000E+00
      vertex 7.639735E+01 -6.468984E-01 0.000000E+00
      vertex 7.680643E+01 -6.221538E-01 5.000000E+00
    endloop
  endfacet
  facet normal 1.802573E-01 9.836195E-01 0.000000E+00
    outer loop
      vertex 7.639735E+01 -6.468984E-01 5.000000E+00
      vertex 7.599425E+01 -5.730255E-01 0.000000E+00
      vertex 7.599425E+01 -5.730255E-01 5.000000E+00
    endloop
  endfacet
  facet normal 1.802573E-01 9.836195E-01 -0.000000E+00
    outer loop
      vertex 7.639735E+01 -6.468984E-01 0.000000E+00
      vertex 7.599425E+01 -5.730255E-01 0.000000E+00
      vertex 7.639735E+01 -6.468984E-01 5.000000E+00
    endloop
  endfacet
  facet normal 6.167169E-01 7.871851E-01 0.000000E+00
    outer loop
      vertex 7.562053E+01 -4.048282E-01 5.000000E+00
      vertex 7.562053E+01 -4.048282E-01 0.000000E+00
      vertex 7.529792E+01 -1.520815E-01 5.000000E+00
    endloop
  endfacet
  facet normal 4.104135E-01 9.118995E-01 0.000000E+00
    outer loop
      vertex 7.599425E+01 -5.730255E-01 5.000000E+00
      vertex 7.562053E+01 -4.048282E-01 0.000000E+00
      vertex 7.562053E+01 -4.048282E-01 5.000000E+00
    endloop
  endfacet
  facet normal 4.104135E-01 9.118995E-01 -0.000000E+00
    outer loop
      vertex 7.599425E+01 -5.730255E-01 0.000000E+00
      vertex 7.562053E+01 -4.048282E-01 0.000000E+00
      vertex 7.599425E+01 -5.730255E-01 5.000000E+00
    endloop
  endfacet
  facet normal 6.167169E-01 7.871851E-01 0.000000E+00
    outer loop
      vertex 7.562053E+01 -4.048282E-01 0.000000E+00
      vertex 7.529792E+01 -1.520815E-01 0.000000E+00
      vertex 7.529792E+01 -1.520815E-01 5.000000E+00
    endloop
  endfacet
  facet normal -7.871834E-01 -6.167191E-01 0.000000E+00
    outer loop
      vertex -6.997919E+00 -6.497919E+00 5.000000E+00
      vertex -6.745172E+00 -6.820526E+00 2.800000E+00
      vertex -6.745172E+00 -6.820526E+00 5.000000E+00
    endloop
  endfacet
  facet normal -7.871834E-01 -6.167191E-01 0.000000E+00
    outer loop
      vertex -6.997919E+00 -6.497919E+00 2.800000E+00
      vertex -6.745172E+00 -6.820526E+00 2.800000E+00
      vertex -6.997919E+00 -6.497919E+00 5.000000E+00
    endloop
  endfacet
  facet normal -9.118996E-01 -4.104134E-01 0.000000E+00
    outer loop
      vertex -6.745172E+00 -6.820526E+00 5.000000E+00
      vertex -6.576974E+00 -7.194245E+00 2.800000E+00
      vertex -6.576974E+00 -7.194245E+00 5.000000E+00
    endloop
  endfacet
  facet normal -9.118996E-01 -4.104134E-01 0.000000E+00
    outer loop
      vertex -6.745172E+00 -6.820526E+00 2.800000E+00
      vertex -6.576974E+00 -7.194245E+00 2.800000E+00
      vertex -6.745172E+00 -6.820526E+00 5.000000E+00
    endloop
  endfacet
  facet normal -9.836198E-01 -1.802553E-01 0.000000E+00
    outer loop
      vertex -6.576974E+00 -7.194245E+00 5.000000E+00
      vertex -6.503101E+00 -7.597356E+00 2.800000E+00
      vertex -6.503101E+00 -7.597356E+00 5.000000E+00
    endloop
  endfacet
  facet normal -9.836198E-01 -1.802553E-01 0.000000E+00
    outer loop
      vertex -6.576974E+00 -7.194245E+00 2.800000E+00
      vertex -6.503101E+00 -7.597356E+00 2.800000E+00
      vertex -6.576974E+00 -7.194245E+00 5.000000E+00
    endloop
  endfacet
  facet normal -9.981755E-01 6.037942E-02 0.000000E+00
    outer loop
      vertex -6.503101E+00 -7.597356E+00 5.000000E+00
      vertex -6.527846E+00 -8.006433E+00 2.800000E+00
      vertex -6.527846E+00 -8.006433E+00 5.000000E+00
    endloop
  endfacet
  facet normal -9.981755E-01 6.037942E-02 0.000000E+00
    outer loop
      vertex -6.503101E+00 -7.597356E+00 2.800000E+00
      vertex -6.527846E+00 -8.006433E+00 2.800000E+00
      vertex -6.503101E+00 -7.597356E+00 5.000000E+00
    endloop
  endfacet
  facet normal -9.547211E-01 2.975023E-01 0.000000E+00
    outer loop
      vertex -6.527846E+00 -8.006433E+00 5.000000E+00
      vertex -6.649770E+00 -8.397702E+00 2.800000E+00
      vertex -6.649770E+00 -8.397702E+00 5.000000E+00
    endloop
  endfacet
  facet normal -9.547211E-01 2.975023E-01 0.000000E+00
    outer loop
      vertex -6.527846E+00 -8.006433E+00 2.800000E+00
      vertex -6.649770E+00 -8.397702E+00 2.800000E+00
      vertex -6.527846E+00 -8.006433E+00 5.000000E+00
    endloop
  endfacet
  facet normal -8.557805E-01 5.173391E-01 0.000000E+00
    outer loop
      vertex -6.649770E+00 -8.397702E+00 5.000000E+00
      vertex -6.861788E+00 -8.748422E+00 2.800000E+00
      vertex -6.861788E+00 -8.748422E+00 5.000000E+00
    endloop
  endfacet
  facet normal -8.557805E-01 5.173391E-01 0.000000E+00
    outer loop
      vertex -6.649770E+00 -8.397702E+00 2.800000E+00
      vertex -6.861788E+00 -8.748422E+00 2.800000E+00
      vertex -6.649770E+00 -8.397702E+00 5.000000E+00
    endloop
  endfacet
  facet normal -7.071074E-01 7.071062E-01 0.000000E+00
    outer loop
      vertex -6.861788E+00 -8.748422E+00 5.000000E+00
      vertex -7.151578E+00 -9.038212E+00 2.800000E+00
      vertex -7.151578E+00 -9.038212E+00 5.000000E+00
    endloop
  endfacet
  facet normal -7.071074E-01 7.071062E-01 0.000000E+00
    outer loop
      vertex -6.861788E+00 -8.748422E+00 2.800000E+00
      vertex -7.151578E+00 -9.038212E+00 2.800000E+00
      vertex -6.861788E+00 -8.748422E+00 5.000000E+00
    endloop
  endfacet
  facet normal -5.173380E-01 8.557811E-01 0.000000E+00
    outer loop
      vertex -7.151578E+00 -9.038212E+00 5.000000E+00
      vertex -7.502298E+00 -9.250230E+00 2.800000E+00
      vertex -7.502298E+00 -9.250230E+00 5.000000E+00
    endloop
  endfacet
  facet normal -5.173380E-01 8.557811E-01 0.000000E+00
    outer loop
      vertex -7.151578E+00 -9.038212E+00 2.800000E+00
      vertex -7.502298E+00 -9.250230E+00 2.800000E+00
      vertex -7.151578E+00 -9.038212E+00 5.000000E+00
    endloop
  endfacet
  facet normal -2.975037E-01 9.547206E-01 0.000000E+00
    outer loop
      vertex -7.502298E+00 -9.250230E+00 5.000000E+00
      vertex -7.893567E+00 -9.372154E+00 2.800000E+00
      vertex -7.893567E+00 -9.372154E+00 5.000000E+00
    endloop
  endfacet
  facet normal -2.975037E-01 9.547206E-01 0.000000E+00
    outer loop
      vertex -7.502298E+00 -9.250230E+00 2.800000E+00
      vertex -7.893567E+00 -9.372154E+00 2.800000E+00
      vertex -7.502298E+00 -9.250230E+00 5.000000E+00
    endloop
  endfacet
  facet normal -6.037710E-02 9.981757E-01 0.000000E+00
    outer loop
      vertex -7.893567E+00 -9.372154E+00 5.000000E+00
      vertex -8.302644E+00 -9.396898E+00 2.800000E+00
      vertex -8.302644E+00 -9.396898E+00 5.000000E+00
    endloop
  endfacet
  facet normal -6.037710E-02 9.981757E-01 0.000000E+00
    outer loop
      vertex -7.893567E+00 -9.372154E+00 2.800000E+00
      vertex -8.302644E+00 -9.396898E+00 2.800000E+00
      vertex -7.893567E+00 -9.372154E+00 5.000000E+00
    endloop
  endfacet
  facet normal 1.802542E-01 9.836200E-01 0.000000E+00
    outer loop
      vertex -8.302644E+00 -9.396898E+00 5.000000E+00
      vertex -8.705755E+00 -9.323026E+00 2.800000E+00
      vertex -8.705755E+00 -9.323026E+00 5.000000E+00
    endloop
  endfacet
  facet normal 1.802542E-01 9.836200E-01 -0.000000E+00
    outer loop
      vertex -8.302644E+00 -9.396898E+00 2.800000E+00
      vertex -8.705755E+00 -9.323026E+00 2.800000E+00
      vertex -8.302644E+00 -9.396898E+00 5.000000E+00
    endloop
  endfacet
  facet normal 4.104134E-01 9.118996E-01 0.000000E+00
    outer loop
      vertex -8.705755E+00 -9.323026E+00 5.000000E+00
      vertex -9.079474E+00 -9.154828E+00 2.800000E+00
      vertex -9.079474E+00 -9.154828E+00 5.000000E+00
    endloop
  endfacet
  facet normal 6.167191E-01 7.871834E-01 0.000000E+00
    outer loop
      vertex -9.079474E+00 -9.154828E+00 5.000000E+00
      vertex -9.079474E+00 -9.154828E+00 2.800000E+00
      vertex -9.402081E+00 -8.902081E+00 5.000000E+00
    endloop
  endfacet
  facet normal 4.104134E-01 9.118996E-01 -0.000000E+00
    outer loop
      vertex -8.705755E+00 -9.323026E+00 2.800000E+00
      vertex -9.079474E+00 -9.154828E+00 2.800000E+00
      vertex -8.705755E+00 -9.323026E+00 5.000000E+00
    endloop
  endfacet
  facet normal 6.167191E-01 7.871834E-01 0.000000E+00
    outer loop
      vertex -9.079474E+00 -9.154828E+00 2.800000E+00
      vertex -9.402081E+00 -8.902081E+00 2.800000E+00
      vertex -9.402081E+00 -8.902081E+00 5.000000E+00
    endloop
  endfacet
  facet normal -7.871842E-01 -6.167179E-01 0.000000E+00
    outer loop
      vertex -6.997919E+00 1.100208E+01 5.000000E+00
      vertex -6.745172E+00 1.067947E+01 2.800000E+00
      vertex -6.745172E+00 1.067947E+01 5.000000E+00
    endloop
  endfacet
  facet normal -7.871842E-01 -6.167179E-01 0.000000E+00
    outer loop
      vertex -6.997919E+00 1.100208E+01 2.800000E+00
      vertex -6.745172E+00 1.067947E+01 2.800000E+00
      vertex -6.997919E+00 1.100208E+01 5.000000E+00
    endloop
  endfacet
  facet normal -9.118992E-01 -4.104142E-01 0.000000E+00
    outer loop
      vertex -6.745172E+00 1.067947E+01 5.000000E+00
      vertex -6.576974E+00 1.030576E+01 2.800000E+00
      vertex -6.576974E+00 1.030576E+01 5.000000E+00
    endloop
  endfacet
  facet normal -9.118992E-01 -4.104142E-01 0.000000E+00
    outer loop
      vertex -6.745172E+00 1.067947E+01 2.800000E+00
      vertex -6.576974E+00 1.030576E+01 2.800000E+00
      vertex -6.745172E+00 1.067947E+01 5.000000E+00
    endloop
  endfacet
  facet normal -9.836199E-01 -1.802549E-01 0.000000E+00
    outer loop
      vertex -6.576974E+00 1.030576E+01 5.000000E+00
      vertex -6.503101E+00 9.902643E+00 2.800000E+00
      vertex -6.503101E+00 9.902643E+00 5.000000E+00
    endloop
  endfacet
  facet normal -9.836199E-01 -1.802549E-01 0.000000E+00
    outer loop
      vertex -6.576974E+00 1.030576E+01 2.800000E+00
      vertex -6.503101E+00 9.902643E+00 2.800000E+00
      vertex -6.576974E+00 1.030576E+01 5.000000E+00
    endloop
  endfacet
  facet normal -9.981755E-01 6.037949E-02 0.000000E+00
    outer loop
      vertex -6.503101E+00 9.902643E+00 5.000000E+00
      vertex -6.527846E+00 9.493567E+00 2.800000E+00
      vertex -6.527846E+00 9.493567E+00 5.000000E+00
    endloop
  endfacet
  facet normal -9.981755E-01 6.037949E-02 0.000000E+00
    outer loop
      vertex -6.503101E+00 9.902643E+00 2.800000E+00
      vertex -6.527846E+00 9.493567E+00 2.800000E+00
      vertex -6.503101E+00 9.902643E+00 5.000000E+00
    endloop
  endfacet
  facet normal -9.547211E-01 2.975023E-01 0.000000E+00
    outer loop
      vertex -6.527846E+00 9.493567E+00 5.000000E+00
      vertex -6.649770E+00 9.102298E+00 2.800000E+00
      vertex -6.649770E+00 9.102298E+00 5.000000E+00
    endloop
  endfacet
  facet normal -9.547211E-01 2.975023E-01 0.000000E+00
    outer loop
      vertex -6.527846E+00 9.493567E+00 2.800000E+00
      vertex -6.649770E+00 9.102298E+00 2.800000E+00
      vertex -6.527846E+00 9.493567E+00 5.000000E+00
    endloop
  endfacet
  facet normal -8.557805E-01 5.173391E-01 0.000000E+00
    outer loop
      vertex -6.649770E+00 9.102298E+00 5.000000E+00
      vertex -6.861788E+00 8.751578E+00 2.800000E+00
      vertex -6.861788E+00 8.751578E+00 5.000000E+00
    endloop
  endfacet
  facet normal -8.557805E-01 5.173391E-01 0.000000E+00
    outer loop
      vertex -6.649770E+00 9.102298E+00 2.800000E+00
      vertex -6.861788E+00 8.751578E+00 2.800000E+00
      vertex -6.649770E+00 9.102298E+00 5.000000E+00
    endloop
  endfacet
  facet normal -7.071074E-01 7.071062E-01 0.000000E+00
    outer loop
      vertex -6.861788E+00 8.751578E+00 5.000000E+00
      vertex -7.151578E+00 8.461788E+00 2.800000E+00
      vertex -7.151578E+00 8.461788E+00 5.000000E+00
    endloop
  endfacet
  facet normal -7.071074E-01 7.071062E-01 0.000000E+00
    outer loop
      vertex -6.861788E+00 8.751578E+00 2.800000E+00
      vertex -7.151578E+00 8.461788E+00 2.800000E+00
      vertex -6.861788E+00 8.751578E+00 5.000000E+00
    endloop
  endfacet
  facet normal -5.173380E-01 8.557811E-01 0.000000E+00
    outer loop
      vertex -7.151578E+00 8.461788E+00 5.000000E+00
      vertex -7.502298E+00 8.249770E+00 2.800000E+00
      vertex -7.502298E+00 8.249770E+00 5.000000E+00
    endloop
  endfacet
  facet normal -5.173380E-01 8.557811E-01 0.000000E+00
    outer loop
      vertex -7.151578E+00 8.461788E+00 2.800000E+00
      vertex -7.502298E+00 8.249770E+00 2.800000E+00
      vertex -7.151578E+00 8.461788E+00 5.000000E+00
    endloop
  endfacet
  facet normal -2.975037E-01 9.547206E-01 0.000000E+00
    outer loop
      vertex -7.502298E+00 8.249770E+00 5.000000E+00
      vertex -7.893567E+00 8.127846E+00 2.800000E+00
      vertex -7.893567E+00 8.127846E+00 5.000000E+00
    endloop
  endfacet
  facet normal -2.975037E-01 9.547206E-01 0.000000E+00
    outer loop
      vertex -7.502298E+00 8.249770E+00 2.800000E+00
      vertex -7.893567E+00 8.127846E+00 2.800000E+00
      vertex -7.502298E+00 8.249770E+00 5.000000E+00
    endloop
  endfacet
  facet normal -6.037710E-02 9.981757E-01 0.000000E+00
    outer loop
      vertex -7.893567E+00 8.127846E+00 5.000000E+00
      vertex -8.302644E+00 8.103102E+00 2.800000E+00
      vertex -8.302644E+00 8.103102E+00 5.000000E+00
    endloop
  endfacet
  facet normal -6.037710E-02 9.981757E-01 0.000000E+00
    outer loop
      vertex -7.893567E+00 8.127846E+00 2.800000E+00
      vertex -8.302644E+00 8.103102E+00 2.800000E+00
      vertex -7.893567E+00 8.127846E+00 5.000000E+00
    endloop
  endfacet
  facet normal 1.802542E-01 9.836200E-01 0.000000E+00
    outer loop
      vertex -8.302644E+00 8.103102E+00 5.000000E+00
      vertex -8.705755E+00 8.176974E+00 2.800000E+00
      vertex -8.705755E+00 8.176974E+00 5.000000E+00
    endloop
  endfacet
  facet normal 1.802542E-01 9.836200E-01 -0.000000E+00
    outer loop
      vertex -8.302644E+00 8.103102E+00 2.800000E+00
      vertex -8.705755E+00 8.176974E+00 2.800000E+00
      vertex -8.302644E+00 8.103102E+00 5.000000E+00
    endloop
  endfacet
  facet normal 4.104134E-01 9.118996E-01 0.000000E+00
    outer loop
      vertex -8.705755E+00 8.176974E+00 5.000000E+00
      vertex -9.079474E+00 8.345172E+00 2.800000E+00
      vertex -9.079474E+00 8.345172E+00 5.000000E+00
    endloop
  endfacet
  facet normal 4.104134E-01 9.118996E-01 -0.000000E+00
    outer loop
      vertex -8.705755E+00 8.176974E+00 2.800000E+00
      vertex -9.079474E+00 8.345172E+00 2.800000E+00
      vertex -8.705755E+00 8.176974E+00 5.000000E+00
    endloop
  endfacet
  facet normal 6.167191E-01 7.871834E-01 0.000000E+00
    outer loop
      vertex -9.079474E+00 8.345172E+00 5.000000E+00
      vertex -9.402081E+00 8.597919E+00 2.800000E+00
      vertex -9.402081E+00 8.597919E+00 5.000000E+00
    endloop
  endfacet
  facet normal 6.167191E-01 7.871834E-01 -0.000000E+00
    outer loop
      vertex -9.079474E+00 8.345172E+00 2.800000E+00
      vertex -9.402081E+00 8.597919E+00 2.800000E+00
      vertex -9.079474E+00 8.345172E+00 5.000000E+00
    endloop
  endfacet
  facet normal -6.167200E-01 -7.871826E-01 0.000000E+00
    outer loop
      vertex -1.590901E+01 2.640990E+00 2.500000E+00
      vertex -1.633599E+01 2.975508E+00 5.000000E+00
      vertex -1.633599E+01 2.975508E+00 2.500000E+00
    endloop
  endfacet
  facet normal -6.167200E-01 -7.871826E-01 -0.000000E+00
    outer loop
      vertex -1.590901E+01 2.640990E+00 5.000000E+00
      vertex -1.633599E+01 2.975508E+00 5.000000E+00
      vertex -1.590901E+01 2.640990E+00 2.500000E+00
    endloop
  endfacet
  facet normal -4.104123E-01 -9.119001E-01 0.000000E+00
    outer loop
      vertex -1.633599E+01 2.975508E+00 2.500000E+00
      vertex -1.683062E+01 3.198122E+00 5.000000E+00
      vertex -1.683062E+01 3.198122E+00 2.500000E+00
    endloop
  endfacet
  facet normal -4.104123E-01 -9.119001E-01 -0.000000E+00
    outer loop
      vertex -1.633599E+01 2.975508E+00 5.000000E+00
      vertex -1.683062E+01 3.198122E+00 5.000000E+00
      vertex -1.633599E+01 2.975508E+00 2.500000E+00
    endloop
  endfacet
  facet normal -1.802548E-01 -9.836199E-01 0.000000E+00
    outer loop
      vertex -1.683062E+01 3.198122E+00 2.500000E+00
      vertex -1.736415E+01 3.295895E+00 5.000000E+00
      vertex -1.736415E+01 3.295895E+00 2.500000E+00
    endloop
  endfacet
  facet normal -1.802548E-01 -9.836199E-01 -0.000000E+00
    outer loop
      vertex -1.683062E+01 3.198122E+00 5.000000E+00
      vertex -1.736415E+01 3.295895E+00 5.000000E+00
      vertex -1.683062E+01 3.198122E+00 2.500000E+00
    endloop
  endfacet
  facet normal 6.037898E-02 -9.981755E-01 0.000000E+00
    outer loop
      vertex -1.736415E+01 3.295895E+00 2.500000E+00
      vertex -1.790557E+01 3.263145E+00 5.000000E+00
      vertex -1.790557E+01 3.263145E+00 2.500000E+00
    endloop
  endfacet
  facet normal 6.037898E-02 -9.981755E-01 0.000000E+00
    outer loop
      vertex -1.736415E+01 3.295895E+00 5.000000E+00
      vertex -1.790557E+01 3.263145E+00 5.000000E+00
      vertex -1.736415E+01 3.295895E+00 2.500000E+00
    endloop
  endfacet
  facet normal 2.975020E-01 -9.547212E-01 0.000000E+00
    outer loop
      vertex -1.790557E+01 3.263145E+00 2.500000E+00
      vertex -1.842343E+01 3.101775E+00 5.000000E+00
      vertex -1.842343E+01 3.101775E+00 2.500000E+00
    endloop
  endfacet
  facet normal 2.975020E-01 -9.547212E-01 0.000000E+00
    outer loop
      vertex -1.790557E+01 3.263145E+00 5.000000E+00
      vertex -1.842343E+01 3.101775E+00 5.000000E+00
      vertex -1.790557E+01 3.263145E+00 2.500000E+00
    endloop
  endfacet
  facet normal 5.173386E-01 -8.557808E-01 0.000000E+00
    outer loop
      vertex -1.842343E+01 3.101775E+00 2.500000E+00
      vertex -1.888762E+01 2.821163E+00 5.000000E+00
      vertex -1.888762E+01 2.821163E+00 2.500000E+00
    endloop
  endfacet
  facet normal 5.173386E-01 -8.557808E-01 0.000000E+00
    outer loop
      vertex -1.842343E+01 3.101775E+00 5.000000E+00
      vertex -1.888762E+01 2.821163E+00 5.000000E+00
      vertex -1.842343E+01 3.101775E+00 2.500000E+00
    endloop
  endfacet
  facet normal 7.071072E-01 -7.071064E-01 0.000000E+00
    outer loop
      vertex -1.888762E+01 2.821163E+00 2.500000E+00
      vertex -1.927116E+01 2.437618E+00 5.000000E+00
      vertex -1.927116E+01 2.437618E+00 2.500000E+00
    endloop
  endfacet
  facet normal 7.071072E-01 -7.071064E-01 0.000000E+00
    outer loop
      vertex -1.888762E+01 2.821163E+00 5.000000E+00
      vertex -1.927116E+01 2.437618E+00 5.000000E+00
      vertex -1.888762E+01 2.821163E+00 2.500000E+00
    endloop
  endfacet
  facet normal 8.557804E-01 -5.173393E-01 0.000000E+00
    outer loop
      vertex -1.927116E+01 2.437618E+00 2.500000E+00
      vertex -1.955177E+01 1.973429E+00 5.000000E+00
      vertex -1.955177E+01 1.973429E+00 2.500000E+00
    endloop
  endfacet
  facet normal 8.557804E-01 -5.173393E-01 0.000000E+00
    outer loop
      vertex -1.927116E+01 2.437618E+00 5.000000E+00
      vertex -1.955177E+01 1.973429E+00 5.000000E+00
      vertex -1.927116E+01 2.437618E+00 2.500000E+00
    endloop
  endfacet
  facet normal 9.547213E-01 -2.975017E-01 0.000000E+00
    outer loop
      vertex -1.955177E+01 1.973429E+00 2.500000E+00
      vertex -1.971314E+01 1.455574E+00 5.000000E+00
      vertex -1.971314E+01 1.455574E+00 2.500000E+00
    endloop
  endfacet
  facet normal 9.547213E-01 -2.975017E-01 0.000000E+00
    outer loop
      vertex -1.955177E+01 1.973429E+00 5.000000E+00
      vertex -1.971314E+01 1.455574E+00 5.000000E+00
      vertex -1.955177E+01 1.973429E+00 2.500000E+00
    endloop
  endfacet
  facet normal 9.981754E-01 -6.038011E-02 0.000000E+00
    outer loop
      vertex -1.971314E+01 1.455574E+00 2.500000E+00
      vertex -1.974590E+01 9.141484E-01 5.000000E+00
      vertex -1.974590E+01 9.141484E-01 2.500000E+00
    endloop
  endfacet
  facet normal 9.981754E-01 -6.038011E-02 0.000000E+00
    outer loop
      vertex -1.971314E+01 1.455574E+00 5.000000E+00
      vertex -1.974590E+01 9.141484E-01 5.000000E+00
      vertex -1.971314E+01 1.455574E+00 2.500000E+00
    endloop
  endfacet
  facet normal 9.836200E-01 1.802543E-01 0.000000E+00
    outer loop
      vertex -1.974590E+01 9.141484E-01 2.500000E+00
      vertex -1.964812E+01 3.806181E-01 5.000000E+00
      vertex -1.964812E+01 3.806181E-01 2.500000E+00
    endloop
  endfacet
  facet normal 9.836200E-01 1.802543E-01 0.000000E+00
    outer loop
      vertex -1.974590E+01 9.141484E-01 5.000000E+00
      vertex -1.964812E+01 3.806181E-01 5.000000E+00
      vertex -1.974590E+01 9.141484E-01 2.500000E+00
    endloop
  endfacet
  facet normal 9.118997E-01 4.104131E-01 0.000000E+00
    outer loop
      vertex -1.964812E+01 3.806181E-01 2.500000E+00
      vertex -1.942551E+01 -1.140101E-01 5.000000E+00
      vertex -1.942551E+01 -1.140101E-01 2.500000E+00
    endloop
  endfacet
  facet normal 9.118997E-01 4.104131E-01 0.000000E+00
    outer loop
      vertex -1.964812E+01 3.806181E-01 5.000000E+00
      vertex -1.942551E+01 -1.140101E-01 5.000000E+00
      vertex -1.964812E+01 3.806181E-01 2.500000E+00
    endloop
  endfacet
  facet normal 7.871827E-01 6.167199E-01 0.000000E+00
    outer loop
      vertex -1.942551E+01 -1.140101E-01 2.500000E+00
      vertex -1.909099E+01 -5.409902E-01 5.000000E+00
      vertex -1.909099E+01 -5.409902E-01 2.500000E+00
    endloop
  endfacet
  facet normal 7.871827E-01 6.167199E-01 0.000000E+00
    outer loop
      vertex -1.942551E+01 -1.140101E-01 5.000000E+00
      vertex -1.909099E+01 -5.409902E-01 5.000000E+00
      vertex -1.942551E+01 -1.140101E-01 2.500000E+00
    endloop
  endfacet
  facet normal 6.343933E-01 -0.000000E+00 7.730104E-01
    outer loop
      vertex 3.212132E+01 -1.015000E+01 1.112132E+01
      vertex 3.212132E+01 -7.150000E+00 1.112132E+01
      vertex 3.166671E+01 -7.150000E+00 1.149441E+01
    endloop
  endfacet
  facet normal 6.343933E-01 -0.000000E+00 7.730104E-01
    outer loop
      vertex 3.166671E+01 -1.015000E+01 1.149441E+01
      vertex 3.212132E+01 -1.015000E+01 1.112132E+01
      vertex 3.166671E+01 -7.150000E+00 1.149441E+01
    endloop
  endfacet
  facet normal 4.713980E-01 -0.000000E+00 8.819206E-01
    outer loop
      vertex 3.114805E+01 -1.015000E+01 1.177164E+01
      vertex 3.166671E+01 -7.150000E+00 1.149441E+01
      vertex 3.114805E+01 -7.150000E+00 1.177164E+01
    endloop
  endfacet
  facet normal 4.713980E-01 0.000000E+00 8.819206E-01
    outer loop
      vertex 3.114805E+01 -1.015000E+01 1.177164E+01
      vertex 3.166671E+01 -1.015000E+01 1.149441E+01
      vertex 3.166671E+01 -7.150000E+00 1.149441E+01
    endloop
  endfacet
  facet normal 2.902851E-01 -0.000000E+00 9.569402E-01
    outer loop
      vertex 3.058527E+01 -1.015000E+01 1.194236E+01
      vertex 3.114805E+01 -7.150000E+00 1.177164E+01
      vertex 3.058527E+01 -7.150000E+00 1.194236E+01
    endloop
  endfacet
  facet normal 2.902851E-01 0.000000E+00 9.569402E-01
    outer loop
      vertex 3.058527E+01 -1.015000E+01 1.194236E+01
      vertex 3.114805E+01 -1.015000E+01 1.177164E+01
      vertex 3.114805E+01 -7.150000E+00 1.177164E+01
    endloop
  endfacet
  facet normal 9.801655E-02 -0.000000E+00 9.951848E-01
    outer loop
      vertex 3.000000E+01 -1.015000E+01 1.200000E+01
      vertex 3.058527E+01 -7.150000E+00 1.194236E+01
      vertex 3.000000E+01 -7.150000E+00 1.200000E+01
    endloop
  endfacet
  facet normal 9.801655E-02 0.000000E+00 9.951848E-01
    outer loop
      vertex 3.000000E+01 -1.015000E+01 1.200000E+01
      vertex 3.058527E+01 -1.015000E+01 1.194236E+01
      vertex 3.058527E+01 -7.150000E+00 1.194236E+01
    endloop
  endfacet
  facet normal -6.343917E-01 0.000000E+00 7.730117E-01
    outer loop
      vertex 2.233329E+01 -7.150000E+00 1.149441E+01
      vertex 2.187868E+01 -7.150000E+00 1.112132E+01
      vertex 2.187868E+01 -1.015000E+01 1.112132E+01
    endloop
  endfacet
  facet normal -6.343917E-01 0.000000E+00 7.730117E-01
    outer loop
      vertex 2.233329E+01 -7.150000E+00 1.149441E+01
      vertex 2.187868E+01 -1.015000E+01 1.112132E+01
      vertex 2.233329E+01 -1.015000E+01 1.149441E+01
    endloop
  endfacet
  facet normal -4.713980E-01 0.000000E+00 8.819206E-01
    outer loop
      vertex 2.285195E+01 -7.150000E+00 1.177164E+01
      vertex 2.233329E+01 -1.015000E+01 1.149441E+01
      vertex 2.285195E+01 -1.015000E+01 1.177164E+01
    endloop
  endfacet
  facet normal -4.713980E-01 0.000000E+00 8.819206E-01
    outer loop
      vertex 2.285195E+01 -7.150000E+00 1.177164E+01
      vertex 2.233329E+01 -7.150000E+00 1.149441E+01
      vertex 2.233329E+01 -1.015000E+01 1.149441E+01
    endloop
  endfacet
  facet normal -2.902851E-01 0.000000E+00 9.569402E-01
    outer loop
      vertex 2.341473E+01 -7.150000E+00 1.194236E+01
      vertex 2.285195E+01 -1.015000E+01 1.177164E+01
      vertex 2.341473E+01 -1.015000E+01 1.194236E+01
    endloop
  endfacet
  facet normal -9.801655E-02 0.000000E+00 9.951848E-01
    outer loop
      vertex 2.341473E+01 -7.150000E+00 1.194236E+01
      vertex 2.341473E+01 -1.015000E+01 1.194236E+01
      vertex 2.400000E+01 -1.015000E+01 1.200000E+01
    endloop
  endfacet
  facet normal -2.902851E-01 0.000000E+00 9.569402E-01
    outer loop
      vertex 2.341473E+01 -7.150000E+00 1.194236E+01
      vertex 2.285195E+01 -7.150000E+00 1.177164E+01
      vertex 2.285195E+01 -1.015000E+01 1.177164E+01
    endloop
  endfacet
  facet normal -9.801655E-02 0.000000E+00 9.951848E-01
    outer loop
      vertex 2.400000E+01 -7.150000E+00 1.200000E+01
      vertex 2.341473E+01 -7.150000E+00 1.194236E+01
      vertex 2.400000E+01 -1.015000E+01 1.200000E+01
    endloop
  endfacet
  facet normal 0.000000E+00 -7.730104E-01 6.343935E-01
    outer loop
      vertex -4.240000E+01 2.025559E+01 9.666711E+00
      vertex -4.240000E+01 2.062868E+01 1.012132E+01
      vertex -4.540000E+01 2.062868E+01 1.012132E+01
    endloop
  endfacet
  facet normal 0.000000E+00 -7.730104E-01 6.343935E-01
    outer loop
      vertex -4.240000E+01 2.025559E+01 9.666711E+00
      vertex -4.540000E+01 2.062868E+01 1.012132E+01
      vertex -4.540000E+01 2.025559E+01 9.666711E+00
    endloop
  endfacet
  facet normal 0.000000E+00 -8.819216E-01 4.713961E-01
    outer loop
      vertex -4.240000E+01 1.997836E+01 9.148050E+00
      vertex -4.540000E+01 2.025559E+01 9.666711E+00
      vertex -4.540000E+01 1.997836E+01 9.148050E+00
    endloop
  endfacet
  facet normal 0.000000E+00 -8.819216E-01 4.713961E-01
    outer loop
      vertex -4.240000E+01 1.997836E+01 9.148050E+00
      vertex -4.240000E+01 2.025559E+01 9.666711E+00
      vertex -4.540000E+01 2.025559E+01 9.666711E+00
    endloop
  endfacet
  facet normal 0.000000E+00 -9.569404E-01 2.902846E-01
    outer loop
      vertex -4.240000E+01 1.980764E+01 8.585271E+00
      vertex -4.540000E+01 1.997836E+01 9.148050E+00
      vertex -4.540000E+01 1.980764E+01 8.585271E+00
    endloop
  endfacet
  facet normal 0.000000E+00 -9.569404E-01 2.902846E-01
    outer loop
      vertex -4.240000E+01 1.980764E+01 8.585271E+00
      vertex -4.240000E+01 1.997836E+01 9.148050E+00
      vertex -4.540000E+01 1.997836E+01 9.148050E+00
    endloop
  endfacet
  facet normal 0.000000E+00 -9.951848E-01 9.801670E-02
    outer loop
      vertex -4.240000E+01 1.975000E+01 8.000000E+00
      vertex -4.540000E+01 1.980764E+01 8.585271E+00
      vertex -4.540000E+01 1.975000E+01 8.000000E+00
    endloop
  endfacet
  facet normal 0.000000E+00 -9.951848E-01 9.801670E-02
    outer loop
      vertex -4.240000E+01 1.975000E+01 8.000000E+00
      vertex -4.240000E+01 1.980764E+01 8.585271E+00
      vertex -4.540000E+01 1.980764E+01 8.585271E+00
    endloop
  endfacet
  facet normal 0.000000E+00 6.343917E-01 7.730117E-01
    outer loop
      vertex -4.240000E+01 2.841671E+01 1.049441E+01
      vertex -4.240000E+01 2.887132E+01 1.012132E+01
      vertex -4.540000E+01 2.887132E+01 1.012132E+01
    endloop
  endfacet
  facet normal 0.000000E+00 6.343917E-01 7.730117E-01
    outer loop
      vertex -4.240000E+01 2.841671E+01 1.049441E+01
      vertex -4.540000E+01 2.887132E+01 1.012132E+01
      vertex -4.540000E+01 2.841671E+01 1.049441E+01
    endloop
  endfacet
  facet normal 0.000000E+00 4.713980E-01 8.819206E-01
    outer loop
      vertex -4.240000E+01 2.789805E+01 1.077164E+01
      vertex -4.540000E+01 2.841671E+01 1.049441E+01
      vertex -4.540000E+01 2.789805E+01 1.077164E+01
    endloop
  endfacet
  facet normal 0.000000E+00 4.713980E-01 8.819206E-01
    outer loop
      vertex -4.240000E+01 2.789805E+01 1.077164E+01
      vertex -4.240000E+01 2.841671E+01 1.049441E+01
      vertex -4.540000E+01 2.841671E+01 1.049441E+01
    endloop
  endfacet
  facet normal 0.000000E+00 2.902851E-01 9.569402E-01
    outer loop
      vertex -4.240000E+01 2.733527E+01 1.094236E+01
      vertex -4.540000E+01 2.789805E+01 1.077164E+01
      vertex -4.540000E+01 2.733527E+01 1.094236E+01
    endloop
  endfacet
  facet normal 0.000000E+00 2.902851E-01 9.569402E-01
    outer loop
      vertex -4.240000E+01 2.733527E+01 1.094236E+01
      vertex -4.240000E+01 2.789805E+01 1.077164E+01
      vertex -4.540000E+01 2.789805E+01 1.077164E+01
    endloop
  endfacet
  facet normal 0.000000E+00 9.801655E-02 9.951848E-01
    outer loop
      vertex -4.240000E+01 2.675000E+01 1.100000E+01
      vertex -4.540000E+01 2.733527E+01 1.094236E+01
      vertex -4.540000E+01 2.675000E+01 1.100000E+01
    endloop
  endfacet
  facet normal 0.000000E+00 9.801655E-02 9.951848E-01
    outer loop
      vertex -4.240000E+01 2.675000E+01 1.100000E+01
      vertex -4.240000E+01 2.733527E+01 1.094236E+01
      vertex -4.540000E+01 2.733527E+01 1.094236E+01
    endloop
  endfacet
  facet normal 0.000000E+00 7.730105E-01 6.343932E-01
    outer loop
      vertex -4.540000E+01 2.744409E+00 9.666711E+00
      vertex -4.540000E+01 2.371320E+00 1.012132E+01
      vertex -4.240000E+01 2.371320E+00 1.012132E+01
    endloop
  endfacet
  facet normal -0.000000E+00 7.730105E-01 6.343932E-01
    outer loop
      vertex -4.540000E+01 2.744409E+00 9.666711E+00
      vertex -4.240000E+01 2.371320E+00 1.012132E+01
      vertex -4.240000E+01 2.744409E+00 9.666711E+00
    endloop
  endfacet
  facet normal -0.000000E+00 8.819213E-01 4.713967E-01
    outer loop
      vertex -4.540000E+01 3.021639E+00 9.148050E+00
      vertex -4.240000E+01 2.744409E+00 9.666711E+00
      vertex -4.240000E+01 3.021639E+00 9.148050E+00
    endloop
  endfacet
  facet normal 0.000000E+00 8.819213E-01 4.713967E-01
    outer loop
      vertex -4.540000E+01 3.021639E+00 9.148050E+00
      vertex -4.540000E+01 2.744409E+00 9.666711E+00
      vertex -4.240000E+01 2.744409E+00 9.666711E+00
    endloop
  endfacet
  facet normal -0.000000E+00 9.569404E-01 2.902846E-01
    outer loop
      vertex -4.540000E+01 3.192356E+00 8.585271E+00
      vertex -4.240000E+01 3.021639E+00 9.148050E+00
      vertex -4.240000E+01 3.192356E+00 8.585271E+00
    endloop
  endfacet
  facet normal 0.000000E+00 9.569404E-01 2.902846E-01
    outer loop
      vertex -4.540000E+01 3.192356E+00 8.585271E+00
      vertex -4.540000E+01 3.021639E+00 9.148050E+00
      vertex -4.240000E+01 3.021639E+00 9.148050E+00
    endloop
  endfacet
  facet normal -0.000000E+00 9.951848E-01 9.801710E-02
    outer loop
      vertex -4.540000E+01 3.250000E+00 8.000000E+00
      vertex -4.240000E+01 3.192356E+00 8.585271E+00
      vertex -4.240000E+01 3.250000E+00 8.000000E+00
    endloop
  endfacet
  facet normal 0.000000E+00 9.951848E-01 9.801710E-02
    outer loop
      vertex -4.540000E+01 3.250000E+00 8.000000E+00
      vertex -4.540000E+01 3.192356E+00 8.585271E+00
      vertex -4.240000E+01 3.192356E+00 8.585271E+00
    endloop
  endfacet
  facet normal 0.000000E+00 -6.343929E-01 7.730108E-01
    outer loop
      vertex -4.540000E+01 -5.416711E+00 1.049441E+01
      vertex -4.540000E+01 -5.871320E+00 1.012132E+01
      vertex -4.240000E+01 -5.871320E+00 1.012132E+01
    endloop
  endfacet
  facet normal 0.000000E+00 -6.343929E-01 7.730108E-01
    outer loop
      vertex -4.540000E+01 -5.416711E+00 1.049441E+01
      vertex -4.240000E+01 -5.871320E+00 1.012132E+01
      vertex -4.240000E+01 -5.416711E+00 1.049441E+01
    endloop
  endfacet
  facet normal 0.000000E+00 -4.713973E-01 8.819209E-01
    outer loop
      vertex -4.540000E+01 -4.898050E+00 1.077164E+01
      vertex -4.240000E+01 -5.416711E+00 1.049441E+01
      vertex -4.240000E+01 -4.898050E+00 1.077164E+01
    endloop
  endfacet
  facet normal 0.000000E+00 -4.713973E-01 8.819209E-01
    outer loop
      vertex -4.540000E+01 -4.898050E+00 1.077164E+01
      vertex -4.540000E+01 -5.416711E+00 1.049441E+01
      vertex -4.240000E+01 -5.416711E+00 1.049441E+01
    endloop
  endfacet
  facet normal 0.000000E+00 -2.902846E-01 9.569404E-01
    outer loop
      vertex -4.540000E+01 -4.335271E+00 1.094236E+01
      vertex -4.240000E+01 -4.898050E+00 1.077164E+01
      vertex -4.240000E+01 -4.335271E+00 1.094236E+01
    endloop
  endfacet
  facet normal 0.000000E+00 -2.902846E-01 9.569404E-01
    outer loop
      vertex -4.540000E+01 -4.335271E+00 1.094236E+01
      vertex -4.540000E+01 -4.898050E+00 1.077164E+01
      vertex -4.240000E+01 -4.898050E+00 1.077164E+01
    endloop
  endfacet
  facet normal 0.000000E+00 -9.801670E-02 9.951848E-01
    outer loop
      vertex -4.540000E+01 -3.750000E+00 1.100000E+01
      vertex -4.240000E+01 -4.335271E+00 1.094236E+01
      vertex -4.240000E+01 -3.750000E+00 1.100000E+01
    endloop
  endfacet
  facet normal 0.000000E+00 -9.801670E-02 9.951848E-01
    outer loop
      vertex -4.540000E+01 -3.750000E+00 1.100000E+01
      vertex -4.540000E+01 -4.335271E+00 1.094236E+01
      vertex -4.240000E+01 -4.335271E+00 1.094236E+01
    endloop
  endfacet
  facet normal 0.000000E+00 -9.951847E-01 9.801701E-02
    outer loop
      vertex -4.380000E+01 -5.500000E-01 6.500000E+00
      vertex -4.540000E+01 -5.730577E-01 6.265892E+00
      vertex -4.380000E+01 -5.730577E-01 6.265892E+00
    endloop
  endfacet
  facet normal 0.000000E+00 -9.951847E-01 9.801701E-02
    outer loop
      vertex -4.540000E+01 -5.500000E-01 6.500000E+00
      vertex -4.540000E+01 -5.730577E-01 6.265892E+00
      vertex -4.380000E+01 -5.500000E-01 6.500000E+00
    endloop
  endfacet
  facet normal 0.000000E+00 -9.569403E-01 2.902850E-01
    outer loop
      vertex -4.380000E+01 -5.730577E-01 6.265892E+00
      vertex -4.540000E+01 -6.413445E-01 6.040780E+00
      vertex -4.380000E+01 -6.413445E-01 6.040780E+00
    endloop
  endfacet
  facet normal 0.000000E+00 -9.569403E-01 2.902850E-01
    outer loop
      vertex -4.540000E+01 -5.730577E-01 6.265892E+00
      vertex -4.540000E+01 -6.413445E-01 6.040780E+00
      vertex -4.380000E+01 -5.730577E-01 6.265892E+00
    endloop
  endfacet
  facet normal 0.000000E+00 -8.819213E-01 4.713968E-01
    outer loop
      vertex -4.380000E+01 -6.413445E-01 6.040780E+00
      vertex -4.540000E+01 -7.522365E-01 5.833316E+00
      vertex -4.380000E+01 -7.522365E-01 5.833316E+00
    endloop
  endfacet
  facet normal 0.000000E+00 -8.819213E-01 4.713968E-01
    outer loop
      vertex -4.540000E+01 -6.413445E-01 6.040780E+00
      vertex -4.540000E+01 -7.522365E-01 5.833316E+00
      vertex -4.380000E+01 -6.413445E-01 6.040780E+00
    endloop
  endfacet
  facet normal 0.000000E+00 -7.730103E-01 6.343935E-01
    outer loop
      vertex -4.380000E+01 -7.522365E-01 5.833316E+00
      vertex -4.540000E+01 -9.014719E-01 5.651472E+00
      vertex -4.380000E+01 -9.014719E-01 5.651472E+00
    endloop
  endfacet
  facet normal 0.000000E+00 -7.730103E-01 6.343935E-01
    outer loop
      vertex -4.540000E+01 -7.522365E-01 5.833316E+00
      vertex -4.540000E+01 -9.014719E-01 5.651472E+00
      vertex -4.380000E+01 -7.522365E-01 5.833316E+00
    endloop
  endfacet
  facet normal 0.000000E+00 -6.190943E-01 7.853167E-01
    outer loop
      vertex -4.380000E+01 -9.014719E-01 5.651472E+00
      vertex -4.540000E+01 -1.123002E+00 5.476832E+00
      vertex -4.380000E+01 -1.123002E+00 5.476832E+00
    endloop
  endfacet
  facet normal 0.000000E+00 -6.190943E-01 7.853167E-01
    outer loop
      vertex -4.540000E+01 -9.014719E-01 5.651472E+00
      vertex -4.540000E+01 -1.123002E+00 5.476832E+00
      vertex -4.380000E+01 -9.014719E-01 5.651472E+00
    endloop
  endfacet
  facet normal 0.000000E+00 -4.186599E-01 9.081431E-01
    outer loop
      vertex -4.380000E+01 -1.123002E+00 5.476832E+00
      vertex -4.540000E+01 -1.379180E+00 5.358732E+00
      vertex -4.380000E+01 -1.379180E+00 5.358732E+00
    endloop
  endfacet
  facet normal 0.000000E+00 -4.186599E-01 9.081431E-01
    outer loop
      vertex -4.540000E+01 -1.123002E+00 5.476832E+00
      vertex -4.540000E+01 -1.379180E+00 5.358732E+00
      vertex -4.380000E+01 -1.123002E+00 5.476832E+00
    endloop
  endfacet
  facet normal 0.000000E+00 -1.950911E-01 9.807851E-01
    outer loop
      vertex -4.380000E+01 -1.379180E+00 5.358732E+00
      vertex -4.540000E+01 -1.655849E+00 5.303699E+00
      vertex -4.380000E+01 -1.655849E+00 5.303699E+00
    endloop
  endfacet
  facet normal 0.000000E+00 -1.950911E-01 9.807851E-01
    outer loop
      vertex -4.540000E+01 -1.379180E+00 5.358732E+00
      vertex -4.540000E+01 -1.655849E+00 5.303699E+00
      vertex -4.380000E+01 -1.379180E+00 5.358732E+00
    endloop
  endfacet
  facet normal 0.000000E+00 3.926062E-02 9.992290E-01
    outer loop
      vertex -4.380000E+01 -1.655849E+00 5.303699E+00
      vertex -4.540000E+01 -1.937721E+00 5.314774E+00
      vertex -4.380000E+01 -1.937721E+00 5.314774E+00
    endloop
  endfacet
  facet normal -0.000000E+00 3.926062E-02 9.992290E-01
    outer loop
      vertex -4.540000E+01 -1.655849E+00 5.303699E+00
      vertex -4.540000E+01 -1.937721E+00 5.314774E+00
      vertex -4.380000E+01 -1.655849E+00 5.303699E+00
    endloop
  endfacet
  facet normal 0.000000E+00 2.714402E-01 9.624553E-01
    outer loop
      vertex -4.380000E+01 -1.937721E+00 5.314774E+00
      vertex -4.540000E+01 -2.209220E+00 5.391345E+00
      vertex -4.380000E+01 -2.209220E+00 5.391345E+00
    endloop
  endfacet
  facet normal -0.000000E+00 2.714402E-01 9.624553E-01
    outer loop
      vertex -4.540000E+01 -1.937721E+00 5.314774E+00
      vertex -4.540000E+01 -2.209220E+00 5.391345E+00
      vertex -4.380000E+01 -1.937721E+00 5.314774E+00
    endloop
  endfacet
  facet normal 0.000000E+00 4.886213E-01 8.724960E-01
    outer loop
      vertex -4.380000E+01 -2.209220E+00 5.391345E+00
      vertex -4.540000E+01 -2.455342E+00 5.529180E+00
      vertex -4.380000E+01 -2.455342E+00 5.529180E+00
    endloop
  endfacet
  facet normal -0.000000E+00 4.886213E-01 8.724960E-01
    outer loop
      vertex -4.540000E+01 -2.209220E+00 5.391345E+00
      vertex -4.540000E+01 -2.455342E+00 5.529180E+00
      vertex -4.380000E+01 -2.209220E+00 5.391345E+00
    endloop
  endfacet
  facet normal 0.000000E+00 6.788002E-01 7.343230E-01
    outer loop
      vertex -4.380000E+01 -2.455342E+00 5.529180E+00
      vertex -4.540000E+01 -2.662487E+00 5.720662E+00
      vertex -4.380000E+01 -2.662487E+00 5.720662E+00
    endloop
  endfacet
  facet normal -0.000000E+00 6.788002E-01 7.343230E-01
    outer loop
      vertex -4.540000E+01 -2.455342E+00 5.529180E+00
      vertex -4.540000E+01 -2.662487E+00 5.720662E+00
      vertex -4.380000E+01 -2.455342E+00 5.529180E+00
    endloop
  endfacet
  facet normal 0.000000E+00 8.314697E-01 5.555702E-01
    outer loop
      vertex -4.380000E+01 -2.662487E+00 5.720662E+00
      vertex -4.540000E+01 -2.819208E+00 5.955211E+00
      vertex -4.380000E+01 -2.819208E+00 5.955211E+00
    endloop
  endfacet
  facet normal -0.000000E+00 8.314697E-01 5.555702E-01
    outer loop
      vertex -4.540000E+01 -2.662487E+00 5.720662E+00
      vertex -4.540000E+01 -2.819208E+00 5.955211E+00
      vertex -4.380000E+01 -2.662487E+00 5.720662E+00
    endloop
  endfacet
  facet normal 0.000000E+00 9.381916E-01 3.461162E-01
    outer loop
      vertex -4.380000E+01 -2.819208E+00 5.955211E+00
      vertex -4.540000E+01 -2.916844E+00 6.219866E+00
      vertex -4.380000E+01 -2.916844E+00 6.219866E+00
    endloop
  endfacet
  facet normal -0.000000E+00 9.381916E-01 3.461162E-01
    outer loop
      vertex -4.540000E+01 -2.819208E+00 5.955211E+00
      vertex -4.540000E+01 -2.916844E+00 6.219866E+00
      vertex -4.380000E+01 -2.819208E+00 5.955211E+00
    endloop
  endfacet
  facet normal 0.000000E+00 9.930684E-01 1.175377E-01
    outer loop
      vertex -4.380000E+01 -2.916844E+00 6.219866E+00
      vertex -4.540000E+01 -2.950000E+00 6.500000E+00
      vertex -4.380000E+01 -2.950000E+00 6.500000E+00
    endloop
  endfacet
  facet normal -0.000000E+00 9.930684E-01 1.175377E-01
    outer loop
      vertex -4.540000E+01 -2.916844E+00 6.219866E+00
      vertex -4.540000E+01 -2.950000E+00 6.500000E+00
      vertex -4.380000E+01 -2.916844E+00 6.219866E+00
    endloop
  endfacet
  facet normal 0.000000E+00 -9.951847E-01 9.801827E-02
    outer loop
      vertex -4.380000E+01 2.595000E+01 6.500000E+00
      vertex -4.540000E+01 2.592694E+01 6.265892E+00
      vertex -4.380000E+01 2.592694E+01 6.265892E+00
    endloop
  endfacet
  facet normal 0.000000E+00 -9.951847E-01 9.801827E-02
    outer loop
      vertex -4.540000E+01 2.595000E+01 6.500000E+00
      vertex -4.540000E+01 2.592694E+01 6.265892E+00
      vertex -4.380000E+01 2.595000E+01 6.500000E+00
    endloop
  endfacet
  facet normal 0.000000E+00 -9.569403E-01 2.902850E-01
    outer loop
      vertex -4.380000E+01 2.592694E+01 6.265892E+00
      vertex -4.540000E+01 2.585866E+01 6.040780E+00
      vertex -4.380000E+01 2.585866E+01 6.040780E+00
    endloop
  endfacet
  facet normal 0.000000E+00 -9.569403E-01 2.902850E-01
    outer loop
      vertex -4.540000E+01 2.592694E+01 6.265892E+00
      vertex -4.540000E+01 2.585866E+01 6.040780E+00
      vertex -4.380000E+01 2.592694E+01 6.265892E+00
    endloop
  endfacet
  facet normal 0.000000E+00 -8.819189E-01 4.714011E-01
    outer loop
      vertex -4.380000E+01 2.585866E+01 6.040780E+00
      vertex -4.540000E+01 2.574776E+01 5.833316E+00
      vertex -4.380000E+01 2.574776E+01 5.833316E+00
    endloop
  endfacet
  facet normal 0.000000E+00 -8.819189E-01 4.714011E-01
    outer loop
      vertex -4.540000E+01 2.585866E+01 6.040780E+00
      vertex -4.540000E+01 2.574776E+01 5.833316E+00
      vertex -4.380000E+01 2.585866E+01 6.040780E+00
    endloop
  endfacet
  facet normal 0.000000E+00 -7.730116E-01 6.343919E-01
    outer loop
      vertex -4.380000E+01 2.574776E+01 5.833316E+00
      vertex -4.540000E+01 2.559853E+01 5.651472E+00
      vertex -4.380000E+01 2.559853E+01 5.651472E+00
    endloop
  endfacet
  facet normal 0.000000E+00 -7.730116E-01 6.343919E-01
    outer loop
      vertex -4.540000E+01 2.574776E+01 5.833316E+00
      vertex -4.540000E+01 2.559853E+01 5.651472E+00
      vertex -4.380000E+01 2.574776E+01 5.833316E+00
    endloop
  endfacet
  facet normal 0.000000E+00 -6.190957E-01 7.853156E-01
    outer loop
      vertex -4.380000E+01 2.559853E+01 5.651472E+00
      vertex -4.540000E+01 2.537700E+01 5.476832E+00
      vertex -4.380000E+01 2.537700E+01 5.476832E+00
    endloop
  endfacet
  facet normal 0.000000E+00 -6.190957E-01 7.853156E-01
    outer loop
      vertex -4.540000E+01 2.559853E+01 5.651472E+00
      vertex -4.540000E+01 2.537700E+01 5.476832E+00
      vertex -4.380000E+01 2.559853E+01 5.651472E+00
    endloop
  endfacet
  facet normal 0.000000E+00 -4.186599E-01 9.081431E-01
    outer loop
      vertex -4.380000E+01 2.537700E+01 5.476832E+00
      vertex -4.540000E+01 2.512082E+01 5.358732E+00
      vertex -4.380000E+01 2.512082E+01 5.358732E+00
    endloop
  endfacet
  facet normal 0.000000E+00 -4.186599E-01 9.081431E-01
    outer loop
      vertex -4.540000E+01 2.537700E+01 5.476832E+00
      vertex -4.540000E+01 2.512082E+01 5.358732E+00
      vertex -4.380000E+01 2.537700E+01 5.476832E+00
    endloop
  endfacet
  facet normal 0.000000E+00 -1.950904E-01 9.807853E-01
    outer loop
      vertex -4.380000E+01 2.512082E+01 5.358732E+00
      vertex -4.540000E+01 2.484415E+01 5.303699E+00
      vertex -4.380000E+01 2.484415E+01 5.303699E+00
    endloop
  endfacet
  facet normal 0.000000E+00 -1.950904E-01 9.807853E-01
    outer loop
      vertex -4.540000E+01 2.512082E+01 5.358732E+00
      vertex -4.540000E+01 2.484415E+01 5.303699E+00
      vertex -4.380000E+01 2.512082E+01 5.358732E+00
    endloop
  endfacet
  facet normal 0.000000E+00 3.926069E-02 9.992290E-01
    outer loop
      vertex -4.380000E+01 2.484415E+01 5.303699E+00
      vertex -4.540000E+01 2.456228E+01 5.314774E+00
      vertex -4.380000E+01 2.456228E+01 5.314774E+00
    endloop
  endfacet
  facet normal -0.000000E+00 3.926069E-02 9.992290E-01
    outer loop
      vertex -4.540000E+01 2.484415E+01 5.303699E+00
      vertex -4.540000E+01 2.456228E+01 5.314774E+00
      vertex -4.380000E+01 2.484415E+01 5.303699E+00
    endloop
  endfacet
  facet normal 0.000000E+00 2.714395E-01 9.624555E-01
    outer loop
      vertex -4.380000E+01 2.456228E+01 5.314774E+00
      vertex -4.540000E+01 2.429078E+01 5.391345E+00
      vertex -4.380000E+01 2.429078E+01 5.391345E+00
    endloop
  endfacet
  facet normal -0.000000E+00 2.714395E-01 9.624555E-01
    outer loop
      vertex -4.540000E+01 2.456228E+01 5.314774E+00
      vertex -4.540000E+01 2.429078E+01 5.391345E+00
      vertex -4.380000E+01 2.456228E+01 5.314774E+00
    endloop
  endfacet
  facet normal 0.000000E+00 4.886209E-01 8.724962E-01
    outer loop
      vertex -4.380000E+01 2.429078E+01 5.391345E+00
      vertex -4.540000E+01 2.404466E+01 5.529180E+00
      vertex -4.380000E+01 2.404466E+01 5.529180E+00
    endloop
  endfacet
  facet normal -0.000000E+00 4.886209E-01 8.724962E-01
    outer loop
      vertex -4.540000E+01 2.429078E+01 5.391345E+00
      vertex -4.540000E+01 2.404466E+01 5.529180E+00
      vertex -4.380000E+01 2.429078E+01 5.391345E+00
    endloop
  endfacet
  facet normal 0.000000E+00 6.788023E-01 7.343211E-01
    outer loop
      vertex -4.380000E+01 2.404466E+01 5.529180E+00
      vertex -4.540000E+01 2.383751E+01 5.720662E+00
      vertex -4.380000E+01 2.383751E+01 5.720662E+00
    endloop
  endfacet
  facet normal -0.000000E+00 6.788023E-01 7.343211E-01
    outer loop
      vertex -4.540000E+01 2.404466E+01 5.529180E+00
      vertex -4.540000E+01 2.383751E+01 5.720662E+00
      vertex -4.380000E+01 2.404466E+01 5.529180E+00
    endloop
  endfacet
  facet normal 0.000000E+00 8.314689E-01 5.555713E-01
    outer loop
      vertex -4.380000E+01 2.383751E+01 5.720662E+00
      vertex -4.540000E+01 2.368079E+01 5.955211E+00
      vertex -4.380000E+01 2.368079E+01 5.955211E+00
    endloop
  endfacet
  facet normal -0.000000E+00 8.314689E-01 5.555713E-01
    outer loop
      vertex -4.540000E+01 2.383751E+01 5.720662E+00
      vertex -4.540000E+01 2.368079E+01 5.955211E+00
      vertex -4.380000E+01 2.383751E+01 5.720662E+00
    endloop
  endfacet
  facet normal 0.000000E+00 9.381925E-01 3.461140E-01
    outer loop
      vertex -4.380000E+01 2.368079E+01 5.955211E+00
      vertex -4.540000E+01 2.358316E+01 6.219866E+00
      vertex -4.380000E+01 2.358316E+01 6.219866E+00
    endloop
  endfacet
  facet normal -0.000000E+00 9.381925E-01 3.461140E-01
    outer loop
      vertex -4.540000E+01 2.368079E+01 5.955211E+00
      vertex -4.540000E+01 2.358316E+01 6.219866E+00
      vertex -4.380000E+01 2.368079E+01 5.955211E+00
    endloop
  endfacet
  facet normal 0.000000E+00 9.930680E-01 1.175419E-01
    outer loop
      vertex -4.380000E+01 2.358316E+01 6.219866E+00
      vertex -4.540000E+01 2.355000E+01 6.500000E+00
      vertex -4.380000E+01 2.355000E+01 6.500000E+00
    endloop
  endfacet
  facet normal -0.000000E+00 9.930680E-01 1.175419E-01
    outer loop
      vertex -4.540000E+01 2.358316E+01 6.219866E+00
      vertex -4.540000E+01 2.355000E+01 6.500000E+00
      vertex -4.380000E+01 2.358316E+01 6.219866E+00
    endloop
  endfacet
  facet normal -9.927102E-01 1.205251E-01 0.000000E+00
    outer loop
      vertex 9.220000E+01 2.475000E+01 3.000000E+00
      vertex 9.216513E+01 2.446282E+01 1.400000E+00
      vertex 9.216513E+01 2.446282E+01 3.000000E+00
    endloop
  endfacet
  facet normal -9.927102E-01 1.205251E-01 0.000000E+00
    outer loop
      vertex 9.220000E+01 2.475000E+01 1.400000E+00
      vertex 9.216513E+01 2.446282E+01 1.400000E+00
      vertex 9.220000E+01 2.475000E+01 3.000000E+00
    endloop
  endfacet
  facet normal -9.350148E-01 3.546087E-01 0.000000E+00
    outer loop
      vertex 9.216513E+01 2.446282E+01 3.000000E+00
      vertex 9.206255E+01 2.419233E+01 1.400000E+00
      vertex 9.206255E+01 2.419233E+01 3.000000E+00
    endloop
  endfacet
  facet normal -9.350148E-01 3.546087E-01 0.000000E+00
    outer loop
      vertex 9.216513E+01 2.446282E+01 1.400000E+00
      vertex 9.206255E+01 2.419233E+01 1.400000E+00
      vertex 9.216513E+01 2.446282E+01 3.000000E+00
    endloop
  endfacet
  facet normal -8.229913E-01 5.680540E-01 0.000000E+00
    outer loop
      vertex 9.206255E+01 2.419233E+01 3.000000E+00
      vertex 9.189822E+01 2.395425E+01 1.400000E+00
      vertex 9.189822E+01 2.395425E+01 3.000000E+00
    endloop
  endfacet
  facet normal -8.229913E-01 5.680540E-01 0.000000E+00
    outer loop
      vertex 9.206255E+01 2.419233E+01 1.400000E+00
      vertex 9.189822E+01 2.395425E+01 1.400000E+00
      vertex 9.206255E+01 2.419233E+01 3.000000E+00
    endloop
  endfacet
  facet normal -6.631189E-01 7.485141E-01 0.000000E+00
    outer loop
      vertex 9.189822E+01 2.395425E+01 3.000000E+00
      vertex 9.168168E+01 2.376242E+01 1.400000E+00
      vertex 9.168168E+01 2.376242E+01 3.000000E+00
    endloop
  endfacet
  facet normal -6.631189E-01 7.485141E-01 0.000000E+00
    outer loop
      vertex 9.189822E+01 2.395425E+01 1.400000E+00
      vertex 9.168168E+01 2.376242E+01 1.400000E+00
      vertex 9.189822E+01 2.395425E+01 3.000000E+00
    endloop
  endfacet
  facet normal -4.647233E-01 8.854560E-01 0.000000E+00
    outer loop
      vertex 9.168168E+01 2.376242E+01 3.000000E+00
      vertex 9.142553E+01 2.362798E+01 1.400000E+00
      vertex 9.142553E+01 2.362798E+01 3.000000E+00
    endloop
  endfacet
  facet normal -4.647233E-01 8.854560E-01 0.000000E+00
    outer loop
      vertex 9.168168E+01 2.376242E+01 1.400000E+00
      vertex 9.142553E+01 2.362798E+01 1.400000E+00
      vertex 9.168168E+01 2.376242E+01 3.000000E+00
    endloop
  endfacet
  facet normal -2.393137E-01 9.709423E-01 0.000000E+00
    outer loop
      vertex 9.142553E+01 2.362798E+01 3.000000E+00
      vertex 9.114465E+01 2.355875E+01 1.400000E+00
      vertex 9.114465E+01 2.355875E+01 3.000000E+00
    endloop
  endfacet
  facet normal -2.393137E-01 9.709423E-01 0.000000E+00
    outer loop
      vertex 9.142553E+01 2.362798E+01 1.400000E+00
      vertex 9.114465E+01 2.355875E+01 1.400000E+00
      vertex 9.142553E+01 2.362798E+01 3.000000E+00
    endloop
  endfacet
  facet normal 0.000000E+00 1.000000E+00 0.000000E+00
    outer loop
      vertex 9.114465E+01 2.355875E+01 3.000000E+00
      vertex 9.085535E+01 2.355875E+01 1.400000E+00
      vertex 9.085535E+01 2.355875E+01 3.000000E+00
    endloop
  endfacet
  facet normal 0.000000E+00 1.000000E+00 -0.000000E+00
    outer loop
      vertex 9.114465E+01 2.355875E+01 1.400000E+00
      vertex 9.085535E+01 2.355875E+01 1.400000E+00
      vertex 9.114465E+01 2.355875E+01 3.000000E+00
    endloop
  endfacet
  facet normal 2.393137E-01 9.709423E-01 0.000000E+00
    outer loop
      vertex 9.085535E+01 2.355875E+01 3.000000E+00
      vertex 9.057447E+01 2.362798E+01 1.400000E+00
      vertex 9.057447E+01 2.362798E+01 3.000000E+00
    endloop
  endfacet
  facet normal 2.393137E-01 9.709423E-01 -0.000000E+00
    outer loop
      vertex 9.085535E+01 2.355875E+01 1.400000E+00
      vertex 9.057447E+01 2.362798E+01 1.400000E+00
      vertex 9.085535E+01 2.355875E+01 3.000000E+00
    endloop
  endfacet
  facet normal 4.647233E-01 8.854560E-01 0.000000E+00
    outer loop
      vertex 9.057447E+01 2.362798E+01 3.000000E+00
      vertex 9.031832E+01 2.376242E+01 1.400000E+00
      vertex 9.031832E+01 2.376242E+01 3.000000E+00
    endloop
  endfacet
  facet normal 4.647233E-01 8.854560E-01 -0.000000E+00
    outer loop
      vertex 9.057447E+01 2.362798E+01 1.400000E+00
      vertex 9.031832E+01 2.376242E+01 1.400000E+00
      vertex 9.057447E+01 2.362798E+01 3.000000E+00
    endloop
  endfacet
  facet normal 6.631189E-01 7.485141E-01 0.000000E+00
    outer loop
      vertex 9.031832E+01 2.376242E+01 3.000000E+00
      vertex 9.010178E+01 2.395425E+01 1.400000E+00
      vertex 9.010178E+01 2.395425E+01 3.000000E+00
    endloop
  endfacet
  facet normal 6.631189E-01 7.485141E-01 -0.000000E+00
    outer loop
      vertex 9.031832E+01 2.376242E+01 1.400000E+00
      vertex 9.010178E+01 2.395425E+01 1.400000E+00
      vertex 9.031832E+01 2.376242E+01 3.000000E+00
    endloop
  endfacet
  facet normal 8.229913E-01 5.680540E-01 0.000000E+00
    outer loop
      vertex 9.010178E+01 2.395425E+01 3.000000E+00
      vertex 8.993745E+01 2.419233E+01 1.400000E+00
      vertex 8.993745E+01 2.419233E+01 3.000000E+00
    endloop
  endfacet
  facet normal 8.229913E-01 5.680540E-01 -0.000000E+00
    outer loop
      vertex 9.010178E+01 2.395425E+01 1.400000E+00
      vertex 8.993745E+01 2.419233E+01 1.400000E+00
      vertex 9.010178E+01 2.395425E+01 3.000000E+00
    endloop
  endfacet
  facet normal 9.350148E-01 3.546087E-01 0.000000E+00
    outer loop
      vertex 8.993745E+01 2.419233E+01 3.000000E+00
      vertex 8.983487E+01 2.446282E+01 1.400000E+00
      vertex 8.983487E+01 2.446282E+01 3.000000E+00
    endloop
  endfacet
  facet normal 9.350148E-01 3.546087E-01 -0.000000E+00
    outer loop
      vertex 8.993745E+01 2.419233E+01 1.400000E+00
      vertex 8.983487E+01 2.446282E+01 1.400000E+00
      vertex 8.993745E+01 2.419233E+01 3.000000E+00
    endloop
  endfacet
  facet normal 9.927102E-01 1.205251E-01 0.000000E+00
    outer loop
      vertex 8.983487E+01 2.446282E+01 3.000000E+00
      vertex 8.980000E+01 2.475000E+01 1.400000E+00
      vertex 8.980000E+01 2.475000E+01 3.000000E+00
    endloop
  endfacet
  facet normal 9.927102E-01 1.205251E-01 -0.000000E+00
    outer loop
      vertex 8.983487E+01 2.446282E+01 1.400000E+00
      vertex 8.980000E+01 2.475000E+01 1.400000E+00
      vertex 8.983487E+01 2.446282E+01 3.000000E+00
    endloop
  endfacet
  facet normal -9.927104E-01 1.205248E-01 0.000000E+00
    outer loop
      vertex 9.220000E+01 -2.250000E+00 3.000000E+00
      vertex 9.216513E+01 -2.537179E+00 1.400000E+00
      vertex 9.216513E+01 -2.537179E+00 3.000000E+00
    endloop
  endfacet
  facet normal -9.927104E-01 1.205248E-01 0.000000E+00
    outer loop
      vertex 9.220000E+01 -2.250000E+00 1.400000E+00
      vertex 9.216513E+01 -2.537179E+00 1.400000E+00
      vertex 9.220000E+01 -2.250000E+00 3.000000E+00
    endloop
  endfacet
  facet normal -9.350141E-01 3.546106E-01 0.000000E+00
    outer loop
      vertex 9.216513E+01 -2.537179E+00 3.000000E+00
      vertex 9.206255E+01 -2.807668E+00 1.400000E+00
      vertex 9.206255E+01 -2.807668E+00 3.000000E+00
    endloop
  endfacet
  facet normal -9.350141E-01 3.546106E-01 0.000000E+00
    outer loop
      vertex 9.216513E+01 -2.537179E+00 1.400000E+00
      vertex 9.206255E+01 -2.807668E+00 1.400000E+00
      vertex 9.216513E+01 -2.537179E+00 3.000000E+00
    endloop
  endfacet
  facet normal -8.229918E-01 5.680532E-01 0.000000E+00
    outer loop
      vertex 9.206255E+01 -2.807668E+00 3.000000E+00
      vertex 9.189822E+01 -3.045747E+00 1.400000E+00
      vertex 9.189822E+01 -3.045747E+00 3.000000E+00
    endloop
  endfacet
  facet normal -8.229918E-01 5.680532E-01 0.000000E+00
    outer loop
      vertex 9.206255E+01 -2.807668E+00 1.400000E+00
      vertex 9.189822E+01 -3.045747E+00 1.400000E+00
      vertex 9.206255E+01 -2.807668E+00 3.000000E+00
    endloop
  endfacet
  facet normal -6.631184E-01 7.485145E-01 0.000000E+00
    outer loop
      vertex 9.189822E+01 -3.045747E+00 3.000000E+00
      vertex 9.168168E+01 -3.237581E+00 1.400000E+00
      vertex 9.168168E+01 -3.237581E+00 3.000000E+00
    endloop
  endfacet
  facet normal -6.631184E-01 7.485145E-01 0.000000E+00
    outer loop
      vertex 9.189822E+01 -3.045747E+00 1.400000E+00
      vertex 9.168168E+01 -3.237581E+00 1.400000E+00
      vertex 9.189822E+01 -3.045747E+00 3.000000E+00
    endloop
  endfacet
  facet normal -4.647272E-01 8.854539E-01 0.000000E+00
    outer loop
      vertex 9.168168E+01 -3.237581E+00 3.000000E+00
      vertex 9.142553E+01 -3.372020E+00 1.400000E+00
      vertex 9.142553E+01 -3.372020E+00 3.000000E+00
    endloop
  endfacet
  facet normal -4.647272E-01 8.854539E-01 0.000000E+00
    outer loop
      vertex 9.168168E+01 -3.237581E+00 1.400000E+00
      vertex 9.142553E+01 -3.372020E+00 1.400000E+00
      vertex 9.168168E+01 -3.237581E+00 3.000000E+00
    endloop
  endfacet
  facet normal -2.393137E-01 9.709423E-01 0.000000E+00
    outer loop
      vertex 9.142553E+01 -3.372020E+00 3.000000E+00
      vertex 9.114465E+01 -3.441251E+00 1.400000E+00
      vertex 9.114465E+01 -3.441251E+00 3.000000E+00
    endloop
  endfacet
  facet normal -2.393137E-01 9.709423E-01 0.000000E+00
    outer loop
      vertex 9.142553E+01 -3.372020E+00 1.400000E+00
      vertex 9.114465E+01 -3.441251E+00 1.400000E+00
      vertex 9.142553E+01 -3.372020E+00 3.000000E+00
    endloop
  endfacet
  facet normal 0.000000E+00 1.000000E+00 0.000000E+00
    outer loop
      vertex 9.114465E+01 -3.441251E+00 3.000000E+00
      vertex 9.085535E+01 -3.441251E+00 1.400000E+00
      vertex 9.085535E+01 -3.441251E+00 3.000000E+00
    endloop
  endfacet
  facet normal 0.000000E+00 1.000000E+00 -0.000000E+00
    outer loop
      vertex 9.114465E+01 -3.441251E+00 1.400000E+00
      vertex 9.085535E+01 -3.441251E+00 1.400000E+00
      vertex 9.114465E+01 -3.441251E+00 3.000000E+00
    endloop
  endfacet
  facet normal 2.393137E-01 9.709423E-01 0.000000E+00
    outer loop
      vertex 9.085535E+01 -3.441251E+00 3.000000E+00
      vertex 9.057447E+01 -3.372020E+00 1.400000E+00
      vertex 9.057447E+01 -3.372020E+00 3.000000E+00
    endloop
  endfacet
  facet normal 2.393137E-01 9.709423E-01 -0.000000E+00
    outer loop
      vertex 9.085535E+01 -3.441251E+00 1.400000E+00
      vertex 9.057447E+01 -3.372020E+00 1.400000E+00
      vertex 9.085535E+01 -3.441251E+00 3.000000E+00
    endloop
  endfacet
  facet normal 4.647272E-01 8.854539E-01 0.000000E+00
    outer loop
      vertex 9.057447E+01 -3.372020E+00 3.000000E+00
      vertex 9.031832E+01 -3.237581E+00 1.400000E+00
      vertex 9.031832E+01 -3.237581E+00 3.000000E+00
    endloop
  endfacet
  facet normal 4.647272E-01 8.854539E-01 -0.000000E+00
    outer loop
      vertex 9.057447E+01 -3.372020E+00 1.400000E+00
      vertex 9.031832E+01 -3.237581E+00 1.400000E+00
      vertex 9.057447E+01 -3.372020E+00 3.000000E+00
    endloop
  endfacet
  facet normal 6.631184E-01 7.485145E-01 0.000000E+00
    outer loop
      vertex 9.031832E+01 -3.237581E+00 3.000000E+00
      vertex 9.010178E+01 -3.045747E+00 1.400000E+00
      vertex 9.010178E+01 -3.045747E+00 3.000000E+00
    endloop
  endfacet
  facet normal 6.631184E-01 7.485145E-01 -0.000000E+00
    outer loop
      vertex 9.031832E+01 -3.237581E+00 1.400000E+00
      vertex 9.010178E+01 -3.045747E+00 1.400000E+00
      vertex 9.031832E+01 -3.237581E+00 3.000000E+00
    endloop
  endfacet
  facet normal 8.229918E-01 5.680532E-01 0.000000E+00
    outer loop
      vertex 9.010178E+01 -3.045747E+00 3.000000E+00
      vertex 8.993745E+01 -2.807668E+00 1.400000E+00
      vertex 8.993745E+01 -2.807668E+00 3.000000E+00
    endloop
  endfacet
  facet normal 8.229918E-01 5.680532E-01 -0.000000E+00
    outer loop
      vertex 9.010178E+01 -3.045747E+00 1.400000E+00
      vertex 8.993745E+01 -2.807668E+00 1.400000E+00
      vertex 9.010178E+01 -3.045747E+00 3.000000E+00
    endloop
  endfacet
  facet normal 9.350141E-01 3.546106E-01 0.000000E+00
    outer loop
      vertex 8.993745E+01 -2.807668E+00 3.000000E+00
      vertex 8.983487E+01 -2.537179E+00 1.400000E+00
      vertex 8.983487E+01 -2.537179E+00 3.000000E+00
    endloop
  endfacet
  facet normal 9.350141E-01 3.546106E-01 -0.000000E+00
    outer loop
      vertex 8.993745E+01 -2.807668E+00 1.400000E+00
      vertex 8.983487E+01 -2.537179E+00 1.400000E+00
      vertex 8.993745E+01 -2.807668E+00 3.000000E+00
    endloop
  endfacet
  facet normal 9.927104E-01 1.205248E-01 0.000000E+00
    outer loop
      vertex 8.983487E+01 -2.537179E+00 3.000000E+00
      vertex 8.980000E+01 -2.250000E+00 1.400000E+00
      vertex 8.980000E+01 -2.250000E+00 3.000000E+00
    endloop
  endfacet
  facet normal 9.927104E-01 1.205248E-01 -0.000000E+00
    outer loop
      vertex 8.983487E+01 -2.537179E+00 1.400000E+00
      vertex 8.980000E+01 -2.250000E+00 1.400000E+00
      vertex 8.983487E+01 -2.537179E+00 3.000000E+00
    endloop
  endfacet
  facet normal 9.944031E-01 1.056522E-01 0.000000E+00
    outer loop
      vertex 8.880000E+01 2.475000E+01 0.000000E+00
      vertex 8.884912E+01 2.428770E+01 1.400000E+00
      vertex 8.884912E+01 2.428770E+01 0.000000E+00
    endloop
  endfacet
  facet normal 9.944031E-01 1.056522E-01 0.000000E+00
    outer loop
      vertex 8.880000E+01 2.475000E+01 1.400000E+00
      vertex 8.884912E+01 2.428770E+01 1.400000E+00
      vertex 8.880000E+01 2.475000E+01 0.000000E+00
    endloop
  endfacet
  facet normal 9.499961E-01 3.122618E-01 0.000000E+00
    outer loop
      vertex 8.884912E+01 2.428770E+01 0.000000E+00
      vertex 8.899429E+01 2.384604E+01 1.400000E+00
      vertex 8.899429E+01 2.384604E+01 0.000000E+00
    endloop
  endfacet
  facet normal 9.499961E-01 3.122618E-01 0.000000E+00
    outer loop
      vertex 8.884912E+01 2.428770E+01 1.400000E+00
      vertex 8.899429E+01 2.384604E+01 1.400000E+00
      vertex 8.884912E+01 2.428770E+01 0.000000E+00
    endloop
  endfacet
  facet normal 8.631642E-01 5.049234E-01 0.000000E+00
    outer loop
      vertex 8.899429E+01 2.384604E+01 0.000000E+00
      vertex 8.922903E+01 2.344475E+01 1.400000E+00
      vertex 8.922903E+01 2.344475E+01 0.000000E+00
    endloop
  endfacet
  facet normal 7.323180E-01 6.809629E-01 -0.000000E+00
    outer loop
      vertex 8.922903E+01 2.344475E+01 0.000000E+00
      vertex 8.922903E+01 2.344475E+01 1.400000E+00
      vertex 8.956966E+01 2.307844E+01 0.000000E+00
    endloop
  endfacet
  facet normal 8.631642E-01 5.049234E-01 0.000000E+00
    outer loop
      vertex 8.899429E+01 2.384604E+01 1.400000E+00
      vertex 8.922903E+01 2.344475E+01 1.400000E+00
      vertex 8.899429E+01 2.384604E+01 0.000000E+00
    endloop
  endfacet
  facet normal 5.595727E-01 8.287813E-01 -0.000000E+00
    outer loop
      vertex 8.956966E+01 2.307844E+01 0.000000E+00
      vertex 8.956966E+01 2.307844E+01 1.400000E+00
      vertex 8.998421E+01 2.279854E+01 0.000000E+00
    endloop
  endfacet
  facet normal 7.323180E-01 6.809629E-01 0.000000E+00
    outer loop
      vertex 8.922903E+01 2.344475E+01 1.400000E+00
      vertex 8.956966E+01 2.307844E+01 1.400000E+00
      vertex 8.956966E+01 2.307844E+01 0.000000E+00
    endloop
  endfacet
  facet normal 3.578821E-01 9.337668E-01 -0.000000E+00
    outer loop
      vertex 8.998421E+01 2.279854E+01 0.000000E+00
      vertex 8.998421E+01 2.279854E+01 1.400000E+00
      vertex 9.045129E+01 2.261953E+01 0.000000E+00
    endloop
  endfacet
  facet normal 5.595727E-01 8.287813E-01 0.000000E+00
    outer loop
      vertex 8.956966E+01 2.307844E+01 1.400000E+00
      vertex 8.998421E+01 2.279854E+01 1.400000E+00
      vertex 8.998421E+01 2.279854E+01 0.000000E+00
    endloop
  endfacet
  facet normal 1.377043E-01 9.904734E-01 -0.000000E+00
    outer loop
      vertex 9.045129E+01 2.261953E+01 0.000000E+00
      vertex 9.045129E+01 2.261953E+01 1.400000E+00
      vertex 9.094673E+01 2.255065E+01 0.000000E+00
    endloop
  endfacet
  facet normal 3.578821E-01 9.337668E-01 0.000000E+00
    outer loop
      vertex 8.998421E+01 2.279854E+01 1.400000E+00
      vertex 9.045129E+01 2.261953E+01 1.400000E+00
      vertex 9.045129E+01 2.261953E+01 0.000000E+00
    endloop
  endfacet
  facet normal -8.959366E-02 9.959784E-01 0.000000E+00
    outer loop
      vertex 9.094673E+01 2.255065E+01 0.000000E+00
      vertex 9.094673E+01 2.255065E+01 1.400000E+00
      vertex 9.144492E+01 2.259546E+01 0.000000E+00
    endloop
  endfacet
  facet normal 1.377043E-01 9.904734E-01 0.000000E+00
    outer loop
      vertex 9.045129E+01 2.261953E+01 1.400000E+00
      vertex 9.094673E+01 2.255065E+01 1.400000E+00
      vertex 9.094673E+01 2.255065E+01 0.000000E+00
    endloop
  endfacet
  facet normal -3.122590E-01 9.499970E-01 0.000000E+00
    outer loop
      vertex 9.144492E+01 2.259546E+01 0.000000E+00
      vertex 9.144492E+01 2.259546E+01 1.400000E+00
      vertex 9.192012E+01 2.275166E+01 0.000000E+00
    endloop
  endfacet
  facet normal -8.959366E-02 9.959784E-01 0.000000E+00
    outer loop
      vertex 9.094673E+01 2.255065E+01 1.400000E+00
      vertex 9.144492E+01 2.259546E+01 1.400000E+00
      vertex 9.144492E+01 2.259546E+01 0.000000E+00
    endloop
  endfacet
  facet normal -5.187875E-01 8.549033E-01 0.000000E+00
    outer loop
      vertex 9.192012E+01 2.275166E+01 0.000000E+00
      vertex 9.192012E+01 2.275166E+01 1.400000E+00
      vertex 9.234775E+01 2.301116E+01 0.000000E+00
    endloop
  endfacet
  facet normal -3.122590E-01 9.499970E-01 0.000000E+00
    outer loop
      vertex 9.144492E+01 2.259546E+01 1.400000E+00
      vertex 9.192012E+01 2.275166E+01 1.400000E+00
      vertex 9.192012E+01 2.275166E+01 0.000000E+00
    endloop
  endfacet
  facet normal -6.984926E-01 7.156174E-01 0.000000E+00
    outer loop
      vertex 9.234775E+01 2.301116E+01 0.000000E+00
      vertex 9.234775E+01 2.301116E+01 1.400000E+00
      vertex 9.270570E+01 2.336055E+01 0.000000E+00
    endloop
  endfacet
  facet normal -5.187875E-01 8.549033E-01 0.000000E+00
    outer loop
      vertex 9.192012E+01 2.275166E+01 1.400000E+00
      vertex 9.234775E+01 2.301116E+01 1.400000E+00
      vertex 9.234775E+01 2.301116E+01 0.000000E+00
    endloop
  endfacet
  facet normal -8.420941E-01 5.393307E-01 0.000000E+00
    outer loop
      vertex 9.270570E+01 2.336055E+01 0.000000E+00
      vertex 9.270570E+01 2.336055E+01 1.400000E+00
      vertex 9.297548E+01 2.378176E+01 0.000000E+00
    endloop
  endfacet
  facet normal -6.984926E-01 7.156174E-01 0.000000E+00
    outer loop
      vertex 9.234775E+01 2.301116E+01 1.400000E+00
      vertex 9.270570E+01 2.336055E+01 1.400000E+00
      vertex 9.270570E+01 2.336055E+01 0.000000E+00
    endloop
  endfacet
  facet normal -9.421561E-01 3.351743E-01 0.000000E+00
    outer loop
      vertex 9.297548E+01 2.378176E+01 0.000000E+00
      vertex 9.297548E+01 2.378176E+01 1.400000E+00
      vertex 9.314314E+01 2.425304E+01 0.000000E+00
    endloop
  endfacet
  facet normal -8.420941E-01 5.393307E-01 0.000000E+00
    outer loop
      vertex 9.270570E+01 2.336055E+01 1.400000E+00
      vertex 9.297548E+01 2.378176E+01 1.400000E+00
      vertex 9.297548E+01 2.378176E+01 0.000000E+00
    endloop
  endfacet
  facet normal -9.935178E-01 1.136769E-01 0.000000E+00
    outer loop
      vertex 9.314314E+01 2.425304E+01 0.000000E+00
      vertex 9.314314E+01 2.425304E+01 1.400000E+00
      vertex 9.320000E+01 2.475000E+01 0.000000E+00
    endloop
  endfacet
  facet normal -9.421561E-01 3.351743E-01 0.000000E+00
    outer loop
      vertex 9.297548E+01 2.378176E+01 1.400000E+00
      vertex 9.314314E+01 2.425304E+01 1.400000E+00
      vertex 9.314314E+01 2.425304E+01 0.000000E+00
    endloop
  endfacet
  facet normal -9.935178E-01 1.136769E-01 0.000000E+00
    outer loop
      vertex 9.314314E+01 2.425304E+01 1.400000E+00
      vertex 9.320000E+01 2.475000E+01 1.400000E+00
      vertex 9.320000E+01 2.475000E+01 0.000000E+00
    endloop
  endfacet
  facet normal 9.966780E-01 8.144330E-02 -0.000000E+00
    outer loop
      vertex 8.880000E+01 -2.250000E+00 0.000000E+00
      vertex 8.880000E+01 -2.250000E+00 1.400000E+00
      vertex 8.882919E+01 -2.607219E+00 0.000000E+00
    endloop
  endfacet
  facet normal 9.702210E-01 2.422213E-01 -0.000000E+00
    outer loop
      vertex 8.882919E+01 -2.607219E+00 0.000000E+00
      vertex 8.882919E+01 -2.607219E+00 1.400000E+00
      vertex 8.891601E+01 -2.954957E+00 0.000000E+00
    endloop
  endfacet
  facet normal 9.966780E-01 8.144330E-02 0.000000E+00
    outer loop
      vertex 8.880000E+01 -2.250000E+00 1.400000E+00
      vertex 8.882919E+01 -2.607219E+00 1.400000E+00
      vertex 8.882919E+01 -2.607219E+00 0.000000E+00
    endloop
  endfacet
  facet normal 9.180216E-01 3.965304E-01 -0.000000E+00
    outer loop
      vertex 8.891601E+01 -2.954957E+00 0.000000E+00
      vertex 8.891601E+01 -2.954957E+00 1.400000E+00
      vertex 8.905813E+01 -3.283985E+00 0.000000E+00
    endloop
  endfacet
  facet normal 9.702210E-01 2.422213E-01 0.000000E+00
    outer loop
      vertex 8.882919E+01 -2.607219E+00 1.400000E+00
      vertex 8.891601E+01 -2.954957E+00 1.400000E+00
      vertex 8.891601E+01 -2.954957E+00 0.000000E+00
    endloop
  endfacet
  facet normal 9.180216E-01 3.965304E-01 0.000000E+00
    outer loop
      vertex 8.891601E+01 -2.954957E+00 1.400000E+00
      vertex 8.905813E+01 -3.283985E+00 1.400000E+00
      vertex 8.905813E+01 -3.283985E+00 0.000000E+00
    endloop
  endfacet
  facet normal 8.197407E-01 5.727348E-01 0.000000E+00
    outer loop
      vertex 8.905813E+01 -3.283985E+00 0.000000E+00
      vertex 8.936121E+01 -3.717772E+00 1.400000E+00
      vertex 8.936121E+01 -3.717772E+00 0.000000E+00
    endloop
  endfacet
  facet normal 8.197407E-01 5.727348E-01 0.000000E+00
    outer loop
      vertex 8.905813E+01 -3.283985E+00 1.400000E+00
      vertex 8.936121E+01 -3.717772E+00 1.400000E+00
      vertex 8.905813E+01 -3.283985E+00 0.000000E+00
    endloop
  endfacet
  facet normal 6.592612E-01 7.519140E-01 0.000000E+00
    outer loop
      vertex 8.936121E+01 -3.717772E+00 0.000000E+00
      vertex 8.975910E+01 -4.066638E+00 1.400000E+00
      vertex 8.975910E+01 -4.066638E+00 0.000000E+00
    endloop
  endfacet
  facet normal 6.592612E-01 7.519140E-01 0.000000E+00
    outer loop
      vertex 8.936121E+01 -3.717772E+00 1.400000E+00
      vertex 8.975910E+01 -4.066638E+00 1.400000E+00
      vertex 8.936121E+01 -3.717772E+00 0.000000E+00
    endloop
  endfacet
  facet normal 4.606358E-01 8.875892E-01 0.000000E+00
    outer loop
      vertex 8.975910E+01 -4.066638E+00 0.000000E+00
      vertex 9.022880E+01 -4.310399E+00 1.400000E+00
      vertex 9.022880E+01 -4.310399E+00 0.000000E+00
    endloop
  endfacet
  facet normal 4.606358E-01 8.875892E-01 0.000000E+00
    outer loop
      vertex 8.975910E+01 -4.066638E+00 1.400000E+00
      vertex 9.022880E+01 -4.310399E+00 1.400000E+00
      vertex 8.975910E+01 -4.066638E+00 0.000000E+00
    endloop
  endfacet
  facet normal 2.353702E-01 9.719058E-01 0.000000E+00
    outer loop
      vertex 9.022880E+01 -4.310399E+00 0.000000E+00
      vertex 9.074310E+01 -4.434950E+00 1.400000E+00
      vertex 9.074310E+01 -4.434950E+00 0.000000E+00
    endloop
  endfacet
  facet normal 2.353702E-01 9.719058E-01 0.000000E+00
    outer loop
      vertex 9.022880E+01 -4.310399E+00 1.400000E+00
      vertex 9.074310E+01 -4.434950E+00 1.400000E+00
      vertex 9.022880E+01 -4.310399E+00 0.000000E+00
    endloop
  endfacet
  facet normal -3.522361E-03 9.999938E-01 0.000000E+00
    outer loop
      vertex 9.074310E+01 -4.434950E+00 0.000000E+00
      vertex 9.127228E+01 -4.433086E+00 1.400000E+00
      vertex 9.127228E+01 -4.433086E+00 0.000000E+00
    endloop
  endfacet
  facet normal -3.522361E-03 9.999938E-01 0.000000E+00
    outer loop
      vertex 9.074310E+01 -4.434950E+00 1.400000E+00
      vertex 9.127228E+01 -4.433086E+00 1.400000E+00
      vertex 9.074310E+01 -4.434950E+00 0.000000E+00
    endloop
  endfacet
  facet normal -2.422091E-01 9.702240E-01 0.000000E+00
    outer loop
      vertex 9.127228E+01 -4.433086E+00 0.000000E+00
      vertex 9.178570E+01 -4.304914E+00 1.400000E+00
      vertex 9.178570E+01 -4.304914E+00 0.000000E+00
    endloop
  endfacet
  facet normal -2.422091E-01 9.702240E-01 0.000000E+00
    outer loop
      vertex 9.127228E+01 -4.433086E+00 1.400000E+00
      vertex 9.178570E+01 -4.304914E+00 1.400000E+00
      vertex 9.127228E+01 -4.433086E+00 0.000000E+00
    endloop
  endfacet
  facet normal -4.668799E-01 8.843207E-01 0.000000E+00
    outer loop
      vertex 9.178570E+01 -4.304914E+00 0.000000E+00
      vertex 9.225366E+01 -4.057851E+00 1.400000E+00
      vertex 9.225366E+01 -4.057851E+00 0.000000E+00
    endloop
  endfacet
  facet normal -4.668799E-01 8.843207E-01 0.000000E+00
    outer loop
      vertex 9.178570E+01 -4.304914E+00 1.400000E+00
      vertex 9.225366E+01 -4.057851E+00 1.400000E+00
      vertex 9.178570E+01 -4.304914E+00 0.000000E+00
    endloop
  endfacet
  facet normal -6.645389E-01 7.472538E-01 0.000000E+00
    outer loop
      vertex 9.225366E+01 -4.057851E+00 0.000000E+00
      vertex 9.264909E+01 -3.706191E+00 1.400000E+00
      vertex 9.264909E+01 -3.706191E+00 0.000000E+00
    endloop
  endfacet
  facet normal -6.645389E-01 7.472538E-01 0.000000E+00
    outer loop
      vertex 9.225366E+01 -4.057851E+00 1.400000E+00
      vertex 9.264909E+01 -3.706191E+00 1.400000E+00
      vertex 9.225366E+01 -4.057851E+00 0.000000E+00
    endloop
  endfacet
  facet normal -8.237517E-01 5.669507E-01 0.000000E+00
    outer loop
      vertex 9.264909E+01 -3.706191E+00 0.000000E+00
      vertex 9.294911E+01 -3.270279E+00 1.400000E+00
      vertex 9.294911E+01 -3.270279E+00 0.000000E+00
    endloop
  endfacet
  facet normal -8.237517E-01 5.669507E-01 0.000000E+00
    outer loop
      vertex 9.264909E+01 -3.706191E+00 1.400000E+00
      vertex 9.294911E+01 -3.270279E+00 1.400000E+00
      vertex 9.264909E+01 -3.706191E+00 0.000000E+00
    endloop
  endfacet
  facet normal -9.353033E-01 3.538471E-01 0.000000E+00
    outer loop
      vertex 9.294911E+01 -3.270279E+00 0.000000E+00
      vertex 9.313636E+01 -2.775337E+00 1.400000E+00
      vertex 9.313636E+01 -2.775337E+00 0.000000E+00
    endloop
  endfacet
  facet normal -9.353033E-01 3.538471E-01 0.000000E+00
    outer loop
      vertex 9.294911E+01 -3.270279E+00 1.400000E+00
      vertex 9.313636E+01 -2.775337E+00 1.400000E+00
      vertex 9.294911E+01 -3.270279E+00 0.000000E+00
    endloop
  endfacet
  facet normal -9.927429E-01 1.202561E-01 0.000000E+00
    outer loop
      vertex 9.313636E+01 -2.775337E+00 0.000000E+00
      vertex 9.320000E+01 -2.250000E+00 1.400000E+00
      vertex 9.320000E+01 -2.250000E+00 0.000000E+00
    endloop
  endfacet
  facet normal -9.927429E-01 1.202561E-01 0.000000E+00
    outer loop
      vertex 9.313636E+01 -2.775337E+00 1.400000E+00
      vertex 9.320000E+01 -2.250000E+00 1.400000E+00
      vertex 9.313636E+01 -2.775337E+00 0.000000E+00
    endloop
  endfacet
  facet normal 9.927091E-01 1.205352E-01 0.000000E+00
    outer loop
      vertex 8.250000E+01 1.050000E+00 7.000000E+00
      vertex 8.250000E+01 1.050000E+00 4.000000E+00
      vertex 8.232565E+01 2.485894E+00 4.000000E+00
    endloop
  endfacet
  facet normal 9.350159E-01 3.546060E-01 0.000000E+00
    outer loop
      vertex 8.232565E+01 2.485894E+00 7.000000E+00
      vertex 8.232565E+01 2.485894E+00 4.000000E+00
      vertex 8.181274E+01 3.838339E+00 4.000000E+00
    endloop
  endfacet
  facet normal 9.927091E-01 1.205352E-01 0.000000E+00
    outer loop
      vertex 8.232565E+01 2.485894E+00 7.000000E+00
      vertex 8.250000E+01 1.050000E+00 7.000000E+00
      vertex 8.232565E+01 2.485894E+00 4.000000E+00
    endloop
  endfacet
  facet normal 8.229843E-01 5.680642E-01 0.000000E+00
    outer loop
      vertex 8.181274E+01 3.838339E+00 7.000000E+00
      vertex 8.181274E+01 3.838339E+00 4.000000E+00
      vertex 8.099107E+01 5.028736E+00 4.000000E+00
    endloop
  endfacet
  facet normal 9.350159E-01 3.546060E-01 0.000000E+00
    outer loop
      vertex 8.181274E+01 3.838339E+00 7.000000E+00
      vertex 8.232565E+01 2.485894E+00 7.000000E+00
      vertex 8.181274E+01 3.838339E+00 4.000000E+00
    endloop
  endfacet
  facet normal 6.631213E-01 7.485120E-01 0.000000E+00
    outer loop
      vertex 8.099107E+01 5.028736E+00 7.000000E+00
      vertex 8.099107E+01 5.028736E+00 4.000000E+00
      vertex 7.990839E+01 5.987903E+00 4.000000E+00
    endloop
  endfacet
  facet normal 8.229843E-01 5.680642E-01 0.000000E+00
    outer loop
      vertex 8.099107E+01 5.028736E+00 7.000000E+00
      vertex 8.181274E+01 3.838339E+00 7.000000E+00
      vertex 8.099107E+01 5.028736E+00 4.000000E+00
    endloop
  endfacet
  facet normal 4.647247E-01 8.854552E-01 0.000000E+00
    outer loop
      vertex 7.990839E+01 5.987903E+00 7.000000E+00
      vertex 7.990839E+01 5.987903E+00 4.000000E+00
      vertex 7.862763E+01 6.660098E+00 4.000000E+00
    endloop
  endfacet
  facet normal 6.631213E-01 7.485120E-01 0.000000E+00
    outer loop
      vertex 7.990839E+01 5.987903E+00 7.000000E+00
      vertex 8.099107E+01 5.028736E+00 7.000000E+00
      vertex 7.990839E+01 5.987903E+00 4.000000E+00
    endloop
  endfacet
  facet normal 2.393152E-01 9.709420E-01 0.000000E+00
    outer loop
      vertex 7.862763E+01 6.660098E+00 7.000000E+00
      vertex 7.862763E+01 6.660098E+00 4.000000E+00
      vertex 7.722322E+01 7.006253E+00 4.000000E+00
    endloop
  endfacet
  facet normal 4.647247E-01 8.854552E-01 0.000000E+00
    outer loop
      vertex 7.862763E+01 6.660098E+00 7.000000E+00
      vertex 7.990839E+01 5.987903E+00 7.000000E+00
      vertex 7.862763E+01 6.660098E+00 4.000000E+00
    endloop
  endfacet
  facet normal 0.000000E+00 1.000000E+00 0.000000E+00
    outer loop
      vertex 7.722322E+01 7.006253E+00 7.000000E+00
      vertex 7.722322E+01 7.006253E+00 4.000000E+00
      vertex 7.577678E+01 7.006253E+00 4.000000E+00
    endloop
  endfacet
  facet normal 2.393152E-01 9.709420E-01 0.000000E+00
    outer loop
      vertex 7.722322E+01 7.006253E+00 7.000000E+00
      vertex 7.862763E+01 6.660098E+00 7.000000E+00
      vertex 7.722322E+01 7.006253E+00 4.000000E+00
    endloop
  endfacet
  facet normal -2.393152E-01 9.709420E-01 0.000000E+00
    outer loop
      vertex 7.577678E+01 7.006253E+00 7.000000E+00
      vertex 7.577678E+01 7.006253E+00 4.000000E+00
      vertex 7.437237E+01 6.660098E+00 4.000000E+00
    endloop
  endfacet
  facet normal -0.000000E+00 1.000000E+00 0.000000E+00
    outer loop
      vertex 7.577678E+01 7.006253E+00 7.000000E+00
      vertex 7.722322E+01 7.006253E+00 7.000000E+00
      vertex 7.577678E+01 7.006253E+00 4.000000E+00
    endloop
  endfacet
  facet normal -4.647247E-01 8.854552E-01 0.000000E+00
    outer loop
      vertex 7.437237E+01 6.660098E+00 7.000000E+00
      vertex 7.437237E+01 6.660098E+00 4.000000E+00
      vertex 7.309161E+01 5.987903E+00 4.000000E+00
    endloop
  endfacet
  facet normal -2.393152E-01 9.709420E-01 0.000000E+00
    outer loop
      vertex 7.437237E+01 6.660098E+00 7.000000E+00
      vertex 7.577678E+01 7.006253E+00 7.000000E+00
      vertex 7.437237E+01 6.660098E+00 4.000000E+00
    endloop
  endfacet
  facet normal -6.631213E-01 7.485120E-01 0.000000E+00
    outer loop
      vertex 7.309161E+01 5.987903E+00 7.000000E+00
      vertex 7.309161E+01 5.987903E+00 4.000000E+00
      vertex 7.200893E+01 5.028736E+00 4.000000E+00
    endloop
  endfacet
  facet normal -4.647247E-01 8.854552E-01 0.000000E+00
    outer loop
      vertex 7.309161E+01 5.987903E+00 7.000000E+00
      vertex 7.437237E+01 6.660098E+00 7.000000E+00
      vertex 7.309161E+01 5.987903E+00 4.000000E+00
    endloop
  endfacet
  facet normal -6.631213E-01 7.485120E-01 0.000000E+00
    outer loop
      vertex 7.200893E+01 5.028736E+00 7.000000E+00
      vertex 7.309161E+01 5.987903E+00 7.000000E+00
      vertex 7.200893E+01 5.028736E+00 4.000000E+00
    endloop
  endfacet
  facet normal -8.229843E-01 5.680642E-01 0.000000E+00
    outer loop
      vertex 7.118726E+01 3.838339E+00 7.000000E+00
      vertex 7.200893E+01 5.028736E+00 4.000000E+00
      vertex 7.118726E+01 3.838339E+00 4.000000E+00
    endloop
  endfacet
  facet normal -8.229843E-01 5.680642E-01 0.000000E+00
    outer loop
      vertex 7.118726E+01 3.838339E+00 7.000000E+00
      vertex 7.200893E+01 5.028736E+00 7.000000E+00
      vertex 7.200893E+01 5.028736E+00 4.000000E+00
    endloop
  endfacet
  facet normal -9.350159E-01 3.546060E-01 0.000000E+00
    outer loop
      vertex 7.067435E+01 2.485894E+00 7.000000E+00
      vertex 7.118726E+01 3.838339E+00 4.000000E+00
      vertex 7.067435E+01 2.485894E+00 4.000000E+00
    endloop
  endfacet
  facet normal -9.350159E-01 3.546060E-01 0.000000E+00
    outer loop
      vertex 7.067435E+01 2.485894E+00 7.000000E+00
      vertex 7.118726E+01 3.838339E+00 7.000000E+00
      vertex 7.118726E+01 3.838339E+00 4.000000E+00
    endloop
  endfacet
  facet normal -9.927091E-01 1.205352E-01 0.000000E+00
    outer loop
      vertex 7.050000E+01 1.050000E+00 7.000000E+00
      vertex 7.067435E+01 2.485894E+00 4.000000E+00
      vertex 7.050000E+01 1.050000E+00 4.000000E+00
    endloop
  endfacet
  facet normal -9.927091E-01 1.205352E-01 0.000000E+00
    outer loop
      vertex 7.050000E+01 1.050000E+00 7.000000E+00
      vertex 7.067435E+01 2.485894E+00 7.000000E+00
      vertex 7.067435E+01 2.485894E+00 4.000000E+00
    endloop
  endfacet
  facet normal 7.048731E-01 -7.942103E-02 7.048731E-01
    outer loop
      vertex 8.332449E+01 -5.076466E-01 3.000000E+00
      vertex 8.350000E+01 1.050000E+00 3.000000E+00
      vertex 8.250000E+01 1.050000E+00 4.000000E+00
    endloop
  endfacet
  facet normal 6.997670E-01 -8.496603E-02 7.093002E-01
    outer loop
      vertex 8.332449E+01 -5.076466E-01 3.000000E+00
      vertex 8.250000E+01 1.050000E+00 4.000000E+00
      vertex 8.232565E+01 -3.858940E-01 4.000000E+00
    endloop
  endfacet
  facet normal 6.553328E-01 -2.485358E-01 7.132804E-01
    outer loop
      vertex 8.280679E+01 -1.987186E+00 3.000000E+00
      vertex 8.232565E+01 -3.858940E-01 4.000000E+00
      vertex 8.181274E+01 -1.738339E+00 4.000000E+00
    endloop
  endfacet
  facet normal 6.731235E-01 -2.355336E-01 7.010198E-01
    outer loop
      vertex 8.280679E+01 -1.987186E+00 3.000000E+00
      vertex 8.332449E+01 -5.076466E-01 3.000000E+00
      vertex 8.232565E+01 -3.858940E-01 4.000000E+00
    endloop
  endfacet
  facet normal 5.741153E-01 -3.962827E-01 7.164857E-01
    outer loop
      vertex 8.197282E+01 -3.314429E+00 3.000000E+00
      vertex 8.181274E+01 -1.738339E+00 4.000000E+00
      vertex 8.099107E+01 -2.928736E+00 4.000000E+00
    endloop
  endfacet
  facet normal 6.065335E-01 -3.811102E-01 6.977623E-01
    outer loop
      vertex 8.197282E+01 -3.314429E+00 3.000000E+00
      vertex 8.280679E+01 -1.987186E+00 3.000000E+00
      vertex 8.181274E+01 -1.738339E+00 4.000000E+00
    endloop
  endfacet
  facet normal 4.609118E-01 -5.202637E-01 7.189479E-01
    outer loop
      vertex 8.086443E+01 -4.422821E+00 3.000000E+00
      vertex 8.099107E+01 -2.928736E+00 4.000000E+00
      vertex 7.990839E+01 -3.887903E+00 4.000000E+00
    endloop
  endfacet
  facet normal 5.083326E-01 -5.083356E-01 6.951209E-01
    outer loop
      vertex 8.086443E+01 -4.422821E+00 3.000000E+00
      vertex 8.197282E+01 -3.314429E+00 3.000000E+00
      vertex 8.099107E+01 -2.928736E+00 4.000000E+00
    endloop
  endfacet
  facet normal 3.221732E-01 -6.138471E-01 7.206914E-01
    outer loop
      vertex 7.953719E+01 -5.256782E+00 3.000000E+00
      vertex 7.990839E+01 -3.887903E+00 4.000000E+00
      vertex 7.862763E+01 -4.560098E+00 4.000000E+00
    endloop
  endfacet
  facet normal 3.835004E-01 -6.103364E-01 6.931211E-01
    outer loop
      vertex 7.953719E+01 -5.256782E+00 3.000000E+00
      vertex 8.086443E+01 -4.422821E+00 3.000000E+00
      vertex 7.990839E+01 -3.887903E+00 4.000000E+00
    endloop
  endfacet
  facet normal 1.656476E-01 -6.720598E-01 7.217316E-01
    outer loop
      vertex 7.805765E+01 -5.774496E+00 3.000000E+00
      vertex 7.862763E+01 -4.560098E+00 4.000000E+00
      vertex 7.722322E+01 -4.906253E+00 4.000000E+00
    endloop
  endfacet
  facet normal 2.384982E-01 -6.815875E-01 6.917782E-01
    outer loop
      vertex 7.805765E+01 -5.774496E+00 3.000000E+00
      vertex 7.953719E+01 -5.256782E+00 3.000000E+00
      vertex 7.862763E+01 -4.560098E+00 4.000000E+00
    endloop
  endfacet
  facet normal 0.000000E+00 -6.918127E-01 7.220771E-01
    outer loop
      vertex 7.650000E+01 -5.950000E+00 3.000000E+00
      vertex 7.722322E+01 -4.906253E+00 4.000000E+00
      vertex 7.577678E+01 -4.906253E+00 4.000000E+00
    endloop
  endfacet
  facet normal 8.092262E-02 -7.182103E-01 6.911045E-01
    outer loop
      vertex 7.650000E+01 -5.950000E+00 3.000000E+00
      vertex 7.805765E+01 -5.774496E+00 3.000000E+00
      vertex 7.722322E+01 -4.906253E+00 4.000000E+00
    endloop
  endfacet
  facet normal -1.656476E-01 -6.720598E-01 7.217316E-01
    outer loop
      vertex 7.494235E+01 -5.774496E+00 3.000000E+00
      vertex 7.577678E+01 -4.906253E+00 4.000000E+00
      vertex 7.437237E+01 -4.560098E+00 4.000000E+00
    endloop
  endfacet
  facet normal -8.092262E-02 -7.182103E-01 6.911045E-01
    outer loop
      vertex 7.494235E+01 -5.774496E+00 3.000000E+00
      vertex 7.650000E+01 -5.950000E+00 3.000000E+00
      vertex 7.577678E+01 -4.906253E+00 4.000000E+00
    endloop
  endfacet
  facet normal -3.221732E-01 -6.138471E-01 7.206914E-01
    outer loop
      vertex 7.346281E+01 -5.256782E+00 3.000000E+00
      vertex 7.437237E+01 -4.560098E+00 4.000000E+00
      vertex 7.309161E+01 -3.887903E+00 4.000000E+00
    endloop
  endfacet
  facet normal -2.384982E-01 -6.815875E-01 6.917782E-01
    outer loop
      vertex 7.346281E+01 -5.256782E+00 3.000000E+00
      vertex 7.494235E+01 -5.774496E+00 3.000000E+00
      vertex 7.437237E+01 -4.560098E+00 4.000000E+00
    endloop
  endfacet
  facet normal -4.609118E-01 -5.202637E-01 7.189479E-01
    outer loop
      vertex 7.213557E+01 -4.422821E+00 3.000000E+00
      vertex 7.309161E+01 -3.887903E+00 4.000000E+00
      vertex 7.200893E+01 -2.928736E+00 4.000000E+00
    endloop
  endfacet
  facet normal -3.835004E-01 -6.103364E-01 6.931210E-01
    outer loop
      vertex 7.213557E+01 -4.422821E+00 3.000000E+00
      vertex 7.346281E+01 -5.256782E+00 3.000000E+00
      vertex 7.309161E+01 -3.887903E+00 4.000000E+00
    endloop
  endfacet
  facet normal -5.741153E-01 -3.962827E-01 7.164857E-01
    outer loop
      vertex 7.102718E+01 -3.314429E+00 3.000000E+00
      vertex 7.200893E+01 -2.928736E+00 4.000000E+00
      vertex 7.118726E+01 -1.738339E+00 4.000000E+00
    endloop
  endfacet
  facet normal -5.083326E-01 -5.083356E-01 6.951209E-01
    outer loop
      vertex 7.102718E+01 -3.314429E+00 3.000000E+00
      vertex 7.213557E+01 -4.422821E+00 3.000000E+00
      vertex 7.200893E+01 -2.928736E+00 4.000000E+00
    endloop
  endfacet
  facet normal -6.553328E-01 -2.485358E-01 7.132804E-01
    outer loop
      vertex 7.019321E+01 -1.987186E+00 3.000000E+00
      vertex 7.118726E+01 -1.738339E+00 4.000000E+00
      vertex 7.067435E+01 -3.858940E-01 4.000000E+00
    endloop
  endfacet
  facet normal -6.065335E-01 -3.811102E-01 6.977623E-01
    outer loop
      vertex 7.019321E+01 -1.987186E+00 3.000000E+00
      vertex 7.102718E+01 -3.314429E+00 3.000000E+00
      vertex 7.118726E+01 -1.738339E+00 4.000000E+00
    endloop
  endfacet
  facet normal -6.731235E-01 -2.355336E-01 7.010198E-01
    outer loop
      vertex 6.967551E+01 -5.076466E-01 3.000000E+00
      vertex 7.019321E+01 -1.987186E+00 3.000000E+00
      vertex 7.067435E+01 -3.858940E-01 4.000000E+00
    endloop
  endfacet
  facet normal -6.997670E-01 -8.496603E-02 7.093003E-01
    outer loop
      vertex 7.050000E+01 1.050000E+00 4.000000E+00
      vertex 6.967551E+01 -5.076466E-01 3.000000E+00
      vertex 7.067435E+01 -3.858940E-01 4.000000E+00
    endloop
  endfacet
  facet normal -7.048731E-01 -7.942103E-02 7.048731E-01
    outer loop
      vertex 6.950000E+01 1.050000E+00 3.000000E+00
      vertex 6.967551E+01 -5.076466E-01 3.000000E+00
      vertex 7.050000E+01 1.050000E+00 4.000000E+00
    endloop
  endfacet
  facet normal 9.951846E-01 0.000000E+00 9.801827E-02
    outer loop
      vertex 2.580000E+01 -8.550000E+00 7.500000E+00
      vertex 2.582306E+01 -1.015000E+01 7.265892E+00
      vertex 2.582306E+01 -8.550000E+00 7.265892E+00
    endloop
  endfacet
  facet normal 9.951846E-01 -0.000000E+00 9.801827E-02
    outer loop
      vertex 2.580000E+01 -1.015000E+01 7.500000E+00
      vertex 2.582306E+01 -1.015000E+01 7.265892E+00
      vertex 2.580000E+01 -8.550000E+00 7.500000E+00
    endloop
  endfacet
  facet normal 9.569402E-01 0.000000E+00 2.902850E-01
    outer loop
      vertex 2.582306E+01 -8.550000E+00 7.265892E+00
      vertex 2.589134E+01 -1.015000E+01 7.040780E+00
      vertex 2.589134E+01 -8.550000E+00 7.040780E+00
    endloop
  endfacet
  facet normal 9.569402E-01 -0.000000E+00 2.902850E-01
    outer loop
      vertex 2.582306E+01 -1.015000E+01 7.265892E+00
      vertex 2.589134E+01 -1.015000E+01 7.040780E+00
      vertex 2.582306E+01 -8.550000E+00 7.265892E+00
    endloop
  endfacet
  facet normal 8.819190E-01 0.000000E+00 4.714011E-01
    outer loop
      vertex 2.589134E+01 -8.550000E+00 7.040780E+00
      vertex 2.600224E+01 -1.015000E+01 6.833316E+00
      vertex 2.600224E+01 -8.550000E+00 6.833316E+00
    endloop
  endfacet
  facet normal 8.819190E-01 -0.000000E+00 4.714011E-01
    outer loop
      vertex 2.589134E+01 -1.015000E+01 7.040780E+00
      vertex 2.600224E+01 -1.015000E+01 6.833316E+00
      vertex 2.589134E+01 -8.550000E+00 7.040780E+00
    endloop
  endfacet
  facet normal 7.730116E-01 0.000000E+00 6.343919E-01
    outer loop
      vertex 2.600224E+01 -8.550000E+00 6.833316E+00
      vertex 2.615147E+01 -1.015000E+01 6.651472E+00
      vertex 2.615147E+01 -8.550000E+00 6.651472E+00
    endloop
  endfacet
  facet normal 7.730116E-01 -0.000000E+00 6.343919E-01
    outer loop
      vertex 2.600224E+01 -1.015000E+01 6.833316E+00
      vertex 2.615147E+01 -1.015000E+01 6.651472E+00
      vertex 2.600224E+01 -8.550000E+00 6.833316E+00
    endloop
  endfacet
  facet normal 6.190957E-01 0.000000E+00 7.853156E-01
    outer loop
      vertex 2.615147E+01 -8.550000E+00 6.651472E+00
      vertex 2.637300E+01 -1.015000E+01 6.476832E+00
      vertex 2.637300E+01 -8.550000E+00 6.476832E+00
    endloop
  endfacet
  facet normal 6.190957E-01 -0.000000E+00 7.853156E-01
    outer loop
      vertex 2.615147E+01 -1.015000E+01 6.651472E+00
      vertex 2.637300E+01 -1.015000E+01 6.476832E+00
      vertex 2.615147E+01 -8.550000E+00 6.651472E+00
    endloop
  endfacet
  facet normal 4.186599E-01 0.000000E+00 9.081431E-01
    outer loop
      vertex 2.637300E+01 -8.550000E+00 6.476832E+00
      vertex 2.662918E+01 -1.015000E+01 6.358732E+00
      vertex 2.662918E+01 -8.550000E+00 6.358732E+00
    endloop
  endfacet
  facet normal 4.186599E-01 -0.000000E+00 9.081431E-01
    outer loop
      vertex 2.637300E+01 -1.015000E+01 6.476832E+00
      vertex 2.662918E+01 -1.015000E+01 6.358732E+00
      vertex 2.637300E+01 -8.550000E+00 6.476832E+00
    endloop
  endfacet
  facet normal 1.950904E-01 0.000000E+00 9.807853E-01
    outer loop
      vertex 2.662918E+01 -8.550000E+00 6.358732E+00
      vertex 2.690585E+01 -1.015000E+01 6.303699E+00
      vertex 2.690585E+01 -8.550000E+00 6.303699E+00
    endloop
  endfacet
  facet normal 1.950904E-01 -0.000000E+00 9.807853E-01
    outer loop
      vertex 2.662918E+01 -1.015000E+01 6.358732E+00
      vertex 2.690585E+01 -1.015000E+01 6.303699E+00
      vertex 2.662918E+01 -8.550000E+00 6.358732E+00
    endloop
  endfacet
  facet normal -3.926069E-02 0.000000E+00 9.992290E-01
    outer loop
      vertex 2.690585E+01 -8.550000E+00 6.303699E+00
      vertex 2.718772E+01 -1.015000E+01 6.314774E+00
      vertex 2.718772E+01 -8.550000E+00 6.314774E+00
    endloop
  endfacet
  facet normal -3.926069E-02 0.000000E+00 9.992290E-01
    outer loop
      vertex 2.690585E+01 -1.015000E+01 6.303699E+00
      vertex 2.718772E+01 -1.015000E+01 6.314774E+00
      vertex 2.690585E+01 -8.550000E+00 6.303699E+00
    endloop
  endfacet
  facet normal -2.714395E-01 0.000000E+00 9.624556E-01
    outer loop
      vertex 2.718772E+01 -8.550000E+00 6.314774E+00
      vertex 2.745922E+01 -1.015000E+01 6.391345E+00
      vertex 2.745922E+01 -8.550000E+00 6.391345E+00
    endloop
  endfacet
  facet normal -2.714395E-01 0.000000E+00 9.624556E-01
    outer loop
      vertex 2.718772E+01 -1.015000E+01 6.314774E+00
      vertex 2.745922E+01 -1.015000E+01 6.391345E+00
      vertex 2.718772E+01 -8.550000E+00 6.314774E+00
    endloop
  endfacet
  facet normal -4.886209E-01 0.000000E+00 8.724962E-01
    outer loop
      vertex 2.745922E+01 -8.550000E+00 6.391345E+00
      vertex 2.770534E+01 -1.015000E+01 6.529180E+00
      vertex 2.770534E+01 -8.550000E+00 6.529180E+00
    endloop
  endfacet
  facet normal -4.886209E-01 0.000000E+00 8.724962E-01
    outer loop
      vertex 2.745922E+01 -1.015000E+01 6.391345E+00
      vertex 2.770534E+01 -1.015000E+01 6.529180E+00
      vertex 2.745922E+01 -8.550000E+00 6.391345E+00
    endloop
  endfacet
  facet normal -6.788023E-01 0.000000E+00 7.343211E-01
    outer loop
      vertex 2.770534E+01 -8.550000E+00 6.529180E+00
      vertex 2.791249E+01 -1.015000E+01 6.720662E+00
      vertex 2.791249E+01 -8.550000E+00 6.720662E+00
    endloop
  endfacet
  facet normal -6.788023E-01 0.000000E+00 7.343211E-01
    outer loop
      vertex 2.770534E+01 -1.015000E+01 6.529180E+00
      vertex 2.791249E+01 -1.015000E+01 6.720662E+00
      vertex 2.770534E+01 -8.550000E+00 6.529180E+00
    endloop
  endfacet
  facet normal -8.314689E-01 0.000000E+00 5.555714E-01
    outer loop
      vertex 2.791249E+01 -8.550000E+00 6.720662E+00
      vertex 2.806921E+01 -1.015000E+01 6.955211E+00
      vertex 2.806921E+01 -8.550000E+00 6.955211E+00
    endloop
  endfacet
  facet normal -8.314689E-01 0.000000E+00 5.555714E-01
    outer loop
      vertex 2.791249E+01 -1.015000E+01 6.720662E+00
      vertex 2.806921E+01 -1.015000E+01 6.955211E+00
      vertex 2.791249E+01 -8.550000E+00 6.720662E+00
    endloop
  endfacet
  facet normal -9.930679E-01 0.000000E+00 1.175419E-01
    outer loop
      vertex 2.816684E+01 -8.550000E+00 7.219866E+00
      vertex 2.816684E+01 -1.015000E+01 7.219866E+00
      vertex 2.820000E+01 -8.550000E+00 7.500000E+00
    endloop
  endfacet
  facet normal -9.381925E-01 0.000000E+00 3.461140E-01
    outer loop
      vertex 2.806921E+01 -8.550000E+00 6.955211E+00
      vertex 2.816684E+01 -1.015000E+01 7.219866E+00
      vertex 2.816684E+01 -8.550000E+00 7.219866E+00
    endloop
  endfacet
  facet normal -9.381925E-01 0.000000E+00 3.461140E-01
    outer loop
      vertex 2.806921E+01 -1.015000E+01 6.955211E+00
      vertex 2.816684E+01 -1.015000E+01 7.219866E+00
      vertex 2.806921E+01 -8.550000E+00 6.955211E+00
    endloop
  endfacet
  facet normal -9.930679E-01 0.000000E+00 1.175419E-01
    outer loop
      vertex 2.816684E+01 -1.015000E+01 7.219866E+00
      vertex 2.820000E+01 -1.015000E+01 7.500000E+00
      vertex 2.820000E+01 -8.550000E+00 7.500000E+00
    endloop
  endfacet
  facet normal 9.951854E-01 9.801044E-02 0.000000E+00
    outer loop
      vertex 7.130000E+01 2.825000E+01 1.400000E+00
      vertex 7.132306E+01 2.801589E+01 3.000000E+00
      vertex 7.132306E+01 2.801589E+01 1.400000E+00
    endloop
  endfacet
  facet normal 9.951854E-01 9.801044E-02 0.000000E+00
    outer loop
      vertex 7.130000E+01 2.825000E+01 3.000000E+00
      vertex 7.132306E+01 2.801589E+01 3.000000E+00
      vertex 7.130000E+01 2.825000E+01 1.400000E+00
    endloop
  endfacet
  facet normal 9.569453E-01 2.902684E-01 0.000000E+00
    outer loop
      vertex 7.132306E+01 2.801589E+01 1.400000E+00
      vertex 7.139134E+01 2.779078E+01 3.000000E+00
      vertex 7.139134E+01 2.779078E+01 1.400000E+00
    endloop
  endfacet
  facet normal 9.569453E-01 2.902684E-01 0.000000E+00
    outer loop
      vertex 7.132306E+01 2.801589E+01 3.000000E+00
      vertex 7.139134E+01 2.779078E+01 3.000000E+00
      vertex 7.132306E+01 2.801589E+01 1.400000E+00
    endloop
  endfacet
  facet normal 8.819189E-01 4.714011E-01 0.000000E+00
    outer loop
      vertex 7.139134E+01 2.779078E+01 1.400000E+00
      vertex 7.150224E+01 2.758331E+01 3.000000E+00
      vertex 7.150224E+01 2.758331E+01 1.400000E+00
    endloop
  endfacet
  facet normal 8.819189E-01 4.714011E-01 0.000000E+00
    outer loop
      vertex 7.139134E+01 2.779078E+01 3.000000E+00
      vertex 7.150224E+01 2.758331E+01 3.000000E+00
      vertex 7.139134E+01 2.779078E+01 1.400000E+00
    endloop
  endfacet
  facet normal 7.730020E-01 6.344036E-01 0.000000E+00
    outer loop
      vertex 7.150224E+01 2.758331E+01 1.400000E+00
      vertex 7.165147E+01 2.740147E+01 3.000000E+00
      vertex 7.165147E+01 2.740147E+01 1.400000E+00
    endloop
  endfacet
  facet normal 7.730020E-01 6.344036E-01 0.000000E+00
    outer loop
      vertex 7.150224E+01 2.758331E+01 3.000000E+00
      vertex 7.165147E+01 2.740147E+01 3.000000E+00
      vertex 7.150224E+01 2.758331E+01 1.400000E+00
    endloop
  endfacet
  facet normal 6.191000E-01 7.853122E-01 0.000000E+00
    outer loop
      vertex 7.165147E+01 2.740147E+01 1.400000E+00
      vertex 7.187300E+01 2.722683E+01 3.000000E+00
      vertex 7.187300E+01 2.722683E+01 1.400000E+00
    endloop
  endfacet
  facet normal 6.191000E-01 7.853122E-01 0.000000E+00
    outer loop
      vertex 7.165147E+01 2.740147E+01 3.000000E+00
      vertex 7.187300E+01 2.722683E+01 3.000000E+00
      vertex 7.165147E+01 2.740147E+01 1.400000E+00
    endloop
  endfacet
  facet normal 4.186560E-01 9.081450E-01 0.000000E+00
    outer loop
      vertex 7.187300E+01 2.722683E+01 1.400000E+00
      vertex 7.212918E+01 2.710873E+01 3.000000E+00
      vertex 7.212918E+01 2.710873E+01 1.400000E+00
    endloop
  endfacet
  facet normal 4.186560E-01 9.081450E-01 0.000000E+00
    outer loop
      vertex 7.187300E+01 2.722683E+01 3.000000E+00
      vertex 7.212918E+01 2.710873E+01 3.000000E+00
      vertex 7.187300E+01 2.722683E+01 1.400000E+00
    endloop
  endfacet
  facet normal 1.950927E-01 9.807848E-01 0.000000E+00
    outer loop
      vertex 7.212918E+01 2.710873E+01 1.400000E+00
      vertex 7.240585E+01 2.705370E+01 3.000000E+00
      vertex 7.240585E+01 2.705370E+01 1.400000E+00
    endloop
  endfacet
  facet normal 1.950927E-01 9.807848E-01 0.000000E+00
    outer loop
      vertex 7.212918E+01 2.710873E+01 3.000000E+00
      vertex 7.240585E+01 2.705370E+01 3.000000E+00
      vertex 7.212918E+01 2.710873E+01 1.400000E+00
    endloop
  endfacet
  facet normal -3.925678E-02 9.992291E-01 0.000000E+00
    outer loop
      vertex 7.240585E+01 2.705370E+01 1.400000E+00
      vertex 7.268772E+01 2.706477E+01 3.000000E+00
      vertex 7.268772E+01 2.706477E+01 1.400000E+00
    endloop
  endfacet
  facet normal -3.925678E-02 9.992291E-01 0.000000E+00
    outer loop
      vertex 7.240585E+01 2.705370E+01 3.000000E+00
      vertex 7.268772E+01 2.706477E+01 3.000000E+00
      vertex 7.240585E+01 2.705370E+01 1.400000E+00
    endloop
  endfacet
  facet normal -2.714394E-01 9.624555E-01 0.000000E+00
    outer loop
      vertex 7.268772E+01 2.706477E+01 1.400000E+00
      vertex 7.295922E+01 2.714134E+01 3.000000E+00
      vertex 7.295922E+01 2.714134E+01 1.400000E+00
    endloop
  endfacet
  facet normal -2.714394E-01 9.624555E-01 0.000000E+00
    outer loop
      vertex 7.268772E+01 2.706477E+01 3.000000E+00
      vertex 7.295922E+01 2.714134E+01 3.000000E+00
      vertex 7.268772E+01 2.706477E+01 1.400000E+00
    endloop
  endfacet
  facet normal -4.886219E-01 8.724957E-01 0.000000E+00
    outer loop
      vertex 7.295922E+01 2.714134E+01 1.400000E+00
      vertex 7.320535E+01 2.727918E+01 3.000000E+00
      vertex 7.320535E+01 2.727918E+01 1.400000E+00
    endloop
  endfacet
  facet normal -4.886219E-01 8.724957E-01 0.000000E+00
    outer loop
      vertex 7.295922E+01 2.714134E+01 3.000000E+00
      vertex 7.320535E+01 2.727918E+01 3.000000E+00
      vertex 7.295922E+01 2.714134E+01 1.400000E+00
    endloop
  endfacet
  facet normal -6.787989E-01 7.343242E-01 0.000000E+00
    outer loop
      vertex 7.320535E+01 2.727918E+01 1.400000E+00
      vertex 7.341249E+01 2.747066E+01 3.000000E+00
      vertex 7.341249E+01 2.747066E+01 1.400000E+00
    endloop
  endfacet
  facet normal -6.787989E-01 7.343242E-01 0.000000E+00
    outer loop
      vertex 7.320535E+01 2.727918E+01 3.000000E+00
      vertex 7.341249E+01 2.747066E+01 3.000000E+00
      vertex 7.320535E+01 2.727918E+01 1.400000E+00
    endloop
  endfacet
  facet normal -8.314777E-01 5.555581E-01 0.000000E+00
    outer loop
      vertex 7.341249E+01 2.747066E+01 1.400000E+00
      vertex 7.356921E+01 2.770521E+01 3.000000E+00
      vertex 7.356921E+01 2.770521E+01 1.400000E+00
    endloop
  endfacet
  facet normal -8.314777E-01 5.555581E-01 0.000000E+00
    outer loop
      vertex 7.341249E+01 2.747066E+01 3.000000E+00
      vertex 7.356921E+01 2.770521E+01 3.000000E+00
      vertex 7.341249E+01 2.747066E+01 1.400000E+00
    endloop
  endfacet
  facet normal -9.381856E-01 3.461324E-01 0.000000E+00
    outer loop
      vertex 7.356921E+01 2.770521E+01 1.400000E+00
      vertex 7.366685E+01 2.796987E+01 3.000000E+00
      vertex 7.366685E+01 2.796987E+01 1.400000E+00
    endloop
  endfacet
  facet normal -9.381856E-01 3.461324E-01 0.000000E+00
    outer loop
      vertex 7.356921E+01 2.770521E+01 3.000000E+00
      vertex 7.366685E+01 2.796987E+01 3.000000E+00
      vertex 7.356921E+01 2.770521E+01 1.400000E+00
    endloop
  endfacet
  facet normal -9.930711E-01 1.175152E-01 0.000000E+00
    outer loop
      vertex 7.366685E+01 2.796987E+01 1.400000E+00
      vertex 7.370000E+01 2.825000E+01 3.000000E+00
      vertex 7.370000E+01 2.825000E+01 1.400000E+00
    endloop
  endfacet
  facet normal -9.930711E-01 1.175152E-01 0.000000E+00
    outer loop
      vertex 7.366685E+01 2.796987E+01 3.000000E+00
      vertex 7.370000E+01 2.825000E+01 3.000000E+00
      vertex 7.366685E+01 2.796987E+01 1.400000E+00
    endloop
  endfacet
  facet normal 9.951847E-01 9.801847E-02 0.000000E+00
    outer loop
      vertex -2.470000E+01 2.825000E+01 1.400000E+00
      vertex -2.467694E+01 2.801589E+01 3.000000E+00
      vertex -2.467694E+01 2.801589E+01 1.400000E+00
    endloop
  endfacet
  facet normal 9.951847E-01 9.801847E-02 0.000000E+00
    outer loop
      vertex -2.470000E+01 2.825000E+01 3.000000E+00
      vertex -2.467694E+01 2.801589E+01 3.000000E+00
      vertex -2.470000E+01 2.825000E+01 1.400000E+00
    endloop
  endfacet
  facet normal 9.569407E-01 2.902833E-01 0.000000E+00
    outer loop
      vertex -2.467694E+01 2.801589E+01 1.400000E+00
      vertex -2.460866E+01 2.779078E+01 3.000000E+00
      vertex -2.460866E+01 2.779078E+01 1.400000E+00
    endloop
  endfacet
  facet normal 9.569407E-01 2.902833E-01 0.000000E+00
    outer loop
      vertex -2.467694E+01 2.801589E+01 3.000000E+00
      vertex -2.460866E+01 2.779078E+01 3.000000E+00
      vertex -2.467694E+01 2.801589E+01 1.400000E+00
    endloop
  endfacet
  facet normal 8.819189E-01 4.714011E-01 0.000000E+00
    outer loop
      vertex -2.460866E+01 2.779078E+01 1.400000E+00
      vertex -2.449776E+01 2.758331E+01 3.000000E+00
      vertex -2.449776E+01 2.758331E+01 1.400000E+00
    endloop
  endfacet
  facet normal 8.819189E-01 4.714011E-01 0.000000E+00
    outer loop
      vertex -2.460866E+01 2.779078E+01 3.000000E+00
      vertex -2.449776E+01 2.758331E+01 3.000000E+00
      vertex -2.460866E+01 2.779078E+01 1.400000E+00
    endloop
  endfacet
  facet normal 7.730100E-01 6.343939E-01 0.000000E+00
    outer loop
      vertex -2.449776E+01 2.758331E+01 1.400000E+00
      vertex -2.434853E+01 2.740147E+01 3.000000E+00
      vertex -2.434853E+01 2.740147E+01 1.400000E+00
    endloop
  endfacet
  facet normal 7.730100E-01 6.343939E-01 0.000000E+00
    outer loop
      vertex -2.449776E+01 2.758331E+01 3.000000E+00
      vertex -2.434853E+01 2.740147E+01 3.000000E+00
      vertex -2.449776E+01 2.758331E+01 1.400000E+00
    endloop
  endfacet
  facet normal 6.190968E-01 7.853147E-01 0.000000E+00
    outer loop
      vertex -2.434853E+01 2.740147E+01 1.400000E+00
      vertex -2.412700E+01 2.722683E+01 3.000000E+00
      vertex -2.412700E+01 2.722683E+01 1.400000E+00
    endloop
  endfacet
  facet normal 6.190968E-01 7.853147E-01 0.000000E+00
    outer loop
      vertex -2.434853E+01 2.740147E+01 3.000000E+00
      vertex -2.412700E+01 2.722683E+01 3.000000E+00
      vertex -2.434853E+01 2.740147E+01 1.400000E+00
    endloop
  endfacet
  facet normal 4.186585E-01 9.081437E-01 0.000000E+00
    outer loop
      vertex -2.412700E+01 2.722683E+01 1.400000E+00
      vertex -2.387082E+01 2.710873E+01 3.000000E+00
      vertex -2.387082E+01 2.710873E+01 1.400000E+00
    endloop
  endfacet
  facet normal 4.186585E-01 9.081437E-01 0.000000E+00
    outer loop
      vertex -2.412700E+01 2.722683E+01 3.000000E+00
      vertex -2.387082E+01 2.710873E+01 3.000000E+00
      vertex -2.412700E+01 2.722683E+01 1.400000E+00
    endloop
  endfacet
  facet normal 1.950888E-01 9.807855E-01 0.000000E+00
    outer loop
      vertex -2.387082E+01 2.710873E+01 1.400000E+00
      vertex -2.359415E+01 2.705370E+01 3.000000E+00
      vertex -2.359415E+01 2.705370E+01 1.400000E+00
    endloop
  endfacet
  facet normal 1.950888E-01 9.807855E-01 0.000000E+00
    outer loop
      vertex -2.387082E+01 2.710873E+01 3.000000E+00
      vertex -2.359415E+01 2.705370E+01 3.000000E+00
      vertex -2.387082E+01 2.710873E+01 1.400000E+00
    endloop
  endfacet
  facet normal -3.925731E-02 9.992291E-01 0.000000E+00
    outer loop
      vertex -2.359415E+01 2.705370E+01 1.400000E+00
      vertex -2.331228E+01 2.706477E+01 3.000000E+00
      vertex -2.331228E+01 2.706477E+01 1.400000E+00
    endloop
  endfacet
  facet normal -3.925731E-02 9.992291E-01 0.000000E+00
    outer loop
      vertex -2.359415E+01 2.705370E+01 3.000000E+00
      vertex -2.331228E+01 2.706477E+01 3.000000E+00
      vertex -2.359415E+01 2.705370E+01 1.400000E+00
    endloop
  endfacet
  facet normal -2.714394E-01 9.624555E-01 0.000000E+00
    outer loop
      vertex -2.331228E+01 2.706477E+01 1.400000E+00
      vertex -2.304078E+01 2.714134E+01 3.000000E+00
      vertex -2.304078E+01 2.714134E+01 1.400000E+00
    endloop
  endfacet
  facet normal -2.714394E-01 9.624555E-01 0.000000E+00
    outer loop
      vertex -2.331228E+01 2.706477E+01 3.000000E+00
      vertex -2.304078E+01 2.714134E+01 3.000000E+00
      vertex -2.331228E+01 2.706477E+01 1.400000E+00
    endloop
  endfacet
  facet normal -4.886248E-01 8.724940E-01 0.000000E+00
    outer loop
      vertex -2.304078E+01 2.714134E+01 1.400000E+00
      vertex -2.279466E+01 2.727918E+01 3.000000E+00
      vertex -2.279466E+01 2.727918E+01 1.400000E+00
    endloop
  endfacet
  facet normal -4.886248E-01 8.724940E-01 0.000000E+00
    outer loop
      vertex -2.304078E+01 2.714134E+01 3.000000E+00
      vertex -2.279466E+01 2.727918E+01 3.000000E+00
      vertex -2.304078E+01 2.714134E+01 1.400000E+00
    endloop
  endfacet
  facet normal -6.788023E-01 7.343211E-01 0.000000E+00
    outer loop
      vertex -2.279466E+01 2.727918E+01 1.400000E+00
      vertex -2.258751E+01 2.747066E+01 3.000000E+00
      vertex -2.258751E+01 2.747066E+01 1.400000E+00
    endloop
  endfacet
  facet normal -6.788023E-01 7.343211E-01 0.000000E+00
    outer loop
      vertex -2.279466E+01 2.727918E+01 3.000000E+00
      vertex -2.258751E+01 2.747066E+01 3.000000E+00
      vertex -2.279466E+01 2.727918E+01 1.400000E+00
    endloop
  endfacet
  facet normal -8.314684E-01 5.555722E-01 0.000000E+00
    outer loop
      vertex -2.258751E+01 2.747066E+01 1.400000E+00
      vertex -2.243079E+01 2.770521E+01 3.000000E+00
      vertex -2.243079E+01 2.770521E+01 1.400000E+00
    endloop
  endfacet
  facet normal -8.314684E-01 5.555722E-01 0.000000E+00
    outer loop
      vertex -2.258751E+01 2.747066E+01 3.000000E+00
      vertex -2.243079E+01 2.770521E+01 3.000000E+00
      vertex -2.258751E+01 2.747066E+01 1.400000E+00
    endloop
  endfacet
  facet normal -9.381922E-01 3.461145E-01 0.000000E+00
    outer loop
      vertex -2.243079E+01 2.770521E+01 1.400000E+00
      vertex -2.233316E+01 2.796987E+01 3.000000E+00
      vertex -2.233316E+01 2.796987E+01 1.400000E+00
    endloop
  endfacet
  facet normal -9.381922E-01 3.461145E-01 0.000000E+00
    outer loop
      vertex -2.243079E+01 2.770521E+01 3.000000E+00
      vertex -2.233316E+01 2.796987E+01 3.000000E+00
      vertex -2.243079E+01 2.770521E+01 1.400000E+00
    endloop
  endfacet
  facet normal -9.930679E-01 1.175419E-01 0.000000E+00
    outer loop
      vertex -2.233316E+01 2.796987E+01 1.400000E+00
      vertex -2.230000E+01 2.825000E+01 3.000000E+00
      vertex -2.230000E+01 2.825000E+01 1.400000E+00
    endloop
  endfacet
  facet normal -9.930679E-01 1.175419E-01 0.000000E+00
    outer loop
      vertex -2.233316E+01 2.796987E+01 3.000000E+00
      vertex -2.230000E+01 2.825000E+01 3.000000E+00
      vertex -2.233316E+01 2.796987E+01 1.400000E+00
    endloop
  endfacet
  facet normal 9.973894E-01 7.221135E-02 -0.000000E+00
    outer loop
      vertex 7.030000E+01 2.825000E+01 0.000000E+00
      vertex 7.030000E+01 2.825000E+01 1.400000E+00
      vertex 7.032295E+01 2.793302E+01 0.000000E+00
    endloop
  endfacet
  facet normal 9.765716E-01 2.151928E-01 -0.000000E+00
    outer loop
      vertex 7.032295E+01 2.793302E+01 0.000000E+00
      vertex 7.032295E+01 2.793302E+01 1.400000E+00
      vertex 7.039134E+01 2.762266E+01 0.000000E+00
    endloop
  endfacet
  facet normal 9.973894E-01 7.221135E-02 0.000000E+00
    outer loop
      vertex 7.030000E+01 2.825000E+01 1.400000E+00
      vertex 7.032295E+01 2.793302E+01 1.400000E+00
      vertex 7.032295E+01 2.793302E+01 0.000000E+00
    endloop
  endfacet
  facet normal 9.353819E-01 3.536393E-01 -0.000000E+00
    outer loop
      vertex 7.039134E+01 2.762266E+01 0.000000E+00
      vertex 7.039134E+01 2.762266E+01 1.400000E+00
      vertex 7.050373E+01 2.732539E+01 0.000000E+00
    endloop
  endfacet
  facet normal 9.765716E-01 2.151928E-01 0.000000E+00
    outer loop
      vertex 7.032295E+01 2.793302E+01 1.400000E+00
      vertex 7.039134E+01 2.762266E+01 1.400000E+00
      vertex 7.039134E+01 2.762266E+01 0.000000E+00
    endloop
  endfacet
  facet normal 9.353819E-01 3.536393E-01 0.000000E+00
    outer loop
      vertex 7.039134E+01 2.762266E+01 1.400000E+00
      vertex 7.050373E+01 2.732539E+01 1.400000E+00
      vertex 7.050373E+01 2.732539E+01 0.000000E+00
    endloop
  endfacet
  facet normal 8.489372E-01 5.284938E-01 0.000000E+00
    outer loop
      vertex 7.050373E+01 2.732539E+01 0.000000E+00
      vertex 7.078922E+01 2.686680E+01 1.400000E+00
      vertex 7.078922E+01 2.686680E+01 0.000000E+00
    endloop
  endfacet
  facet normal 8.489372E-01 5.284938E-01 0.000000E+00
    outer loop
      vertex 7.050373E+01 2.732539E+01 1.400000E+00
      vertex 7.078922E+01 2.686680E+01 1.400000E+00
      vertex 7.050373E+01 2.732539E+01 0.000000E+00
    endloop
  endfacet
  facet normal 6.945476E-01 7.194467E-01 0.000000E+00
    outer loop
      vertex 7.078922E+01 2.686680E+01 0.000000E+00
      vertex 7.117787E+01 2.649160E+01 1.400000E+00
      vertex 7.117787E+01 2.649160E+01 0.000000E+00
    endloop
  endfacet
  facet normal 6.945476E-01 7.194467E-01 0.000000E+00
    outer loop
      vertex 7.078922E+01 2.686680E+01 1.400000E+00
      vertex 7.117787E+01 2.649160E+01 1.400000E+00
      vertex 7.078922E+01 2.686680E+01 0.000000E+00
    endloop
  endfacet
  facet normal 4.982915E-01 8.670096E-01 0.000000E+00
    outer loop
      vertex 7.117787E+01 2.649160E+01 0.000000E+00
      vertex 7.164623E+01 2.622242E+01 1.400000E+00
      vertex 7.164623E+01 2.622242E+01 0.000000E+00
    endloop
  endfacet
  facet normal 4.982915E-01 8.670096E-01 0.000000E+00
    outer loop
      vertex 7.117787E+01 2.649160E+01 1.400000E+00
      vertex 7.164623E+01 2.622242E+01 1.400000E+00
      vertex 7.117787E+01 2.649160E+01 0.000000E+00
    endloop
  endfacet
  facet normal 2.719887E-01 9.623004E-01 0.000000E+00
    outer loop
      vertex 7.164623E+01 2.622242E+01 0.000000E+00
      vertex 7.216607E+01 2.607549E+01 1.400000E+00
      vertex 7.216607E+01 2.607549E+01 0.000000E+00
    endloop
  endfacet
  facet normal 2.719887E-01 9.623004E-01 0.000000E+00
    outer loop
      vertex 7.164623E+01 2.622242E+01 1.400000E+00
      vertex 7.216607E+01 2.607549E+01 1.400000E+00
      vertex 7.164623E+01 2.622242E+01 0.000000E+00
    endloop
  endfacet
  facet normal 2.928803E-02 9.995710E-01 0.000000E+00
    outer loop
      vertex 7.216607E+01 2.607549E+01 0.000000E+00
      vertex 7.270604E+01 2.605967E+01 1.400000E+00
      vertex 7.270604E+01 2.605967E+01 0.000000E+00
    endloop
  endfacet
  facet normal 2.928803E-02 9.995710E-01 0.000000E+00
    outer loop
      vertex 7.216607E+01 2.607549E+01 1.400000E+00
      vertex 7.270604E+01 2.605967E+01 1.400000E+00
      vertex 7.216607E+01 2.607549E+01 0.000000E+00
    endloop
  endfacet
  facet normal -2.151771E-01 9.765750E-01 0.000000E+00
    outer loop
      vertex 7.270604E+01 2.605967E+01 0.000000E+00
      vertex 7.323359E+01 2.617591E+01 1.400000E+00
      vertex 7.323359E+01 2.617591E+01 0.000000E+00
    endloop
  endfacet
  facet normal -2.151771E-01 9.765750E-01 0.000000E+00
    outer loop
      vertex 7.270604E+01 2.605967E+01 1.400000E+00
      vertex 7.323359E+01 2.617591E+01 1.400000E+00
      vertex 7.270604E+01 2.605967E+01 0.000000E+00
    endloop
  endfacet
  facet normal -4.466740E-01 8.946968E-01 0.000000E+00
    outer loop
      vertex 7.323359E+01 2.617591E+01 0.000000E+00
      vertex 7.371690E+01 2.641720E+01 1.400000E+00
      vertex 7.371690E+01 2.641720E+01 0.000000E+00
    endloop
  endfacet
  facet normal -4.466740E-01 8.946968E-01 0.000000E+00
    outer loop
      vertex 7.323359E+01 2.617591E+01 1.400000E+00
      vertex 7.371690E+01 2.641720E+01 1.400000E+00
      vertex 7.323359E+01 2.617591E+01 0.000000E+00
    endloop
  endfacet
  facet normal -6.512321E-01 7.588786E-01 0.000000E+00
    outer loop
      vertex 7.371690E+01 2.641720E+01 0.000000E+00
      vertex 7.412685E+01 2.676900E+01 1.400000E+00
      vertex 7.412685E+01 2.676900E+01 0.000000E+00
    endloop
  endfacet
  facet normal -6.512321E-01 7.588786E-01 0.000000E+00
    outer loop
      vertex 7.371690E+01 2.641720E+01 1.400000E+00
      vertex 7.412685E+01 2.676900E+01 1.400000E+00
      vertex 7.371690E+01 2.641720E+01 0.000000E+00
    endloop
  endfacet
  facet normal -8.165312E-01 5.773013E-01 0.000000E+00
    outer loop
      vertex 7.412685E+01 2.676900E+01 0.000000E+00
      vertex 7.443871E+01 2.721009E+01 1.400000E+00
      vertex 7.443871E+01 2.721009E+01 0.000000E+00
    endloop
  endfacet
  facet normal -8.165312E-01 5.773013E-01 0.000000E+00
    outer loop
      vertex 7.412685E+01 2.676900E+01 1.400000E+00
      vertex 7.443871E+01 2.721009E+01 1.400000E+00
      vertex 7.412685E+01 2.676900E+01 0.000000E+00
    endloop
  endfacet
  facet normal -9.326021E-01 3.609061E-01 0.000000E+00
    outer loop
      vertex 7.443871E+01 2.721009E+01 0.000000E+00
      vertex 7.463367E+01 2.771388E+01 1.400000E+00
      vertex 7.463367E+01 2.771388E+01 0.000000E+00
    endloop
  endfacet
  facet normal -9.326021E-01 3.609061E-01 0.000000E+00
    outer loop
      vertex 7.443871E+01 2.721009E+01 1.400000E+00
      vertex 7.463367E+01 2.771388E+01 1.400000E+00
      vertex 7.443871E+01 2.721009E+01 0.000000E+00
    endloop
  endfacet
  facet normal -9.924348E-01 1.227731E-01 0.000000E+00
    outer loop
      vertex 7.463367E+01 2.771388E+01 0.000000E+00
      vertex 7.470000E+01 2.825000E+01 1.400000E+00
      vertex 7.470000E+01 2.825000E+01 0.000000E+00
    endloop
  endfacet
  facet normal -9.924348E-01 1.227731E-01 0.000000E+00
    outer loop
      vertex 7.463367E+01 2.771388E+01 1.400000E+00
      vertex 7.470000E+01 2.825000E+01 1.400000E+00
      vertex 7.463367E+01 2.771388E+01 0.000000E+00
    endloop
  endfacet
  facet normal 9.933760E-01 1.149096E-01 0.000000E+00
    outer loop
      vertex -2.570000E+01 2.825000E+01 0.000000E+00
      vertex -2.564190E+01 2.774775E+01 1.400000E+00
      vertex -2.564190E+01 2.774775E+01 0.000000E+00
    endloop
  endfacet
  facet normal 9.933760E-01 1.149096E-01 0.000000E+00
    outer loop
      vertex -2.570000E+01 2.825000E+01 1.400000E+00
      vertex -2.564190E+01 2.774775E+01 1.400000E+00
      vertex -2.570000E+01 2.825000E+01 0.000000E+00
    endloop
  endfacet
  facet normal 9.409103E-01 3.386559E-01 0.000000E+00
    outer loop
      vertex -2.564190E+01 2.774775E+01 0.000000E+00
      vertex -2.547068E+01 2.727203E+01 1.400000E+00
      vertex -2.547068E+01 2.727203E+01 0.000000E+00
    endloop
  endfacet
  facet normal 8.387505E-01 5.445159E-01 -0.000000E+00
    outer loop
      vertex -2.547068E+01 2.727203E+01 0.000000E+00
      vertex -2.547068E+01 2.727203E+01 1.400000E+00
      vertex -2.519538E+01 2.684797E+01 0.000000E+00
    endloop
  endfacet
  facet normal 9.409103E-01 3.386559E-01 0.000000E+00
    outer loop
      vertex -2.564190E+01 2.774775E+01 1.400000E+00
      vertex -2.547068E+01 2.727203E+01 1.400000E+00
      vertex -2.564190E+01 2.774775E+01 0.000000E+00
    endloop
  endfacet
  facet normal 8.387505E-01 5.445159E-01 0.000000E+00
    outer loop
      vertex -2.547068E+01 2.727203E+01 1.400000E+00
      vertex -2.519538E+01 2.684797E+01 1.400000E+00
      vertex -2.519538E+01 2.684797E+01 0.000000E+00
    endloop
  endfacet
  facet normal 6.869556E-01 7.266994E-01 0.000000E+00
    outer loop
      vertex -2.519538E+01 2.684797E+01 0.000000E+00
      vertex -2.480457E+01 2.647853E+01 1.400000E+00
      vertex -2.480457E+01 2.647853E+01 0.000000E+00
    endloop
  endfacet
  facet normal 6.869556E-01 7.266994E-01 0.000000E+00
    outer loop
      vertex -2.519538E+01 2.684797E+01 1.400000E+00
      vertex -2.480457E+01 2.647853E+01 1.400000E+00
      vertex -2.519538E+01 2.684797E+01 0.000000E+00
    endloop
  endfacet
  facet normal 4.901198E-01 8.716552E-01 0.000000E+00
    outer loop
      vertex -2.480457E+01 2.647853E+01 0.000000E+00
      vertex -2.433580E+01 2.621495E+01 1.400000E+00
      vertex -2.433580E+01 2.621495E+01 0.000000E+00
    endloop
  endfacet
  facet normal 4.901198E-01 8.716552E-01 0.000000E+00
    outer loop
      vertex -2.480457E+01 2.647853E+01 1.400000E+00
      vertex -2.433580E+01 2.621495E+01 1.400000E+00
      vertex -2.480457E+01 2.647853E+01 0.000000E+00
    endloop
  endfacet
  facet normal 2.640029E-01 9.645219E-01 0.000000E+00
    outer loop
      vertex -2.433580E+01 2.621495E+01 0.000000E+00
      vertex -2.381709E+01 2.607297E+01 1.400000E+00
      vertex -2.381709E+01 2.607297E+01 0.000000E+00
    endloop
  endfacet
  facet normal 2.640029E-01 9.645219E-01 0.000000E+00
    outer loop
      vertex -2.433580E+01 2.621495E+01 1.400000E+00
      vertex -2.381709E+01 2.607297E+01 1.400000E+00
      vertex -2.433580E+01 2.621495E+01 0.000000E+00
    endloop
  endfacet
  facet normal 2.210275E-02 9.997557E-01 0.000000E+00
    outer loop
      vertex -2.381709E+01 2.607297E+01 0.000000E+00
      vertex -2.327944E+01 2.606108E+01 1.400000E+00
      vertex -2.327944E+01 2.606108E+01 0.000000E+00
    endloop
  endfacet
  facet normal 2.210275E-02 9.997557E-01 0.000000E+00
    outer loop
      vertex -2.381709E+01 2.607297E+01 1.400000E+00
      vertex -2.327944E+01 2.606108E+01 1.400000E+00
      vertex -2.381709E+01 2.607297E+01 0.000000E+00
    endloop
  endfacet
  facet normal -2.211126E-01 9.752482E-01 0.000000E+00
    outer loop
      vertex -2.327944E+01 2.606108E+01 0.000000E+00
      vertex -2.275496E+01 2.618000E+01 1.400000E+00
      vertex -2.275496E+01 2.618000E+01 0.000000E+00
    endloop
  endfacet
  facet normal -2.211126E-01 9.752482E-01 0.000000E+00
    outer loop
      vertex -2.327944E+01 2.606108E+01 1.400000E+00
      vertex -2.275496E+01 2.618000E+01 1.400000E+00
      vertex -2.327944E+01 2.606108E+01 0.000000E+00
    endloop
  endfacet
  facet normal -4.511178E-01 8.924645E-01 0.000000E+00
    outer loop
      vertex -2.275496E+01 2.618000E+01 0.000000E+00
      vertex -2.227500E+01 2.642260E+01 1.400000E+00
      vertex -2.227500E+01 2.642260E+01 0.000000E+00
    endloop
  endfacet
  facet normal -4.511178E-01 8.924645E-01 0.000000E+00
    outer loop
      vertex -2.275496E+01 2.618000E+01 1.400000E+00
      vertex -2.227500E+01 2.642260E+01 1.400000E+00
      vertex -2.275496E+01 2.618000E+01 0.000000E+00
    endloop
  endfacet
  facet normal -6.541654E-01 7.563515E-01 0.000000E+00
    outer loop
      vertex -2.227500E+01 2.642260E+01 0.000000E+00
      vertex -2.186825E+01 2.677440E+01 1.400000E+00
      vertex -2.186825E+01 2.677440E+01 0.000000E+00
    endloop
  endfacet
  facet normal -6.541654E-01 7.563515E-01 0.000000E+00
    outer loop
      vertex -2.227500E+01 2.642260E+01 1.400000E+00
      vertex -2.186825E+01 2.677440E+01 1.400000E+00
      vertex -2.227500E+01 2.642260E+01 0.000000E+00
    endloop
  endfacet
  facet normal -8.181249E-01 5.750406E-01 0.000000E+00
    outer loop
      vertex -2.186825E+01 2.677440E+01 0.000000E+00
      vertex -2.155900E+01 2.721438E+01 1.400000E+00
      vertex -2.155900E+01 2.721438E+01 0.000000E+00
    endloop
  endfacet
  facet normal -8.181249E-01 5.750406E-01 0.000000E+00
    outer loop
      vertex -2.186825E+01 2.677440E+01 1.400000E+00
      vertex -2.155900E+01 2.721438E+01 1.400000E+00
      vertex -2.186825E+01 2.677440E+01 0.000000E+00
    endloop
  endfacet
  facet normal -9.331946E-01 3.593714E-01 0.000000E+00
    outer loop
      vertex -2.155900E+01 2.721438E+01 0.000000E+00
      vertex -2.136573E+01 2.771624E+01 1.400000E+00
      vertex -2.136573E+01 2.771624E+01 0.000000E+00
    endloop
  endfacet
  facet normal -9.331946E-01 3.593714E-01 0.000000E+00
    outer loop
      vertex -2.155900E+01 2.721438E+01 1.400000E+00
      vertex -2.136573E+01 2.771624E+01 1.400000E+00
      vertex -2.155900E+01 2.721438E+01 0.000000E+00
    endloop
  endfacet
  facet normal -9.925024E-01 1.222248E-01 0.000000E+00
    outer loop
      vertex -2.136573E+01 2.771624E+01 0.000000E+00
      vertex -2.130000E+01 2.825000E+01 1.400000E+00
      vertex -2.130000E+01 2.825000E+01 0.000000E+00
    endloop
  endfacet
  facet normal -9.925024E-01 1.222248E-01 0.000000E+00
    outer loop
      vertex -2.136573E+01 2.771624E+01 1.400000E+00
      vertex -2.130000E+01 2.825000E+01 1.400000E+00
      vertex -2.136573E+01 2.771624E+01 0.000000E+00
    endloop
  endfacet
  facet normal 9.934947E-01 1.138786E-01 -0.000000E+00
    outer loop
      vertex -1.130000E+01 9.800000E+00 0.000000E+00
      vertex -1.130000E+01 9.800000E+00 2.800000E+00
      vertex -1.121960E+01 9.098549E+00 0.000000E+00
    endloop
  endfacet
  facet normal 9.419594E-01 3.357269E-01 -0.000000E+00
    outer loop
      vertex -1.121960E+01 9.098549E+00 0.000000E+00
      vertex -1.121960E+01 9.098549E+00 2.800000E+00
      vertex -1.098256E+01 8.433485E+00 0.000000E+00
    endloop
  endfacet
  facet normal 9.934947E-01 1.138786E-01 0.000000E+00
    outer loop
      vertex -1.130000E+01 9.800000E+00 2.800000E+00
      vertex -1.121960E+01 9.098549E+00 2.800000E+00
      vertex -1.121960E+01 9.098549E+00 0.000000E+00
    endloop
  endfacet
  facet normal 9.419594E-01 3.357269E-01 0.000000E+00
    outer loop
      vertex -1.121960E+01 9.098549E+00 2.800000E+00
      vertex -1.098256E+01 8.433485E+00 2.800000E+00
      vertex -1.098256E+01 8.433485E+00 0.000000E+00
    endloop
  endfacet
  facet normal 8.415619E-01 5.401607E-01 0.000000E+00
    outer loop
      vertex -1.098256E+01 8.433485E+00 0.000000E+00
      vertex -1.060118E+01 7.839305E+00 2.800000E+00
      vertex -1.060118E+01 7.839305E+00 0.000000E+00
    endloop
  endfacet
  facet normal 8.415619E-01 5.401607E-01 0.000000E+00
    outer loop
      vertex -1.098256E+01 8.433485E+00 2.800000E+00
      vertex -1.060118E+01 7.839305E+00 2.800000E+00
      vertex -1.098256E+01 8.433485E+00 0.000000E+00
    endloop
  endfacet
  facet normal 6.912386E-01 7.226266E-01 0.000000E+00
    outer loop
      vertex -1.060118E+01 7.839305E+00 0.000000E+00
      vertex -1.005220E+01 7.314167E+00 2.800000E+00
      vertex -1.005220E+01 7.314167E+00 0.000000E+00
    endloop
  endfacet
  facet normal 4.947234E-01 8.690504E-01 -0.000000E+00
    outer loop
      vertex -1.005220E+01 7.314167E+00 0.000000E+00
      vertex -1.005220E+01 7.314167E+00 2.800000E+00
      vertex -9.391975E+00 6.938323E+00 0.000000E+00
    endloop
  endfacet
  facet normal 6.912386E-01 7.226266E-01 0.000000E+00
    outer loop
      vertex -1.060118E+01 7.839305E+00 2.800000E+00
      vertex -1.005220E+01 7.314167E+00 2.800000E+00
      vertex -1.060118E+01 7.839305E+00 0.000000E+00
    endloop
  endfacet
  facet normal 2.684971E-01 9.632804E-01 -0.000000E+00
    outer loop
      vertex -9.391975E+00 6.938323E+00 0.000000E+00
      vertex -9.391975E+00 6.938323E+00 2.800000E+00
      vertex -8.660165E+00 6.734344E+00 0.000000E+00
    endloop
  endfacet
  facet normal 4.947234E-01 8.690504E-01 0.000000E+00
    outer loop
      vertex -1.005220E+01 7.314167E+00 2.800000E+00
      vertex -9.391975E+00 6.938323E+00 2.800000E+00
      vertex -9.391975E+00 6.938323E+00 0.000000E+00
    endloop
  endfacet
  facet normal 2.684971E-01 9.632804E-01 0.000000E+00
    outer loop
      vertex -9.391975E+00 6.938323E+00 2.800000E+00
      vertex -8.660165E+00 6.734344E+00 2.800000E+00
      vertex -8.660165E+00 6.734344E+00 0.000000E+00
    endloop
  endfacet
  facet normal 2.614646E-02 9.996582E-01 0.000000E+00
    outer loop
      vertex -8.660165E+00 6.734344E+00 0.000000E+00
      vertex -7.900719E+00 6.714480E+00 2.800000E+00
      vertex -7.900719E+00 6.714480E+00 0.000000E+00
    endloop
  endfacet
  facet normal -2.177755E-01 9.759989E-01 0.000000E+00
    outer loop
      vertex -7.900719E+00 6.714480E+00 0.000000E+00
      vertex -7.900719E+00 6.714480E+00 2.800000E+00
      vertex -7.159247E+00 6.879926E+00 0.000000E+00
    endloop
  endfacet
  facet normal 2.614646E-02 9.996582E-01 0.000000E+00
    outer loop
      vertex -8.660165E+00 6.734344E+00 2.800000E+00
      vertex -7.900719E+00 6.714480E+00 2.800000E+00
      vertex -8.660165E+00 6.734344E+00 0.000000E+00
    endloop
  endfacet
  facet normal -2.177755E-01 9.759989E-01 0.000000E+00
    outer loop
      vertex -7.900719E+00 6.714480E+00 2.800000E+00
      vertex -7.159247E+00 6.879926E+00 2.800000E+00
      vertex -7.159247E+00 6.879926E+00 0.000000E+00
    endloop
  endfacet
  facet normal -4.486185E-01 8.937234E-01 0.000000E+00
    outer loop
      vertex -7.159247E+00 6.879926E+00 0.000000E+00
      vertex -6.480279E+00 7.220744E+00 2.800000E+00
      vertex -6.480279E+00 7.220744E+00 0.000000E+00
    endloop
  endfacet
  facet normal -4.486185E-01 8.937234E-01 0.000000E+00
    outer loop
      vertex -7.159247E+00 6.879926E+00 2.800000E+00
      vertex -6.480279E+00 7.220744E+00 2.800000E+00
      vertex -7.159247E+00 6.879926E+00 0.000000E+00
    endloop
  endfacet
  facet normal -6.525182E-01 7.577730E-01 0.000000E+00
    outer loop
      vertex -6.480279E+00 7.220744E+00 0.000000E+00
      vertex -5.904595E+00 7.716466E+00 2.800000E+00
      vertex -5.904595E+00 7.716466E+00 0.000000E+00
    endloop
  endfacet
  facet normal -6.525182E-01 7.577730E-01 0.000000E+00
    outer loop
      vertex -6.480279E+00 7.220744E+00 2.800000E+00
      vertex -5.904595E+00 7.716466E+00 2.800000E+00
      vertex -6.480279E+00 7.220744E+00 0.000000E+00
    endloop
  endfacet
  facet normal -8.172289E-01 5.763133E-01 0.000000E+00
    outer loop
      vertex -5.904595E+00 7.716466E+00 0.000000E+00
      vertex -5.466766E+00 8.337319E+00 2.800000E+00
      vertex -5.466766E+00 8.337319E+00 0.000000E+00
    endloop
  endfacet
  facet normal -8.172289E-01 5.763133E-01 0.000000E+00
    outer loop
      vertex -5.904595E+00 7.716466E+00 2.800000E+00
      vertex -5.466766E+00 8.337319E+00 2.800000E+00
      vertex -5.904595E+00 7.716466E+00 0.000000E+00
    endloop
  endfacet
  facet normal -9.328594E-01 3.602409E-01 0.000000E+00
    outer loop
      vertex -5.466766E+00 8.337319E+00 0.000000E+00
      vertex -5.193089E+00 9.046019E+00 2.800000E+00
      vertex -5.193089E+00 9.046019E+00 0.000000E+00
    endloop
  endfacet
  facet normal -9.328594E-01 3.602409E-01 0.000000E+00
    outer loop
      vertex -5.466766E+00 8.337319E+00 2.800000E+00
      vertex -5.193089E+00 9.046019E+00 2.800000E+00
      vertex -5.466766E+00 8.337319E+00 0.000000E+00
    endloop
  endfacet
  facet normal -9.924644E-01 1.225330E-01 0.000000E+00
    outer loop
      vertex -5.193089E+00 9.046019E+00 0.000000E+00
      vertex -5.100000E+00 9.800000E+00 2.800000E+00
      vertex -5.100000E+00 9.800000E+00 0.000000E+00
    endloop
  endfacet
  facet normal -9.924644E-01 1.225330E-01 0.000000E+00
    outer loop
      vertex -5.193089E+00 9.046019E+00 2.800000E+00
      vertex -5.100000E+00 9.800000E+00 2.800000E+00
      vertex -5.193089E+00 9.046019E+00 0.000000E+00
    endloop
  endfacet
  facet normal 9.949355E-01 1.005155E-01 -0.000000E+00
    outer loop
      vertex -1.130000E+01 -7.700000E+00 0.000000E+00
      vertex -1.130000E+01 -7.700000E+00 2.800000E+00
      vertex -1.123736E+01 -8.320043E+00 0.000000E+00
    endloop
  endfacet
  facet normal 9.547260E-01 2.974867E-01 -0.000000E+00
    outer loop
      vertex -1.123736E+01 -8.320043E+00 0.000000E+00
      vertex -1.123736E+01 -8.320043E+00 2.800000E+00
      vertex -1.105197E+01 -8.915027E+00 0.000000E+00
    endloop
  endfacet
  facet normal 9.949355E-01 1.005155E-01 0.000000E+00
    outer loop
      vertex -1.130000E+01 -7.700000E+00 2.800000E+00
      vertex -1.123736E+01 -8.320043E+00 2.800000E+00
      vertex -1.123736E+01 -8.320043E+00 0.000000E+00
    endloop
  endfacet
  facet normal 8.759330E-01 4.824329E-01 -0.000000E+00
    outer loop
      vertex -1.105197E+01 -8.915027E+00 0.000000E+00
      vertex -1.105197E+01 -8.915027E+00 2.800000E+00
      vertex -1.075131E+01 -9.460907E+00 0.000000E+00
    endloop
  endfacet
  facet normal 9.547260E-01 2.974867E-01 0.000000E+00
    outer loop
      vertex -1.123736E+01 -8.320043E+00 2.800000E+00
      vertex -1.105197E+01 -8.915027E+00 2.800000E+00
      vertex -1.105197E+01 -8.915027E+00 0.000000E+00
    endloop
  endfacet
  facet normal 8.759330E-01 4.824329E-01 0.000000E+00
    outer loop
      vertex -1.105197E+01 -8.915027E+00 2.800000E+00
      vertex -1.075131E+01 -9.460907E+00 2.800000E+00
      vertex -1.075131E+01 -9.460907E+00 0.000000E+00
    endloop
  endfacet
  facet normal 7.521648E-01 6.589751E-01 0.000000E+00
    outer loop
      vertex -1.075131E+01 -9.460907E+00 0.000000E+00
      vertex -1.028112E+01 -9.997594E+00 2.800000E+00
      vertex -1.028112E+01 -9.997594E+00 0.000000E+00
    endloop
  endfacet
  facet normal 7.521648E-01 6.589751E-01 0.000000E+00
    outer loop
      vertex -1.075131E+01 -9.460907E+00 2.800000E+00
      vertex -1.028112E+01 -9.997594E+00 2.800000E+00
      vertex -1.075131E+01 -9.460907E+00 0.000000E+00
    endloop
  endfacet
  facet normal 5.815733E-01 8.134940E-01 0.000000E+00
    outer loop
      vertex -1.028112E+01 -9.997594E+00 0.000000E+00
      vertex -9.700674E+00 -1.041256E+01 2.800000E+00
      vertex -9.700674E+00 -1.041256E+01 0.000000E+00
    endloop
  endfacet
  facet normal 5.815733E-01 8.134940E-01 0.000000E+00
    outer loop
      vertex -1.028112E+01 -9.997594E+00 2.800000E+00
      vertex -9.700674E+00 -1.041256E+01 2.800000E+00
      vertex -1.028112E+01 -9.997594E+00 0.000000E+00
    endloop
  endfacet
  facet normal 3.801707E-01 9.249163E-01 0.000000E+00
    outer loop
      vertex -9.700674E+00 -1.041256E+01 0.000000E+00
      vertex -9.040726E+00 -1.068382E+01 2.800000E+00
      vertex -9.040726E+00 -1.068382E+01 0.000000E+00
    endloop
  endfacet
  facet normal 3.801707E-01 9.249163E-01 0.000000E+00
    outer loop
      vertex -9.700674E+00 -1.041256E+01 2.800000E+00
      vertex -9.040726E+00 -1.068382E+01 2.800000E+00
      vertex -9.700674E+00 -1.041256E+01 0.000000E+00
    endloop
  endfacet
  facet normal 1.586283E-01 9.873384E-01 0.000000E+00
    outer loop
      vertex -9.040726E+00 -1.068382E+01 0.000000E+00
      vertex -8.336237E+00 -1.079700E+01 2.800000E+00
      vertex -8.336237E+00 -1.079700E+01 0.000000E+00
    endloop
  endfacet
  facet normal 1.586283E-01 9.873384E-01 0.000000E+00
    outer loop
      vertex -9.040726E+00 -1.068382E+01 2.800000E+00
      vertex -8.336237E+00 -1.079700E+01 2.800000E+00
      vertex -9.040726E+00 -1.068382E+01 0.000000E+00
    endloop
  endfacet
  facet normal -7.131686E-02 9.974537E-01 0.000000E+00
    outer loop
      vertex -8.336237E+00 -1.079700E+01 0.000000E+00
      vertex -7.624532E+00 -1.074612E+01 2.800000E+00
      vertex -7.624532E+00 -1.074612E+01 0.000000E+00
    endloop
  endfacet
  facet normal -2.974860E-01 9.547262E-01 0.000000E+00
    outer loop
      vertex -7.624532E+00 -1.074612E+01 0.000000E+00
      vertex -7.624532E+00 -1.074612E+01 2.800000E+00
      vertex -6.943313E+00 -1.053386E+01 0.000000E+00
    endloop
  endfacet
  facet normal -7.131686E-02 9.974537E-01 0.000000E+00
    outer loop
      vertex -8.336237E+00 -1.079700E+01 2.800000E+00
      vertex -7.624532E+00 -1.074612E+01 2.800000E+00
      vertex -8.336237E+00 -1.079700E+01 0.000000E+00
    endloop
  endfacet
  facet normal -5.078933E-01 8.614200E-01 0.000000E+00
    outer loop
      vertex -6.943313E+00 -1.053386E+01 0.000000E+00
      vertex -6.943313E+00 -1.053386E+01 2.800000E+00
      vertex -6.328670E+00 -1.017146E+01 0.000000E+00
    endloop
  endfacet
  facet normal -2.974860E-01 9.547262E-01 0.000000E+00
    outer loop
      vertex -7.624532E+00 -1.074612E+01 2.800000E+00
      vertex -6.943313E+00 -1.053386E+01 2.800000E+00
      vertex -6.943313E+00 -1.053386E+01 0.000000E+00
    endloop
  endfacet
  facet normal -6.913943E-01 7.224776E-01 0.000000E+00
    outer loop
      vertex -6.328670E+00 -1.017146E+01 0.000000E+00
      vertex -6.328670E+00 -1.017146E+01 2.800000E+00
      vertex -5.813166E+00 -9.678137E+00 0.000000E+00
    endloop
  endfacet
  facet normal -5.078933E-01 8.614200E-01 0.000000E+00
    outer loop
      vertex -6.943313E+00 -1.053386E+01 2.800000E+00
      vertex -6.328670E+00 -1.017146E+01 2.800000E+00
      vertex -6.328670E+00 -1.017146E+01 0.000000E+00
    endloop
  endfacet
  facet normal -8.382671E-01 5.452598E-01 0.000000E+00
    outer loop
      vertex -5.813166E+00 -9.678137E+00 0.000000E+00
      vertex -5.813166E+00 -9.678137E+00 2.800000E+00
      vertex -5.424111E+00 -9.080014E+00 0.000000E+00
    endloop
  endfacet
  facet normal -6.913943E-01 7.224776E-01 0.000000E+00
    outer loop
      vertex -6.328670E+00 -1.017146E+01 2.800000E+00
      vertex -5.813166E+00 -9.678137E+00 2.800000E+00
      vertex -5.813166E+00 -9.678137E+00 0.000000E+00
    endloop
  endfacet
  facet normal -9.407300E-01 3.391564E-01 0.000000E+00
    outer loop
      vertex -5.424111E+00 -9.080014E+00 0.000000E+00
      vertex -5.424111E+00 -9.080014E+00 2.800000E+00
      vertex -5.182115E+00 -8.408782E+00 0.000000E+00
    endloop
  endfacet
  facet normal -8.382671E-01 5.452598E-01 0.000000E+00
    outer loop
      vertex -5.813166E+00 -9.678137E+00 2.800000E+00
      vertex -5.424111E+00 -9.080014E+00 2.800000E+00
      vertex -5.424111E+00 -9.080014E+00 0.000000E+00
    endloop
  endfacet
  facet normal -9.933558E-01 1.150841E-01 0.000000E+00
    outer loop
      vertex -5.182115E+00 -8.408782E+00 0.000000E+00
      vertex -5.182115E+00 -8.408782E+00 2.800000E+00
      vertex -5.100000E+00 -7.700000E+00 0.000000E+00
    endloop
  endfacet
  facet normal -9.407300E-01 3.391564E-01 0.000000E+00
    outer loop
      vertex -5.424111E+00 -9.080014E+00 2.800000E+00
      vertex -5.182115E+00 -8.408782E+00 2.800000E+00
      vertex -5.182115E+00 -8.408782E+00 0.000000E+00
    endloop
  endfacet
  facet normal -9.933558E-01 1.150841E-01 0.000000E+00
    outer loop
      vertex -5.182115E+00 -8.408782E+00 2.800000E+00
      vertex -5.100000E+00 -7.700000E+00 2.800000E+00
      vertex -5.100000E+00 -7.700000E+00 0.000000E+00
    endloop
  endfacet
  facet normal 4.662174E-01 -4.662175E-01 -7.518527E-01
    outer loop
      vertex 9.735355E+01 -3.189340E+00 1.464466E-01
      vertex 8.743934E+01 -1.310355E+01 1.464466E-01
      vertex 8.741897E+01 -1.305438E+01 1.033233E-01
    endloop
  endfacet
  facet normal 3.928148E-01 -3.928841E-01 -8.314677E-01
    outer loop
      vertex 9.726125E+01 -3.151106E+00 7.367992E-02
      vertex 8.741897E+01 -1.305438E+01 1.033233E-01
      vertex 8.739645E+01 -1.300000E+01 6.698730E-02
    endloop
  endfacet
  facet normal 4.378860E-01 -4.375398E-01 -7.853756E-01
    outer loop
      vertex 9.726125E+01 -3.151106E+00 7.367992E-02
      vertex 9.735355E+01 -3.189340E+00 1.464466E-01
      vertex 8.741897E+01 -1.305438E+01 1.033233E-01
    endloop
  endfacet
  facet normal 2.704092E-01 -2.706885E-01 -9.239083E-01
    outer loop
      vertex 9.715451E+01 -3.106893E+00 2.447174E-02
      vertex 8.739645E+01 -1.300000E+01 6.698730E-02
      vertex 8.734650E+01 -1.287941E+01 1.703709E-02
    endloop
  endfacet
  facet normal 2.960922E-01 -2.959532E-01 -9.081526E-01
    outer loop
      vertex 9.715451E+01 -3.106893E+00 2.447174E-02
      vertex 9.726125E+01 -3.151106E+00 7.367992E-02
      vertex 8.739645E+01 -1.300000E+01 6.698730E-02
    endloop
  endfacet
  facet normal 9.199919E-02 -9.242021E-02 -9.914609E-01
    outer loop
      vertex 9.707822E+01 -3.075292E+00 6.155830E-03
      vertex 8.734650E+01 -1.287941E+01 1.703709E-02
      vertex 8.729289E+01 -1.275000E+01 0.000000E+00
    endloop
  endfacet
  facet normal 1.651094E-01 -1.649694E-01 -9.723805E-01
    outer loop
      vertex 9.707822E+01 -3.075292E+00 6.155830E-03
      vertex 9.715451E+01 -3.106893E+00 2.447174E-02
      vertex 8.734650E+01 -1.287941E+01 1.703709E-02
    endloop
  endfacet
  facet normal 5.547927E-02 -5.547928E-02 -9.969174E-01
    outer loop
      vertex 9.700000E+01 -3.042893E+00 0.000000E+00
      vertex 9.707822E+01 -3.075292E+00 6.155830E-03
      vertex 8.729289E+01 -1.275000E+01 0.000000E+00
    endloop
  endfacet
  facet normal 6.190777E-01 0.000000E+00 -7.853298E-01
    outer loop
      vertex 9.735355E+01 3.160355E+01 1.464466E-01
      vertex 9.735355E+01 -3.189340E+00 1.464466E-01
      vertex 9.726125E+01 -3.151106E+00 7.367992E-02
    endloop
  endfacet
  facet normal 4.186642E-01 -3.952711E-05 -9.081411E-01
    outer loop
      vertex 9.725000E+01 3.150000E+01 6.698730E-02
      vertex 9.726125E+01 -3.151106E+00 7.367992E-02
      vertex 9.715451E+01 -3.106893E+00 2.447174E-02
    endloop
  endfacet
  facet normal 6.087322E-01 4.432397E-05 -7.933758E-01
    outer loop
      vertex 9.725000E+01 3.150000E+01 6.698730E-02
      vertex 9.735355E+01 3.160355E+01 1.464466E-01
      vertex 9.726125E+01 -3.151106E+00 7.367992E-02
    endloop
  endfacet
  facet normal 2.334220E-01 -3.973225E-05 -9.723755E-01
    outer loop
      vertex 9.712941E+01 3.137941E+01 1.703709E-02
      vertex 9.715451E+01 -3.106893E+00 2.447174E-02
      vertex 9.707822E+01 -3.075292E+00 6.155830E-03
    endloop
  endfacet
  facet normal 3.826164E-01 7.930721E-05 -9.239072E-01
    outer loop
      vertex 9.712941E+01 3.137941E+01 1.703709E-02
      vertex 9.725000E+01 3.150000E+01 6.698730E-02
      vertex 9.715451E+01 -3.106893E+00 2.447174E-02
    endloop
  endfacet
  facet normal 7.845978E-02 0.000000E+00 -9.969172E-01
    outer loop
      vertex 9.700000E+01 3.125000E+01 0.000000E+00
      vertex 9.707822E+01 -3.075292E+00 6.155830E-03
      vertex 9.700000E+01 -3.042893E+00 0.000000E+00
    endloop
  endfacet
  facet normal 1.304086E-01 1.193537E-04 -9.914604E-01
    outer loop
      vertex 9.700000E+01 3.125000E+01 0.000000E+00
      vertex 9.712941E+01 3.137941E+01 1.703709E-02
      vertex 9.707822E+01 -3.075292E+00 6.155830E-03
    endloop
  endfacet
  facet normal 0.000000E+00 7.532120E-01 -6.577778E-01
    outer loop
      vertex 9.739793E+01 3.164794E+01 1.972679E-01
      vertex 9.735355E+01 3.160355E+01 1.464466E-01
      vertex -4.835355E+01 3.160355E+01 1.464466E-01
    endloop
  endfacet
  facet normal 0.000000E+00 7.532120E-01 -6.577778E-01
    outer loop
      vertex 9.739793E+01 3.164794E+01 1.972679E-01
      vertex -4.835355E+01 3.160355E+01 1.464466E-01
      vertex -4.839794E+01 3.164794E+01 1.972679E-01
    endloop
  endfacet
  facet normal 0.000000E+00 8.349125E-01 -5.503826E-01
    outer loop
      vertex 9.743507E+01 3.168507E+01 2.536021E-01
      vertex -4.839794E+01 3.164794E+01 1.972679E-01
      vertex -4.843507E+01 3.168507E+01 2.536021E-01
    endloop
  endfacet
  facet normal 0.000000E+00 8.349126E-01 -5.503826E-01
    outer loop
      vertex 9.743507E+01 3.168507E+01 2.536021E-01
      vertex 9.739793E+01 3.164794E+01 1.972679E-01
      vertex -4.839794E+01 3.164794E+01 1.972679E-01
    endloop
  endfacet
  facet normal 0.000000E+00 9.669933E-01 -2.548020E-01
    outer loop
      vertex 9.747079E+01 3.172079E+01 3.315921E-01
      vertex -4.847079E+01 3.172079E+01 3.315921E-01
      vertex -4.849264E+01 3.174264E+01 4.145384E-01
    endloop
  endfacet
  facet normal 0.000000E+00 9.092069E-01 -4.163447E-01
    outer loop
      vertex 9.747079E+01 3.172079E+01 3.315921E-01
      vertex -4.843507E+01 3.168507E+01 2.536021E-01
      vertex -4.847079E+01 3.172079E+01 3.315921E-01
    endloop
  endfacet
  facet normal 0.000000E+00 9.092068E-01 -4.163447E-01
    outer loop
      vertex 9.747079E+01 3.172079E+01 3.315921E-01
      vertex 9.743507E+01 3.168507E+01 2.536021E-01
      vertex -4.843507E+01 3.168507E+01 2.536021E-01
    endloop
  endfacet
  facet normal 0.000000E+00 9.963136E-01 -8.578619E-02
    outer loop
      vertex 9.749265E+01 3.174264E+01 4.145384E-01
      vertex -4.849264E+01 3.174264E+01 4.145384E-01
      vertex -4.850000E+01 3.175000E+01 5.000000E-01
    endloop
  endfacet
  facet normal 0.000000E+00 9.669933E-01 -2.548021E-01
    outer loop
      vertex 9.749265E+01 3.174264E+01 4.145384E-01
      vertex 9.747079E+01 3.172079E+01 3.315921E-01
      vertex -4.849264E+01 3.174264E+01 4.145384E-01
    endloop
  endfacet
  facet normal 0.000000E+00 9.963136E-01 -8.578620E-02
    outer loop
      vertex 9.750000E+01 3.175000E+01 5.000000E-01
      vertex 9.749265E+01 3.174264E+01 4.145384E-01
      vertex -4.850000E+01 3.175000E+01 5.000000E-01
    endloop
  endfacet
  facet normal -6.190935E-01 0.000000E+00 -7.853173E-01
    outer loop
      vertex -4.826125E+01 -1.115111E+01 7.367992E-02
      vertex -4.835355E+01 -1.118934E+01 1.464466E-01
      vertex -4.835355E+01 3.160355E+01 1.464466E-01
    endloop
  endfacet
  facet normal -6.087373E-01 3.606663E-05 -7.933719E-01
    outer loop
      vertex -4.826125E+01 -1.115111E+01 7.367992E-02
      vertex -4.835355E+01 3.160355E+01 1.464466E-01
      vertex -4.825000E+01 3.150000E+01 6.698730E-02
    endloop
  endfacet
  facet normal -3.826292E-01 6.434808E-05 -9.239020E-01
    outer loop
      vertex -4.815451E+01 -1.110689E+01 2.447174E-02
      vertex -4.825000E+01 3.150000E+01 6.698730E-02
      vertex -4.812941E+01 3.137941E+01 1.703709E-02
    endloop
  endfacet
  facet normal -4.186421E-01 -3.208309E-05 -9.081513E-01
    outer loop
      vertex -4.815451E+01 -1.110689E+01 2.447174E-02
      vertex -4.826125E+01 -1.115111E+01 7.367992E-02
      vertex -4.825000E+01 3.150000E+01 6.698730E-02
    endloop
  endfacet
  facet normal -1.304307E-01 9.683571E-05 -9.914574E-01
    outer loop
      vertex -4.807822E+01 -1.107529E+01 6.155830E-03
      vertex -4.812941E+01 3.137941E+01 1.703709E-02
      vertex -4.800000E+01 3.125000E+01 0.000000E+00
    endloop
  endfacet
  facet normal -2.334360E-01 -3.226295E-05 -9.723722E-01
    outer loop
      vertex -4.807822E+01 -1.107529E+01 6.155830E-03
      vertex -4.815451E+01 -1.110689E+01 2.447174E-02
      vertex -4.812941E+01 3.137941E+01 1.703709E-02
    endloop
  endfacet
  facet normal -7.845978E-02 0.000000E+00 -9.969173E-01
    outer loop
      vertex -4.800000E+01 -1.104289E+01 0.000000E+00
      vertex -4.807822E+01 -1.107529E+01 6.155830E-03
      vertex -4.800000E+01 3.125000E+01 0.000000E+00
    endloop
  endfacet
  facet normal -4.377649E-01 -4.377651E-01 -7.853175E-01
    outer loop
      vertex -4.643934E+01 -1.310355E+01 1.464466E-01
      vertex -4.835355E+01 -1.118934E+01 1.464466E-01
      vertex -4.826125E+01 -1.115111E+01 7.367992E-02
    endloop
  endfacet
  facet normal -2.960341E-01 -2.960338E-01 -9.081452E-01
    outer loop
      vertex -4.640111E+01 -1.301125E+01 7.367992E-02
      vertex -4.826125E+01 -1.115111E+01 7.367992E-02
      vertex -4.815451E+01 -1.110689E+01 2.447174E-02
    endloop
  endfacet
  facet normal -4.377712E-01 -4.377708E-01 -7.853109E-01
    outer loop
      vertex -4.640111E+01 -1.301125E+01 7.367992E-02
      vertex -4.643934E+01 -1.310355E+01 1.464466E-01
      vertex -4.826125E+01 -1.115111E+01 7.367992E-02
    endloop
  endfacet
  facet normal -1.650722E-01 -1.650722E-01 -9.723694E-01
    outer loop
      vertex -4.635689E+01 -1.290451E+01 2.447174E-02
      vertex -4.815451E+01 -1.110689E+01 2.447174E-02
      vertex -4.807822E+01 -1.107529E+01 6.155830E-03
    endloop
  endfacet
  facet normal -2.960327E-01 -2.960325E-01 -9.081462E-01
    outer loop
      vertex -4.635689E+01 -1.290451E+01 2.447174E-02
      vertex -4.640111E+01 -1.301125E+01 7.367992E-02
      vertex -4.815451E+01 -1.110689E+01 2.447174E-02
    endloop
  endfacet
  facet normal -5.547953E-02 -5.547953E-02 -9.969172E-01
    outer loop
      vertex -4.632529E+01 -1.282822E+01 6.155830E-03
      vertex -4.807822E+01 -1.107529E+01 6.155830E-03
      vertex -4.800000E+01 -1.104289E+01 0.000000E+00
    endloop
  endfacet
  facet normal -1.650709E-01 -1.650709E-01 -9.723698E-01
    outer loop
      vertex -4.632529E+01 -1.282822E+01 6.155830E-03
      vertex -4.635689E+01 -1.290451E+01 2.447174E-02
      vertex -4.807822E+01 -1.107529E+01 6.155830E-03
    endloop
  endfacet
  facet normal -5.547901E-02 -5.547904E-02 -9.969174E-01
    outer loop
      vertex -4.629289E+01 -1.275000E+01 0.000000E+00
      vertex -4.632529E+01 -1.282822E+01 6.155830E-03
      vertex -4.800000E+01 -1.104289E+01 0.000000E+00
    endloop
  endfacet
  facet normal 0.000000E+00 -6.593407E-01 -7.518443E-01
    outer loop
      vertex 8.741897E+01 -1.305438E+01 1.033233E-01
      vertex 8.743934E+01 -1.310355E+01 1.464466E-01
      vertex -4.643934E+01 -1.310355E+01 1.464466E-01
    endloop
  endfacet
  facet normal -2.557256E-05 -6.190869E-01 -7.853224E-01
    outer loop
      vertex 8.741897E+01 -1.305438E+01 1.033233E-01
      vertex -4.643934E+01 -1.310355E+01 1.464466E-01
      vertex -4.640111E+01 -1.301125E+01 7.367992E-02
    endloop
  endfacet
  facet normal -1.022577E-05 -4.186557E-01 -9.081450E-01
    outer loop
      vertex 8.739645E+01 -1.300000E+01 6.698730E-02
      vertex -4.640111E+01 -1.301125E+01 7.367992E-02
      vertex -4.635689E+01 -1.290451E+01 2.447174E-02
    endloop
  endfacet
  facet normal 5.121266E-06 -5.555709E-01 -8.314692E-01
    outer loop
      vertex 8.739645E+01 -1.300000E+01 6.698730E-02
      vertex 8.741897E+01 -1.305438E+01 1.033233E-01
      vertex -4.640111E+01 -1.301125E+01 7.367992E-02
    endloop
  endfacet
  facet normal -1.024754E-05 -2.334419E-01 -9.723707E-01
    outer loop
      vertex 8.734650E+01 -1.287941E+01 1.703709E-02
      vertex -4.635689E+01 -1.290451E+01 2.447174E-02
      vertex -4.632529E+01 -1.282822E+01 6.155830E-03
    endloop
  endfacet
  facet normal 2.046311E-05 -3.826769E-01 -9.238822E-01
    outer loop
      vertex 8.734650E+01 -1.287941E+01 1.703709E-02
      vertex 8.739645E+01 -1.300000E+01 6.698730E-02
      vertex -4.635689E+01 -1.290451E+01 2.447174E-02
    endloop
  endfacet
  facet normal -0.000000E+00 -7.845882E-02 -9.969174E-01
    outer loop
      vertex 8.729289E+01 -1.275000E+01 0.000000E+00
      vertex -4.632529E+01 -1.282822E+01 6.155830E-03
      vertex -4.629289E+01 -1.275000E+01 0.000000E+00
    endloop
  endfacet
  facet normal 3.072379E-05 -1.305134E-01 -9.914464E-01
    outer loop
      vertex 8.729289E+01 -1.275000E+01 0.000000E+00
      vertex 8.734650E+01 -1.287941E+01 1.703709E-02
      vertex -4.632529E+01 -1.282822E+01 6.155830E-03
    endloop
  endfacet
  facet normal 0.000000E+00 -9.969171E-01 -7.846083E-02
    outer loop
      vertex 8.749745E+01 -1.324384E+01 4.217828E-01
      vertex 8.750000E+01 -1.325000E+01 5.000000E-01
      vertex -4.650000E+01 -1.325000E+01 5.000000E-01
    endloop
  endfacet
  facet normal -1.609244E-05 -9.943842E-01 -1.058302E-01
    outer loop
      vertex 8.749745E+01 -1.324384E+01 4.217828E-01
      vertex -4.650000E+01 -1.325000E+01 5.000000E-01
      vertex -4.649536E+01 -1.323880E+01 3.947641E-01
    endloop
  endfacet
  facet normal -2.093132E-05 -9.498351E-01 -3.127510E-01
    outer loop
      vertex 8.748986E+01 -1.322553E+01 3.454915E-01
      vertex -4.649536E+01 -1.323880E+01 3.947641E-01
      vertex -4.648165E+01 -1.320570E+01 2.942428E-01
    endloop
  endfacet
  facet normal 1.046759E-05 -9.723714E-01 -2.334391E-01
    outer loop
      vertex 8.748986E+01 -1.322553E+01 3.454915E-01
      vertex 8.749745E+01 -1.324384E+01 4.217828E-01
      vertex -4.649536E+01 -1.323880E+01 3.947641E-01
    endloop
  endfacet
  facet normal -1.288292E-05 -8.705703E-01 -4.920440E-01
    outer loop
      vertex 8.746948E+01 -1.317632E+01 2.387507E-01
      vertex -4.648165E+01 -1.320570E+01 2.942428E-01
      vertex -4.646327E+01 -1.316132E+01 2.157191E-01
    endloop
  endfacet
  facet normal 2.575578E-05 -9.081398E-01 -4.186670E-01
    outer loop
      vertex 8.746948E+01 -1.317632E+01 2.387507E-01
      vertex 8.748986E+01 -1.322553E+01 3.454915E-01
      vertex -4.648165E+01 -1.320570E+01 2.942428E-01
    endloop
  endfacet
  facet normal -0.000000E+00 -7.680039E-01 -6.404452E-01
    outer loop
      vertex 8.743934E+01 -1.310355E+01 1.464466E-01
      vertex -4.646327E+01 -1.316132E+01 2.157191E-01
      vertex -4.643934E+01 -1.310355E+01 1.464466E-01
    endloop
  endfacet
  facet normal 1.851327E-05 -7.853156E-01 -6.190957E-01
    outer loop
      vertex 8.743934E+01 -1.310355E+01 1.464466E-01
      vertex 8.746948E+01 -1.317632E+01 2.387507E-01
      vertex -4.646327E+01 -1.316132E+01 2.157191E-01
    endloop
  endfacet
  facet normal -7.031357E-01 -7.031357E-01 -1.058325E-01
    outer loop
      vertex -4.650000E+01 -1.325000E+01 5.000000E-01
      vertex -4.850000E+01 -1.125000E+01 5.000000E-01
      vertex -4.848880E+01 -1.124536E+01 3.947641E-01
    endloop
  endfacet
  facet normal -6.716337E-01 -6.716334E-01 -3.127567E-01
    outer loop
      vertex -4.649536E+01 -1.323880E+01 3.947641E-01
      vertex -4.848880E+01 -1.124536E+01 3.947641E-01
      vertex -4.845570E+01 -1.123165E+01 2.942428E-01
    endloop
  endfacet
  facet normal -7.031363E-01 -7.031360E-01 -1.058261E-01
    outer loop
      vertex -4.649536E+01 -1.323880E+01 3.947641E-01
      vertex -4.650000E+01 -1.325000E+01 5.000000E-01
      vertex -4.848880E+01 -1.124536E+01 3.947641E-01
    endloop
  endfacet
  facet normal -6.155881E-01 -6.155875E-01 -4.920398E-01
    outer loop
      vertex -4.648165E+01 -1.320570E+01 2.942428E-01
      vertex -4.845570E+01 -1.123165E+01 2.942428E-01
      vertex -4.841132E+01 -1.121327E+01 2.157191E-01
    endloop
  endfacet
  facet normal -6.716354E-01 -6.716347E-01 -3.127502E-01
    outer loop
      vertex -4.648165E+01 -1.320570E+01 2.942428E-01
      vertex -4.649536E+01 -1.323880E+01 3.947641E-01
      vertex -4.845570E+01 -1.123165E+01 2.942428E-01
    endloop
  endfacet
  facet normal -5.430641E-01 -5.430636E-01 -6.404399E-01
    outer loop
      vertex -4.646327E+01 -1.316132E+01 2.157191E-01
      vertex -4.841132E+01 -1.121327E+01 2.157191E-01
      vertex -4.835355E+01 -1.118934E+01 1.464466E-01
    endloop
  endfacet
  facet normal -6.155880E-01 -6.155874E-01 -4.920402E-01
    outer loop
      vertex -4.646327E+01 -1.316132E+01 2.157191E-01
      vertex -4.648165E+01 -1.320570E+01 2.942428E-01
      vertex -4.841132E+01 -1.121327E+01 2.157191E-01
    endloop
  endfacet
  facet normal -5.430558E-01 -5.430560E-01 -6.404533E-01
    outer loop
      vertex -4.643934E+01 -1.310355E+01 1.464466E-01
      vertex -4.646327E+01 -1.316132E+01 2.157191E-01
      vertex -4.835355E+01 -1.118934E+01 1.464466E-01
    endloop
  endfacet
  facet normal -9.963136E-01 0.000000E+00 -8.578619E-02
    outer loop
      vertex -4.850000E+01 -1.125000E+01 5.000000E-01
      vertex -4.850000E+01 3.175000E+01 5.000000E-01
      vertex -4.849264E+01 3.174264E+01 4.145384E-01
    endloop
  endfacet
  facet normal -9.669967E-01 3.079107E-05 -2.547888E-01
    outer loop
      vertex -4.848880E+01 -1.124536E+01 3.947641E-01
      vertex -4.849264E+01 3.174264E+01 4.145384E-01
      vertex -4.847079E+01 3.172079E+01 3.315921E-01
    endloop
  endfacet
  facet normal -9.943842E-01 -4.017611E-05 -1.058312E-01
    outer loop
      vertex -4.848880E+01 -1.124536E+01 3.947641E-01
      vertex -4.850000E+01 -1.125000E+01 5.000000E-01
      vertex -4.849264E+01 3.174264E+01 4.145384E-01
    endloop
  endfacet
  facet normal -9.091995E-01 4.268781E-05 -4.163609E-01
    outer loop
      vertex -4.845570E+01 -1.123165E+01 2.942428E-01
      vertex -4.847079E+01 3.172079E+01 3.315921E-01
      vertex -4.843507E+01 3.168507E+01 2.536021E-01
    endloop
  endfacet
  facet normal -9.498281E-01 -6.165833E-05 -3.127723E-01
    outer loop
      vertex -4.845570E+01 -1.123165E+01 2.942428E-01
      vertex -4.848880E+01 -1.124536E+01 3.947641E-01
      vertex -4.847079E+01 3.172079E+01 3.315921E-01
    endloop
  endfacet
  facet normal -8.349053E-01 2.373412E-05 -5.503935E-01
    outer loop
      vertex -4.841132E+01 -1.121327E+01 2.157191E-01
      vertex -4.843507E+01 3.168507E+01 2.536021E-01
      vertex -4.839794E+01 3.164794E+01 1.972679E-01
    endloop
  endfacet
  facet normal -8.705714E-01 -4.754474E-05 -4.920421E-01
    outer loop
      vertex -4.841132E+01 -1.121327E+01 2.157191E-01
      vertex -4.845570E+01 -1.123165E+01 2.942428E-01
      vertex -4.843507E+01 3.168507E+01 2.536021E-01
    endloop
  endfacet
  facet normal -7.531980E-01 0.000000E+00 -6.577939E-01
    outer loop
      vertex -4.835355E+01 -1.118934E+01 1.464466E-01
      vertex -4.839794E+01 3.164794E+01 1.972679E-01
      vertex -4.835355E+01 3.160355E+01 1.464466E-01
    endloop
  endfacet
  facet normal -7.680030E-01 -3.592032E-05 -6.404462E-01
    outer loop
      vertex -4.835355E+01 -1.118934E+01 1.464466E-01
      vertex -4.841132E+01 -1.121327E+01 2.157191E-01
      vertex -4.839794E+01 3.164794E+01 1.972679E-01
    endloop
  endfacet
  facet normal 0.000000E+00 1.305259E-01 -9.914449E-01
    outer loop
      vertex 9.700000E+01 3.125000E+01 0.000000E+00
      vertex -4.800000E+01 3.125000E+01 0.000000E+00
      vertex -4.812941E+01 3.137941E+01 1.703709E-02
    endloop
  endfacet
  facet normal 0.000000E+00 1.305259E-01 -9.914449E-01
    outer loop
      vertex 9.712941E+01 3.137941E+01 1.703709E-02
      vertex 9.700000E+01 3.125000E+01 0.000000E+00
      vertex -4.812941E+01 3.137941E+01 1.703709E-02
    endloop
  endfacet
  facet normal 0.000000E+00 3.826842E-01 -9.238792E-01
    outer loop
      vertex 9.725000E+01 3.150000E+01 6.698730E-02
      vertex -4.812941E+01 3.137941E+01 1.703709E-02
      vertex -4.825000E+01 3.150000E+01 6.698730E-02
    endloop
  endfacet
  facet normal 0.000000E+00 3.826841E-01 -9.238791E-01
    outer loop
      vertex 9.725000E+01 3.150000E+01 6.698730E-02
      vertex 9.712941E+01 3.137941E+01 1.703709E-02
      vertex -4.812941E+01 3.137941E+01 1.703709E-02
    endloop
  endfacet
  facet normal 0.000000E+00 6.087601E-01 -7.933544E-01
    outer loop
      vertex 9.735355E+01 3.160355E+01 1.464466E-01
      vertex -4.825000E+01 3.150000E+01 6.698730E-02
      vertex -4.835355E+01 3.160355E+01 1.464466E-01
    endloop
  endfacet
  facet normal 0.000000E+00 6.087601E-01 -7.933544E-01
    outer loop
      vertex 9.735355E+01 3.160355E+01 1.464466E-01
      vertex 9.725000E+01 3.150000E+01 6.698730E-02
      vertex -4.825000E+01 3.150000E+01 6.698730E-02
    endloop
  endfacet
  facet normal 9.963173E-01 0.000000E+00 -8.574204E-02
    outer loop
      vertex 9.749265E+01 3.174264E+01 4.145384E-01
      vertex 9.750000E+01 3.175000E+01 5.000000E-01
      vertex 9.750000E+01 -3.250000E+00 5.000000E-01
    endloop
  endfacet
  facet normal 9.943841E-01 -4.947054E-05 -1.058316E-01
    outer loop
      vertex 9.749265E+01 3.174264E+01 4.145384E-01
      vertex 9.750000E+01 -3.250000E+00 5.000000E-01
      vertex 9.748880E+01 -3.245361E+00 3.947641E-01
    endloop
  endfacet
  facet normal 9.498383E-01 -7.570445E-05 -3.127415E-01
    outer loop
      vertex 9.747079E+01 3.172079E+01 3.315921E-01
      vertex 9.748880E+01 -3.245361E+00 3.947641E-01
      vertex 9.745570E+01 -3.231651E+00 2.942428E-01
    endloop
  endfacet
  facet normal 9.669853E-01 3.775171E-05 -2.548321E-01
    outer loop
      vertex 9.747079E+01 3.172079E+01 3.315921E-01
      vertex 9.749265E+01 3.174264E+01 4.145384E-01
      vertex 9.748880E+01 -3.245361E+00 3.947641E-01
    endloop
  endfacet
  facet normal 8.705703E-01 -5.834575E-05 -4.920441E-01
    outer loop
      vertex 9.743507E+01 3.168507E+01 2.536021E-01
      vertex 9.745570E+01 -3.231651E+00 2.942428E-01
      vertex 9.741132E+01 -3.213268E+00 2.157191E-01
    endloop
  endfacet
  facet normal 9.091977E-01 5.256229E-05 -4.163646E-01
    outer loop
      vertex 9.743507E+01 3.168507E+01 2.536021E-01
      vertex 9.747079E+01 3.172079E+01 3.315921E-01
      vertex 9.745570E+01 -3.231651E+00 2.942428E-01
    endloop
  endfacet
  facet normal 7.679808E-01 -4.401791E-05 -6.404728E-01
    outer loop
      vertex 9.739793E+01 3.164794E+01 1.972679E-01
      vertex 9.741132E+01 -3.213268E+00 2.157191E-01
      vertex 9.735355E+01 -3.189340E+00 1.464466E-01
    endloop
  endfacet
  facet normal 8.348777E-01 2.933054E-05 -5.504355E-01
    outer loop
      vertex 9.739793E+01 3.164794E+01 1.972679E-01
      vertex 9.743507E+01 3.168507E+01 2.536021E-01
      vertex 9.741132E+01 -3.213268E+00 2.157191E-01
    endloop
  endfacet
  facet normal 7.532260E-01 0.000000E+00 -6.577618E-01
    outer loop
      vertex 9.735355E+01 3.160355E+01 1.464466E-01
      vertex 9.739793E+01 3.164794E+01 1.972679E-01
      vertex 9.735355E+01 -3.189340E+00 1.464466E-01
    endloop
  endfacet
  facet normal 7.049276E-01 -7.049276E-01 -7.844761E-02
    outer loop
      vertex 9.750000E+01 -3.250000E+00 5.000000E-01
      vertex 8.750000E+01 -1.325000E+01 5.000000E-01
      vertex 8.749745E+01 -1.324384E+01 4.217828E-01
    endloop
  endfacet
  facet normal 6.874896E-01 -6.876300E-01 -2.335016E-01
    outer loop
      vertex 9.748880E+01 -3.245361E+00 3.947641E-01
      vertex 8.749745E+01 -1.324384E+01 4.217828E-01
      vertex 8.748986E+01 -1.322553E+01 3.454915E-01
    endloop
  endfacet
  facet normal 7.032434E-01 -7.030274E-01 -1.058360E-01
    outer loop
      vertex 9.748880E+01 -3.245361E+00 3.947641E-01
      vertex 9.750000E+01 -3.250000E+00 5.000000E-01
      vertex 8.749745E+01 -1.324384E+01 4.217828E-01
    endloop
  endfacet
  facet normal 6.419753E-01 -6.423214E-01 -4.186775E-01
    outer loop
      vertex 9.745570E+01 -3.231651E+00 2.942428E-01
      vertex 8.748986E+01 -1.322553E+01 3.454915E-01
      vertex 8.746948E+01 -1.317632E+01 2.387507E-01
    endloop
  endfacet
  facet normal 6.717727E-01 -6.714921E-01 -3.127617E-01
    outer loop
      vertex 9.745570E+01 -3.231651E+00 2.942428E-01
      vertex 9.748880E+01 -3.245361E+00 3.947641E-01
      vertex 8.748986E+01 -1.322553E+01 3.454915E-01
    endloop
  endfacet
  facet normal 5.551544E-01 -5.554037E-01 -6.191368E-01
    outer loop
      vertex 9.741132E+01 -3.213268E+00 2.157191E-01
      vertex 8.746948E+01 -1.317632E+01 2.387507E-01
      vertex 8.743934E+01 -1.310355E+01 1.464466E-01
    endloop
  endfacet
  facet normal 6.156667E-01 -6.154935E-01 -4.920591E-01
    outer loop
      vertex 9.741132E+01 -3.213268E+00 2.157191E-01
      vertex 9.745570E+01 -3.231651E+00 2.942428E-01
      vertex 8.746948E+01 -1.317632E+01 2.387507E-01
    endloop
  endfacet
  facet normal 5.430533E-01 -5.430534E-01 -6.404577E-01
    outer loop
      vertex 9.735355E+01 -3.189340E+00 1.464466E-01
      vertex 9.741132E+01 -3.213268E+00 2.157191E-01
      vertex 8.743934E+01 -1.310355E+01 1.464466E-01
    endloop
  endfacet
  facet normal -1.000000E+00 0.000000E+00 0.000000E+00
    outer loop
      vertex -4.850000E+01 -1.125000E+01 3.000000E+00
      vertex -4.850000E+01 3.175000E+01 5.000000E-01
      vertex -4.850000E+01 -1.125000E+01 5.000000E-01
    endloop
  endfacet
  facet normal -1.000000E+00 0.000000E+00 0.000000E+00
    outer loop
      vertex -4.850000E+01 -1.125000E+01 3.000000E+00
      vertex -4.850000E+01 3.175000E+01 3.000000E+00
      vertex -4.850000E+01 3.175000E+01 5.000000E-01
    endloop
  endfacet
  facet normal -7.071068E-01 -7.071068E-01 -0.000000E+00
    outer loop
      vertex -4.650000E+01 -1.325000E+01 3.000000E+00
      vertex -4.850000E+01 -1.125000E+01 5.000000E-01
      vertex -4.650000E+01 -1.325000E+01 5.000000E-01
    endloop
  endfacet
  facet normal -7.071068E-01 -7.071068E-01 0.000000E+00
    outer loop
      vertex -4.650000E+01 -1.325000E+01 3.000000E+00
      vertex -4.850000E+01 -1.125000E+01 3.000000E+00
      vertex -4.850000E+01 -1.125000E+01 5.000000E-01
    endloop
  endfacet
  facet normal 0.000000E+00 -1.000000E+00 -0.000000E+00
    outer loop
      vertex 8.750000E+01 -1.325000E+01 3.000000E+00
      vertex -4.650000E+01 -1.325000E+01 5.000000E-01
      vertex 8.750000E+01 -1.325000E+01 5.000000E-01
    endloop
  endfacet
  facet normal -0.000000E+00 -1.000000E+00 0.000000E+00
    outer loop
      vertex 8.750000E+01 -1.325000E+01 3.000000E+00
      vertex -4.650000E+01 -1.325000E+01 3.000000E+00
      vertex -4.650000E+01 -1.325000E+01 5.000000E-01
    endloop
  endfacet
  facet normal 0.000000E+00 0.000000E+00 -1.000000E+00
    outer loop
      vertex -4.800000E+01 -1.104289E+01 0.000000E+00
      vertex -3.442707E+01 -2.674225E+00 0.000000E+00
      vertex -4.629289E+01 -1.275000E+01 0.000000E+00
    endloop
  endfacet
  facet normal 0.000000E+00 0.000000E+00 -1.000000E+00
    outer loop
      vertex -4.629289E+01 -1.275000E+01 0.000000E+00
      vertex -3.442707E+01 -2.674225E+00 0.000000E+00
      vertex -3.344975E+01 -3.899747E+00 0.000000E+00
    endloop
  endfacet
  facet normal 0.000000E+00 -0.000000E+00 -1.000000E+00
    outer loop
      vertex -3.344975E+01 -3.899747E+00 0.000000E+00
      vertex -3.222422E+01 -4.877069E+00 0.000000E+00
      vertex -4.629289E+01 -1.275000E+01 0.000000E+00
    endloop
  endfacet
  facet normal 0.000000E+00 0.000000E+00 -1.000000E+00
    outer loop
      vertex -4.800000E+01 -1.104289E+01 0.000000E+00
      vertex -3.510718E+01 -1.261953E+00 0.000000E+00
      vertex -3.442707E+01 -2.674225E+00 0.000000E+00
    endloop
  endfacet
  facet normal 0.000000E+00 -0.000000E+00 -1.000000E+00
    outer loop
      vertex -3.222422E+01 -4.877069E+00 0.000000E+00
      vertex -3.081195E+01 -5.557183E+00 0.000000E+00
      vertex -4.629289E+01 -1.275000E+01 0.000000E+00
    endloop
  endfacet
  facet normal 0.000000E+00 0.000000E+00 -1.000000E+00
    outer loop
      vertex -4.800000E+01 -1.104289E+01 0.000000E+00
      vertex -3.545599E+01 2.662487E-01 0.000000E+00
      vertex -3.510718E+01 -1.261953E+00 0.000000E+00
    endloop
  endfacet
  facet normal 0.000000E+00 -0.000000E+00 -1.000000E+00
    outer loop
      vertex -3.081195E+01 -5.557183E+00 0.000000E+00
      vertex -2.928375E+01 -5.905985E+00 0.000000E+00
      vertex -4.629289E+01 -1.275000E+01 0.000000E+00
    endloop
  endfacet
  facet normal 0.000000E+00 0.000000E+00 -1.000000E+00
    outer loop
      vertex -4.800000E+01 -1.104289E+01 0.000000E+00
      vertex -3.545599E+01 1.833751E+00 0.000000E+00
      vertex -3.545599E+01 2.662487E-01 0.000000E+00
    endloop
  endfacet
  facet normal 0.000000E+00 -0.000000E+00 -1.000000E+00
    outer loop
      vertex -2.928375E+01 -5.905985E+00 0.000000E+00
      vertex -2.771625E+01 -5.905985E+00 0.000000E+00
      vertex -4.629289E+01 -1.275000E+01 0.000000E+00
    endloop
  endfacet
  facet normal 0.000000E+00 0.000000E+00 -1.000000E+00
    outer loop
      vertex -4.800000E+01 -1.104289E+01 0.000000E+00
      vertex -3.510718E+01 3.361953E+00 0.000000E+00
      vertex -3.545599E+01 1.833751E+00 0.000000E+00
    endloop
  endfacet
  facet normal 0.000000E+00 -0.000000E+00 -1.000000E+00
    outer loop
      vertex 8.936121E+01 -3.717772E+00 0.000000E+00
      vertex 8.975910E+01 -4.066638E+00 0.000000E+00
      vertex 8.729289E+01 -1.275000E+01 0.000000E+00
    endloop
  endfacet
  facet normal 0.000000E+00 0.000000E+00 -1.000000E+00
    outer loop
      vertex 7.754842E+01 -2.882119E-01 0.000000E+00
      vertex 8.905813E+01 -3.283985E+00 0.000000E+00
      vertex 8.729289E+01 -1.275000E+01 0.000000E+00
    endloop
  endfacet
  facet normal 0.000000E+00 0.000000E+00 -1.000000E+00
    outer loop
      vertex 8.729289E+01 -1.275000E+01 0.000000E+00
      vertex 8.905813E+01 -3.283985E+00 0.000000E+00
      vertex 8.936121E+01 -3.717772E+00 0.000000E+00
    endloop
  endfacet
  facet normal 0.000000E+00 -0.000000E+00 -1.000000E+00
    outer loop
      vertex 8.975910E+01 -4.066638E+00 0.000000E+00
      vertex 9.022880E+01 -4.310399E+00 0.000000E+00
      vertex 8.729289E+01 -1.275000E+01 0.000000E+00
    endloop
  endfacet
  facet normal 0.000000E+00 -0.000000E+00 -1.000000E+00
    outer loop
      vertex 7.783821E+01 1.577917E-03 0.000000E+00
      vertex 8.891601E+01 -2.954957E+00 0.000000E+00
      vertex 7.754842E+01 -2.882119E-01 0.000000E+00
    endloop
  endfacet
  facet normal 0.000000E+00 0.000000E+00 -1.000000E+00
    outer loop
      vertex 7.754842E+01 -2.882119E-01 0.000000E+00
      vertex 8.891601E+01 -2.954957E+00 0.000000E+00
      vertex 8.905813E+01 -3.283985E+00 0.000000E+00
    endloop
  endfacet
  facet normal 0.000000E+00 0.000000E+00 -1.000000E+00
    outer loop
      vertex 7.783821E+01 1.577917E-03 0.000000E+00
      vertex 8.882919E+01 -2.607219E+00 0.000000E+00
      vertex 8.891601E+01 -2.954957E+00 0.000000E+00
    endloop
  endfacet
  facet normal 0.000000E+00 -0.000000E+00 -1.000000E+00
    outer loop
      vertex 9.022880E+01 -4.310399E+00 0.000000E+00
      vertex 9.074310E+01 -4.434950E+00 0.000000E+00
      vertex 8.729289E+01 -1.275000E+01 0.000000E+00
    endloop
  endfacet
  facet normal 0.000000E+00 0.000000E+00 -1.000000E+00
    outer loop
      vertex 7.783821E+01 1.577917E-03 0.000000E+00
      vertex 8.880000E+01 -2.250000E+00 0.000000E+00
      vertex 8.882919E+01 -2.607219E+00 0.000000E+00
    endloop
  endfacet
  facet normal 0.000000E+00 -0.000000E+00 -1.000000E+00
    outer loop
      vertex -2.618805E+01 -5.557183E+00 0.000000E+00
      vertex -1.028112E+01 -9.997594E+00 0.000000E+00
      vertex -2.771625E+01 -5.905985E+00 0.000000E+00
    endloop
  endfacet
  facet normal 0.000000E+00 -0.000000E+00 -1.000000E+00
    outer loop
      vertex 7.805023E+01 3.522982E-01 0.000000E+00
      vertex 8.880000E+01 -2.250000E+00 0.000000E+00
      vertex 7.783821E+01 1.577917E-03 0.000000E+00
    endloop
  endfacet
  facet normal 0.000000E+00 0.000000E+00 -1.000000E+00
    outer loop
      vertex -2.618805E+01 -5.557183E+00 0.000000E+00
      vertex -1.075131E+01 -9.460907E+00 0.000000E+00
      vertex -1.028112E+01 -9.997594E+00 0.000000E+00
    endloop
  endfacet
  facet normal 0.000000E+00 -0.000000E+00 -1.000000E+00
    outer loop
      vertex -2.477578E+01 -4.877069E+00 0.000000E+00
      vertex -1.075131E+01 -9.460907E+00 0.000000E+00
      vertex -2.618805E+01 -5.557183E+00 0.000000E+00
    endloop
  endfacet
  facet normal 0.000000E+00 -0.000000E+00 -1.000000E+00
    outer loop
      vertex 9.074310E+01 -4.434950E+00 0.000000E+00
      vertex 9.127228E+01 -4.433086E+00 0.000000E+00
      vertex 8.729289E+01 -1.275000E+01 0.000000E+00
    endloop
  endfacet
  facet normal 0.000000E+00 -0.000000E+00 -1.000000E+00
    outer loop
      vertex -2.771625E+01 -5.905985E+00 0.000000E+00
      vertex -9.700674E+00 -1.041256E+01 0.000000E+00
      vertex -4.629289E+01 -1.275000E+01 0.000000E+00
    endloop
  endfacet
  facet normal -0.000000E+00 -0.000000E+00 -1.000000E+00
    outer loop
      vertex -1.028112E+01 -9.997594E+00 0.000000E+00
      vertex -9.700674E+00 -1.041256E+01 0.000000E+00
      vertex -2.771625E+01 -5.905985E+00 0.000000E+00
    endloop
  endfacet
  facet normal 0.000000E+00 -0.000000E+00 -1.000000E+00
    outer loop
      vertex 7.817216E+01 7.435665E-01 0.000000E+00
      vertex 8.886393E+01 -1.723505E+00 0.000000E+00
      vertex 7.805023E+01 3.522982E-01 0.000000E+00
    endloop
  endfacet
  facet normal 0.000000E+00 0.000000E+00 -1.000000E+00
    outer loop
      vertex -2.477578E+01 -4.877069E+00 0.000000E+00
      vertex -1.105197E+01 -8.915027E+00 0.000000E+00
      vertex -1.075131E+01 -9.460907E+00 0.000000E+00
    endloop
  endfacet
  facet normal 0.000000E+00 0.000000E+00 -1.000000E+00
    outer loop
      vertex 7.805023E+01 3.522982E-01 0.000000E+00
      vertex 8.886393E+01 -1.723505E+00 0.000000E+00
      vertex 8.880000E+01 -2.250000E+00 0.000000E+00
    endloop
  endfacet
  facet normal 0.000000E+00 -0.000000E+00 -1.000000E+00
    outer loop
      vertex 9.127228E+01 -4.433086E+00 0.000000E+00
      vertex 9.178570E+01 -4.304914E+00 0.000000E+00
      vertex 8.729289E+01 -1.275000E+01 0.000000E+00
    endloop
  endfacet
  facet normal 0.000000E+00 -0.000000E+00 -1.000000E+00
    outer loop
      vertex -9.700674E+00 -1.041256E+01 0.000000E+00
      vertex -9.040726E+00 -1.068382E+01 0.000000E+00
      vertex -4.629289E+01 -1.275000E+01 0.000000E+00
    endloop
  endfacet
  facet normal 0.000000E+00 0.000000E+00 -1.000000E+00
    outer loop
      vertex 7.817216E+01 7.435665E-01 0.000000E+00
      vertex 8.905199E+01 -1.227609E+00 0.000000E+00
      vertex 8.886393E+01 -1.723505E+00 0.000000E+00
    endloop
  endfacet
  facet normal 0.000000E+00 -0.000000E+00 -1.000000E+00
    outer loop
      vertex 7.819690E+01 1.152643E+00 0.000000E+00
      vertex 8.905199E+01 -1.227609E+00 0.000000E+00
      vertex 7.817216E+01 7.435665E-01 0.000000E+00
    endloop
  endfacet
  facet normal 0.000000E+00 0.000000E+00 -1.000000E+00
    outer loop
      vertex 7.812302E+01 1.555755E+00 0.000000E+00
      vertex 8.905199E+01 -1.227609E+00 0.000000E+00
      vertex 7.819690E+01 1.152643E+00 0.000000E+00
    endloop
  endfacet
  facet normal 0.000000E+00 0.000000E+00 -1.000000E+00
    outer loop
      vertex -2.477578E+01 -4.877069E+00 0.000000E+00
      vertex -1.123736E+01 -8.320043E+00 0.000000E+00
      vertex -1.105197E+01 -8.915027E+00 0.000000E+00
    endloop
  endfacet
  facet normal 0.000000E+00 -0.000000E+00 -1.000000E+00
    outer loop
      vertex -2.355025E+01 -3.899747E+00 0.000000E+00
      vertex -1.123736E+01 -8.320043E+00 0.000000E+00
      vertex -2.477578E+01 -4.877069E+00 0.000000E+00
    endloop
  endfacet
  facet normal 0.000000E+00 -0.000000E+00 -1.000000E+00
    outer loop
      vertex 9.178570E+01 -4.304914E+00 0.000000E+00
      vertex 9.225366E+01 -4.057851E+00 0.000000E+00
      vertex 8.729289E+01 -1.275000E+01 0.000000E+00
    endloop
  endfacet
  facet normal 0.000000E+00 -0.000000E+00 -1.000000E+00
    outer loop
      vertex -9.040726E+00 -1.068382E+01 0.000000E+00
      vertex -8.336237E+00 -1.079700E+01 0.000000E+00
      vertex -4.629289E+01 -1.275000E+01 0.000000E+00
    endloop
  endfacet
  facet normal 0.000000E+00 0.000000E+00 -1.000000E+00
    outer loop
      vertex 7.795483E+01 1.929474E+00 0.000000E+00
      vertex 8.935328E+01 -7.911301E-01 0.000000E+00
      vertex 7.812302E+01 1.555755E+00 0.000000E+00
    endloop
  endfacet
  facet normal 0.000000E+00 0.000000E+00 -1.000000E+00
    outer loop
      vertex -2.355025E+01 -3.899747E+00 0.000000E+00
      vertex -1.130000E+01 -7.700000E+00 0.000000E+00
      vertex -1.123736E+01 -8.320043E+00 0.000000E+00
    endloop
  endfacet
  facet normal 0.000000E+00 0.000000E+00 -1.000000E+00
    outer loop
      vertex 7.812302E+01 1.555755E+00 0.000000E+00
      vertex 8.935328E+01 -7.911301E-01 0.000000E+00
      vertex 8.905199E+01 -1.227609E+00 0.000000E+00
    endloop
  endfacet
  facet normal 0.000000E+00 -0.000000E+00 -1.000000E+00
    outer loop
      vertex -2.257293E+01 -2.674225E+00 0.000000E+00
      vertex -1.130000E+01 -7.700000E+00 0.000000E+00
      vertex -2.355025E+01 -3.899747E+00 0.000000E+00
    endloop
  endfacet
  facet normal 0.000000E+00 0.000000E+00 -1.000000E+00
    outer loop
      vertex 7.795483E+01 1.929474E+00 0.000000E+00
      vertex 8.975026E+01 -4.394355E-01 0.000000E+00
      vertex 8.935328E+01 -7.911301E-01 0.000000E+00
    endloop
  endfacet
  facet normal 0.000000E+00 0.000000E+00 -1.000000E+00
    outer loop
      vertex 7.770208E+01 2.252082E+00 0.000000E+00
      vertex 8.975026E+01 -4.394355E-01 0.000000E+00
      vertex 7.795483E+01 1.929474E+00 0.000000E+00
    endloop
  endfacet
  facet normal 0.000000E+00 0.000000E+00 -1.000000E+00
    outer loop
      vertex 7.770208E+01 2.252082E+00 0.000000E+00
      vertex 9.021987E+01 -1.929643E-01 0.000000E+00
      vertex 8.975026E+01 -4.394355E-01 0.000000E+00
    endloop
  endfacet
  facet normal 0.000000E+00 0.000000E+00 -1.000000E+00
    outer loop
      vertex -2.257293E+01 -2.674225E+00 0.000000E+00
      vertex -1.120992E+01 -6.958121E+00 0.000000E+00
      vertex -1.130000E+01 -7.700000E+00 0.000000E+00
    endloop
  endfacet
  facet normal 0.000000E+00 -0.000000E+00 -1.000000E+00
    outer loop
      vertex -2.189282E+01 -1.261953E+00 0.000000E+00
      vertex -1.120992E+01 -6.958121E+00 0.000000E+00
      vertex -2.257293E+01 -2.674225E+00 0.000000E+00
    endloop
  endfacet
  facet normal 0.000000E+00 0.000000E+00 -1.000000E+00
    outer loop
      vertex -2.189282E+01 -1.261953E+00 0.000000E+00
      vertex -1.094491E+01 -6.259358E+00 0.000000E+00
      vertex -1.120992E+01 -6.958121E+00 0.000000E+00
    endloop
  endfacet
  facet normal 0.000000E+00 -0.000000E+00 -1.000000E+00
    outer loop
      vertex 9.225366E+01 -4.057851E+00 0.000000E+00
      vertex 9.700000E+01 -3.042893E+00 0.000000E+00
      vertex 8.729289E+01 -1.275000E+01 0.000000E+00
    endloop
  endfacet
  facet normal 0.000000E+00 -0.000000E+00 -1.000000E+00
    outer loop
      vertex 9.264909E+01 -3.706191E+00 0.000000E+00
      vertex 9.700000E+01 -3.042893E+00 0.000000E+00
      vertex 9.225366E+01 -4.057851E+00 0.000000E+00
    endloop
  endfacet
  facet normal 0.000000E+00 0.000000E+00 -1.000000E+00
    outer loop
      vertex -3.344975E+01 5.999747E+00 0.000000E+00
      vertex -4.800000E+01 3.125000E+01 0.000000E+00
      vertex -3.222422E+01 6.977069E+00 0.000000E+00
    endloop
  endfacet
  facet normal 0.000000E+00 -0.000000E+00 -1.000000E+00
    outer loop
      vertex 9.294911E+01 -3.270279E+00 0.000000E+00
      vertex 9.700000E+01 -3.042893E+00 0.000000E+00
      vertex 9.264909E+01 -3.706191E+00 0.000000E+00
    endloop
  endfacet
  facet normal 0.000000E+00 -0.000000E+00 -1.000000E+00
    outer loop
      vertex 9.313636E+01 -2.775337E+00 0.000000E+00
      vertex 9.700000E+01 -3.042893E+00 0.000000E+00
      vertex 9.294911E+01 -3.270279E+00 0.000000E+00
    endloop
  endfacet
  facet normal 0.000000E+00 -0.000000E+00 -1.000000E+00
    outer loop
      vertex 9.320000E+01 -2.250000E+00 0.000000E+00
      vertex 9.700000E+01 -3.042893E+00 0.000000E+00
      vertex 9.313636E+01 -2.775337E+00 0.000000E+00
    endloop
  endfacet
  facet normal 0.000000E+00 0.000000E+00 -1.000000E+00
    outer loop
      vertex -4.800000E+01 -1.104289E+01 0.000000E+00
      vertex -4.800000E+01 3.125000E+01 0.000000E+00
      vertex -3.510718E+01 3.361953E+00 0.000000E+00
    endloop
  endfacet
  facet normal 0.000000E+00 0.000000E+00 -1.000000E+00
    outer loop
      vertex 9.313607E+01 -1.723505E+00 0.000000E+00
      vertex 9.700000E+01 -3.042893E+00 0.000000E+00
      vertex 9.320000E+01 -2.250000E+00 0.000000E+00
    endloop
  endfacet
  facet normal 0.000000E+00 0.000000E+00 -1.000000E+00
    outer loop
      vertex -3.442707E+01 4.774225E+00 0.000000E+00
      vertex -4.800000E+01 3.125000E+01 0.000000E+00
      vertex -3.344975E+01 5.999747E+00 0.000000E+00
    endloop
  endfacet
  facet normal 0.000000E+00 0.000000E+00 -1.000000E+00
    outer loop
      vertex 9.294801E+01 -1.227609E+00 0.000000E+00
      vertex 9.700000E+01 -3.042893E+00 0.000000E+00
      vertex 9.313607E+01 -1.723505E+00 0.000000E+00
    endloop
  endfacet
  facet normal 0.000000E+00 0.000000E+00 -1.000000E+00
    outer loop
      vertex -3.510718E+01 3.361953E+00 0.000000E+00
      vertex -4.800000E+01 3.125000E+01 0.000000E+00
      vertex -3.442707E+01 4.774225E+00 0.000000E+00
    endloop
  endfacet
  facet normal 0.000000E+00 0.000000E+00 -1.000000E+00
    outer loop
      vertex 9.264672E+01 -7.911301E-01 0.000000E+00
      vertex 9.700000E+01 -3.042893E+00 0.000000E+00
      vertex 9.294801E+01 -1.227609E+00 0.000000E+00
    endloop
  endfacet
  facet normal 0.000000E+00 0.000000E+00 -1.000000E+00
    outer loop
      vertex 9.224974E+01 -4.394355E-01 0.000000E+00
      vertex 9.700000E+01 -3.042893E+00 0.000000E+00
      vertex 9.264672E+01 -7.911301E-01 0.000000E+00
    endloop
  endfacet
  facet normal 0.000000E+00 -0.000000E+00 -1.000000E+00
    outer loop
      vertex -2.154401E+01 2.662487E-01 0.000000E+00
      vertex -1.052038E+01 -5.644320E+00 0.000000E+00
      vertex -2.189282E+01 -1.261953E+00 0.000000E+00
    endloop
  endfacet
  facet normal 0.000000E+00 0.000000E+00 -1.000000E+00
    outer loop
      vertex -2.189282E+01 -1.261953E+00 0.000000E+00
      vertex -1.052038E+01 -5.644320E+00 0.000000E+00
      vertex -1.094491E+01 -6.259358E+00 0.000000E+00
    endloop
  endfacet
  facet normal 0.000000E+00 0.000000E+00 -1.000000E+00
    outer loop
      vertex 7.489540E+01 1.611474E+00 0.000000E+00
      vertex 7.078922E+01 2.686680E+01 0.000000E+00
      vertex 7.506057E+01 1.954455E+00 0.000000E+00
    endloop
  endfacet
  facet normal 0.000000E+00 0.000000E+00 -1.000000E+00
    outer loop
      vertex -2.154401E+01 2.662487E-01 0.000000E+00
      vertex -9.961000E+00 -5.148750E+00 0.000000E+00
      vertex -1.052038E+01 -5.644320E+00 0.000000E+00
    endloop
  endfacet
  facet normal 0.000000E+00 0.000000E+00 -1.000000E+00
    outer loop
      vertex -2.154401E+01 1.833751E+00 0.000000E+00
      vertex -9.961000E+00 -5.148750E+00 0.000000E+00
      vertex -2.154401E+01 2.662487E-01 0.000000E+00
    endloop
  endfacet
  facet normal 0.000000E+00 0.000000E+00 -1.000000E+00
    outer loop
      vertex 7.506057E+01 1.954455E+00 0.000000E+00
      vertex 7.117787E+01 2.649160E+01 0.000000E+00
      vertex 7.529792E+01 2.252082E+00 0.000000E+00
    endloop
  endfacet
  facet normal 0.000000E+00 0.000000E+00 -1.000000E+00
    outer loop
      vertex 7.078922E+01 2.686680E+01 0.000000E+00
      vertex 7.117787E+01 2.649160E+01 0.000000E+00
      vertex 7.506057E+01 1.954455E+00 0.000000E+00
    endloop
  endfacet
  facet normal 0.000000E+00 0.000000E+00 -1.000000E+00
    outer loop
      vertex -5.100000E+00 9.800000E+00 0.000000E+00
      vertex 7.050373E+01 2.732539E+01 0.000000E+00
      vertex 7.481069E+01 1.240340E+00 0.000000E+00
    endloop
  endfacet
  facet normal 0.000000E+00 0.000000E+00 -1.000000E+00
    outer loop
      vertex 7.481069E+01 1.240340E+00 0.000000E+00
      vertex 7.050373E+01 2.732539E+01 0.000000E+00
      vertex 7.489540E+01 1.611474E+00 0.000000E+00
    endloop
  endfacet
  facet normal 0.000000E+00 0.000000E+00 -1.000000E+00
    outer loop
      vertex 7.489540E+01 1.611474E+00 0.000000E+00
      vertex 7.050373E+01 2.732539E+01 0.000000E+00
      vertex 7.078922E+01 2.686680E+01 0.000000E+00
    endloop
  endfacet
  facet normal 0.000000E+00 0.000000E+00 -1.000000E+00
    outer loop
      vertex 7.117787E+01 2.649160E+01 0.000000E+00
      vertex 7.164623E+01 2.622242E+01 0.000000E+00
      vertex 7.529792E+01 2.252082E+00 0.000000E+00
    endloop
  endfacet
  facet normal 0.000000E+00 0.000000E+00 -1.000000E+00
    outer loop
      vertex 7.529792E+01 2.252082E+00 0.000000E+00
      vertex 7.164623E+01 2.622242E+01 0.000000E+00
      vertex 7.559554E+01 2.489431E+00 0.000000E+00
    endloop
  endfacet
  facet normal 0.000000E+00 0.000000E+00 -1.000000E+00
    outer loop
      vertex -5.100000E+00 9.800000E+00 0.000000E+00
      vertex 7.039134E+01 2.762266E+01 0.000000E+00
      vertex 7.050373E+01 2.732539E+01 0.000000E+00
    endloop
  endfacet
  facet normal 0.000000E+00 0.000000E+00 -1.000000E+00
    outer loop
      vertex -5.190080E+00 1.054188E+01 0.000000E+00
      vertex 7.039134E+01 2.762266E+01 0.000000E+00
      vertex -5.100000E+00 9.800000E+00 0.000000E+00
    endloop
  endfacet
  facet normal 0.000000E+00 0.000000E+00 -1.000000E+00
    outer loop
      vertex 7.164623E+01 2.622242E+01 0.000000E+00
      vertex 7.216607E+01 2.607549E+01 0.000000E+00
      vertex 7.559554E+01 2.489431E+00 0.000000E+00
    endloop
  endfacet
  facet normal 0.000000E+00 0.000000E+00 -1.000000E+00
    outer loop
      vertex 7.559554E+01 2.489431E+00 0.000000E+00
      vertex 7.216607E+01 2.607549E+01 0.000000E+00
      vertex 7.593852E+01 2.654602E+00 0.000000E+00
    endloop
  endfacet
  facet normal 0.000000E+00 0.000000E+00 -1.000000E+00
    outer loop
      vertex -5.455086E+00 1.124064E+01 0.000000E+00
      vertex 7.032295E+01 2.793302E+01 0.000000E+00
      vertex -5.190080E+00 1.054188E+01 0.000000E+00
    endloop
  endfacet
  facet normal 0.000000E+00 0.000000E+00 -1.000000E+00
    outer loop
      vertex -5.190080E+00 1.054188E+01 0.000000E+00
      vertex 7.032295E+01 2.793302E+01 0.000000E+00
      vertex 7.039134E+01 2.762266E+01 0.000000E+00
    endloop
  endfacet
  facet normal 0.000000E+00 0.000000E+00 -1.000000E+00
    outer loop
      vertex -2.189282E+01 3.361953E+00 0.000000E+00
      vertex -1.060118E+01 7.839305E+00 0.000000E+00
      vertex -2.154401E+01 1.833751E+00 0.000000E+00
    endloop
  endfacet
  facet normal 0.000000E+00 0.000000E+00 -1.000000E+00
    outer loop
      vertex -5.455086E+00 1.124064E+01 0.000000E+00
      vertex 7.030000E+01 2.825000E+01 0.000000E+00
      vertex 7.032295E+01 2.793302E+01 0.000000E+00
    endloop
  endfacet
  facet normal 0.000000E+00 0.000000E+00 -1.000000E+00
    outer loop
      vertex -2.154401E+01 1.833751E+00 0.000000E+00
      vertex -1.005220E+01 7.314167E+00 0.000000E+00
      vertex -9.961000E+00 -5.148750E+00 0.000000E+00
    endloop
  endfacet
  facet normal 0.000000E+00 -0.000000E+00 -1.000000E+00
    outer loop
      vertex -1.060118E+01 7.839305E+00 0.000000E+00
      vertex -1.005220E+01 7.314167E+00 0.000000E+00
      vertex -2.154401E+01 1.833751E+00 0.000000E+00
    endloop
  endfacet
  facet normal 0.000000E+00 0.000000E+00 -1.000000E+00
    outer loop
      vertex 7.216607E+01 2.607549E+01 0.000000E+00
      vertex 7.270604E+01 2.605967E+01 0.000000E+00
      vertex 7.593852E+01 2.654602E+00 0.000000E+00
    endloop
  endfacet
  facet normal 0.000000E+00 0.000000E+00 -1.000000E+00
    outer loop
      vertex -2.189282E+01 3.361953E+00 0.000000E+00
      vertex -1.098256E+01 8.433485E+00 0.000000E+00
      vertex -1.060118E+01 7.839305E+00 0.000000E+00
    endloop
  endfacet
  facet normal 0.000000E+00 0.000000E+00 -1.000000E+00
    outer loop
      vertex 7.593852E+01 2.654602E+00 0.000000E+00
      vertex 7.270604E+01 2.605967E+01 0.000000E+00
      vertex 7.630966E+01 2.739311E+00 0.000000E+00
    endloop
  endfacet
  facet normal 0.000000E+00 0.000000E+00 -1.000000E+00
    outer loop
      vertex -2.257293E+01 4.774225E+00 0.000000E+00
      vertex -1.098256E+01 8.433485E+00 0.000000E+00
      vertex -2.189282E+01 3.361953E+00 0.000000E+00
    endloop
  endfacet
  facet normal 0.000000E+00 0.000000E+00 -1.000000E+00
    outer loop
      vertex -5.879617E+00 1.185568E+01 0.000000E+00
      vertex 7.036393E+01 2.877649E+01 0.000000E+00
      vertex -5.455086E+00 1.124064E+01 0.000000E+00
    endloop
  endfacet
  facet normal 0.000000E+00 0.000000E+00 -1.000000E+00
    outer loop
      vertex -9.961000E+00 -5.148750E+00 0.000000E+00
      vertex -9.391975E+00 6.938323E+00 0.000000E+00
      vertex -9.299275E+00 -4.801450E+00 0.000000E+00
    endloop
  endfacet
  facet normal 0.000000E+00 0.000000E+00 -1.000000E+00
    outer loop
      vertex -1.005220E+01 7.314167E+00 0.000000E+00
      vertex -9.391975E+00 6.938323E+00 0.000000E+00
      vertex -9.961000E+00 -5.148750E+00 0.000000E+00
    endloop
  endfacet
  facet normal 0.000000E+00 0.000000E+00 -1.000000E+00
    outer loop
      vertex -5.455086E+00 1.124064E+01 0.000000E+00
      vertex 7.036393E+01 2.877649E+01 0.000000E+00
      vertex 7.030000E+01 2.825000E+01 0.000000E+00
    endloop
  endfacet
  facet normal 0.000000E+00 0.000000E+00 -1.000000E+00
    outer loop
      vertex -2.257293E+01 4.774225E+00 0.000000E+00
      vertex -1.121960E+01 9.098549E+00 0.000000E+00
      vertex -1.098256E+01 8.433485E+00 0.000000E+00
    endloop
  endfacet
  facet normal 0.000000E+00 0.000000E+00 -1.000000E+00
    outer loop
      vertex 7.270604E+01 2.605967E+01 0.000000E+00
      vertex 7.323359E+01 2.617591E+01 0.000000E+00
      vertex 7.630966E+01 2.739311E+00 0.000000E+00
    endloop
  endfacet
  facet normal 0.000000E+00 0.000000E+00 -1.000000E+00
    outer loop
      vertex 7.630966E+01 2.739311E+00 0.000000E+00
      vertex 7.323359E+01 2.617591E+01 0.000000E+00
      vertex 7.669034E+01 2.739311E+00 0.000000E+00
    endloop
  endfacet
  facet normal 0.000000E+00 0.000000E+00 -1.000000E+00
    outer loop
      vertex -2.185328E+01 2.970887E+01 0.000000E+00
      vertex 7.055199E+01 2.927239E+01 0.000000E+00
      vertex -2.155200E+01 2.927239E+01 0.000000E+00
    endloop
  endfacet
  facet normal 0.000000E+00 0.000000E+00 -1.000000E+00
    outer loop
      vertex -2.155200E+01 2.927239E+01 0.000000E+00
      vertex 7.055199E+01 2.927239E+01 0.000000E+00
      vertex -6.438999E+00 1.235125E+01 0.000000E+00
    endloop
  endfacet
  facet normal 0.000000E+00 0.000000E+00 -1.000000E+00
    outer loop
      vertex -6.438999E+00 1.235125E+01 0.000000E+00
      vertex 7.055199E+01 2.927239E+01 0.000000E+00
      vertex -5.879617E+00 1.185568E+01 0.000000E+00
    endloop
  endfacet
  facet normal 0.000000E+00 0.000000E+00 -1.000000E+00
    outer loop
      vertex -9.299275E+00 -4.801450E+00 0.000000E+00
      vertex -8.660165E+00 6.734344E+00 0.000000E+00
      vertex -8.573664E+00 -4.622602E+00 0.000000E+00
    endloop
  endfacet
  facet normal 0.000000E+00 0.000000E+00 -1.000000E+00
    outer loop
      vertex -5.879617E+00 1.185568E+01 0.000000E+00
      vertex 7.055199E+01 2.927239E+01 0.000000E+00
      vertex 7.036393E+01 2.877649E+01 0.000000E+00
    endloop
  endfacet
  facet normal 0.000000E+00 0.000000E+00 -1.000000E+00
    outer loop
      vertex -9.391975E+00 6.938323E+00 0.000000E+00
      vertex -8.660165E+00 6.734344E+00 0.000000E+00
      vertex -9.299275E+00 -4.801450E+00 0.000000E+00
    endloop
  endfacet
  facet normal 0.000000E+00 0.000000E+00 -1.000000E+00
    outer loop
      vertex -2.355025E+01 5.999747E+00 0.000000E+00
      vertex -1.130000E+01 9.800000E+00 0.000000E+00
      vertex -2.257293E+01 4.774225E+00 0.000000E+00
    endloop
  endfacet
  facet normal 0.000000E+00 0.000000E+00 -1.000000E+00
    outer loop
      vertex -2.257293E+01 4.774225E+00 0.000000E+00
      vertex -1.130000E+01 9.800000E+00 0.000000E+00
      vertex -1.121960E+01 9.098549E+00 0.000000E+00
    endloop
  endfacet
  facet normal 0.000000E+00 0.000000E+00 -1.000000E+00
    outer loop
      vertex 7.323359E+01 2.617591E+01 0.000000E+00
      vertex 7.371690E+01 2.641720E+01 0.000000E+00
      vertex 7.669034E+01 2.739311E+00 0.000000E+00
    endloop
  endfacet
  facet normal 0.000000E+00 0.000000E+00 -1.000000E+00
    outer loop
      vertex -2.185328E+01 2.970887E+01 0.000000E+00
      vertex 7.085328E+01 2.970887E+01 0.000000E+00
      vertex 7.055199E+01 2.927239E+01 0.000000E+00
    endloop
  endfacet
  facet normal 0.000000E+00 0.000000E+00 -1.000000E+00
    outer loop
      vertex -8.573664E+00 -4.622602E+00 0.000000E+00
      vertex -7.900719E+00 6.714480E+00 0.000000E+00
      vertex -7.826336E+00 -4.622602E+00 0.000000E+00
    endloop
  endfacet
  facet normal 0.000000E+00 0.000000E+00 -1.000000E+00
    outer loop
      vertex -8.660165E+00 6.734344E+00 0.000000E+00
      vertex -7.900719E+00 6.714480E+00 0.000000E+00
      vertex -8.573664E+00 -4.622602E+00 0.000000E+00
    endloop
  endfacet
  facet normal 0.000000E+00 0.000000E+00 -1.000000E+00
    outer loop
      vertex -2.477578E+01 6.977069E+00 0.000000E+00
      vertex -1.120992E+01 1.054188E+01 0.000000E+00
      vertex -2.355025E+01 5.999747E+00 0.000000E+00
    endloop
  endfacet
  facet normal 0.000000E+00 0.000000E+00 -1.000000E+00
    outer loop
      vertex -2.355025E+01 5.999747E+00 0.000000E+00
      vertex -1.120992E+01 1.054188E+01 0.000000E+00
      vertex -1.130000E+01 9.800000E+00 0.000000E+00
    endloop
  endfacet
  facet normal 0.000000E+00 0.000000E+00 -1.000000E+00
    outer loop
      vertex -2.225026E+01 3.006056E+01 0.000000E+00
      vertex 7.125026E+01 3.006056E+01 0.000000E+00
      vertex -2.185328E+01 2.970887E+01 0.000000E+00
    endloop
  endfacet
  facet normal 0.000000E+00 0.000000E+00 -1.000000E+00
    outer loop
      vertex -7.826336E+00 -4.622602E+00 0.000000E+00
      vertex -7.159247E+00 6.879926E+00 0.000000E+00
      vertex -7.100725E+00 -4.801450E+00 0.000000E+00
    endloop
  endfacet
  facet normal 0.000000E+00 0.000000E+00 -1.000000E+00
    outer loop
      vertex -2.185328E+01 2.970887E+01 0.000000E+00
      vertex 7.125026E+01 3.006056E+01 0.000000E+00
      vertex 7.085328E+01 2.970887E+01 0.000000E+00
    endloop
  endfacet
  facet normal 0.000000E+00 0.000000E+00 -1.000000E+00
    outer loop
      vertex -7.900719E+00 6.714480E+00 0.000000E+00
      vertex -7.159247E+00 6.879926E+00 0.000000E+00
      vertex -7.826336E+00 -4.622602E+00 0.000000E+00
    endloop
  endfacet
  facet normal 0.000000E+00 0.000000E+00 -1.000000E+00
    outer loop
      vertex -2.477578E+01 6.977069E+00 0.000000E+00
      vertex -1.094491E+01 1.124064E+01 0.000000E+00
      vertex -1.120992E+01 1.054188E+01 0.000000E+00
    endloop
  endfacet
  facet normal 0.000000E+00 0.000000E+00 -1.000000E+00
    outer loop
      vertex -7.100725E+00 -4.801450E+00 0.000000E+00
      vertex -6.480279E+00 7.220744E+00 0.000000E+00
      vertex -6.438999E+00 -5.148750E+00 0.000000E+00
    endloop
  endfacet
  facet normal 0.000000E+00 0.000000E+00 -1.000000E+00
    outer loop
      vertex -7.159247E+00 6.879926E+00 0.000000E+00
      vertex -6.480279E+00 7.220744E+00 0.000000E+00
      vertex -7.100725E+00 -4.801450E+00 0.000000E+00
    endloop
  endfacet
  facet normal 0.000000E+00 0.000000E+00 -1.000000E+00
    outer loop
      vertex -3.081195E+01 7.657183E+00 0.000000E+00
      vertex -2.480457E+01 2.647853E+01 0.000000E+00
      vertex -2.928375E+01 8.005985E+00 0.000000E+00
    endloop
  endfacet
  facet normal 0.000000E+00 -0.000000E+00 -1.000000E+00
    outer loop
      vertex -2.519538E+01 2.684797E+01 0.000000E+00
      vertex -2.480457E+01 2.647853E+01 0.000000E+00
      vertex -3.081195E+01 7.657183E+00 0.000000E+00
    endloop
  endfacet
  facet normal 0.000000E+00 0.000000E+00 -1.000000E+00
    outer loop
      vertex -3.222422E+01 6.977069E+00 0.000000E+00
      vertex -2.547068E+01 2.727203E+01 0.000000E+00
      vertex -3.081195E+01 7.657183E+00 0.000000E+00
    endloop
  endfacet
  facet normal 0.000000E+00 0.000000E+00 -1.000000E+00
    outer loop
      vertex -3.081195E+01 7.657183E+00 0.000000E+00
      vertex -2.547068E+01 2.727203E+01 0.000000E+00
      vertex -2.519538E+01 2.684797E+01 0.000000E+00
    endloop
  endfacet
  facet normal 0.000000E+00 0.000000E+00 -1.000000E+00
    outer loop
      vertex -4.800000E+01 3.125000E+01 0.000000E+00
      vertex -2.547068E+01 2.727203E+01 0.000000E+00
      vertex -3.222422E+01 6.977069E+00 0.000000E+00
    endloop
  endfacet
  facet normal 0.000000E+00 0.000000E+00 -1.000000E+00
    outer loop
      vertex -6.438999E+00 -5.148750E+00 0.000000E+00
      vertex -5.904595E+00 7.716466E+00 0.000000E+00
      vertex -5.879617E+00 -5.644320E+00 0.000000E+00
    endloop
  endfacet
  facet normal 0.000000E+00 0.000000E+00 -1.000000E+00
    outer loop
      vertex -6.480279E+00 7.220744E+00 0.000000E+00
      vertex -5.904595E+00 7.716466E+00 0.000000E+00
      vertex -6.438999E+00 -5.148750E+00 0.000000E+00
    endloop
  endfacet
  facet normal 0.000000E+00 0.000000E+00 -1.000000E+00
    outer loop
      vertex -2.928375E+01 8.005985E+00 0.000000E+00
      vertex -2.433580E+01 2.621495E+01 0.000000E+00
      vertex -2.771625E+01 8.005985E+00 0.000000E+00
    endloop
  endfacet
  facet normal 0.000000E+00 -0.000000E+00 -1.000000E+00
    outer loop
      vertex -2.480457E+01 2.647853E+01 0.000000E+00
      vertex -2.433580E+01 2.621495E+01 0.000000E+00
      vertex -2.928375E+01 8.005985E+00 0.000000E+00
    endloop
  endfacet
  facet normal 0.000000E+00 0.000000E+00 -1.000000E+00
    outer loop
      vertex -4.800000E+01 3.125000E+01 0.000000E+00
      vertex -2.564190E+01 2.774775E+01 0.000000E+00
      vertex -2.547068E+01 2.727203E+01 0.000000E+00
    endloop
  endfacet
  facet normal 0.000000E+00 0.000000E+00 -1.000000E+00
    outer loop
      vertex -2.771625E+01 8.005985E+00 0.000000E+00
      vertex -2.381709E+01 2.607297E+01 0.000000E+00
      vertex -2.618805E+01 7.657183E+00 0.000000E+00
    endloop
  endfacet
  facet normal 0.000000E+00 -0.000000E+00 -1.000000E+00
    outer loop
      vertex -2.433580E+01 2.621495E+01 0.000000E+00
      vertex -2.381709E+01 2.607297E+01 0.000000E+00
      vertex -2.771625E+01 8.005985E+00 0.000000E+00
    endloop
  endfacet
  facet normal 0.000000E+00 0.000000E+00 -1.000000E+00
    outer loop
      vertex 7.706148E+01 2.654602E+00 0.000000E+00
      vertex 8.956966E+01 2.307844E+01 0.000000E+00
      vertex 7.740446E+01 2.489431E+00 0.000000E+00
    endloop
  endfacet
  facet normal 0.000000E+00 0.000000E+00 -1.000000E+00
    outer loop
      vertex -4.800000E+01 3.125000E+01 0.000000E+00
      vertex -2.570000E+01 2.825000E+01 0.000000E+00
      vertex -2.564190E+01 2.774775E+01 0.000000E+00
    endloop
  endfacet
  facet normal 0.000000E+00 0.000000E+00 -1.000000E+00
    outer loop
      vertex -2.618805E+01 7.657183E+00 0.000000E+00
      vertex -2.327944E+01 2.606108E+01 0.000000E+00
      vertex -2.477578E+01 6.977069E+00 0.000000E+00
    endloop
  endfacet
  facet normal 0.000000E+00 0.000000E+00 -1.000000E+00
    outer loop
      vertex 7.706148E+01 2.654602E+00 0.000000E+00
      vertex 8.922903E+01 2.344475E+01 0.000000E+00
      vertex 8.956966E+01 2.307844E+01 0.000000E+00
    endloop
  endfacet
  facet normal 0.000000E+00 -0.000000E+00 -1.000000E+00
    outer loop
      vertex -2.381709E+01 2.607297E+01 0.000000E+00
      vertex -2.327944E+01 2.606108E+01 0.000000E+00
      vertex -2.618805E+01 7.657183E+00 0.000000E+00
    endloop
  endfacet
  facet normal 0.000000E+00 0.000000E+00 -1.000000E+00
    outer loop
      vertex 7.669034E+01 2.739311E+00 0.000000E+00
      vertex 8.922903E+01 2.344475E+01 0.000000E+00
      vertex 7.706148E+01 2.654602E+00 0.000000E+00
    endloop
  endfacet
  facet normal 0.000000E+00 0.000000E+00 -1.000000E+00
    outer loop
      vertex -5.879617E+00 -5.644320E+00 0.000000E+00
      vertex -5.466766E+00 8.337319E+00 0.000000E+00
      vertex -5.455086E+00 -6.259358E+00 0.000000E+00
    endloop
  endfacet
  facet normal 0.000000E+00 0.000000E+00 -1.000000E+00
    outer loop
      vertex 7.371690E+01 2.641720E+01 0.000000E+00
      vertex 8.922903E+01 2.344475E+01 0.000000E+00
      vertex 7.669034E+01 2.739311E+00 0.000000E+00
    endloop
  endfacet
  facet normal 0.000000E+00 0.000000E+00 -1.000000E+00
    outer loop
      vertex -5.904595E+00 7.716466E+00 0.000000E+00
      vertex -5.466766E+00 8.337319E+00 0.000000E+00
      vertex -5.879617E+00 -5.644320E+00 0.000000E+00
    endloop
  endfacet
  facet normal 0.000000E+00 -0.000000E+00 -1.000000E+00
    outer loop
      vertex 8.956966E+01 2.307844E+01 0.000000E+00
      vertex 8.998421E+01 2.279854E+01 0.000000E+00
      vertex 7.740446E+01 2.489431E+00 0.000000E+00
    endloop
  endfacet
  facet normal 0.000000E+00 0.000000E+00 -1.000000E+00
    outer loop
      vertex -4.800000E+01 3.125000E+01 0.000000E+00
      vertex -2.563607E+01 2.877649E+01 0.000000E+00
      vertex -2.570000E+01 2.825000E+01 0.000000E+00
    endloop
  endfacet
  facet normal 0.000000E+00 0.000000E+00 -1.000000E+00
    outer loop
      vertex 7.740446E+01 2.489431E+00 0.000000E+00
      vertex 8.998421E+01 2.279854E+01 0.000000E+00
      vertex 7.770208E+01 2.252082E+00 0.000000E+00
    endloop
  endfacet
  facet normal 0.000000E+00 -0.000000E+00 -1.000000E+00
    outer loop
      vertex 7.412685E+01 2.676900E+01 0.000000E+00
      vertex 8.899429E+01 2.384604E+01 0.000000E+00
      vertex 7.371690E+01 2.641720E+01 0.000000E+00
    endloop
  endfacet
  facet normal 0.000000E+00 0.000000E+00 -1.000000E+00
    outer loop
      vertex -1.094491E+01 1.124064E+01 0.000000E+00
      vertex -2.275496E+01 2.618000E+01 0.000000E+00
      vertex -1.052038E+01 1.185568E+01 0.000000E+00
    endloop
  endfacet
  facet normal 0.000000E+00 0.000000E+00 -1.000000E+00
    outer loop
      vertex -2.477578E+01 6.977069E+00 0.000000E+00
      vertex -2.275496E+01 2.618000E+01 0.000000E+00
      vertex -1.094491E+01 1.124064E+01 0.000000E+00
    endloop
  endfacet
  facet normal 0.000000E+00 -0.000000E+00 -1.000000E+00
    outer loop
      vertex -2.327944E+01 2.606108E+01 0.000000E+00
      vertex -2.275496E+01 2.618000E+01 0.000000E+00
      vertex -2.477578E+01 6.977069E+00 0.000000E+00
    endloop
  endfacet
  facet normal 0.000000E+00 0.000000E+00 -1.000000E+00
    outer loop
      vertex 7.371690E+01 2.641720E+01 0.000000E+00
      vertex 8.899429E+01 2.384604E+01 0.000000E+00
      vertex 8.922903E+01 2.344475E+01 0.000000E+00
    endloop
  endfacet
  facet normal 0.000000E+00 0.000000E+00 -1.000000E+00
    outer loop
      vertex -4.800000E+01 3.125000E+01 0.000000E+00
      vertex -2.544800E+01 2.927239E+01 0.000000E+00
      vertex -2.563607E+01 2.877649E+01 0.000000E+00
    endloop
  endfacet
  facet normal 0.000000E+00 0.000000E+00 -1.000000E+00
    outer loop
      vertex 7.770208E+01 2.252082E+00 0.000000E+00
      vertex 9.045129E+01 2.261953E+01 0.000000E+00
      vertex 9.021987E+01 -1.929643E-01 0.000000E+00
    endloop
  endfacet
  facet normal 0.000000E+00 0.000000E+00 -1.000000E+00
    outer loop
      vertex -5.455086E+00 -6.259358E+00 0.000000E+00
      vertex -5.193089E+00 9.046019E+00 0.000000E+00
      vertex -5.190080E+00 -6.958121E+00 0.000000E+00
    endloop
  endfacet
  facet normal 0.000000E+00 0.000000E+00 -1.000000E+00
    outer loop
      vertex -5.466766E+00 8.337319E+00 0.000000E+00
      vertex -5.193089E+00 9.046019E+00 0.000000E+00
      vertex -5.455086E+00 -6.259358E+00 0.000000E+00
    endloop
  endfacet
  facet normal 0.000000E+00 0.000000E+00 -1.000000E+00
    outer loop
      vertex 9.021987E+01 -1.929643E-01 0.000000E+00
      vertex 9.045129E+01 2.261953E+01 0.000000E+00
      vertex 9.073482E+01 -6.604048E-02 0.000000E+00
    endloop
  endfacet
  facet normal 0.000000E+00 -0.000000E+00 -1.000000E+00
    outer loop
      vertex 8.998421E+01 2.279854E+01 0.000000E+00
      vertex 9.045129E+01 2.261953E+01 0.000000E+00
      vertex 7.770208E+01 2.252082E+00 0.000000E+00
    endloop
  endfacet
  facet normal 0.000000E+00 0.000000E+00 -1.000000E+00
    outer loop
      vertex 7.412685E+01 2.676900E+01 0.000000E+00
      vertex 8.884912E+01 2.428770E+01 0.000000E+00
      vertex 8.899429E+01 2.384604E+01 0.000000E+00
    endloop
  endfacet
  facet normal 0.000000E+00 0.000000E+00 -1.000000E+00
    outer loop
      vertex -1.052038E+01 1.185568E+01 0.000000E+00
      vertex -2.227500E+01 2.642260E+01 0.000000E+00
      vertex -9.961000E+00 1.235125E+01 0.000000E+00
    endloop
  endfacet
  facet normal 0.000000E+00 0.000000E+00 -1.000000E+00
    outer loop
      vertex -2.275496E+01 2.618000E+01 0.000000E+00
      vertex -2.227500E+01 2.642260E+01 0.000000E+00
      vertex -1.052038E+01 1.185568E+01 0.000000E+00
    endloop
  endfacet
  facet normal 0.000000E+00 -0.000000E+00 -1.000000E+00
    outer loop
      vertex 7.443871E+01 2.721009E+01 0.000000E+00
      vertex 8.884912E+01 2.428770E+01 0.000000E+00
      vertex 7.412685E+01 2.676900E+01 0.000000E+00
    endloop
  endfacet
  facet normal 0.000000E+00 0.000000E+00 -1.000000E+00
    outer loop
      vertex 9.045129E+01 2.261953E+01 0.000000E+00
      vertex 9.094673E+01 2.255065E+01 0.000000E+00
      vertex 9.073482E+01 -6.604048E-02 0.000000E+00
    endloop
  endfacet
  facet normal 0.000000E+00 0.000000E+00 -1.000000E+00
    outer loop
      vertex -4.800000E+01 3.125000E+01 0.000000E+00
      vertex -2.514672E+01 2.970887E+01 0.000000E+00
      vertex -2.544800E+01 2.927239E+01 0.000000E+00
    endloop
  endfacet
  facet normal 0.000000E+00 0.000000E+00 -1.000000E+00
    outer loop
      vertex 9.073482E+01 -6.604048E-02 0.000000E+00
      vertex 9.094673E+01 2.255065E+01 0.000000E+00
      vertex 9.126518E+01 -6.604048E-02 0.000000E+00
    endloop
  endfacet
  facet normal 0.000000E+00 -0.000000E+00 -1.000000E+00
    outer loop
      vertex 7.463367E+01 2.771388E+01 0.000000E+00
      vertex 8.880000E+01 2.475000E+01 0.000000E+00
      vertex 7.443871E+01 2.721009E+01 0.000000E+00
    endloop
  endfacet
  facet normal 0.000000E+00 0.000000E+00 -1.000000E+00
    outer loop
      vertex -9.961000E+00 1.235125E+01 0.000000E+00
      vertex -2.186825E+01 2.677440E+01 0.000000E+00
      vertex -9.299275E+00 1.269855E+01 0.000000E+00
    endloop
  endfacet
  facet normal 0.000000E+00 0.000000E+00 -1.000000E+00
    outer loop
      vertex 7.443871E+01 2.721009E+01 0.000000E+00
      vertex 8.880000E+01 2.475000E+01 0.000000E+00
      vertex 8.884912E+01 2.428770E+01 0.000000E+00
    endloop
  endfacet
  facet normal 0.000000E+00 0.000000E+00 -1.000000E+00
    outer loop
      vertex -2.227500E+01 2.642260E+01 0.000000E+00
      vertex -2.186825E+01 2.677440E+01 0.000000E+00
      vertex -9.961000E+00 1.235125E+01 0.000000E+00
    endloop
  endfacet
  facet normal 0.000000E+00 0.000000E+00 -1.000000E+00
    outer loop
      vertex 9.094673E+01 2.255065E+01 0.000000E+00
      vertex 9.144492E+01 2.259546E+01 0.000000E+00
      vertex 9.126518E+01 -6.604048E-02 0.000000E+00
    endloop
  endfacet
  facet normal 0.000000E+00 0.000000E+00 -1.000000E+00
    outer loop
      vertex 9.126518E+01 -6.604048E-02 0.000000E+00
      vertex 9.144492E+01 2.259546E+01 0.000000E+00
      vertex 9.178013E+01 -1.929643E-01 0.000000E+00
    endloop
  endfacet
  facet normal 0.000000E+00 0.000000E+00 -1.000000E+00
    outer loop
      vertex -4.800000E+01 3.125000E+01 0.000000E+00
      vertex -2.474974E+01 3.006056E+01 0.000000E+00
      vertex -2.514672E+01 2.970887E+01 0.000000E+00
    endloop
  endfacet
  facet normal 0.000000E+00 0.000000E+00 -1.000000E+00
    outer loop
      vertex 7.463367E+01 2.771388E+01 0.000000E+00
      vertex 8.886393E+01 2.527649E+01 0.000000E+00
      vertex 8.880000E+01 2.475000E+01 0.000000E+00
    endloop
  endfacet
  facet normal 0.000000E+00 -0.000000E+00 -1.000000E+00
    outer loop
      vertex 7.470000E+01 2.825000E+01 0.000000E+00
      vertex 8.886393E+01 2.527649E+01 0.000000E+00
      vertex 7.463367E+01 2.771388E+01 0.000000E+00
    endloop
  endfacet
  facet normal 0.000000E+00 0.000000E+00 -1.000000E+00
    outer loop
      vertex 9.144492E+01 2.259546E+01 0.000000E+00
      vertex 9.192012E+01 2.275166E+01 0.000000E+00
      vertex 9.178013E+01 -1.929643E-01 0.000000E+00
    endloop
  endfacet
  facet normal 0.000000E+00 0.000000E+00 -1.000000E+00
    outer loop
      vertex -9.299275E+00 1.269855E+01 0.000000E+00
      vertex -2.155900E+01 2.721438E+01 0.000000E+00
      vertex -8.573664E+00 1.287740E+01 0.000000E+00
    endloop
  endfacet
  facet normal 0.000000E+00 0.000000E+00 -1.000000E+00
    outer loop
      vertex 9.178013E+01 -1.929643E-01 0.000000E+00
      vertex 9.192012E+01 2.275166E+01 0.000000E+00
      vertex 9.224974E+01 -4.394355E-01 0.000000E+00
    endloop
  endfacet
  facet normal 0.000000E+00 0.000000E+00 -1.000000E+00
    outer loop
      vertex -2.186825E+01 2.677440E+01 0.000000E+00
      vertex -2.155900E+01 2.721438E+01 0.000000E+00
      vertex -9.299275E+00 1.269855E+01 0.000000E+00
    endloop
  endfacet
  facet normal 0.000000E+00 0.000000E+00 -1.000000E+00
    outer loop
      vertex 7.470000E+01 2.825000E+01 0.000000E+00
      vertex 8.905199E+01 2.577239E+01 0.000000E+00
      vertex 8.886393E+01 2.527649E+01 0.000000E+00
    endloop
  endfacet
  facet normal 0.000000E+00 0.000000E+00 -1.000000E+00
    outer loop
      vertex 7.463607E+01 2.877649E+01 0.000000E+00
      vertex 8.905199E+01 2.577239E+01 0.000000E+00
      vertex 7.470000E+01 2.825000E+01 0.000000E+00
    endloop
  endfacet
  facet normal 0.000000E+00 0.000000E+00 -1.000000E+00
    outer loop
      vertex 9.192012E+01 2.275166E+01 0.000000E+00
      vertex 9.234775E+01 2.301116E+01 0.000000E+00
      vertex 9.224974E+01 -4.394355E-01 0.000000E+00
    endloop
  endfacet
  facet normal 0.000000E+00 0.000000E+00 -1.000000E+00
    outer loop
      vertex 9.224974E+01 -4.394355E-01 0.000000E+00
      vertex 9.234775E+01 2.301116E+01 0.000000E+00
      vertex 9.700000E+01 -3.042893E+00 0.000000E+00
    endloop
  endfacet
  facet normal 0.000000E+00 0.000000E+00 -1.000000E+00
    outer loop
      vertex -4.800000E+01 3.125000E+01 0.000000E+00
      vertex -2.428013E+01 3.030704E+01 0.000000E+00
      vertex -2.474974E+01 3.006056E+01 0.000000E+00
    endloop
  endfacet
  facet normal 0.000000E+00 0.000000E+00 -1.000000E+00
    outer loop
      vertex -2.155900E+01 2.721438E+01 0.000000E+00
      vertex -2.136573E+01 2.771624E+01 0.000000E+00
      vertex -8.573664E+00 1.287740E+01 0.000000E+00
    endloop
  endfacet
  facet normal 0.000000E+00 0.000000E+00 -1.000000E+00
    outer loop
      vertex 7.463607E+01 2.877649E+01 0.000000E+00
      vertex 8.935328E+01 2.620887E+01 0.000000E+00
      vertex 8.905199E+01 2.577239E+01 0.000000E+00
    endloop
  endfacet
  facet normal 0.000000E+00 0.000000E+00 -1.000000E+00
    outer loop
      vertex 7.444801E+01 2.927239E+01 0.000000E+00
      vertex 8.935328E+01 2.620887E+01 0.000000E+00
      vertex 7.463607E+01 2.877649E+01 0.000000E+00
    endloop
  endfacet
  facet normal 0.000000E+00 0.000000E+00 -1.000000E+00
    outer loop
      vertex -8.573664E+00 1.287740E+01 0.000000E+00
      vertex -2.136573E+01 2.771624E+01 0.000000E+00
      vertex -7.826336E+00 1.287740E+01 0.000000E+00
    endloop
  endfacet
  facet normal 0.000000E+00 0.000000E+00 -1.000000E+00
    outer loop
      vertex -4.800000E+01 3.125000E+01 0.000000E+00
      vertex -2.376518E+01 3.043396E+01 0.000000E+00
      vertex -2.428013E+01 3.030704E+01 0.000000E+00
    endloop
  endfacet
  facet normal 0.000000E+00 0.000000E+00 -1.000000E+00
    outer loop
      vertex 9.234775E+01 2.301116E+01 0.000000E+00
      vertex 9.270570E+01 2.336055E+01 0.000000E+00
      vertex 9.700000E+01 -3.042893E+00 0.000000E+00
    endloop
  endfacet
  facet normal 0.000000E+00 0.000000E+00 -1.000000E+00
    outer loop
      vertex -2.136573E+01 2.771624E+01 0.000000E+00
      vertex -2.130000E+01 2.825000E+01 0.000000E+00
      vertex -7.826336E+00 1.287740E+01 0.000000E+00
    endloop
  endfacet
  facet normal 0.000000E+00 0.000000E+00 -1.000000E+00
    outer loop
      vertex -7.826336E+00 1.287740E+01 0.000000E+00
      vertex -2.130000E+01 2.825000E+01 0.000000E+00
      vertex -7.100725E+00 1.269855E+01 0.000000E+00
    endloop
  endfacet
  facet normal 0.000000E+00 0.000000E+00 -1.000000E+00
    outer loop
      vertex 7.444801E+01 2.927239E+01 0.000000E+00
      vertex 8.975026E+01 2.656056E+01 0.000000E+00
      vertex 8.935328E+01 2.620887E+01 0.000000E+00
    endloop
  endfacet
  facet normal 0.000000E+00 0.000000E+00 -1.000000E+00
    outer loop
      vertex 7.414672E+01 2.970887E+01 0.000000E+00
      vertex 8.975026E+01 2.656056E+01 0.000000E+00
      vertex 7.444801E+01 2.927239E+01 0.000000E+00
    endloop
  endfacet
  facet normal 0.000000E+00 0.000000E+00 -1.000000E+00
    outer loop
      vertex -2.130000E+01 2.825000E+01 0.000000E+00
      vertex -2.136393E+01 2.877649E+01 0.000000E+00
      vertex -7.100725E+00 1.269855E+01 0.000000E+00
    endloop
  endfacet
  facet normal 0.000000E+00 0.000000E+00 -1.000000E+00
    outer loop
      vertex 9.270570E+01 2.336055E+01 0.000000E+00
      vertex 9.297548E+01 2.378176E+01 0.000000E+00
      vertex 9.700000E+01 -3.042893E+00 0.000000E+00
    endloop
  endfacet
  facet normal 0.000000E+00 0.000000E+00 -1.000000E+00
    outer loop
      vertex 7.414672E+01 2.970887E+01 0.000000E+00
      vertex 9.021987E+01 2.680704E+01 0.000000E+00
      vertex 8.975026E+01 2.656056E+01 0.000000E+00
    endloop
  endfacet
  facet normal 0.000000E+00 0.000000E+00 -1.000000E+00
    outer loop
      vertex 7.374974E+01 3.006056E+01 0.000000E+00
      vertex 9.021987E+01 2.680704E+01 0.000000E+00
      vertex 7.414672E+01 2.970887E+01 0.000000E+00
    endloop
  endfacet
  facet normal 0.000000E+00 0.000000E+00 -1.000000E+00
    outer loop
      vertex -2.136393E+01 2.877649E+01 0.000000E+00
      vertex -2.155200E+01 2.927239E+01 0.000000E+00
      vertex -7.100725E+00 1.269855E+01 0.000000E+00
    endloop
  endfacet
  facet normal 0.000000E+00 0.000000E+00 -1.000000E+00
    outer loop
      vertex -7.100725E+00 1.269855E+01 0.000000E+00
      vertex -2.155200E+01 2.927239E+01 0.000000E+00
      vertex -6.438999E+00 1.235125E+01 0.000000E+00
    endloop
  endfacet
  facet normal 0.000000E+00 -0.000000E+00 -1.000000E+00
    outer loop
      vertex -7.624532E+00 -1.074612E+01 0.000000E+00
      vertex 8.729289E+01 -1.275000E+01 0.000000E+00
      vertex -8.336237E+00 -1.079700E+01 0.000000E+00
    endloop
  endfacet
  facet normal 0.000000E+00 -0.000000E+00 -1.000000E+00
    outer loop
      vertex -6.943313E+00 -1.053386E+01 0.000000E+00
      vertex 8.729289E+01 -1.275000E+01 0.000000E+00
      vertex -7.624532E+00 -1.074612E+01 0.000000E+00
    endloop
  endfacet
  facet normal 0.000000E+00 -0.000000E+00 -1.000000E+00
    outer loop
      vertex -6.328670E+00 -1.017146E+01 0.000000E+00
      vertex 8.729289E+01 -1.275000E+01 0.000000E+00
      vertex -6.943313E+00 -1.053386E+01 0.000000E+00
    endloop
  endfacet
  facet normal 0.000000E+00 -0.000000E+00 -1.000000E+00
    outer loop
      vertex -5.813166E+00 -9.678137E+00 0.000000E+00
      vertex 8.729289E+01 -1.275000E+01 0.000000E+00
      vertex -6.328670E+00 -1.017146E+01 0.000000E+00
    endloop
  endfacet
  facet normal 0.000000E+00 -0.000000E+00 -1.000000E+00
    outer loop
      vertex -5.424111E+00 -9.080014E+00 0.000000E+00
      vertex 7.529792E+01 -1.520815E-01 0.000000E+00
      vertex -5.813166E+00 -9.678137E+00 0.000000E+00
    endloop
  endfacet
  facet normal 0.000000E+00 -0.000000E+00 -1.000000E+00
    outer loop
      vertex -5.182115E+00 -8.408782E+00 0.000000E+00
      vertex 7.506057E+01 1.455455E-01 0.000000E+00
      vertex -5.424111E+00 -9.080014E+00 0.000000E+00
    endloop
  endfacet
  facet normal 0.000000E+00 0.000000E+00 -1.000000E+00
    outer loop
      vertex -5.424111E+00 -9.080014E+00 0.000000E+00
      vertex 7.506057E+01 1.455455E-01 0.000000E+00
      vertex 7.529792E+01 -1.520815E-01 0.000000E+00
    endloop
  endfacet
  facet normal 0.000000E+00 -0.000000E+00 -1.000000E+00
    outer loop
      vertex 9.314314E+01 2.425304E+01 0.000000E+00
      vertex 9.700000E+01 3.125000E+01 0.000000E+00
      vertex 9.297548E+01 2.378176E+01 0.000000E+00
    endloop
  endfacet
  facet normal 0.000000E+00 -0.000000E+00 -1.000000E+00
    outer loop
      vertex 7.529792E+01 -1.520815E-01 0.000000E+00
      vertex 7.562053E+01 -4.048282E-01 0.000000E+00
      vertex -5.813166E+00 -9.678137E+00 0.000000E+00
    endloop
  endfacet
  facet normal 0.000000E+00 -0.000000E+00 -1.000000E+00
    outer loop
      vertex 9.320000E+01 2.475000E+01 0.000000E+00
      vertex 9.700000E+01 3.125000E+01 0.000000E+00
      vertex 9.314314E+01 2.425304E+01 0.000000E+00
    endloop
  endfacet
  facet normal 0.000000E+00 0.000000E+00 -1.000000E+00
    outer loop
      vertex 9.313607E+01 2.527649E+01 0.000000E+00
      vertex 9.700000E+01 3.125000E+01 0.000000E+00
      vertex 9.320000E+01 2.475000E+01 0.000000E+00
    endloop
  endfacet
  facet normal 0.000000E+00 0.000000E+00 -1.000000E+00
    outer loop
      vertex -5.813166E+00 -9.678137E+00 0.000000E+00
      vertex 7.562053E+01 -4.048282E-01 0.000000E+00
      vertex 8.729289E+01 -1.275000E+01 0.000000E+00
    endloop
  endfacet
  facet normal 0.000000E+00 0.000000E+00 -1.000000E+00
    outer loop
      vertex 9.294801E+01 2.577239E+01 0.000000E+00
      vertex 9.700000E+01 3.125000E+01 0.000000E+00
      vertex 9.313607E+01 2.527649E+01 0.000000E+00
    endloop
  endfacet
  facet normal 0.000000E+00 0.000000E+00 -1.000000E+00
    outer loop
      vertex 9.264672E+01 2.620887E+01 0.000000E+00
      vertex 9.700000E+01 3.125000E+01 0.000000E+00
      vertex 9.294801E+01 2.577239E+01 0.000000E+00
    endloop
  endfacet
  facet normal 0.000000E+00 0.000000E+00 -1.000000E+00
    outer loop
      vertex 9.224974E+01 2.656056E+01 0.000000E+00
      vertex 9.700000E+01 3.125000E+01 0.000000E+00
      vertex 9.264672E+01 2.620887E+01 0.000000E+00
    endloop
  endfacet
  facet normal 0.000000E+00 -0.000000E+00 -1.000000E+00
    outer loop
      vertex -5.100000E+00 -7.700000E+00 0.000000E+00
      vertex 7.489540E+01 4.885256E-01 0.000000E+00
      vertex -5.182115E+00 -8.408782E+00 0.000000E+00
    endloop
  endfacet
  facet normal 0.000000E+00 0.000000E+00 -1.000000E+00
    outer loop
      vertex 9.178013E+01 2.680704E+01 0.000000E+00
      vertex 9.700000E+01 3.125000E+01 0.000000E+00
      vertex 9.224974E+01 2.656056E+01 0.000000E+00
    endloop
  endfacet
  facet normal 0.000000E+00 0.000000E+00 -1.000000E+00
    outer loop
      vertex 9.126518E+01 2.693396E+01 0.000000E+00
      vertex 9.700000E+01 3.125000E+01 0.000000E+00
      vertex 9.178013E+01 2.680704E+01 0.000000E+00
    endloop
  endfacet
  facet normal 0.000000E+00 0.000000E+00 -1.000000E+00
    outer loop
      vertex -5.182115E+00 -8.408782E+00 0.000000E+00
      vertex 7.489540E+01 4.885256E-01 0.000000E+00
      vertex 7.506057E+01 1.455455E-01 0.000000E+00
    endloop
  endfacet
  facet normal 0.000000E+00 0.000000E+00 -1.000000E+00
    outer loop
      vertex 9.073482E+01 2.693396E+01 0.000000E+00
      vertex 9.700000E+01 3.125000E+01 0.000000E+00
      vertex 9.126518E+01 2.693396E+01 0.000000E+00
    endloop
  endfacet
  facet normal 0.000000E+00 0.000000E+00 -1.000000E+00
    outer loop
      vertex 9.021987E+01 2.680704E+01 0.000000E+00
      vertex 9.700000E+01 3.125000E+01 0.000000E+00
      vertex 9.073482E+01 2.693396E+01 0.000000E+00
    endloop
  endfacet
  facet normal 0.000000E+00 0.000000E+00 -1.000000E+00
    outer loop
      vertex 9.297548E+01 2.378176E+01 0.000000E+00
      vertex 9.700000E+01 3.125000E+01 0.000000E+00
      vertex 9.700000E+01 -3.042893E+00 0.000000E+00
    endloop
  endfacet
  facet normal 0.000000E+00 0.000000E+00 -1.000000E+00
    outer loop
      vertex 7.374974E+01 3.006056E+01 0.000000E+00
      vertex 9.700000E+01 3.125000E+01 0.000000E+00
      vertex 9.021987E+01 2.680704E+01 0.000000E+00
    endloop
  endfacet
  facet normal 0.000000E+00 0.000000E+00 -1.000000E+00
    outer loop
      vertex 7.328013E+01 3.030704E+01 0.000000E+00
      vertex 9.700000E+01 3.125000E+01 0.000000E+00
      vertex 7.374974E+01 3.006056E+01 0.000000E+00
    endloop
  endfacet
  facet normal 0.000000E+00 0.000000E+00 -1.000000E+00
    outer loop
      vertex 7.276518E+01 3.043396E+01 0.000000E+00
      vertex 9.700000E+01 3.125000E+01 0.000000E+00
      vertex 7.328013E+01 3.030704E+01 0.000000E+00
    endloop
  endfacet
  facet normal 0.000000E+00 0.000000E+00 -1.000000E+00
    outer loop
      vertex 8.729289E+01 -1.275000E+01 0.000000E+00
      vertex -4.629289E+01 -1.275000E+01 0.000000E+00
      vertex -8.336237E+00 -1.079700E+01 0.000000E+00
    endloop
  endfacet
  facet normal 0.000000E+00 0.000000E+00 -1.000000E+00
    outer loop
      vertex -4.800000E+01 3.125000E+01 0.000000E+00
      vertex 9.700000E+01 3.125000E+01 0.000000E+00
      vertex 7.223482E+01 3.043396E+01 0.000000E+00
    endloop
  endfacet
  facet normal 0.000000E+00 0.000000E+00 -1.000000E+00
    outer loop
      vertex -4.800000E+01 3.125000E+01 0.000000E+00
      vertex 7.223482E+01 3.043396E+01 0.000000E+00
      vertex 7.171987E+01 3.030704E+01 0.000000E+00
    endloop
  endfacet
  facet normal 0.000000E+00 0.000000E+00 -1.000000E+00
    outer loop
      vertex -4.800000E+01 3.125000E+01 0.000000E+00
      vertex 7.171987E+01 3.030704E+01 0.000000E+00
      vertex 7.125026E+01 3.006056E+01 0.000000E+00
    endloop
  endfacet
  facet normal 0.000000E+00 0.000000E+00 -1.000000E+00
    outer loop
      vertex -4.800000E+01 3.125000E+01 0.000000E+00
      vertex 7.125026E+01 3.006056E+01 0.000000E+00
      vertex -2.323482E+01 3.043396E+01 0.000000E+00
    endloop
  endfacet
  facet normal 0.000000E+00 0.000000E+00 -1.000000E+00
    outer loop
      vertex -4.800000E+01 3.125000E+01 0.000000E+00
      vertex -2.323482E+01 3.043396E+01 0.000000E+00
      vertex -2.376518E+01 3.043396E+01 0.000000E+00
    endloop
  endfacet
  facet normal 0.000000E+00 0.000000E+00 -1.000000E+00
    outer loop
      vertex 7.223482E+01 3.043396E+01 0.000000E+00
      vertex 9.700000E+01 3.125000E+01 0.000000E+00
      vertex 7.276518E+01 3.043396E+01 0.000000E+00
    endloop
  endfacet
  facet normal 0.000000E+00 0.000000E+00 -1.000000E+00
    outer loop
      vertex 7.562053E+01 -4.048282E-01 0.000000E+00
      vertex 7.599425E+01 -5.730255E-01 0.000000E+00
      vertex 8.729289E+01 -1.275000E+01 0.000000E+00
    endloop
  endfacet
  facet normal 0.000000E+00 0.000000E+00 -1.000000E+00
    outer loop
      vertex -2.323482E+01 3.043396E+01 0.000000E+00
      vertex 7.125026E+01 3.006056E+01 0.000000E+00
      vertex -2.271987E+01 3.030704E+01 0.000000E+00
    endloop
  endfacet
  facet normal 0.000000E+00 0.000000E+00 -1.000000E+00
    outer loop
      vertex -2.271987E+01 3.030704E+01 0.000000E+00
      vertex 7.125026E+01 3.006056E+01 0.000000E+00
      vertex -2.225026E+01 3.006056E+01 0.000000E+00
    endloop
  endfacet
  facet normal 0.000000E+00 0.000000E+00 -1.000000E+00
    outer loop
      vertex -5.190080E+00 -6.958121E+00 0.000000E+00
      vertex 7.481069E+01 8.596604E-01 0.000000E+00
      vertex -5.100000E+00 -7.700000E+00 0.000000E+00
    endloop
  endfacet
  facet normal 0.000000E+00 0.000000E+00 -1.000000E+00
    outer loop
      vertex -5.100000E+00 -7.700000E+00 0.000000E+00
      vertex 7.481069E+01 8.596604E-01 0.000000E+00
      vertex 7.489540E+01 4.885256E-01 0.000000E+00
    endloop
  endfacet
  facet normal 0.000000E+00 0.000000E+00 -1.000000E+00
    outer loop
      vertex 7.599425E+01 -5.730255E-01 0.000000E+00
      vertex 7.639735E+01 -6.468984E-01 0.000000E+00
      vertex 8.729289E+01 -1.275000E+01 0.000000E+00
    endloop
  endfacet
  facet normal 0.000000E+00 0.000000E+00 -1.000000E+00
    outer loop
      vertex -5.193089E+00 9.046019E+00 0.000000E+00
      vertex 7.481069E+01 1.240340E+00 0.000000E+00
      vertex -5.190080E+00 -6.958121E+00 0.000000E+00
    endloop
  endfacet
  facet normal 0.000000E+00 -0.000000E+00 -1.000000E+00
    outer loop
      vertex -5.100000E+00 9.800000E+00 0.000000E+00
      vertex 7.481069E+01 1.240340E+00 0.000000E+00
      vertex -5.193089E+00 9.046019E+00 0.000000E+00
    endloop
  endfacet
  facet normal 0.000000E+00 0.000000E+00 -1.000000E+00
    outer loop
      vertex -5.190080E+00 -6.958121E+00 0.000000E+00
      vertex 7.481069E+01 1.240340E+00 0.000000E+00
      vertex 7.481069E+01 8.596604E-01 0.000000E+00
    endloop
  endfacet
  facet normal 0.000000E+00 0.000000E+00 -1.000000E+00
    outer loop
      vertex 7.639735E+01 -6.468984E-01 0.000000E+00
      vertex 7.680643E+01 -6.221538E-01 0.000000E+00
      vertex 8.729289E+01 -1.275000E+01 0.000000E+00
    endloop
  endfacet
  facet normal 0.000000E+00 0.000000E+00 -1.000000E+00
    outer loop
      vertex 7.680643E+01 -6.221538E-01 0.000000E+00
      vertex 7.719770E+01 -5.002297E-01 0.000000E+00
      vertex 8.729289E+01 -1.275000E+01 0.000000E+00
    endloop
  endfacet
  facet normal 0.000000E+00 0.000000E+00 -1.000000E+00
    outer loop
      vertex 7.719770E+01 -5.002297E-01 0.000000E+00
      vertex 7.754842E+01 -2.882119E-01 0.000000E+00
      vertex 8.729289E+01 -1.275000E+01 0.000000E+00
    endloop
  endfacet
  facet normal -9.927089E-01 -1.205366E-01 0.000000E+00
    outer loop
      vertex -5.100000E+00 -7.700000E+00 0.000000E+00
      vertex -5.100000E+00 -7.700000E+00 2.800000E+00
      vertex -5.190080E+00 -6.958121E+00 0.000000E+00
    endloop
  endfacet
  facet normal -9.350162E-01 -3.546050E-01 0.000000E+00
    outer loop
      vertex -5.190080E+00 -6.958121E+00 0.000000E+00
      vertex -5.190080E+00 -6.958121E+00 2.800000E+00
      vertex -5.455086E+00 -6.259358E+00 0.000000E+00
    endloop
  endfacet
  facet normal -9.927089E-01 -1.205366E-01 0.000000E+00
    outer loop
      vertex -5.100000E+00 -7.700000E+00 2.800000E+00
      vertex -5.190080E+00 -6.958121E+00 2.800000E+00
      vertex -5.190080E+00 -6.958121E+00 0.000000E+00
    endloop
  endfacet
  facet normal -8.229838E-01 -5.680649E-01 0.000000E+00
    outer loop
      vertex -5.455086E+00 -6.259358E+00 0.000000E+00
      vertex -5.455086E+00 -6.259358E+00 2.800000E+00
      vertex -5.879617E+00 -5.644320E+00 0.000000E+00
    endloop
  endfacet
  facet normal -9.350162E-01 -3.546050E-01 0.000000E+00
    outer loop
      vertex -5.190080E+00 -6.958121E+00 2.800000E+00
      vertex -5.455086E+00 -6.259358E+00 2.800000E+00
      vertex -5.455086E+00 -6.259358E+00 0.000000E+00
    endloop
  endfacet
  facet normal -6.631227E-01 -7.485107E-01 0.000000E+00
    outer loop
      vertex -5.879617E+00 -5.644320E+00 0.000000E+00
      vertex -5.879617E+00 -5.644320E+00 2.800000E+00
      vertex -6.438999E+00 -5.148750E+00 0.000000E+00
    endloop
  endfacet
  facet normal -8.229838E-01 -5.680649E-01 0.000000E+00
    outer loop
      vertex -5.455086E+00 -6.259358E+00 2.800000E+00
      vertex -5.879617E+00 -5.644320E+00 2.800000E+00
      vertex -5.879617E+00 -5.644320E+00 0.000000E+00
    endloop
  endfacet
  facet normal -4.647229E-01 -8.854562E-01 0.000000E+00
    outer loop
      vertex -6.438999E+00 -5.148750E+00 0.000000E+00
      vertex -6.438999E+00 -5.148750E+00 2.800000E+00
      vertex -7.100725E+00 -4.801450E+00 0.000000E+00
    endloop
  endfacet
  facet normal -6.631227E-01 -7.485107E-01 0.000000E+00
    outer loop
      vertex -5.879617E+00 -5.644320E+00 2.800000E+00
      vertex -6.438999E+00 -5.148750E+00 2.800000E+00
      vertex -6.438999E+00 -5.148750E+00 0.000000E+00
    endloop
  endfacet
  facet normal -2.393158E-01 -9.709418E-01 0.000000E+00
    outer loop
      vertex -7.100725E+00 -4.801450E+00 0.000000E+00
      vertex -7.100725E+00 -4.801450E+00 2.800000E+00
      vertex -7.826336E+00 -4.622602E+00 0.000000E+00
    endloop
  endfacet
  facet normal -4.647229E-01 -8.854562E-01 0.000000E+00
    outer loop
      vertex -6.438999E+00 -5.148750E+00 2.800000E+00
      vertex -7.100725E+00 -4.801450E+00 2.800000E+00
      vertex -7.100725E+00 -4.801450E+00 0.000000E+00
    endloop
  endfacet
  facet normal 0.000000E+00 -1.000000E+00 0.000000E+00
    outer loop
      vertex -7.826336E+00 -4.622602E+00 0.000000E+00
      vertex -7.826336E+00 -4.622602E+00 2.800000E+00
      vertex -8.573664E+00 -4.622602E+00 0.000000E+00
    endloop
  endfacet
  facet normal -2.393158E-01 -9.709418E-01 0.000000E+00
    outer loop
      vertex -7.100725E+00 -4.801450E+00 2.800000E+00
      vertex -7.826336E+00 -4.622602E+00 2.800000E+00
      vertex -7.826336E+00 -4.622602E+00 0.000000E+00
    endloop
  endfacet
  facet normal 2.393158E-01 -9.709418E-01 0.000000E+00
    outer loop
      vertex -8.573664E+00 -4.622602E+00 0.000000E+00
      vertex -8.573664E+00 -4.622602E+00 2.800000E+00
      vertex -9.299275E+00 -4.801450E+00 0.000000E+00
    endloop
  endfacet
  facet normal -0.000000E+00 -1.000000E+00 0.000000E+00
    outer loop
      vertex -7.826336E+00 -4.622602E+00 2.800000E+00
      vertex -8.573664E+00 -4.622602E+00 2.800000E+00
      vertex -8.573664E+00 -4.622602E+00 0.000000E+00
    endloop
  endfacet
  facet normal 4.647231E-01 -8.854560E-01 0.000000E+00
    outer loop
      vertex -9.299275E+00 -4.801450E+00 0.000000E+00
      vertex -9.299275E+00 -4.801450E+00 2.800000E+00
      vertex -9.961000E+00 -5.148750E+00 0.000000E+00
    endloop
  endfacet
  facet normal 2.393158E-01 -9.709418E-01 0.000000E+00
    outer loop
      vertex -8.573664E+00 -4.622602E+00 2.800000E+00
      vertex -9.299275E+00 -4.801450E+00 2.800000E+00
      vertex -9.299275E+00 -4.801450E+00 0.000000E+00
    endloop
  endfacet
  facet normal 6.631227E-01 -7.485107E-01 0.000000E+00
    outer loop
      vertex -9.961000E+00 -5.148750E+00 0.000000E+00
      vertex -9.961000E+00 -5.148750E+00 2.800000E+00
      vertex -1.052038E+01 -5.644320E+00 0.000000E+00
    endloop
  endfacet
  facet normal 4.647231E-01 -8.854560E-01 0.000000E+00
    outer loop
      vertex -9.299275E+00 -4.801450E+00 2.800000E+00
      vertex -9.961000E+00 -5.148750E+00 2.800000E+00
      vertex -9.961000E+00 -5.148750E+00 0.000000E+00
    endloop
  endfacet
  facet normal 8.229834E-01 -5.680653E-01 0.000000E+00
    outer loop
      vertex -1.052038E+01 -5.644320E+00 0.000000E+00
      vertex -1.052038E+01 -5.644320E+00 2.800000E+00
      vertex -1.094491E+01 -6.259358E+00 0.000000E+00
    endloop
  endfacet
  facet normal 6.631227E-01 -7.485107E-01 0.000000E+00
    outer loop
      vertex -9.961000E+00 -5.148750E+00 2.800000E+00
      vertex -1.052038E+01 -5.644320E+00 2.800000E+00
      vertex -1.052038E+01 -5.644320E+00 0.000000E+00
    endloop
  endfacet
  facet normal 9.350162E-01 -3.546050E-01 0.000000E+00
    outer loop
      vertex -1.094491E+01 -6.259358E+00 0.000000E+00
      vertex -1.094491E+01 -6.259358E+00 2.800000E+00
      vertex -1.120992E+01 -6.958121E+00 0.000000E+00
    endloop
  endfacet
  facet normal 8.229834E-01 -5.680653E-01 0.000000E+00
    outer loop
      vertex -1.052038E+01 -5.644320E+00 2.800000E+00
      vertex -1.094491E+01 -6.259358E+00 2.800000E+00
      vertex -1.094491E+01 -6.259358E+00 0.000000E+00
    endloop
  endfacet
  facet normal 9.927089E-01 -1.205366E-01 0.000000E+00
    outer loop
      vertex -1.120992E+01 -6.958121E+00 0.000000E+00
      vertex -1.120992E+01 -6.958121E+00 2.800000E+00
      vertex -1.130000E+01 -7.700000E+00 0.000000E+00
    endloop
  endfacet
  facet normal 9.350162E-01 -3.546050E-01 0.000000E+00
    outer loop
      vertex -1.094491E+01 -6.259358E+00 2.800000E+00
      vertex -1.120992E+01 -6.958121E+00 2.800000E+00
      vertex -1.120992E+01 -6.958121E+00 0.000000E+00
    endloop
  endfacet
  facet normal 9.927089E-01 -1.205366E-01 0.000000E+00
    outer loop
      vertex -1.120992E+01 -6.958121E+00 2.800000E+00
      vertex -1.130000E+01 -7.700000E+00 2.800000E+00
      vertex -1.130000E+01 -7.700000E+00 0.000000E+00
    endloop
  endfacet
  facet normal 0.000000E+00 0.000000E+00 -1.000000E+00
    outer loop
      vertex -1.105197E+01 -8.915027E+00 2.800000E+00
      vertex -9.804602E+00 -8.261475E+00 2.800000E+00
      vertex -9.639431E+00 -8.604455E+00 2.800000E+00
    endloop
  endfacet
  facet normal 0.000000E+00 0.000000E+00 -1.000000E+00
    outer loop
      vertex -1.105197E+01 -8.915027E+00 2.800000E+00
      vertex -9.639431E+00 -8.604455E+00 2.800000E+00
      vertex -1.075131E+01 -9.460907E+00 2.800000E+00
    endloop
  endfacet
  facet normal 0.000000E+00 0.000000E+00 -1.000000E+00
    outer loop
      vertex -7.100725E+00 -4.801450E+00 2.800000E+00
      vertex -7.295546E+00 -6.260569E+00 2.800000E+00
      vertex -7.638525E+00 -6.095398E+00 2.800000E+00
    endloop
  endfacet
  facet normal 0.000000E+00 -0.000000E+00 -1.000000E+00
    outer loop
      vertex -7.100725E+00 -4.801450E+00 2.800000E+00
      vertex -6.438999E+00 -5.148750E+00 2.800000E+00
      vertex -7.295546E+00 -6.260569E+00 2.800000E+00
    endloop
  endfacet
  facet normal 0.000000E+00 0.000000E+00 -1.000000E+00
    outer loop
      vertex -6.861788E+00 -8.748422E+00 2.800000E+00
      vertex -5.424111E+00 -9.080014E+00 2.800000E+00
      vertex -5.813166E+00 -9.678137E+00 2.800000E+00
    endloop
  endfacet
  facet normal 0.000000E+00 0.000000E+00 -1.000000E+00
    outer loop
      vertex -7.151578E+00 -9.038212E+00 2.800000E+00
      vertex -5.813166E+00 -9.678137E+00 2.800000E+00
      vertex -6.328670E+00 -1.017146E+01 2.800000E+00
    endloop
  endfacet
  facet normal 0.000000E+00 0.000000E+00 -1.000000E+00
    outer loop
      vertex -7.151578E+00 -9.038212E+00 2.800000E+00
      vertex -6.861788E+00 -8.748422E+00 2.800000E+00
      vertex -5.813166E+00 -9.678137E+00 2.800000E+00
    endloop
  endfacet
  facet normal 0.000000E+00 0.000000E+00 -1.000000E+00
    outer loop
      vertex -6.649770E+00 -8.397702E+00 2.800000E+00
      vertex -5.182115E+00 -8.408782E+00 2.800000E+00
      vertex -5.424111E+00 -9.080014E+00 2.800000E+00
    endloop
  endfacet
  facet normal 0.000000E+00 -0.000000E+00 -1.000000E+00
    outer loop
      vertex -6.649770E+00 -8.397702E+00 2.800000E+00
      vertex -5.424111E+00 -9.080014E+00 2.800000E+00
      vertex -6.861788E+00 -8.748422E+00 2.800000E+00
    endloop
  endfacet
  facet normal 0.000000E+00 0.000000E+00 -1.000000E+00
    outer loop
      vertex -7.502298E+00 -9.250230E+00 2.800000E+00
      vertex -6.328670E+00 -1.017146E+01 2.800000E+00
      vertex -6.943313E+00 -1.053386E+01 2.800000E+00
    endloop
  endfacet
  facet normal 0.000000E+00 0.000000E+00 -1.000000E+00
    outer loop
      vertex -7.502298E+00 -9.250230E+00 2.800000E+00
      vertex -7.151578E+00 -9.038212E+00 2.800000E+00
      vertex -6.328670E+00 -1.017146E+01 2.800000E+00
    endloop
  endfacet
  facet normal 0.000000E+00 0.000000E+00 -1.000000E+00
    outer loop
      vertex -1.123736E+01 -8.320043E+00 2.800000E+00
      vertex -9.889311E+00 -7.890339E+00 2.800000E+00
      vertex -9.804602E+00 -8.261475E+00 2.800000E+00
    endloop
  endfacet
  facet normal 0.000000E+00 0.000000E+00 -1.000000E+00
    outer loop
      vertex -1.123736E+01 -8.320043E+00 2.800000E+00
      vertex -9.804602E+00 -8.261475E+00 2.800000E+00
      vertex -1.105197E+01 -8.915027E+00 2.800000E+00
    endloop
  endfacet
  facet normal 0.000000E+00 0.000000E+00 -1.000000E+00
    outer loop
      vertex -7.893567E+00 -9.372154E+00 2.800000E+00
      vertex -6.943313E+00 -1.053386E+01 2.800000E+00
      vertex -7.624532E+00 -1.074612E+01 2.800000E+00
    endloop
  endfacet
  facet normal 0.000000E+00 -0.000000E+00 -1.000000E+00
    outer loop
      vertex -7.893567E+00 -9.372154E+00 2.800000E+00
      vertex -7.624532E+00 -1.074612E+01 2.800000E+00
      vertex -8.336237E+00 -1.079700E+01 2.800000E+00
    endloop
  endfacet
  facet normal 0.000000E+00 0.000000E+00 -1.000000E+00
    outer loop
      vertex -7.893567E+00 -9.372154E+00 2.800000E+00
      vertex -7.502298E+00 -9.250230E+00 2.800000E+00
      vertex -6.943313E+00 -1.053386E+01 2.800000E+00
    endloop
  endfacet
  facet normal 0.000000E+00 0.000000E+00 -1.000000E+00
    outer loop
      vertex -7.826336E+00 -4.622602E+00 2.800000E+00
      vertex -8.009661E+00 -6.010689E+00 2.800000E+00
      vertex -8.390340E+00 -6.010689E+00 2.800000E+00
    endloop
  endfacet
  facet normal 0.000000E+00 -0.000000E+00 -1.000000E+00
    outer loop
      vertex -7.826336E+00 -4.622602E+00 2.800000E+00
      vertex -7.638525E+00 -6.095398E+00 2.800000E+00
      vertex -8.009661E+00 -6.010689E+00 2.800000E+00
    endloop
  endfacet
  facet normal 0.000000E+00 0.000000E+00 -1.000000E+00
    outer loop
      vertex -7.826336E+00 -4.622602E+00 2.800000E+00
      vertex -7.100725E+00 -4.801450E+00 2.800000E+00
      vertex -7.638525E+00 -6.095398E+00 2.800000E+00
    endloop
  endfacet
  facet normal 0.000000E+00 0.000000E+00 -1.000000E+00
    outer loop
      vertex -6.527846E+00 -8.006433E+00 2.800000E+00
      vertex -5.100000E+00 -7.700000E+00 2.800000E+00
      vertex -5.182115E+00 -8.408782E+00 2.800000E+00
    endloop
  endfacet
  facet normal 0.000000E+00 -0.000000E+00 -1.000000E+00
    outer loop
      vertex -6.527846E+00 -8.006433E+00 2.800000E+00
      vertex -5.182115E+00 -8.408782E+00 2.800000E+00
      vertex -6.649770E+00 -8.397702E+00 2.800000E+00
    endloop
  endfacet
  facet normal 0.000000E+00 0.000000E+00 -1.000000E+00
    outer loop
      vertex -1.130000E+01 -7.700000E+00 2.800000E+00
      vertex -9.889311E+00 -7.509660E+00 2.800000E+00
      vertex -9.889311E+00 -7.890339E+00 2.800000E+00
    endloop
  endfacet
  facet normal 0.000000E+00 0.000000E+00 -1.000000E+00
    outer loop
      vertex -1.130000E+01 -7.700000E+00 2.800000E+00
      vertex -9.889311E+00 -7.890339E+00 2.800000E+00
      vertex -1.123736E+01 -8.320043E+00 2.800000E+00
    endloop
  endfacet
  facet normal 0.000000E+00 0.000000E+00 -1.000000E+00
    outer loop
      vertex -8.302644E+00 -9.396898E+00 2.800000E+00
      vertex -8.336237E+00 -1.079700E+01 2.800000E+00
      vertex -9.040726E+00 -1.068382E+01 2.800000E+00
    endloop
  endfacet
  facet normal 0.000000E+00 -0.000000E+00 -1.000000E+00
    outer loop
      vertex -8.302644E+00 -9.396898E+00 2.800000E+00
      vertex -7.893567E+00 -9.372154E+00 2.800000E+00
      vertex -8.336237E+00 -1.079700E+01 2.800000E+00
    endloop
  endfacet
  facet normal 0.000000E+00 -0.000000E+00 -1.000000E+00
    outer loop
      vertex -8.573664E+00 -4.622602E+00 2.800000E+00
      vertex -8.390340E+00 -6.010689E+00 2.800000E+00
      vertex -8.761475E+00 -6.095398E+00 2.800000E+00
    endloop
  endfacet
  facet normal 0.000000E+00 0.000000E+00 -1.000000E+00
    outer loop
      vertex -8.573664E+00 -4.622602E+00 2.800000E+00
      vertex -7.826336E+00 -4.622602E+00 2.800000E+00
      vertex -8.390340E+00 -6.010689E+00 2.800000E+00
    endloop
  endfacet
  facet normal 0.000000E+00 0.000000E+00 -1.000000E+00
    outer loop
      vertex -6.503101E+00 -7.597356E+00 2.800000E+00
      vertex -5.190080E+00 -6.958121E+00 2.800000E+00
      vertex -5.100000E+00 -7.700000E+00 2.800000E+00
    endloop
  endfacet
  facet normal 0.000000E+00 -0.000000E+00 -1.000000E+00
    outer loop
      vertex -6.503101E+00 -7.597356E+00 2.800000E+00
      vertex -5.100000E+00 -7.700000E+00 2.800000E+00
      vertex -6.527846E+00 -8.006433E+00 2.800000E+00
    endloop
  endfacet
  facet normal 0.000000E+00 0.000000E+00 -1.000000E+00
    outer loop
      vertex -1.120992E+01 -6.958121E+00 2.800000E+00
      vertex -9.804602E+00 -7.138525E+00 2.800000E+00
      vertex -9.889311E+00 -7.509660E+00 2.800000E+00
    endloop
  endfacet
  facet normal 0.000000E+00 -0.000000E+00 -1.000000E+00
    outer loop
      vertex -1.120992E+01 -6.958121E+00 2.800000E+00
      vertex -9.889311E+00 -7.509660E+00 2.800000E+00
      vertex -1.130000E+01 -7.700000E+00 2.800000E+00
    endloop
  endfacet
  facet normal 0.000000E+00 0.000000E+00 -1.000000E+00
    outer loop
      vertex -9.299275E+00 -4.801450E+00 2.800000E+00
      vertex -8.761475E+00 -6.095398E+00 2.800000E+00
      vertex -9.104455E+00 -6.260569E+00 2.800000E+00
    endloop
  endfacet
  facet normal 0.000000E+00 0.000000E+00 -1.000000E+00
    outer loop
      vertex -9.299275E+00 -4.801450E+00 2.800000E+00
      vertex -8.573664E+00 -4.622602E+00 2.800000E+00
      vertex -8.761475E+00 -6.095398E+00 2.800000E+00
    endloop
  endfacet
  facet normal 0.000000E+00 0.000000E+00 -1.000000E+00
    outer loop
      vertex -8.705755E+00 -9.323026E+00 2.800000E+00
      vertex -9.040726E+00 -1.068382E+01 2.800000E+00
      vertex -9.700674E+00 -1.041256E+01 2.800000E+00
    endloop
  endfacet
  facet normal 0.000000E+00 0.000000E+00 -1.000000E+00
    outer loop
      vertex -1.094491E+01 -6.259358E+00 2.800000E+00
      vertex -9.639431E+00 -6.795546E+00 2.800000E+00
      vertex -9.804602E+00 -7.138525E+00 2.800000E+00
    endloop
  endfacet
  facet normal 0.000000E+00 -0.000000E+00 -1.000000E+00
    outer loop
      vertex -8.705755E+00 -9.323026E+00 2.800000E+00
      vertex -8.302644E+00 -9.396898E+00 2.800000E+00
      vertex -9.040726E+00 -1.068382E+01 2.800000E+00
    endloop
  endfacet
  facet normal 0.000000E+00 -0.000000E+00 -1.000000E+00
    outer loop
      vertex -1.094491E+01 -6.259358E+00 2.800000E+00
      vertex -9.804602E+00 -7.138525E+00 2.800000E+00
      vertex -1.120992E+01 -6.958121E+00 2.800000E+00
    endloop
  endfacet
  facet normal 0.000000E+00 0.000000E+00 -1.000000E+00
    outer loop
      vertex -6.576974E+00 -7.194245E+00 2.800000E+00
      vertex -5.455086E+00 -6.259358E+00 2.800000E+00
      vertex -5.190080E+00 -6.958121E+00 2.800000E+00
    endloop
  endfacet
  facet normal 0.000000E+00 0.000000E+00 -1.000000E+00
    outer loop
      vertex -9.961000E+00 -5.148750E+00 2.800000E+00
      vertex -9.104455E+00 -6.260569E+00 2.800000E+00
      vertex -9.402081E+00 -6.497919E+00 2.800000E+00
    endloop
  endfacet
  facet normal 0.000000E+00 0.000000E+00 -1.000000E+00
    outer loop
      vertex -9.961000E+00 -5.148750E+00 2.800000E+00
      vertex -9.299275E+00 -4.801450E+00 2.800000E+00
      vertex -9.104455E+00 -6.260569E+00 2.800000E+00
    endloop
  endfacet
  facet normal 0.000000E+00 0.000000E+00 -1.000000E+00
    outer loop
      vertex -6.576974E+00 -7.194245E+00 2.800000E+00
      vertex -5.190080E+00 -6.958121E+00 2.800000E+00
      vertex -6.503101E+00 -7.597356E+00 2.800000E+00
    endloop
  endfacet
  facet normal 0.000000E+00 0.000000E+00 -1.000000E+00
    outer loop
      vertex -1.052038E+01 -5.644320E+00 2.800000E+00
      vertex -9.402081E+00 -6.497919E+00 2.800000E+00
      vertex -9.639431E+00 -6.795546E+00 2.800000E+00
    endloop
  endfacet
  facet normal 0.000000E+00 0.000000E+00 -1.000000E+00
    outer loop
      vertex -1.052038E+01 -5.644320E+00 2.800000E+00
      vertex -9.961000E+00 -5.148750E+00 2.800000E+00
      vertex -9.402081E+00 -6.497919E+00 2.800000E+00
    endloop
  endfacet
  facet normal 0.000000E+00 -0.000000E+00 -1.000000E+00
    outer loop
      vertex -1.052038E+01 -5.644320E+00 2.800000E+00
      vertex -9.639431E+00 -6.795546E+00 2.800000E+00
      vertex -1.094491E+01 -6.259358E+00 2.800000E+00
    endloop
  endfacet
  facet normal 0.000000E+00 -0.000000E+00 -1.000000E+00
    outer loop
      vertex -9.079474E+00 -9.154828E+00 2.800000E+00
      vertex -8.705755E+00 -9.323026E+00 2.800000E+00
      vertex -9.700674E+00 -1.041256E+01 2.800000E+00
    endloop
  endfacet
  facet normal 0.000000E+00 0.000000E+00 -1.000000E+00
    outer loop
      vertex -6.745172E+00 -6.820526E+00 2.800000E+00
      vertex -5.455086E+00 -6.259358E+00 2.800000E+00
      vertex -6.576974E+00 -7.194245E+00 2.800000E+00
    endloop
  endfacet
  facet normal 0.000000E+00 -0.000000E+00 -1.000000E+00
    outer loop
      vertex -5.879617E+00 -5.644320E+00 2.800000E+00
      vertex -5.455086E+00 -6.259358E+00 2.800000E+00
      vertex -6.745172E+00 -6.820526E+00 2.800000E+00
    endloop
  endfacet
  facet normal 0.000000E+00 0.000000E+00 -1.000000E+00
    outer loop
      vertex -1.028112E+01 -9.997594E+00 2.800000E+00
      vertex -9.079474E+00 -9.154828E+00 2.800000E+00
      vertex -9.700674E+00 -1.041256E+01 2.800000E+00
    endloop
  endfacet
  facet normal 0.000000E+00 0.000000E+00 -1.000000E+00
    outer loop
      vertex -6.997919E+00 -6.497919E+00 2.800000E+00
      vertex -5.879617E+00 -5.644320E+00 2.800000E+00
      vertex -6.745172E+00 -6.820526E+00 2.800000E+00
    endloop
  endfacet
  facet normal 0.000000E+00 -0.000000E+00 -1.000000E+00
    outer loop
      vertex -9.402081E+00 -8.902081E+00 2.800000E+00
      vertex -9.079474E+00 -9.154828E+00 2.800000E+00
      vertex -1.028112E+01 -9.997594E+00 2.800000E+00
    endloop
  endfacet
  facet normal 0.000000E+00 -0.000000E+00 -1.000000E+00
    outer loop
      vertex -6.438999E+00 -5.148750E+00 2.800000E+00
      vertex -5.879617E+00 -5.644320E+00 2.800000E+00
      vertex -6.997919E+00 -6.497919E+00 2.800000E+00
    endloop
  endfacet
  facet normal 0.000000E+00 0.000000E+00 -1.000000E+00
    outer loop
      vertex -6.438999E+00 -5.148750E+00 2.800000E+00
      vertex -6.997919E+00 -6.497919E+00 2.800000E+00
      vertex -7.295546E+00 -6.260569E+00 2.800000E+00
    endloop
  endfacet
  facet normal 0.000000E+00 0.000000E+00 -1.000000E+00
    outer loop
      vertex -1.075131E+01 -9.460907E+00 2.800000E+00
      vertex -9.402081E+00 -8.902081E+00 2.800000E+00
      vertex -1.028112E+01 -9.997594E+00 2.800000E+00
    endloop
  endfacet
  facet normal 0.000000E+00 0.000000E+00 -1.000000E+00
    outer loop
      vertex -1.075131E+01 -9.460907E+00 2.800000E+00
      vertex -9.639431E+00 -8.604455E+00 2.800000E+00
      vertex -9.402081E+00 -8.902081E+00 2.800000E+00
    endloop
  endfacet
  facet normal -9.927089E-01 -1.205366E-01 0.000000E+00
    outer loop
      vertex -5.100000E+00 9.800000E+00 0.000000E+00
      vertex -5.100000E+00 9.800000E+00 2.800000E+00
      vertex -5.190080E+00 1.054188E+01 0.000000E+00
    endloop
  endfacet
  facet normal -9.350161E-01 -3.546052E-01 0.000000E+00
    outer loop
      vertex -5.190080E+00 1.054188E+01 0.000000E+00
      vertex -5.190080E+00 1.054188E+01 2.800000E+00
      vertex -5.455086E+00 1.124064E+01 0.000000E+00
    endloop
  endfacet
  facet normal -9.927089E-01 -1.205366E-01 0.000000E+00
    outer loop
      vertex -5.100000E+00 9.800000E+00 2.800000E+00
      vertex -5.190080E+00 1.054188E+01 2.800000E+00
      vertex -5.190080E+00 1.054188E+01 0.000000E+00
    endloop
  endfacet
  facet normal -8.229840E-01 -5.680646E-01 0.000000E+00
    outer loop
      vertex -5.455086E+00 1.124064E+01 0.000000E+00
      vertex -5.455086E+00 1.124064E+01 2.800000E+00
      vertex -5.879617E+00 1.185568E+01 0.000000E+00
    endloop
  endfacet
  facet normal -9.350161E-01 -3.546052E-01 0.000000E+00
    outer loop
      vertex -5.190080E+00 1.054188E+01 2.800000E+00
      vertex -5.455086E+00 1.124064E+01 2.800000E+00
      vertex -5.455086E+00 1.124064E+01 0.000000E+00
    endloop
  endfacet
  facet normal -6.631224E-01 -7.485110E-01 0.000000E+00
    outer loop
      vertex -5.879617E+00 1.185568E+01 0.000000E+00
      vertex -5.879617E+00 1.185568E+01 2.800000E+00
      vertex -6.438999E+00 1.235125E+01 0.000000E+00
    endloop
  endfacet
  facet normal -8.229840E-01 -5.680646E-01 0.000000E+00
    outer loop
      vertex -5.455086E+00 1.124064E+01 2.800000E+00
      vertex -5.879617E+00 1.185568E+01 2.800000E+00
      vertex -5.879617E+00 1.185568E+01 0.000000E+00
    endloop
  endfacet
  facet normal -4.647234E-01 -8.854559E-01 0.000000E+00
    outer loop
      vertex -6.438999E+00 1.235125E+01 0.000000E+00
      vertex -6.438999E+00 1.235125E+01 2.800000E+00
      vertex -7.100725E+00 1.269855E+01 0.000000E+00
    endloop
  endfacet
  facet normal -6.631224E-01 -7.485110E-01 0.000000E+00
    outer loop
      vertex -5.879617E+00 1.185568E+01 2.800000E+00
      vertex -6.438999E+00 1.235125E+01 2.800000E+00
      vertex -6.438999E+00 1.235125E+01 0.000000E+00
    endloop
  endfacet
  facet normal -2.393158E-01 -9.709418E-01 0.000000E+00
    outer loop
      vertex -7.100725E+00 1.269855E+01 0.000000E+00
      vertex -7.100725E+00 1.269855E+01 2.800000E+00
      vertex -7.826336E+00 1.287740E+01 0.000000E+00
    endloop
  endfacet
  facet normal -4.647234E-01 -8.854559E-01 0.000000E+00
    outer loop
      vertex -6.438999E+00 1.235125E+01 2.800000E+00
      vertex -7.100725E+00 1.269855E+01 2.800000E+00
      vertex -7.100725E+00 1.269855E+01 0.000000E+00
    endloop
  endfacet
  facet normal 0.000000E+00 -1.000000E+00 0.000000E+00
    outer loop
      vertex -7.826336E+00 1.287740E+01 0.000000E+00
      vertex -7.826336E+00 1.287740E+01 2.800000E+00
      vertex -8.573664E+00 1.287740E+01 0.000000E+00
    endloop
  endfacet
  facet normal -2.393158E-01 -9.709418E-01 0.000000E+00
    outer loop
      vertex -7.100725E+00 1.269855E+01 2.800000E+00
      vertex -7.826336E+00 1.287740E+01 2.800000E+00
      vertex -7.826336E+00 1.287740E+01 0.000000E+00
    endloop
  endfacet
  facet normal 2.393158E-01 -9.709418E-01 0.000000E+00
    outer loop
      vertex -8.573664E+00 1.287740E+01 0.000000E+00
      vertex -8.573664E+00 1.287740E+01 2.800000E+00
      vertex -9.299275E+00 1.269855E+01 0.000000E+00
    endloop
  endfacet
  facet normal -0.000000E+00 -1.000000E+00 0.000000E+00
    outer loop
      vertex -7.826336E+00 1.287740E+01 2.800000E+00
      vertex -8.573664E+00 1.287740E+01 2.800000E+00
      vertex -8.573664E+00 1.287740E+01 0.000000E+00
    endloop
  endfacet
  facet normal 4.647236E-01 -8.854557E-01 0.000000E+00
    outer loop
      vertex -9.299275E+00 1.269855E+01 0.000000E+00
      vertex -9.299275E+00 1.269855E+01 2.800000E+00
      vertex -9.961000E+00 1.235125E+01 0.000000E+00
    endloop
  endfacet
  facet normal 2.393158E-01 -9.709418E-01 0.000000E+00
    outer loop
      vertex -8.573664E+00 1.287740E+01 2.800000E+00
      vertex -9.299275E+00 1.269855E+01 2.800000E+00
      vertex -9.299275E+00 1.269855E+01 0.000000E+00
    endloop
  endfacet
  facet normal 6.631224E-01 -7.485110E-01 0.000000E+00
    outer loop
      vertex -9.961000E+00 1.235125E+01 0.000000E+00
      vertex -9.961000E+00 1.235125E+01 2.800000E+00
      vertex -1.052038E+01 1.185568E+01 0.000000E+00
    endloop
  endfacet
  facet normal 4.647236E-01 -8.854557E-01 0.000000E+00
    outer loop
      vertex -9.299275E+00 1.269855E+01 2.800000E+00
      vertex -9.961000E+00 1.235125E+01 2.800000E+00
      vertex -9.961000E+00 1.235125E+01 0.000000E+00
    endloop
  endfacet
  facet normal 8.229837E-01 -5.680650E-01 0.000000E+00
    outer loop
      vertex -1.052038E+01 1.185568E+01 0.000000E+00
      vertex -1.052038E+01 1.185568E+01 2.800000E+00
      vertex -1.094491E+01 1.124064E+01 0.000000E+00
    endloop
  endfacet
  facet normal 6.631224E-01 -7.485110E-01 0.000000E+00
    outer loop
      vertex -9.961000E+00 1.235125E+01 2.800000E+00
      vertex -1.052038E+01 1.185568E+01 2.800000E+00
      vertex -1.052038E+01 1.185568E+01 0.000000E+00
    endloop
  endfacet
  facet normal 9.350161E-01 -3.546052E-01 0.000000E+00
    outer loop
      vertex -1.094491E+01 1.124064E+01 0.000000E+00
      vertex -1.094491E+01 1.124064E+01 2.800000E+00
      vertex -1.120992E+01 1.054188E+01 0.000000E+00
    endloop
  endfacet
  facet normal 8.229837E-01 -5.680650E-01 0.000000E+00
    outer loop
      vertex -1.052038E+01 1.185568E+01 2.800000E+00
      vertex -1.094491E+01 1.124064E+01 2.800000E+00
      vertex -1.094491E+01 1.124064E+01 0.000000E+00
    endloop
  endfacet
  facet normal 9.927089E-01 -1.205366E-01 0.000000E+00
    outer loop
      vertex -1.120992E+01 1.054188E+01 0.000000E+00
      vertex -1.120992E+01 1.054188E+01 2.800000E+00
      vertex -1.130000E+01 9.800000E+00 0.000000E+00
    endloop
  endfacet
  facet normal 9.350161E-01 -3.546052E-01 0.000000E+00
    outer loop
      vertex -1.094491E+01 1.124064E+01 2.800000E+00
      vertex -1.120992E+01 1.054188E+01 2.800000E+00
      vertex -1.120992E+01 1.054188E+01 0.000000E+00
    endloop
  endfacet
  facet normal 9.927089E-01 -1.205366E-01 0.000000E+00
    outer loop
      vertex -1.120992E+01 1.054188E+01 2.800000E+00
      vertex -1.130000E+01 9.800000E+00 2.800000E+00
      vertex -1.130000E+01 9.800000E+00 0.000000E+00
    endloop
  endfacet
  facet normal 0.000000E+00 0.000000E+00 -1.000000E+00
    outer loop
      vertex -1.098256E+01 8.433485E+00 2.800000E+00
      vertex -9.804602E+00 9.238525E+00 2.800000E+00
      vertex -9.639431E+00 8.895545E+00 2.800000E+00
    endloop
  endfacet
  facet normal 0.000000E+00 0.000000E+00 -1.000000E+00
    outer loop
      vertex -1.098256E+01 8.433485E+00 2.800000E+00
      vertex -9.639431E+00 8.895545E+00 2.800000E+00
      vertex -1.060118E+01 7.839305E+00 2.800000E+00
    endloop
  endfacet
  facet normal 0.000000E+00 0.000000E+00 -1.000000E+00
    outer loop
      vertex -7.100725E+00 1.269855E+01 2.800000E+00
      vertex -7.295546E+00 1.123943E+01 2.800000E+00
      vertex -7.638525E+00 1.140460E+01 2.800000E+00
    endloop
  endfacet
  facet normal 0.000000E+00 -0.000000E+00 -1.000000E+00
    outer loop
      vertex -7.100725E+00 1.269855E+01 2.800000E+00
      vertex -6.438999E+00 1.235125E+01 2.800000E+00
      vertex -7.295546E+00 1.123943E+01 2.800000E+00
    endloop
  endfacet
  facet normal 0.000000E+00 0.000000E+00 -1.000000E+00
    outer loop
      vertex -1.121960E+01 9.098549E+00 2.800000E+00
      vertex -9.889311E+00 9.609660E+00 2.800000E+00
      vertex -9.804602E+00 9.238525E+00 2.800000E+00
    endloop
  endfacet
  facet normal 0.000000E+00 0.000000E+00 -1.000000E+00
    outer loop
      vertex -1.121960E+01 9.098549E+00 2.800000E+00
      vertex -9.804602E+00 9.238525E+00 2.800000E+00
      vertex -1.098256E+01 8.433485E+00 2.800000E+00
    endloop
  endfacet
  facet normal 0.000000E+00 0.000000E+00 -1.000000E+00
    outer loop
      vertex -6.861788E+00 8.751578E+00 2.800000E+00
      vertex -5.466766E+00 8.337319E+00 2.800000E+00
      vertex -5.904595E+00 7.716466E+00 2.800000E+00
    endloop
  endfacet
  facet normal 0.000000E+00 0.000000E+00 -1.000000E+00
    outer loop
      vertex -7.151578E+00 8.461788E+00 2.800000E+00
      vertex -5.904595E+00 7.716466E+00 2.800000E+00
      vertex -6.480279E+00 7.220744E+00 2.800000E+00
    endloop
  endfacet
  facet normal 0.000000E+00 0.000000E+00 -1.000000E+00
    outer loop
      vertex -7.151578E+00 8.461788E+00 2.800000E+00
      vertex -6.861788E+00 8.751578E+00 2.800000E+00
      vertex -5.904595E+00 7.716466E+00 2.800000E+00
    endloop
  endfacet
  facet normal 0.000000E+00 0.000000E+00 -1.000000E+00
    outer loop
      vertex -7.502298E+00 8.249770E+00 2.800000E+00
      vertex -6.480279E+00 7.220744E+00 2.800000E+00
      vertex -7.159247E+00 6.879926E+00 2.800000E+00
    endloop
  endfacet
  facet normal 0.000000E+00 0.000000E+00 -1.000000E+00
    outer loop
      vertex -7.502298E+00 8.249770E+00 2.800000E+00
      vertex -7.151578E+00 8.461788E+00 2.800000E+00
      vertex -6.480279E+00 7.220744E+00 2.800000E+00
    endloop
  endfacet
  facet normal 0.000000E+00 0.000000E+00 -1.000000E+00
    outer loop
      vertex -6.649770E+00 9.102298E+00 2.800000E+00
      vertex -5.193089E+00 9.046019E+00 2.800000E+00
      vertex -5.466766E+00 8.337319E+00 2.800000E+00
    endloop
  endfacet
  facet normal 0.000000E+00 -0.000000E+00 -1.000000E+00
    outer loop
      vertex -7.826336E+00 1.287740E+01 2.800000E+00
      vertex -7.638525E+00 1.140460E+01 2.800000E+00
      vertex -8.009661E+00 1.148931E+01 2.800000E+00
    endloop
  endfacet
  facet normal 0.000000E+00 -0.000000E+00 -1.000000E+00
    outer loop
      vertex -6.649770E+00 9.102298E+00 2.800000E+00
      vertex -5.466766E+00 8.337319E+00 2.800000E+00
      vertex -6.861788E+00 8.751578E+00 2.800000E+00
    endloop
  endfacet
  facet normal 0.000000E+00 0.000000E+00 -1.000000E+00
    outer loop
      vertex -7.826336E+00 1.287740E+01 2.800000E+00
      vertex -7.100725E+00 1.269855E+01 2.800000E+00
      vertex -7.638525E+00 1.140460E+01 2.800000E+00
    endloop
  endfacet
  facet normal 0.000000E+00 0.000000E+00 -1.000000E+00
    outer loop
      vertex -1.130000E+01 9.800000E+00 2.800000E+00
      vertex -9.889311E+00 9.990339E+00 2.800000E+00
      vertex -9.889311E+00 9.609660E+00 2.800000E+00
    endloop
  endfacet
  facet normal 0.000000E+00 0.000000E+00 -1.000000E+00
    outer loop
      vertex -6.527846E+00 9.493567E+00 2.800000E+00
      vertex -5.100000E+00 9.800000E+00 2.800000E+00
      vertex -5.193089E+00 9.046019E+00 2.800000E+00
    endloop
  endfacet
  facet normal 0.000000E+00 0.000000E+00 -1.000000E+00
    outer loop
      vertex -1.130000E+01 9.800000E+00 2.800000E+00
      vertex -9.889311E+00 9.609660E+00 2.800000E+00
      vertex -1.121960E+01 9.098549E+00 2.800000E+00
    endloop
  endfacet
  facet normal 0.000000E+00 -0.000000E+00 -1.000000E+00
    outer loop
      vertex -6.527846E+00 9.493567E+00 2.800000E+00
      vertex -5.193089E+00 9.046019E+00 2.800000E+00
      vertex -6.649770E+00 9.102298E+00 2.800000E+00
    endloop
  endfacet
  facet normal 0.000000E+00 -0.000000E+00 -1.000000E+00
    outer loop
      vertex -8.573664E+00 1.287740E+01 2.800000E+00
      vertex -8.390340E+00 1.148931E+01 2.800000E+00
      vertex -8.761475E+00 1.140460E+01 2.800000E+00
    endloop
  endfacet
  facet normal 0.000000E+00 -0.000000E+00 -1.000000E+00
    outer loop
      vertex -7.893567E+00 8.127846E+00 2.800000E+00
      vertex -7.159247E+00 6.879926E+00 2.800000E+00
      vertex -7.900719E+00 6.714480E+00 2.800000E+00
    endloop
  endfacet
  facet normal 0.000000E+00 0.000000E+00 -1.000000E+00
    outer loop
      vertex -8.573664E+00 1.287740E+01 2.800000E+00
      vertex -8.009661E+00 1.148931E+01 2.800000E+00
      vertex -8.390340E+00 1.148931E+01 2.800000E+00
    endloop
  endfacet
  facet normal 0.000000E+00 0.000000E+00 -1.000000E+00
    outer loop
      vertex -8.573664E+00 1.287740E+01 2.800000E+00
      vertex -7.826336E+00 1.287740E+01 2.800000E+00
      vertex -8.009661E+00 1.148931E+01 2.800000E+00
    endloop
  endfacet
  facet normal 0.000000E+00 0.000000E+00 -1.000000E+00
    outer loop
      vertex -7.893567E+00 8.127846E+00 2.800000E+00
      vertex -7.502298E+00 8.249770E+00 2.800000E+00
      vertex -7.159247E+00 6.879926E+00 2.800000E+00
    endloop
  endfacet
  facet normal 0.000000E+00 0.000000E+00 -1.000000E+00
    outer loop
      vertex -1.120992E+01 1.054188E+01 2.800000E+00
      vertex -9.804602E+00 1.036147E+01 2.800000E+00
      vertex -9.889311E+00 9.990339E+00 2.800000E+00
    endloop
  endfacet
  facet normal 0.000000E+00 -0.000000E+00 -1.000000E+00
    outer loop
      vertex -1.120992E+01 1.054188E+01 2.800000E+00
      vertex -9.889311E+00 9.990339E+00 2.800000E+00
      vertex -1.130000E+01 9.800000E+00 2.800000E+00
    endloop
  endfacet
  facet normal 0.000000E+00 -0.000000E+00 -1.000000E+00
    outer loop
      vertex -8.302644E+00 8.103102E+00 2.800000E+00
      vertex -7.900719E+00 6.714480E+00 2.800000E+00
      vertex -8.660165E+00 6.734344E+00 2.800000E+00
    endloop
  endfacet
  facet normal 0.000000E+00 0.000000E+00 -1.000000E+00
    outer loop
      vertex -8.302644E+00 8.103102E+00 2.800000E+00
      vertex -7.893567E+00 8.127846E+00 2.800000E+00
      vertex -7.900719E+00 6.714480E+00 2.800000E+00
    endloop
  endfacet
  facet normal 0.000000E+00 0.000000E+00 -1.000000E+00
    outer loop
      vertex -9.299275E+00 1.269855E+01 2.800000E+00
      vertex -8.761475E+00 1.140460E+01 2.800000E+00
      vertex -9.104455E+00 1.123943E+01 2.800000E+00
    endloop
  endfacet
  facet normal 0.000000E+00 0.000000E+00 -1.000000E+00
    outer loop
      vertex -9.299275E+00 1.269855E+01 2.800000E+00
      vertex -8.573664E+00 1.287740E+01 2.800000E+00
      vertex -8.761475E+00 1.140460E+01 2.800000E+00
    endloop
  endfacet
  facet normal 0.000000E+00 0.000000E+00 -1.000000E+00
    outer loop
      vertex -6.503101E+00 9.902643E+00 2.800000E+00
      vertex -5.190080E+00 1.054188E+01 2.800000E+00
      vertex -5.100000E+00 9.800000E+00 2.800000E+00
    endloop
  endfacet
  facet normal 0.000000E+00 -0.000000E+00 -1.000000E+00
    outer loop
      vertex -6.503101E+00 9.902643E+00 2.800000E+00
      vertex -5.100000E+00 9.800000E+00 2.800000E+00
      vertex -6.527846E+00 9.493567E+00 2.800000E+00
    endloop
  endfacet
  facet normal 0.000000E+00 0.000000E+00 -1.000000E+00
    outer loop
      vertex -1.094491E+01 1.124064E+01 2.800000E+00
      vertex -9.639431E+00 1.070445E+01 2.800000E+00
      vertex -9.804602E+00 1.036147E+01 2.800000E+00
    endloop
  endfacet
  facet normal 0.000000E+00 -0.000000E+00 -1.000000E+00
    outer loop
      vertex -1.094491E+01 1.124064E+01 2.800000E+00
      vertex -9.804602E+00 1.036147E+01 2.800000E+00
      vertex -1.120992E+01 1.054188E+01 2.800000E+00
    endloop
  endfacet
  facet normal 0.000000E+00 0.000000E+00 -1.000000E+00
    outer loop
      vertex -9.961000E+00 1.235125E+01 2.800000E+00
      vertex -9.104455E+00 1.123943E+01 2.800000E+00
      vertex -9.402081E+00 1.100208E+01 2.800000E+00
    endloop
  endfacet
  facet normal 0.000000E+00 -0.000000E+00 -1.000000E+00
    outer loop
      vertex -8.705755E+00 8.176974E+00 2.800000E+00
      vertex -8.660165E+00 6.734344E+00 2.800000E+00
      vertex -9.391975E+00 6.938323E+00 2.800000E+00
    endloop
  endfacet
  facet normal 0.000000E+00 0.000000E+00 -1.000000E+00
    outer loop
      vertex -9.961000E+00 1.235125E+01 2.800000E+00
      vertex -9.299275E+00 1.269855E+01 2.800000E+00
      vertex -9.104455E+00 1.123943E+01 2.800000E+00
    endloop
  endfacet
  facet normal 0.000000E+00 0.000000E+00 -1.000000E+00
    outer loop
      vertex -8.705755E+00 8.176974E+00 2.800000E+00
      vertex -8.302644E+00 8.103102E+00 2.800000E+00
      vertex -8.660165E+00 6.734344E+00 2.800000E+00
    endloop
  endfacet
  facet normal 0.000000E+00 0.000000E+00 -1.000000E+00
    outer loop
      vertex -1.052038E+01 1.185568E+01 2.800000E+00
      vertex -9.402081E+00 1.100208E+01 2.800000E+00
      vertex -9.639431E+00 1.070445E+01 2.800000E+00
    endloop
  endfacet
  facet normal 0.000000E+00 0.000000E+00 -1.000000E+00
    outer loop
      vertex -1.052038E+01 1.185568E+01 2.800000E+00
      vertex -9.961000E+00 1.235125E+01 2.800000E+00
      vertex -9.402081E+00 1.100208E+01 2.800000E+00
    endloop
  endfacet
  facet normal 0.000000E+00 -0.000000E+00 -1.000000E+00
    outer loop
      vertex -1.052038E+01 1.185568E+01 2.800000E+00
      vertex -9.639431E+00 1.070445E+01 2.800000E+00
      vertex -1.094491E+01 1.124064E+01 2.800000E+00
    endloop
  endfacet
  facet normal 0.000000E+00 0.000000E+00 -1.000000E+00
    outer loop
      vertex -6.576974E+00 1.030576E+01 2.800000E+00
      vertex -5.455086E+00 1.124064E+01 2.800000E+00
      vertex -5.190080E+00 1.054188E+01 2.800000E+00
    endloop
  endfacet
  facet normal 0.000000E+00 0.000000E+00 -1.000000E+00
    outer loop
      vertex -6.576974E+00 1.030576E+01 2.800000E+00
      vertex -5.190080E+00 1.054188E+01 2.800000E+00
      vertex -6.503101E+00 9.902643E+00 2.800000E+00
    endloop
  endfacet
  facet normal 0.000000E+00 0.000000E+00 -1.000000E+00
    outer loop
      vertex -9.079474E+00 8.345172E+00 2.800000E+00
      vertex -9.391975E+00 6.938323E+00 2.800000E+00
      vertex -1.005220E+01 7.314167E+00 2.800000E+00
    endloop
  endfacet
  facet normal 0.000000E+00 -0.000000E+00 -1.000000E+00
    outer loop
      vertex -9.079474E+00 8.345172E+00 2.800000E+00
      vertex -8.705755E+00 8.176974E+00 2.800000E+00
      vertex -9.391975E+00 6.938323E+00 2.800000E+00
    endloop
  endfacet
  facet normal 0.000000E+00 0.000000E+00 -1.000000E+00
    outer loop
      vertex -6.745172E+00 1.067947E+01 2.800000E+00
      vertex -5.455086E+00 1.124064E+01 2.800000E+00
      vertex -6.576974E+00 1.030576E+01 2.800000E+00
    endloop
  endfacet
  facet normal 0.000000E+00 -0.000000E+00 -1.000000E+00
    outer loop
      vertex -5.879617E+00 1.185568E+01 2.800000E+00
      vertex -5.455086E+00 1.124064E+01 2.800000E+00
      vertex -6.745172E+00 1.067947E+01 2.800000E+00
    endloop
  endfacet
  facet normal 0.000000E+00 0.000000E+00 -1.000000E+00
    outer loop
      vertex -6.997919E+00 1.100208E+01 2.800000E+00
      vertex -5.879617E+00 1.185568E+01 2.800000E+00
      vertex -6.745172E+00 1.067947E+01 2.800000E+00
    endloop
  endfacet
  facet normal 0.000000E+00 -0.000000E+00 -1.000000E+00
    outer loop
      vertex -9.402081E+00 8.597919E+00 2.800000E+00
      vertex -9.079474E+00 8.345172E+00 2.800000E+00
      vertex -1.005220E+01 7.314167E+00 2.800000E+00
    endloop
  endfacet
  facet normal 0.000000E+00 0.000000E+00 -1.000000E+00
    outer loop
      vertex -1.060118E+01 7.839305E+00 2.800000E+00
      vertex -9.402081E+00 8.597919E+00 2.800000E+00
      vertex -1.005220E+01 7.314167E+00 2.800000E+00
    endloop
  endfacet
  facet normal 0.000000E+00 -0.000000E+00 -1.000000E+00
    outer loop
      vertex -9.639431E+00 8.895545E+00 2.800000E+00
      vertex -9.402081E+00 8.597919E+00 2.800000E+00
      vertex -1.060118E+01 7.839305E+00 2.800000E+00
    endloop
  endfacet
  facet normal 0.000000E+00 0.000000E+00 -1.000000E+00
    outer loop
      vertex -6.438999E+00 1.235125E+01 2.800000E+00
      vertex -6.997919E+00 1.100208E+01 2.800000E+00
      vertex -7.295546E+00 1.123943E+01 2.800000E+00
    endloop
  endfacet
  facet normal 0.000000E+00 -0.000000E+00 -1.000000E+00
    outer loop
      vertex -6.438999E+00 1.235125E+01 2.800000E+00
      vertex -5.879617E+00 1.185568E+01 2.800000E+00
      vertex -6.997919E+00 1.100208E+01 2.800000E+00
    endloop
  endfacet
  facet normal -9.927087E-01 -1.205377E-01 0.000000E+00
    outer loop
      vertex -2.130000E+01 2.825000E+01 0.000000E+00
      vertex -2.130000E+01 2.825000E+01 1.400000E+00
      vertex -2.136393E+01 2.877649E+01 0.000000E+00
    endloop
  endfacet
  facet normal -9.350162E-01 -3.546050E-01 0.000000E+00
    outer loop
      vertex -2.136393E+01 2.877649E+01 0.000000E+00
      vertex -2.136393E+01 2.877649E+01 1.400000E+00
      vertex -2.155200E+01 2.927239E+01 0.000000E+00
    endloop
  endfacet
  facet normal -9.927087E-01 -1.205377E-01 0.000000E+00
    outer loop
      vertex -2.130000E+01 2.825000E+01 1.400000E+00
      vertex -2.136393E+01 2.877649E+01 1.400000E+00
      vertex -2.136393E+01 2.877649E+01 0.000000E+00
    endloop
  endfacet
  facet normal -8.229831E-01 -5.680659E-01 0.000000E+00
    outer loop
      vertex -2.155200E+01 2.927239E+01 0.000000E+00
      vertex -2.155200E+01 2.927239E+01 1.400000E+00
      vertex -2.185328E+01 2.970887E+01 0.000000E+00
    endloop
  endfacet
  facet normal -9.350162E-01 -3.546050E-01 0.000000E+00
    outer loop
      vertex -2.136393E+01 2.877649E+01 1.400000E+00
      vertex -2.155200E+01 2.927239E+01 1.400000E+00
      vertex -2.155200E+01 2.927239E+01 0.000000E+00
    endloop
  endfacet
  facet normal -6.631229E-01 -7.485105E-01 0.000000E+00
    outer loop
      vertex -2.185328E+01 2.970887E+01 0.000000E+00
      vertex -2.185328E+01 2.970887E+01 1.400000E+00
      vertex -2.225026E+01 3.006056E+01 0.000000E+00
    endloop
  endfacet
  facet normal -8.229831E-01 -5.680659E-01 0.000000E+00
    outer loop
      vertex -2.155200E+01 2.927239E+01 1.400000E+00
      vertex -2.185328E+01 2.970887E+01 1.400000E+00
      vertex -2.185328E+01 2.970887E+01 0.000000E+00
    endloop
  endfacet
  facet normal -4.647231E-01 -8.854561E-01 0.000000E+00
    outer loop
      vertex -2.225026E+01 3.006056E+01 0.000000E+00
      vertex -2.225026E+01 3.006056E+01 1.400000E+00
      vertex -2.271987E+01 3.030704E+01 0.000000E+00
    endloop
  endfacet
  facet normal -6.631229E-01 -7.485105E-01 0.000000E+00
    outer loop
      vertex -2.185328E+01 2.970887E+01 1.400000E+00
      vertex -2.225026E+01 3.006056E+01 1.400000E+00
      vertex -2.225026E+01 3.006056E+01 0.000000E+00
    endloop
  endfacet
  facet normal -2.393171E-01 -9.709415E-01 0.000000E+00
    outer loop
      vertex -2.271987E+01 3.030704E+01 0.000000E+00
      vertex -2.271987E+01 3.030704E+01 1.400000E+00
      vertex -2.323482E+01 3.043396E+01 0.000000E+00
    endloop
  endfacet
  facet normal -4.647231E-01 -8.854561E-01 0.000000E+00
    outer loop
      vertex -2.225026E+01 3.006056E+01 1.400000E+00
      vertex -2.271987E+01 3.030704E+01 1.400000E+00
      vertex -2.271987E+01 3.030704E+01 0.000000E+00
    endloop
  endfacet
  facet normal 0.000000E+00 -1.000000E+00 0.000000E+00
    outer loop
      vertex -2.323482E+01 3.043396E+01 0.000000E+00
      vertex -2.323482E+01 3.043396E+01 1.400000E+00
      vertex -2.376518E+01 3.043396E+01 0.000000E+00
    endloop
  endfacet
  facet normal -2.393171E-01 -9.709415E-01 0.000000E+00
    outer loop
      vertex -2.271987E+01 3.030704E+01 1.400000E+00
      vertex -2.323482E+01 3.043396E+01 1.400000E+00
      vertex -2.323482E+01 3.043396E+01 0.000000E+00
    endloop
  endfacet
  facet normal 2.393171E-01 -9.709415E-01 0.000000E+00
    outer loop
      vertex -2.376518E+01 3.043396E+01 0.000000E+00
      vertex -2.376518E+01 3.043396E+01 1.400000E+00
      vertex -2.428013E+01 3.030704E+01 0.000000E+00
    endloop
  endfacet
  facet normal -0.000000E+00 -1.000000E+00 0.000000E+00
    outer loop
      vertex -2.323482E+01 3.043396E+01 1.400000E+00
      vertex -2.376518E+01 3.043396E+01 1.400000E+00
      vertex -2.376518E+01 3.043396E+01 0.000000E+00
    endloop
  endfacet
  facet normal 4.647231E-01 -8.854561E-01 0.000000E+00
    outer loop
      vertex -2.428013E+01 3.030704E+01 0.000000E+00
      vertex -2.428013E+01 3.030704E+01 1.400000E+00
      vertex -2.474974E+01 3.006056E+01 0.000000E+00
    endloop
  endfacet
  facet normal 2.393171E-01 -9.709415E-01 0.000000E+00
    outer loop
      vertex -2.376518E+01 3.043396E+01 1.400000E+00
      vertex -2.428013E+01 3.030704E+01 1.400000E+00
      vertex -2.428013E+01 3.030704E+01 0.000000E+00
    endloop
  endfacet
  facet normal 6.631229E-01 -7.485105E-01 0.000000E+00
    outer loop
      vertex -2.474974E+01 3.006056E+01 0.000000E+00
      vertex -2.474974E+01 3.006056E+01 1.400000E+00
      vertex -2.514672E+01 2.970887E+01 0.000000E+00
    endloop
  endfacet
  facet normal 4.647231E-01 -8.854561E-01 0.000000E+00
    outer loop
      vertex -2.428013E+01 3.030704E+01 1.400000E+00
      vertex -2.474974E+01 3.006056E+01 1.400000E+00
      vertex -2.474974E+01 3.006056E+01 0.000000E+00
    endloop
  endfacet
  facet normal 8.229831E-01 -5.680659E-01 0.000000E+00
    outer loop
      vertex -2.514672E+01 2.970887E+01 0.000000E+00
      vertex -2.514672E+01 2.970887E+01 1.400000E+00
      vertex -2.544800E+01 2.927239E+01 0.000000E+00
    endloop
  endfacet
  facet normal 6.631229E-01 -7.485105E-01 0.000000E+00
    outer loop
      vertex -2.474974E+01 3.006056E+01 1.400000E+00
      vertex -2.514672E+01 2.970887E+01 1.400000E+00
      vertex -2.514672E+01 2.970887E+01 0.000000E+00
    endloop
  endfacet
  facet normal 9.350162E-01 -3.546050E-01 0.000000E+00
    outer loop
      vertex -2.544800E+01 2.927239E+01 0.000000E+00
      vertex -2.544800E+01 2.927239E+01 1.400000E+00
      vertex -2.563607E+01 2.877649E+01 0.000000E+00
    endloop
  endfacet
  facet normal 8.229831E-01 -5.680659E-01 0.000000E+00
    outer loop
      vertex -2.514672E+01 2.970887E+01 1.400000E+00
      vertex -2.544800E+01 2.927239E+01 1.400000E+00
      vertex -2.544800E+01 2.927239E+01 0.000000E+00
    endloop
  endfacet
  facet normal 9.927087E-01 -1.205377E-01 0.000000E+00
    outer loop
      vertex -2.563607E+01 2.877649E+01 0.000000E+00
      vertex -2.563607E+01 2.877649E+01 1.400000E+00
      vertex -2.570000E+01 2.825000E+01 0.000000E+00
    endloop
  endfacet
  facet normal 9.350162E-01 -3.546050E-01 0.000000E+00
    outer loop
      vertex -2.544800E+01 2.927239E+01 1.400000E+00
      vertex -2.563607E+01 2.877649E+01 1.400000E+00
      vertex -2.563607E+01 2.877649E+01 0.000000E+00
    endloop
  endfacet
  facet normal 9.927087E-01 -1.205377E-01 0.000000E+00
    outer loop
      vertex -2.563607E+01 2.877649E+01 1.400000E+00
      vertex -2.570000E+01 2.825000E+01 1.400000E+00
      vertex -2.570000E+01 2.825000E+01 0.000000E+00
    endloop
  endfacet
  facet normal 0.000000E+00 0.000000E+00 -1.000000E+00
    outer loop
      vertex -2.547068E+01 2.727203E+01 1.400000E+00
      vertex -2.460866E+01 2.779078E+01 1.400000E+00
      vertex -2.449776E+01 2.758331E+01 1.400000E+00
    endloop
  endfacet
  facet normal 0.000000E+00 0.000000E+00 -1.000000E+00
    outer loop
      vertex -2.547068E+01 2.727203E+01 1.400000E+00
      vertex -2.449776E+01 2.758331E+01 1.400000E+00
      vertex -2.519538E+01 2.684797E+01 1.400000E+00
    endloop
  endfacet
  facet normal 0.000000E+00 -0.000000E+00 -1.000000E+00
    outer loop
      vertex -2.271987E+01 3.030704E+01 1.400000E+00
      vertex -2.225026E+01 3.006056E+01 1.400000E+00
      vertex -2.281832E+01 2.923758E+01 1.400000E+00
    endloop
  endfacet
  facet normal 0.000000E+00 0.000000E+00 -1.000000E+00
    outer loop
      vertex -2.271987E+01 3.030704E+01 1.400000E+00
      vertex -2.281832E+01 2.923758E+01 1.400000E+00
      vertex -2.307447E+01 2.937202E+01 1.400000E+00
    endloop
  endfacet
  facet normal 0.000000E+00 0.000000E+00 -1.000000E+00
    outer loop
      vertex -2.258751E+01 2.747066E+01 1.400000E+00
      vertex -2.155900E+01 2.721438E+01 1.400000E+00
      vertex -2.186825E+01 2.677440E+01 1.400000E+00
    endloop
  endfacet
  facet normal 0.000000E+00 0.000000E+00 -1.000000E+00
    outer loop
      vertex -2.279466E+01 2.727918E+01 1.400000E+00
      vertex -2.186825E+01 2.677440E+01 1.400000E+00
      vertex -2.227500E+01 2.642260E+01 1.400000E+00
    endloop
  endfacet
  facet normal 0.000000E+00 0.000000E+00 -1.000000E+00
    outer loop
      vertex -2.279466E+01 2.727918E+01 1.400000E+00
      vertex -2.258751E+01 2.747066E+01 1.400000E+00
      vertex -2.186825E+01 2.677440E+01 1.400000E+00
    endloop
  endfacet
  facet normal 0.000000E+00 0.000000E+00 -1.000000E+00
    outer loop
      vertex -2.243079E+01 2.770521E+01 1.400000E+00
      vertex -2.136573E+01 2.771624E+01 1.400000E+00
      vertex -2.155900E+01 2.721438E+01 1.400000E+00
    endloop
  endfacet
  facet normal 0.000000E+00 -0.000000E+00 -1.000000E+00
    outer loop
      vertex -2.243079E+01 2.770521E+01 1.400000E+00
      vertex -2.155900E+01 2.721438E+01 1.400000E+00
      vertex -2.258751E+01 2.747066E+01 1.400000E+00
    endloop
  endfacet
  facet normal 0.000000E+00 0.000000E+00 -1.000000E+00
    outer loop
      vertex -2.564190E+01 2.774775E+01 1.400000E+00
      vertex -2.467694E+01 2.801589E+01 1.400000E+00
      vertex -2.460866E+01 2.779078E+01 1.400000E+00
    endloop
  endfacet
  facet normal 0.000000E+00 0.000000E+00 -1.000000E+00
    outer loop
      vertex -2.304078E+01 2.714134E+01 1.400000E+00
      vertex -2.227500E+01 2.642260E+01 1.400000E+00
      vertex -2.275496E+01 2.618000E+01 1.400000E+00
    endloop
  endfacet
  facet normal 0.000000E+00 0.000000E+00 -1.000000E+00
    outer loop
      vertex -2.564190E+01 2.774775E+01 1.400000E+00
      vertex -2.460866E+01 2.779078E+01 1.400000E+00
      vertex -2.547068E+01 2.727203E+01 1.400000E+00
    endloop
  endfacet
  facet normal 0.000000E+00 0.000000E+00 -1.000000E+00
    outer loop
      vertex -2.304078E+01 2.714134E+01 1.400000E+00
      vertex -2.279466E+01 2.727918E+01 1.400000E+00
      vertex -2.227500E+01 2.642260E+01 1.400000E+00
    endloop
  endfacet
  facet normal 0.000000E+00 0.000000E+00 -1.000000E+00
    outer loop
      vertex -2.233316E+01 2.796987E+01 1.400000E+00
      vertex -2.130000E+01 2.825000E+01 1.400000E+00
      vertex -2.136573E+01 2.771624E+01 1.400000E+00
    endloop
  endfacet
  facet normal 0.000000E+00 -0.000000E+00 -1.000000E+00
    outer loop
      vertex -2.233316E+01 2.796987E+01 1.400000E+00
      vertex -2.136573E+01 2.771624E+01 1.400000E+00
      vertex -2.243079E+01 2.770521E+01 1.400000E+00
    endloop
  endfacet
  facet normal 0.000000E+00 0.000000E+00 -1.000000E+00
    outer loop
      vertex -2.331228E+01 2.706477E+01 1.400000E+00
      vertex -2.275496E+01 2.618000E+01 1.400000E+00
      vertex -2.327944E+01 2.606108E+01 1.400000E+00
    endloop
  endfacet
  facet normal 0.000000E+00 0.000000E+00 -1.000000E+00
    outer loop
      vertex -2.331228E+01 2.706477E+01 1.400000E+00
      vertex -2.304078E+01 2.714134E+01 1.400000E+00
      vertex -2.275496E+01 2.618000E+01 1.400000E+00
    endloop
  endfacet
  facet normal 0.000000E+00 -0.000000E+00 -1.000000E+00
    outer loop
      vertex -2.323482E+01 3.043396E+01 1.400000E+00
      vertex -2.307447E+01 2.937202E+01 1.400000E+00
      vertex -2.335536E+01 2.944125E+01 1.400000E+00
    endloop
  endfacet
  facet normal 0.000000E+00 0.000000E+00 -1.000000E+00
    outer loop
      vertex -2.323482E+01 3.043396E+01 1.400000E+00
      vertex -2.271987E+01 3.030704E+01 1.400000E+00
      vertex -2.307447E+01 2.937202E+01 1.400000E+00
    endloop
  endfacet
  facet normal 0.000000E+00 -0.000000E+00 -1.000000E+00
    outer loop
      vertex -2.230000E+01 2.825000E+01 1.400000E+00
      vertex -2.130000E+01 2.825000E+01 1.400000E+00
      vertex -2.233316E+01 2.796987E+01 1.400000E+00
    endloop
  endfacet
  facet normal 0.000000E+00 0.000000E+00 -1.000000E+00
    outer loop
      vertex -2.570000E+01 2.825000E+01 1.400000E+00
      vertex -2.470000E+01 2.825000E+01 1.400000E+00
      vertex -2.467694E+01 2.801589E+01 1.400000E+00
    endloop
  endfacet
  facet normal 0.000000E+00 0.000000E+00 -1.000000E+00
    outer loop
      vertex -2.570000E+01 2.825000E+01 1.400000E+00
      vertex -2.467694E+01 2.801589E+01 1.400000E+00
      vertex -2.564190E+01 2.774775E+01 1.400000E+00
    endloop
  endfacet
  facet normal 0.000000E+00 -0.000000E+00 -1.000000E+00
    outer loop
      vertex -2.359415E+01 2.705370E+01 1.400000E+00
      vertex -2.327944E+01 2.606108E+01 1.400000E+00
      vertex -2.381709E+01 2.607297E+01 1.400000E+00
    endloop
  endfacet
  facet normal 0.000000E+00 0.000000E+00 -1.000000E+00
    outer loop
      vertex -2.359415E+01 2.705370E+01 1.400000E+00
      vertex -2.331228E+01 2.706477E+01 1.400000E+00
      vertex -2.327944E+01 2.606108E+01 1.400000E+00
    endloop
  endfacet
  facet normal 0.000000E+00 0.000000E+00 -1.000000E+00
    outer loop
      vertex -2.376518E+01 3.043396E+01 1.400000E+00
      vertex -2.335536E+01 2.944125E+01 1.400000E+00
      vertex -2.364464E+01 2.944125E+01 1.400000E+00
    endloop
  endfacet
  facet normal 0.000000E+00 0.000000E+00 -1.000000E+00
    outer loop
      vertex -2.376518E+01 3.043396E+01 1.400000E+00
      vertex -2.323482E+01 3.043396E+01 1.400000E+00
      vertex -2.335536E+01 2.944125E+01 1.400000E+00
    endloop
  endfacet
  facet normal 0.000000E+00 0.000000E+00 -1.000000E+00
    outer loop
      vertex -2.563607E+01 2.877649E+01 1.400000E+00
      vertex -2.466513E+01 2.853718E+01 1.400000E+00
      vertex -2.470000E+01 2.825000E+01 1.400000E+00
    endloop
  endfacet
  facet normal 0.000000E+00 -0.000000E+00 -1.000000E+00
    outer loop
      vertex -2.563607E+01 2.877649E+01 1.400000E+00
      vertex -2.470000E+01 2.825000E+01 1.400000E+00
      vertex -2.570000E+01 2.825000E+01 1.400000E+00
    endloop
  endfacet
  facet normal 0.000000E+00 0.000000E+00 -1.000000E+00
    outer loop
      vertex -2.233487E+01 2.853718E+01 1.400000E+00
      vertex -2.136393E+01 2.877649E+01 1.400000E+00
      vertex -2.130000E+01 2.825000E+01 1.400000E+00
    endloop
  endfacet
  facet normal 0.000000E+00 0.000000E+00 -1.000000E+00
    outer loop
      vertex -2.233487E+01 2.853718E+01 1.400000E+00
      vertex -2.130000E+01 2.825000E+01 1.400000E+00
      vertex -2.230000E+01 2.825000E+01 1.400000E+00
    endloop
  endfacet
  facet normal 0.000000E+00 0.000000E+00 -1.000000E+00
    outer loop
      vertex -2.428013E+01 3.030704E+01 1.400000E+00
      vertex -2.392553E+01 2.937202E+01 1.400000E+00
      vertex -2.418168E+01 2.923758E+01 1.400000E+00
    endloop
  endfacet
  facet normal 0.000000E+00 0.000000E+00 -1.000000E+00
    outer loop
      vertex -2.428013E+01 3.030704E+01 1.400000E+00
      vertex -2.364464E+01 2.944125E+01 1.400000E+00
      vertex -2.392553E+01 2.937202E+01 1.400000E+00
    endloop
  endfacet
  facet normal 0.000000E+00 -0.000000E+00 -1.000000E+00
    outer loop
      vertex -2.387082E+01 2.710873E+01 1.400000E+00
      vertex -2.381709E+01 2.607297E+01 1.400000E+00
      vertex -2.433580E+01 2.621495E+01 1.400000E+00
    endloop
  endfacet
  facet normal 0.000000E+00 0.000000E+00 -1.000000E+00
    outer loop
      vertex -2.428013E+01 3.030704E+01 1.400000E+00
      vertex -2.376518E+01 3.043396E+01 1.400000E+00
      vertex -2.364464E+01 2.944125E+01 1.400000E+00
    endloop
  endfacet
  facet normal 0.000000E+00 0.000000E+00 -1.000000E+00
    outer loop
      vertex -2.387082E+01 2.710873E+01 1.400000E+00
      vertex -2.359415E+01 2.705370E+01 1.400000E+00
      vertex -2.381709E+01 2.607297E+01 1.400000E+00
    endloop
  endfacet
  facet normal 0.000000E+00 0.000000E+00 -1.000000E+00
    outer loop
      vertex -2.544800E+01 2.927239E+01 1.400000E+00
      vertex -2.456255E+01 2.880767E+01 1.400000E+00
      vertex -2.466513E+01 2.853718E+01 1.400000E+00
    endloop
  endfacet
  facet normal 0.000000E+00 -0.000000E+00 -1.000000E+00
    outer loop
      vertex -2.544800E+01 2.927239E+01 1.400000E+00
      vertex -2.466513E+01 2.853718E+01 1.400000E+00
      vertex -2.563607E+01 2.877649E+01 1.400000E+00
    endloop
  endfacet
  facet normal 0.000000E+00 0.000000E+00 -1.000000E+00
    outer loop
      vertex -2.474974E+01 3.006056E+01 1.400000E+00
      vertex -2.418168E+01 2.923758E+01 1.400000E+00
      vertex -2.439821E+01 2.904575E+01 1.400000E+00
    endloop
  endfacet
  facet normal 0.000000E+00 0.000000E+00 -1.000000E+00
    outer loop
      vertex -2.243745E+01 2.880767E+01 1.400000E+00
      vertex -2.155200E+01 2.927239E+01 1.400000E+00
      vertex -2.136393E+01 2.877649E+01 1.400000E+00
    endloop
  endfacet
  facet normal 0.000000E+00 0.000000E+00 -1.000000E+00
    outer loop
      vertex -2.474974E+01 3.006056E+01 1.400000E+00
      vertex -2.428013E+01 3.030704E+01 1.400000E+00
      vertex -2.418168E+01 2.923758E+01 1.400000E+00
    endloop
  endfacet
  facet normal 0.000000E+00 0.000000E+00 -1.000000E+00
    outer loop
      vertex -2.243745E+01 2.880767E+01 1.400000E+00
      vertex -2.136393E+01 2.877649E+01 1.400000E+00
      vertex -2.233487E+01 2.853718E+01 1.400000E+00
    endloop
  endfacet
  facet normal 0.000000E+00 0.000000E+00 -1.000000E+00
    outer loop
      vertex -2.514672E+01 2.970887E+01 1.400000E+00
      vertex -2.439821E+01 2.904575E+01 1.400000E+00
      vertex -2.456255E+01 2.880767E+01 1.400000E+00
    endloop
  endfacet
  facet normal 0.000000E+00 0.000000E+00 -1.000000E+00
    outer loop
      vertex -2.514672E+01 2.970887E+01 1.400000E+00
      vertex -2.474974E+01 3.006056E+01 1.400000E+00
      vertex -2.439821E+01 2.904575E+01 1.400000E+00
    endloop
  endfacet
  facet normal 0.000000E+00 -0.000000E+00 -1.000000E+00
    outer loop
      vertex -2.514672E+01 2.970887E+01 1.400000E+00
      vertex -2.456255E+01 2.880767E+01 1.400000E+00
      vertex -2.544800E+01 2.927239E+01 1.400000E+00
    endloop
  endfacet
  facet normal 0.000000E+00 0.000000E+00 -1.000000E+00
    outer loop
      vertex -2.412700E+01 2.722683E+01 1.400000E+00
      vertex -2.433580E+01 2.621495E+01 1.400000E+00
      vertex -2.480457E+01 2.647853E+01 1.400000E+00
    endloop
  endfacet
  facet normal 0.000000E+00 -0.000000E+00 -1.000000E+00
    outer loop
      vertex -2.412700E+01 2.722683E+01 1.400000E+00
      vertex -2.387082E+01 2.710873E+01 1.400000E+00
      vertex -2.433580E+01 2.621495E+01 1.400000E+00
    endloop
  endfacet
  facet normal 0.000000E+00 0.000000E+00 -1.000000E+00
    outer loop
      vertex -2.260179E+01 2.904575E+01 1.400000E+00
      vertex -2.185328E+01 2.970887E+01 1.400000E+00
      vertex -2.155200E+01 2.927239E+01 1.400000E+00
    endloop
  endfacet
  facet normal 0.000000E+00 0.000000E+00 -1.000000E+00
    outer loop
      vertex -2.260179E+01 2.904575E+01 1.400000E+00
      vertex -2.155200E+01 2.927239E+01 1.400000E+00
      vertex -2.243745E+01 2.880767E+01 1.400000E+00
    endloop
  endfacet
  facet normal 0.000000E+00 -0.000000E+00 -1.000000E+00
    outer loop
      vertex -2.434853E+01 2.740147E+01 1.400000E+00
      vertex -2.412700E+01 2.722683E+01 1.400000E+00
      vertex -2.480457E+01 2.647853E+01 1.400000E+00
    endloop
  endfacet
  facet normal 0.000000E+00 0.000000E+00 -1.000000E+00
    outer loop
      vertex -2.519538E+01 2.684797E+01 1.400000E+00
      vertex -2.434853E+01 2.740147E+01 1.400000E+00
      vertex -2.480457E+01 2.647853E+01 1.400000E+00
    endloop
  endfacet
  facet normal 0.000000E+00 -0.000000E+00 -1.000000E+00
    outer loop
      vertex -2.449776E+01 2.758331E+01 1.400000E+00
      vertex -2.434853E+01 2.740147E+01 1.400000E+00
      vertex -2.519538E+01 2.684797E+01 1.400000E+00
    endloop
  endfacet
  facet normal 0.000000E+00 0.000000E+00 -1.000000E+00
    outer loop
      vertex -2.225026E+01 3.006056E+01 1.400000E+00
      vertex -2.260179E+01 2.904575E+01 1.400000E+00
      vertex -2.281832E+01 2.923758E+01 1.400000E+00
    endloop
  endfacet
  facet normal 0.000000E+00 -0.000000E+00 -1.000000E+00
    outer loop
      vertex -2.225026E+01 3.006056E+01 1.400000E+00
      vertex -2.185328E+01 2.970887E+01 1.400000E+00
      vertex -2.260179E+01 2.904575E+01 1.400000E+00
    endloop
  endfacet
  facet normal -9.927092E-01 -1.205341E-01 0.000000E+00
    outer loop
      vertex 7.470000E+01 2.825000E+01 0.000000E+00
      vertex 7.470000E+01 2.825000E+01 1.400000E+00
      vertex 7.463607E+01 2.877649E+01 0.000000E+00
    endloop
  endfacet
  facet normal -9.350185E-01 -3.545987E-01 0.000000E+00
    outer loop
      vertex 7.463607E+01 2.877649E+01 0.000000E+00
      vertex 7.463607E+01 2.877649E+01 1.400000E+00
      vertex 7.444801E+01 2.927239E+01 0.000000E+00
    endloop
  endfacet
  facet normal -9.927092E-01 -1.205341E-01 0.000000E+00
    outer loop
      vertex 7.470000E+01 2.825000E+01 1.400000E+00
      vertex 7.463607E+01 2.877649E+01 1.400000E+00
      vertex 7.463607E+01 2.877649E+01 0.000000E+00
    endloop
  endfacet
  facet normal -8.229797E-01 -5.680708E-01 0.000000E+00
    outer loop
      vertex 7.444801E+01 2.927239E+01 0.000000E+00
      vertex 7.444801E+01 2.927239E+01 1.400000E+00
      vertex 7.414672E+01 2.970887E+01 0.000000E+00
    endloop
  endfacet
  facet normal -9.350185E-01 -3.545987E-01 0.000000E+00
    outer loop
      vertex 7.463607E+01 2.877649E+01 1.400000E+00
      vertex 7.444801E+01 2.927239E+01 1.400000E+00
      vertex 7.444801E+01 2.927239E+01 0.000000E+00
    endloop
  endfacet
  facet normal -6.631229E-01 -7.485105E-01 0.000000E+00
    outer loop
      vertex 7.414672E+01 2.970887E+01 0.000000E+00
      vertex 7.414672E+01 2.970887E+01 1.400000E+00
      vertex 7.374974E+01 3.006056E+01 0.000000E+00
    endloop
  endfacet
  facet normal -8.229797E-01 -5.680708E-01 0.000000E+00
    outer loop
      vertex 7.444801E+01 2.927239E+01 1.400000E+00
      vertex 7.414672E+01 2.970887E+01 1.400000E+00
      vertex 7.414672E+01 2.970887E+01 0.000000E+00
    endloop
  endfacet
  facet normal -4.647231E-01 -8.854561E-01 0.000000E+00
    outer loop
      vertex 7.374974E+01 3.006056E+01 0.000000E+00
      vertex 7.374974E+01 3.006056E+01 1.400000E+00
      vertex 7.328013E+01 3.030704E+01 0.000000E+00
    endloop
  endfacet
  facet normal -6.631229E-01 -7.485105E-01 0.000000E+00
    outer loop
      vertex 7.414672E+01 2.970887E+01 1.400000E+00
      vertex 7.374974E+01 3.006056E+01 1.400000E+00
      vertex 7.374974E+01 3.006056E+01 0.000000E+00
    endloop
  endfacet
  facet normal -2.393187E-01 -9.709411E-01 0.000000E+00
    outer loop
      vertex 7.328013E+01 3.030704E+01 0.000000E+00
      vertex 7.328013E+01 3.030704E+01 1.400000E+00
      vertex 7.276518E+01 3.043396E+01 0.000000E+00
    endloop
  endfacet
  facet normal -4.647231E-01 -8.854561E-01 0.000000E+00
    outer loop
      vertex 7.374974E+01 3.006056E+01 1.400000E+00
      vertex 7.328013E+01 3.030704E+01 1.400000E+00
      vertex 7.328013E+01 3.030704E+01 0.000000E+00
    endloop
  endfacet
  facet normal 0.000000E+00 -1.000000E+00 0.000000E+00
    outer loop
      vertex 7.276518E+01 3.043396E+01 0.000000E+00
      vertex 7.276518E+01 3.043396E+01 1.400000E+00
      vertex 7.223482E+01 3.043396E+01 0.000000E+00
    endloop
  endfacet
  facet normal -2.393187E-01 -9.709411E-01 0.000000E+00
    outer loop
      vertex 7.328013E+01 3.030704E+01 1.400000E+00
      vertex 7.276518E+01 3.043396E+01 1.400000E+00
      vertex 7.276518E+01 3.043396E+01 0.000000E+00
    endloop
  endfacet
  facet normal 2.393187E-01 -9.709411E-01 0.000000E+00
    outer loop
      vertex 7.223482E+01 3.043396E+01 0.000000E+00
      vertex 7.223482E+01 3.043396E+01 1.400000E+00
      vertex 7.171987E+01 3.030704E+01 0.000000E+00
    endloop
  endfacet
  facet normal -0.000000E+00 -1.000000E+00 0.000000E+00
    outer loop
      vertex 7.276518E+01 3.043396E+01 1.400000E+00
      vertex 7.223482E+01 3.043396E+01 1.400000E+00
      vertex 7.223482E+01 3.043396E+01 0.000000E+00
    endloop
  endfacet
  facet normal 4.647231E-01 -8.854561E-01 0.000000E+00
    outer loop
      vertex 7.171987E+01 3.030704E+01 0.000000E+00
      vertex 7.171987E+01 3.030704E+01 1.400000E+00
      vertex 7.125026E+01 3.006056E+01 0.000000E+00
    endloop
  endfacet
  facet normal 2.393187E-01 -9.709411E-01 0.000000E+00
    outer loop
      vertex 7.223482E+01 3.043396E+01 1.400000E+00
      vertex 7.171987E+01 3.030704E+01 1.400000E+00
      vertex 7.171987E+01 3.030704E+01 0.000000E+00
    endloop
  endfacet
  facet normal 6.631229E-01 -7.485105E-01 0.000000E+00
    outer loop
      vertex 7.125026E+01 3.006056E+01 0.000000E+00
      vertex 7.125026E+01 3.006056E+01 1.400000E+00
      vertex 7.085328E+01 2.970887E+01 0.000000E+00
    endloop
  endfacet
  facet normal 4.647231E-01 -8.854561E-01 0.000000E+00
    outer loop
      vertex 7.171987E+01 3.030704E+01 1.400000E+00
      vertex 7.125026E+01 3.006056E+01 1.400000E+00
      vertex 7.125026E+01 3.006056E+01 0.000000E+00
    endloop
  endfacet
  facet normal 8.229797E-01 -5.680708E-01 0.000000E+00
    outer loop
      vertex 7.085328E+01 2.970887E+01 0.000000E+00
      vertex 7.085328E+01 2.970887E+01 1.400000E+00
      vertex 7.055199E+01 2.927239E+01 0.000000E+00
    endloop
  endfacet
  facet normal 6.631229E-01 -7.485105E-01 0.000000E+00
    outer loop
      vertex 7.125026E+01 3.006056E+01 1.400000E+00
      vertex 7.085328E+01 2.970887E+01 1.400000E+00
      vertex 7.085328E+01 2.970887E+01 0.000000E+00
    endloop
  endfacet
  facet normal 9.350185E-01 -3.545987E-01 0.000000E+00
    outer loop
      vertex 7.055199E+01 2.927239E+01 0.000000E+00
      vertex 7.055199E+01 2.927239E+01 1.400000E+00
      vertex 7.036393E+01 2.877649E+01 0.000000E+00
    endloop
  endfacet
  facet normal 8.229797E-01 -5.680708E-01 0.000000E+00
    outer loop
      vertex 7.085328E+01 2.970887E+01 1.400000E+00
      vertex 7.055199E+01 2.927239E+01 1.400000E+00
      vertex 7.055199E+01 2.927239E+01 0.000000E+00
    endloop
  endfacet
  facet normal 9.927092E-01 -1.205341E-01 0.000000E+00
    outer loop
      vertex 7.036393E+01 2.877649E+01 0.000000E+00
      vertex 7.036393E+01 2.877649E+01 1.400000E+00
      vertex 7.030000E+01 2.825000E+01 0.000000E+00
    endloop
  endfacet
  facet normal 9.350185E-01 -3.545987E-01 0.000000E+00
    outer loop
      vertex 7.055199E+01 2.927239E+01 1.400000E+00
      vertex 7.036393E+01 2.877649E+01 1.400000E+00
      vertex 7.036393E+01 2.877649E+01 0.000000E+00
    endloop
  endfacet
  facet normal 9.927092E-01 -1.205341E-01 0.000000E+00
    outer loop
      vertex 7.036393E+01 2.877649E+01 1.400000E+00
      vertex 7.030000E+01 2.825000E+01 1.400000E+00
      vertex 7.030000E+01 2.825000E+01 0.000000E+00
    endloop
  endfacet
  facet normal 0.000000E+00 -0.000000E+00 -1.000000E+00
    outer loop
      vertex 7.150224E+01 2.758331E+01 1.400000E+00
      vertex 7.165147E+01 2.740147E+01 1.400000E+00
      vertex 7.078922E+01 2.686680E+01 1.400000E+00
    endloop
  endfacet
  facet normal 0.000000E+00 -0.000000E+00 -1.000000E+00
    outer loop
      vertex 7.374974E+01 3.006056E+01 1.400000E+00
      vertex 7.414672E+01 2.970887E+01 1.400000E+00
      vertex 7.339822E+01 2.904575E+01 1.400000E+00
    endloop
  endfacet
  facet normal 0.000000E+00 0.000000E+00 -1.000000E+00
    outer loop
      vertex 7.374974E+01 3.006056E+01 1.400000E+00
      vertex 7.339822E+01 2.904575E+01 1.400000E+00
      vertex 7.318168E+01 2.923758E+01 1.400000E+00
    endloop
  endfacet
  facet normal 0.000000E+00 0.000000E+00 -1.000000E+00
    outer loop
      vertex 7.292553E+01 2.937202E+01 1.400000E+00
      vertex 7.374974E+01 3.006056E+01 1.400000E+00
      vertex 7.318168E+01 2.923758E+01 1.400000E+00
    endloop
  endfacet
  facet normal 0.000000E+00 0.000000E+00 -1.000000E+00
    outer loop
      vertex 7.341249E+01 2.747066E+01 1.400000E+00
      vertex 7.443871E+01 2.721009E+01 1.400000E+00
      vertex 7.412685E+01 2.676900E+01 1.400000E+00
    endloop
  endfacet
  facet normal 0.000000E+00 0.000000E+00 -1.000000E+00
    outer loop
      vertex 7.320535E+01 2.727918E+01 1.400000E+00
      vertex 7.412685E+01 2.676900E+01 1.400000E+00
      vertex 7.371690E+01 2.641720E+01 1.400000E+00
    endloop
  endfacet
  facet normal 0.000000E+00 0.000000E+00 -1.000000E+00
    outer loop
      vertex 7.050373E+01 2.732539E+01 1.400000E+00
      vertex 7.139134E+01 2.779078E+01 1.400000E+00
      vertex 7.150224E+01 2.758331E+01 1.400000E+00
    endloop
  endfacet
  facet normal 0.000000E+00 0.000000E+00 -1.000000E+00
    outer loop
      vertex 7.320535E+01 2.727918E+01 1.400000E+00
      vertex 7.341249E+01 2.747066E+01 1.400000E+00
      vertex 7.412685E+01 2.676900E+01 1.400000E+00
    endloop
  endfacet
  facet normal 0.000000E+00 0.000000E+00 -1.000000E+00
    outer loop
      vertex 7.050373E+01 2.732539E+01 1.400000E+00
      vertex 7.150224E+01 2.758331E+01 1.400000E+00
      vertex 7.078922E+01 2.686680E+01 1.400000E+00
    endloop
  endfacet
  facet normal 0.000000E+00 0.000000E+00 -1.000000E+00
    outer loop
      vertex 7.356921E+01 2.770521E+01 1.400000E+00
      vertex 7.463367E+01 2.771388E+01 1.400000E+00
      vertex 7.443871E+01 2.721009E+01 1.400000E+00
    endloop
  endfacet
  facet normal 0.000000E+00 -0.000000E+00 -1.000000E+00
    outer loop
      vertex 7.356921E+01 2.770521E+01 1.400000E+00
      vertex 7.443871E+01 2.721009E+01 1.400000E+00
      vertex 7.341249E+01 2.747066E+01 1.400000E+00
    endloop
  endfacet
  facet normal 0.000000E+00 -0.000000E+00 -1.000000E+00
    outer loop
      vertex 7.328013E+01 3.030704E+01 1.400000E+00
      vertex 7.374974E+01 3.006056E+01 1.400000E+00
      vertex 7.292553E+01 2.937202E+01 1.400000E+00
    endloop
  endfacet
  facet normal 0.000000E+00 0.000000E+00 -1.000000E+00
    outer loop
      vertex 7.295922E+01 2.714134E+01 1.400000E+00
      vertex 7.371690E+01 2.641720E+01 1.400000E+00
      vertex 7.323359E+01 2.617591E+01 1.400000E+00
    endloop
  endfacet
  facet normal 0.000000E+00 0.000000E+00 -1.000000E+00
    outer loop
      vertex 7.295922E+01 2.714134E+01 1.400000E+00
      vertex 7.320535E+01 2.727918E+01 1.400000E+00
      vertex 7.371690E+01 2.641720E+01 1.400000E+00
    endloop
  endfacet
  facet normal 0.000000E+00 0.000000E+00 -1.000000E+00
    outer loop
      vertex 7.366685E+01 2.796987E+01 1.400000E+00
      vertex 7.470000E+01 2.825000E+01 1.400000E+00
      vertex 7.463367E+01 2.771388E+01 1.400000E+00
    endloop
  endfacet
  facet normal 0.000000E+00 -0.000000E+00 -1.000000E+00
    outer loop
      vertex 7.366685E+01 2.796987E+01 1.400000E+00
      vertex 7.463367E+01 2.771388E+01 1.400000E+00
      vertex 7.356921E+01 2.770521E+01 1.400000E+00
    endloop
  endfacet
  facet normal 0.000000E+00 0.000000E+00 -1.000000E+00
    outer loop
      vertex 7.268772E+01 2.706477E+01 1.400000E+00
      vertex 7.323359E+01 2.617591E+01 1.400000E+00
      vertex 7.270604E+01 2.605967E+01 1.400000E+00
    endloop
  endfacet
  facet normal 0.000000E+00 0.000000E+00 -1.000000E+00
    outer loop
      vertex 7.268772E+01 2.706477E+01 1.400000E+00
      vertex 7.295922E+01 2.714134E+01 1.400000E+00
      vertex 7.323359E+01 2.617591E+01 1.400000E+00
    endloop
  endfacet
  facet normal 0.000000E+00 0.000000E+00 -1.000000E+00
    outer loop
      vertex 7.039134E+01 2.762266E+01 1.400000E+00
      vertex 7.132306E+01 2.801589E+01 1.400000E+00
      vertex 7.139134E+01 2.779078E+01 1.400000E+00
    endloop
  endfacet
  facet normal 0.000000E+00 0.000000E+00 -1.000000E+00
    outer loop
      vertex 7.039134E+01 2.762266E+01 1.400000E+00
      vertex 7.139134E+01 2.779078E+01 1.400000E+00
      vertex 7.050373E+01 2.732539E+01 1.400000E+00
    endloop
  endfacet
  facet normal 0.000000E+00 -0.000000E+00 -1.000000E+00
    outer loop
      vertex 7.370000E+01 2.825000E+01 1.400000E+00
      vertex 7.470000E+01 2.825000E+01 1.400000E+00
      vertex 7.366685E+01 2.796987E+01 1.400000E+00
    endloop
  endfacet
  facet normal 0.000000E+00 -0.000000E+00 -1.000000E+00
    outer loop
      vertex 7.240585E+01 2.705370E+01 1.400000E+00
      vertex 7.270604E+01 2.605967E+01 1.400000E+00
      vertex 7.216607E+01 2.607549E+01 1.400000E+00
    endloop
  endfacet
  facet normal 0.000000E+00 0.000000E+00 -1.000000E+00
    outer loop
      vertex 7.240585E+01 2.705370E+01 1.400000E+00
      vertex 7.268772E+01 2.706477E+01 1.400000E+00
      vertex 7.270604E+01 2.605967E+01 1.400000E+00
    endloop
  endfacet
  facet normal 0.000000E+00 0.000000E+00 -1.000000E+00
    outer loop
      vertex 7.366513E+01 2.853718E+01 1.400000E+00
      vertex 7.463607E+01 2.877649E+01 1.400000E+00
      vertex 7.470000E+01 2.825000E+01 1.400000E+00
    endloop
  endfacet
  facet normal 0.000000E+00 0.000000E+00 -1.000000E+00
    outer loop
      vertex 7.366513E+01 2.853718E+01 1.400000E+00
      vertex 7.470000E+01 2.825000E+01 1.400000E+00
      vertex 7.370000E+01 2.825000E+01 1.400000E+00
    endloop
  endfacet
  facet normal 0.000000E+00 0.000000E+00 -1.000000E+00
    outer loop
      vertex 7.032295E+01 2.793302E+01 1.400000E+00
      vertex 7.130000E+01 2.825000E+01 1.400000E+00
      vertex 7.132306E+01 2.801589E+01 1.400000E+00
    endloop
  endfacet
  facet normal 0.000000E+00 0.000000E+00 -1.000000E+00
    outer loop
      vertex 7.032295E+01 2.793302E+01 1.400000E+00
      vertex 7.132306E+01 2.801589E+01 1.400000E+00
      vertex 7.039134E+01 2.762266E+01 1.400000E+00
    endloop
  endfacet
  facet normal 0.000000E+00 -0.000000E+00 -1.000000E+00
    outer loop
      vertex 7.212918E+01 2.710873E+01 1.400000E+00
      vertex 7.216607E+01 2.607549E+01 1.400000E+00
      vertex 7.164623E+01 2.622242E+01 1.400000E+00
    endloop
  endfacet
  facet normal 0.000000E+00 0.000000E+00 -1.000000E+00
    outer loop
      vertex 7.276518E+01 3.043396E+01 1.400000E+00
      vertex 7.328013E+01 3.030704E+01 1.400000E+00
      vertex 7.292553E+01 2.937202E+01 1.400000E+00
    endloop
  endfacet
  facet normal 0.000000E+00 0.000000E+00 -1.000000E+00
    outer loop
      vertex 7.212918E+01 2.710873E+01 1.400000E+00
      vertex 7.240585E+01 2.705370E+01 1.400000E+00
      vertex 7.216607E+01 2.607549E+01 1.400000E+00
    endloop
  endfacet
  facet normal 0.000000E+00 -0.000000E+00 -1.000000E+00
    outer loop
      vertex 7.276518E+01 3.043396E+01 1.400000E+00
      vertex 7.292553E+01 2.937202E+01 1.400000E+00
      vertex 7.264465E+01 2.944125E+01 1.400000E+00
    endloop
  endfacet
  facet normal 0.000000E+00 0.000000E+00 -1.000000E+00
    outer loop
      vertex 7.356255E+01 2.880767E+01 1.400000E+00
      vertex 7.444801E+01 2.927239E+01 1.400000E+00
      vertex 7.463607E+01 2.877649E+01 1.400000E+00
    endloop
  endfacet
  facet normal 0.000000E+00 0.000000E+00 -1.000000E+00
    outer loop
      vertex 7.356255E+01 2.880767E+01 1.400000E+00
      vertex 7.463607E+01 2.877649E+01 1.400000E+00
      vertex 7.366513E+01 2.853718E+01 1.400000E+00
    endloop
  endfacet
  facet normal 0.000000E+00 0.000000E+00 -1.000000E+00
    outer loop
      vertex 7.030000E+01 2.825000E+01 1.400000E+00
      vertex 7.130000E+01 2.825000E+01 1.400000E+00
      vertex 7.032295E+01 2.793302E+01 1.400000E+00
    endloop
  endfacet
  facet normal 0.000000E+00 0.000000E+00 -1.000000E+00
    outer loop
      vertex 7.223482E+01 3.043396E+01 1.400000E+00
      vertex 7.264465E+01 2.944125E+01 1.400000E+00
      vertex 7.235535E+01 2.944125E+01 1.400000E+00
    endloop
  endfacet
  facet normal 0.000000E+00 0.000000E+00 -1.000000E+00
    outer loop
      vertex 7.223482E+01 3.043396E+01 1.400000E+00
      vertex 7.276518E+01 3.043396E+01 1.400000E+00
      vertex 7.264465E+01 2.944125E+01 1.400000E+00
    endloop
  endfacet
  facet normal 0.000000E+00 0.000000E+00 -1.000000E+00
    outer loop
      vertex 7.187300E+01 2.722683E+01 1.400000E+00
      vertex 7.164623E+01 2.622242E+01 1.400000E+00
      vertex 7.117787E+01 2.649160E+01 1.400000E+00
    endloop
  endfacet
  facet normal 0.000000E+00 0.000000E+00 -1.000000E+00
    outer loop
      vertex 7.036393E+01 2.877649E+01 1.400000E+00
      vertex 7.133487E+01 2.853718E+01 1.400000E+00
      vertex 7.130000E+01 2.825000E+01 1.400000E+00
    endloop
  endfacet
  facet normal 0.000000E+00 -0.000000E+00 -1.000000E+00
    outer loop
      vertex 7.187300E+01 2.722683E+01 1.400000E+00
      vertex 7.212918E+01 2.710873E+01 1.400000E+00
      vertex 7.164623E+01 2.622242E+01 1.400000E+00
    endloop
  endfacet
  facet normal 0.000000E+00 0.000000E+00 -1.000000E+00
    outer loop
      vertex 7.339822E+01 2.904575E+01 1.400000E+00
      vertex 7.444801E+01 2.927239E+01 1.400000E+00
      vertex 7.356255E+01 2.880767E+01 1.400000E+00
    endloop
  endfacet
  facet normal 0.000000E+00 -0.000000E+00 -1.000000E+00
    outer loop
      vertex 7.036393E+01 2.877649E+01 1.400000E+00
      vertex 7.130000E+01 2.825000E+01 1.400000E+00
      vertex 7.030000E+01 2.825000E+01 1.400000E+00
    endloop
  endfacet
  facet normal 0.000000E+00 0.000000E+00 -1.000000E+00
    outer loop
      vertex 7.171987E+01 3.030704E+01 1.400000E+00
      vertex 7.235535E+01 2.944125E+01 1.400000E+00
      vertex 7.207447E+01 2.937202E+01 1.400000E+00
    endloop
  endfacet
  facet normal 0.000000E+00 0.000000E+00 -1.000000E+00
    outer loop
      vertex 7.171987E+01 3.030704E+01 1.400000E+00
      vertex 7.223482E+01 3.043396E+01 1.400000E+00
      vertex 7.235535E+01 2.944125E+01 1.400000E+00
    endloop
  endfacet
  facet normal 0.000000E+00 0.000000E+00 -1.000000E+00
    outer loop
      vertex 7.339822E+01 2.904575E+01 1.400000E+00
      vertex 7.414672E+01 2.970887E+01 1.400000E+00
      vertex 7.444801E+01 2.927239E+01 1.400000E+00
    endloop
  endfacet
  facet normal 0.000000E+00 0.000000E+00 -1.000000E+00
    outer loop
      vertex 7.055199E+01 2.927239E+01 1.400000E+00
      vertex 7.143745E+01 2.880767E+01 1.400000E+00
      vertex 7.133487E+01 2.853718E+01 1.400000E+00
    endloop
  endfacet
  facet normal 0.000000E+00 -0.000000E+00 -1.000000E+00
    outer loop
      vertex 7.055199E+01 2.927239E+01 1.400000E+00
      vertex 7.133487E+01 2.853718E+01 1.400000E+00
      vertex 7.036393E+01 2.877649E+01 1.400000E+00
    endloop
  endfacet
  facet normal 0.000000E+00 -0.000000E+00 -1.000000E+00
    outer loop
      vertex 7.165147E+01 2.740147E+01 1.400000E+00
      vertex 7.187300E+01 2.722683E+01 1.400000E+00
      vertex 7.117787E+01 2.649160E+01 1.400000E+00
    endloop
  endfacet
  facet normal 0.000000E+00 0.000000E+00 -1.000000E+00
    outer loop
      vertex 7.125026E+01 3.006056E+01 1.400000E+00
      vertex 7.207447E+01 2.937202E+01 1.400000E+00
      vertex 7.181832E+01 2.923758E+01 1.400000E+00
    endloop
  endfacet
  facet normal 0.000000E+00 0.000000E+00 -1.000000E+00
    outer loop
      vertex 7.125026E+01 3.006056E+01 1.400000E+00
      vertex 7.171987E+01 3.030704E+01 1.400000E+00
      vertex 7.207447E+01 2.937202E+01 1.400000E+00
    endloop
  endfacet
  facet normal 0.000000E+00 0.000000E+00 -1.000000E+00
    outer loop
      vertex 7.085328E+01 2.970887E+01 1.400000E+00
      vertex 7.160178E+01 2.904575E+01 1.400000E+00
      vertex 7.143745E+01 2.880767E+01 1.400000E+00
    endloop
  endfacet
  facet normal 0.000000E+00 0.000000E+00 -1.000000E+00
    outer loop
      vertex 7.085328E+01 2.970887E+01 1.400000E+00
      vertex 7.181832E+01 2.923758E+01 1.400000E+00
      vertex 7.160178E+01 2.904575E+01 1.400000E+00
    endloop
  endfacet
  facet normal 0.000000E+00 0.000000E+00 -1.000000E+00
    outer loop
      vertex 7.085328E+01 2.970887E+01 1.400000E+00
      vertex 7.125026E+01 3.006056E+01 1.400000E+00
      vertex 7.181832E+01 2.923758E+01 1.400000E+00
    endloop
  endfacet
  facet normal 0.000000E+00 -0.000000E+00 -1.000000E+00
    outer loop
      vertex 7.085328E+01 2.970887E+01 1.400000E+00
      vertex 7.143745E+01 2.880767E+01 1.400000E+00
      vertex 7.055199E+01 2.927239E+01 1.400000E+00
    endloop
  endfacet
  facet normal 0.000000E+00 0.000000E+00 -1.000000E+00
    outer loop
      vertex 7.078922E+01 2.686680E+01 1.400000E+00
      vertex 7.165147E+01 2.740147E+01 1.400000E+00
      vertex 7.117787E+01 2.649160E+01 1.400000E+00
    endloop
  endfacet
  facet normal -9.927086E-01 -1.205381E-01 -0.000000E+00
    outer loop
      vertex -2.230000E+01 2.825000E+01 3.000000E+00
      vertex -2.233487E+01 2.853718E+01 3.000000E+00
      vertex -2.230000E+01 2.825000E+01 1.400000E+00
    endloop
  endfacet
  facet normal -9.927086E-01 -1.205381E-01 0.000000E+00
    outer loop
      vertex -2.230000E+01 2.825000E+01 1.400000E+00
      vertex -2.233487E+01 2.853718E+01 3.000000E+00
      vertex -2.233487E+01 2.853718E+01 1.400000E+00
    endloop
  endfacet
  facet normal -9.350170E-01 -3.546030E-01 0.000000E+00
    outer loop
      vertex -2.233487E+01 2.853718E+01 1.400000E+00
      vertex -2.243745E+01 2.880767E+01 3.000000E+00
      vertex -2.243745E+01 2.880767E+01 1.400000E+00
    endloop
  endfacet
  facet normal -9.350170E-01 -3.546030E-01 -0.000000E+00
    outer loop
      vertex -2.233487E+01 2.853718E+01 3.000000E+00
      vertex -2.243745E+01 2.880767E+01 3.000000E+00
      vertex -2.233487E+01 2.853718E+01 1.400000E+00
    endloop
  endfacet
  facet normal -8.229820E-01 -5.680674E-01 0.000000E+00
    outer loop
      vertex -2.243745E+01 2.880767E+01 1.400000E+00
      vertex -2.260179E+01 2.904575E+01 3.000000E+00
      vertex -2.260179E+01 2.904575E+01 1.400000E+00
    endloop
  endfacet
  facet normal -8.229820E-01 -5.680674E-01 -0.000000E+00
    outer loop
      vertex -2.243745E+01 2.880767E+01 3.000000E+00
      vertex -2.260179E+01 2.904575E+01 3.000000E+00
      vertex -2.243745E+01 2.880767E+01 1.400000E+00
    endloop
  endfacet
  facet normal -6.631221E-01 -7.485112E-01 0.000000E+00
    outer loop
      vertex -2.260179E+01 2.904575E+01 1.400000E+00
      vertex -2.281832E+01 2.923758E+01 3.000000E+00
      vertex -2.281832E+01 2.923758E+01 1.400000E+00
    endloop
  endfacet
  facet normal -6.631221E-01 -7.485112E-01 -0.000000E+00
    outer loop
      vertex -2.260179E+01 2.904575E+01 3.000000E+00
      vertex -2.281832E+01 2.923758E+01 3.000000E+00
      vertex -2.260179E+01 2.904575E+01 1.400000E+00
    endloop
  endfacet
  facet normal -4.647205E-01 -8.854574E-01 0.000000E+00
    outer loop
      vertex -2.281832E+01 2.923758E+01 1.400000E+00
      vertex -2.307447E+01 2.937202E+01 3.000000E+00
      vertex -2.307447E+01 2.937202E+01 1.400000E+00
    endloop
  endfacet
  facet normal -4.647205E-01 -8.854574E-01 -0.000000E+00
    outer loop
      vertex -2.281832E+01 2.923758E+01 3.000000E+00
      vertex -2.307447E+01 2.937202E+01 3.000000E+00
      vertex -2.281832E+01 2.923758E+01 1.400000E+00
    endloop
  endfacet
  facet normal -2.393152E-01 -9.709419E-01 0.000000E+00
    outer loop
      vertex -2.307447E+01 2.937202E+01 1.400000E+00
      vertex -2.335536E+01 2.944125E+01 3.000000E+00
      vertex -2.335536E+01 2.944125E+01 1.400000E+00
    endloop
  endfacet
  facet normal -2.393152E-01 -9.709419E-01 -0.000000E+00
    outer loop
      vertex -2.307447E+01 2.937202E+01 3.000000E+00
      vertex -2.335536E+01 2.944125E+01 3.000000E+00
      vertex -2.307447E+01 2.937202E+01 1.400000E+00
    endloop
  endfacet
  facet normal 0.000000E+00 -1.000000E+00 0.000000E+00
    outer loop
      vertex -2.335536E+01 2.944125E+01 1.400000E+00
      vertex -2.364464E+01 2.944125E+01 3.000000E+00
      vertex -2.364464E+01 2.944125E+01 1.400000E+00
    endloop
  endfacet
  facet normal -0.000000E+00 -1.000000E+00 -0.000000E+00
    outer loop
      vertex -2.335536E+01 2.944125E+01 3.000000E+00
      vertex -2.364464E+01 2.944125E+01 3.000000E+00
      vertex -2.335536E+01 2.944125E+01 1.400000E+00
    endloop
  endfacet
  facet normal 2.393152E-01 -9.709419E-01 0.000000E+00
    outer loop
      vertex -2.364464E+01 2.944125E+01 1.400000E+00
      vertex -2.392553E+01 2.937202E+01 3.000000E+00
      vertex -2.392553E+01 2.937202E+01 1.400000E+00
    endloop
  endfacet
  facet normal 2.393152E-01 -9.709419E-01 0.000000E+00
    outer loop
      vertex -2.364464E+01 2.944125E+01 3.000000E+00
      vertex -2.392553E+01 2.937202E+01 3.000000E+00
      vertex -2.364464E+01 2.944125E+01 1.400000E+00
    endloop
  endfacet
  facet normal 4.647205E-01 -8.854574E-01 0.000000E+00
    outer loop
      vertex -2.392553E+01 2.937202E+01 1.400000E+00
      vertex -2.418168E+01 2.923758E+01 3.000000E+00
      vertex -2.418168E+01 2.923758E+01 1.400000E+00
    endloop
  endfacet
  facet normal 4.647205E-01 -8.854574E-01 0.000000E+00
    outer loop
      vertex -2.392553E+01 2.937202E+01 3.000000E+00
      vertex -2.418168E+01 2.923758E+01 3.000000E+00
      vertex -2.392553E+01 2.937202E+01 1.400000E+00
    endloop
  endfacet
  facet normal 6.631221E-01 -7.485112E-01 0.000000E+00
    outer loop
      vertex -2.418168E+01 2.923758E+01 1.400000E+00
      vertex -2.439821E+01 2.904575E+01 3.000000E+00
      vertex -2.439821E+01 2.904575E+01 1.400000E+00
    endloop
  endfacet
  facet normal 6.631221E-01 -7.485112E-01 0.000000E+00
    outer loop
      vertex -2.418168E+01 2.923758E+01 3.000000E+00
      vertex -2.439821E+01 2.904575E+01 3.000000E+00
      vertex -2.418168E+01 2.923758E+01 1.400000E+00
    endloop
  endfacet
  facet normal 8.229820E-01 -5.680674E-01 0.000000E+00
    outer loop
      vertex -2.439821E+01 2.904575E+01 1.400000E+00
      vertex -2.456255E+01 2.880767E+01 3.000000E+00
      vertex -2.456255E+01 2.880767E+01 1.400000E+00
    endloop
  endfacet
  facet normal 8.229820E-01 -5.680674E-01 0.000000E+00
    outer loop
      vertex -2.439821E+01 2.904575E+01 3.000000E+00
      vertex -2.456255E+01 2.880767E+01 3.000000E+00
      vertex -2.439821E+01 2.904575E+01 1.400000E+00
    endloop
  endfacet
  facet normal 9.350170E-01 -3.546030E-01 0.000000E+00
    outer loop
      vertex -2.456255E+01 2.880767E+01 1.400000E+00
      vertex -2.466513E+01 2.853718E+01 3.000000E+00
      vertex -2.466513E+01 2.853718E+01 1.400000E+00
    endloop
  endfacet
  facet normal 9.350170E-01 -3.546030E-01 0.000000E+00
    outer loop
      vertex -2.456255E+01 2.880767E+01 3.000000E+00
      vertex -2.466513E+01 2.853718E+01 3.000000E+00
      vertex -2.456255E+01 2.880767E+01 1.400000E+00
    endloop
  endfacet
  facet normal 9.927086E-01 -1.205381E-01 0.000000E+00
    outer loop
      vertex -2.466513E+01 2.853718E+01 1.400000E+00
      vertex -2.470000E+01 2.825000E+01 3.000000E+00
      vertex -2.470000E+01 2.825000E+01 1.400000E+00
    endloop
  endfacet
  facet normal 9.927086E-01 -1.205381E-01 0.000000E+00
    outer loop
      vertex -2.466513E+01 2.853718E+01 3.000000E+00
      vertex -2.470000E+01 2.825000E+01 3.000000E+00
      vertex -2.466513E+01 2.853718E+01 1.400000E+00
    endloop
  endfacet
  facet normal -9.927102E-01 -1.205251E-01 -0.000000E+00
    outer loop
      vertex 7.370000E+01 2.825000E+01 3.000000E+00
      vertex 7.366513E+01 2.853718E+01 3.000000E+00
      vertex 7.370000E+01 2.825000E+01 1.400000E+00
    endloop
  endfacet
  facet normal -9.927102E-01 -1.205251E-01 0.000000E+00
    outer loop
      vertex 7.370000E+01 2.825000E+01 1.400000E+00
      vertex 7.366513E+01 2.853718E+01 3.000000E+00
      vertex 7.366513E+01 2.853718E+01 1.400000E+00
    endloop
  endfacet
  facet normal -9.350148E-01 -3.546087E-01 0.000000E+00
    outer loop
      vertex 7.366513E+01 2.853718E+01 1.400000E+00
      vertex 7.356255E+01 2.880767E+01 3.000000E+00
      vertex 7.356255E+01 2.880767E+01 1.400000E+00
    endloop
  endfacet
  facet normal -9.350148E-01 -3.546087E-01 -0.000000E+00
    outer loop
      vertex 7.366513E+01 2.853718E+01 3.000000E+00
      vertex 7.356255E+01 2.880767E+01 3.000000E+00
      vertex 7.366513E+01 2.853718E+01 1.400000E+00
    endloop
  endfacet
  facet normal -8.229913E-01 -5.680540E-01 0.000000E+00
    outer loop
      vertex 7.356255E+01 2.880767E+01 1.400000E+00
      vertex 7.339822E+01 2.904575E+01 3.000000E+00
      vertex 7.339822E+01 2.904575E+01 1.400000E+00
    endloop
  endfacet
  facet normal -8.229913E-01 -5.680540E-01 -0.000000E+00
    outer loop
      vertex 7.356255E+01 2.880767E+01 3.000000E+00
      vertex 7.339822E+01 2.904575E+01 3.000000E+00
      vertex 7.356255E+01 2.880767E+01 1.400000E+00
    endloop
  endfacet
  facet normal -6.631189E-01 -7.485141E-01 0.000000E+00
    outer loop
      vertex 7.339822E+01 2.904575E+01 1.400000E+00
      vertex 7.318168E+01 2.923758E+01 3.000000E+00
      vertex 7.318168E+01 2.923758E+01 1.400000E+00
    endloop
  endfacet
  facet normal -6.631189E-01 -7.485141E-01 -0.000000E+00
    outer loop
      vertex 7.339822E+01 2.904575E+01 3.000000E+00
      vertex 7.318168E+01 2.923758E+01 3.000000E+00
      vertex 7.339822E+01 2.904575E+01 1.400000E+00
    endloop
  endfacet
  facet normal -4.647233E-01 -8.854560E-01 0.000000E+00
    outer loop
      vertex 7.318168E+01 2.923758E+01 1.400000E+00
      vertex 7.292553E+01 2.937202E+01 3.000000E+00
      vertex 7.292553E+01 2.937202E+01 1.400000E+00
    endloop
  endfacet
  facet normal -4.647233E-01 -8.854560E-01 -0.000000E+00
    outer loop
      vertex 7.318168E+01 2.923758E+01 3.000000E+00
      vertex 7.292553E+01 2.937202E+01 3.000000E+00
      vertex 7.318168E+01 2.923758E+01 1.400000E+00
    endloop
  endfacet
  facet normal -2.393137E-01 -9.709423E-01 0.000000E+00
    outer loop
      vertex 7.292553E+01 2.937202E+01 1.400000E+00
      vertex 7.264465E+01 2.944125E+01 3.000000E+00
      vertex 7.264465E+01 2.944125E+01 1.400000E+00
    endloop
  endfacet
  facet normal -2.393137E-01 -9.709423E-01 -0.000000E+00
    outer loop
      vertex 7.292553E+01 2.937202E+01 3.000000E+00
      vertex 7.264465E+01 2.944125E+01 3.000000E+00
      vertex 7.292553E+01 2.937202E+01 1.400000E+00
    endloop
  endfacet
  facet normal 0.000000E+00 -1.000000E+00 0.000000E+00
    outer loop
      vertex 7.264465E+01 2.944125E+01 1.400000E+00
      vertex 7.235535E+01 2.944125E+01 3.000000E+00
      vertex 7.235535E+01 2.944125E+01 1.400000E+00
    endloop
  endfacet
  facet normal -0.000000E+00 -1.000000E+00 -0.000000E+00
    outer loop
      vertex 7.264465E+01 2.944125E+01 3.000000E+00
      vertex 7.235535E+01 2.944125E+01 3.000000E+00
      vertex 7.264465E+01 2.944125E+01 1.400000E+00
    endloop
  endfacet
  facet normal 2.393137E-01 -9.709423E-01 0.000000E+00
    outer loop
      vertex 7.235535E+01 2.944125E+01 1.400000E+00
      vertex 7.207447E+01 2.937202E+01 3.000000E+00
      vertex 7.207447E+01 2.937202E+01 1.400000E+00
    endloop
  endfacet
  facet normal 2.393137E-01 -9.709423E-01 0.000000E+00
    outer loop
      vertex 7.235535E+01 2.944125E+01 3.000000E+00
      vertex 7.207447E+01 2.937202E+01 3.000000E+00
      vertex 7.235535E+01 2.944125E+01 1.400000E+00
    endloop
  endfacet
  facet normal 4.647233E-01 -8.854560E-01 0.000000E+00
    outer loop
      vertex 7.207447E+01 2.937202E+01 1.400000E+00
      vertex 7.181832E+01 2.923758E+01 3.000000E+00
      vertex 7.181832E+01 2.923758E+01 1.400000E+00
    endloop
  endfacet
  facet normal 4.647233E-01 -8.854560E-01 0.000000E+00
    outer loop
      vertex 7.207447E+01 2.937202E+01 3.000000E+00
      vertex 7.181832E+01 2.923758E+01 3.000000E+00
      vertex 7.207447E+01 2.937202E+01 1.400000E+00
    endloop
  endfacet
  facet normal 6.631189E-01 -7.485141E-01 0.000000E+00
    outer loop
      vertex 7.181832E+01 2.923758E+01 1.400000E+00
      vertex 7.160178E+01 2.904575E+01 3.000000E+00
      vertex 7.160178E+01 2.904575E+01 1.400000E+00
    endloop
  endfacet
  facet normal 6.631189E-01 -7.485141E-01 0.000000E+00
    outer loop
      vertex 7.181832E+01 2.923758E+01 3.000000E+00
      vertex 7.160178E+01 2.904575E+01 3.000000E+00
      vertex 7.181832E+01 2.923758E+01 1.400000E+00
    endloop
  endfacet
  facet normal 8.229913E-01 -5.680540E-01 0.000000E+00
    outer loop
      vertex 7.160178E+01 2.904575E+01 1.400000E+00
      vertex 7.143745E+01 2.880767E+01 3.000000E+00
      vertex 7.143745E+01 2.880767E+01 1.400000E+00
    endloop
  endfacet
  facet normal 8.229913E-01 -5.680540E-01 0.000000E+00
    outer loop
      vertex 7.160178E+01 2.904575E+01 3.000000E+00
      vertex 7.143745E+01 2.880767E+01 3.000000E+00
      vertex 7.160178E+01 2.904575E+01 1.400000E+00
    endloop
  endfacet
  facet normal 9.350148E-01 -3.546087E-01 0.000000E+00
    outer loop
      vertex 7.143745E+01 2.880767E+01 1.400000E+00
      vertex 7.133487E+01 2.853718E+01 3.000000E+00
      vertex 7.133487E+01 2.853718E+01 1.400000E+00
    endloop
  endfacet
  facet normal 9.350148E-01 -3.546087E-01 0.000000E+00
    outer loop
      vertex 7.143745E+01 2.880767E+01 3.000000E+00
      vertex 7.133487E+01 2.853718E+01 3.000000E+00
      vertex 7.143745E+01 2.880767E+01 1.400000E+00
    endloop
  endfacet
  facet normal 9.927102E-01 -1.205251E-01 0.000000E+00
    outer loop
      vertex 7.133487E+01 2.853718E+01 1.400000E+00
      vertex 7.130000E+01 2.825000E+01 3.000000E+00
      vertex 7.130000E+01 2.825000E+01 1.400000E+00
    endloop
  endfacet
  facet normal 9.927102E-01 -1.205251E-01 0.000000E+00
    outer loop
      vertex 7.133487E+01 2.853718E+01 3.000000E+00
      vertex 7.130000E+01 2.825000E+01 3.000000E+00
      vertex 7.133487E+01 2.853718E+01 1.400000E+00
    endloop
  endfacet
  facet normal 0.000000E+00 0.000000E+00 1.000000E+00
    outer loop
      vertex 7.130000E+01 2.825000E+01 3.000000E+00
      vertex -3.436337E+00 1.149698E+01 3.000000E+00
      vertex -3.198062E+00 1.111777E+01 3.000000E+00
    endloop
  endfacet
  facet normal 0.000000E+00 0.000000E+00 1.000000E+00
    outer loop
      vertex 7.268772E+01 2.706477E+01 3.000000E+00
      vertex 7.494235E+01 7.874496E+00 3.000000E+00
      vertex 7.650000E+01 8.050000E+00 3.000000E+00
    endloop
  endfacet
  facet normal 0.000000E+00 0.000000E+00 1.000000E+00
    outer loop
      vertex -4.540000E+01 -6.750000E+00 3.000000E+00
      vertex -4.850000E+01 -1.125000E+01 3.000000E+00
      vertex -4.650000E+01 -1.325000E+01 3.000000E+00
    endloop
  endfacet
  facet normal 0.000000E+00 0.000000E+00 1.000000E+00
    outer loop
      vertex 7.268772E+01 2.706477E+01 3.000000E+00
      vertex 7.240585E+01 2.705370E+01 3.000000E+00
      vertex 7.494235E+01 7.874496E+00 3.000000E+00
    endloop
  endfacet
  facet normal 0.000000E+00 0.000000E+00 1.000000E+00
    outer loop
      vertex -4.240000E+01 -6.750000E+00 3.000000E+00
      vertex -4.540000E+01 -6.750000E+00 3.000000E+00
      vertex -4.650000E+01 -1.325000E+01 3.000000E+00
    endloop
  endfacet
  facet normal 0.000000E+00 0.000000E+00 1.000000E+00
    outer loop
      vertex 7.133487E+01 2.853718E+01 3.000000E+00
      vertex -3.436337E+00 1.149698E+01 3.000000E+00
      vertex 7.130000E+01 2.825000E+01 3.000000E+00
    endloop
  endfacet
  facet normal 0.000000E+00 0.000000E+00 1.000000E+00
    outer loop
      vertex -3.890916E+01 -8.267449E+00 3.000000E+00
      vertex -4.240000E+01 -6.750000E+00 3.000000E+00
      vertex -4.650000E+01 -1.325000E+01 3.000000E+00
    endloop
  endfacet
  facet normal 0.000000E+00 0.000000E+00 1.000000E+00
    outer loop
      vertex 7.133487E+01 2.853718E+01 3.000000E+00
      vertex -3.753020E+00 1.181366E+01 3.000000E+00
      vertex -3.436337E+00 1.149698E+01 3.000000E+00
    endloop
  endfacet
  facet normal 0.000000E+00 0.000000E+00 1.000000E+00
    outer loop
      vertex -3.811745E+01 -9.059157E+00 3.000000E+00
      vertex -3.890916E+01 -8.267449E+00 3.000000E+00
      vertex -4.650000E+01 -1.325000E+01 3.000000E+00
    endloop
  endfacet
  facet normal 0.000000E+00 0.000000E+00 1.000000E+00
    outer loop
      vertex -3.716942E+01 -9.654844E+00 3.000000E+00
      vertex -3.811745E+01 -9.059157E+00 3.000000E+00
      vertex -4.650000E+01 -1.325000E+01 3.000000E+00
    endloop
  endfacet
  facet normal 0.000000E+00 0.000000E+00 1.000000E+00
    outer loop
      vertex -3.950484E+01 -7.319419E+00 3.000000E+00
      vertex -4.240000E+01 -6.750000E+00 3.000000E+00
      vertex -3.890916E+01 -8.267449E+00 3.000000E+00
    endloop
  endfacet
  facet normal 0.000000E+00 0.000000E+00 1.000000E+00
    outer loop
      vertex 7.295922E+01 2.714134E+01 3.000000E+00
      vertex 7.268772E+01 2.706477E+01 3.000000E+00
      vertex 7.650000E+01 8.050000E+00 3.000000E+00
    endloop
  endfacet
  facet normal 0.000000E+00 0.000000E+00 1.000000E+00
    outer loop
      vertex -3.611261E+01 -1.002464E+01 3.000000E+00
      vertex -3.716942E+01 -9.654844E+00 3.000000E+00
      vertex -4.650000E+01 -1.325000E+01 3.000000E+00
    endloop
  endfacet
  facet normal 0.000000E+00 0.000000E+00 1.000000E+00
    outer loop
      vertex -3.987464E+01 -6.262605E+00 3.000000E+00
      vertex -4.240000E+01 -6.750000E+00 3.000000E+00
      vertex -3.950484E+01 -7.319419E+00 3.000000E+00
    endloop
  endfacet
  facet normal 0.000000E+00 0.000000E+00 1.000000E+00
    outer loop
      vertex 7.143745E+01 2.880767E+01 3.000000E+00
      vertex -3.753020E+00 1.181366E+01 3.000000E+00
      vertex 7.133487E+01 2.853718E+01 3.000000E+00
    endloop
  endfacet
  facet normal 0.000000E+00 0.000000E+00 1.000000E+00
    outer loop
      vertex 7.143745E+01 2.880767E+01 3.000000E+00
      vertex -4.132232E+00 1.205194E+01 3.000000E+00
      vertex -3.753020E+00 1.181366E+01 3.000000E+00
    endloop
  endfacet
  facet normal 0.000000E+00 0.000000E+00 1.000000E+00
    outer loop
      vertex -4.000000E+01 -5.150000E+00 3.000000E+00
      vertex -4.240000E+01 -6.750000E+00 3.000000E+00
      vertex -3.987464E+01 -6.262605E+00 3.000000E+00
    endloop
  endfacet
  facet normal 0.000000E+00 0.000000E+00 1.000000E+00
    outer loop
      vertex 7.320535E+01 2.727918E+01 3.000000E+00
      vertex 7.650000E+01 8.050000E+00 3.000000E+00
      vertex 7.805765E+01 7.874496E+00 3.000000E+00
    endloop
  endfacet
  facet normal 0.000000E+00 0.000000E+00 1.000000E+00
    outer loop
      vertex -3.500000E+01 -1.015000E+01 3.000000E+00
      vertex -3.611261E+01 -1.002464E+01 3.000000E+00
      vertex -4.650000E+01 -1.325000E+01 3.000000E+00
    endloop
  endfacet
  facet normal 0.000000E+00 0.000000E+00 1.000000E+00
    outer loop
      vertex 7.320535E+01 2.727918E+01 3.000000E+00
      vertex 7.295922E+01 2.714134E+01 3.000000E+00
      vertex 7.650000E+01 8.050000E+00 3.000000E+00
    endloop
  endfacet
  facet normal 0.000000E+00 0.000000E+00 1.000000E+00
    outer loop
      vertex 7.160178E+01 2.904575E+01 3.000000E+00
      vertex -2.260179E+01 2.904575E+01 3.000000E+00
      vertex -4.132232E+00 1.205194E+01 3.000000E+00
    endloop
  endfacet
  facet normal 0.000000E+00 0.000000E+00 1.000000E+00
    outer loop
      vertex 7.160178E+01 2.904575E+01 3.000000E+00
      vertex -4.132232E+00 1.205194E+01 3.000000E+00
      vertex 7.143745E+01 2.880767E+01 3.000000E+00
    endloop
  endfacet
  facet normal 0.000000E+00 0.000000E+00 1.000000E+00
    outer loop
      vertex 7.181832E+01 2.923758E+01 3.000000E+00
      vertex -2.260179E+01 2.904575E+01 3.000000E+00
      vertex 7.160178E+01 2.904575E+01 3.000000E+00
    endloop
  endfacet
  facet normal 0.000000E+00 0.000000E+00 1.000000E+00
    outer loop
      vertex 7.181832E+01 2.923758E+01 3.000000E+00
      vertex -2.281832E+01 2.923758E+01 3.000000E+00
      vertex -2.260179E+01 2.904575E+01 3.000000E+00
    endloop
  endfacet
  facet normal 0.000000E+00 0.000000E+00 1.000000E+00
    outer loop
      vertex -4.850000E+01 3.175000E+01 3.000000E+00
      vertex -4.850000E+01 -1.125000E+01 3.000000E+00
      vertex -4.540000E+01 -6.750000E+00 3.000000E+00
    endloop
  endfacet
  facet normal 0.000000E+00 0.000000E+00 1.000000E+00
    outer loop
      vertex -3.000000E+00 -1.015000E+01 3.000000E+00
      vertex -3.500000E+01 -1.015000E+01 3.000000E+00
      vertex -4.650000E+01 -1.325000E+01 3.000000E+00
    endloop
  endfacet
  facet normal 0.000000E+00 0.000000E+00 1.000000E+00
    outer loop
      vertex -4.240000E+01 2.975000E+01 3.000000E+00
      vertex -4.850000E+01 3.175000E+01 3.000000E+00
      vertex -4.540000E+01 2.975000E+01 3.000000E+00
    endloop
  endfacet
  facet normal 0.000000E+00 0.000000E+00 1.000000E+00
    outer loop
      vertex -4.240000E+01 2.975000E+01 3.000000E+00
      vertex -3.811745E+01 1.125916E+01 3.000000E+00
      vertex -3.716942E+01 1.185484E+01 3.000000E+00
    endloop
  endfacet
  facet normal 0.000000E+00 0.000000E+00 1.000000E+00
    outer loop
      vertex -4.240000E+01 2.975000E+01 3.000000E+00
      vertex -3.716942E+01 1.185484E+01 3.000000E+00
      vertex -3.611261E+01 1.222464E+01 3.000000E+00
    endloop
  endfacet
  facet normal 0.000000E+00 0.000000E+00 1.000000E+00
    outer loop
      vertex -4.240000E+01 2.975000E+01 3.000000E+00
      vertex -3.611261E+01 1.222464E+01 3.000000E+00
      vertex -3.500000E+01 1.235000E+01 3.000000E+00
    endloop
  endfacet
  facet normal 0.000000E+00 0.000000E+00 1.000000E+00
    outer loop
      vertex 9.010178E+01 2.395425E+01 3.000000E+00
      vertex 7.805765E+01 7.874496E+00 3.000000E+00
      vertex 7.953719E+01 7.356782E+00 3.000000E+00
    endloop
  endfacet
  facet normal 0.000000E+00 0.000000E+00 1.000000E+00
    outer loop
      vertex -2.449776E+01 2.758331E+01 3.000000E+00
      vertex -3.500000E+01 1.235000E+01 3.000000E+00
      vertex -2.434853E+01 2.740147E+01 3.000000E+00
    endloop
  endfacet
  facet normal 0.000000E+00 0.000000E+00 1.000000E+00
    outer loop
      vertex -2.412700E+01 2.722683E+01 3.000000E+00
      vertex -2.434853E+01 2.740147E+01 3.000000E+00
      vertex -3.500000E+01 1.235000E+01 3.000000E+00
    endloop
  endfacet
  facet normal 0.000000E+00 0.000000E+00 1.000000E+00
    outer loop
      vertex -2.460866E+01 2.779078E+01 3.000000E+00
      vertex -4.240000E+01 2.975000E+01 3.000000E+00
      vertex -3.500000E+01 1.235000E+01 3.000000E+00
    endloop
  endfacet
  facet normal 0.000000E+00 0.000000E+00 1.000000E+00
    outer loop
      vertex -2.460866E+01 2.779078E+01 3.000000E+00
      vertex -3.500000E+01 1.235000E+01 3.000000E+00
      vertex -2.449776E+01 2.758331E+01 3.000000E+00
    endloop
  endfacet
  facet normal 0.000000E+00 0.000000E+00 1.000000E+00
    outer loop
      vertex -2.387082E+01 2.710873E+01 3.000000E+00
      vertex -2.412700E+01 2.722683E+01 3.000000E+00
      vertex -3.500000E+01 1.235000E+01 3.000000E+00
    endloop
  endfacet
  facet normal 0.000000E+00 0.000000E+00 1.000000E+00
    outer loop
      vertex 9.031832E+01 2.376242E+01 3.000000E+00
      vertex 7.953719E+01 7.356782E+00 3.000000E+00
      vertex 8.086443E+01 6.522820E+00 3.000000E+00
    endloop
  endfacet
  facet normal 0.000000E+00 0.000000E+00 1.000000E+00
    outer loop
      vertex -2.467694E+01 2.801589E+01 3.000000E+00
      vertex -4.240000E+01 2.975000E+01 3.000000E+00
      vertex -2.460866E+01 2.779078E+01 3.000000E+00
    endloop
  endfacet
  facet normal 0.000000E+00 0.000000E+00 1.000000E+00
    outer loop
      vertex 9.031832E+01 2.376242E+01 3.000000E+00
      vertex 9.010178E+01 2.395425E+01 3.000000E+00
      vertex 7.953719E+01 7.356782E+00 3.000000E+00
    endloop
  endfacet
  facet normal 0.000000E+00 0.000000E+00 1.000000E+00
    outer loop
      vertex -2.359415E+01 2.705370E+01 3.000000E+00
      vertex -3.500000E+01 1.235000E+01 3.000000E+00
      vertex -1.128180E+01 1.235000E+01 3.000000E+00
    endloop
  endfacet
  facet normal 0.000000E+00 0.000000E+00 1.000000E+00
    outer loop
      vertex -2.359415E+01 2.705370E+01 3.000000E+00
      vertex -2.387082E+01 2.710873E+01 3.000000E+00
      vertex -3.500000E+01 1.235000E+01 3.000000E+00
    endloop
  endfacet
  facet normal 0.000000E+00 0.000000E+00 1.000000E+00
    outer loop
      vertex 8.993745E+01 2.419233E+01 3.000000E+00
      vertex 7.341249E+01 2.747066E+01 3.000000E+00
      vertex 7.320535E+01 2.727918E+01 3.000000E+00
    endloop
  endfacet
  facet normal 0.000000E+00 0.000000E+00 1.000000E+00
    outer loop
      vertex 8.993745E+01 2.419233E+01 3.000000E+00
      vertex 7.320535E+01 2.727918E+01 3.000000E+00
      vertex 7.805765E+01 7.874496E+00 3.000000E+00
    endloop
  endfacet
  facet normal 0.000000E+00 0.000000E+00 1.000000E+00
    outer loop
      vertex 8.993745E+01 2.419233E+01 3.000000E+00
      vertex 7.805765E+01 7.874496E+00 3.000000E+00
      vertex 9.010178E+01 2.395425E+01 3.000000E+00
    endloop
  endfacet
  facet normal 0.000000E+00 0.000000E+00 1.000000E+00
    outer loop
      vertex -2.470000E+01 2.825000E+01 3.000000E+00
      vertex -4.240000E+01 2.975000E+01 3.000000E+00
      vertex -2.467694E+01 2.801589E+01 3.000000E+00
    endloop
  endfacet
  facet normal 0.000000E+00 0.000000E+00 1.000000E+00
    outer loop
      vertex 9.057447E+01 2.362798E+01 3.000000E+00
      vertex 9.031832E+01 2.376242E+01 3.000000E+00
      vertex 8.086443E+01 6.522820E+00 3.000000E+00
    endloop
  endfacet
  facet normal 0.000000E+00 0.000000E+00 1.000000E+00
    outer loop
      vertex -2.331228E+01 2.706477E+01 3.000000E+00
      vertex -2.359415E+01 2.705370E+01 3.000000E+00
      vertex -1.128180E+01 1.235000E+01 3.000000E+00
    endloop
  endfacet
  facet normal 0.000000E+00 0.000000E+00 1.000000E+00
    outer loop
      vertex 8.983487E+01 2.446282E+01 3.000000E+00
      vertex 7.341249E+01 2.747066E+01 3.000000E+00
      vertex 8.993745E+01 2.419233E+01 3.000000E+00
    endloop
  endfacet
  facet normal 0.000000E+00 0.000000E+00 1.000000E+00
    outer loop
      vertex -2.466513E+01 2.853718E+01 3.000000E+00
      vertex -4.240000E+01 2.975000E+01 3.000000E+00
      vertex -2.470000E+01 2.825000E+01 3.000000E+00
    endloop
  endfacet
  facet normal 0.000000E+00 0.000000E+00 1.000000E+00
    outer loop
      vertex -2.304078E+01 2.714134E+01 3.000000E+00
      vertex -2.331228E+01 2.706477E+01 3.000000E+00
      vertex -1.128180E+01 1.235000E+01 3.000000E+00
    endloop
  endfacet
  facet normal 0.000000E+00 0.000000E+00 1.000000E+00
    outer loop
      vertex 8.983487E+01 2.446282E+01 3.000000E+00
      vertex 7.356921E+01 2.770521E+01 3.000000E+00
      vertex 7.341249E+01 2.747066E+01 3.000000E+00
    endloop
  endfacet
  facet normal 0.000000E+00 0.000000E+00 1.000000E+00
    outer loop
      vertex 9.085535E+01 2.355875E+01 3.000000E+00
      vertex 8.086443E+01 6.522820E+00 3.000000E+00
      vertex 8.197282E+01 5.414429E+00 3.000000E+00
    endloop
  endfacet
  facet normal 0.000000E+00 0.000000E+00 1.000000E+00
    outer loop
      vertex -2.456255E+01 2.880767E+01 3.000000E+00
      vertex -4.240000E+01 2.975000E+01 3.000000E+00
      vertex -2.466513E+01 2.853718E+01 3.000000E+00
    endloop
  endfacet
  facet normal 0.000000E+00 0.000000E+00 1.000000E+00
    outer loop
      vertex -2.279466E+01 2.727918E+01 3.000000E+00
      vertex -1.128180E+01 1.235000E+01 3.000000E+00
      vertex -1.065139E+01 1.296080E+01 3.000000E+00
    endloop
  endfacet
  facet normal 0.000000E+00 0.000000E+00 1.000000E+00
    outer loop
      vertex -2.279466E+01 2.727918E+01 3.000000E+00
      vertex -2.304078E+01 2.714134E+01 3.000000E+00
      vertex -1.128180E+01 1.235000E+01 3.000000E+00
    endloop
  endfacet
  facet normal 0.000000E+00 0.000000E+00 1.000000E+00
    outer loop
      vertex 9.085535E+01 2.355875E+01 3.000000E+00
      vertex 9.057447E+01 2.362798E+01 3.000000E+00
      vertex 8.086443E+01 6.522820E+00 3.000000E+00
    endloop
  endfacet
  facet normal 0.000000E+00 0.000000E+00 1.000000E+00
    outer loop
      vertex 8.980000E+01 2.475000E+01 3.000000E+00
      vertex 7.366685E+01 2.796987E+01 3.000000E+00
      vertex 7.356921E+01 2.770521E+01 3.000000E+00
    endloop
  endfacet
  facet normal 0.000000E+00 0.000000E+00 1.000000E+00
    outer loop
      vertex 8.980000E+01 2.475000E+01 3.000000E+00
      vertex 7.356921E+01 2.770521E+01 3.000000E+00
      vertex 8.983487E+01 2.446282E+01 3.000000E+00
    endloop
  endfacet
  facet normal 0.000000E+00 0.000000E+00 1.000000E+00
    outer loop
      vertex -2.439821E+01 2.904575E+01 3.000000E+00
      vertex -4.240000E+01 2.975000E+01 3.000000E+00
      vertex -2.456255E+01 2.880767E+01 3.000000E+00
    endloop
  endfacet
  facet normal 0.000000E+00 0.000000E+00 1.000000E+00
    outer loop
      vertex -2.258751E+01 2.747066E+01 3.000000E+00
      vertex -1.065139E+01 1.296080E+01 3.000000E+00
      vertex -9.902939E+00 1.341939E+01 3.000000E+00
    endloop
  endfacet
  facet normal 0.000000E+00 0.000000E+00 1.000000E+00
    outer loop
      vertex 9.114465E+01 2.355875E+01 3.000000E+00
      vertex 8.197282E+01 5.414429E+00 3.000000E+00
      vertex 8.280679E+01 4.087186E+00 3.000000E+00
    endloop
  endfacet
  facet normal 0.000000E+00 0.000000E+00 1.000000E+00
    outer loop
      vertex 9.114465E+01 2.355875E+01 3.000000E+00
      vertex 8.280679E+01 4.087186E+00 3.000000E+00
      vertex 9.114465E+01 -1.058749E+00 3.000000E+00
    endloop
  endfacet
  facet normal 0.000000E+00 0.000000E+00 1.000000E+00
    outer loop
      vertex 9.114465E+01 2.355875E+01 3.000000E+00
      vertex 9.114465E+01 -1.058749E+00 3.000000E+00
      vertex 9.142553E+01 -1.127980E+00 3.000000E+00
    endloop
  endfacet
  facet normal 0.000000E+00 0.000000E+00 1.000000E+00
    outer loop
      vertex -2.258751E+01 2.747066E+01 3.000000E+00
      vertex -2.279466E+01 2.727918E+01 3.000000E+00
      vertex -1.065139E+01 1.296080E+01 3.000000E+00
    endloop
  endfacet
  facet normal 0.000000E+00 0.000000E+00 1.000000E+00
    outer loop
      vertex 9.114465E+01 2.355875E+01 3.000000E+00
      vertex 9.085535E+01 2.355875E+01 3.000000E+00
      vertex 8.197282E+01 5.414429E+00 3.000000E+00
    endloop
  endfacet
  facet normal 0.000000E+00 0.000000E+00 1.000000E+00
    outer loop
      vertex 8.983487E+01 2.503718E+01 3.000000E+00
      vertex 7.370000E+01 2.825000E+01 3.000000E+00
      vertex 7.366685E+01 2.796987E+01 3.000000E+00
    endloop
  endfacet
  facet normal 0.000000E+00 0.000000E+00 1.000000E+00
    outer loop
      vertex -2.418168E+01 2.923758E+01 3.000000E+00
      vertex -4.240000E+01 2.975000E+01 3.000000E+00
      vertex -2.439821E+01 2.904575E+01 3.000000E+00
    endloop
  endfacet
  facet normal 0.000000E+00 0.000000E+00 1.000000E+00
    outer loop
      vertex -2.243079E+01 2.770521E+01 3.000000E+00
      vertex -9.902939E+00 1.341939E+01 3.000000E+00
      vertex -9.072476E+00 1.370369E+01 3.000000E+00
    endloop
  endfacet
  facet normal 0.000000E+00 0.000000E+00 1.000000E+00
    outer loop
      vertex 8.983487E+01 2.503718E+01 3.000000E+00
      vertex 7.366685E+01 2.796987E+01 3.000000E+00
      vertex 8.980000E+01 2.475000E+01 3.000000E+00
    endloop
  endfacet
  facet normal 0.000000E+00 0.000000E+00 1.000000E+00
    outer loop
      vertex -2.243079E+01 2.770521E+01 3.000000E+00
      vertex -2.258751E+01 2.747066E+01 3.000000E+00
      vertex -9.902939E+00 1.341939E+01 3.000000E+00
    endloop
  endfacet
  facet normal 0.000000E+00 0.000000E+00 1.000000E+00
    outer loop
      vertex 9.142553E+01 2.362798E+01 3.000000E+00
      vertex 9.114465E+01 2.355875E+01 3.000000E+00
      vertex 9.142553E+01 -1.127980E+00 3.000000E+00
    endloop
  endfacet
  facet normal 0.000000E+00 0.000000E+00 1.000000E+00
    outer loop
      vertex -2.392553E+01 2.937202E+01 3.000000E+00
      vertex -4.240000E+01 2.975000E+01 3.000000E+00
      vertex -2.418168E+01 2.923758E+01 3.000000E+00
    endloop
  endfacet
  facet normal 0.000000E+00 0.000000E+00 1.000000E+00
    outer loop
      vertex 8.993745E+01 2.530767E+01 3.000000E+00
      vertex 7.366513E+01 2.853718E+01 3.000000E+00
      vertex 7.370000E+01 2.825000E+01 3.000000E+00
    endloop
  endfacet
  facet normal 0.000000E+00 0.000000E+00 1.000000E+00
    outer loop
      vertex 8.993745E+01 2.530767E+01 3.000000E+00
      vertex 7.370000E+01 2.825000E+01 3.000000E+00
      vertex 8.983487E+01 2.503718E+01 3.000000E+00
    endloop
  endfacet
  facet normal 0.000000E+00 0.000000E+00 1.000000E+00
    outer loop
      vertex -2.233316E+01 2.796987E+01 3.000000E+00
      vertex -9.072476E+00 1.370369E+01 3.000000E+00
      vertex -8.200000E+00 1.380000E+01 3.000000E+00
    endloop
  endfacet
  facet normal 0.000000E+00 0.000000E+00 1.000000E+00
    outer loop
      vertex -2.233316E+01 2.796987E+01 3.000000E+00
      vertex -2.243079E+01 2.770521E+01 3.000000E+00
      vertex -9.072476E+00 1.370369E+01 3.000000E+00
    endloop
  endfacet
  facet normal 0.000000E+00 0.000000E+00 1.000000E+00
    outer loop
      vertex 9.168168E+01 2.376242E+01 3.000000E+00
      vertex 9.168168E+01 -1.262419E+00 3.000000E+00
      vertex 9.750000E+01 -3.250000E+00 3.000000E+00
    endloop
  endfacet
  facet normal 0.000000E+00 0.000000E+00 1.000000E+00
    outer loop
      vertex 9.168168E+01 2.376242E+01 3.000000E+00
      vertex 9.142553E+01 -1.127980E+00 3.000000E+00
      vertex 9.168168E+01 -1.262419E+00 3.000000E+00
    endloop
  endfacet
  facet normal 0.000000E+00 0.000000E+00 1.000000E+00
    outer loop
      vertex -2.364464E+01 2.944125E+01 3.000000E+00
      vertex -4.850000E+01 3.175000E+01 3.000000E+00
      vertex -4.240000E+01 2.975000E+01 3.000000E+00
    endloop
  endfacet
  facet normal 0.000000E+00 0.000000E+00 1.000000E+00
    outer loop
      vertex 9.168168E+01 2.376242E+01 3.000000E+00
      vertex 9.142553E+01 2.362798E+01 3.000000E+00
      vertex 9.142553E+01 -1.127980E+00 3.000000E+00
    endloop
  endfacet
  facet normal 0.000000E+00 0.000000E+00 1.000000E+00
    outer loop
      vertex -2.364464E+01 2.944125E+01 3.000000E+00
      vertex -4.240000E+01 2.975000E+01 3.000000E+00
      vertex -2.392553E+01 2.937202E+01 3.000000E+00
    endloop
  endfacet
  facet normal 0.000000E+00 0.000000E+00 1.000000E+00
    outer loop
      vertex 9.010178E+01 2.554575E+01 3.000000E+00
      vertex 7.366513E+01 2.853718E+01 3.000000E+00
      vertex 8.993745E+01 2.530767E+01 3.000000E+00
    endloop
  endfacet
  facet normal 0.000000E+00 0.000000E+00 1.000000E+00
    outer loop
      vertex -2.230000E+01 2.825000E+01 3.000000E+00
      vertex -2.233316E+01 2.796987E+01 3.000000E+00
      vertex -8.200000E+00 1.380000E+01 3.000000E+00
    endloop
  endfacet
  facet normal 0.000000E+00 0.000000E+00 1.000000E+00
    outer loop
      vertex 9.010178E+01 2.554575E+01 3.000000E+00
      vertex 7.356255E+01 2.880767E+01 3.000000E+00
      vertex 7.366513E+01 2.853718E+01 3.000000E+00
    endloop
  endfacet
  facet normal 0.000000E+00 0.000000E+00 1.000000E+00
    outer loop
      vertex 9.189822E+01 2.395425E+01 3.000000E+00
      vertex 9.168168E+01 2.376242E+01 3.000000E+00
      vertex 9.750000E+01 -3.250000E+00 3.000000E+00
    endloop
  endfacet
  facet normal 0.000000E+00 0.000000E+00 1.000000E+00
    outer loop
      vertex 9.031832E+01 2.573758E+01 3.000000E+00
      vertex 7.356255E+01 2.880767E+01 3.000000E+00
      vertex 9.010178E+01 2.554575E+01 3.000000E+00
    endloop
  endfacet
  facet normal 0.000000E+00 0.000000E+00 1.000000E+00
    outer loop
      vertex 9.031832E+01 2.573758E+01 3.000000E+00
      vertex 7.339822E+01 2.904575E+01 3.000000E+00
      vertex 7.356255E+01 2.880767E+01 3.000000E+00
    endloop
  endfacet
  facet normal 0.000000E+00 0.000000E+00 1.000000E+00
    outer loop
      vertex 9.206255E+01 2.419233E+01 3.000000E+00
      vertex 9.189822E+01 2.395425E+01 3.000000E+00
      vertex 9.750000E+01 -3.250000E+00 3.000000E+00
    endloop
  endfacet
  facet normal 0.000000E+00 0.000000E+00 1.000000E+00
    outer loop
      vertex -7.327523E+00 1.370369E+01 3.000000E+00
      vertex -2.233487E+01 2.853718E+01 3.000000E+00
      vertex -2.230000E+01 2.825000E+01 3.000000E+00
    endloop
  endfacet
  facet normal 0.000000E+00 0.000000E+00 1.000000E+00
    outer loop
      vertex -7.327523E+00 1.370369E+01 3.000000E+00
      vertex -2.230000E+01 2.825000E+01 3.000000E+00
      vertex -8.200000E+00 1.380000E+01 3.000000E+00
    endloop
  endfacet
  facet normal 0.000000E+00 0.000000E+00 1.000000E+00
    outer loop
      vertex 9.057447E+01 2.587202E+01 3.000000E+00
      vertex 7.339822E+01 2.904575E+01 3.000000E+00
      vertex 9.031832E+01 2.573758E+01 3.000000E+00
    endloop
  endfacet
  facet normal 0.000000E+00 0.000000E+00 1.000000E+00
    outer loop
      vertex -6.497061E+00 1.341939E+01 3.000000E+00
      vertex -2.233487E+01 2.853718E+01 3.000000E+00
      vertex -7.327523E+00 1.370369E+01 3.000000E+00
    endloop
  endfacet
  facet normal 0.000000E+00 0.000000E+00 1.000000E+00
    outer loop
      vertex -6.497061E+00 1.341939E+01 3.000000E+00
      vertex -2.243745E+01 2.880767E+01 3.000000E+00
      vertex -2.233487E+01 2.853718E+01 3.000000E+00
    endloop
  endfacet
  facet normal 0.000000E+00 0.000000E+00 1.000000E+00
    outer loop
      vertex -4.554958E+00 1.219986E+01 3.000000E+00
      vertex -5.748606E+00 1.296080E+01 3.000000E+00
      vertex -5.118198E+00 1.235000E+01 3.000000E+00
    endloop
  endfacet
  facet normal 0.000000E+00 0.000000E+00 1.000000E+00
    outer loop
      vertex -4.554958E+00 1.219986E+01 3.000000E+00
      vertex -5.118198E+00 1.235000E+01 3.000000E+00
      vertex -5.000000E+00 1.225000E+01 3.000000E+00
    endloop
  endfacet
  facet normal 0.000000E+00 0.000000E+00 1.000000E+00
    outer loop
      vertex -4.132232E+00 1.205194E+01 3.000000E+00
      vertex -2.243745E+01 2.880767E+01 3.000000E+00
      vertex -6.497061E+00 1.341939E+01 3.000000E+00
    endloop
  endfacet
  facet normal 0.000000E+00 0.000000E+00 1.000000E+00
    outer loop
      vertex -4.132232E+00 1.205194E+01 3.000000E+00
      vertex -6.497061E+00 1.341939E+01 3.000000E+00
      vertex -5.748606E+00 1.296080E+01 3.000000E+00
    endloop
  endfacet
  facet normal 0.000000E+00 0.000000E+00 1.000000E+00
    outer loop
      vertex -4.132232E+00 1.205194E+01 3.000000E+00
      vertex -2.260179E+01 2.904575E+01 3.000000E+00
      vertex -2.243745E+01 2.880767E+01 3.000000E+00
    endloop
  endfacet
  facet normal 0.000000E+00 0.000000E+00 1.000000E+00
    outer loop
      vertex -4.132232E+00 1.205194E+01 3.000000E+00
      vertex -5.748606E+00 1.296080E+01 3.000000E+00
      vertex -4.554958E+00 1.219986E+01 3.000000E+00
    endloop
  endfacet
  facet normal 0.000000E+00 0.000000E+00 1.000000E+00
    outer loop
      vertex 9.750000E+01 3.175000E+01 3.000000E+00
      vertex 9.216513E+01 2.503718E+01 3.000000E+00
      vertex 9.220000E+01 2.475000E+01 3.000000E+00
    endloop
  endfacet
  facet normal 0.000000E+00 0.000000E+00 1.000000E+00
    outer loop
      vertex 9.750000E+01 3.175000E+01 3.000000E+00
      vertex 7.339822E+01 2.904575E+01 3.000000E+00
      vertex 9.057447E+01 2.587202E+01 3.000000E+00
    endloop
  endfacet
  facet normal 0.000000E+00 0.000000E+00 1.000000E+00
    outer loop
      vertex 9.750000E+01 3.175000E+01 3.000000E+00
      vertex 7.264465E+01 2.944125E+01 3.000000E+00
      vertex 7.292553E+01 2.937202E+01 3.000000E+00
    endloop
  endfacet
  facet normal 0.000000E+00 0.000000E+00 1.000000E+00
    outer loop
      vertex 9.750000E+01 3.175000E+01 3.000000E+00
      vertex 7.292553E+01 2.937202E+01 3.000000E+00
      vertex 7.318168E+01 2.923758E+01 3.000000E+00
    endloop
  endfacet
  facet normal 0.000000E+00 0.000000E+00 1.000000E+00
    outer loop
      vertex 9.750000E+01 3.175000E+01 3.000000E+00
      vertex 7.318168E+01 2.923758E+01 3.000000E+00
      vertex 7.339822E+01 2.904575E+01 3.000000E+00
    endloop
  endfacet
  facet normal 0.000000E+00 0.000000E+00 1.000000E+00
    outer loop
      vertex 9.750000E+01 3.175000E+01 3.000000E+00
      vertex 9.220000E+01 2.475000E+01 3.000000E+00
      vertex 9.216513E+01 2.446282E+01 3.000000E+00
    endloop
  endfacet
  facet normal 0.000000E+00 0.000000E+00 1.000000E+00
    outer loop
      vertex 9.750000E+01 3.175000E+01 3.000000E+00
      vertex 9.206255E+01 2.419233E+01 3.000000E+00
      vertex 9.750000E+01 -3.250000E+00 3.000000E+00
    endloop
  endfacet
  facet normal 0.000000E+00 0.000000E+00 1.000000E+00
    outer loop
      vertex 9.750000E+01 3.175000E+01 3.000000E+00
      vertex 9.216513E+01 2.446282E+01 3.000000E+00
      vertex 9.206255E+01 2.419233E+01 3.000000E+00
    endloop
  endfacet
  facet normal 0.000000E+00 0.000000E+00 1.000000E+00
    outer loop
      vertex 9.750000E+01 3.175000E+01 3.000000E+00
      vertex 9.057447E+01 2.587202E+01 3.000000E+00
      vertex 9.085535E+01 2.594125E+01 3.000000E+00
    endloop
  endfacet
  facet normal 0.000000E+00 0.000000E+00 1.000000E+00
    outer loop
      vertex 9.750000E+01 3.175000E+01 3.000000E+00
      vertex 9.085535E+01 2.594125E+01 3.000000E+00
      vertex 9.114465E+01 2.594125E+01 3.000000E+00
    endloop
  endfacet
  facet normal 0.000000E+00 0.000000E+00 1.000000E+00
    outer loop
      vertex 9.750000E+01 3.175000E+01 3.000000E+00
      vertex 9.114465E+01 2.594125E+01 3.000000E+00
      vertex 9.142553E+01 2.587202E+01 3.000000E+00
    endloop
  endfacet
  facet normal 0.000000E+00 0.000000E+00 1.000000E+00
    outer loop
      vertex 9.750000E+01 3.175000E+01 3.000000E+00
      vertex 9.142553E+01 2.587202E+01 3.000000E+00
      vertex 9.168168E+01 2.573758E+01 3.000000E+00
    endloop
  endfacet
  facet normal 0.000000E+00 0.000000E+00 1.000000E+00
    outer loop
      vertex 9.750000E+01 3.175000E+01 3.000000E+00
      vertex 9.168168E+01 2.573758E+01 3.000000E+00
      vertex 9.189822E+01 2.554575E+01 3.000000E+00
    endloop
  endfacet
  facet normal 0.000000E+00 0.000000E+00 1.000000E+00
    outer loop
      vertex 9.750000E+01 3.175000E+01 3.000000E+00
      vertex 9.189822E+01 2.554575E+01 3.000000E+00
      vertex 9.206255E+01 2.530767E+01 3.000000E+00
    endloop
  endfacet
  facet normal 0.000000E+00 0.000000E+00 1.000000E+00
    outer loop
      vertex 9.750000E+01 3.175000E+01 3.000000E+00
      vertex 9.206255E+01 2.530767E+01 3.000000E+00
      vertex 9.216513E+01 2.503718E+01 3.000000E+00
    endloop
  endfacet
  facet normal 0.000000E+00 0.000000E+00 1.000000E+00
    outer loop
      vertex -3.000000E+00 -7.150000E+00 3.000000E+00
      vertex 8.000000E+01 -7.150000E+00 3.000000E+00
      vertex 7.650000E+01 -5.950000E+00 3.000000E+00
    endloop
  endfacet
  facet normal 0.000000E+00 0.000000E+00 1.000000E+00
    outer loop
      vertex -3.000000E+00 -7.150000E+00 3.000000E+00
      vertex 7.650000E+01 -5.950000E+00 3.000000E+00
      vertex 7.494235E+01 -5.774496E+00 3.000000E+00
    endloop
  endfacet
  facet normal 0.000000E+00 0.000000E+00 1.000000E+00
    outer loop
      vertex -3.000000E+00 -7.150000E+00 3.000000E+00
      vertex 7.494235E+01 -5.774496E+00 3.000000E+00
      vertex 7.346281E+01 -5.256782E+00 3.000000E+00
    endloop
  endfacet
  facet normal 0.000000E+00 0.000000E+00 1.000000E+00
    outer loop
      vertex -3.000000E+00 -7.150000E+00 3.000000E+00
      vertex 7.346281E+01 -5.256782E+00 3.000000E+00
      vertex 7.213557E+01 -4.422821E+00 3.000000E+00
    endloop
  endfacet
  facet normal 0.000000E+00 0.000000E+00 1.000000E+00
    outer loop
      vertex -3.000000E+00 -7.150000E+00 3.000000E+00
      vertex 7.213557E+01 -4.422821E+00 3.000000E+00
      vertex 7.102718E+01 -3.314429E+00 3.000000E+00
    endloop
  endfacet
  facet normal 0.000000E+00 0.000000E+00 1.000000E+00
    outer loop
      vertex -3.000000E+00 -7.150000E+00 3.000000E+00
      vertex 7.102718E+01 -3.314429E+00 3.000000E+00
      vertex 7.019321E+01 -1.987186E+00 3.000000E+00
    endloop
  endfacet
  facet normal 0.000000E+00 0.000000E+00 1.000000E+00
    outer loop
      vertex -3.000000E+00 -7.150000E+00 3.000000E+00
      vertex 7.019321E+01 -1.987186E+00 3.000000E+00
      vertex 6.967551E+01 -5.076466E-01 3.000000E+00
    endloop
  endfacet
  facet normal 0.000000E+00 0.000000E+00 1.000000E+00
    outer loop
      vertex 9.750000E+01 3.175000E+01 3.000000E+00
      vertex -4.850000E+01 3.175000E+01 3.000000E+00
      vertex 7.235535E+01 2.944125E+01 3.000000E+00
    endloop
  endfacet
  facet normal 0.000000E+00 0.000000E+00 1.000000E+00
    outer loop
      vertex 7.235535E+01 2.944125E+01 3.000000E+00
      vertex -4.850000E+01 3.175000E+01 3.000000E+00
      vertex 7.207447E+01 2.937202E+01 3.000000E+00
    endloop
  endfacet
  facet normal 0.000000E+00 0.000000E+00 1.000000E+00
    outer loop
      vertex 7.207447E+01 2.937202E+01 3.000000E+00
      vertex -4.850000E+01 3.175000E+01 3.000000E+00
      vertex 7.181832E+01 2.923758E+01 3.000000E+00
    endloop
  endfacet
  facet normal 0.000000E+00 0.000000E+00 1.000000E+00
    outer loop
      vertex 7.181832E+01 2.923758E+01 3.000000E+00
      vertex -4.850000E+01 3.175000E+01 3.000000E+00
      vertex -2.335536E+01 2.944125E+01 3.000000E+00
    endloop
  endfacet
  facet normal 0.000000E+00 0.000000E+00 1.000000E+00
    outer loop
      vertex -2.335536E+01 2.944125E+01 3.000000E+00
      vertex -4.850000E+01 3.175000E+01 3.000000E+00
      vertex -2.364464E+01 2.944125E+01 3.000000E+00
    endloop
  endfacet
  facet normal 0.000000E+00 0.000000E+00 1.000000E+00
    outer loop
      vertex 9.750000E+01 3.175000E+01 3.000000E+00
      vertex 7.235535E+01 2.944125E+01 3.000000E+00
      vertex 7.264465E+01 2.944125E+01 3.000000E+00
    endloop
  endfacet
  facet normal 0.000000E+00 0.000000E+00 1.000000E+00
    outer loop
      vertex 7.181832E+01 2.923758E+01 3.000000E+00
      vertex -2.335536E+01 2.944125E+01 3.000000E+00
      vertex -2.307447E+01 2.937202E+01 3.000000E+00
    endloop
  endfacet
  facet normal 0.000000E+00 0.000000E+00 1.000000E+00
    outer loop
      vertex 7.181832E+01 2.923758E+01 3.000000E+00
      vertex -2.307447E+01 2.937202E+01 3.000000E+00
      vertex -2.281832E+01 2.923758E+01 3.000000E+00
    endloop
  endfacet
  facet normal 0.000000E+00 -0.000000E+00 1.000000E+00
    outer loop
      vertex -4.540000E+01 -6.750000E+00 3.000000E+00
      vertex -4.540000E+01 2.975000E+01 3.000000E+00
      vertex -4.850000E+01 3.175000E+01 3.000000E+00
    endloop
  endfacet
  facet normal 0.000000E+00 0.000000E+00 1.000000E+00
    outer loop
      vertex -4.240000E+01 2.975000E+01 3.000000E+00
      vertex -4.240000E+01 -6.750000E+00 3.000000E+00
      vertex -4.000000E+01 -5.150000E+00 3.000000E+00
    endloop
  endfacet
  facet normal 0.000000E+00 0.000000E+00 1.000000E+00
    outer loop
      vertex -4.240000E+01 2.975000E+01 3.000000E+00
      vertex -4.000000E+01 -5.150000E+00 3.000000E+00
      vertex -4.000000E+01 7.350000E+00 3.000000E+00
    endloop
  endfacet
  facet normal 0.000000E+00 0.000000E+00 1.000000E+00
    outer loop
      vertex -4.240000E+01 2.975000E+01 3.000000E+00
      vertex -4.000000E+01 7.350000E+00 3.000000E+00
      vertex -3.987464E+01 8.462605E+00 3.000000E+00
    endloop
  endfacet
  facet normal 0.000000E+00 0.000000E+00 1.000000E+00
    outer loop
      vertex -4.240000E+01 2.975000E+01 3.000000E+00
      vertex -3.987464E+01 8.462605E+00 3.000000E+00
      vertex -3.950484E+01 9.519419E+00 3.000000E+00
    endloop
  endfacet
  facet normal 0.000000E+00 0.000000E+00 1.000000E+00
    outer loop
      vertex -4.240000E+01 2.975000E+01 3.000000E+00
      vertex -3.950484E+01 9.519419E+00 3.000000E+00
      vertex -3.890916E+01 1.046745E+01 3.000000E+00
    endloop
  endfacet
  facet normal 0.000000E+00 0.000000E+00 1.000000E+00
    outer loop
      vertex -4.240000E+01 2.975000E+01 3.000000E+00
      vertex -3.890916E+01 1.046745E+01 3.000000E+00
      vertex -3.811745E+01 1.125916E+01 3.000000E+00
    endloop
  endfacet
  facet normal 0.000000E+00 0.000000E+00 1.000000E+00
    outer loop
      vertex 6.950000E+01 1.050000E+00 3.000000E+00
      vertex -3.000000E+00 -7.150000E+00 3.000000E+00
      vertex 6.967551E+01 -5.076466E-01 3.000000E+00
    endloop
  endfacet
  facet normal 0.000000E+00 0.000000E+00 1.000000E+00
    outer loop
      vertex 6.950000E+01 1.050000E+00 3.000000E+00
      vertex -3.000000E+00 1.025000E+01 3.000000E+00
      vertex -3.000000E+00 -7.150000E+00 3.000000E+00
    endloop
  endfacet
  facet normal 0.000000E+00 0.000000E+00 1.000000E+00
    outer loop
      vertex 6.967551E+01 2.607646E+00 3.000000E+00
      vertex -3.000000E+00 1.025000E+01 3.000000E+00
      vertex 6.950000E+01 1.050000E+00 3.000000E+00
    endloop
  endfacet
  facet normal 0.000000E+00 0.000000E+00 1.000000E+00
    outer loop
      vertex 6.967551E+01 2.607646E+00 3.000000E+00
      vertex -3.050144E+00 1.069504E+01 3.000000E+00
      vertex -3.000000E+00 1.025000E+01 3.000000E+00
    endloop
  endfacet
  facet normal 0.000000E+00 0.000000E+00 1.000000E+00
    outer loop
      vertex 8.000000E+01 -7.150000E+00 3.000000E+00
      vertex 7.805765E+01 -5.774496E+00 3.000000E+00
      vertex 7.650000E+01 -5.950000E+00 3.000000E+00
    endloop
  endfacet
  facet normal 0.000000E+00 0.000000E+00 1.000000E+00
    outer loop
      vertex 8.750000E+01 -1.325000E+01 3.000000E+00
      vertex 8.000000E+01 -7.150000E+00 3.000000E+00
      vertex 8.000000E+01 -1.015000E+01 3.000000E+00
    endloop
  endfacet
  facet normal 0.000000E+00 0.000000E+00 1.000000E+00
    outer loop
      vertex 8.750000E+01 -1.325000E+01 3.000000E+00
      vertex 8.000000E+01 -1.015000E+01 3.000000E+00
      vertex -3.000000E+00 -1.015000E+01 3.000000E+00
    endloop
  endfacet
  facet normal 0.000000E+00 0.000000E+00 1.000000E+00
    outer loop
      vertex 8.750000E+01 -1.325000E+01 3.000000E+00
      vertex -3.000000E+00 -1.015000E+01 3.000000E+00
      vertex -4.650000E+01 -1.325000E+01 3.000000E+00
    endloop
  endfacet
  facet normal 0.000000E+00 0.000000E+00 1.000000E+00
    outer loop
      vertex 7.019321E+01 4.087186E+00 3.000000E+00
      vertex -3.050144E+00 1.069504E+01 3.000000E+00
      vertex 6.967551E+01 2.607646E+00 3.000000E+00
    endloop
  endfacet
  facet normal 0.000000E+00 0.000000E+00 1.000000E+00
    outer loop
      vertex 7.953719E+01 -5.256782E+00 3.000000E+00
      vertex 7.805765E+01 -5.774496E+00 3.000000E+00
      vertex 8.000000E+01 -7.150000E+00 3.000000E+00
    endloop
  endfacet
  facet normal 0.000000E+00 0.000000E+00 1.000000E+00
    outer loop
      vertex 8.086443E+01 -4.422821E+00 3.000000E+00
      vertex 7.953719E+01 -5.256782E+00 3.000000E+00
      vertex 8.000000E+01 -7.150000E+00 3.000000E+00
    endloop
  endfacet
  facet normal 0.000000E+00 0.000000E+00 1.000000E+00
    outer loop
      vertex 8.197282E+01 -3.314429E+00 3.000000E+00
      vertex 8.000000E+01 -7.150000E+00 3.000000E+00
      vertex 8.750000E+01 -1.325000E+01 3.000000E+00
    endloop
  endfacet
  facet normal 0.000000E+00 0.000000E+00 1.000000E+00
    outer loop
      vertex 8.197282E+01 -3.314429E+00 3.000000E+00
      vertex 8.086443E+01 -4.422821E+00 3.000000E+00
      vertex 8.000000E+01 -7.150000E+00 3.000000E+00
    endloop
  endfacet
  facet normal 0.000000E+00 0.000000E+00 1.000000E+00
    outer loop
      vertex 9.010178E+01 -3.045747E+00 3.000000E+00
      vertex 8.197282E+01 -3.314429E+00 3.000000E+00
      vertex 8.750000E+01 -1.325000E+01 3.000000E+00
    endloop
  endfacet
  facet normal 0.000000E+00 0.000000E+00 1.000000E+00
    outer loop
      vertex 9.031832E+01 -3.237581E+00 3.000000E+00
      vertex 9.010178E+01 -3.045747E+00 3.000000E+00
      vertex 8.750000E+01 -1.325000E+01 3.000000E+00
    endloop
  endfacet
  facet normal 0.000000E+00 0.000000E+00 1.000000E+00
    outer loop
      vertex 8.993745E+01 -2.807668E+00 3.000000E+00
      vertex 8.280679E+01 -1.987186E+00 3.000000E+00
      vertex 8.197282E+01 -3.314429E+00 3.000000E+00
    endloop
  endfacet
  facet normal 0.000000E+00 0.000000E+00 1.000000E+00
    outer loop
      vertex 8.993745E+01 -2.807668E+00 3.000000E+00
      vertex 8.197282E+01 -3.314429E+00 3.000000E+00
      vertex 9.010178E+01 -3.045747E+00 3.000000E+00
    endloop
  endfacet
  facet normal 0.000000E+00 0.000000E+00 1.000000E+00
    outer loop
      vertex 9.057447E+01 -3.372020E+00 3.000000E+00
      vertex 9.031832E+01 -3.237581E+00 3.000000E+00
      vertex 8.750000E+01 -1.325000E+01 3.000000E+00
    endloop
  endfacet
  facet normal 0.000000E+00 0.000000E+00 1.000000E+00
    outer loop
      vertex 8.983487E+01 -2.537179E+00 3.000000E+00
      vertex 8.280679E+01 -1.987186E+00 3.000000E+00
      vertex 8.993745E+01 -2.807668E+00 3.000000E+00
    endloop
  endfacet
  facet normal 0.000000E+00 0.000000E+00 1.000000E+00
    outer loop
      vertex 9.085535E+01 -3.441251E+00 3.000000E+00
      vertex 9.057447E+01 -3.372020E+00 3.000000E+00
      vertex 8.750000E+01 -1.325000E+01 3.000000E+00
    endloop
  endfacet
  facet normal 0.000000E+00 0.000000E+00 1.000000E+00
    outer loop
      vertex 8.980000E+01 -2.250000E+00 3.000000E+00
      vertex 8.332449E+01 -5.076466E-01 3.000000E+00
      vertex 8.280679E+01 -1.987186E+00 3.000000E+00
    endloop
  endfacet
  facet normal 0.000000E+00 0.000000E+00 1.000000E+00
    outer loop
      vertex 8.980000E+01 -2.250000E+00 3.000000E+00
      vertex 8.280679E+01 -1.987186E+00 3.000000E+00
      vertex 8.983487E+01 -2.537179E+00 3.000000E+00
    endloop
  endfacet
  facet normal 0.000000E+00 0.000000E+00 1.000000E+00
    outer loop
      vertex 9.114465E+01 -3.441251E+00 3.000000E+00
      vertex 9.085535E+01 -3.441251E+00 3.000000E+00
      vertex 8.750000E+01 -1.325000E+01 3.000000E+00
    endloop
  endfacet
  facet normal 0.000000E+00 0.000000E+00 1.000000E+00
    outer loop
      vertex 8.983487E+01 -1.962821E+00 3.000000E+00
      vertex 8.332449E+01 -5.076466E-01 3.000000E+00
      vertex 8.980000E+01 -2.250000E+00 3.000000E+00
    endloop
  endfacet
  facet normal 0.000000E+00 0.000000E+00 1.000000E+00
    outer loop
      vertex 9.142553E+01 -3.372020E+00 3.000000E+00
      vertex 9.114465E+01 -3.441251E+00 3.000000E+00
      vertex 8.750000E+01 -1.325000E+01 3.000000E+00
    endloop
  endfacet
  facet normal 0.000000E+00 0.000000E+00 1.000000E+00
    outer loop
      vertex 8.993745E+01 -1.692332E+00 3.000000E+00
      vertex 8.350000E+01 1.050000E+00 3.000000E+00
      vertex 8.332449E+01 -5.076466E-01 3.000000E+00
    endloop
  endfacet
  facet normal 0.000000E+00 0.000000E+00 1.000000E+00
    outer loop
      vertex 8.993745E+01 -1.692332E+00 3.000000E+00
      vertex 8.332449E+01 -5.076466E-01 3.000000E+00
      vertex 8.983487E+01 -1.962821E+00 3.000000E+00
    endloop
  endfacet
  facet normal 0.000000E+00 0.000000E+00 1.000000E+00
    outer loop
      vertex 9.010178E+01 -1.454253E+00 3.000000E+00
      vertex 8.350000E+01 1.050000E+00 3.000000E+00
      vertex 8.993745E+01 -1.692332E+00 3.000000E+00
    endloop
  endfacet
  facet normal 0.000000E+00 0.000000E+00 1.000000E+00
    outer loop
      vertex 9.031832E+01 -1.262419E+00 3.000000E+00
      vertex 8.332449E+01 2.607646E+00 3.000000E+00
      vertex 8.350000E+01 1.050000E+00 3.000000E+00
    endloop
  endfacet
  facet normal 0.000000E+00 0.000000E+00 1.000000E+00
    outer loop
      vertex 9.031832E+01 -1.262419E+00 3.000000E+00
      vertex 8.350000E+01 1.050000E+00 3.000000E+00
      vertex 9.010178E+01 -1.454253E+00 3.000000E+00
    endloop
  endfacet
  facet normal 0.000000E+00 0.000000E+00 1.000000E+00
    outer loop
      vertex 9.057447E+01 -1.127980E+00 3.000000E+00
      vertex 8.332449E+01 2.607646E+00 3.000000E+00
      vertex 9.031832E+01 -1.262419E+00 3.000000E+00
    endloop
  endfacet
  facet normal 0.000000E+00 0.000000E+00 1.000000E+00
    outer loop
      vertex 9.085535E+01 -1.058749E+00 3.000000E+00
      vertex 8.280679E+01 4.087186E+00 3.000000E+00
      vertex 8.332449E+01 2.607646E+00 3.000000E+00
    endloop
  endfacet
  facet normal 0.000000E+00 0.000000E+00 1.000000E+00
    outer loop
      vertex 9.085535E+01 -1.058749E+00 3.000000E+00
      vertex 8.332449E+01 2.607646E+00 3.000000E+00
      vertex 9.057447E+01 -1.127980E+00 3.000000E+00
    endloop
  endfacet
  facet normal 0.000000E+00 0.000000E+00 1.000000E+00
    outer loop
      vertex 9.114465E+01 -1.058749E+00 3.000000E+00
      vertex 8.280679E+01 4.087186E+00 3.000000E+00
      vertex 9.085535E+01 -1.058749E+00 3.000000E+00
    endloop
  endfacet
  facet normal 0.000000E+00 0.000000E+00 1.000000E+00
    outer loop
      vertex 9.750000E+01 -3.250000E+00 3.000000E+00
      vertex 9.220000E+01 -2.250000E+00 3.000000E+00
      vertex 9.216513E+01 -2.537179E+00 3.000000E+00
    endloop
  endfacet
  facet normal 0.000000E+00 0.000000E+00 1.000000E+00
    outer loop
      vertex 9.750000E+01 -3.250000E+00 3.000000E+00
      vertex 9.216513E+01 -2.537179E+00 3.000000E+00
      vertex 9.206255E+01 -2.807668E+00 3.000000E+00
    endloop
  endfacet
  facet normal 0.000000E+00 0.000000E+00 1.000000E+00
    outer loop
      vertex 9.750000E+01 -3.250000E+00 3.000000E+00
      vertex 9.206255E+01 -2.807668E+00 3.000000E+00
      vertex 9.189822E+01 -3.045747E+00 3.000000E+00
    endloop
  endfacet
  facet normal 0.000000E+00 0.000000E+00 1.000000E+00
    outer loop
      vertex 9.750000E+01 -3.250000E+00 3.000000E+00
      vertex 9.142553E+01 -3.372020E+00 3.000000E+00
      vertex 8.750000E+01 -1.325000E+01 3.000000E+00
    endloop
  endfacet
  facet normal 0.000000E+00 0.000000E+00 1.000000E+00
    outer loop
      vertex 9.750000E+01 -3.250000E+00 3.000000E+00
      vertex 9.189822E+01 -3.045747E+00 3.000000E+00
      vertex 9.168168E+01 -3.237581E+00 3.000000E+00
    endloop
  endfacet
  facet normal 0.000000E+00 0.000000E+00 1.000000E+00
    outer loop
      vertex 9.750000E+01 -3.250000E+00 3.000000E+00
      vertex 9.168168E+01 -3.237581E+00 3.000000E+00
      vertex 9.142553E+01 -3.372020E+00 3.000000E+00
    endloop
  endfacet
  facet normal 0.000000E+00 0.000000E+00 1.000000E+00
    outer loop
      vertex 9.750000E+01 -3.250000E+00 3.000000E+00
      vertex 9.168168E+01 -1.262419E+00 3.000000E+00
      vertex 9.189822E+01 -1.454253E+00 3.000000E+00
    endloop
  endfacet
  facet normal 0.000000E+00 0.000000E+00 1.000000E+00
    outer loop
      vertex 9.750000E+01 -3.250000E+00 3.000000E+00
      vertex 9.189822E+01 -1.454253E+00 3.000000E+00
      vertex 9.206255E+01 -1.692332E+00 3.000000E+00
    endloop
  endfacet
  facet normal 0.000000E+00 0.000000E+00 1.000000E+00
    outer loop
      vertex 9.750000E+01 -3.250000E+00 3.000000E+00
      vertex 9.206255E+01 -1.692332E+00 3.000000E+00
      vertex 9.216513E+01 -1.962821E+00 3.000000E+00
    endloop
  endfacet
  facet normal 0.000000E+00 0.000000E+00 1.000000E+00
    outer loop
      vertex 9.750000E+01 -3.250000E+00 3.000000E+00
      vertex 9.216513E+01 -1.962821E+00 3.000000E+00
      vertex 9.220000E+01 -2.250000E+00 3.000000E+00
    endloop
  endfacet
  facet normal 0.000000E+00 0.000000E+00 1.000000E+00
    outer loop
      vertex 7.165147E+01 2.740147E+01 3.000000E+00
      vertex 7.102718E+01 5.414429E+00 3.000000E+00
      vertex 7.213557E+01 6.522820E+00 3.000000E+00
    endloop
  endfacet
  facet normal 0.000000E+00 0.000000E+00 1.000000E+00
    outer loop
      vertex 7.150224E+01 2.758331E+01 3.000000E+00
      vertex 7.102718E+01 5.414429E+00 3.000000E+00
      vertex 7.165147E+01 2.740147E+01 3.000000E+00
    endloop
  endfacet
  facet normal 0.000000E+00 0.000000E+00 1.000000E+00
    outer loop
      vertex 7.187300E+01 2.722683E+01 3.000000E+00
      vertex 7.213557E+01 6.522820E+00 3.000000E+00
      vertex 7.346281E+01 7.356782E+00 3.000000E+00
    endloop
  endfacet
  facet normal 0.000000E+00 0.000000E+00 1.000000E+00
    outer loop
      vertex 7.187300E+01 2.722683E+01 3.000000E+00
      vertex 7.165147E+01 2.740147E+01 3.000000E+00
      vertex 7.213557E+01 6.522820E+00 3.000000E+00
    endloop
  endfacet
  facet normal 0.000000E+00 0.000000E+00 1.000000E+00
    outer loop
      vertex 7.139134E+01 2.779078E+01 3.000000E+00
      vertex 7.019321E+01 4.087186E+00 3.000000E+00
      vertex 7.102718E+01 5.414429E+00 3.000000E+00
    endloop
  endfacet
  facet normal 0.000000E+00 0.000000E+00 1.000000E+00
    outer loop
      vertex 7.139134E+01 2.779078E+01 3.000000E+00
      vertex 7.102718E+01 5.414429E+00 3.000000E+00
      vertex 7.150224E+01 2.758331E+01 3.000000E+00
    endloop
  endfacet
  facet normal 0.000000E+00 0.000000E+00 1.000000E+00
    outer loop
      vertex 7.212918E+01 2.710873E+01 3.000000E+00
      vertex 7.187300E+01 2.722683E+01 3.000000E+00
      vertex 7.346281E+01 7.356782E+00 3.000000E+00
    endloop
  endfacet
  facet normal 0.000000E+00 0.000000E+00 1.000000E+00
    outer loop
      vertex 7.132306E+01 2.801589E+01 3.000000E+00
      vertex -3.050144E+00 1.069504E+01 3.000000E+00
      vertex 7.019321E+01 4.087186E+00 3.000000E+00
    endloop
  endfacet
  facet normal 0.000000E+00 0.000000E+00 1.000000E+00
    outer loop
      vertex 7.132306E+01 2.801589E+01 3.000000E+00
      vertex 7.019321E+01 4.087186E+00 3.000000E+00
      vertex 7.139134E+01 2.779078E+01 3.000000E+00
    endloop
  endfacet
  facet normal 0.000000E+00 0.000000E+00 1.000000E+00
    outer loop
      vertex 7.132306E+01 2.801589E+01 3.000000E+00
      vertex -3.198062E+00 1.111777E+01 3.000000E+00
      vertex -3.050144E+00 1.069504E+01 3.000000E+00
    endloop
  endfacet
  facet normal 0.000000E+00 0.000000E+00 1.000000E+00
    outer loop
      vertex 7.240585E+01 2.705370E+01 3.000000E+00
      vertex 7.346281E+01 7.356782E+00 3.000000E+00
      vertex 7.494235E+01 7.874496E+00 3.000000E+00
    endloop
  endfacet
  facet normal 0.000000E+00 0.000000E+00 1.000000E+00
    outer loop
      vertex 7.240585E+01 2.705370E+01 3.000000E+00
      vertex 7.212918E+01 2.710873E+01 3.000000E+00
      vertex 7.346281E+01 7.356782E+00 3.000000E+00
    endloop
  endfacet
  facet normal 0.000000E+00 0.000000E+00 1.000000E+00
    outer loop
      vertex 7.130000E+01 2.825000E+01 3.000000E+00
      vertex -3.198062E+00 1.111777E+01 3.000000E+00
      vertex 7.132306E+01 2.801589E+01 3.000000E+00
    endloop
  endfacet
  facet normal -1.000000E+00 -0.000000E+00 0.000000E+00
    outer loop
      vertex -2.000000E+00 -7.150000E+00 7.000000E+00
      vertex -2.000000E+00 -1.015000E+01 5.000000E+00
      vertex -2.000000E+00 -1.015000E+01 7.000000E+00
    endloop
  endfacet
  facet normal -1.000000E+00 0.000000E+00 0.000000E+00
    outer loop
      vertex -2.000000E+00 -7.150000E+00 5.000000E+00
      vertex -2.000000E+00 -1.015000E+01 5.000000E+00
      vertex -2.000000E+00 -7.150000E+00 7.000000E+00
    endloop
  endfacet
  facet normal 0.000000E+00 0.000000E+00 1.000000E+00
    outer loop
      vertex 2.100000E+01 -1.015000E+01 7.000000E+00
      vertex -2.000000E+00 -7.150000E+00 7.000000E+00
      vertex -2.000000E+00 -1.015000E+01 7.000000E+00
    endloop
  endfacet
  facet normal 0.000000E+00 0.000000E+00 1.000000E+00
    outer loop
      vertex 2.100000E+01 -7.150000E+00 7.000000E+00
      vertex -2.000000E+00 -7.150000E+00 7.000000E+00
      vertex 2.100000E+01 -1.015000E+01 7.000000E+00
    endloop
  endfacet
  facet normal 0.000000E+00 -1.000000E+00 -0.000000E+00
    outer loop
      vertex 2.341473E+01 -1.015000E+01 1.194236E+01
      vertex 2.285195E+01 -1.015000E+01 1.177164E+01
      vertex 2.593745E+01 -1.015000E+01 8.057668E+00
    endloop
  endfacet
  facet normal -0.000000E+00 -1.000000E+00 0.000000E+00
    outer loop
      vertex -3.000000E+00 -1.015000E+01 5.000000E+00
      vertex -3.500000E+01 -1.015000E+01 5.000000E+00
      vertex -3.500000E+01 -1.015000E+01 3.000000E+00
    endloop
  endfacet
  facet normal 0.000000E+00 -1.000000E+00 -0.000000E+00
    outer loop
      vertex -3.000000E+00 -1.015000E+01 5.000000E+00
      vertex -3.500000E+01 -1.015000E+01 3.000000E+00
      vertex -3.000000E+00 -1.015000E+01 3.000000E+00
    endloop
  endfacet
  facet normal -0.000000E+00 -1.000000E+00 0.000000E+00
    outer loop
      vertex -2.000000E+00 -1.015000E+01 5.000000E+00
      vertex -3.000000E+00 -1.015000E+01 5.000000E+00
      vertex -3.000000E+00 -1.015000E+01 3.000000E+00
    endloop
  endfacet
  facet normal -0.000000E+00 -1.000000E+00 0.000000E+00
    outer loop
      vertex 2.100000E+01 -1.015000E+01 7.000000E+00
      vertex -2.000000E+00 -1.015000E+01 7.000000E+00
      vertex -2.000000E+00 -1.015000E+01 5.000000E+00
    endloop
  endfacet
  facet normal 0.000000E+00 -1.000000E+00 0.000000E+00
    outer loop
      vertex 2.100000E+01 -1.015000E+01 7.000000E+00
      vertex -2.000000E+00 -1.015000E+01 5.000000E+00
      vertex -3.000000E+00 -1.015000E+01 3.000000E+00
    endloop
  endfacet
  facet normal 0.000000E+00 -1.000000E+00 0.000000E+00
    outer loop
      vertex 2.400000E+01 -1.015000E+01 1.200000E+01
      vertex 2.593745E+01 -1.015000E+01 8.057668E+00
      vertex 2.610179E+01 -1.015000E+01 8.295747E+00
    endloop
  endfacet
  facet normal 0.000000E+00 -1.000000E+00 0.000000E+00
    outer loop
      vertex 2.400000E+01 -1.015000E+01 1.200000E+01
      vertex 2.610179E+01 -1.015000E+01 8.295747E+00
      vertex 2.631832E+01 -1.015000E+01 8.487580E+00
    endloop
  endfacet
  facet normal 0.000000E+00 -1.000000E+00 0.000000E+00
    outer loop
      vertex 2.400000E+01 -1.015000E+01 1.200000E+01
      vertex 2.631832E+01 -1.015000E+01 8.487580E+00
      vertex 2.657447E+01 -1.015000E+01 8.622020E+00
    endloop
  endfacet
  facet normal 0.000000E+00 -1.000000E+00 0.000000E+00
    outer loop
      vertex 2.400000E+01 -1.015000E+01 1.200000E+01
      vertex 2.657447E+01 -1.015000E+01 8.622020E+00
      vertex 2.685536E+01 -1.015000E+01 8.691251E+00
    endloop
  endfacet
  facet normal 0.000000E+00 -1.000000E+00 -0.000000E+00
    outer loop
      vertex 2.400000E+01 -1.015000E+01 1.200000E+01
      vertex 2.341473E+01 -1.015000E+01 1.194236E+01
      vertex 2.593745E+01 -1.015000E+01 8.057668E+00
    endloop
  endfacet
  facet normal -0.000000E+00 -1.000000E+00 -0.000000E+00
    outer loop
      vertex 2.600224E+01 -1.015000E+01 6.833316E+00
      vertex 2.100000E+01 -1.015000E+01 7.000000E+00
      vertex 2.615147E+01 -1.015000E+01 6.651472E+00
    endloop
  endfacet
  facet normal 0.000000E+00 -1.000000E+00 0.000000E+00
    outer loop
      vertex 3.300000E+01 -1.015000E+01 7.000000E+00
      vertex 2.816513E+01 -1.015000E+01 7.787179E+00
      vertex 2.820000E+01 -1.015000E+01 7.500000E+00
    endloop
  endfacet
  facet normal 0.000000E+00 -1.000000E+00 0.000000E+00
    outer loop
      vertex 3.300000E+01 -1.015000E+01 7.000000E+00
      vertex 2.820000E+01 -1.015000E+01 7.500000E+00
      vertex 2.816684E+01 -1.015000E+01 7.219866E+00
    endloop
  endfacet
  facet normal 0.000000E+00 -1.000000E+00 0.000000E+00
    outer loop
      vertex 2.637300E+01 -1.015000E+01 6.476832E+00
      vertex 2.615147E+01 -1.015000E+01 6.651472E+00
      vertex 2.100000E+01 -1.015000E+01 7.000000E+00
    endloop
  endfacet
  facet normal -0.000000E+00 -1.000000E+00 0.000000E+00
    outer loop
      vertex 3.300000E+01 -1.015000E+01 7.000000E+00
      vertex 2.816684E+01 -1.015000E+01 7.219866E+00
      vertex 2.806921E+01 -1.015000E+01 6.955211E+00
    endloop
  endfacet
  facet normal 0.000000E+00 -1.000000E+00 0.000000E+00
    outer loop
      vertex 3.300000E+01 -1.015000E+01 7.000000E+00
      vertex 2.806921E+01 -1.015000E+01 6.955211E+00
      vertex 2.791249E+01 -1.015000E+01 6.720662E+00
    endloop
  endfacet
  facet normal 0.000000E+00 -1.000000E+00 0.000000E+00
    outer loop
      vertex 3.300000E+01 -1.015000E+01 7.000000E+00
      vertex 2.791249E+01 -1.015000E+01 6.720662E+00
      vertex 2.770534E+01 -1.015000E+01 6.529180E+00
    endloop
  endfacet
  facet normal 0.000000E+00 -1.000000E+00 0.000000E+00
    outer loop
      vertex 3.300000E+01 -1.015000E+01 7.000000E+00
      vertex 2.770534E+01 -1.015000E+01 6.529180E+00
      vertex 2.745922E+01 -1.015000E+01 6.391345E+00
    endloop
  endfacet
  facet normal 0.000000E+00 -1.000000E+00 0.000000E+00
    outer loop
      vertex 3.300000E+01 -1.015000E+01 7.000000E+00
      vertex 2.745922E+01 -1.015000E+01 6.391345E+00
      vertex 2.718772E+01 -1.015000E+01 6.314774E+00
    endloop
  endfacet
  facet normal 0.000000E+00 -1.000000E+00 -0.000000E+00
    outer loop
      vertex 3.300000E+01 -1.015000E+01 9.000000E+00
      vertex 2.816513E+01 -1.015000E+01 7.787179E+00
      vertex 3.300000E+01 -1.015000E+01 7.000000E+00
    endloop
  endfacet
  facet normal 0.000000E+00 -1.000000E+00 -0.000000E+00
    outer loop
      vertex 2.589134E+01 -1.015000E+01 7.040780E+00
      vertex 2.100000E+01 -1.015000E+01 7.000000E+00
      vertex 2.600224E+01 -1.015000E+01 6.833316E+00
    endloop
  endfacet
  facet normal 0.000000E+00 -1.000000E+00 0.000000E+00
    outer loop
      vertex 3.300000E+01 -1.015000E+01 9.000000E+00
      vertex 2.806255E+01 -1.015000E+01 8.057668E+00
      vertex 2.816513E+01 -1.015000E+01 7.787179E+00
    endloop
  endfacet
  facet normal 0.000000E+00 -1.000000E+00 0.000000E+00
    outer loop
      vertex 2.662918E+01 -1.015000E+01 6.358732E+00
      vertex 2.637300E+01 -1.015000E+01 6.476832E+00
      vertex 2.100000E+01 -1.015000E+01 7.000000E+00
    endloop
  endfacet
  facet normal -0.000000E+00 -1.000000E+00 0.000000E+00
    outer loop
      vertex 3.000000E+01 -1.015000E+01 1.200000E+01
      vertex 2.400000E+01 -1.015000E+01 1.200000E+01
      vertex 2.685536E+01 -1.015000E+01 8.691251E+00
    endloop
  endfacet
  facet normal 0.000000E+00 -1.000000E+00 0.000000E+00
    outer loop
      vertex 3.000000E+01 -1.015000E+01 1.200000E+01
      vertex 2.685536E+01 -1.015000E+01 8.691251E+00
      vertex 2.714464E+01 -1.015000E+01 8.691251E+00
    endloop
  endfacet
  facet normal 0.000000E+00 -1.000000E+00 0.000000E+00
    outer loop
      vertex 3.000000E+01 -1.015000E+01 1.200000E+01
      vertex 2.714464E+01 -1.015000E+01 8.691251E+00
      vertex 2.742553E+01 -1.015000E+01 8.622020E+00
    endloop
  endfacet
  facet normal 0.000000E+00 -1.000000E+00 0.000000E+00
    outer loop
      vertex 3.000000E+01 -1.015000E+01 1.200000E+01
      vertex 2.742553E+01 -1.015000E+01 8.622020E+00
      vertex 2.768168E+01 -1.015000E+01 8.487580E+00
    endloop
  endfacet
  facet normal 0.000000E+00 -1.000000E+00 0.000000E+00
    outer loop
      vertex 3.000000E+01 -1.015000E+01 1.200000E+01
      vertex 2.768168E+01 -1.015000E+01 8.487580E+00
      vertex 2.789821E+01 -1.015000E+01 8.295747E+00
    endloop
  endfacet
  facet normal 0.000000E+00 -1.000000E+00 0.000000E+00
    outer loop
      vertex 3.000000E+01 -1.015000E+01 1.200000E+01
      vertex 2.789821E+01 -1.015000E+01 8.295747E+00
      vertex 2.806255E+01 -1.015000E+01 8.057668E+00
    endloop
  endfacet
  facet normal -0.000000E+00 -1.000000E+00 0.000000E+00
    outer loop
      vertex 3.058527E+01 -1.015000E+01 1.194236E+01
      vertex 3.000000E+01 -1.015000E+01 1.200000E+01
      vertex 2.806255E+01 -1.015000E+01 8.057668E+00
    endloop
  endfacet
  facet normal 0.000000E+00 -1.000000E+00 -0.000000E+00
    outer loop
      vertex 3.294236E+01 -1.015000E+01 9.585271E+00
      vertex 2.806255E+01 -1.015000E+01 8.057668E+00
      vertex 3.300000E+01 -1.015000E+01 9.000000E+00
    endloop
  endfacet
  facet normal 0.000000E+00 -1.000000E+00 -0.000000E+00
    outer loop
      vertex 2.582306E+01 -1.015000E+01 7.265892E+00
      vertex 2.100000E+01 -1.015000E+01 7.000000E+00
      vertex 2.589134E+01 -1.015000E+01 7.040780E+00
    endloop
  endfacet
  facet normal -0.000000E+00 -1.000000E+00 0.000000E+00
    outer loop
      vertex 2.690585E+01 -1.015000E+01 6.303699E+00
      vertex 2.100000E+01 -1.015000E+01 7.000000E+00
      vertex -3.000000E+00 -1.015000E+01 3.000000E+00
    endloop
  endfacet
  facet normal -0.000000E+00 -1.000000E+00 0.000000E+00
    outer loop
      vertex 3.114805E+01 -1.015000E+01 1.177164E+01
      vertex 3.058527E+01 -1.015000E+01 1.194236E+01
      vertex 2.806255E+01 -1.015000E+01 8.057668E+00
    endloop
  endfacet
  facet normal 0.000000E+00 -1.000000E+00 -0.000000E+00
    outer loop
      vertex 3.277164E+01 -1.015000E+01 1.014805E+01
      vertex 2.806255E+01 -1.015000E+01 8.057668E+00
      vertex 3.294236E+01 -1.015000E+01 9.585271E+00
    endloop
  endfacet
  facet normal 0.000000E+00 -1.000000E+00 0.000000E+00
    outer loop
      vertex 2.690585E+01 -1.015000E+01 6.303699E+00
      vertex 2.662918E+01 -1.015000E+01 6.358732E+00
      vertex 2.100000E+01 -1.015000E+01 7.000000E+00
    endloop
  endfacet
  facet normal -0.000000E+00 -1.000000E+00 0.000000E+00
    outer loop
      vertex 3.166671E+01 -1.015000E+01 1.149441E+01
      vertex 3.114805E+01 -1.015000E+01 1.177164E+01
      vertex 2.806255E+01 -1.015000E+01 8.057668E+00
    endloop
  endfacet
  facet normal 0.000000E+00 -1.000000E+00 -0.000000E+00
    outer loop
      vertex 2.580000E+01 -1.015000E+01 7.500000E+00
      vertex 2.100000E+01 -1.015000E+01 7.000000E+00
      vertex 2.582306E+01 -1.015000E+01 7.265892E+00
    endloop
  endfacet
  facet normal 0.000000E+00 -1.000000E+00 -0.000000E+00
    outer loop
      vertex 3.249441E+01 -1.015000E+01 1.066671E+01
      vertex 2.806255E+01 -1.015000E+01 8.057668E+00
      vertex 3.277164E+01 -1.015000E+01 1.014805E+01
    endloop
  endfacet
  facet normal -0.000000E+00 -1.000000E+00 0.000000E+00
    outer loop
      vertex 3.212132E+01 -1.015000E+01 1.112132E+01
      vertex 3.166671E+01 -1.015000E+01 1.149441E+01
      vertex 2.806255E+01 -1.015000E+01 8.057668E+00
    endloop
  endfacet
  facet normal 0.000000E+00 -1.000000E+00 0.000000E+00
    outer loop
      vertex 2.718772E+01 -1.015000E+01 6.314774E+00
      vertex 2.690585E+01 -1.015000E+01 6.303699E+00
      vertex -3.000000E+00 -1.015000E+01 3.000000E+00
    endloop
  endfacet
  facet normal 0.000000E+00 -1.000000E+00 -0.000000E+00
    outer loop
      vertex 3.212132E+01 -1.015000E+01 1.112132E+01
      vertex 2.806255E+01 -1.015000E+01 8.057668E+00
      vertex 3.249441E+01 -1.015000E+01 1.066671E+01
    endloop
  endfacet
  facet normal -0.000000E+00 -1.000000E+00 0.000000E+00
    outer loop
      vertex 2.583487E+01 -1.015000E+01 7.787179E+00
      vertex 2.100000E+01 -1.015000E+01 9.000000E+00
      vertex 2.100000E+01 -1.015000E+01 7.000000E+00
    endloop
  endfacet
  facet normal 0.000000E+00 -1.000000E+00 0.000000E+00
    outer loop
      vertex 8.000000E+01 -1.015000E+01 3.000000E+00
      vertex 3.300000E+01 -1.015000E+01 7.000000E+00
      vertex 2.718772E+01 -1.015000E+01 6.314774E+00
    endloop
  endfacet
  facet normal 0.000000E+00 -1.000000E+00 0.000000E+00
    outer loop
      vertex 2.583487E+01 -1.015000E+01 7.787179E+00
      vertex 2.100000E+01 -1.015000E+01 7.000000E+00
      vertex 2.580000E+01 -1.015000E+01 7.500000E+00
    endloop
  endfacet
  facet normal 0.000000E+00 -1.000000E+00 0.000000E+00
    outer loop
      vertex 8.000000E+01 -1.015000E+01 3.000000E+00
      vertex 2.718772E+01 -1.015000E+01 6.314774E+00
      vertex -3.000000E+00 -1.015000E+01 3.000000E+00
    endloop
  endfacet
  facet normal -0.000000E+00 -1.000000E+00 -0.000000E+00
    outer loop
      vertex 8.000000E+01 -1.015000E+01 7.000000E+00
      vertex 3.300000E+01 -1.015000E+01 7.000000E+00
      vertex 8.000000E+01 -1.015000E+01 3.000000E+00
    endloop
  endfacet
  facet normal 0.000000E+00 -1.000000E+00 0.000000E+00
    outer loop
      vertex 2.593745E+01 -1.015000E+01 8.057668E+00
      vertex 2.233329E+01 -1.015000E+01 1.149441E+01
      vertex 2.187868E+01 -1.015000E+01 1.112132E+01
    endloop
  endfacet
  facet normal 0.000000E+00 -1.000000E+00 0.000000E+00
    outer loop
      vertex 2.593745E+01 -1.015000E+01 8.057668E+00
      vertex 2.105764E+01 -1.015000E+01 9.585271E+00
      vertex 2.100000E+01 -1.015000E+01 9.000000E+00
    endloop
  endfacet
  facet normal 0.000000E+00 -1.000000E+00 0.000000E+00
    outer loop
      vertex 2.593745E+01 -1.015000E+01 8.057668E+00
      vertex 2.122836E+01 -1.015000E+01 1.014805E+01
      vertex 2.105764E+01 -1.015000E+01 9.585271E+00
    endloop
  endfacet
  facet normal 0.000000E+00 -1.000000E+00 0.000000E+00
    outer loop
      vertex 2.593745E+01 -1.015000E+01 8.057668E+00
      vertex 2.150559E+01 -1.015000E+01 1.066671E+01
      vertex 2.122836E+01 -1.015000E+01 1.014805E+01
    endloop
  endfacet
  facet normal 0.000000E+00 -1.000000E+00 0.000000E+00
    outer loop
      vertex 2.593745E+01 -1.015000E+01 8.057668E+00
      vertex 2.187868E+01 -1.015000E+01 1.112132E+01
      vertex 2.150559E+01 -1.015000E+01 1.066671E+01
    endloop
  endfacet
  facet normal -0.000000E+00 -1.000000E+00 0.000000E+00
    outer loop
      vertex 2.593745E+01 -1.015000E+01 8.057668E+00
      vertex 2.100000E+01 -1.015000E+01 9.000000E+00
      vertex 2.583487E+01 -1.015000E+01 7.787179E+00
    endloop
  endfacet
  facet normal 0.000000E+00 -1.000000E+00 -0.000000E+00
    outer loop
      vertex 2.285195E+01 -1.015000E+01 1.177164E+01
      vertex 2.233329E+01 -1.015000E+01 1.149441E+01
      vertex 2.593745E+01 -1.015000E+01 8.057668E+00
    endloop
  endfacet
  facet normal 8.660251E-01 0.000000E+00 -5.000004E-01
    outer loop
      vertex 2.575870E+01 -7.150000E+00 9.650000E+00
      vertex 2.451739E+01 -8.550000E+00 7.500000E+00
      vertex 2.451739E+01 -7.150000E+00 7.500000E+00
    endloop
  endfacet
  facet normal 8.660251E-01 0.000000E+00 -5.000004E-01
    outer loop
      vertex 2.575870E+01 -8.550000E+00 9.650000E+00
      vertex 2.451739E+01 -8.550000E+00 7.500000E+00
      vertex 2.575870E+01 -7.150000E+00 9.650000E+00
    endloop
  endfacet
  facet normal -0.000000E+00 0.000000E+00 -1.000000E+00
    outer loop
      vertex 2.824130E+01 -7.150000E+00 9.650000E+00
      vertex 2.575870E+01 -8.550000E+00 9.650000E+00
      vertex 2.575870E+01 -7.150000E+00 9.650000E+00
    endloop
  endfacet
  facet normal 0.000000E+00 0.000000E+00 -1.000000E+00
    outer loop
      vertex 2.824130E+01 -8.550000E+00 9.650000E+00
      vertex 2.575870E+01 -8.550000E+00 9.650000E+00
      vertex 2.824130E+01 -7.150000E+00 9.650000E+00
    endloop
  endfacet
  facet normal -8.660251E-01 0.000000E+00 -5.000004E-01
    outer loop
      vertex 2.948261E+01 -7.150000E+00 7.500000E+00
      vertex 2.824130E+01 -8.550000E+00 9.650000E+00
      vertex 2.824130E+01 -7.150000E+00 9.650000E+00
    endloop
  endfacet
  facet normal -8.660251E-01 0.000000E+00 -5.000004E-01
    outer loop
      vertex 2.948261E+01 -8.550000E+00 7.500000E+00
      vertex 2.824130E+01 -8.550000E+00 9.650000E+00
      vertex 2.948261E+01 -7.150000E+00 7.500000E+00
    endloop
  endfacet
  facet normal -8.660251E-01 0.000000E+00 5.000004E-01
    outer loop
      vertex 2.824130E+01 -7.150000E+00 5.350000E+00
      vertex 2.948261E+01 -8.550000E+00 7.500000E+00
      vertex 2.948261E+01 -7.150000E+00 7.500000E+00
    endloop
  endfacet
  facet normal -8.660251E-01 0.000000E+00 5.000004E-01
    outer loop
      vertex 2.824130E+01 -8.550000E+00 5.350000E+00
      vertex 2.948261E+01 -8.550000E+00 7.500000E+00
      vertex 2.824130E+01 -7.150000E+00 5.350000E+00
    endloop
  endfacet
  facet normal -0.000000E+00 0.000000E+00 1.000000E+00
    outer loop
      vertex 2.575870E+01 -7.150000E+00 5.350000E+00
      vertex 2.824130E+01 -8.550000E+00 5.350000E+00
      vertex 2.824130E+01 -7.150000E+00 5.350000E+00
    endloop
  endfacet
  facet normal 0.000000E+00 0.000000E+00 1.000000E+00
    outer loop
      vertex 2.575870E+01 -8.550000E+00 5.350000E+00
      vertex 2.824130E+01 -8.550000E+00 5.350000E+00
      vertex 2.575870E+01 -7.150000E+00 5.350000E+00
    endloop
  endfacet
  facet normal 8.660251E-01 0.000000E+00 5.000004E-01
    outer loop
      vertex 2.451739E+01 -7.150000E+00 7.500000E+00
      vertex 2.575870E+01 -8.550000E+00 5.350000E+00
      vertex 2.575870E+01 -7.150000E+00 5.350000E+00
    endloop
  endfacet
  facet normal 8.660251E-01 -0.000000E+00 5.000004E-01
    outer loop
      vertex 2.451739E+01 -8.550000E+00 7.500000E+00
      vertex 2.575870E+01 -8.550000E+00 5.350000E+00
      vertex 2.451739E+01 -7.150000E+00 7.500000E+00
    endloop
  endfacet
  facet normal -0.000000E+00 1.000000E+00 0.000000E+00
    outer loop
      vertex 2.575870E+01 -8.550000E+00 9.650000E+00
      vertex 2.824130E+01 -8.550000E+00 9.650000E+00
      vertex 2.714464E+01 -8.550000E+00 8.691251E+00
    endloop
  endfacet
  facet normal -0.000000E+00 1.000000E+00 0.000000E+00
    outer loop
      vertex 2.770534E+01 -8.550000E+00 6.529180E+00
      vertex 2.791249E+01 -8.550000E+00 6.720662E+00
      vertex 2.824130E+01 -8.550000E+00 5.350000E+00
    endloop
  endfacet
  facet normal -0.000000E+00 1.000000E+00 0.000000E+00
    outer loop
      vertex 2.806921E+01 -8.550000E+00 6.955211E+00
      vertex 2.948261E+01 -8.550000E+00 7.500000E+00
      vertex 2.824130E+01 -8.550000E+00 5.350000E+00
    endloop
  endfacet
  facet normal 0.000000E+00 1.000000E+00 0.000000E+00
    outer loop
      vertex 2.806921E+01 -8.550000E+00 6.955211E+00
      vertex 2.824130E+01 -8.550000E+00 5.350000E+00
      vertex 2.791249E+01 -8.550000E+00 6.720662E+00
    endloop
  endfacet
  facet normal -0.000000E+00 1.000000E+00 0.000000E+00
    outer loop
      vertex 2.745922E+01 -8.550000E+00 6.391345E+00
      vertex 2.770534E+01 -8.550000E+00 6.529180E+00
      vertex 2.824130E+01 -8.550000E+00 5.350000E+00
    endloop
  endfacet
  facet normal -0.000000E+00 1.000000E+00 0.000000E+00
    outer loop
      vertex 2.816684E+01 -8.550000E+00 7.219866E+00
      vertex 2.948261E+01 -8.550000E+00 7.500000E+00
      vertex 2.806921E+01 -8.550000E+00 6.955211E+00
    endloop
  endfacet
  facet normal -0.000000E+00 1.000000E+00 0.000000E+00
    outer loop
      vertex 2.718772E+01 -8.550000E+00 6.314774E+00
      vertex 2.745922E+01 -8.550000E+00 6.391345E+00
      vertex 2.824130E+01 -8.550000E+00 5.350000E+00
    endloop
  endfacet
  facet normal -0.000000E+00 1.000000E+00 0.000000E+00
    outer loop
      vertex 2.820000E+01 -8.550000E+00 7.500000E+00
      vertex 2.948261E+01 -8.550000E+00 7.500000E+00
      vertex 2.816684E+01 -8.550000E+00 7.219866E+00
    endloop
  endfacet
  facet normal -0.000000E+00 1.000000E+00 0.000000E+00
    outer loop
      vertex 2.690585E+01 -8.550000E+00 6.303699E+00
      vertex 2.718772E+01 -8.550000E+00 6.314774E+00
      vertex 2.824130E+01 -8.550000E+00 5.350000E+00
    endloop
  endfacet
  facet normal 0.000000E+00 1.000000E+00 0.000000E+00
    outer loop
      vertex 2.575870E+01 -8.550000E+00 5.350000E+00
      vertex 2.690585E+01 -8.550000E+00 6.303699E+00
      vertex 2.824130E+01 -8.550000E+00 5.350000E+00
    endloop
  endfacet
  facet normal 0.000000E+00 1.000000E+00 0.000000E+00
    outer loop
      vertex 2.816513E+01 -8.550000E+00 7.787179E+00
      vertex 2.948261E+01 -8.550000E+00 7.500000E+00
      vertex 2.820000E+01 -8.550000E+00 7.500000E+00
    endloop
  endfacet
  facet normal 0.000000E+00 1.000000E+00 0.000000E+00
    outer loop
      vertex 2.662918E+01 -8.550000E+00 6.358732E+00
      vertex 2.690585E+01 -8.550000E+00 6.303699E+00
      vertex 2.575870E+01 -8.550000E+00 5.350000E+00
    endloop
  endfacet
  facet normal 0.000000E+00 1.000000E+00 0.000000E+00
    outer loop
      vertex 2.806255E+01 -8.550000E+00 8.057668E+00
      vertex 2.948261E+01 -8.550000E+00 7.500000E+00
      vertex 2.816513E+01 -8.550000E+00 7.787179E+00
    endloop
  endfacet
  facet normal 0.000000E+00 1.000000E+00 0.000000E+00
    outer loop
      vertex 2.637300E+01 -8.550000E+00 6.476832E+00
      vertex 2.662918E+01 -8.550000E+00 6.358732E+00
      vertex 2.575870E+01 -8.550000E+00 5.350000E+00
    endloop
  endfacet
  facet normal 0.000000E+00 1.000000E+00 0.000000E+00
    outer loop
      vertex 2.615147E+01 -8.550000E+00 6.651472E+00
      vertex 2.637300E+01 -8.550000E+00 6.476832E+00
      vertex 2.575870E+01 -8.550000E+00 5.350000E+00
    endloop
  endfacet
  facet normal 0.000000E+00 1.000000E+00 0.000000E+00
    outer loop
      vertex 2.600224E+01 -8.550000E+00 6.833316E+00
      vertex 2.615147E+01 -8.550000E+00 6.651472E+00
      vertex 2.575870E+01 -8.550000E+00 5.350000E+00
    endloop
  endfacet
  facet normal 0.000000E+00 1.000000E+00 0.000000E+00
    outer loop
      vertex 2.824130E+01 -8.550000E+00 9.650000E+00
      vertex 2.768168E+01 -8.550000E+00 8.487580E+00
      vertex 2.742553E+01 -8.550000E+00 8.622020E+00
    endloop
  endfacet
  facet normal 0.000000E+00 1.000000E+00 0.000000E+00
    outer loop
      vertex 2.824130E+01 -8.550000E+00 9.650000E+00
      vertex 2.789821E+01 -8.550000E+00 8.295747E+00
      vertex 2.768168E+01 -8.550000E+00 8.487580E+00
    endloop
  endfacet
  facet normal 0.000000E+00 1.000000E+00 0.000000E+00
    outer loop
      vertex 2.824130E+01 -8.550000E+00 9.650000E+00
      vertex 2.806255E+01 -8.550000E+00 8.057668E+00
      vertex 2.789821E+01 -8.550000E+00 8.295747E+00
    endloop
  endfacet
  facet normal 0.000000E+00 1.000000E+00 0.000000E+00
    outer loop
      vertex 2.824130E+01 -8.550000E+00 9.650000E+00
      vertex 2.948261E+01 -8.550000E+00 7.500000E+00
      vertex 2.806255E+01 -8.550000E+00 8.057668E+00
    endloop
  endfacet
  facet normal -0.000000E+00 1.000000E+00 0.000000E+00
    outer loop
      vertex 2.714464E+01 -8.550000E+00 8.691251E+00
      vertex 2.824130E+01 -8.550000E+00 9.650000E+00
      vertex 2.742553E+01 -8.550000E+00 8.622020E+00
    endloop
  endfacet
  facet normal 0.000000E+00 1.000000E+00 0.000000E+00
    outer loop
      vertex 2.451739E+01 -8.550000E+00 7.500000E+00
      vertex 2.589134E+01 -8.550000E+00 7.040780E+00
      vertex 2.600224E+01 -8.550000E+00 6.833316E+00
    endloop
  endfacet
  facet normal 0.000000E+00 1.000000E+00 0.000000E+00
    outer loop
      vertex 2.451739E+01 -8.550000E+00 7.500000E+00
      vertex 2.582306E+01 -8.550000E+00 7.265892E+00
      vertex 2.589134E+01 -8.550000E+00 7.040780E+00
    endloop
  endfacet
  facet normal -0.000000E+00 1.000000E+00 0.000000E+00
    outer loop
      vertex 2.451739E+01 -8.550000E+00 7.500000E+00
      vertex 2.580000E+01 -8.550000E+00 7.500000E+00
      vertex 2.582306E+01 -8.550000E+00 7.265892E+00
    endloop
  endfacet
  facet normal 0.000000E+00 1.000000E+00 0.000000E+00
    outer loop
      vertex 2.451739E+01 -8.550000E+00 7.500000E+00
      vertex 2.583487E+01 -8.550000E+00 7.787179E+00
      vertex 2.580000E+01 -8.550000E+00 7.500000E+00
    endloop
  endfacet
  facet normal 0.000000E+00 1.000000E+00 0.000000E+00
    outer loop
      vertex 2.451739E+01 -8.550000E+00 7.500000E+00
      vertex 2.593745E+01 -8.550000E+00 8.057668E+00
      vertex 2.583487E+01 -8.550000E+00 7.787179E+00
    endloop
  endfacet
  facet normal 0.000000E+00 1.000000E+00 0.000000E+00
    outer loop
      vertex 2.451739E+01 -8.550000E+00 7.500000E+00
      vertex 2.600224E+01 -8.550000E+00 6.833316E+00
      vertex 2.575870E+01 -8.550000E+00 5.350000E+00
    endloop
  endfacet
  facet normal 0.000000E+00 1.000000E+00 0.000000E+00
    outer loop
      vertex 2.575870E+01 -8.550000E+00 9.650000E+00
      vertex 2.610179E+01 -8.550000E+00 8.295747E+00
      vertex 2.593745E+01 -8.550000E+00 8.057668E+00
    endloop
  endfacet
  facet normal 0.000000E+00 1.000000E+00 0.000000E+00
    outer loop
      vertex 2.575870E+01 -8.550000E+00 9.650000E+00
      vertex 2.631832E+01 -8.550000E+00 8.487580E+00
      vertex 2.610179E+01 -8.550000E+00 8.295747E+00
    endloop
  endfacet
  facet normal 0.000000E+00 1.000000E+00 0.000000E+00
    outer loop
      vertex 2.575870E+01 -8.550000E+00 9.650000E+00
      vertex 2.657447E+01 -8.550000E+00 8.622020E+00
      vertex 2.631832E+01 -8.550000E+00 8.487580E+00
    endloop
  endfacet
  facet normal 0.000000E+00 1.000000E+00 0.000000E+00
    outer loop
      vertex 2.575870E+01 -8.550000E+00 9.650000E+00
      vertex 2.685536E+01 -8.550000E+00 8.691251E+00
      vertex 2.657447E+01 -8.550000E+00 8.622020E+00
    endloop
  endfacet
  facet normal 0.000000E+00 1.000000E+00 0.000000E+00
    outer loop
      vertex 2.575870E+01 -8.550000E+00 9.650000E+00
      vertex 2.714464E+01 -8.550000E+00 8.691251E+00
      vertex 2.685536E+01 -8.550000E+00 8.691251E+00
    endloop
  endfacet
  facet normal 0.000000E+00 1.000000E+00 0.000000E+00
    outer loop
      vertex 2.575870E+01 -8.550000E+00 9.650000E+00
      vertex 2.593745E+01 -8.550000E+00 8.057668E+00
      vertex 2.451739E+01 -8.550000E+00 7.500000E+00
    endloop
  endfacet
  facet normal -9.927087E-01 0.000000E+00 -1.205377E-01
    outer loop
      vertex 2.820000E+01 -1.015000E+01 7.500000E+00
      vertex 2.816513E+01 -1.015000E+01 7.787179E+00
      vertex 2.820000E+01 -8.550000E+00 7.500000E+00
    endloop
  endfacet
  facet normal -9.927087E-01 0.000000E+00 -1.205377E-01
    outer loop
      vertex 2.820000E+01 -8.550000E+00 7.500000E+00
      vertex 2.816513E+01 -1.015000E+01 7.787179E+00
      vertex 2.816513E+01 -8.550000E+00 7.787179E+00
    endloop
  endfacet
  facet normal -8.229821E-01 -0.000000E+00 -5.680674E-01
    outer loop
      vertex 2.806255E+01 -8.550000E+00 8.057668E+00
      vertex 2.806255E+01 -1.015000E+01 8.057668E+00
      vertex 2.789821E+01 -8.550000E+00 8.295747E+00
    endloop
  endfacet
  facet normal -9.350162E-01 0.000000E+00 -3.546051E-01
    outer loop
      vertex 2.816513E+01 -8.550000E+00 7.787179E+00
      vertex 2.806255E+01 -1.015000E+01 8.057668E+00
      vertex 2.806255E+01 -8.550000E+00 8.057668E+00
    endloop
  endfacet
  facet normal -9.350162E-01 0.000000E+00 -3.546051E-01
    outer loop
      vertex 2.816513E+01 -1.015000E+01 7.787179E+00
      vertex 2.806255E+01 -1.015000E+01 8.057668E+00
      vertex 2.816513E+01 -8.550000E+00 7.787179E+00
    endloop
  endfacet
  facet normal -8.229821E-01 0.000000E+00 -5.680674E-01
    outer loop
      vertex 2.806255E+01 -1.015000E+01 8.057668E+00
      vertex 2.789821E+01 -1.015000E+01 8.295747E+00
      vertex 2.789821E+01 -8.550000E+00 8.295747E+00
    endloop
  endfacet
  facet normal -6.631221E-01 0.000000E+00 -7.485113E-01
    outer loop
      vertex 2.789821E+01 -8.550000E+00 8.295747E+00
      vertex 2.768168E+01 -1.015000E+01 8.487580E+00
      vertex 2.768168E+01 -8.550000E+00 8.487580E+00
    endloop
  endfacet
  facet normal -6.631221E-01 0.000000E+00 -7.485113E-01
    outer loop
      vertex 2.789821E+01 -1.015000E+01 8.295747E+00
      vertex 2.768168E+01 -1.015000E+01 8.487580E+00
      vertex 2.789821E+01 -8.550000E+00 8.295747E+00
    endloop
  endfacet
  facet normal -4.647257E-01 0.000000E+00 -8.854547E-01
    outer loop
      vertex 2.768168E+01 -8.550000E+00 8.487580E+00
      vertex 2.742553E+01 -1.015000E+01 8.622020E+00
      vertex 2.742553E+01 -8.550000E+00 8.622020E+00
    endloop
  endfacet
  facet normal -4.647257E-01 0.000000E+00 -8.854547E-01
    outer loop
      vertex 2.768168E+01 -1.015000E+01 8.487580E+00
      vertex 2.742553E+01 -1.015000E+01 8.622020E+00
      vertex 2.768168E+01 -8.550000E+00 8.487580E+00
    endloop
  endfacet
  facet normal -0.000000E+00 -0.000000E+00 -1.000000E+00
    outer loop
      vertex 2.714464E+01 -8.550000E+00 8.691251E+00
      vertex 2.714464E+01 -1.015000E+01 8.691251E+00
      vertex 2.685536E+01 -8.550000E+00 8.691251E+00
    endloop
  endfacet
  facet normal -2.393152E-01 0.000000E+00 -9.709419E-01
    outer loop
      vertex 2.742553E+01 -8.550000E+00 8.622020E+00
      vertex 2.714464E+01 -1.015000E+01 8.691251E+00
      vertex 2.714464E+01 -8.550000E+00 8.691251E+00
    endloop
  endfacet
  facet normal -2.393152E-01 0.000000E+00 -9.709419E-01
    outer loop
      vertex 2.742553E+01 -1.015000E+01 8.622020E+00
      vertex 2.714464E+01 -1.015000E+01 8.691251E+00
      vertex 2.742553E+01 -8.550000E+00 8.622020E+00
    endloop
  endfacet
  facet normal 0.000000E+00 0.000000E+00 -1.000000E+00
    outer loop
      vertex 2.714464E+01 -1.015000E+01 8.691251E+00
      vertex 2.685536E+01 -1.015000E+01 8.691251E+00
      vertex 2.685536E+01 -8.550000E+00 8.691251E+00
    endloop
  endfacet
  facet normal 2.393152E-01 0.000000E+00 -9.709419E-01
    outer loop
      vertex 2.685536E+01 -8.550000E+00 8.691251E+00
      vertex 2.657447E+01 -1.015000E+01 8.622020E+00
      vertex 2.657447E+01 -8.550000E+00 8.622020E+00
    endloop
  endfacet
  facet normal 2.393152E-01 0.000000E+00 -9.709419E-01
    outer loop
      vertex 2.685536E+01 -1.015000E+01 8.691251E+00
      vertex 2.657447E+01 -1.015000E+01 8.622020E+00
      vertex 2.685536E+01 -8.550000E+00 8.691251E+00
    endloop
  endfacet
  facet normal 4.647257E-01 0.000000E+00 -8.854547E-01
    outer loop
      vertex 2.657447E+01 -8.550000E+00 8.622020E+00
      vertex 2.631832E+01 -1.015000E+01 8.487580E+00
      vertex 2.631832E+01 -8.550000E+00 8.487580E+00
    endloop
  endfacet
  facet normal 4.647257E-01 0.000000E+00 -8.854547E-01
    outer loop
      vertex 2.657447E+01 -1.015000E+01 8.622020E+00
      vertex 2.631832E+01 -1.015000E+01 8.487580E+00
      vertex 2.657447E+01 -8.550000E+00 8.622020E+00
    endloop
  endfacet
  facet normal 8.229821E-01 0.000000E+00 -5.680674E-01
    outer loop
      vertex 2.610179E+01 -8.550000E+00 8.295747E+00
      vertex 2.610179E+01 -1.015000E+01 8.295747E+00
      vertex 2.593745E+01 -8.550000E+00 8.057668E+00
    endloop
  endfacet
  facet normal 6.631221E-01 0.000000E+00 -7.485113E-01
    outer loop
      vertex 2.631832E+01 -8.550000E+00 8.487580E+00
      vertex 2.610179E+01 -1.015000E+01 8.295747E+00
      vertex 2.610179E+01 -8.550000E+00 8.295747E+00
    endloop
  endfacet
  facet normal 6.631221E-01 0.000000E+00 -7.485113E-01
    outer loop
      vertex 2.631832E+01 -1.015000E+01 8.487580E+00
      vertex 2.610179E+01 -1.015000E+01 8.295747E+00
      vertex 2.631832E+01 -8.550000E+00 8.487580E+00
    endloop
  endfacet
  facet normal 8.229821E-01 0.000000E+00 -5.680674E-01
    outer loop
      vertex 2.610179E+01 -1.015000E+01 8.295747E+00
      vertex 2.593745E+01 -1.015000E+01 8.057668E+00
      vertex 2.593745E+01 -8.550000E+00 8.057668E+00
    endloop
  endfacet
  facet normal 9.350162E-01 0.000000E+00 -3.546051E-01
    outer loop
      vertex 2.593745E+01 -8.550000E+00 8.057668E+00
      vertex 2.583487E+01 -1.015000E+01 7.787179E+00
      vertex 2.583487E+01 -8.550000E+00 7.787179E+00
    endloop
  endfacet
  facet normal 9.350162E-01 0.000000E+00 -3.546051E-01
    outer loop
      vertex 2.593745E+01 -1.015000E+01 8.057668E+00
      vertex 2.583487E+01 -1.015000E+01 7.787179E+00
      vertex 2.593745E+01 -8.550000E+00 8.057668E+00
    endloop
  endfacet
  facet normal 9.927087E-01 0.000000E+00 -1.205377E-01
    outer loop
      vertex 2.583487E+01 -8.550000E+00 7.787179E+00
      vertex 2.580000E+01 -1.015000E+01 7.500000E+00
      vertex 2.580000E+01 -8.550000E+00 7.500000E+00
    endloop
  endfacet
  facet normal 9.927087E-01 0.000000E+00 -1.205377E-01
    outer loop
      vertex 2.583487E+01 -1.015000E+01 7.787179E+00
      vertex 2.580000E+01 -1.015000E+01 7.500000E+00
      vertex 2.583487E+01 -8.550000E+00 7.787179E+00
    endloop
  endfacet
  facet normal -7.048731E-01 7.942103E-02 7.048731E-01
    outer loop
      vertex 6.967551E+01 2.607646E+00 3.000000E+00
      vertex 6.950000E+01 1.050000E+00 3.000000E+00
      vertex 7.050000E+01 1.050000E+00 4.000000E+00
    endloop
  endfacet
  facet normal -6.997670E-01 8.496603E-02 7.093003E-01
    outer loop
      vertex 6.967551E+01 2.607646E+00 3.000000E+00
      vertex 7.050000E+01 1.050000E+00 4.000000E+00
      vertex 7.067435E+01 2.485894E+00 4.000000E+00
    endloop
  endfacet
  facet normal -6.553328E-01 2.485358E-01 7.132804E-01
    outer loop
      vertex 7.019321E+01 4.087186E+00 3.000000E+00
      vertex 7.067435E+01 2.485894E+00 4.000000E+00
      vertex 7.118726E+01 3.838339E+00 4.000000E+00
    endloop
  endfacet
  facet normal -6.731235E-01 2.355336E-01 7.010197E-01
    outer loop
      vertex 7.019321E+01 4.087186E+00 3.000000E+00
      vertex 6.967551E+01 2.607646E+00 3.000000E+00
      vertex 7.067435E+01 2.485894E+00 4.000000E+00
    endloop
  endfacet
  facet normal -5.741153E-01 3.962826E-01 7.164856E-01
    outer loop
      vertex 7.102718E+01 5.414429E+00 3.000000E+00
      vertex 7.118726E+01 3.838339E+00 4.000000E+00
      vertex 7.200893E+01 5.028736E+00 4.000000E+00
    endloop
  endfacet
  facet normal -6.065335E-01 3.811102E-01 6.977623E-01
    outer loop
      vertex 7.102718E+01 5.414429E+00 3.000000E+00
      vertex 7.019321E+01 4.087186E+00 3.000000E+00
      vertex 7.118726E+01 3.838339E+00 4.000000E+00
    endloop
  endfacet
  facet normal -4.609117E-01 5.202637E-01 7.189478E-01
    outer loop
      vertex 7.213557E+01 6.522820E+00 3.000000E+00
      vertex 7.200893E+01 5.028736E+00 4.000000E+00
      vertex 7.309161E+01 5.987903E+00 4.000000E+00
    endloop
  endfacet
  facet normal -5.083326E-01 5.083356E-01 6.951209E-01
    outer loop
      vertex 7.213557E+01 6.522820E+00 3.000000E+00
      vertex 7.102718E+01 5.414429E+00 3.000000E+00
      vertex 7.200893E+01 5.028736E+00 4.000000E+00
    endloop
  endfacet
  facet normal -3.221732E-01 6.138471E-01 7.206914E-01
    outer loop
      vertex 7.346281E+01 7.356782E+00 3.000000E+00
      vertex 7.309161E+01 5.987903E+00 4.000000E+00
      vertex 7.437237E+01 6.660098E+00 4.000000E+00
    endloop
  endfacet
  facet normal -3.835004E-01 6.103364E-01 6.931211E-01
    outer loop
      vertex 7.346281E+01 7.356782E+00 3.000000E+00
      vertex 7.213557E+01 6.522820E+00 3.000000E+00
      vertex 7.309161E+01 5.987903E+00 4.000000E+00
    endloop
  endfacet
  facet normal -1.656476E-01 6.720598E-01 7.217316E-01
    outer loop
      vertex 7.494235E+01 7.874496E+00 3.000000E+00
      vertex 7.437237E+01 6.660098E+00 4.000000E+00
      vertex 7.577678E+01 7.006253E+00 4.000000E+00
    endloop
  endfacet
  facet normal -2.384982E-01 6.815875E-01 6.917782E-01
    outer loop
      vertex 7.494235E+01 7.874496E+00 3.000000E+00
      vertex 7.346281E+01 7.356782E+00 3.000000E+00
      vertex 7.437237E+01 6.660098E+00 4.000000E+00
    endloop
  endfacet
  facet normal 0.000000E+00 6.918125E-01 7.220772E-01
    outer loop
      vertex 7.650000E+01 8.050000E+00 3.000000E+00
      vertex 7.577678E+01 7.006253E+00 4.000000E+00
      vertex 7.722322E+01 7.006253E+00 4.000000E+00
    endloop
  endfacet
  facet normal -8.092283E-02 7.182102E-01 6.911046E-01
    outer loop
      vertex 7.650000E+01 8.050000E+00 3.000000E+00
      vertex 7.494235E+01 7.874496E+00 3.000000E+00
      vertex 7.577678E+01 7.006253E+00 4.000000E+00
    endloop
  endfacet
  facet normal 1.656476E-01 6.720598E-01 7.217316E-01
    outer loop
      vertex 7.805765E+01 7.874496E+00 3.000000E+00
      vertex 7.722322E+01 7.006253E+00 4.000000E+00
      vertex 7.862763E+01 6.660098E+00 4.000000E+00
    endloop
  endfacet
  facet normal 8.092282E-02 7.182101E-01 6.911046E-01
    outer loop
      vertex 7.805765E+01 7.874496E+00 3.000000E+00
      vertex 7.650000E+01 8.050000E+00 3.000000E+00
      vertex 7.722322E+01 7.006253E+00 4.000000E+00
    endloop
  endfacet
  facet normal 3.221732E-01 6.138471E-01 7.206914E-01
    outer loop
      vertex 7.953719E+01 7.356782E+00 3.000000E+00
      vertex 7.862763E+01 6.660098E+00 4.000000E+00
      vertex 7.990839E+01 5.987903E+00 4.000000E+00
    endloop
  endfacet
  facet normal 2.384982E-01 6.815875E-01 6.917782E-01
    outer loop
      vertex 7.953719E+01 7.356782E+00 3.000000E+00
      vertex 7.805765E+01 7.874496E+00 3.000000E+00
      vertex 7.862763E+01 6.660098E+00 4.000000E+00
    endloop
  endfacet
  facet normal 4.609117E-01 5.202637E-01 7.189478E-01
    outer loop
      vertex 8.086443E+01 6.522820E+00 3.000000E+00
      vertex 7.990839E+01 5.987903E+00 4.000000E+00
      vertex 8.099107E+01 5.028736E+00 4.000000E+00
    endloop
  endfacet
  facet normal 3.835004E-01 6.103364E-01 6.931210E-01
    outer loop
      vertex 8.086443E+01 6.522820E+00 3.000000E+00
      vertex 7.953719E+01 7.356782E+00 3.000000E+00
      vertex 7.990839E+01 5.987903E+00 4.000000E+00
    endloop
  endfacet
  facet normal 5.741153E-01 3.962826E-01 7.164856E-01
    outer loop
      vertex 8.197282E+01 5.414429E+00 3.000000E+00
      vertex 8.099107E+01 5.028736E+00 4.000000E+00
      vertex 8.181274E+01 3.838339E+00 4.000000E+00
    endloop
  endfacet
  facet normal 5.083326E-01 5.083356E-01 6.951209E-01
    outer loop
      vertex 8.197282E+01 5.414429E+00 3.000000E+00
      vertex 8.086443E+01 6.522820E+00 3.000000E+00
      vertex 8.099107E+01 5.028736E+00 4.000000E+00
    endloop
  endfacet
  facet normal 6.553328E-01 2.485358E-01 7.132804E-01
    outer loop
      vertex 8.280679E+01 4.087186E+00 3.000000E+00
      vertex 8.181274E+01 3.838339E+00 4.000000E+00
      vertex 8.232565E+01 2.485894E+00 4.000000E+00
    endloop
  endfacet
  facet normal 6.065335E-01 3.811102E-01 6.977623E-01
    outer loop
      vertex 8.280679E+01 4.087186E+00 3.000000E+00
      vertex 8.197282E+01 5.414429E+00 3.000000E+00
      vertex 8.181274E+01 3.838339E+00 4.000000E+00
    endloop
  endfacet
  facet normal 6.731235E-01 2.355336E-01 7.010197E-01
    outer loop
      vertex 8.332449E+01 2.607646E+00 3.000000E+00
      vertex 8.280679E+01 4.087186E+00 3.000000E+00
      vertex 8.232565E+01 2.485894E+00 4.000000E+00
    endloop
  endfacet
  facet normal 6.997670E-01 8.496603E-02 7.093003E-01
    outer loop
      vertex 8.250000E+01 1.050000E+00 4.000000E+00
      vertex 8.332449E+01 2.607646E+00 3.000000E+00
      vertex 8.232565E+01 2.485894E+00 4.000000E+00
    endloop
  endfacet
  facet normal 7.048731E-01 7.942103E-02 7.048731E-01
    outer loop
      vertex 8.350000E+01 1.050000E+00 3.000000E+00
      vertex 8.332449E+01 2.607646E+00 3.000000E+00
      vertex 8.250000E+01 1.050000E+00 4.000000E+00
    endloop
  endfacet
  facet normal -9.927091E-01 -1.205352E-01 -0.000000E+00
    outer loop
      vertex 7.050000E+01 1.050000E+00 7.000000E+00
      vertex 7.050000E+01 1.050000E+00 4.000000E+00
      vertex 7.067435E+01 -3.858940E-01 4.000000E+00
    endloop
  endfacet
  facet normal -9.350157E-01 -3.546059E-01 -3.995915E-04
    outer loop
      vertex 7.067675E+01 -3.956114E-01 7.000000E+00
      vertex 7.067435E+01 -3.858940E-01 4.000000E+00
      vertex 7.118726E+01 -1.738339E+00 4.000000E+00
    endloop
  endfacet
  facet normal -9.926081E-01 -1.213630E-01 4.020527E-04
    outer loop
      vertex 7.067675E+01 -3.956114E-01 7.000000E+00
      vertex 7.050000E+01 1.050000E+00 7.000000E+00
      vertex 7.067435E+01 -3.858940E-01 4.000000E+00
    endloop
  endfacet
  facet normal -8.229840E-01 -5.680641E-01 -7.941411E-04
    outer loop
      vertex 7.119659E+01 -1.756051E+00 7.000000E+00
      vertex 7.118726E+01 -1.738339E+00 4.000000E+00
      vertex 7.200893E+01 -2.928736E+00 4.000000E+00
    endloop
  endfacet
  facet normal -9.341258E-01 -3.569432E-01 7.979859E-04
    outer loop
      vertex 7.119659E+01 -1.756051E+00 7.000000E+00
      vertex 7.067675E+01 -3.956114E-01 7.000000E+00
      vertex 7.118726E+01 -1.738339E+00 4.000000E+00
    endloop
  endfacet
  facet normal -6.631209E-01 -7.485113E-01 -1.180994E-03
    outer loop
      vertex 7.202891E+01 -2.951164E+00 7.000000E+00
      vertex 7.200893E+01 -2.928736E+00 4.000000E+00
      vertex 7.309161E+01 -3.887903E+00 4.000000E+00
    endloop
  endfacet
  facet normal -8.206050E-01 -5.714944E-01 1.190932E-03
    outer loop
      vertex 7.202891E+01 -2.951164E+00 7.000000E+00
      vertex 7.119659E+01 -1.756051E+00 7.000000E+00
      vertex 7.200893E+01 -2.928736E+00 4.000000E+00
    endloop
  endfacet
  facet normal -4.647242E-01 -8.854541E-01 -1.564779E-03
    outer loop
      vertex 7.312464E+01 -3.910539E+00 7.000000E+00
      vertex 7.309161E+01 -3.887903E+00 4.000000E+00
      vertex 7.437237E+01 -4.560098E+00 4.000000E+00
    endloop
  endfacet
  facet normal -6.587401E-01 -7.523689E-01 1.575354E-03
    outer loop
      vertex 7.312464E+01 -3.910539E+00 7.000000E+00
      vertex 7.202891E+01 -2.951164E+00 7.000000E+00
      vertex 7.309161E+01 -3.887903E+00 4.000000E+00
    endloop
  endfacet
  facet normal -2.393148E-01 -9.709401E-01 -1.941629E-03
    outer loop
      vertex 7.441924E+01 -4.577651E+00 7.000000E+00
      vertex 7.437237E+01 -4.560098E+00 4.000000E+00
      vertex 7.577678E+01 -4.906253E+00 4.000000E+00
    endloop
  endfacet
  facet normal -4.580618E-01 -8.889182E-01 1.956199E-03
    outer loop
      vertex 7.441924E+01 -4.577651E+00 7.000000E+00
      vertex 7.312464E+01 -3.910539E+00 7.000000E+00
      vertex 7.437237E+01 -4.560098E+00 4.000000E+00
    endloop
  endfacet
  facet normal 0.000000E+00 -9.999974E-01 -2.313608E-03
    outer loop
      vertex 7.583644E+01 -4.913194E+00 7.000000E+00
      vertex 7.577678E+01 -4.906253E+00 4.000000E+00
      vertex 7.722322E+01 -4.906253E+00 4.000000E+00
    endloop
  endfacet
  facet normal -2.303952E-01 -9.730944E-01 2.330571E-03
    outer loop
      vertex 7.583644E+01 -4.913194E+00 7.000000E+00
      vertex 7.441924E+01 -4.577651E+00 7.000000E+00
      vertex 7.577678E+01 -4.906253E+00 4.000000E+00
    endloop
  endfacet
  facet normal 2.393144E-01 -9.709384E-01 -2.679955E-03
    outer loop
      vertex 7.729273E+01 -4.897401E+00 7.000000E+00
      vertex 7.722322E+01 -4.906253E+00 4.000000E+00
      vertex 7.862763E+01 -4.560098E+00 4.000000E+00
    endloop
  endfacet
  facet normal 1.084422E-02 -9.999376E-01 2.699377E-03
    outer loop
      vertex 7.729273E+01 -4.897401E+00 7.000000E+00
      vertex 7.583644E+01 -4.913194E+00 7.000000E+00
      vertex 7.722322E+01 -4.906253E+00 4.000000E+00
    endloop
  endfacet
  facet normal 4.647226E-01 -8.854511E-01 -3.040232E-03
    outer loop
      vertex 7.870232E+01 -4.531201E+00 7.000000E+00
      vertex 7.862763E+01 -4.560098E+00 4.000000E+00
      vertex 7.990839E+01 -3.887903E+00 4.000000E+00
    endloop
  endfacet
  facet normal 2.514449E-01 -9.678667E-01 3.063103E-03
    outer loop
      vertex 7.870232E+01 -4.531201E+00 7.000000E+00
      vertex 7.729273E+01 -4.897401E+00 7.000000E+00
      vertex 7.862763E+01 -4.560098E+00 4.000000E+00
    endloop
  endfacet
  facet normal 6.631175E-01 -7.485076E-01 -3.396430E-03
    outer loop
      vertex 7.998215E+01 -3.836170E+00 7.000000E+00
      vertex 7.990839E+01 -3.887903E+00 4.000000E+00
      vertex 8.099107E+01 -2.928736E+00 4.000000E+00
    endloop
  endfacet
  facet normal 4.772300E-01 -8.787717E-01 3.420325E-03
    outer loop
      vertex 7.998215E+01 -3.836170E+00 7.000000E+00
      vertex 7.870232E+01 -4.531201E+00 7.000000E+00
      vertex 7.990839E+01 -3.887903E+00 4.000000E+00
    endloop
  endfacet
  facet normal 8.229815E-01 -5.680623E-01 -2.587877E-03
    outer loop
      vertex 8.103558E+01 -2.877908E+00 7.000000E+00
      vertex 8.099107E+01 -2.928736E+00 4.000000E+00
      vertex 8.181274E+01 -1.738339E+00 4.000000E+00
    endloop
  endfacet
  facet normal 6.728984E-01 -7.397306E-01 2.547750E-03
    outer loop
      vertex 8.103558E+01 -2.877908E+00 7.000000E+00
      vertex 7.998215E+01 -3.836170E+00 7.000000E+00
      vertex 8.099107E+01 -2.928736E+00 4.000000E+00
    endloop
  endfacet
  facet normal 9.350144E-01 -3.546054E-01 -1.753378E-03
    outer loop
      vertex 8.183352E+01 -1.698374E+00 7.000000E+00
      vertex 8.181274E+01 -1.738339E+00 4.000000E+00
      vertex 8.232565E+01 -3.858940E-01 4.000000E+00
    endloop
  endfacet
  facet normal 8.282771E-01 -5.603160E-01 1.726446E-03
    outer loop
      vertex 8.183352E+01 -1.698374E+00 7.000000E+00
      vertex 8.103558E+01 -2.877908E+00 7.000000E+00
      vertex 8.181274E+01 -1.738339E+00 4.000000E+00
    endloop
  endfacet
  facet normal 9.927086E-01 -1.205352E-01 -8.906801E-04
    outer loop
      vertex 8.233100E+01 -3.640152E-01 7.000000E+00
      vertex 8.232565E+01 -3.858940E-01 4.000000E+00
      vertex 8.250000E+01 1.050000E+00 4.000000E+00
    endloop
  endfacet
  facet normal 9.369972E-01 -3.493359E-01 8.772704E-04
    outer loop
      vertex 8.233100E+01 -3.640152E-01 7.000000E+00
      vertex 8.183352E+01 -1.698374E+00 7.000000E+00
      vertex 8.232565E+01 -3.858940E-01 4.000000E+00
    endloop
  endfacet
  facet normal 9.929335E-01 -1.186723E-01 0.000000E+00
    outer loop
      vertex 8.250000E+01 1.050000E+00 7.000000E+00
      vertex 8.233100E+01 -3.640152E-01 7.000000E+00
      vertex 8.250000E+01 1.050000E+00 4.000000E+00
    endloop
  endfacet
  facet normal -5.000000E-01 8.660254E-01 0.000000E+00
    outer loop
      vertex 7.950000E+01 -6.820508E-01 7.000000E+00
      vertex 7.650000E+01 -2.414102E+00 5.000000E+00
      vertex 7.650000E+01 -2.414102E+00 7.000000E+00
    endloop
  endfacet
  facet normal -5.000000E-01 8.660254E-01 0.000000E+00
    outer loop
      vertex 7.950000E+01 -6.820508E-01 5.000000E+00
      vertex 7.650000E+01 -2.414102E+00 5.000000E+00
      vertex 7.950000E+01 -6.820508E-01 7.000000E+00
    endloop
  endfacet
  facet normal -1.000000E+00 -0.000000E+00 0.000000E+00
    outer loop
      vertex 7.950000E+01 2.782051E+00 7.000000E+00
      vertex 7.950000E+01 -6.820508E-01 5.000000E+00
      vertex 7.950000E+01 -6.820508E-01 7.000000E+00
    endloop
  endfacet
  facet normal -1.000000E+00 0.000000E+00 0.000000E+00
    outer loop
      vertex 7.950000E+01 2.782051E+00 5.000000E+00
      vertex 7.950000E+01 -6.820508E-01 5.000000E+00
      vertex 7.950000E+01 2.782051E+00 7.000000E+00
    endloop
  endfacet
  facet normal -5.000000E-01 -8.660254E-01 0.000000E+00
    outer loop
      vertex 7.650000E+01 4.514102E+00 7.000000E+00
      vertex 7.950000E+01 2.782051E+00 5.000000E+00
      vertex 7.950000E+01 2.782051E+00 7.000000E+00
    endloop
  endfacet
  facet normal -5.000000E-01 -8.660254E-01 0.000000E+00
    outer loop
      vertex 7.650000E+01 4.514102E+00 5.000000E+00
      vertex 7.950000E+01 2.782051E+00 5.000000E+00
      vertex 7.650000E+01 4.514102E+00 7.000000E+00
    endloop
  endfacet
  facet normal 5.000000E-01 -8.660254E-01 0.000000E+00
    outer loop
      vertex 7.350000E+01 2.782051E+00 7.000000E+00
      vertex 7.650000E+01 4.514102E+00 5.000000E+00
      vertex 7.650000E+01 4.514102E+00 7.000000E+00
    endloop
  endfacet
  facet normal 5.000000E-01 -8.660254E-01 0.000000E+00
    outer loop
      vertex 7.350000E+01 2.782051E+00 5.000000E+00
      vertex 7.650000E+01 4.514102E+00 5.000000E+00
      vertex 7.350000E+01 2.782051E+00 7.000000E+00
    endloop
  endfacet
  facet normal 1.000000E+00 -0.000000E+00 0.000000E+00
    outer loop
      vertex 7.350000E+01 -6.820508E-01 7.000000E+00
      vertex 7.350000E+01 2.782051E+00 5.000000E+00
      vertex 7.350000E+01 2.782051E+00 7.000000E+00
    endloop
  endfacet
  facet normal 1.000000E+00 0.000000E+00 0.000000E+00
    outer loop
      vertex 7.350000E+01 -6.820508E-01 5.000000E+00
      vertex 7.350000E+01 2.782051E+00 5.000000E+00
      vertex 7.350000E+01 -6.820508E-01 7.000000E+00
    endloop
  endfacet
  facet normal 5.000000E-01 8.660254E-01 0.000000E+00
    outer loop
      vertex 7.650000E+01 -2.414102E+00 7.000000E+00
      vertex 7.350000E+01 -6.820508E-01 5.000000E+00
      vertex 7.350000E+01 -6.820508E-01 7.000000E+00
    endloop
  endfacet
  facet normal 5.000000E-01 8.660254E-01 -0.000000E+00
    outer loop
      vertex 7.650000E+01 -2.414102E+00 5.000000E+00
      vertex 7.350000E+01 -6.820508E-01 5.000000E+00
      vertex 7.650000E+01 -2.414102E+00 7.000000E+00
    endloop
  endfacet
  facet normal 0.000000E+00 0.000000E+00 1.000000E+00
    outer loop
      vertex 7.650000E+01 4.514102E+00 5.000000E+00
      vertex 7.706148E+01 2.654602E+00 5.000000E+00
      vertex 7.740446E+01 2.489431E+00 5.000000E+00
    endloop
  endfacet
  facet normal 0.000000E+00 0.000000E+00 1.000000E+00
    outer loop
      vertex 7.650000E+01 4.514102E+00 5.000000E+00
      vertex 7.669034E+01 2.739311E+00 5.000000E+00
      vertex 7.706148E+01 2.654602E+00 5.000000E+00
    endloop
  endfacet
  facet normal 0.000000E+00 0.000000E+00 1.000000E+00
    outer loop
      vertex 7.650000E+01 4.514102E+00 5.000000E+00
      vertex 7.630966E+01 2.739311E+00 5.000000E+00
      vertex 7.669034E+01 2.739311E+00 5.000000E+00
    endloop
  endfacet
  facet normal 0.000000E+00 0.000000E+00 1.000000E+00
    outer loop
      vertex 7.650000E+01 4.514102E+00 5.000000E+00
      vertex 7.593852E+01 2.654602E+00 5.000000E+00
      vertex 7.630966E+01 2.739311E+00 5.000000E+00
    endloop
  endfacet
  facet normal 0.000000E+00 0.000000E+00 1.000000E+00
    outer loop
      vertex 7.650000E+01 4.514102E+00 5.000000E+00
      vertex 7.559554E+01 2.489431E+00 5.000000E+00
      vertex 7.593852E+01 2.654602E+00 5.000000E+00
    endloop
  endfacet
  facet normal 0.000000E+00 0.000000E+00 1.000000E+00
    outer loop
      vertex 7.506057E+01 1.455455E-01 5.000000E+00
      vertex 7.350000E+01 -6.820508E-01 5.000000E+00
      vertex 7.529792E+01 -1.520815E-01 5.000000E+00
    endloop
  endfacet
  facet normal 0.000000E+00 0.000000E+00 1.000000E+00
    outer loop
      vertex 7.650000E+01 4.514102E+00 5.000000E+00
      vertex 7.350000E+01 2.782051E+00 5.000000E+00
      vertex 7.559554E+01 2.489431E+00 5.000000E+00
    endloop
  endfacet
  facet normal 0.000000E+00 0.000000E+00 1.000000E+00
    outer loop
      vertex 7.562053E+01 -4.048282E-01 5.000000E+00
      vertex 7.350000E+01 -6.820508E-01 5.000000E+00
      vertex 7.650000E+01 -2.414102E+00 5.000000E+00
    endloop
  endfacet
  facet normal 0.000000E+00 0.000000E+00 1.000000E+00
    outer loop
      vertex 7.950000E+01 2.782051E+00 5.000000E+00
      vertex 7.740446E+01 2.489431E+00 5.000000E+00
      vertex 7.770208E+01 2.252082E+00 5.000000E+00
    endloop
  endfacet
  facet normal 0.000000E+00 0.000000E+00 1.000000E+00
    outer loop
      vertex 7.950000E+01 2.782051E+00 5.000000E+00
      vertex 7.812302E+01 1.555755E+00 5.000000E+00
      vertex 7.819690E+01 1.152643E+00 5.000000E+00
    endloop
  endfacet
  facet normal 0.000000E+00 0.000000E+00 1.000000E+00
    outer loop
      vertex 7.950000E+01 2.782051E+00 5.000000E+00
      vertex 7.795483E+01 1.929474E+00 5.000000E+00
      vertex 7.812302E+01 1.555755E+00 5.000000E+00
    endloop
  endfacet
  facet normal 0.000000E+00 0.000000E+00 1.000000E+00
    outer loop
      vertex 7.562053E+01 -4.048282E-01 5.000000E+00
      vertex 7.529792E+01 -1.520815E-01 5.000000E+00
      vertex 7.350000E+01 -6.820508E-01 5.000000E+00
    endloop
  endfacet
  facet normal 0.000000E+00 0.000000E+00 1.000000E+00
    outer loop
      vertex 7.950000E+01 2.782051E+00 5.000000E+00
      vertex 7.770208E+01 2.252082E+00 5.000000E+00
      vertex 7.795483E+01 1.929474E+00 5.000000E+00
    endloop
  endfacet
  facet normal 0.000000E+00 0.000000E+00 1.000000E+00
    outer loop
      vertex 7.950000E+01 2.782051E+00 5.000000E+00
      vertex 7.819690E+01 1.152643E+00 5.000000E+00
      vertex 7.950000E+01 -6.820508E-01 5.000000E+00
    endloop
  endfacet
  facet normal 0.000000E+00 0.000000E+00 1.000000E+00
    outer loop
      vertex 7.489540E+01 4.885256E-01 5.000000E+00
      vertex 7.350000E+01 -6.820508E-01 5.000000E+00
      vertex 7.506057E+01 1.455455E-01 5.000000E+00
    endloop
  endfacet
  facet normal 0.000000E+00 0.000000E+00 1.000000E+00
    outer loop
      vertex 7.950000E+01 2.782051E+00 5.000000E+00
      vertex 7.650000E+01 4.514102E+00 5.000000E+00
      vertex 7.740446E+01 2.489431E+00 5.000000E+00
    endloop
  endfacet
  facet normal 0.000000E+00 0.000000E+00 1.000000E+00
    outer loop
      vertex 7.599425E+01 -5.730255E-01 5.000000E+00
      vertex 7.562053E+01 -4.048282E-01 5.000000E+00
      vertex 7.650000E+01 -2.414102E+00 5.000000E+00
    endloop
  endfacet
  facet normal 0.000000E+00 0.000000E+00 1.000000E+00
    outer loop
      vertex 7.481069E+01 8.596604E-01 5.000000E+00
      vertex 7.350000E+01 -6.820508E-01 5.000000E+00
      vertex 7.489540E+01 4.885256E-01 5.000000E+00
    endloop
  endfacet
  facet normal 0.000000E+00 0.000000E+00 1.000000E+00
    outer loop
      vertex 7.639735E+01 -6.468984E-01 5.000000E+00
      vertex 7.599425E+01 -5.730255E-01 5.000000E+00
      vertex 7.650000E+01 -2.414102E+00 5.000000E+00
    endloop
  endfacet
  facet normal 0.000000E+00 0.000000E+00 1.000000E+00
    outer loop
      vertex 7.481069E+01 1.240340E+00 5.000000E+00
      vertex 7.350000E+01 -6.820508E-01 5.000000E+00
      vertex 7.481069E+01 8.596604E-01 5.000000E+00
    endloop
  endfacet
  facet normal 0.000000E+00 0.000000E+00 1.000000E+00
    outer loop
      vertex 7.680643E+01 -6.221538E-01 5.000000E+00
      vertex 7.639735E+01 -6.468984E-01 5.000000E+00
      vertex 7.650000E+01 -2.414102E+00 5.000000E+00
    endloop
  endfacet
  facet normal 0.000000E+00 0.000000E+00 1.000000E+00
    outer loop
      vertex 7.350000E+01 2.782051E+00 5.000000E+00
      vertex 7.350000E+01 -6.820508E-01 5.000000E+00
      vertex 7.481069E+01 1.240340E+00 5.000000E+00
    endloop
  endfacet
  facet normal 0.000000E+00 0.000000E+00 1.000000E+00
    outer loop
      vertex 7.489540E+01 1.611474E+00 5.000000E+00
      vertex 7.350000E+01 2.782051E+00 5.000000E+00
      vertex 7.481069E+01 1.240340E+00 5.000000E+00
    endloop
  endfacet
  facet normal 0.000000E+00 0.000000E+00 1.000000E+00
    outer loop
      vertex 7.719770E+01 -5.002297E-01 5.000000E+00
      vertex 7.680643E+01 -6.221538E-01 5.000000E+00
      vertex 7.650000E+01 -2.414102E+00 5.000000E+00
    endloop
  endfacet
  facet normal 0.000000E+00 0.000000E+00 1.000000E+00
    outer loop
      vertex 7.506057E+01 1.954455E+00 5.000000E+00
      vertex 7.350000E+01 2.782051E+00 5.000000E+00
      vertex 7.489540E+01 1.611474E+00 5.000000E+00
    endloop
  endfacet
  facet normal 0.000000E+00 0.000000E+00 1.000000E+00
    outer loop
      vertex 7.529792E+01 2.252082E+00 5.000000E+00
      vertex 7.350000E+01 2.782051E+00 5.000000E+00
      vertex 7.506057E+01 1.954455E+00 5.000000E+00
    endloop
  endfacet
  facet normal 0.000000E+00 0.000000E+00 1.000000E+00
    outer loop
      vertex 7.559554E+01 2.489431E+00 5.000000E+00
      vertex 7.350000E+01 2.782051E+00 5.000000E+00
      vertex 7.529792E+01 2.252082E+00 5.000000E+00
    endloop
  endfacet
  facet normal 0.000000E+00 0.000000E+00 1.000000E+00
    outer loop
      vertex 7.950000E+01 -6.820508E-01 5.000000E+00
      vertex 7.754842E+01 -2.882119E-01 5.000000E+00
      vertex 7.719770E+01 -5.002297E-01 5.000000E+00
    endloop
  endfacet
  facet normal 0.000000E+00 0.000000E+00 1.000000E+00
    outer loop
      vertex 7.950000E+01 -6.820508E-01 5.000000E+00
      vertex 7.783821E+01 1.577917E-03 5.000000E+00
      vertex 7.754842E+01 -2.882119E-01 5.000000E+00
    endloop
  endfacet
  facet normal 0.000000E+00 0.000000E+00 1.000000E+00
    outer loop
      vertex 7.950000E+01 -6.820508E-01 5.000000E+00
      vertex 7.805023E+01 3.522982E-01 5.000000E+00
      vertex 7.783821E+01 1.577917E-03 5.000000E+00
    endloop
  endfacet
  facet normal 0.000000E+00 0.000000E+00 1.000000E+00
    outer loop
      vertex 7.950000E+01 -6.820508E-01 5.000000E+00
      vertex 7.719770E+01 -5.002297E-01 5.000000E+00
      vertex 7.650000E+01 -2.414102E+00 5.000000E+00
    endloop
  endfacet
  facet normal 0.000000E+00 0.000000E+00 1.000000E+00
    outer loop
      vertex 7.817216E+01 7.435665E-01 5.000000E+00
      vertex 7.805023E+01 3.522982E-01 5.000000E+00
      vertex 7.950000E+01 -6.820508E-01 5.000000E+00
    endloop
  endfacet
  facet normal 0.000000E+00 0.000000E+00 1.000000E+00
    outer loop
      vertex 7.819690E+01 1.152643E+00 5.000000E+00
      vertex 7.817216E+01 7.435665E-01 5.000000E+00
      vertex 7.950000E+01 -6.820508E-01 5.000000E+00
    endloop
  endfacet
  facet normal 0.000000E+00 0.000000E+00 1.000000E+00
    outer loop
      vertex 7.350000E+01 -6.820508E-01 7.000000E+00
      vertex 7.202891E+01 -2.951164E+00 7.000000E+00
      vertex 7.312464E+01 -3.910539E+00 7.000000E+00
    endloop
  endfacet
  facet normal 0.000000E+00 0.000000E+00 1.000000E+00
    outer loop
      vertex 7.350000E+01 -6.820508E-01 7.000000E+00
      vertex 7.119659E+01 -1.756051E+00 7.000000E+00
      vertex 7.202891E+01 -2.951164E+00 7.000000E+00
    endloop
  endfacet
  facet normal 0.000000E+00 0.000000E+00 1.000000E+00
    outer loop
      vertex 7.350000E+01 -6.820508E-01 7.000000E+00
      vertex 7.067675E+01 -3.956114E-01 7.000000E+00
      vertex 7.119659E+01 -1.756051E+00 7.000000E+00
    endloop
  endfacet
  facet normal 0.000000E+00 0.000000E+00 1.000000E+00
    outer loop
      vertex 7.350000E+01 -6.820508E-01 7.000000E+00
      vertex 7.050000E+01 1.050000E+00 7.000000E+00
      vertex 7.067675E+01 -3.956114E-01 7.000000E+00
    endloop
  endfacet
  facet normal 0.000000E+00 0.000000E+00 1.000000E+00
    outer loop
      vertex 7.650000E+01 -2.414102E+00 7.000000E+00
      vertex 7.583644E+01 -4.913194E+00 7.000000E+00
      vertex 7.729273E+01 -4.897401E+00 7.000000E+00
    endloop
  endfacet
  facet normal 0.000000E+00 0.000000E+00 1.000000E+00
    outer loop
      vertex 7.650000E+01 -2.414102E+00 7.000000E+00
      vertex 7.441924E+01 -4.577651E+00 7.000000E+00
      vertex 7.583644E+01 -4.913194E+00 7.000000E+00
    endloop
  endfacet
  facet normal 0.000000E+00 0.000000E+00 1.000000E+00
    outer loop
      vertex 7.650000E+01 -2.414102E+00 7.000000E+00
      vertex 7.312464E+01 -3.910539E+00 7.000000E+00
      vertex 7.441924E+01 -4.577651E+00 7.000000E+00
    endloop
  endfacet
  facet normal 0.000000E+00 0.000000E+00 1.000000E+00
    outer loop
      vertex 7.650000E+01 -2.414102E+00 7.000000E+00
      vertex 7.350000E+01 -6.820508E-01 7.000000E+00
      vertex 7.312464E+01 -3.910539E+00 7.000000E+00
    endloop
  endfacet
  facet normal 0.000000E+00 0.000000E+00 1.000000E+00
    outer loop
      vertex 7.870232E+01 -4.531201E+00 7.000000E+00
      vertex 7.650000E+01 -2.414102E+00 7.000000E+00
      vertex 7.729273E+01 -4.897401E+00 7.000000E+00
    endloop
  endfacet
  facet normal 0.000000E+00 0.000000E+00 1.000000E+00
    outer loop
      vertex 7.998215E+01 -3.836170E+00 7.000000E+00
      vertex 7.650000E+01 -2.414102E+00 7.000000E+00
      vertex 7.870232E+01 -4.531201E+00 7.000000E+00
    endloop
  endfacet
  facet normal 0.000000E+00 0.000000E+00 1.000000E+00
    outer loop
      vertex 7.350000E+01 2.782051E+00 7.000000E+00
      vertex 7.067435E+01 2.485894E+00 7.000000E+00
      vertex 7.050000E+01 1.050000E+00 7.000000E+00
    endloop
  endfacet
  facet normal 0.000000E+00 0.000000E+00 1.000000E+00
    outer loop
      vertex 7.350000E+01 2.782051E+00 7.000000E+00
      vertex 7.118726E+01 3.838339E+00 7.000000E+00
      vertex 7.067435E+01 2.485894E+00 7.000000E+00
    endloop
  endfacet
  facet normal 0.000000E+00 0.000000E+00 1.000000E+00
    outer loop
      vertex 7.350000E+01 2.782051E+00 7.000000E+00
      vertex 7.050000E+01 1.050000E+00 7.000000E+00
      vertex 7.350000E+01 -6.820508E-01 7.000000E+00
    endloop
  endfacet
  facet normal 0.000000E+00 0.000000E+00 1.000000E+00
    outer loop
      vertex 7.200893E+01 5.028736E+00 7.000000E+00
      vertex 7.118726E+01 3.838339E+00 7.000000E+00
      vertex 7.350000E+01 2.782051E+00 7.000000E+00
    endloop
  endfacet
  facet normal 0.000000E+00 0.000000E+00 1.000000E+00
    outer loop
      vertex 7.950000E+01 -6.820508E-01 7.000000E+00
      vertex 7.998215E+01 -3.836170E+00 7.000000E+00
      vertex 8.103558E+01 -2.877908E+00 7.000000E+00
    endloop
  endfacet
  facet normal 0.000000E+00 0.000000E+00 1.000000E+00
    outer loop
      vertex 7.950000E+01 -6.820508E-01 7.000000E+00
      vertex 7.650000E+01 -2.414102E+00 7.000000E+00
      vertex 7.998215E+01 -3.836170E+00 7.000000E+00
    endloop
  endfacet
  facet normal 0.000000E+00 0.000000E+00 1.000000E+00
    outer loop
      vertex 7.309161E+01 5.987903E+00 7.000000E+00
      vertex 7.200893E+01 5.028736E+00 7.000000E+00
      vertex 7.350000E+01 2.782051E+00 7.000000E+00
    endloop
  endfacet
  facet normal 0.000000E+00 0.000000E+00 1.000000E+00
    outer loop
      vertex 8.183352E+01 -1.698374E+00 7.000000E+00
      vertex 7.950000E+01 -6.820508E-01 7.000000E+00
      vertex 8.103558E+01 -2.877908E+00 7.000000E+00
    endloop
  endfacet
  facet normal 0.000000E+00 0.000000E+00 1.000000E+00
    outer loop
      vertex 7.650000E+01 4.514102E+00 7.000000E+00
      vertex 7.309161E+01 5.987903E+00 7.000000E+00
      vertex 7.350000E+01 2.782051E+00 7.000000E+00
    endloop
  endfacet
  facet normal 0.000000E+00 0.000000E+00 1.000000E+00
    outer loop
      vertex 7.437237E+01 6.660098E+00 7.000000E+00
      vertex 7.309161E+01 5.987903E+00 7.000000E+00
      vertex 7.650000E+01 4.514102E+00 7.000000E+00
    endloop
  endfacet
  facet normal 0.000000E+00 0.000000E+00 1.000000E+00
    outer loop
      vertex 8.233100E+01 -3.640152E-01 7.000000E+00
      vertex 7.950000E+01 -6.820508E-01 7.000000E+00
      vertex 8.183352E+01 -1.698374E+00 7.000000E+00
    endloop
  endfacet
  facet normal 0.000000E+00 0.000000E+00 1.000000E+00
    outer loop
      vertex 7.577678E+01 7.006253E+00 7.000000E+00
      vertex 7.437237E+01 6.660098E+00 7.000000E+00
      vertex 7.650000E+01 4.514102E+00 7.000000E+00
    endloop
  endfacet
  facet normal 0.000000E+00 0.000000E+00 1.000000E+00
    outer loop
      vertex 8.250000E+01 1.050000E+00 7.000000E+00
      vertex 7.950000E+01 2.782051E+00 7.000000E+00
      vertex 7.950000E+01 -6.820508E-01 7.000000E+00
    endloop
  endfacet
  facet normal 0.000000E+00 0.000000E+00 1.000000E+00
    outer loop
      vertex 8.250000E+01 1.050000E+00 7.000000E+00
      vertex 7.950000E+01 -6.820508E-01 7.000000E+00
      vertex 8.233100E+01 -3.640152E-01 7.000000E+00
    endloop
  endfacet
  facet normal 0.000000E+00 0.000000E+00 1.000000E+00
    outer loop
      vertex 7.722322E+01 7.006253E+00 7.000000E+00
      vertex 7.577678E+01 7.006253E+00 7.000000E+00
      vertex 7.650000E+01 4.514102E+00 7.000000E+00
    endloop
  endfacet
  facet normal 0.000000E+00 0.000000E+00 1.000000E+00
    outer loop
      vertex 8.232565E+01 2.485894E+00 7.000000E+00
      vertex 7.950000E+01 2.782051E+00 7.000000E+00
      vertex 8.250000E+01 1.050000E+00 7.000000E+00
    endloop
  endfacet
  facet normal 0.000000E+00 0.000000E+00 1.000000E+00
    outer loop
      vertex 7.862763E+01 6.660098E+00 7.000000E+00
      vertex 7.722322E+01 7.006253E+00 7.000000E+00
      vertex 7.650000E+01 4.514102E+00 7.000000E+00
    endloop
  endfacet
  facet normal 0.000000E+00 0.000000E+00 1.000000E+00
    outer loop
      vertex 8.181274E+01 3.838339E+00 7.000000E+00
      vertex 7.950000E+01 2.782051E+00 7.000000E+00
      vertex 8.232565E+01 2.485894E+00 7.000000E+00
    endloop
  endfacet
  facet normal 0.000000E+00 0.000000E+00 1.000000E+00
    outer loop
      vertex 7.990839E+01 5.987903E+00 7.000000E+00
      vertex 7.650000E+01 4.514102E+00 7.000000E+00
      vertex 7.950000E+01 2.782051E+00 7.000000E+00
    endloop
  endfacet
  facet normal 0.000000E+00 0.000000E+00 1.000000E+00
    outer loop
      vertex 7.990839E+01 5.987903E+00 7.000000E+00
      vertex 7.862763E+01 6.660098E+00 7.000000E+00
      vertex 7.650000E+01 4.514102E+00 7.000000E+00
    endloop
  endfacet
  facet normal 0.000000E+00 0.000000E+00 1.000000E+00
    outer loop
      vertex 8.099107E+01 5.028736E+00 7.000000E+00
      vertex 7.990839E+01 5.987903E+00 7.000000E+00
      vertex 7.950000E+01 2.782051E+00 7.000000E+00
    endloop
  endfacet
  facet normal 0.000000E+00 0.000000E+00 1.000000E+00
    outer loop
      vertex 8.099107E+01 5.028736E+00 7.000000E+00
      vertex 7.950000E+01 2.782051E+00 7.000000E+00
      vertex 8.181274E+01 3.838339E+00 7.000000E+00
    endloop
  endfacet
  facet normal -9.927092E-01 -1.205342E-01 0.000000E+00
    outer loop
      vertex 9.320000E+01 -2.250000E+00 0.000000E+00
      vertex 9.320000E+01 -2.250000E+00 1.400000E+00
      vertex 9.313607E+01 -1.723505E+00 0.000000E+00
    endloop
  endfacet
  facet normal -9.350188E-01 -3.545980E-01 0.000000E+00
    outer loop
      vertex 9.313607E+01 -1.723505E+00 0.000000E+00
      vertex 9.313607E+01 -1.723505E+00 1.400000E+00
      vertex 9.294801E+01 -1.227609E+00 0.000000E+00
    endloop
  endfacet
  facet normal -9.927092E-01 -1.205342E-01 0.000000E+00
    outer loop
      vertex 9.320000E+01 -2.250000E+00 1.400000E+00
      vertex 9.313607E+01 -1.723505E+00 1.400000E+00
      vertex 9.313607E+01 -1.723505E+00 0.000000E+00
    endloop
  endfacet
  facet normal -8.229793E-01 -5.680713E-01 0.000000E+00
    outer loop
      vertex 9.294801E+01 -1.227609E+00 0.000000E+00
      vertex 9.294801E+01 -1.227609E+00 1.400000E+00
      vertex 9.264672E+01 -7.911301E-01 0.000000E+00
    endloop
  endfacet
  facet normal -9.350188E-01 -3.545980E-01 0.000000E+00
    outer loop
      vertex 9.313607E+01 -1.723505E+00 1.400000E+00
      vertex 9.294801E+01 -1.227609E+00 1.400000E+00
      vertex 9.294801E+01 -1.227609E+00 0.000000E+00
    endloop
  endfacet
  facet normal -6.631235E-01 -7.485100E-01 0.000000E+00
    outer loop
      vertex 9.264672E+01 -7.911301E-01 0.000000E+00
      vertex 9.264672E+01 -7.911301E-01 1.400000E+00
      vertex 9.224974E+01 -4.394355E-01 0.000000E+00
    endloop
  endfacet
  facet normal -8.229793E-01 -5.680713E-01 0.000000E+00
    outer loop
      vertex 9.294801E+01 -1.227609E+00 1.400000E+00
      vertex 9.264672E+01 -7.911301E-01 1.400000E+00
      vertex 9.264672E+01 -7.911301E-01 0.000000E+00
    endloop
  endfacet
  facet normal -4.647228E-01 -8.854562E-01 0.000000E+00
    outer loop
      vertex 9.224974E+01 -4.394355E-01 0.000000E+00
      vertex 9.224974E+01 -4.394355E-01 1.400000E+00
      vertex 9.178013E+01 -1.929643E-01 0.000000E+00
    endloop
  endfacet
  facet normal -6.631235E-01 -7.485100E-01 0.000000E+00
    outer loop
      vertex 9.264672E+01 -7.911301E-01 1.400000E+00
      vertex 9.224974E+01 -4.394355E-01 1.400000E+00
      vertex 9.224974E+01 -4.394355E-01 0.000000E+00
    endloop
  endfacet
  facet normal -2.393175E-01 -9.709414E-01 0.000000E+00
    outer loop
      vertex 9.178013E+01 -1.929643E-01 0.000000E+00
      vertex 9.178013E+01 -1.929643E-01 1.400000E+00
      vertex 9.126518E+01 -6.604048E-02 0.000000E+00
    endloop
  endfacet
  facet normal -4.647228E-01 -8.854562E-01 0.000000E+00
    outer loop
      vertex 9.224974E+01 -4.394355E-01 1.400000E+00
      vertex 9.178013E+01 -1.929643E-01 1.400000E+00
      vertex 9.178013E+01 -1.929643E-01 0.000000E+00
    endloop
  endfacet
  facet normal 0.000000E+00 -1.000000E+00 0.000000E+00
    outer loop
      vertex 9.126518E+01 -6.604048E-02 0.000000E+00
      vertex 9.126518E+01 -6.604048E-02 1.400000E+00
      vertex 9.073482E+01 -6.604048E-02 0.000000E+00
    endloop
  endfacet
  facet normal -2.393175E-01 -9.709414E-01 0.000000E+00
    outer loop
      vertex 9.178013E+01 -1.929643E-01 1.400000E+00
      vertex 9.126518E+01 -6.604048E-02 1.400000E+00
      vertex 9.126518E+01 -6.604048E-02 0.000000E+00
    endloop
  endfacet
  facet normal 2.393175E-01 -9.709414E-01 0.000000E+00
    outer loop
      vertex 9.073482E+01 -6.604048E-02 0.000000E+00
      vertex 9.073482E+01 -6.604048E-02 1.400000E+00
      vertex 9.021987E+01 -1.929643E-01 0.000000E+00
    endloop
  endfacet
  facet normal -0.000000E+00 -1.000000E+00 0.000000E+00
    outer loop
      vertex 9.126518E+01 -6.604048E-02 1.400000E+00
      vertex 9.073482E+01 -6.604048E-02 1.400000E+00
      vertex 9.073482E+01 -6.604048E-02 0.000000E+00
    endloop
  endfacet
  facet normal 4.647228E-01 -8.854562E-01 0.000000E+00
    outer loop
      vertex 9.021987E+01 -1.929643E-01 0.000000E+00
      vertex 9.021987E+01 -1.929643E-01 1.400000E+00
      vertex 8.975026E+01 -4.394355E-01 0.000000E+00
    endloop
  endfacet
  facet normal 2.393175E-01 -9.709414E-01 0.000000E+00
    outer loop
      vertex 9.073482E+01 -6.604048E-02 1.400000E+00
      vertex 9.021987E+01 -1.929643E-01 1.400000E+00
      vertex 9.021987E+01 -1.929643E-01 0.000000E+00
    endloop
  endfacet
  facet normal 6.631235E-01 -7.485100E-01 0.000000E+00
    outer loop
      vertex 8.975026E+01 -4.394355E-01 0.000000E+00
      vertex 8.975026E+01 -4.394355E-01 1.400000E+00
      vertex 8.935328E+01 -7.911301E-01 0.000000E+00
    endloop
  endfacet
  facet normal 4.647228E-01 -8.854562E-01 0.000000E+00
    outer loop
      vertex 9.021987E+01 -1.929643E-01 1.400000E+00
      vertex 8.975026E+01 -4.394355E-01 1.400000E+00
      vertex 8.975026E+01 -4.394355E-01 0.000000E+00
    endloop
  endfacet
  facet normal 8.229793E-01 -5.680713E-01 0.000000E+00
    outer loop
      vertex 8.935328E+01 -7.911301E-01 0.000000E+00
      vertex 8.935328E+01 -7.911301E-01 1.400000E+00
      vertex 8.905199E+01 -1.227609E+00 0.000000E+00
    endloop
  endfacet
  facet normal 6.631235E-01 -7.485100E-01 0.000000E+00
    outer loop
      vertex 8.975026E+01 -4.394355E-01 1.400000E+00
      vertex 8.935328E+01 -7.911301E-01 1.400000E+00
      vertex 8.935328E+01 -7.911301E-01 0.000000E+00
    endloop
  endfacet
  facet normal 9.350188E-01 -3.545980E-01 0.000000E+00
    outer loop
      vertex 8.905199E+01 -1.227609E+00 0.000000E+00
      vertex 8.905199E+01 -1.227609E+00 1.400000E+00
      vertex 8.886393E+01 -1.723505E+00 0.000000E+00
    endloop
  endfacet
  facet normal 8.229793E-01 -5.680713E-01 0.000000E+00
    outer loop
      vertex 8.935328E+01 -7.911301E-01 1.400000E+00
      vertex 8.905199E+01 -1.227609E+00 1.400000E+00
      vertex 8.905199E+01 -1.227609E+00 0.000000E+00
    endloop
  endfacet
  facet normal 9.927092E-01 -1.205342E-01 0.000000E+00
    outer loop
      vertex 8.886393E+01 -1.723505E+00 0.000000E+00
      vertex 8.886393E+01 -1.723505E+00 1.400000E+00
      vertex 8.880000E+01 -2.250000E+00 0.000000E+00
    endloop
  endfacet
  facet normal 9.350188E-01 -3.545980E-01 0.000000E+00
    outer loop
      vertex 8.905199E+01 -1.227609E+00 1.400000E+00
      vertex 8.886393E+01 -1.723505E+00 1.400000E+00
      vertex 8.886393E+01 -1.723505E+00 0.000000E+00
    endloop
  endfacet
  facet normal 9.927092E-01 -1.205342E-01 0.000000E+00
    outer loop
      vertex 8.886393E+01 -1.723505E+00 1.400000E+00
      vertex 8.880000E+01 -2.250000E+00 1.400000E+00
      vertex 8.880000E+01 -2.250000E+00 0.000000E+00
    endloop
  endfacet
  facet normal 0.000000E+00 0.000000E+00 -1.000000E+00
    outer loop
      vertex 8.905813E+01 -3.283985E+00 1.400000E+00
      vertex 9.010178E+01 -3.045747E+00 1.400000E+00
      vertex 8.936121E+01 -3.717772E+00 1.400000E+00
    endloop
  endfacet
  facet normal 0.000000E+00 0.000000E+00 -1.000000E+00
    outer loop
      vertex 8.905813E+01 -3.283985E+00 1.400000E+00
      vertex 8.993745E+01 -2.807668E+00 1.400000E+00
      vertex 9.010178E+01 -3.045747E+00 1.400000E+00
    endloop
  endfacet
  facet normal 0.000000E+00 -0.000000E+00 -1.000000E+00
    outer loop
      vertex 9.178013E+01 -1.929643E-01 1.400000E+00
      vertex 9.224974E+01 -4.394355E-01 1.400000E+00
      vertex 9.168168E+01 -1.262419E+00 1.400000E+00
    endloop
  endfacet
  facet normal 0.000000E+00 0.000000E+00 -1.000000E+00
    outer loop
      vertex 9.178013E+01 -1.929643E-01 1.400000E+00
      vertex 9.168168E+01 -1.262419E+00 1.400000E+00
      vertex 9.142553E+01 -1.127980E+00 1.400000E+00
    endloop
  endfacet
  facet normal 0.000000E+00 0.000000E+00 -1.000000E+00
    outer loop
      vertex 8.891601E+01 -2.954957E+00 1.400000E+00
      vertex 8.993745E+01 -2.807668E+00 1.400000E+00
      vertex 8.905813E+01 -3.283985E+00 1.400000E+00
    endloop
  endfacet
  facet normal 0.000000E+00 0.000000E+00 -1.000000E+00
    outer loop
      vertex 8.891601E+01 -2.954957E+00 1.400000E+00
      vertex 8.983487E+01 -2.537179E+00 1.400000E+00
      vertex 8.993745E+01 -2.807668E+00 1.400000E+00
    endloop
  endfacet
  facet normal 0.000000E+00 0.000000E+00 -1.000000E+00
    outer loop
      vertex 9.189822E+01 -3.045747E+00 1.400000E+00
      vertex 9.264909E+01 -3.706191E+00 1.400000E+00
      vertex 9.225366E+01 -4.057851E+00 1.400000E+00
    endloop
  endfacet
  facet normal 0.000000E+00 0.000000E+00 -1.000000E+00
    outer loop
      vertex 9.168168E+01 -3.237581E+00 1.400000E+00
      vertex 9.225366E+01 -4.057851E+00 1.400000E+00
      vertex 9.178570E+01 -4.304914E+00 1.400000E+00
    endloop
  endfacet
  facet normal 0.000000E+00 0.000000E+00 -1.000000E+00
    outer loop
      vertex 9.168168E+01 -3.237581E+00 1.400000E+00
      vertex 9.189822E+01 -3.045747E+00 1.400000E+00
      vertex 9.225366E+01 -4.057851E+00 1.400000E+00
    endloop
  endfacet
  facet normal 0.000000E+00 0.000000E+00 -1.000000E+00
    outer loop
      vertex 9.206255E+01 -2.807668E+00 1.400000E+00
      vertex 9.294911E+01 -3.270279E+00 1.400000E+00
      vertex 9.264909E+01 -3.706191E+00 1.400000E+00
    endloop
  endfacet
  facet normal 0.000000E+00 -0.000000E+00 -1.000000E+00
    outer loop
      vertex 9.206255E+01 -2.807668E+00 1.400000E+00
      vertex 9.264909E+01 -3.706191E+00 1.400000E+00
      vertex 9.189822E+01 -3.045747E+00 1.400000E+00
    endloop
  endfacet
  facet normal 0.000000E+00 -0.000000E+00 -1.000000E+00
    outer loop
      vertex 9.142553E+01 -3.372020E+00 1.400000E+00
      vertex 9.178570E+01 -4.304914E+00 1.400000E+00
      vertex 9.127228E+01 -4.433086E+00 1.400000E+00
    endloop
  endfacet
  facet normal 0.000000E+00 0.000000E+00 -1.000000E+00
    outer loop
      vertex 9.142553E+01 -3.372020E+00 1.400000E+00
      vertex 9.168168E+01 -3.237581E+00 1.400000E+00
      vertex 9.178570E+01 -4.304914E+00 1.400000E+00
    endloop
  endfacet
  facet normal 0.000000E+00 0.000000E+00 -1.000000E+00
    outer loop
      vertex 9.216513E+01 -2.537179E+00 1.400000E+00
      vertex 9.313636E+01 -2.775337E+00 1.400000E+00
      vertex 9.294911E+01 -3.270279E+00 1.400000E+00
    endloop
  endfacet
  facet normal 0.000000E+00 -0.000000E+00 -1.000000E+00
    outer loop
      vertex 9.216513E+01 -2.537179E+00 1.400000E+00
      vertex 9.294911E+01 -3.270279E+00 1.400000E+00
      vertex 9.206255E+01 -2.807668E+00 1.400000E+00
    endloop
  endfacet
  facet normal 0.000000E+00 -0.000000E+00 -1.000000E+00
    outer loop
      vertex 9.114465E+01 -3.441251E+00 1.400000E+00
      vertex 9.127228E+01 -4.433086E+00 1.400000E+00
      vertex 9.074310E+01 -4.434950E+00 1.400000E+00
    endloop
  endfacet
  facet normal 0.000000E+00 0.000000E+00 -1.000000E+00
    outer loop
      vertex 8.882919E+01 -2.607219E+00 1.400000E+00
      vertex 8.980000E+01 -2.250000E+00 1.400000E+00
      vertex 8.983487E+01 -2.537179E+00 1.400000E+00
    endloop
  endfacet
  facet normal 0.000000E+00 0.000000E+00 -1.000000E+00
    outer loop
      vertex 9.114465E+01 -3.441251E+00 1.400000E+00
      vertex 9.142553E+01 -3.372020E+00 1.400000E+00
      vertex 9.127228E+01 -4.433086E+00 1.400000E+00
    endloop
  endfacet
  facet normal 0.000000E+00 0.000000E+00 -1.000000E+00
    outer loop
      vertex 8.882919E+01 -2.607219E+00 1.400000E+00
      vertex 8.983487E+01 -2.537179E+00 1.400000E+00
      vertex 8.891601E+01 -2.954957E+00 1.400000E+00
    endloop
  endfacet
  facet normal 0.000000E+00 -0.000000E+00 -1.000000E+00
    outer loop
      vertex 9.126518E+01 -6.604048E-02 1.400000E+00
      vertex 9.142553E+01 -1.127980E+00 1.400000E+00
      vertex 9.114465E+01 -1.058749E+00 1.400000E+00
    endloop
  endfacet
  facet normal 0.000000E+00 0.000000E+00 -1.000000E+00
    outer loop
      vertex 9.220000E+01 -2.250000E+00 1.400000E+00
      vertex 9.313607E+01 -1.723505E+00 1.400000E+00
      vertex 9.320000E+01 -2.250000E+00 1.400000E+00
    endloop
  endfacet
  facet normal 0.000000E+00 0.000000E+00 -1.000000E+00
    outer loop
      vertex 9.126518E+01 -6.604048E-02 1.400000E+00
      vertex 9.178013E+01 -1.929643E-01 1.400000E+00
      vertex 9.142553E+01 -1.127980E+00 1.400000E+00
    endloop
  endfacet
  facet normal 0.000000E+00 0.000000E+00 -1.000000E+00
    outer loop
      vertex 9.220000E+01 -2.250000E+00 1.400000E+00
      vertex 9.320000E+01 -2.250000E+00 1.400000E+00
      vertex 9.313636E+01 -2.775337E+00 1.400000E+00
    endloop
  endfacet
  facet normal 0.000000E+00 -0.000000E+00 -1.000000E+00
    outer loop
      vertex 9.220000E+01 -2.250000E+00 1.400000E+00
      vertex 9.313636E+01 -2.775337E+00 1.400000E+00
      vertex 9.216513E+01 -2.537179E+00 1.400000E+00
    endloop
  endfacet
  facet normal 0.000000E+00 0.000000E+00 -1.000000E+00
    outer loop
      vertex 8.880000E+01 -2.250000E+00 1.400000E+00
      vertex 8.980000E+01 -2.250000E+00 1.400000E+00
      vertex 8.882919E+01 -2.607219E+00 1.400000E+00
    endloop
  endfacet
  facet normal 0.000000E+00 0.000000E+00 -1.000000E+00
    outer loop
      vertex 9.085535E+01 -3.441251E+00 1.400000E+00
      vertex 9.074310E+01 -4.434950E+00 1.400000E+00
      vertex 9.022880E+01 -4.310399E+00 1.400000E+00
    endloop
  endfacet
  facet normal 0.000000E+00 -0.000000E+00 -1.000000E+00
    outer loop
      vertex 9.085535E+01 -3.441251E+00 1.400000E+00
      vertex 9.114465E+01 -3.441251E+00 1.400000E+00
      vertex 9.074310E+01 -4.434950E+00 1.400000E+00
    endloop
  endfacet
  facet normal 0.000000E+00 0.000000E+00 -1.000000E+00
    outer loop
      vertex 9.073482E+01 -6.604048E-02 1.400000E+00
      vertex 9.114465E+01 -1.058749E+00 1.400000E+00
      vertex 9.085535E+01 -1.058749E+00 1.400000E+00
    endloop
  endfacet
  facet normal 0.000000E+00 0.000000E+00 -1.000000E+00
    outer loop
      vertex 9.073482E+01 -6.604048E-02 1.400000E+00
      vertex 9.126518E+01 -6.604048E-02 1.400000E+00
      vertex 9.114465E+01 -1.058749E+00 1.400000E+00
    endloop
  endfacet
  facet normal 0.000000E+00 0.000000E+00 -1.000000E+00
    outer loop
      vertex 8.886393E+01 -1.723505E+00 1.400000E+00
      vertex 8.983487E+01 -1.962821E+00 1.400000E+00
      vertex 8.980000E+01 -2.250000E+00 1.400000E+00
    endloop
  endfacet
  facet normal 0.000000E+00 0.000000E+00 -1.000000E+00
    outer loop
      vertex 8.886393E+01 -1.723505E+00 1.400000E+00
      vertex 8.993745E+01 -1.692332E+00 1.400000E+00
      vertex 8.983487E+01 -1.962821E+00 1.400000E+00
    endloop
  endfacet
  facet normal 0.000000E+00 0.000000E+00 -1.000000E+00
    outer loop
      vertex 9.216513E+01 -1.962821E+00 1.400000E+00
      vertex 9.294801E+01 -1.227609E+00 1.400000E+00
      vertex 9.313607E+01 -1.723505E+00 1.400000E+00
    endloop
  endfacet
  facet normal 0.000000E+00 0.000000E+00 -1.000000E+00
    outer loop
      vertex 9.216513E+01 -1.962821E+00 1.400000E+00
      vertex 9.313607E+01 -1.723505E+00 1.400000E+00
      vertex 9.220000E+01 -2.250000E+00 1.400000E+00
    endloop
  endfacet
  facet normal 0.000000E+00 -0.000000E+00 -1.000000E+00
    outer loop
      vertex 8.886393E+01 -1.723505E+00 1.400000E+00
      vertex 8.980000E+01 -2.250000E+00 1.400000E+00
      vertex 8.880000E+01 -2.250000E+00 1.400000E+00
    endloop
  endfacet
  facet normal 0.000000E+00 0.000000E+00 -1.000000E+00
    outer loop
      vertex 9.021987E+01 -1.929643E-01 1.400000E+00
      vertex 9.085535E+01 -1.058749E+00 1.400000E+00
      vertex 9.057447E+01 -1.127980E+00 1.400000E+00
    endloop
  endfacet
  facet normal 0.000000E+00 0.000000E+00 -1.000000E+00
    outer loop
      vertex 9.021987E+01 -1.929643E-01 1.400000E+00
      vertex 9.073482E+01 -6.604048E-02 1.400000E+00
      vertex 9.085535E+01 -1.058749E+00 1.400000E+00
    endloop
  endfacet
  facet normal 0.000000E+00 -0.000000E+00 -1.000000E+00
    outer loop
      vertex 9.057447E+01 -3.372020E+00 1.400000E+00
      vertex 9.085535E+01 -3.441251E+00 1.400000E+00
      vertex 9.022880E+01 -4.310399E+00 1.400000E+00
    endloop
  endfacet
  facet normal 0.000000E+00 0.000000E+00 -1.000000E+00
    outer loop
      vertex 8.905199E+01 -1.227609E+00 1.400000E+00
      vertex 9.010178E+01 -1.454253E+00 1.400000E+00
      vertex 8.993745E+01 -1.692332E+00 1.400000E+00
    endloop
  endfacet
  facet normal 0.000000E+00 -0.000000E+00 -1.000000E+00
    outer loop
      vertex 8.905199E+01 -1.227609E+00 1.400000E+00
      vertex 8.993745E+01 -1.692332E+00 1.400000E+00
      vertex 8.886393E+01 -1.723505E+00 1.400000E+00
    endloop
  endfacet
  facet normal 0.000000E+00 0.000000E+00 -1.000000E+00
    outer loop
      vertex 8.975910E+01 -4.066638E+00 1.400000E+00
      vertex 9.057447E+01 -3.372020E+00 1.400000E+00
      vertex 9.022880E+01 -4.310399E+00 1.400000E+00
    endloop
  endfacet
  facet normal 0.000000E+00 0.000000E+00 -1.000000E+00
    outer loop
      vertex 8.975026E+01 -4.394355E-01 1.400000E+00
      vertex 9.021987E+01 -1.929643E-01 1.400000E+00
      vertex 9.057447E+01 -1.127980E+00 1.400000E+00
    endloop
  endfacet
  facet normal 0.000000E+00 0.000000E+00 -1.000000E+00
    outer loop
      vertex 8.975026E+01 -4.394355E-01 1.400000E+00
      vertex 9.057447E+01 -1.127980E+00 1.400000E+00
      vertex 9.031832E+01 -1.262419E+00 1.400000E+00
    endloop
  endfacet
  facet normal 0.000000E+00 0.000000E+00 -1.000000E+00
    outer loop
      vertex 9.206255E+01 -1.692332E+00 1.400000E+00
      vertex 9.294801E+01 -1.227609E+00 1.400000E+00
      vertex 9.216513E+01 -1.962821E+00 1.400000E+00
    endloop
  endfacet
  facet normal 0.000000E+00 0.000000E+00 -1.000000E+00
    outer loop
      vertex 8.935328E+01 -7.911301E-01 1.400000E+00
      vertex 9.031832E+01 -1.262419E+00 1.400000E+00
      vertex 9.010178E+01 -1.454253E+00 1.400000E+00
    endloop
  endfacet
  facet normal 0.000000E+00 0.000000E+00 -1.000000E+00
    outer loop
      vertex 8.935328E+01 -7.911301E-01 1.400000E+00
      vertex 8.975026E+01 -4.394355E-01 1.400000E+00
      vertex 9.031832E+01 -1.262419E+00 1.400000E+00
    endloop
  endfacet
  facet normal 0.000000E+00 -0.000000E+00 -1.000000E+00
    outer loop
      vertex 9.031832E+01 -3.237581E+00 1.400000E+00
      vertex 9.057447E+01 -3.372020E+00 1.400000E+00
      vertex 8.975910E+01 -4.066638E+00 1.400000E+00
    endloop
  endfacet
  facet normal 0.000000E+00 -0.000000E+00 -1.000000E+00
    outer loop
      vertex 8.935328E+01 -7.911301E-01 1.400000E+00
      vertex 9.010178E+01 -1.454253E+00 1.400000E+00
      vertex 8.905199E+01 -1.227609E+00 1.400000E+00
    endloop
  endfacet
  facet normal 0.000000E+00 -0.000000E+00 -1.000000E+00
    outer loop
      vertex 9.264672E+01 -7.911301E-01 1.400000E+00
      vertex 9.294801E+01 -1.227609E+00 1.400000E+00
      vertex 9.206255E+01 -1.692332E+00 1.400000E+00
    endloop
  endfacet
  facet normal 0.000000E+00 0.000000E+00 -1.000000E+00
    outer loop
      vertex 9.189822E+01 -1.454253E+00 1.400000E+00
      vertex 9.264672E+01 -7.911301E-01 1.400000E+00
      vertex 9.206255E+01 -1.692332E+00 1.400000E+00
    endloop
  endfacet
  facet normal 0.000000E+00 0.000000E+00 -1.000000E+00
    outer loop
      vertex 8.936121E+01 -3.717772E+00 1.400000E+00
      vertex 9.010178E+01 -3.045747E+00 1.400000E+00
      vertex 9.031832E+01 -3.237581E+00 1.400000E+00
    endloop
  endfacet
  facet normal 0.000000E+00 0.000000E+00 -1.000000E+00
    outer loop
      vertex 8.936121E+01 -3.717772E+00 1.400000E+00
      vertex 9.031832E+01 -3.237581E+00 1.400000E+00
      vertex 8.975910E+01 -4.066638E+00 1.400000E+00
    endloop
  endfacet
  facet normal 0.000000E+00 0.000000E+00 -1.000000E+00
    outer loop
      vertex 9.224974E+01 -4.394355E-01 1.400000E+00
      vertex 9.189822E+01 -1.454253E+00 1.400000E+00
      vertex 9.168168E+01 -1.262419E+00 1.400000E+00
    endloop
  endfacet
  facet normal 0.000000E+00 -0.000000E+00 -1.000000E+00
    outer loop
      vertex 9.224974E+01 -4.394355E-01 1.400000E+00
      vertex 9.264672E+01 -7.911301E-01 1.400000E+00
      vertex 9.189822E+01 -1.454253E+00 1.400000E+00
    endloop
  endfacet
  facet normal -9.927092E-01 -1.205341E-01 0.000000E+00
    outer loop
      vertex 9.320000E+01 2.475000E+01 0.000000E+00
      vertex 9.320000E+01 2.475000E+01 1.400000E+00
      vertex 9.313607E+01 2.527649E+01 0.000000E+00
    endloop
  endfacet
  facet normal -9.350185E-01 -3.545987E-01 0.000000E+00
    outer loop
      vertex 9.313607E+01 2.527649E+01 0.000000E+00
      vertex 9.313607E+01 2.527649E+01 1.400000E+00
      vertex 9.294801E+01 2.577239E+01 0.000000E+00
    endloop
  endfacet
  facet normal -9.927092E-01 -1.205341E-01 0.000000E+00
    outer loop
      vertex 9.320000E+01 2.475000E+01 1.400000E+00
      vertex 9.313607E+01 2.527649E+01 1.400000E+00
      vertex 9.313607E+01 2.527649E+01 0.000000E+00
    endloop
  endfacet
  facet normal -8.229797E-01 -5.680708E-01 0.000000E+00
    outer loop
      vertex 9.294801E+01 2.577239E+01 0.000000E+00
      vertex 9.294801E+01 2.577239E+01 1.400000E+00
      vertex 9.264672E+01 2.620887E+01 0.000000E+00
    endloop
  endfacet
  facet normal -9.350185E-01 -3.545987E-01 0.000000E+00
    outer loop
      vertex 9.313607E+01 2.527649E+01 1.400000E+00
      vertex 9.294801E+01 2.577239E+01 1.400000E+00
      vertex 9.294801E+01 2.577239E+01 0.000000E+00
    endloop
  endfacet
  facet normal -6.631229E-01 -7.485105E-01 0.000000E+00
    outer loop
      vertex 9.264672E+01 2.620887E+01 0.000000E+00
      vertex 9.264672E+01 2.620887E+01 1.400000E+00
      vertex 9.224974E+01 2.656056E+01 0.000000E+00
    endloop
  endfacet
  facet normal -8.229797E-01 -5.680708E-01 0.000000E+00
    outer loop
      vertex 9.294801E+01 2.577239E+01 1.400000E+00
      vertex 9.264672E+01 2.620887E+01 1.400000E+00
      vertex 9.264672E+01 2.620887E+01 0.000000E+00
    endloop
  endfacet
  facet normal -4.647231E-01 -8.854561E-01 0.000000E+00
    outer loop
      vertex 9.224974E+01 2.656056E+01 0.000000E+00
      vertex 9.224974E+01 2.656056E+01 1.400000E+00
      vertex 9.178013E+01 2.680704E+01 0.000000E+00
    endloop
  endfacet
  facet normal -6.631229E-01 -7.485105E-01 0.000000E+00
    outer loop
      vertex 9.264672E+01 2.620887E+01 1.400000E+00
      vertex 9.224974E+01 2.656056E+01 1.400000E+00
      vertex 9.224974E+01 2.656056E+01 0.000000E+00
    endloop
  endfacet
  facet normal -2.393187E-01 -9.709411E-01 0.000000E+00
    outer loop
      vertex 9.178013E+01 2.680704E+01 0.000000E+00
      vertex 9.178013E+01 2.680704E+01 1.400000E+00
      vertex 9.126518E+01 2.693396E+01 0.000000E+00
    endloop
  endfacet
  facet normal -4.647231E-01 -8.854561E-01 0.000000E+00
    outer loop
      vertex 9.224974E+01 2.656056E+01 1.400000E+00
      vertex 9.178013E+01 2.680704E+01 1.400000E+00
      vertex 9.178013E+01 2.680704E+01 0.000000E+00
    endloop
  endfacet
  facet normal 0.000000E+00 -1.000000E+00 0.000000E+00
    outer loop
      vertex 9.126518E+01 2.693396E+01 0.000000E+00
      vertex 9.126518E+01 2.693396E+01 1.400000E+00
      vertex 9.073482E+01 2.693396E+01 0.000000E+00
    endloop
  endfacet
  facet normal -2.393187E-01 -9.709411E-01 0.000000E+00
    outer loop
      vertex 9.178013E+01 2.680704E+01 1.400000E+00
      vertex 9.126518E+01 2.693396E+01 1.400000E+00
      vertex 9.126518E+01 2.693396E+01 0.000000E+00
    endloop
  endfacet
  facet normal 2.393187E-01 -9.709411E-01 0.000000E+00
    outer loop
      vertex 9.073482E+01 2.693396E+01 0.000000E+00
      vertex 9.073482E+01 2.693396E+01 1.400000E+00
      vertex 9.021987E+01 2.680704E+01 0.000000E+00
    endloop
  endfacet
  facet normal -0.000000E+00 -1.000000E+00 0.000000E+00
    outer loop
      vertex 9.126518E+01 2.693396E+01 1.400000E+00
      vertex 9.073482E+01 2.693396E+01 1.400000E+00
      vertex 9.073482E+01 2.693396E+01 0.000000E+00
    endloop
  endfacet
  facet normal 4.647231E-01 -8.854561E-01 0.000000E+00
    outer loop
      vertex 9.021987E+01 2.680704E+01 0.000000E+00
      vertex 9.021987E+01 2.680704E+01 1.400000E+00
      vertex 8.975026E+01 2.656056E+01 0.000000E+00
    endloop
  endfacet
  facet normal 2.393187E-01 -9.709411E-01 0.000000E+00
    outer loop
      vertex 9.073482E+01 2.693396E+01 1.400000E+00
      vertex 9.021987E+01 2.680704E+01 1.400000E+00
      vertex 9.021987E+01 2.680704E+01 0.000000E+00
    endloop
  endfacet
  facet normal 6.631229E-01 -7.485105E-01 0.000000E+00
    outer loop
      vertex 8.975026E+01 2.656056E+01 0.000000E+00
      vertex 8.975026E+01 2.656056E+01 1.400000E+00
      vertex 8.935328E+01 2.620887E+01 0.000000E+00
    endloop
  endfacet
  facet normal 4.647231E-01 -8.854561E-01 0.000000E+00
    outer loop
      vertex 9.021987E+01 2.680704E+01 1.400000E+00
      vertex 8.975026E+01 2.656056E+01 1.400000E+00
      vertex 8.975026E+01 2.656056E+01 0.000000E+00
    endloop
  endfacet
  facet normal 8.229797E-01 -5.680708E-01 0.000000E+00
    outer loop
      vertex 8.935328E+01 2.620887E+01 0.000000E+00
      vertex 8.935328E+01 2.620887E+01 1.400000E+00
      vertex 8.905199E+01 2.577239E+01 0.000000E+00
    endloop
  endfacet
  facet normal 6.631229E-01 -7.485105E-01 0.000000E+00
    outer loop
      vertex 8.975026E+01 2.656056E+01 1.400000E+00
      vertex 8.935328E+01 2.620887E+01 1.400000E+00
      vertex 8.935328E+01 2.620887E+01 0.000000E+00
    endloop
  endfacet
  facet normal 9.350185E-01 -3.545987E-01 0.000000E+00
    outer loop
      vertex 8.905199E+01 2.577239E+01 0.000000E+00
      vertex 8.905199E+01 2.577239E+01 1.400000E+00
      vertex 8.886393E+01 2.527649E+01 0.000000E+00
    endloop
  endfacet
  facet normal 8.229797E-01 -5.680708E-01 0.000000E+00
    outer loop
      vertex 8.935328E+01 2.620887E+01 1.400000E+00
      vertex 8.905199E+01 2.577239E+01 1.400000E+00
      vertex 8.905199E+01 2.577239E+01 0.000000E+00
    endloop
  endfacet
  facet normal 9.927092E-01 -1.205341E-01 0.000000E+00
    outer loop
      vertex 8.886393E+01 2.527649E+01 0.000000E+00
      vertex 8.886393E+01 2.527649E+01 1.400000E+00
      vertex 8.880000E+01 2.475000E+01 0.000000E+00
    endloop
  endfacet
  facet normal 9.350185E-01 -3.545987E-01 0.000000E+00
    outer loop
      vertex 8.905199E+01 2.577239E+01 1.400000E+00
      vertex 8.886393E+01 2.527649E+01 1.400000E+00
      vertex 8.886393E+01 2.527649E+01 0.000000E+00
    endloop
  endfacet
  facet normal 9.927092E-01 -1.205341E-01 0.000000E+00
    outer loop
      vertex 8.886393E+01 2.527649E+01 1.400000E+00
      vertex 8.880000E+01 2.475000E+01 1.400000E+00
      vertex 8.880000E+01 2.475000E+01 0.000000E+00
    endloop
  endfacet
  facet normal 0.000000E+00 0.000000E+00 -1.000000E+00
    outer loop
      vertex 8.899429E+01 2.384604E+01 1.400000E+00
      vertex 8.983487E+01 2.446282E+01 1.400000E+00
      vertex 8.993745E+01 2.419233E+01 1.400000E+00
    endloop
  endfacet
  facet normal 0.000000E+00 0.000000E+00 -1.000000E+00
    outer loop
      vertex 8.899429E+01 2.384604E+01 1.400000E+00
      vertex 8.993745E+01 2.419233E+01 1.400000E+00
      vertex 8.922903E+01 2.344475E+01 1.400000E+00
    endloop
  endfacet
  facet normal 0.000000E+00 -0.000000E+00 -1.000000E+00
    outer loop
      vertex 9.178013E+01 2.680704E+01 1.400000E+00
      vertex 9.224974E+01 2.656056E+01 1.400000E+00
      vertex 9.168168E+01 2.573758E+01 1.400000E+00
    endloop
  endfacet
  facet normal 0.000000E+00 0.000000E+00 -1.000000E+00
    outer loop
      vertex 9.178013E+01 2.680704E+01 1.400000E+00
      vertex 9.168168E+01 2.573758E+01 1.400000E+00
      vertex 9.142553E+01 2.587202E+01 1.400000E+00
    endloop
  endfacet
  facet normal 0.000000E+00 0.000000E+00 -1.000000E+00
    outer loop
      vertex 9.189822E+01 2.395425E+01 1.400000E+00
      vertex 9.270570E+01 2.336055E+01 1.400000E+00
      vertex 9.234775E+01 2.301116E+01 1.400000E+00
    endloop
  endfacet
  facet normal 0.000000E+00 0.000000E+00 -1.000000E+00
    outer loop
      vertex 9.168168E+01 2.376242E+01 1.400000E+00
      vertex 9.234775E+01 2.301116E+01 1.400000E+00
      vertex 9.192012E+01 2.275166E+01 1.400000E+00
    endloop
  endfacet
  facet normal 0.000000E+00 0.000000E+00 -1.000000E+00
    outer loop
      vertex 9.168168E+01 2.376242E+01 1.400000E+00
      vertex 9.189822E+01 2.395425E+01 1.400000E+00
      vertex 9.234775E+01 2.301116E+01 1.400000E+00
    endloop
  endfacet
  facet normal 0.000000E+00 0.000000E+00 -1.000000E+00
    outer loop
      vertex 9.206255E+01 2.419233E+01 1.400000E+00
      vertex 9.297548E+01 2.378176E+01 1.400000E+00
      vertex 9.270570E+01 2.336055E+01 1.400000E+00
    endloop
  endfacet
  facet normal 0.000000E+00 -0.000000E+00 -1.000000E+00
    outer loop
      vertex 9.206255E+01 2.419233E+01 1.400000E+00
      vertex 9.270570E+01 2.336055E+01 1.400000E+00
      vertex 9.189822E+01 2.395425E+01 1.400000E+00
    endloop
  endfacet
  facet normal 0.000000E+00 0.000000E+00 -1.000000E+00
    outer loop
      vertex 8.884912E+01 2.428770E+01 1.400000E+00
      vertex 8.980000E+01 2.475000E+01 1.400000E+00
      vertex 8.983487E+01 2.446282E+01 1.400000E+00
    endloop
  endfacet
  facet normal 0.000000E+00 0.000000E+00 -1.000000E+00
    outer loop
      vertex 9.142553E+01 2.362798E+01 1.400000E+00
      vertex 9.192012E+01 2.275166E+01 1.400000E+00
      vertex 9.144492E+01 2.259546E+01 1.400000E+00
    endloop
  endfacet
  facet normal 0.000000E+00 0.000000E+00 -1.000000E+00
    outer loop
      vertex 9.142553E+01 2.362798E+01 1.400000E+00
      vertex 9.168168E+01 2.376242E+01 1.400000E+00
      vertex 9.192012E+01 2.275166E+01 1.400000E+00
    endloop
  endfacet
  facet normal 0.000000E+00 0.000000E+00 -1.000000E+00
    outer loop
      vertex 8.884912E+01 2.428770E+01 1.400000E+00
      vertex 8.983487E+01 2.446282E+01 1.400000E+00
      vertex 8.899429E+01 2.384604E+01 1.400000E+00
    endloop
  endfacet
  facet normal 0.000000E+00 0.000000E+00 -1.000000E+00
    outer loop
      vertex 9.216513E+01 2.446282E+01 1.400000E+00
      vertex 9.314314E+01 2.425304E+01 1.400000E+00
      vertex 9.297548E+01 2.378176E+01 1.400000E+00
    endloop
  endfacet
  facet normal 0.000000E+00 -0.000000E+00 -1.000000E+00
    outer loop
      vertex 9.216513E+01 2.446282E+01 1.400000E+00
      vertex 9.297548E+01 2.378176E+01 1.400000E+00
      vertex 9.206255E+01 2.419233E+01 1.400000E+00
    endloop
  endfacet
  facet normal 0.000000E+00 -0.000000E+00 -1.000000E+00
    outer loop
      vertex 9.114465E+01 2.355875E+01 1.400000E+00
      vertex 9.144492E+01 2.259546E+01 1.400000E+00
      vertex 9.094673E+01 2.255065E+01 1.400000E+00
    endloop
  endfacet
  facet normal 0.000000E+00 0.000000E+00 -1.000000E+00
    outer loop
      vertex 9.114465E+01 2.355875E+01 1.400000E+00
      vertex 9.142553E+01 2.362798E+01 1.400000E+00
      vertex 9.144492E+01 2.259546E+01 1.400000E+00
    endloop
  endfacet
  facet normal 0.000000E+00 -0.000000E+00 -1.000000E+00
    outer loop
      vertex 9.126518E+01 2.693396E+01 1.400000E+00
      vertex 9.142553E+01 2.587202E+01 1.400000E+00
      vertex 9.114465E+01 2.594125E+01 1.400000E+00
    endloop
  endfacet
  facet normal 0.000000E+00 0.000000E+00 -1.000000E+00
    outer loop
      vertex 9.126518E+01 2.693396E+01 1.400000E+00
      vertex 9.178013E+01 2.680704E+01 1.400000E+00
      vertex 9.142553E+01 2.587202E+01 1.400000E+00
    endloop
  endfacet
  facet normal 0.000000E+00 0.000000E+00 -1.000000E+00
    outer loop
      vertex 9.220000E+01 2.475000E+01 1.400000E+00
      vertex 9.313607E+01 2.527649E+01 1.400000E+00
      vertex 9.320000E+01 2.475000E+01 1.400000E+00
    endloop
  endfacet
  facet normal 0.000000E+00 0.000000E+00 -1.000000E+00
    outer loop
      vertex 9.220000E+01 2.475000E+01 1.400000E+00
      vertex 9.320000E+01 2.475000E+01 1.400000E+00
      vertex 9.314314E+01 2.425304E+01 1.400000E+00
    endloop
  endfacet
  facet normal 0.000000E+00 -0.000000E+00 -1.000000E+00
    outer loop
      vertex 9.220000E+01 2.475000E+01 1.400000E+00
      vertex 9.314314E+01 2.425304E+01 1.400000E+00
      vertex 9.216513E+01 2.446282E+01 1.400000E+00
    endloop
  endfacet
  facet normal 0.000000E+00 0.000000E+00 -1.000000E+00
    outer loop
      vertex 8.880000E+01 2.475000E+01 1.400000E+00
      vertex 8.980000E+01 2.475000E+01 1.400000E+00
      vertex 8.884912E+01 2.428770E+01 1.400000E+00
    endloop
  endfacet
  facet normal 0.000000E+00 0.000000E+00 -1.000000E+00
    outer loop
      vertex 9.073482E+01 2.693396E+01 1.400000E+00
      vertex 9.114465E+01 2.594125E+01 1.400000E+00
      vertex 9.085535E+01 2.594125E+01 1.400000E+00
    endloop
  endfacet
  facet normal 0.000000E+00 -0.000000E+00 -1.000000E+00
    outer loop
      vertex 9.085535E+01 2.355875E+01 1.400000E+00
      vertex 9.094673E+01 2.255065E+01 1.400000E+00
      vertex 9.045129E+01 2.261953E+01 1.400000E+00
    endloop
  endfacet
  facet normal 0.000000E+00 0.000000E+00 -1.000000E+00
    outer loop
      vertex 9.073482E+01 2.693396E+01 1.400000E+00
      vertex 9.126518E+01 2.693396E+01 1.400000E+00
      vertex 9.114465E+01 2.594125E+01 1.400000E+00
    endloop
  endfacet
  facet normal 0.000000E+00 0.000000E+00 -1.000000E+00
    outer loop
      vertex 9.085535E+01 2.355875E+01 1.400000E+00
      vertex 9.114465E+01 2.355875E+01 1.400000E+00
      vertex 9.094673E+01 2.255065E+01 1.400000E+00
    endloop
  endfacet
  facet normal 0.000000E+00 0.000000E+00 -1.000000E+00
    outer loop
      vertex 8.886393E+01 2.527649E+01 1.400000E+00
      vertex 8.983487E+01 2.503718E+01 1.400000E+00
      vertex 8.980000E+01 2.475000E+01 1.400000E+00
    endloop
  endfacet
  facet normal 0.000000E+00 0.000000E+00 -1.000000E+00
    outer loop
      vertex 8.886393E+01 2.527649E+01 1.400000E+00
      vertex 8.993745E+01 2.530767E+01 1.400000E+00
      vertex 8.983487E+01 2.503718E+01 1.400000E+00
    endloop
  endfacet
  facet normal 0.000000E+00 -0.000000E+00 -1.000000E+00
    outer loop
      vertex 8.886393E+01 2.527649E+01 1.400000E+00
      vertex 8.980000E+01 2.475000E+01 1.400000E+00
      vertex 8.880000E+01 2.475000E+01 1.400000E+00
    endloop
  endfacet
  facet normal 0.000000E+00 0.000000E+00 -1.000000E+00
    outer loop
      vertex 9.216513E+01 2.503718E+01 1.400000E+00
      vertex 9.294801E+01 2.577239E+01 1.400000E+00
      vertex 9.313607E+01 2.527649E+01 1.400000E+00
    endloop
  endfacet
  facet normal 0.000000E+00 0.000000E+00 -1.000000E+00
    outer loop
      vertex 9.021987E+01 2.680704E+01 1.400000E+00
      vertex 9.085535E+01 2.594125E+01 1.400000E+00
      vertex 9.057447E+01 2.587202E+01 1.400000E+00
    endloop
  endfacet
  facet normal 0.000000E+00 0.000000E+00 -1.000000E+00
    outer loop
      vertex 9.216513E+01 2.503718E+01 1.400000E+00
      vertex 9.313607E+01 2.527649E+01 1.400000E+00
      vertex 9.220000E+01 2.475000E+01 1.400000E+00
    endloop
  endfacet
  facet normal 0.000000E+00 0.000000E+00 -1.000000E+00
    outer loop
      vertex 9.021987E+01 2.680704E+01 1.400000E+00
      vertex 9.073482E+01 2.693396E+01 1.400000E+00
      vertex 9.085535E+01 2.594125E+01 1.400000E+00
    endloop
  endfacet
  facet normal 0.000000E+00 0.000000E+00 -1.000000E+00
    outer loop
      vertex 9.057447E+01 2.362798E+01 1.400000E+00
      vertex 9.045129E+01 2.261953E+01 1.400000E+00
      vertex 8.998421E+01 2.279854E+01 1.400000E+00
    endloop
  endfacet
  facet normal 0.000000E+00 0.000000E+00 -1.000000E+00
    outer loop
      vertex 8.905199E+01 2.577239E+01 1.400000E+00
      vertex 9.010178E+01 2.554575E+01 1.400000E+00
      vertex 8.993745E+01 2.530767E+01 1.400000E+00
    endloop
  endfacet
  facet normal 0.000000E+00 -0.000000E+00 -1.000000E+00
    outer loop
      vertex 9.057447E+01 2.362798E+01 1.400000E+00
      vertex 9.085535E+01 2.355875E+01 1.400000E+00
      vertex 9.045129E+01 2.261953E+01 1.400000E+00
    endloop
  endfacet
  facet normal 0.000000E+00 -0.000000E+00 -1.000000E+00
    outer loop
      vertex 8.905199E+01 2.577239E+01 1.400000E+00
      vertex 8.993745E+01 2.530767E+01 1.400000E+00
      vertex 8.886393E+01 2.527649E+01 1.400000E+00
    endloop
  endfacet
  facet normal 0.000000E+00 0.000000E+00 -1.000000E+00
    outer loop
      vertex 8.975026E+01 2.656056E+01 1.400000E+00
      vertex 9.057447E+01 2.587202E+01 1.400000E+00
      vertex 9.031832E+01 2.573758E+01 1.400000E+00
    endloop
  endfacet
  facet normal 0.000000E+00 0.000000E+00 -1.000000E+00
    outer loop
      vertex 9.206255E+01 2.530767E+01 1.400000E+00
      vertex 9.294801E+01 2.577239E+01 1.400000E+00
      vertex 9.216513E+01 2.503718E+01 1.400000E+00
    endloop
  endfacet
  facet normal 0.000000E+00 0.000000E+00 -1.000000E+00
    outer loop
      vertex 8.975026E+01 2.656056E+01 1.400000E+00
      vertex 9.021987E+01 2.680704E+01 1.400000E+00
      vertex 9.057447E+01 2.587202E+01 1.400000E+00
    endloop
  endfacet
  facet normal 0.000000E+00 0.000000E+00 -1.000000E+00
    outer loop
      vertex 8.935328E+01 2.620887E+01 1.400000E+00
      vertex 9.031832E+01 2.573758E+01 1.400000E+00
      vertex 9.010178E+01 2.554575E+01 1.400000E+00
    endloop
  endfacet
  facet normal 0.000000E+00 0.000000E+00 -1.000000E+00
    outer loop
      vertex 8.935328E+01 2.620887E+01 1.400000E+00
      vertex 8.975026E+01 2.656056E+01 1.400000E+00
      vertex 9.031832E+01 2.573758E+01 1.400000E+00
    endloop
  endfacet
  facet normal 0.000000E+00 -0.000000E+00 -1.000000E+00
    outer loop
      vertex 8.935328E+01 2.620887E+01 1.400000E+00
      vertex 9.010178E+01 2.554575E+01 1.400000E+00
      vertex 8.905199E+01 2.577239E+01 1.400000E+00
    endloop
  endfacet
  facet normal 0.000000E+00 -0.000000E+00 -1.000000E+00
    outer loop
      vertex 9.031832E+01 2.376242E+01 1.400000E+00
      vertex 9.057447E+01 2.362798E+01 1.400000E+00
      vertex 8.998421E+01 2.279854E+01 1.400000E+00
    endloop
  endfacet
  facet normal 0.000000E+00 0.000000E+00 -1.000000E+00
    outer loop
      vertex 8.956966E+01 2.307844E+01 1.400000E+00
      vertex 9.031832E+01 2.376242E+01 1.400000E+00
      vertex 8.998421E+01 2.279854E+01 1.400000E+00
    endloop
  endfacet
  facet normal 0.000000E+00 -0.000000E+00 -1.000000E+00
    outer loop
      vertex 9.264672E+01 2.620887E+01 1.400000E+00
      vertex 9.294801E+01 2.577239E+01 1.400000E+00
      vertex 9.206255E+01 2.530767E+01 1.400000E+00
    endloop
  endfacet
  facet normal 0.000000E+00 0.000000E+00 -1.000000E+00
    outer loop
      vertex 9.189822E+01 2.554575E+01 1.400000E+00
      vertex 9.264672E+01 2.620887E+01 1.400000E+00
      vertex 9.206255E+01 2.530767E+01 1.400000E+00
    endloop
  endfacet
  facet normal 0.000000E+00 -0.000000E+00 -1.000000E+00
    outer loop
      vertex 9.010178E+01 2.395425E+01 1.400000E+00
      vertex 9.031832E+01 2.376242E+01 1.400000E+00
      vertex 8.956966E+01 2.307844E+01 1.400000E+00
    endloop
  endfacet
  facet normal 0.000000E+00 0.000000E+00 -1.000000E+00
    outer loop
      vertex 8.922903E+01 2.344475E+01 1.400000E+00
      vertex 9.010178E+01 2.395425E+01 1.400000E+00
      vertex 8.956966E+01 2.307844E+01 1.400000E+00
    endloop
  endfacet
  facet normal 0.000000E+00 -0.000000E+00 -1.000000E+00
    outer loop
      vertex 8.993745E+01 2.419233E+01 1.400000E+00
      vertex 9.010178E+01 2.395425E+01 1.400000E+00
      vertex 8.922903E+01 2.344475E+01 1.400000E+00
    endloop
  endfacet
  facet normal 0.000000E+00 0.000000E+00 -1.000000E+00
    outer loop
      vertex 9.224974E+01 2.656056E+01 1.400000E+00
      vertex 9.189822E+01 2.554575E+01 1.400000E+00
      vertex 9.168168E+01 2.573758E+01 1.400000E+00
    endloop
  endfacet
  facet normal 0.000000E+00 -0.000000E+00 -1.000000E+00
    outer loop
      vertex 9.224974E+01 2.656056E+01 1.400000E+00
      vertex 9.264672E+01 2.620887E+01 1.400000E+00
      vertex 9.189822E+01 2.554575E+01 1.400000E+00
    endloop
  endfacet
  facet normal 9.927104E-01 -1.205248E-01 0.000000E+00
    outer loop
      vertex 8.980000E+01 -2.250000E+00 1.400000E+00
      vertex 8.983487E+01 -1.962821E+00 1.400000E+00
      vertex 8.980000E+01 -2.250000E+00 3.000000E+00
    endloop
  endfacet
  facet normal 9.927104E-01 -1.205248E-01 0.000000E+00
    outer loop
      vertex 8.980000E+01 -2.250000E+00 3.000000E+00
      vertex 8.983487E+01 -1.962821E+00 1.400000E+00
      vertex 8.983487E+01 -1.962821E+00 3.000000E+00
    endloop
  endfacet
  facet normal 9.350141E-01 -3.546105E-01 0.000000E+00
    outer loop
      vertex 8.983487E+01 -1.962821E+00 3.000000E+00
      vertex 8.993745E+01 -1.692332E+00 1.400000E+00
      vertex 8.993745E+01 -1.692332E+00 3.000000E+00
    endloop
  endfacet
  facet normal 9.350141E-01 -3.546105E-01 0.000000E+00
    outer loop
      vertex 8.983487E+01 -1.962821E+00 1.400000E+00
      vertex 8.993745E+01 -1.692332E+00 1.400000E+00
      vertex 8.983487E+01 -1.962821E+00 3.000000E+00
    endloop
  endfacet
  facet normal 8.229915E-01 -5.680536E-01 0.000000E+00
    outer loop
      vertex 8.993745E+01 -1.692332E+00 3.000000E+00
      vertex 9.010178E+01 -1.454253E+00 1.400000E+00
      vertex 9.010178E+01 -1.454253E+00 3.000000E+00
    endloop
  endfacet
  facet normal 8.229915E-01 -5.680536E-01 0.000000E+00
    outer loop
      vertex 8.993745E+01 -1.692332E+00 1.400000E+00
      vertex 9.010178E+01 -1.454253E+00 1.400000E+00
      vertex 8.993745E+01 -1.692332E+00 3.000000E+00
    endloop
  endfacet
  facet normal 6.631189E-01 -7.485141E-01 0.000000E+00
    outer loop
      vertex 9.010178E+01 -1.454253E+00 3.000000E+00
      vertex 9.031832E+01 -1.262419E+00 1.400000E+00
      vertex 9.031832E+01 -1.262419E+00 3.000000E+00
    endloop
  endfacet
  facet normal 6.631189E-01 -7.485141E-01 0.000000E+00
    outer loop
      vertex 9.010178E+01 -1.454253E+00 1.400000E+00
      vertex 9.031832E+01 -1.262419E+00 1.400000E+00
      vertex 9.010178E+01 -1.454253E+00 3.000000E+00
    endloop
  endfacet
  facet normal 4.647268E-01 -8.854541E-01 0.000000E+00
    outer loop
      vertex 9.031832E+01 -1.262419E+00 3.000000E+00
      vertex 9.057447E+01 -1.127980E+00 1.400000E+00
      vertex 9.057447E+01 -1.127980E+00 3.000000E+00
    endloop
  endfacet
  facet normal 4.647268E-01 -8.854541E-01 0.000000E+00
    outer loop
      vertex 9.031832E+01 -1.262419E+00 1.400000E+00
      vertex 9.057447E+01 -1.127980E+00 1.400000E+00
      vertex 9.031832E+01 -1.262419E+00 3.000000E+00
    endloop
  endfacet
  facet normal 2.393141E-01 -9.709423E-01 0.000000E+00
    outer loop
      vertex 9.057447E+01 -1.127980E+00 3.000000E+00
      vertex 9.085535E+01 -1.058749E+00 1.400000E+00
      vertex 9.085535E+01 -1.058749E+00 3.000000E+00
    endloop
  endfacet
  facet normal 2.393141E-01 -9.709423E-01 0.000000E+00
    outer loop
      vertex 9.057447E+01 -1.127980E+00 1.400000E+00
      vertex 9.085535E+01 -1.058749E+00 1.400000E+00
      vertex 9.057447E+01 -1.127980E+00 3.000000E+00
    endloop
  endfacet
  facet normal 0.000000E+00 -1.000000E+00 0.000000E+00
    outer loop
      vertex 9.085535E+01 -1.058749E+00 3.000000E+00
      vertex 9.114465E+01 -1.058749E+00 1.400000E+00
      vertex 9.114465E+01 -1.058749E+00 3.000000E+00
    endloop
  endfacet
  facet normal 0.000000E+00 -1.000000E+00 0.000000E+00
    outer loop
      vertex 9.085535E+01 -1.058749E+00 1.400000E+00
      vertex 9.114465E+01 -1.058749E+00 1.400000E+00
      vertex 9.085535E+01 -1.058749E+00 3.000000E+00
    endloop
  endfacet
  facet normal -2.393141E-01 -9.709423E-01 0.000000E+00
    outer loop
      vertex 9.114465E+01 -1.058749E+00 3.000000E+00
      vertex 9.142553E+01 -1.127980E+00 1.400000E+00
      vertex 9.142553E+01 -1.127980E+00 3.000000E+00
    endloop
  endfacet
  facet normal -2.393141E-01 -9.709423E-01 0.000000E+00
    outer loop
      vertex 9.114465E+01 -1.058749E+00 1.400000E+00
      vertex 9.142553E+01 -1.127980E+00 1.400000E+00
      vertex 9.114465E+01 -1.058749E+00 3.000000E+00
    endloop
  endfacet
  facet normal -4.647268E-01 -8.854541E-01 0.000000E+00
    outer loop
      vertex 9.142553E+01 -1.127980E+00 3.000000E+00
      vertex 9.168168E+01 -1.262419E+00 1.400000E+00
      vertex 9.168168E+01 -1.262419E+00 3.000000E+00
    endloop
  endfacet
  facet normal -4.647268E-01 -8.854541E-01 0.000000E+00
    outer loop
      vertex 9.142553E+01 -1.127980E+00 1.400000E+00
      vertex 9.168168E+01 -1.262419E+00 1.400000E+00
      vertex 9.142553E+01 -1.127980E+00 3.000000E+00
    endloop
  endfacet
  facet normal -6.631189E-01 -7.485141E-01 0.000000E+00
    outer loop
      vertex 9.168168E+01 -1.262419E+00 3.000000E+00
      vertex 9.189822E+01 -1.454253E+00 1.400000E+00
      vertex 9.189822E+01 -1.454253E+00 3.000000E+00
    endloop
  endfacet
  facet normal -6.631189E-01 -7.485141E-01 0.000000E+00
    outer loop
      vertex 9.168168E+01 -1.262419E+00 1.400000E+00
      vertex 9.189822E+01 -1.454253E+00 1.400000E+00
      vertex 9.168168E+01 -1.262419E+00 3.000000E+00
    endloop
  endfacet
  facet normal -8.229915E-01 -5.680536E-01 0.000000E+00
    outer loop
      vertex 9.189822E+01 -1.454253E+00 3.000000E+00
      vertex 9.206255E+01 -1.692332E+00 1.400000E+00
      vertex 9.206255E+01 -1.692332E+00 3.000000E+00
    endloop
  endfacet
  facet normal -8.229915E-01 -5.680536E-01 0.000000E+00
    outer loop
      vertex 9.189822E+01 -1.454253E+00 1.400000E+00
      vertex 9.206255E+01 -1.692332E+00 1.400000E+00
      vertex 9.189822E+01 -1.454253E+00 3.000000E+00
    endloop
  endfacet
  facet normal -9.350141E-01 -3.546105E-01 0.000000E+00
    outer loop
      vertex 9.206255E+01 -1.692332E+00 3.000000E+00
      vertex 9.216513E+01 -1.962821E+00 1.400000E+00
      vertex 9.216513E+01 -1.962821E+00 3.000000E+00
    endloop
  endfacet
  facet normal -9.350141E-01 -3.546105E-01 0.000000E+00
    outer loop
      vertex 9.206255E+01 -1.692332E+00 1.400000E+00
      vertex 9.216513E+01 -1.962821E+00 1.400000E+00
      vertex 9.206255E+01 -1.692332E+00 3.000000E+00
    endloop
  endfacet
  facet normal -9.927104E-01 -1.205248E-01 0.000000E+00
    outer loop
      vertex 9.216513E+01 -1.962821E+00 3.000000E+00
      vertex 9.220000E+01 -2.250000E+00 1.400000E+00
      vertex 9.220000E+01 -2.250000E+00 3.000000E+00
    endloop
  endfacet
  facet normal -9.927104E-01 -1.205248E-01 0.000000E+00
    outer loop
      vertex 9.216513E+01 -1.962821E+00 1.400000E+00
      vertex 9.220000E+01 -2.250000E+00 1.400000E+00
      vertex 9.216513E+01 -1.962821E+00 3.000000E+00
    endloop
  endfacet
  facet normal 9.927102E-01 -1.205251E-01 0.000000E+00
    outer loop
      vertex 8.980000E+01 2.475000E+01 1.400000E+00
      vertex 8.983487E+01 2.503718E+01 1.400000E+00
      vertex 8.980000E+01 2.475000E+01 3.000000E+00
    endloop
  endfacet
  facet normal 9.927102E-01 -1.205251E-01 0.000000E+00
    outer loop
      vertex 8.980000E+01 2.475000E+01 3.000000E+00
      vertex 8.983487E+01 2.503718E+01 1.400000E+00
      vertex 8.983487E+01 2.503718E+01 3.000000E+00
    endloop
  endfacet
  facet normal 9.350148E-01 -3.546087E-01 0.000000E+00
    outer loop
      vertex 8.983487E+01 2.503718E+01 3.000000E+00
      vertex 8.993745E+01 2.530767E+01 1.400000E+00
      vertex 8.993745E+01 2.530767E+01 3.000000E+00
    endloop
  endfacet
  facet normal 9.350148E-01 -3.546087E-01 0.000000E+00
    outer loop
      vertex 8.983487E+01 2.503718E+01 1.400000E+00
      vertex 8.993745E+01 2.530767E+01 1.400000E+00
      vertex 8.983487E+01 2.503718E+01 3.000000E+00
    endloop
  endfacet
  facet normal 8.229913E-01 -5.680540E-01 0.000000E+00
    outer loop
      vertex 8.993745E+01 2.530767E+01 3.000000E+00
      vertex 9.010178E+01 2.554575E+01 1.400000E+00
      vertex 9.010178E+01 2.554575E+01 3.000000E+00
    endloop
  endfacet
  facet normal 8.229913E-01 -5.680540E-01 0.000000E+00
    outer loop
      vertex 8.993745E+01 2.530767E+01 1.400000E+00
      vertex 9.010178E+01 2.554575E+01 1.400000E+00
      vertex 8.993745E+01 2.530767E+01 3.000000E+00
    endloop
  endfacet
  facet normal 6.631189E-01 -7.485141E-01 0.000000E+00
    outer loop
      vertex 9.010178E+01 2.554575E+01 3.000000E+00
      vertex 9.031832E+01 2.573758E+01 1.400000E+00
      vertex 9.031832E+01 2.573758E+01 3.000000E+00
    endloop
  endfacet
  facet normal 6.631189E-01 -7.485141E-01 0.000000E+00
    outer loop
      vertex 9.010178E+01 2.554575E+01 1.400000E+00
      vertex 9.031832E+01 2.573758E+01 1.400000E+00
      vertex 9.010178E+01 2.554575E+01 3.000000E+00
    endloop
  endfacet
  facet normal 4.647233E-01 -8.854560E-01 0.000000E+00
    outer loop
      vertex 9.031832E+01 2.573758E+01 3.000000E+00
      vertex 9.057447E+01 2.587202E+01 1.400000E+00
      vertex 9.057447E+01 2.587202E+01 3.000000E+00
    endloop
  endfacet
  facet normal 4.647233E-01 -8.854560E-01 0.000000E+00
    outer loop
      vertex 9.031832E+01 2.573758E+01 1.400000E+00
      vertex 9.057447E+01 2.587202E+01 1.400000E+00
      vertex 9.031832E+01 2.573758E+01 3.000000E+00
    endloop
  endfacet
  facet normal 2.393137E-01 -9.709423E-01 0.000000E+00
    outer loop
      vertex 9.057447E+01 2.587202E+01 3.000000E+00
      vertex 9.085535E+01 2.594125E+01 1.400000E+00
      vertex 9.085535E+01 2.594125E+01 3.000000E+00
    endloop
  endfacet
  facet normal 2.393137E-01 -9.709423E-01 0.000000E+00
    outer loop
      vertex 9.057447E+01 2.587202E+01 1.400000E+00
      vertex 9.085535E+01 2.594125E+01 1.400000E+00
      vertex 9.057447E+01 2.587202E+01 3.000000E+00
    endloop
  endfacet
  facet normal 0.000000E+00 -1.000000E+00 0.000000E+00
    outer loop
      vertex 9.085535E+01 2.594125E+01 3.000000E+00
      vertex 9.114465E+01 2.594125E+01 1.400000E+00
      vertex 9.114465E+01 2.594125E+01 3.000000E+00
    endloop
  endfacet
  facet normal 0.000000E+00 -1.000000E+00 0.000000E+00
    outer loop
      vertex 9.085535E+01 2.594125E+01 1.400000E+00
      vertex 9.114465E+01 2.594125E+01 1.400000E+00
      vertex 9.085535E+01 2.594125E+01 3.000000E+00
    endloop
  endfacet
  facet normal -2.393137E-01 -9.709423E-01 0.000000E+00
    outer loop
      vertex 9.114465E+01 2.594125E+01 3.000000E+00
      vertex 9.142553E+01 2.587202E+01 1.400000E+00
      vertex 9.142553E+01 2.587202E+01 3.000000E+00
    endloop
  endfacet
  facet normal -2.393137E-01 -9.709423E-01 0.000000E+00
    outer loop
      vertex 9.114465E+01 2.594125E+01 1.400000E+00
      vertex 9.142553E+01 2.587202E+01 1.400000E+00
      vertex 9.114465E+01 2.594125E+01 3.000000E+00
    endloop
  endfacet
  facet normal -4.647233E-01 -8.854560E-01 0.000000E+00
    outer loop
      vertex 9.142553E+01 2.587202E+01 3.000000E+00
      vertex 9.168168E+01 2.573758E+01 1.400000E+00
      vertex 9.168168E+01 2.573758E+01 3.000000E+00
    endloop
  endfacet
  facet normal -4.647233E-01 -8.854560E-01 0.000000E+00
    outer loop
      vertex 9.142553E+01 2.587202E+01 1.400000E+00
      vertex 9.168168E+01 2.573758E+01 1.400000E+00
      vertex 9.142553E+01 2.587202E+01 3.000000E+00
    endloop
  endfacet
  facet normal -6.631189E-01 -7.485141E-01 0.000000E+00
    outer loop
      vertex 9.168168E+01 2.573758E+01 3.000000E+00
      vertex 9.189822E+01 2.554575E+01 1.400000E+00
      vertex 9.189822E+01 2.554575E+01 3.000000E+00
    endloop
  endfacet
  facet normal -6.631189E-01 -7.485141E-01 0.000000E+00
    outer loop
      vertex 9.168168E+01 2.573758E+01 1.400000E+00
      vertex 9.189822E+01 2.554575E+01 1.400000E+00
      vertex 9.168168E+01 2.573758E+01 3.000000E+00
    endloop
  endfacet
  facet normal -8.229913E-01 -5.680540E-01 0.000000E+00
    outer loop
      vertex 9.189822E+01 2.554575E+01 3.000000E+00
      vertex 9.206255E+01 2.530767E+01 1.400000E+00
      vertex 9.206255E+01 2.530767E+01 3.000000E+00
    endloop
  endfacet
  facet normal -8.229913E-01 -5.680540E-01 0.000000E+00
    outer loop
      vertex 9.189822E+01 2.554575E+01 1.400000E+00
      vertex 9.206255E+01 2.530767E+01 1.400000E+00
      vertex 9.189822E+01 2.554575E+01 3.000000E+00
    endloop
  endfacet
  facet normal -9.350148E-01 -3.546087E-01 0.000000E+00
    outer loop
      vertex 9.206255E+01 2.530767E+01 3.000000E+00
      vertex 9.216513E+01 2.503718E+01 1.400000E+00
      vertex 9.216513E+01 2.503718E+01 3.000000E+00
    endloop
  endfacet
  facet normal -9.350148E-01 -3.546087E-01 0.000000E+00
    outer loop
      vertex 9.206255E+01 2.530767E+01 1.400000E+00
      vertex 9.216513E+01 2.503718E+01 1.400000E+00
      vertex 9.206255E+01 2.530767E+01 3.000000E+00
    endloop
  endfacet
  facet normal -9.927102E-01 -1.205251E-01 0.000000E+00
    outer loop
      vertex 9.216513E+01 2.503718E+01 3.000000E+00
      vertex 9.220000E+01 2.475000E+01 1.400000E+00
      vertex 9.220000E+01 2.475000E+01 3.000000E+00
    endloop
  endfacet
  facet normal -9.927102E-01 -1.205251E-01 0.000000E+00
    outer loop
      vertex 9.216513E+01 2.503718E+01 1.400000E+00
      vertex 9.220000E+01 2.475000E+01 1.400000E+00
      vertex 9.216513E+01 2.503718E+01 3.000000E+00
    endloop
  endfacet
  facet normal 0.000000E+00 -8.660251E-01 -5.000005E-01
    outer loop
      vertex -4.240000E+01 2.599130E+01 8.650000E+00
      vertex -4.380000E+01 2.723261E+01 6.500000E+00
      vertex -4.240000E+01 2.723261E+01 6.500000E+00
    endloop
  endfacet
  facet normal 0.000000E+00 -8.660251E-01 -5.000005E-01
    outer loop
      vertex -4.380000E+01 2.599130E+01 8.650000E+00
      vertex -4.380000E+01 2.723261E+01 6.500000E+00
      vertex -4.240000E+01 2.599130E+01 8.650000E+00
    endloop
  endfacet
  facet normal 0.000000E+00 0.000000E+00 -1.000000E+00
    outer loop
      vertex -4.240000E+01 2.350870E+01 8.650000E+00
      vertex -4.380000E+01 2.599130E+01 8.650000E+00
      vertex -4.240000E+01 2.599130E+01 8.650000E+00
    endloop
  endfacet
  facet normal 0.000000E+00 0.000000E+00 -1.000000E+00
    outer loop
      vertex -4.380000E+01 2.350870E+01 8.650000E+00
      vertex -4.380000E+01 2.599130E+01 8.650000E+00
      vertex -4.240000E+01 2.350870E+01 8.650000E+00
    endloop
  endfacet
  facet normal 0.000000E+00 8.660251E-01 -5.000005E-01
    outer loop
      vertex -4.240000E+01 2.226739E+01 6.500000E+00
      vertex -4.380000E+01 2.350870E+01 8.650000E+00
      vertex -4.240000E+01 2.350870E+01 8.650000E+00
    endloop
  endfacet
  facet normal 0.000000E+00 8.660251E-01 -5.000005E-01
    outer loop
      vertex -4.380000E+01 2.226739E+01 6.500000E+00
      vertex -4.380000E+01 2.350870E+01 8.650000E+00
      vertex -4.240000E+01 2.226739E+01 6.500000E+00
    endloop
  endfacet
  facet normal 0.000000E+00 8.660252E-01 5.000004E-01
    outer loop
      vertex -4.240000E+01 2.350870E+01 4.350000E+00
      vertex -4.380000E+01 2.226739E+01 6.500000E+00
      vertex -4.240000E+01 2.226739E+01 6.500000E+00
    endloop
  endfacet
  facet normal -0.000000E+00 8.660252E-01 5.000004E-01
    outer loop
      vertex -4.380000E+01 2.350870E+01 4.350000E+00
      vertex -4.380000E+01 2.226739E+01 6.500000E+00
      vertex -4.240000E+01 2.350870E+01 4.350000E+00
    endloop
  endfacet
  facet normal 0.000000E+00 0.000000E+00 1.000000E+00
    outer loop
      vertex -4.240000E+01 2.599130E+01 4.350000E+00
      vertex -4.380000E+01 2.350870E+01 4.350000E+00
      vertex -4.240000E+01 2.350870E+01 4.350000E+00
    endloop
  endfacet
  facet normal -0.000000E+00 0.000000E+00 1.000000E+00
    outer loop
      vertex -4.380000E+01 2.599130E+01 4.350000E+00
      vertex -4.380000E+01 2.350870E+01 4.350000E+00
      vertex -4.240000E+01 2.599130E+01 4.350000E+00
    endloop
  endfacet
  facet normal 0.000000E+00 -8.660252E-01 5.000004E-01
    outer loop
      vertex -4.240000E+01 2.723261E+01 6.500000E+00
      vertex -4.380000E+01 2.599130E+01 4.350000E+00
      vertex -4.240000E+01 2.599130E+01 4.350000E+00
    endloop
  endfacet
  facet normal 0.000000E+00 -8.660252E-01 5.000004E-01
    outer loop
      vertex -4.380000E+01 2.723261E+01 6.500000E+00
      vertex -4.380000E+01 2.599130E+01 4.350000E+00
      vertex -4.240000E+01 2.723261E+01 6.500000E+00
    endloop
  endfacet
  facet normal 1.000000E+00 0.000000E+00 0.000000E+00
    outer loop
      vertex -4.380000E+01 2.723261E+01 6.500000E+00
      vertex -4.380000E+01 2.585866E+01 6.040780E+00
      vertex -4.380000E+01 2.574776E+01 5.833316E+00
    endloop
  endfacet
  facet normal 1.000000E+00 0.000000E+00 0.000000E+00
    outer loop
      vertex -4.380000E+01 2.723261E+01 6.500000E+00
      vertex -4.380000E+01 2.592694E+01 6.265892E+00
      vertex -4.380000E+01 2.585866E+01 6.040780E+00
    endloop
  endfacet
  facet normal 1.000000E+00 0.000000E+00 0.000000E+00
    outer loop
      vertex -4.380000E+01 2.723261E+01 6.500000E+00
      vertex -4.380000E+01 2.595000E+01 6.500000E+00
      vertex -4.380000E+01 2.592694E+01 6.265892E+00
    endloop
  endfacet
  facet normal 1.000000E+00 0.000000E+00 0.000000E+00
    outer loop
      vertex -4.380000E+01 2.723261E+01 6.500000E+00
      vertex -4.380000E+01 2.591513E+01 6.787179E+00
      vertex -4.380000E+01 2.595000E+01 6.500000E+00
    endloop
  endfacet
  facet normal 1.000000E+00 0.000000E+00 0.000000E+00
    outer loop
      vertex -4.380000E+01 2.723261E+01 6.500000E+00
      vertex -4.380000E+01 2.581255E+01 7.057668E+00
      vertex -4.380000E+01 2.591513E+01 6.787179E+00
    endloop
  endfacet
  facet normal 1.000000E+00 0.000000E+00 0.000000E+00
    outer loop
      vertex -4.380000E+01 2.723261E+01 6.500000E+00
      vertex -4.380000E+01 2.574776E+01 5.833316E+00
      vertex -4.380000E+01 2.599130E+01 4.350000E+00
    endloop
  endfacet
  facet normal 1.000000E+00 0.000000E+00 0.000000E+00
    outer loop
      vertex -4.380000E+01 2.599130E+01 8.650000E+00
      vertex -4.380000E+01 2.564821E+01 7.295747E+00
      vertex -4.380000E+01 2.581255E+01 7.057668E+00
    endloop
  endfacet
  facet normal 1.000000E+00 0.000000E+00 0.000000E+00
    outer loop
      vertex -4.380000E+01 2.599130E+01 8.650000E+00
      vertex -4.380000E+01 2.543168E+01 7.487581E+00
      vertex -4.380000E+01 2.564821E+01 7.295747E+00
    endloop
  endfacet
  facet normal 1.000000E+00 0.000000E+00 0.000000E+00
    outer loop
      vertex -4.380000E+01 2.404466E+01 5.529180E+00
      vertex -4.380000E+01 2.383751E+01 5.720662E+00
      vertex -4.380000E+01 2.350870E+01 4.350000E+00
    endloop
  endfacet
  facet normal 1.000000E+00 0.000000E+00 0.000000E+00
    outer loop
      vertex -4.380000E+01 2.599130E+01 8.650000E+00
      vertex -4.380000E+01 2.517553E+01 7.622019E+00
      vertex -4.380000E+01 2.543168E+01 7.487581E+00
    endloop
  endfacet
  facet normal 1.000000E+00 0.000000E+00 0.000000E+00
    outer loop
      vertex -4.380000E+01 2.599130E+01 8.650000E+00
      vertex -4.380000E+01 2.489464E+01 7.691251E+00
      vertex -4.380000E+01 2.517553E+01 7.622019E+00
    endloop
  endfacet
  facet normal 1.000000E+00 0.000000E+00 0.000000E+00
    outer loop
      vertex -4.380000E+01 2.599130E+01 8.650000E+00
      vertex -4.380000E+01 2.460536E+01 7.691251E+00
      vertex -4.380000E+01 2.489464E+01 7.691251E+00
    endloop
  endfacet
  facet normal 1.000000E+00 0.000000E+00 0.000000E+00
    outer loop
      vertex -4.380000E+01 2.368079E+01 5.955211E+00
      vertex -4.380000E+01 2.226739E+01 6.500000E+00
      vertex -4.380000E+01 2.350870E+01 4.350000E+00
    endloop
  endfacet
  facet normal 1.000000E+00 0.000000E+00 0.000000E+00
    outer loop
      vertex -4.380000E+01 2.599130E+01 8.650000E+00
      vertex -4.380000E+01 2.581255E+01 7.057668E+00
      vertex -4.380000E+01 2.723261E+01 6.500000E+00
    endloop
  endfacet
  facet normal 1.000000E+00 0.000000E+00 0.000000E+00
    outer loop
      vertex -4.380000E+01 2.368079E+01 5.955211E+00
      vertex -4.380000E+01 2.350870E+01 4.350000E+00
      vertex -4.380000E+01 2.383751E+01 5.720662E+00
    endloop
  endfacet
  facet normal 1.000000E+00 0.000000E+00 0.000000E+00
    outer loop
      vertex -4.380000E+01 2.599130E+01 8.650000E+00
      vertex -4.380000E+01 2.350870E+01 8.650000E+00
      vertex -4.380000E+01 2.460536E+01 7.691251E+00
    endloop
  endfacet
  facet normal 1.000000E+00 0.000000E+00 0.000000E+00
    outer loop
      vertex -4.380000E+01 2.429078E+01 5.391345E+00
      vertex -4.380000E+01 2.404466E+01 5.529180E+00
      vertex -4.380000E+01 2.350870E+01 4.350000E+00
    endloop
  endfacet
  facet normal 1.000000E+00 0.000000E+00 0.000000E+00
    outer loop
      vertex -4.380000E+01 2.358316E+01 6.219866E+00
      vertex -4.380000E+01 2.226739E+01 6.500000E+00
      vertex -4.380000E+01 2.368079E+01 5.955211E+00
    endloop
  endfacet
  facet normal 1.000000E+00 0.000000E+00 0.000000E+00
    outer loop
      vertex -4.380000E+01 2.456228E+01 5.314774E+00
      vertex -4.380000E+01 2.429078E+01 5.391345E+00
      vertex -4.380000E+01 2.350870E+01 4.350000E+00
    endloop
  endfacet
  facet normal 1.000000E+00 0.000000E+00 0.000000E+00
    outer loop
      vertex -4.380000E+01 2.355000E+01 6.500000E+00
      vertex -4.380000E+01 2.226739E+01 6.500000E+00
      vertex -4.380000E+01 2.358316E+01 6.219866E+00
    endloop
  endfacet
  facet normal 1.000000E+00 0.000000E+00 0.000000E+00
    outer loop
      vertex -4.380000E+01 2.484415E+01 5.303699E+00
      vertex -4.380000E+01 2.456228E+01 5.314774E+00
      vertex -4.380000E+01 2.350870E+01 4.350000E+00
    endloop
  endfacet
  facet normal 1.000000E+00 0.000000E+00 0.000000E+00
    outer loop
      vertex -4.380000E+01 2.599130E+01 4.350000E+00
      vertex -4.380000E+01 2.484415E+01 5.303699E+00
      vertex -4.380000E+01 2.350870E+01 4.350000E+00
    endloop
  endfacet
  facet normal 1.000000E+00 0.000000E+00 0.000000E+00
    outer loop
      vertex -4.380000E+01 2.358487E+01 6.787179E+00
      vertex -4.380000E+01 2.226739E+01 6.500000E+00
      vertex -4.380000E+01 2.355000E+01 6.500000E+00
    endloop
  endfacet
  facet normal 1.000000E+00 0.000000E+00 0.000000E+00
    outer loop
      vertex -4.380000E+01 2.512082E+01 5.358732E+00
      vertex -4.380000E+01 2.484415E+01 5.303699E+00
      vertex -4.380000E+01 2.599130E+01 4.350000E+00
    endloop
  endfacet
  facet normal 1.000000E+00 0.000000E+00 0.000000E+00
    outer loop
      vertex -4.380000E+01 2.368745E+01 7.057668E+00
      vertex -4.380000E+01 2.226739E+01 6.500000E+00
      vertex -4.380000E+01 2.358487E+01 6.787179E+00
    endloop
  endfacet
  facet normal 1.000000E+00 0.000000E+00 0.000000E+00
    outer loop
      vertex -4.380000E+01 2.537700E+01 5.476832E+00
      vertex -4.380000E+01 2.512082E+01 5.358732E+00
      vertex -4.380000E+01 2.599130E+01 4.350000E+00
    endloop
  endfacet
  facet normal 1.000000E+00 0.000000E+00 0.000000E+00
    outer loop
      vertex -4.380000E+01 2.559853E+01 5.651472E+00
      vertex -4.380000E+01 2.537700E+01 5.476832E+00
      vertex -4.380000E+01 2.599130E+01 4.350000E+00
    endloop
  endfacet
  facet normal 1.000000E+00 0.000000E+00 0.000000E+00
    outer loop
      vertex -4.380000E+01 2.574776E+01 5.833316E+00
      vertex -4.380000E+01 2.559853E+01 5.651472E+00
      vertex -4.380000E+01 2.599130E+01 4.350000E+00
    endloop
  endfacet
  facet normal 1.000000E+00 0.000000E+00 0.000000E+00
    outer loop
      vertex -4.380000E+01 2.350870E+01 8.650000E+00
      vertex -4.380000E+01 2.406832E+01 7.487581E+00
      vertex -4.380000E+01 2.432447E+01 7.622019E+00
    endloop
  endfacet
  facet normal 1.000000E+00 0.000000E+00 0.000000E+00
    outer loop
      vertex -4.380000E+01 2.350870E+01 8.650000E+00
      vertex -4.380000E+01 2.385179E+01 7.295747E+00
      vertex -4.380000E+01 2.406832E+01 7.487581E+00
    endloop
  endfacet
  facet normal 1.000000E+00 0.000000E+00 0.000000E+00
    outer loop
      vertex -4.380000E+01 2.350870E+01 8.650000E+00
      vertex -4.380000E+01 2.368745E+01 7.057668E+00
      vertex -4.380000E+01 2.385179E+01 7.295747E+00
    endloop
  endfacet
  facet normal 1.000000E+00 0.000000E+00 0.000000E+00
    outer loop
      vertex -4.380000E+01 2.350870E+01 8.650000E+00
      vertex -4.380000E+01 2.226739E+01 6.500000E+00
      vertex -4.380000E+01 2.368745E+01 7.057668E+00
    endloop
  endfacet
  facet normal 1.000000E+00 0.000000E+00 0.000000E+00
    outer loop
      vertex -4.380000E+01 2.460536E+01 7.691251E+00
      vertex -4.380000E+01 2.350870E+01 8.650000E+00
      vertex -4.380000E+01 2.432447E+01 7.622019E+00
    endloop
  endfacet
  facet normal 0.000000E+00 -8.660254E-01 -5.000001E-01
    outer loop
      vertex -4.240000E+01 -5.086969E-01 8.650000E+00
      vertex -4.380000E+01 7.326062E-01 6.500000E+00
      vertex -4.240000E+01 7.326062E-01 6.500000E+00
    endloop
  endfacet
  facet normal 0.000000E+00 -8.660254E-01 -5.000001E-01
    outer loop
      vertex -4.380000E+01 -5.086969E-01 8.650000E+00
      vertex -4.380000E+01 7.326062E-01 6.500000E+00
      vertex -4.240000E+01 -5.086969E-01 8.650000E+00
    endloop
  endfacet
  facet normal 0.000000E+00 0.000000E+00 -1.000000E+00
    outer loop
      vertex -4.240000E+01 -2.991303E+00 8.650000E+00
      vertex -4.380000E+01 -5.086969E-01 8.650000E+00
      vertex -4.240000E+01 -5.086969E-01 8.650000E+00
    endloop
  endfacet
  facet normal 0.000000E+00 0.000000E+00 -1.000000E+00
    outer loop
      vertex -4.380000E+01 -2.991303E+00 8.650000E+00
      vertex -4.380000E+01 -5.086969E-01 8.650000E+00
      vertex -4.240000E+01 -2.991303E+00 8.650000E+00
    endloop
  endfacet
  facet normal 0.000000E+00 8.660254E-01 -5.000001E-01
    outer loop
      vertex -4.240000E+01 -4.232606E+00 6.500000E+00
      vertex -4.380000E+01 -2.991303E+00 8.650000E+00
      vertex -4.240000E+01 -2.991303E+00 8.650000E+00
    endloop
  endfacet
  facet normal 0.000000E+00 8.660254E-01 -5.000001E-01
    outer loop
      vertex -4.380000E+01 -4.232606E+00 6.500000E+00
      vertex -4.380000E+01 -2.991303E+00 8.650000E+00
      vertex -4.240000E+01 -4.232606E+00 6.500000E+00
    endloop
  endfacet
  facet normal 0.000000E+00 8.660254E-01 5.000000E-01
    outer loop
      vertex -4.240000E+01 -2.991303E+00 4.350000E+00
      vertex -4.380000E+01 -4.232606E+00 6.500000E+00
      vertex -4.240000E+01 -4.232606E+00 6.500000E+00
    endloop
  endfacet
  facet normal -0.000000E+00 8.660254E-01 5.000000E-01
    outer loop
      vertex -4.380000E+01 -2.991303E+00 4.350000E+00
      vertex -4.380000E+01 -4.232606E+00 6.500000E+00
      vertex -4.240000E+01 -2.991303E+00 4.350000E+00
    endloop
  endfacet
  facet normal 0.000000E+00 0.000000E+00 1.000000E+00
    outer loop
      vertex -4.240000E+01 -5.086969E-01 4.350000E+00
      vertex -4.380000E+01 -2.991303E+00 4.350000E+00
      vertex -4.240000E+01 -2.991303E+00 4.350000E+00
    endloop
  endfacet
  facet normal -0.000000E+00 0.000000E+00 1.000000E+00
    outer loop
      vertex -4.380000E+01 -5.086969E-01 4.350000E+00
      vertex -4.380000E+01 -2.991303E+00 4.350000E+00
      vertex -4.240000E+01 -5.086969E-01 4.350000E+00
    endloop
  endfacet
  facet normal 0.000000E+00 -8.660254E-01 5.000000E-01
    outer loop
      vertex -4.240000E+01 7.326062E-01 6.500000E+00
      vertex -4.380000E+01 -5.086969E-01 4.350000E+00
      vertex -4.240000E+01 -5.086969E-01 4.350000E+00
    endloop
  endfacet
  facet normal 0.000000E+00 -8.660254E-01 5.000000E-01
    outer loop
      vertex -4.380000E+01 7.326062E-01 6.500000E+00
      vertex -4.380000E+01 -5.086969E-01 4.350000E+00
      vertex -4.240000E+01 7.326062E-01 6.500000E+00
    endloop
  endfacet
  facet normal 1.000000E+00 0.000000E+00 0.000000E+00
    outer loop
      vertex -4.380000E+01 -2.455342E+00 5.529180E+00
      vertex -4.380000E+01 -2.662487E+00 5.720662E+00
      vertex -4.380000E+01 -2.991303E+00 4.350000E+00
    endloop
  endfacet
  facet normal 1.000000E+00 0.000000E+00 0.000000E+00
    outer loop
      vertex -4.380000E+01 -2.819208E+00 5.955211E+00
      vertex -4.380000E+01 -4.232606E+00 6.500000E+00
      vertex -4.380000E+01 -2.991303E+00 4.350000E+00
    endloop
  endfacet
  facet normal 1.000000E+00 0.000000E+00 0.000000E+00
    outer loop
      vertex -4.380000E+01 -2.819208E+00 5.955211E+00
      vertex -4.380000E+01 -2.991303E+00 4.350000E+00
      vertex -4.380000E+01 -2.662487E+00 5.720662E+00
    endloop
  endfacet
  facet normal 1.000000E+00 0.000000E+00 0.000000E+00
    outer loop
      vertex -4.380000E+01 -2.209220E+00 5.391345E+00
      vertex -4.380000E+01 -2.455342E+00 5.529180E+00
      vertex -4.380000E+01 -2.991303E+00 4.350000E+00
    endloop
  endfacet
  facet normal 1.000000E+00 0.000000E+00 0.000000E+00
    outer loop
      vertex -4.380000E+01 -2.916844E+00 6.219866E+00
      vertex -4.380000E+01 -4.232606E+00 6.500000E+00
      vertex -4.380000E+01 -2.819208E+00 5.955211E+00
    endloop
  endfacet
  facet normal 1.000000E+00 0.000000E+00 0.000000E+00
    outer loop
      vertex -4.380000E+01 7.326062E-01 6.500000E+00
      vertex -4.380000E+01 -6.413445E-01 6.040780E+00
      vertex -4.380000E+01 -7.522365E-01 5.833316E+00
    endloop
  endfacet
  facet normal 1.000000E+00 0.000000E+00 0.000000E+00
    outer loop
      vertex -4.380000E+01 7.326062E-01 6.500000E+00
      vertex -4.380000E+01 -5.730577E-01 6.265892E+00
      vertex -4.380000E+01 -6.413445E-01 6.040780E+00
    endloop
  endfacet
  facet normal 1.000000E+00 0.000000E+00 0.000000E+00
    outer loop
      vertex -4.380000E+01 -1.937721E+00 5.314774E+00
      vertex -4.380000E+01 -2.209220E+00 5.391345E+00
      vertex -4.380000E+01 -2.991303E+00 4.350000E+00
    endloop
  endfacet
  facet normal 1.000000E+00 0.000000E+00 0.000000E+00
    outer loop
      vertex -4.380000E+01 7.326062E-01 6.500000E+00
      vertex -4.380000E+01 -5.500000E-01 6.500000E+00
      vertex -4.380000E+01 -5.730577E-01 6.265892E+00
    endloop
  endfacet
  facet normal 1.000000E+00 0.000000E+00 0.000000E+00
    outer loop
      vertex -4.380000E+01 7.326062E-01 6.500000E+00
      vertex -4.380000E+01 -5.848698E-01 6.787179E+00
      vertex -4.380000E+01 -5.500000E-01 6.500000E+00
    endloop
  endfacet
  facet normal 1.000000E+00 0.000000E+00 0.000000E+00
    outer loop
      vertex -4.380000E+01 7.326062E-01 6.500000E+00
      vertex -4.380000E+01 -6.874528E-01 7.057668E+00
      vertex -4.380000E+01 -5.848698E-01 6.787179E+00
    endloop
  endfacet
  facet normal 1.000000E+00 0.000000E+00 0.000000E+00
    outer loop
      vertex -4.380000E+01 -2.950000E+00 6.500000E+00
      vertex -4.380000E+01 -4.232606E+00 6.500000E+00
      vertex -4.380000E+01 -2.916844E+00 6.219866E+00
    endloop
  endfacet
  facet normal 1.000000E+00 0.000000E+00 0.000000E+00
    outer loop
      vertex -4.380000E+01 7.326062E-01 6.500000E+00
      vertex -4.380000E+01 -7.522365E-01 5.833316E+00
      vertex -4.380000E+01 -5.086969E-01 4.350000E+00
    endloop
  endfacet
  facet normal 1.000000E+00 0.000000E+00 0.000000E+00
    outer loop
      vertex -4.380000E+01 -5.086969E-01 8.650000E+00
      vertex -4.380000E+01 -8.517871E-01 7.295747E+00
      vertex -4.380000E+01 -6.874528E-01 7.057668E+00
    endloop
  endfacet
  facet normal 1.000000E+00 0.000000E+00 0.000000E+00
    outer loop
      vertex -4.380000E+01 -5.086969E-01 8.650000E+00
      vertex -4.380000E+01 -1.068322E+00 7.487581E+00
      vertex -4.380000E+01 -8.517871E-01 7.295747E+00
    endloop
  endfacet
  facet normal 1.000000E+00 0.000000E+00 0.000000E+00
    outer loop
      vertex -4.380000E+01 -5.086969E-01 8.650000E+00
      vertex -4.380000E+01 -1.324474E+00 7.622019E+00
      vertex -4.380000E+01 -1.068322E+00 7.487581E+00
    endloop
  endfacet
  facet normal 1.000000E+00 0.000000E+00 0.000000E+00
    outer loop
      vertex -4.380000E+01 -5.086969E-01 8.650000E+00
      vertex -4.380000E+01 -1.605356E+00 7.691251E+00
      vertex -4.380000E+01 -1.324474E+00 7.622019E+00
    endloop
  endfacet
  facet normal 1.000000E+00 0.000000E+00 0.000000E+00
    outer loop
      vertex -4.380000E+01 -5.086969E-01 8.650000E+00
      vertex -4.380000E+01 -1.894644E+00 7.691251E+00
      vertex -4.380000E+01 -1.605356E+00 7.691251E+00
    endloop
  endfacet
  facet normal 1.000000E+00 0.000000E+00 0.000000E+00
    outer loop
      vertex -4.380000E+01 -5.086969E-01 8.650000E+00
      vertex -4.380000E+01 -6.874528E-01 7.057668E+00
      vertex -4.380000E+01 7.326062E-01 6.500000E+00
    endloop
  endfacet
  facet normal 1.000000E+00 0.000000E+00 0.000000E+00
    outer loop
      vertex -4.380000E+01 -5.086969E-01 8.650000E+00
      vertex -4.380000E+01 -2.991303E+00 8.650000E+00
      vertex -4.380000E+01 -1.894644E+00 7.691251E+00
    endloop
  endfacet
  facet normal 1.000000E+00 0.000000E+00 0.000000E+00
    outer loop
      vertex -4.380000E+01 -1.655849E+00 5.303699E+00
      vertex -4.380000E+01 -1.937721E+00 5.314774E+00
      vertex -4.380000E+01 -2.991303E+00 4.350000E+00
    endloop
  endfacet
  facet normal 1.000000E+00 0.000000E+00 0.000000E+00
    outer loop
      vertex -4.380000E+01 -5.086969E-01 4.350000E+00
      vertex -4.380000E+01 -1.655849E+00 5.303699E+00
      vertex -4.380000E+01 -2.991303E+00 4.350000E+00
    endloop
  endfacet
  facet normal 1.000000E+00 0.000000E+00 0.000000E+00
    outer loop
      vertex -4.380000E+01 -2.915130E+00 6.787179E+00
      vertex -4.380000E+01 -4.232606E+00 6.500000E+00
      vertex -4.380000E+01 -2.950000E+00 6.500000E+00
    endloop
  endfacet
  facet normal 1.000000E+00 0.000000E+00 0.000000E+00
    outer loop
      vertex -4.380000E+01 -1.379180E+00 5.358732E+00
      vertex -4.380000E+01 -1.655849E+00 5.303699E+00
      vertex -4.380000E+01 -5.086969E-01 4.350000E+00
    endloop
  endfacet
  facet normal 1.000000E+00 0.000000E+00 0.000000E+00
    outer loop
      vertex -4.380000E+01 -2.812547E+00 7.057668E+00
      vertex -4.380000E+01 -4.232606E+00 6.500000E+00
      vertex -4.380000E+01 -2.915130E+00 6.787179E+00
    endloop
  endfacet
  facet normal 1.000000E+00 0.000000E+00 0.000000E+00
    outer loop
      vertex -4.380000E+01 -1.123002E+00 5.476832E+00
      vertex -4.380000E+01 -1.379180E+00 5.358732E+00
      vertex -4.380000E+01 -5.086969E-01 4.350000E+00
    endloop
  endfacet
  facet normal 1.000000E+00 0.000000E+00 0.000000E+00
    outer loop
      vertex -4.380000E+01 -9.014719E-01 5.651472E+00
      vertex -4.380000E+01 -1.123002E+00 5.476832E+00
      vertex -4.380000E+01 -5.086969E-01 4.350000E+00
    endloop
  endfacet
  facet normal 1.000000E+00 0.000000E+00 0.000000E+00
    outer loop
      vertex -4.380000E+01 -7.522365E-01 5.833316E+00
      vertex -4.380000E+01 -9.014719E-01 5.651472E+00
      vertex -4.380000E+01 -5.086969E-01 4.350000E+00
    endloop
  endfacet
  facet normal 1.000000E+00 0.000000E+00 0.000000E+00
    outer loop
      vertex -4.380000E+01 -2.991303E+00 8.650000E+00
      vertex -4.380000E+01 -2.431678E+00 7.487581E+00
      vertex -4.380000E+01 -2.175526E+00 7.622019E+00
    endloop
  endfacet
  facet normal 1.000000E+00 0.000000E+00 0.000000E+00
    outer loop
      vertex -4.380000E+01 -2.991303E+00 8.650000E+00
      vertex -4.380000E+01 -2.648213E+00 7.295747E+00
      vertex -4.380000E+01 -2.431678E+00 7.487581E+00
    endloop
  endfacet
  facet normal 1.000000E+00 0.000000E+00 0.000000E+00
    outer loop
      vertex -4.380000E+01 -2.991303E+00 8.650000E+00
      vertex -4.380000E+01 -2.812547E+00 7.057668E+00
      vertex -4.380000E+01 -2.648213E+00 7.295747E+00
    endloop
  endfacet
  facet normal 1.000000E+00 0.000000E+00 0.000000E+00
    outer loop
      vertex -4.380000E+01 -2.991303E+00 8.650000E+00
      vertex -4.380000E+01 -4.232606E+00 6.500000E+00
      vertex -4.380000E+01 -2.812547E+00 7.057668E+00
    endloop
  endfacet
  facet normal 1.000000E+00 0.000000E+00 0.000000E+00
    outer loop
      vertex -4.380000E+01 -1.894644E+00 7.691251E+00
      vertex -4.380000E+01 -2.991303E+00 8.650000E+00
      vertex -4.380000E+01 -2.175526E+00 7.622019E+00
    endloop
  endfacet
  facet normal 1.000000E+00 0.000000E+00 0.000000E+00
    outer loop
      vertex -4.240000E+01 2.723261E+01 6.500000E+00
      vertex -4.240000E+01 2.599130E+01 4.350000E+00
      vertex -4.240000E+01 2.975000E+01 3.000000E+00
    endloop
  endfacet
  facet normal 1.000000E+00 0.000000E+00 0.000000E+00
    outer loop
      vertex -4.240000E+01 2.275000E+01 1.100000E+01
      vertex -4.240000E+01 2.216473E+01 1.094236E+01
      vertex -4.240000E+01 2.350870E+01 8.650000E+00
    endloop
  endfacet
  facet normal 1.000000E+00 0.000000E+00 0.000000E+00
    outer loop
      vertex -4.240000E+01 -4.232606E+00 6.500000E+00
      vertex -4.240000E+01 -6.692356E+00 8.585271E+00
      vertex -4.240000E+01 -6.750000E+00 8.000000E+00
    endloop
  endfacet
  facet normal 1.000000E+00 0.000000E+00 0.000000E+00
    outer loop
      vertex -4.240000E+01 -4.232606E+00 6.500000E+00
      vertex -4.240000E+01 -6.750000E+00 8.000000E+00
      vertex -4.240000E+01 -6.750000E+00 3.000000E+00
    endloop
  endfacet
  facet normal 1.000000E+00 0.000000E+00 0.000000E+00
    outer loop
      vertex -4.240000E+01 2.975000E+01 8.000000E+00
      vertex -4.240000E+01 2.723261E+01 6.500000E+00
      vertex -4.240000E+01 2.975000E+01 3.000000E+00
    endloop
  endfacet
  facet normal 1.000000E+00 0.000000E+00 0.000000E+00
    outer loop
      vertex -4.240000E+01 -4.232606E+00 6.500000E+00
      vertex -4.240000E+01 -6.750000E+00 3.000000E+00
      vertex -4.240000E+01 -2.991303E+00 4.350000E+00
    endloop
  endfacet
  facet normal 1.000000E+00 0.000000E+00 0.000000E+00
    outer loop
      vertex -4.240000E+01 2.675000E+01 1.100000E+01
      vertex -4.240000E+01 2.275000E+01 1.100000E+01
      vertex -4.240000E+01 2.350870E+01 8.650000E+00
    endloop
  endfacet
  facet normal 1.000000E+00 0.000000E+00 0.000000E+00
    outer loop
      vertex -4.240000E+01 2.675000E+01 1.100000E+01
      vertex -4.240000E+01 2.350870E+01 8.650000E+00
      vertex -4.240000E+01 2.599130E+01 8.650000E+00
    endloop
  endfacet
  facet normal 1.000000E+00 0.000000E+00 0.000000E+00
    outer loop
      vertex -4.240000E+01 2.969236E+01 8.585271E+00
      vertex -4.240000E+01 2.723261E+01 6.500000E+00
      vertex -4.240000E+01 2.975000E+01 8.000000E+00
    endloop
  endfacet
  facet normal 1.000000E+00 0.000000E+00 0.000000E+00
    outer loop
      vertex -4.240000E+01 -5.086969E-01 4.350000E+00
      vertex -4.240000E+01 -2.991303E+00 4.350000E+00
      vertex -4.240000E+01 -6.750000E+00 3.000000E+00
    endloop
  endfacet
  facet normal 1.000000E+00 0.000000E+00 0.000000E+00
    outer loop
      vertex -4.240000E+01 2.969236E+01 8.585271E+00
      vertex -4.240000E+01 2.599130E+01 8.650000E+00
      vertex -4.240000E+01 2.723261E+01 6.500000E+00
    endloop
  endfacet
  facet normal 1.000000E+00 0.000000E+00 0.000000E+00
    outer loop
      vertex -4.240000E+01 2.733527E+01 1.094236E+01
      vertex -4.240000E+01 2.675000E+01 1.100000E+01
      vertex -4.240000E+01 2.599130E+01 8.650000E+00
    endloop
  endfacet
  facet normal 1.000000E+00 0.000000E+00 0.000000E+00
    outer loop
      vertex -4.240000E+01 -2.991303E+00 8.650000E+00
      vertex -4.240000E+01 -6.521638E+00 9.148050E+00
      vertex -4.240000E+01 -6.692356E+00 8.585271E+00
    endloop
  endfacet
  facet normal 1.000000E+00 0.000000E+00 0.000000E+00
    outer loop
      vertex -4.240000E+01 2.789805E+01 1.077164E+01
      vertex -4.240000E+01 2.733527E+01 1.094236E+01
      vertex -4.240000E+01 2.599130E+01 8.650000E+00
    endloop
  endfacet
  facet normal 1.000000E+00 0.000000E+00 0.000000E+00
    outer loop
      vertex -4.240000E+01 -2.991303E+00 8.650000E+00
      vertex -4.240000E+01 -6.244409E+00 9.666711E+00
      vertex -4.240000E+01 -6.521638E+00 9.148050E+00
    endloop
  endfacet
  facet normal 1.000000E+00 0.000000E+00 0.000000E+00
    outer loop
      vertex -4.240000E+01 -2.991303E+00 8.650000E+00
      vertex -4.240000E+01 -5.871320E+00 1.012132E+01
      vertex -4.240000E+01 -6.244409E+00 9.666711E+00
    endloop
  endfacet
  facet normal 1.000000E+00 0.000000E+00 0.000000E+00
    outer loop
      vertex -4.240000E+01 -2.991303E+00 8.650000E+00
      vertex -4.240000E+01 -5.416711E+00 1.049441E+01
      vertex -4.240000E+01 -5.871320E+00 1.012132E+01
    endloop
  endfacet
  facet normal 1.000000E+00 0.000000E+00 0.000000E+00
    outer loop
      vertex -4.240000E+01 2.952164E+01 9.148050E+00
      vertex -4.240000E+01 2.599130E+01 8.650000E+00
      vertex -4.240000E+01 2.969236E+01 8.585271E+00
    endloop
  endfacet
  facet normal 1.000000E+00 0.000000E+00 0.000000E+00
    outer loop
      vertex -4.240000E+01 -2.991303E+00 8.650000E+00
      vertex -4.240000E+01 -6.692356E+00 8.585271E+00
      vertex -4.240000E+01 -4.232606E+00 6.500000E+00
    endloop
  endfacet
  facet normal 1.000000E+00 0.000000E+00 0.000000E+00
    outer loop
      vertex -4.240000E+01 2.841671E+01 1.049441E+01
      vertex -4.240000E+01 2.789805E+01 1.077164E+01
      vertex -4.240000E+01 2.599130E+01 8.650000E+00
    endloop
  endfacet
  facet normal 1.000000E+00 0.000000E+00 0.000000E+00
    outer loop
      vertex -4.240000E+01 -4.898050E+00 1.077164E+01
      vertex -4.240000E+01 -5.416711E+00 1.049441E+01
      vertex -4.240000E+01 -2.991303E+00 8.650000E+00
    endloop
  endfacet
  facet normal 1.000000E+00 0.000000E+00 0.000000E+00
    outer loop
      vertex -4.240000E+01 -4.335271E+00 1.094236E+01
      vertex -4.240000E+01 -4.898050E+00 1.077164E+01
      vertex -4.240000E+01 -2.991303E+00 8.650000E+00
    endloop
  endfacet
  facet normal 1.000000E+00 0.000000E+00 0.000000E+00
    outer loop
      vertex -4.240000E+01 2.924441E+01 9.666711E+00
      vertex -4.240000E+01 2.599130E+01 8.650000E+00
      vertex -4.240000E+01 2.952164E+01 9.148050E+00
    endloop
  endfacet
  facet normal 1.000000E+00 0.000000E+00 0.000000E+00
    outer loop
      vertex -4.240000E+01 2.887132E+01 1.012132E+01
      vertex -4.240000E+01 2.841671E+01 1.049441E+01
      vertex -4.240000E+01 2.599130E+01 8.650000E+00
    endloop
  endfacet
  facet normal 1.000000E+00 0.000000E+00 0.000000E+00
    outer loop
      vertex -4.240000E+01 2.887132E+01 1.012132E+01
      vertex -4.240000E+01 2.599130E+01 8.650000E+00
      vertex -4.240000E+01 2.924441E+01 9.666711E+00
    endloop
  endfacet
  facet normal 1.000000E+00 0.000000E+00 0.000000E+00
    outer loop
      vertex -4.240000E+01 -3.750000E+00 1.100000E+01
      vertex -4.240000E+01 -4.335271E+00 1.094236E+01
      vertex -4.240000E+01 -2.991303E+00 8.650000E+00
    endloop
  endfacet
  facet normal 1.000000E+00 0.000000E+00 0.000000E+00
    outer loop
      vertex -4.240000E+01 3.250000E+00 8.000000E+00
      vertex -4.240000E+01 7.326062E-01 6.500000E+00
      vertex -4.240000E+01 -5.086969E-01 4.350000E+00
    endloop
  endfacet
  facet normal 1.000000E+00 0.000000E+00 0.000000E+00
    outer loop
      vertex -4.240000E+01 2.500000E-01 1.100000E+01
      vertex -4.240000E+01 -2.991303E+00 8.650000E+00
      vertex -4.240000E+01 -5.086969E-01 8.650000E+00
    endloop
  endfacet
  facet normal 1.000000E+00 0.000000E+00 0.000000E+00
    outer loop
      vertex -4.240000E+01 2.500000E-01 1.100000E+01
      vertex -4.240000E+01 -3.750000E+00 1.100000E+01
      vertex -4.240000E+01 -2.991303E+00 8.650000E+00
    endloop
  endfacet
  facet normal 1.000000E+00 0.000000E+00 0.000000E+00
    outer loop
      vertex -4.240000E+01 8.352709E-01 1.094236E+01
      vertex -4.240000E+01 2.500000E-01 1.100000E+01
      vertex -4.240000E+01 -5.086969E-01 8.650000E+00
    endloop
  endfacet
  facet normal 1.000000E+00 0.000000E+00 0.000000E+00
    outer loop
      vertex -4.240000E+01 3.192356E+00 8.585271E+00
      vertex -4.240000E+01 -5.086969E-01 8.650000E+00
      vertex -4.240000E+01 7.326062E-01 6.500000E+00
    endloop
  endfacet
  facet normal 1.000000E+00 0.000000E+00 0.000000E+00
    outer loop
      vertex -4.240000E+01 3.192356E+00 8.585271E+00
      vertex -4.240000E+01 7.326062E-01 6.500000E+00
      vertex -4.240000E+01 3.250000E+00 8.000000E+00
    endloop
  endfacet
  facet normal 1.000000E+00 0.000000E+00 0.000000E+00
    outer loop
      vertex -4.240000E+01 3.021639E+00 9.148050E+00
      vertex -4.240000E+01 -5.086969E-01 8.650000E+00
      vertex -4.240000E+01 3.192356E+00 8.585271E+00
    endloop
  endfacet
  facet normal 1.000000E+00 0.000000E+00 0.000000E+00
    outer loop
      vertex -4.240000E+01 1.398050E+00 1.077164E+01
      vertex -4.240000E+01 8.352709E-01 1.094236E+01
      vertex -4.240000E+01 -5.086969E-01 8.650000E+00
    endloop
  endfacet
  facet normal 1.000000E+00 0.000000E+00 0.000000E+00
    outer loop
      vertex -4.240000E+01 2.744409E+00 9.666711E+00
      vertex -4.240000E+01 -5.086969E-01 8.650000E+00
      vertex -4.240000E+01 3.021639E+00 9.148050E+00
    endloop
  endfacet
  facet normal 1.000000E+00 0.000000E+00 0.000000E+00
    outer loop
      vertex -4.240000E+01 1.916711E+00 1.049441E+01
      vertex -4.240000E+01 1.398050E+00 1.077164E+01
      vertex -4.240000E+01 -5.086969E-01 8.650000E+00
    endloop
  endfacet
  facet normal 1.000000E+00 0.000000E+00 0.000000E+00
    outer loop
      vertex -4.240000E+01 2.371320E+00 1.012132E+01
      vertex -4.240000E+01 1.916711E+00 1.049441E+01
      vertex -4.240000E+01 -5.086969E-01 8.650000E+00
    endloop
  endfacet
  facet normal 1.000000E+00 0.000000E+00 0.000000E+00
    outer loop
      vertex -4.240000E+01 2.371320E+00 1.012132E+01
      vertex -4.240000E+01 -5.086969E-01 8.650000E+00
      vertex -4.240000E+01 2.744409E+00 9.666711E+00
    endloop
  endfacet
  facet normal 1.000000E+00 0.000000E+00 0.000000E+00
    outer loop
      vertex -4.240000E+01 2.350870E+01 4.350000E+00
      vertex -4.240000E+01 1.975000E+01 8.000000E+00
      vertex -4.240000E+01 3.250000E+00 8.000000E+00
    endloop
  endfacet
  facet normal 1.000000E+00 0.000000E+00 0.000000E+00
    outer loop
      vertex -4.240000E+01 2.350870E+01 4.350000E+00
      vertex -4.240000E+01 3.250000E+00 8.000000E+00
      vertex -4.240000E+01 -5.086969E-01 4.350000E+00
    endloop
  endfacet
  facet normal 1.000000E+00 0.000000E+00 0.000000E+00
    outer loop
      vertex -4.240000E+01 2.350870E+01 4.350000E+00
      vertex -4.240000E+01 -5.086969E-01 4.350000E+00
      vertex -4.240000E+01 -6.750000E+00 3.000000E+00
    endloop
  endfacet
  facet normal 1.000000E+00 0.000000E+00 0.000000E+00
    outer loop
      vertex -4.240000E+01 2.226739E+01 6.500000E+00
      vertex -4.240000E+01 1.975000E+01 8.000000E+00
      vertex -4.240000E+01 2.350870E+01 4.350000E+00
    endloop
  endfacet
  facet normal 1.000000E+00 0.000000E+00 0.000000E+00
    outer loop
      vertex -4.240000E+01 2.226739E+01 6.500000E+00
      vertex -4.240000E+01 1.980764E+01 8.585271E+00
      vertex -4.240000E+01 1.975000E+01 8.000000E+00
    endloop
  endfacet
  facet normal 1.000000E+00 0.000000E+00 0.000000E+00
    outer loop
      vertex -4.240000E+01 2.350870E+01 8.650000E+00
      vertex -4.240000E+01 1.980764E+01 8.585271E+00
      vertex -4.240000E+01 2.226739E+01 6.500000E+00
    endloop
  endfacet
  facet normal 1.000000E+00 0.000000E+00 0.000000E+00
    outer loop
      vertex -4.240000E+01 2.350870E+01 8.650000E+00
      vertex -4.240000E+01 2.108329E+01 1.049441E+01
      vertex -4.240000E+01 2.062868E+01 1.012132E+01
    endloop
  endfacet
  facet normal 1.000000E+00 0.000000E+00 0.000000E+00
    outer loop
      vertex -4.240000E+01 2.350870E+01 8.650000E+00
      vertex -4.240000E+01 1.997836E+01 9.148050E+00
      vertex -4.240000E+01 1.980764E+01 8.585271E+00
    endloop
  endfacet
  facet normal 1.000000E+00 0.000000E+00 0.000000E+00
    outer loop
      vertex -4.240000E+01 2.350870E+01 8.650000E+00
      vertex -4.240000E+01 2.025559E+01 9.666711E+00
      vertex -4.240000E+01 1.997836E+01 9.148050E+00
    endloop
  endfacet
  facet normal 1.000000E+00 0.000000E+00 0.000000E+00
    outer loop
      vertex -4.240000E+01 2.350870E+01 8.650000E+00
      vertex -4.240000E+01 2.062868E+01 1.012132E+01
      vertex -4.240000E+01 2.025559E+01 9.666711E+00
    endloop
  endfacet
  facet normal 1.000000E+00 0.000000E+00 0.000000E+00
    outer loop
      vertex -4.240000E+01 2.160195E+01 1.077164E+01
      vertex -4.240000E+01 2.108329E+01 1.049441E+01
      vertex -4.240000E+01 2.350870E+01 8.650000E+00
    endloop
  endfacet
  facet normal 1.000000E+00 0.000000E+00 0.000000E+00
    outer loop
      vertex -4.240000E+01 2.975000E+01 3.000000E+00
      vertex -4.240000E+01 2.350870E+01 4.350000E+00
      vertex -4.240000E+01 -6.750000E+00 3.000000E+00
    endloop
  endfacet
  facet normal 1.000000E+00 0.000000E+00 0.000000E+00
    outer loop
      vertex -4.240000E+01 2.975000E+01 3.000000E+00
      vertex -4.240000E+01 2.599130E+01 4.350000E+00
      vertex -4.240000E+01 2.350870E+01 4.350000E+00
    endloop
  endfacet
  facet normal 1.000000E+00 0.000000E+00 0.000000E+00
    outer loop
      vertex -4.240000E+01 2.216473E+01 1.094236E+01
      vertex -4.240000E+01 2.160195E+01 1.077164E+01
      vertex -4.240000E+01 2.350870E+01 8.650000E+00
    endloop
  endfacet
  facet normal 0.000000E+00 9.927087E-01 -1.205377E-01
    outer loop
      vertex -4.540000E+01 2.355000E+01 6.500000E+00
      vertex -4.540000E+01 2.358487E+01 6.787179E+00
      vertex -4.380000E+01 2.355000E+01 6.500000E+00
    endloop
  endfacet
  facet normal 0.000000E+00 9.927087E-01 -1.205377E-01
    outer loop
      vertex -4.380000E+01 2.355000E+01 6.500000E+00
      vertex -4.540000E+01 2.358487E+01 6.787179E+00
      vertex -4.380000E+01 2.358487E+01 6.787179E+00
    endloop
  endfacet
  facet normal 0.000000E+00 9.350162E-01 -3.546051E-01
    outer loop
      vertex -4.380000E+01 2.358487E+01 6.787179E+00
      vertex -4.540000E+01 2.368745E+01 7.057668E+00
      vertex -4.380000E+01 2.368745E+01 7.057668E+00
    endloop
  endfacet
  facet normal 0.000000E+00 9.350162E-01 -3.546051E-01
    outer loop
      vertex -4.540000E+01 2.358487E+01 6.787179E+00
      vertex -4.540000E+01 2.368745E+01 7.057668E+00
      vertex -4.380000E+01 2.358487E+01 6.787179E+00
    endloop
  endfacet
  facet normal 0.000000E+00 8.229825E-01 -5.680666E-01
    outer loop
      vertex -4.380000E+01 2.368745E+01 7.057668E+00
      vertex -4.540000E+01 2.385179E+01 7.295747E+00
      vertex -4.380000E+01 2.385179E+01 7.295747E+00
    endloop
  endfacet
  facet normal 0.000000E+00 8.229825E-01 -5.680666E-01
    outer loop
      vertex -4.540000E+01 2.368745E+01 7.057668E+00
      vertex -4.540000E+01 2.385179E+01 7.295747E+00
      vertex -4.380000E+01 2.368745E+01 7.057668E+00
    endloop
  endfacet
  facet normal 0.000000E+00 6.631221E-01 -7.485112E-01
    outer loop
      vertex -4.380000E+01 2.385179E+01 7.295747E+00
      vertex -4.540000E+01 2.406832E+01 7.487581E+00
      vertex -4.380000E+01 2.406832E+01 7.487581E+00
    endloop
  endfacet
  facet normal 0.000000E+00 6.631221E-01 -7.485112E-01
    outer loop
      vertex -4.540000E+01 2.385179E+01 7.295747E+00
      vertex -4.540000E+01 2.406832E+01 7.487581E+00
      vertex -4.380000E+01 2.385179E+01 7.295747E+00
    endloop
  endfacet
  facet normal 0.000000E+00 4.647232E-01 -8.854560E-01
    outer loop
      vertex -4.380000E+01 2.406832E+01 7.487581E+00
      vertex -4.540000E+01 2.432447E+01 7.622019E+00
      vertex -4.380000E+01 2.432447E+01 7.622019E+00
    endloop
  endfacet
  facet normal 0.000000E+00 4.647232E-01 -8.854560E-01
    outer loop
      vertex -4.540000E+01 2.406832E+01 7.487581E+00
      vertex -4.540000E+01 2.432447E+01 7.622019E+00
      vertex -4.380000E+01 2.406832E+01 7.487581E+00
    endloop
  endfacet
  facet normal 0.000000E+00 2.393168E-01 -9.709415E-01
    outer loop
      vertex -4.380000E+01 2.432447E+01 7.622019E+00
      vertex -4.540000E+01 2.460536E+01 7.691251E+00
      vertex -4.380000E+01 2.460536E+01 7.691251E+00
    endloop
  endfacet
  facet normal 0.000000E+00 2.393168E-01 -9.709415E-01
    outer loop
      vertex -4.540000E+01 2.432447E+01 7.622019E+00
      vertex -4.540000E+01 2.460536E+01 7.691251E+00
      vertex -4.380000E+01 2.432447E+01 7.622019E+00
    endloop
  endfacet
  facet normal 0.000000E+00 0.000000E+00 -1.000000E+00
    outer loop
      vertex -4.380000E+01 2.460536E+01 7.691251E+00
      vertex -4.540000E+01 2.489464E+01 7.691251E+00
      vertex -4.380000E+01 2.489464E+01 7.691251E+00
    endloop
  endfacet
  facet normal 0.000000E+00 0.000000E+00 -1.000000E+00
    outer loop
      vertex -4.540000E+01 2.460536E+01 7.691251E+00
      vertex -4.540000E+01 2.489464E+01 7.691251E+00
      vertex -4.380000E+01 2.460536E+01 7.691251E+00
    endloop
  endfacet
  facet normal 0.000000E+00 -2.393168E-01 -9.709415E-01
    outer loop
      vertex -4.380000E+01 2.489464E+01 7.691251E+00
      vertex -4.540000E+01 2.517553E+01 7.622019E+00
      vertex -4.380000E+01 2.517553E+01 7.622019E+00
    endloop
  endfacet
  facet normal 0.000000E+00 -2.393168E-01 -9.709415E-01
    outer loop
      vertex -4.540000E+01 2.489464E+01 7.691251E+00
      vertex -4.540000E+01 2.517553E+01 7.622019E+00
      vertex -4.380000E+01 2.489464E+01 7.691251E+00
    endloop
  endfacet
  facet normal 0.000000E+00 -4.647232E-01 -8.854560E-01
    outer loop
      vertex -4.380000E+01 2.517553E+01 7.622019E+00
      vertex -4.540000E+01 2.543168E+01 7.487581E+00
      vertex -4.380000E+01 2.543168E+01 7.487581E+00
    endloop
  endfacet
  facet normal 0.000000E+00 -4.647232E-01 -8.854560E-01
    outer loop
      vertex -4.540000E+01 2.517553E+01 7.622019E+00
      vertex -4.540000E+01 2.543168E+01 7.487581E+00
      vertex -4.380000E+01 2.517553E+01 7.622019E+00
    endloop
  endfacet
  facet normal 0.000000E+00 -6.631221E-01 -7.485112E-01
    outer loop
      vertex -4.380000E+01 2.543168E+01 7.487581E+00
      vertex -4.540000E+01 2.564821E+01 7.295747E+00
      vertex -4.380000E+01 2.564821E+01 7.295747E+00
    endloop
  endfacet
  facet normal 0.000000E+00 -6.631221E-01 -7.485112E-01
    outer loop
      vertex -4.540000E+01 2.543168E+01 7.487581E+00
      vertex -4.540000E+01 2.564821E+01 7.295747E+00
      vertex -4.380000E+01 2.543168E+01 7.487581E+00
    endloop
  endfacet
  facet normal 0.000000E+00 -8.229825E-01 -5.680666E-01
    outer loop
      vertex -4.380000E+01 2.564821E+01 7.295747E+00
      vertex -4.540000E+01 2.581255E+01 7.057668E+00
      vertex -4.380000E+01 2.581255E+01 7.057668E+00
    endloop
  endfacet
  facet normal 0.000000E+00 -8.229825E-01 -5.680666E-01
    outer loop
      vertex -4.540000E+01 2.564821E+01 7.295747E+00
      vertex -4.540000E+01 2.581255E+01 7.057668E+00
      vertex -4.380000E+01 2.564821E+01 7.295747E+00
    endloop
  endfacet
  facet normal 0.000000E+00 -9.350162E-01 -3.546051E-01
    outer loop
      vertex -4.380000E+01 2.581255E+01 7.057668E+00
      vertex -4.540000E+01 2.591513E+01 6.787179E+00
      vertex -4.380000E+01 2.591513E+01 6.787179E+00
    endloop
  endfacet
  facet normal 0.000000E+00 -9.350162E-01 -3.546051E-01
    outer loop
      vertex -4.540000E+01 2.581255E+01 7.057668E+00
      vertex -4.540000E+01 2.591513E+01 6.787179E+00
      vertex -4.380000E+01 2.581255E+01 7.057668E+00
    endloop
  endfacet
  facet normal 0.000000E+00 -9.927087E-01 -1.205377E-01
    outer loop
      vertex -4.380000E+01 2.591513E+01 6.787179E+00
      vertex -4.540000E+01 2.595000E+01 6.500000E+00
      vertex -4.380000E+01 2.595000E+01 6.500000E+00
    endloop
  endfacet
  facet normal 0.000000E+00 -9.927087E-01 -1.205377E-01
    outer loop
      vertex -4.540000E+01 2.591513E+01 6.787179E+00
      vertex -4.540000E+01 2.595000E+01 6.500000E+00
      vertex -4.380000E+01 2.591513E+01 6.787179E+00
    endloop
  endfacet
  facet normal 0.000000E+00 9.927089E-01 -1.205369E-01
    outer loop
      vertex -4.540000E+01 -2.950000E+00 6.500000E+00
      vertex -4.540000E+01 -2.915130E+00 6.787179E+00
      vertex -4.380000E+01 -2.950000E+00 6.500000E+00
    endloop
  endfacet
  facet normal 0.000000E+00 9.927089E-01 -1.205369E-01
    outer loop
      vertex -4.380000E+01 -2.950000E+00 6.500000E+00
      vertex -4.540000E+01 -2.915130E+00 6.787179E+00
      vertex -4.380000E+01 -2.915130E+00 6.787179E+00
    endloop
  endfacet
  facet normal 0.000000E+00 9.350162E-01 -3.546051E-01
    outer loop
      vertex -4.380000E+01 -2.915130E+00 6.787179E+00
      vertex -4.540000E+01 -2.812547E+00 7.057668E+00
      vertex -4.380000E+01 -2.812547E+00 7.057668E+00
    endloop
  endfacet
  facet normal 0.000000E+00 9.350162E-01 -3.546051E-01
    outer loop
      vertex -4.540000E+01 -2.915130E+00 6.787179E+00
      vertex -4.540000E+01 -2.812547E+00 7.057668E+00
      vertex -4.380000E+01 -2.915130E+00 6.787179E+00
    endloop
  endfacet
  facet normal 0.000000E+00 8.229841E-01 -5.680644E-01
    outer loop
      vertex -4.380000E+01 -2.812547E+00 7.057668E+00
      vertex -4.540000E+01 -2.648213E+00 7.295747E+00
      vertex -4.380000E+01 -2.648213E+00 7.295747E+00
    endloop
  endfacet
  facet normal 0.000000E+00 8.229841E-01 -5.680644E-01
    outer loop
      vertex -4.540000E+01 -2.812547E+00 7.057668E+00
      vertex -4.540000E+01 -2.648213E+00 7.295747E+00
      vertex -4.380000E+01 -2.812547E+00 7.057668E+00
    endloop
  endfacet
  facet normal 0.000000E+00 6.631225E-01 -7.485109E-01
    outer loop
      vertex -4.380000E+01 -2.648213E+00 7.295747E+00
      vertex -4.540000E+01 -2.431678E+00 7.487581E+00
      vertex -4.380000E+01 -2.431678E+00 7.487581E+00
    endloop
  endfacet
  facet normal 0.000000E+00 6.631225E-01 -7.485109E-01
    outer loop
      vertex -4.540000E+01 -2.648213E+00 7.295747E+00
      vertex -4.540000E+01 -2.431678E+00 7.487581E+00
      vertex -4.380000E+01 -2.648213E+00 7.295747E+00
    endloop
  endfacet
  facet normal 0.000000E+00 4.647225E-01 -8.854564E-01
    outer loop
      vertex -4.380000E+01 -2.431678E+00 7.487581E+00
      vertex -4.540000E+01 -2.175526E+00 7.622019E+00
      vertex -4.380000E+01 -2.175526E+00 7.622019E+00
    endloop
  endfacet
  facet normal 0.000000E+00 4.647225E-01 -8.854564E-01
    outer loop
      vertex -4.540000E+01 -2.431678E+00 7.487581E+00
      vertex -4.540000E+01 -2.175526E+00 7.622019E+00
      vertex -4.380000E+01 -2.431678E+00 7.487581E+00
    endloop
  endfacet
  facet normal 0.000000E+00 2.393168E-01 -9.709415E-01
    outer loop
      vertex -4.380000E+01 -2.175526E+00 7.622019E+00
      vertex -4.540000E+01 -1.894644E+00 7.691251E+00
      vertex -4.380000E+01 -1.894644E+00 7.691251E+00
    endloop
  endfacet
  facet normal 0.000000E+00 2.393168E-01 -9.709415E-01
    outer loop
      vertex -4.540000E+01 -2.175526E+00 7.622019E+00
      vertex -4.540000E+01 -1.894644E+00 7.691251E+00
      vertex -4.380000E+01 -2.175526E+00 7.622019E+00
    endloop
  endfacet
  facet normal 0.000000E+00 0.000000E+00 -1.000000E+00
    outer loop
      vertex -4.380000E+01 -1.894644E+00 7.691251E+00
      vertex -4.540000E+01 -1.605356E+00 7.691251E+00
      vertex -4.380000E+01 -1.605356E+00 7.691251E+00
    endloop
  endfacet
  facet normal 0.000000E+00 0.000000E+00 -1.000000E+00
    outer loop
      vertex -4.540000E+01 -1.894644E+00 7.691251E+00
      vertex -4.540000E+01 -1.605356E+00 7.691251E+00
      vertex -4.380000E+01 -1.894644E+00 7.691251E+00
    endloop
  endfacet
  facet normal 0.000000E+00 -2.393168E-01 -9.709415E-01
    outer loop
      vertex -4.380000E+01 -1.605356E+00 7.691251E+00
      vertex -4.540000E+01 -1.324474E+00 7.622019E+00
      vertex -4.380000E+01 -1.324474E+00 7.622019E+00
    endloop
  endfacet
  facet normal 0.000000E+00 -2.393168E-01 -9.709415E-01
    outer loop
      vertex -4.540000E+01 -1.605356E+00 7.691251E+00
      vertex -4.540000E+01 -1.324474E+00 7.622019E+00
      vertex -4.380000E+01 -1.605356E+00 7.691251E+00
    endloop
  endfacet
  facet normal 0.000000E+00 -4.647223E-01 -8.854564E-01
    outer loop
      vertex -4.380000E+01 -1.324474E+00 7.622019E+00
      vertex -4.540000E+01 -1.068322E+00 7.487581E+00
      vertex -4.380000E+01 -1.068322E+00 7.487581E+00
    endloop
  endfacet
  facet normal 0.000000E+00 -4.647223E-01 -8.854564E-01
    outer loop
      vertex -4.540000E+01 -1.324474E+00 7.622019E+00
      vertex -4.540000E+01 -1.068322E+00 7.487581E+00
      vertex -4.380000E+01 -1.324474E+00 7.622019E+00
    endloop
  endfacet
  facet normal 0.000000E+00 -6.631227E-01 -7.485107E-01
    outer loop
      vertex -4.380000E+01 -1.068322E+00 7.487581E+00
      vertex -4.540000E+01 -8.517871E-01 7.295747E+00
      vertex -4.380000E+01 -8.517871E-01 7.295747E+00
    endloop
  endfacet
  facet normal 0.000000E+00 -6.631227E-01 -7.485107E-01
    outer loop
      vertex -4.540000E+01 -1.068322E+00 7.487581E+00
      vertex -4.540000E+01 -8.517871E-01 7.295747E+00
      vertex -4.380000E+01 -1.068322E+00 7.487581E+00
    endloop
  endfacet
  facet normal 0.000000E+00 -8.229841E-01 -5.680644E-01
    outer loop
      vertex -4.380000E+01 -8.517871E-01 7.295747E+00
      vertex -4.540000E+01 -6.874528E-01 7.057668E+00
      vertex -4.380000E+01 -6.874528E-01 7.057668E+00
    endloop
  endfacet
  facet normal 0.000000E+00 -8.229841E-01 -5.680644E-01
    outer loop
      vertex -4.540000E+01 -8.517871E-01 7.295747E+00
      vertex -4.540000E+01 -6.874528E-01 7.057668E+00
      vertex -4.380000E+01 -8.517871E-01 7.295747E+00
    endloop
  endfacet
  facet normal 0.000000E+00 -9.350161E-01 -3.546053E-01
    outer loop
      vertex -4.380000E+01 -6.874528E-01 7.057668E+00
      vertex -4.540000E+01 -5.848698E-01 6.787179E+00
      vertex -4.380000E+01 -5.848698E-01 6.787179E+00
    endloop
  endfacet
  facet normal 0.000000E+00 -9.350161E-01 -3.546053E-01
    outer loop
      vertex -4.540000E+01 -6.874528E-01 7.057668E+00
      vertex -4.540000E+01 -5.848698E-01 6.787179E+00
      vertex -4.380000E+01 -6.874528E-01 7.057668E+00
    endloop
  endfacet
  facet normal 0.000000E+00 -9.927089E-01 -1.205365E-01
    outer loop
      vertex -4.380000E+01 -5.848698E-01 6.787179E+00
      vertex -4.540000E+01 -5.500000E-01 6.500000E+00
      vertex -4.380000E+01 -5.500000E-01 6.500000E+00
    endloop
  endfacet
  facet normal 0.000000E+00 -9.927089E-01 -1.205365E-01
    outer loop
      vertex -4.540000E+01 -5.848698E-01 6.787179E+00
      vertex -4.540000E+01 -5.500000E-01 6.500000E+00
      vertex -4.380000E+01 -5.848698E-01 6.787179E+00
    endloop
  endfacet
  facet normal -1.000000E+00 0.000000E+00 0.000000E+00
    outer loop
      vertex -4.540000E+01 -4.335271E+00 1.094236E+01
      vertex -4.540000E+01 -3.750000E+00 1.100000E+01
      vertex -4.540000E+01 -2.431678E+00 7.487581E+00
    endloop
  endfacet
  facet normal -1.000000E+00 0.000000E+00 0.000000E+00
    outer loop
      vertex -4.540000E+01 -4.335271E+00 1.094236E+01
      vertex -4.540000E+01 -2.431678E+00 7.487581E+00
      vertex -4.540000E+01 -2.648213E+00 7.295747E+00
    endloop
  endfacet
  facet normal -1.000000E+00 0.000000E+00 0.000000E+00
    outer loop
      vertex -4.540000E+01 -5.848698E-01 6.787179E+00
      vertex -4.540000E+01 3.250000E+00 8.000000E+00
      vertex -4.540000E+01 -5.500000E-01 6.500000E+00
    endloop
  endfacet
  facet normal -1.000000E+00 0.000000E+00 0.000000E+00
    outer loop
      vertex -4.540000E+01 -4.898050E+00 1.077164E+01
      vertex -4.540000E+01 -4.335271E+00 1.094236E+01
      vertex -4.540000E+01 -2.648213E+00 7.295747E+00
    endloop
  endfacet
  facet normal -1.000000E+00 0.000000E+00 0.000000E+00
    outer loop
      vertex -4.540000E+01 -6.521638E+00 9.148050E+00
      vertex -4.540000E+01 -2.648213E+00 7.295747E+00
      vertex -4.540000E+01 -2.812547E+00 7.057668E+00
    endloop
  endfacet
  facet normal -1.000000E+00 0.000000E+00 -0.000000E+00
    outer loop
      vertex -4.540000E+01 -6.521638E+00 9.148050E+00
      vertex -4.540000E+01 -2.812547E+00 7.057668E+00
      vertex -4.540000E+01 -6.692356E+00 8.585271E+00
    endloop
  endfacet
  facet normal -1.000000E+00 0.000000E+00 0.000000E+00
    outer loop
      vertex -4.540000E+01 -6.874528E-01 7.057668E+00
      vertex -4.540000E+01 3.250000E+00 8.000000E+00
      vertex -4.540000E+01 -5.848698E-01 6.787179E+00
    endloop
  endfacet
  facet normal -1.000000E+00 0.000000E+00 0.000000E+00
    outer loop
      vertex -4.540000E+01 -6.874528E-01 7.057668E+00
      vertex -4.540000E+01 3.192356E+00 8.585271E+00
      vertex -4.540000E+01 3.250000E+00 8.000000E+00
    endloop
  endfacet
  facet normal -1.000000E+00 0.000000E+00 0.000000E+00
    outer loop
      vertex -4.540000E+01 -6.874528E-01 7.057668E+00
      vertex -4.540000E+01 3.021639E+00 9.148050E+00
      vertex -4.540000E+01 3.192356E+00 8.585271E+00
    endloop
  endfacet
  facet normal -1.000000E+00 0.000000E+00 -0.000000E+00
    outer loop
      vertex -4.540000E+01 -6.244409E+00 9.666711E+00
      vertex -4.540000E+01 -2.648213E+00 7.295747E+00
      vertex -4.540000E+01 -6.521638E+00 9.148050E+00
    endloop
  endfacet
  facet normal -1.000000E+00 0.000000E+00 0.000000E+00
    outer loop
      vertex -4.540000E+01 -5.416711E+00 1.049441E+01
      vertex -4.540000E+01 -4.898050E+00 1.077164E+01
      vertex -4.540000E+01 -2.648213E+00 7.295747E+00
    endloop
  endfacet
  facet normal -1.000000E+00 0.000000E+00 -0.000000E+00
    outer loop
      vertex -4.540000E+01 2.733527E+01 1.094236E+01
      vertex -4.540000E+01 2.789805E+01 1.077164E+01
      vertex -4.540000E+01 2.564821E+01 7.295747E+00
    endloop
  endfacet
  facet normal -1.000000E+00 0.000000E+00 -0.000000E+00
    outer loop
      vertex -4.540000E+01 2.574776E+01 5.833316E+00
      vertex -4.540000E+01 2.975000E+01 3.000000E+00
      vertex -4.540000E+01 2.559853E+01 5.651472E+00
    endloop
  endfacet
  facet normal -1.000000E+00 0.000000E+00 -0.000000E+00
    outer loop
      vertex -4.540000E+01 -5.871320E+00 1.012132E+01
      vertex -4.540000E+01 -2.648213E+00 7.295747E+00
      vertex -4.540000E+01 -6.244409E+00 9.666711E+00
    endloop
  endfacet
  facet normal -1.000000E+00 0.000000E+00 0.000000E+00
    outer loop
      vertex -4.540000E+01 -5.871320E+00 1.012132E+01
      vertex -4.540000E+01 -5.416711E+00 1.049441E+01
      vertex -4.540000E+01 -2.648213E+00 7.295747E+00
    endloop
  endfacet
  facet normal -1.000000E+00 0.000000E+00 0.000000E+00
    outer loop
      vertex -4.540000E+01 2.733527E+01 1.094236E+01
      vertex -4.540000E+01 2.564821E+01 7.295747E+00
      vertex -4.540000E+01 2.543168E+01 7.487581E+00
    endloop
  endfacet
  facet normal -1.000000E+00 0.000000E+00 0.000000E+00
    outer loop
      vertex -4.540000E+01 2.537700E+01 5.476832E+00
      vertex -4.540000E+01 2.559853E+01 5.651472E+00
      vertex -4.540000E+01 2.975000E+01 3.000000E+00
    endloop
  endfacet
  facet normal -1.000000E+00 0.000000E+00 -0.000000E+00
    outer loop
      vertex -4.540000E+01 2.675000E+01 1.100000E+01
      vertex -4.540000E+01 2.733527E+01 1.094236E+01
      vertex -4.540000E+01 2.543168E+01 7.487581E+00
    endloop
  endfacet
  facet normal -1.000000E+00 0.000000E+00 0.000000E+00
    outer loop
      vertex -4.540000E+01 2.675000E+01 1.100000E+01
      vertex -4.540000E+01 2.543168E+01 7.487581E+00
      vertex -4.540000E+01 2.517553E+01 7.622019E+00
    endloop
  endfacet
  facet normal -1.000000E+00 0.000000E+00 -0.000000E+00
    outer loop
      vertex -4.540000E+01 2.585866E+01 6.040780E+00
      vertex -4.540000E+01 2.975000E+01 3.000000E+00
      vertex -4.540000E+01 2.574776E+01 5.833316E+00
    endloop
  endfacet
  facet normal -1.000000E+00 0.000000E+00 0.000000E+00
    outer loop
      vertex -4.540000E+01 -8.517871E-01 7.295747E+00
      vertex -4.540000E+01 2.744409E+00 9.666711E+00
      vertex -4.540000E+01 3.021639E+00 9.148050E+00
    endloop
  endfacet
  facet normal -1.000000E+00 0.000000E+00 0.000000E+00
    outer loop
      vertex -4.540000E+01 2.675000E+01 1.100000E+01
      vertex -4.540000E+01 2.517553E+01 7.622019E+00
      vertex -4.540000E+01 2.489464E+01 7.691251E+00
    endloop
  endfacet
  facet normal -1.000000E+00 0.000000E+00 0.000000E+00
    outer loop
      vertex -4.540000E+01 -8.517871E-01 7.295747E+00
      vertex -4.540000E+01 2.371320E+00 1.012132E+01
      vertex -4.540000E+01 2.744409E+00 9.666711E+00
    endloop
  endfacet
  facet normal -1.000000E+00 0.000000E+00 0.000000E+00
    outer loop
      vertex -4.540000E+01 -8.517871E-01 7.295747E+00
      vertex -4.540000E+01 3.021639E+00 9.148050E+00
      vertex -4.540000E+01 -6.874528E-01 7.057668E+00
    endloop
  endfacet
  facet normal -1.000000E+00 0.000000E+00 0.000000E+00
    outer loop
      vertex -4.540000E+01 2.512082E+01 5.358732E+00
      vertex -4.540000E+01 2.537700E+01 5.476832E+00
      vertex -4.540000E+01 2.975000E+01 3.000000E+00
    endloop
  endfacet
  facet normal -1.000000E+00 0.000000E+00 0.000000E+00
    outer loop
      vertex -4.540000E+01 1.975000E+01 8.000000E+00
      vertex -4.540000E+01 2.368745E+01 7.057668E+00
      vertex -4.540000E+01 2.358487E+01 6.787179E+00
    endloop
  endfacet
  facet normal -1.000000E+00 0.000000E+00 -0.000000E+00
    outer loop
      vertex -4.540000E+01 2.592694E+01 6.265892E+00
      vertex -4.540000E+01 2.975000E+01 3.000000E+00
      vertex -4.540000E+01 2.585866E+01 6.040780E+00
    endloop
  endfacet
  facet normal -1.000000E+00 0.000000E+00 0.000000E+00
    outer loop
      vertex -4.540000E+01 1.975000E+01 8.000000E+00
      vertex -4.540000E+01 2.358487E+01 6.787179E+00
      vertex -4.540000E+01 2.355000E+01 6.500000E+00
    endloop
  endfacet
  facet normal -1.000000E+00 0.000000E+00 0.000000E+00
    outer loop
      vertex -4.540000E+01 1.975000E+01 8.000000E+00
      vertex -4.540000E+01 2.355000E+01 6.500000E+00
      vertex -4.540000E+01 2.358316E+01 6.219866E+00
    endloop
  endfacet
  facet normal -1.000000E+00 0.000000E+00 0.000000E+00
    outer loop
      vertex -4.540000E+01 1.975000E+01 8.000000E+00
      vertex -4.540000E+01 2.358316E+01 6.219866E+00
      vertex -4.540000E+01 2.368079E+01 5.955211E+00
    endloop
  endfacet
  facet normal -1.000000E+00 0.000000E+00 0.000000E+00
    outer loop
      vertex -4.540000E+01 1.975000E+01 8.000000E+00
      vertex -4.540000E+01 2.368079E+01 5.955211E+00
      vertex -4.540000E+01 2.383751E+01 5.720662E+00
    endloop
  endfacet
  facet normal -1.000000E+00 0.000000E+00 0.000000E+00
    outer loop
      vertex -4.540000E+01 2.592694E+01 6.265892E+00
      vertex -4.540000E+01 2.975000E+01 8.000000E+00
      vertex -4.540000E+01 2.975000E+01 3.000000E+00
    endloop
  endfacet
  facet normal -1.000000E+00 0.000000E+00 0.000000E+00
    outer loop
      vertex -4.540000E+01 1.975000E+01 8.000000E+00
      vertex -4.540000E+01 2.383751E+01 5.720662E+00
      vertex -4.540000E+01 2.404466E+01 5.529180E+00
    endloop
  endfacet
  facet normal -1.000000E+00 0.000000E+00 0.000000E+00
    outer loop
      vertex -4.540000E+01 2.275000E+01 1.100000E+01
      vertex -4.540000E+01 2.675000E+01 1.100000E+01
      vertex -4.540000E+01 2.489464E+01 7.691251E+00
    endloop
  endfacet
  facet normal -1.000000E+00 0.000000E+00 -0.000000E+00
    outer loop
      vertex -4.540000E+01 1.916711E+00 1.049441E+01
      vertex -4.540000E+01 2.371320E+00 1.012132E+01
      vertex -4.540000E+01 -8.517871E-01 7.295747E+00
    endloop
  endfacet
  facet normal -1.000000E+00 0.000000E+00 0.000000E+00
    outer loop
      vertex -4.540000E+01 2.275000E+01 1.100000E+01
      vertex -4.540000E+01 2.489464E+01 7.691251E+00
      vertex -4.540000E+01 2.460536E+01 7.691251E+00
    endloop
  endfacet
  facet normal -1.000000E+00 0.000000E+00 0.000000E+00
    outer loop
      vertex -4.540000E+01 2.484415E+01 5.303699E+00
      vertex -4.540000E+01 2.512082E+01 5.358732E+00
      vertex -4.540000E+01 2.975000E+01 3.000000E+00
    endloop
  endfacet
  facet normal -1.000000E+00 0.000000E+00 0.000000E+00
    outer loop
      vertex -4.540000E+01 2.275000E+01 1.100000E+01
      vertex -4.540000E+01 2.460536E+01 7.691251E+00
      vertex -4.540000E+01 2.432447E+01 7.622019E+00
    endloop
  endfacet
  facet normal -1.000000E+00 0.000000E+00 0.000000E+00
    outer loop
      vertex -4.540000E+01 2.275000E+01 1.100000E+01
      vertex -4.540000E+01 2.432447E+01 7.622019E+00
      vertex -4.540000E+01 2.406832E+01 7.487581E+00
    endloop
  endfacet
  facet normal -1.000000E+00 0.000000E+00 -0.000000E+00
    outer loop
      vertex -4.540000E+01 1.980764E+01 8.585271E+00
      vertex -4.540000E+01 2.368745E+01 7.057668E+00
      vertex -4.540000E+01 1.975000E+01 8.000000E+00
    endloop
  endfacet
  facet normal -1.000000E+00 0.000000E+00 -0.000000E+00
    outer loop
      vertex -4.540000E+01 2.595000E+01 6.500000E+00
      vertex -4.540000E+01 2.975000E+01 8.000000E+00
      vertex -4.540000E+01 2.592694E+01 6.265892E+00
    endloop
  endfacet
  facet normal -1.000000E+00 0.000000E+00 0.000000E+00
    outer loop
      vertex -4.540000E+01 2.216473E+01 1.094236E+01
      vertex -4.540000E+01 2.275000E+01 1.100000E+01
      vertex -4.540000E+01 2.406832E+01 7.487581E+00
    endloop
  endfacet
  facet normal -1.000000E+00 0.000000E+00 0.000000E+00
    outer loop
      vertex -4.540000E+01 2.216473E+01 1.094236E+01
      vertex -4.540000E+01 2.406832E+01 7.487581E+00
      vertex -4.540000E+01 2.385179E+01 7.295747E+00
    endloop
  endfacet
  facet normal -1.000000E+00 0.000000E+00 0.000000E+00
    outer loop
      vertex -4.540000E+01 2.456228E+01 5.314774E+00
      vertex -4.540000E+01 2.484415E+01 5.303699E+00
      vertex -4.540000E+01 2.975000E+01 3.000000E+00
    endloop
  endfacet
  facet normal -1.000000E+00 0.000000E+00 0.000000E+00
    outer loop
      vertex -4.540000E+01 2.160195E+01 1.077164E+01
      vertex -4.540000E+01 2.216473E+01 1.094236E+01
      vertex -4.540000E+01 2.385179E+01 7.295747E+00
    endloop
  endfacet
  facet normal -1.000000E+00 0.000000E+00 -0.000000E+00
    outer loop
      vertex -4.540000E+01 1.997836E+01 9.148050E+00
      vertex -4.540000E+01 2.368745E+01 7.057668E+00
      vertex -4.540000E+01 1.980764E+01 8.585271E+00
    endloop
  endfacet
  facet normal -1.000000E+00 0.000000E+00 0.000000E+00
    outer loop
      vertex -4.540000E+01 1.997836E+01 9.148050E+00
      vertex -4.540000E+01 2.385179E+01 7.295747E+00
      vertex -4.540000E+01 2.368745E+01 7.057668E+00
    endloop
  endfacet
  facet normal -1.000000E+00 0.000000E+00 0.000000E+00
    outer loop
      vertex -4.540000E+01 2.591513E+01 6.787179E+00
      vertex -4.540000E+01 2.975000E+01 8.000000E+00
      vertex -4.540000E+01 2.595000E+01 6.500000E+00
    endloop
  endfacet
  facet normal -1.000000E+00 0.000000E+00 -0.000000E+00
    outer loop
      vertex -4.540000E+01 2.025559E+01 9.666711E+00
      vertex -4.540000E+01 2.385179E+01 7.295747E+00
      vertex -4.540000E+01 1.997836E+01 9.148050E+00
    endloop
  endfacet
  facet normal -1.000000E+00 0.000000E+00 -0.000000E+00
    outer loop
      vertex -4.540000E+01 1.398050E+00 1.077164E+01
      vertex -4.540000E+01 1.916711E+00 1.049441E+01
      vertex -4.540000E+01 -8.517871E-01 7.295747E+00
    endloop
  endfacet
  facet normal -1.000000E+00 0.000000E+00 0.000000E+00
    outer loop
      vertex -4.540000E+01 2.108329E+01 1.049441E+01
      vertex -4.540000E+01 2.160195E+01 1.077164E+01
      vertex -4.540000E+01 2.385179E+01 7.295747E+00
    endloop
  endfacet
  facet normal -1.000000E+00 0.000000E+00 -0.000000E+00
    outer loop
      vertex -4.540000E+01 2.062868E+01 1.012132E+01
      vertex -4.540000E+01 2.385179E+01 7.295747E+00
      vertex -4.540000E+01 2.025559E+01 9.666711E+00
    endloop
  endfacet
  facet normal -1.000000E+00 0.000000E+00 0.000000E+00
    outer loop
      vertex -4.540000E+01 2.429078E+01 5.391345E+00
      vertex -4.540000E+01 2.456228E+01 5.314774E+00
      vertex -4.540000E+01 2.975000E+01 3.000000E+00
    endloop
  endfacet
  facet normal -1.000000E+00 0.000000E+00 0.000000E+00
    outer loop
      vertex -4.540000E+01 2.062868E+01 1.012132E+01
      vertex -4.540000E+01 2.108329E+01 1.049441E+01
      vertex -4.540000E+01 2.385179E+01 7.295747E+00
    endloop
  endfacet
  facet normal -1.000000E+00 0.000000E+00 0.000000E+00
    outer loop
      vertex -4.540000E+01 2.581255E+01 7.057668E+00
      vertex -4.540000E+01 2.975000E+01 8.000000E+00
      vertex -4.540000E+01 2.591513E+01 6.787179E+00
    endloop
  endfacet
  facet normal -1.000000E+00 0.000000E+00 0.000000E+00
    outer loop
      vertex -4.540000E+01 3.250000E+00 8.000000E+00
      vertex -4.540000E+01 1.975000E+01 8.000000E+00
      vertex -4.540000E+01 2.404466E+01 5.529180E+00
    endloop
  endfacet
  facet normal -1.000000E+00 0.000000E+00 0.000000E+00
    outer loop
      vertex -4.540000E+01 2.581255E+01 7.057668E+00
      vertex -4.540000E+01 2.969236E+01 8.585271E+00
      vertex -4.540000E+01 2.975000E+01 8.000000E+00
    endloop
  endfacet
  facet normal -1.000000E+00 0.000000E+00 0.000000E+00
    outer loop
      vertex -4.540000E+01 2.581255E+01 7.057668E+00
      vertex -4.540000E+01 2.952164E+01 9.148050E+00
      vertex -4.540000E+01 2.969236E+01 8.585271E+00
    endloop
  endfacet
  facet normal -1.000000E+00 0.000000E+00 0.000000E+00
    outer loop
      vertex -4.540000E+01 -6.750000E+00 3.000000E+00
      vertex -4.540000E+01 -2.916844E+00 6.219866E+00
      vertex -4.540000E+01 -2.819208E+00 5.955211E+00
    endloop
  endfacet
  facet normal -1.000000E+00 0.000000E+00 0.000000E+00
    outer loop
      vertex -4.540000E+01 -6.750000E+00 3.000000E+00
      vertex -4.540000E+01 -2.819208E+00 5.955211E+00
      vertex -4.540000E+01 -2.662487E+00 5.720662E+00
    endloop
  endfacet
  facet normal -1.000000E+00 0.000000E+00 0.000000E+00
    outer loop
      vertex -4.540000E+01 -6.750000E+00 3.000000E+00
      vertex -4.540000E+01 -2.662487E+00 5.720662E+00
      vertex -4.540000E+01 -2.455342E+00 5.529180E+00
    endloop
  endfacet
  facet normal -1.000000E+00 0.000000E+00 0.000000E+00
    outer loop
      vertex -4.540000E+01 2.564821E+01 7.295747E+00
      vertex -4.540000E+01 2.952164E+01 9.148050E+00
      vertex -4.540000E+01 2.581255E+01 7.057668E+00
    endloop
  endfacet
  facet normal -1.000000E+00 0.000000E+00 0.000000E+00
    outer loop
      vertex -4.540000E+01 -6.750000E+00 3.000000E+00
      vertex -4.540000E+01 -2.455342E+00 5.529180E+00
      vertex -4.540000E+01 -2.209220E+00 5.391345E+00
    endloop
  endfacet
  facet normal -1.000000E+00 0.000000E+00 0.000000E+00
    outer loop
      vertex -4.540000E+01 2.564821E+01 7.295747E+00
      vertex -4.540000E+01 2.924441E+01 9.666711E+00
      vertex -4.540000E+01 2.952164E+01 9.148050E+00
    endloop
  endfacet
  facet normal -1.000000E+00 0.000000E+00 0.000000E+00
    outer loop
      vertex -4.540000E+01 -6.750000E+00 3.000000E+00
      vertex -4.540000E+01 -2.209220E+00 5.391345E+00
      vertex -4.540000E+01 -1.937721E+00 5.314774E+00
    endloop
  endfacet
  facet normal -1.000000E+00 0.000000E+00 0.000000E+00
    outer loop
      vertex -4.540000E+01 2.564821E+01 7.295747E+00
      vertex -4.540000E+01 2.887132E+01 1.012132E+01
      vertex -4.540000E+01 2.924441E+01 9.666711E+00
    endloop
  endfacet
  facet normal -1.000000E+00 0.000000E+00 0.000000E+00
    outer loop
      vertex -4.540000E+01 -6.750000E+00 3.000000E+00
      vertex -4.540000E+01 -1.937721E+00 5.314774E+00
      vertex -4.540000E+01 -1.655849E+00 5.303699E+00
    endloop
  endfacet
  facet normal -1.000000E+00 0.000000E+00 0.000000E+00
    outer loop
      vertex -4.540000E+01 -6.750000E+00 3.000000E+00
      vertex -4.540000E+01 -1.655849E+00 5.303699E+00
      vertex -4.540000E+01 -1.379180E+00 5.358732E+00
    endloop
  endfacet
  facet normal -1.000000E+00 0.000000E+00 0.000000E+00
    outer loop
      vertex -4.540000E+01 -6.750000E+00 3.000000E+00
      vertex -4.540000E+01 -1.379180E+00 5.358732E+00
      vertex -4.540000E+01 2.975000E+01 3.000000E+00
    endloop
  endfacet
  facet normal -1.000000E+00 0.000000E+00 -0.000000E+00
    outer loop
      vertex -4.540000E+01 -7.522365E-01 5.833316E+00
      vertex -4.540000E+01 3.250000E+00 8.000000E+00
      vertex -4.540000E+01 -9.014719E-01 5.651472E+00
    endloop
  endfacet
  facet normal -1.000000E+00 0.000000E+00 -0.000000E+00
    outer loop
      vertex -4.540000E+01 2.841671E+01 1.049441E+01
      vertex -4.540000E+01 2.887132E+01 1.012132E+01
      vertex -4.540000E+01 2.564821E+01 7.295747E+00
    endloop
  endfacet
  facet normal -1.000000E+00 0.000000E+00 0.000000E+00
    outer loop
      vertex -4.540000E+01 -1.123002E+00 5.476832E+00
      vertex -4.540000E+01 3.250000E+00 8.000000E+00
      vertex -4.540000E+01 2.404466E+01 5.529180E+00
    endloop
  endfacet
  facet normal -1.000000E+00 0.000000E+00 0.000000E+00
    outer loop
      vertex -4.540000E+01 -1.123002E+00 5.476832E+00
      vertex -4.540000E+01 2.404466E+01 5.529180E+00
      vertex -4.540000E+01 2.429078E+01 5.391345E+00
    endloop
  endfacet
  facet normal -1.000000E+00 0.000000E+00 0.000000E+00
    outer loop
      vertex -4.540000E+01 -1.123002E+00 5.476832E+00
      vertex -4.540000E+01 -9.014719E-01 5.651472E+00
      vertex -4.540000E+01 3.250000E+00 8.000000E+00
    endloop
  endfacet
  facet normal -1.000000E+00 0.000000E+00 -0.000000E+00
    outer loop
      vertex -4.540000E+01 -6.413445E-01 6.040780E+00
      vertex -4.540000E+01 3.250000E+00 8.000000E+00
      vertex -4.540000E+01 -7.522365E-01 5.833316E+00
    endloop
  endfacet
  facet normal -1.000000E+00 0.000000E+00 -0.000000E+00
    outer loop
      vertex -4.540000E+01 8.352709E-01 1.094236E+01
      vertex -4.540000E+01 1.398050E+00 1.077164E+01
      vertex -4.540000E+01 -8.517871E-01 7.295747E+00
    endloop
  endfacet
  facet normal -1.000000E+00 0.000000E+00 0.000000E+00
    outer loop
      vertex -4.540000E+01 8.352709E-01 1.094236E+01
      vertex -4.540000E+01 -8.517871E-01 7.295747E+00
      vertex -4.540000E+01 -1.068322E+00 7.487581E+00
    endloop
  endfacet
  facet normal -1.000000E+00 0.000000E+00 0.000000E+00
    outer loop
      vertex -4.540000E+01 -1.379180E+00 5.358732E+00
      vertex -4.540000E+01 2.429078E+01 5.391345E+00
      vertex -4.540000E+01 2.975000E+01 3.000000E+00
    endloop
  endfacet
  facet normal -1.000000E+00 0.000000E+00 0.000000E+00
    outer loop
      vertex -4.540000E+01 -1.379180E+00 5.358732E+00
      vertex -4.540000E+01 -1.123002E+00 5.476832E+00
      vertex -4.540000E+01 2.429078E+01 5.391345E+00
    endloop
  endfacet
  facet normal -1.000000E+00 0.000000E+00 -0.000000E+00
    outer loop
      vertex -4.540000E+01 2.500000E-01 1.100000E+01
      vertex -4.540000E+01 8.352709E-01 1.094236E+01
      vertex -4.540000E+01 -1.068322E+00 7.487581E+00
    endloop
  endfacet
  facet normal -1.000000E+00 0.000000E+00 0.000000E+00
    outer loop
      vertex -4.540000E+01 2.500000E-01 1.100000E+01
      vertex -4.540000E+01 -1.068322E+00 7.487581E+00
      vertex -4.540000E+01 -1.324474E+00 7.622019E+00
    endloop
  endfacet
  facet normal -1.000000E+00 0.000000E+00 0.000000E+00
    outer loop
      vertex -4.540000E+01 2.500000E-01 1.100000E+01
      vertex -4.540000E+01 -1.324474E+00 7.622019E+00
      vertex -4.540000E+01 -1.605356E+00 7.691251E+00
    endloop
  endfacet
  facet normal -1.000000E+00 0.000000E+00 -0.000000E+00
    outer loop
      vertex -4.540000E+01 -5.730577E-01 6.265892E+00
      vertex -4.540000E+01 3.250000E+00 8.000000E+00
      vertex -4.540000E+01 -6.413445E-01 6.040780E+00
    endloop
  endfacet
  facet normal -1.000000E+00 0.000000E+00 -0.000000E+00
    outer loop
      vertex -4.540000E+01 2.789805E+01 1.077164E+01
      vertex -4.540000E+01 2.841671E+01 1.049441E+01
      vertex -4.540000E+01 2.564821E+01 7.295747E+00
    endloop
  endfacet
  facet normal -1.000000E+00 0.000000E+00 0.000000E+00
    outer loop
      vertex -4.540000E+01 -6.750000E+00 8.000000E+00
      vertex -4.540000E+01 -2.916844E+00 6.219866E+00
      vertex -4.540000E+01 -6.750000E+00 3.000000E+00
    endloop
  endfacet
  facet normal -1.000000E+00 0.000000E+00 0.000000E+00
    outer loop
      vertex -4.540000E+01 -6.750000E+00 8.000000E+00
      vertex -4.540000E+01 -2.812547E+00 7.057668E+00
      vertex -4.540000E+01 -2.915130E+00 6.787179E+00
    endloop
  endfacet
  facet normal -1.000000E+00 0.000000E+00 0.000000E+00
    outer loop
      vertex -4.540000E+01 -6.750000E+00 8.000000E+00
      vertex -4.540000E+01 -2.915130E+00 6.787179E+00
      vertex -4.540000E+01 -2.950000E+00 6.500000E+00
    endloop
  endfacet
  facet normal -1.000000E+00 0.000000E+00 0.000000E+00
    outer loop
      vertex -4.540000E+01 -6.750000E+00 8.000000E+00
      vertex -4.540000E+01 -2.950000E+00 6.500000E+00
      vertex -4.540000E+01 -2.916844E+00 6.219866E+00
    endloop
  endfacet
  facet normal -1.000000E+00 0.000000E+00 0.000000E+00
    outer loop
      vertex -4.540000E+01 -3.750000E+00 1.100000E+01
      vertex -4.540000E+01 2.500000E-01 1.100000E+01
      vertex -4.540000E+01 -1.605356E+00 7.691251E+00
    endloop
  endfacet
  facet normal -1.000000E+00 0.000000E+00 0.000000E+00
    outer loop
      vertex -4.540000E+01 -3.750000E+00 1.100000E+01
      vertex -4.540000E+01 -1.605356E+00 7.691251E+00
      vertex -4.540000E+01 -1.894644E+00 7.691251E+00
    endloop
  endfacet
  facet normal -1.000000E+00 0.000000E+00 0.000000E+00
    outer loop
      vertex -4.540000E+01 -3.750000E+00 1.100000E+01
      vertex -4.540000E+01 -1.894644E+00 7.691251E+00
      vertex -4.540000E+01 -2.175526E+00 7.622019E+00
    endloop
  endfacet
  facet normal -1.000000E+00 0.000000E+00 0.000000E+00
    outer loop
      vertex -4.540000E+01 -3.750000E+00 1.100000E+01
      vertex -4.540000E+01 -2.175526E+00 7.622019E+00
      vertex -4.540000E+01 -2.431678E+00 7.487581E+00
    endloop
  endfacet
  facet normal -1.000000E+00 0.000000E+00 -0.000000E+00
    outer loop
      vertex -4.540000E+01 -5.500000E-01 6.500000E+00
      vertex -4.540000E+01 3.250000E+00 8.000000E+00
      vertex -4.540000E+01 -5.730577E-01 6.265892E+00
    endloop
  endfacet
  facet normal -1.000000E+00 0.000000E+00 -0.000000E+00
    outer loop
      vertex -4.540000E+01 -6.692356E+00 8.585271E+00
      vertex -4.540000E+01 -2.812547E+00 7.057668E+00
      vertex -4.540000E+01 -6.750000E+00 8.000000E+00
    endloop
  endfacet
  facet normal 0.000000E+00 -9.951847E-01 9.801751E-02
    outer loop
      vertex -4.540000E+01 -6.750000E+00 8.000000E+00
      vertex -4.240000E+01 -6.750000E+00 8.000000E+00
      vertex -4.240000E+01 -6.692356E+00 8.585271E+00
    endloop
  endfacet
  facet normal 0.000000E+00 -9.569404E-01 2.902846E-01
    outer loop
      vertex -4.540000E+01 -6.692356E+00 8.585271E+00
      vertex -4.240000E+01 -6.692356E+00 8.585271E+00
      vertex -4.240000E+01 -6.521638E+00 9.148050E+00
    endloop
  endfacet
  facet normal 0.000000E+00 -9.951847E-01 9.801751E-02
    outer loop
      vertex -4.540000E+01 -6.692356E+00 8.585271E+00
      vertex -4.540000E+01 -6.750000E+00 8.000000E+00
      vertex -4.240000E+01 -6.692356E+00 8.585271E+00
    endloop
  endfacet
  facet normal 0.000000E+00 -9.569404E-01 2.902846E-01
    outer loop
      vertex -4.540000E+01 -6.521638E+00 9.148050E+00
      vertex -4.540000E+01 -6.692356E+00 8.585271E+00
      vertex -4.240000E+01 -6.521638E+00 9.148050E+00
    endloop
  endfacet
  facet normal 0.000000E+00 -8.819213E-01 4.713967E-01
    outer loop
      vertex -4.540000E+01 -6.244409E+00 9.666711E+00
      vertex -4.240000E+01 -6.521638E+00 9.148050E+00
      vertex -4.240000E+01 -6.244409E+00 9.666711E+00
    endloop
  endfacet
  facet normal 0.000000E+00 -8.819213E-01 4.713967E-01
    outer loop
      vertex -4.540000E+01 -6.244409E+00 9.666711E+00
      vertex -4.540000E+01 -6.521638E+00 9.148050E+00
      vertex -4.240000E+01 -6.521638E+00 9.148050E+00
    endloop
  endfacet
  facet normal 0.000000E+00 -7.730107E-01 6.343930E-01
    outer loop
      vertex -4.540000E+01 -5.871320E+00 1.012132E+01
      vertex -4.240000E+01 -6.244409E+00 9.666711E+00
      vertex -4.240000E+01 -5.871320E+00 1.012132E+01
    endloop
  endfacet
  facet normal 0.000000E+00 -7.730107E-01 6.343930E-01
    outer loop
      vertex -4.540000E+01 -5.871320E+00 1.012132E+01
      vertex -4.540000E+01 -6.244409E+00 9.666711E+00
      vertex -4.240000E+01 -6.244409E+00 9.666711E+00
    endloop
  endfacet
  facet normal 0.000000E+00 -0.000000E+00 1.000000E+00
    outer loop
      vertex -4.240000E+01 -3.750000E+00 1.100000E+01
      vertex -4.240000E+01 2.500000E-01 1.100000E+01
      vertex -4.540000E+01 2.500000E-01 1.100000E+01
    endloop
  endfacet
  facet normal 0.000000E+00 0.000000E+00 1.000000E+00
    outer loop
      vertex -4.240000E+01 -3.750000E+00 1.100000E+01
      vertex -4.540000E+01 2.500000E-01 1.100000E+01
      vertex -4.540000E+01 -3.750000E+00 1.100000E+01
    endloop
  endfacet
  facet normal 0.000000E+00 9.801669E-02 9.951848E-01
    outer loop
      vertex -4.540000E+01 8.352709E-01 1.094236E+01
      vertex -4.540000E+01 2.500000E-01 1.100000E+01
      vertex -4.240000E+01 2.500000E-01 1.100000E+01
    endloop
  endfacet
  facet normal -0.000000E+00 9.801669E-02 9.951848E-01
    outer loop
      vertex -4.540000E+01 8.352709E-01 1.094236E+01
      vertex -4.240000E+01 2.500000E-01 1.100000E+01
      vertex -4.240000E+01 8.352709E-01 1.094236E+01
    endloop
  endfacet
  facet normal -0.000000E+00 2.902847E-01 9.569404E-01
    outer loop
      vertex -4.540000E+01 1.398050E+00 1.077164E+01
      vertex -4.240000E+01 8.352709E-01 1.094236E+01
      vertex -4.240000E+01 1.398050E+00 1.077164E+01
    endloop
  endfacet
  facet normal 0.000000E+00 2.902847E-01 9.569404E-01
    outer loop
      vertex -4.540000E+01 1.398050E+00 1.077164E+01
      vertex -4.540000E+01 8.352709E-01 1.094236E+01
      vertex -4.240000E+01 8.352709E-01 1.094236E+01
    endloop
  endfacet
  facet normal -0.000000E+00 4.713974E-01 8.819209E-01
    outer loop
      vertex -4.540000E+01 1.916711E+00 1.049441E+01
      vertex -4.240000E+01 1.398050E+00 1.077164E+01
      vertex -4.240000E+01 1.916711E+00 1.049441E+01
    endloop
  endfacet
  facet normal 0.000000E+00 4.713974E-01 8.819209E-01
    outer loop
      vertex -4.540000E+01 1.916711E+00 1.049441E+01
      vertex -4.540000E+01 1.398050E+00 1.077164E+01
      vertex -4.240000E+01 1.398050E+00 1.077164E+01
    endloop
  endfacet
  facet normal -0.000000E+00 6.343928E-01 7.730109E-01
    outer loop
      vertex -4.540000E+01 2.371320E+00 1.012132E+01
      vertex -4.240000E+01 1.916711E+00 1.049441E+01
      vertex -4.240000E+01 2.371320E+00 1.012132E+01
    endloop
  endfacet
  facet normal 0.000000E+00 6.343928E-01 7.730109E-01
    outer loop
      vertex -4.540000E+01 2.371320E+00 1.012132E+01
      vertex -4.540000E+01 1.916711E+00 1.049441E+01
      vertex -4.240000E+01 1.916711E+00 1.049441E+01
    endloop
  endfacet
  facet normal 0.000000E+00 9.951848E-01 9.801670E-02
    outer loop
      vertex -4.240000E+01 2.969236E+01 8.585271E+00
      vertex -4.240000E+01 2.975000E+01 8.000000E+00
      vertex -4.540000E+01 2.975000E+01 8.000000E+00
    endloop
  endfacet
  facet normal 0.000000E+00 9.951848E-01 9.801670E-02
    outer loop
      vertex -4.240000E+01 2.969236E+01 8.585271E+00
      vertex -4.540000E+01 2.975000E+01 8.000000E+00
      vertex -4.540000E+01 2.969236E+01 8.585271E+00
    endloop
  endfacet
  facet normal 0.000000E+00 9.569404E-01 2.902846E-01
    outer loop
      vertex -4.240000E+01 2.952164E+01 9.148050E+00
      vertex -4.540000E+01 2.969236E+01 8.585271E+00
      vertex -4.540000E+01 2.952164E+01 9.148050E+00
    endloop
  endfacet
  facet normal 0.000000E+00 9.569404E-01 2.902846E-01
    outer loop
      vertex -4.240000E+01 2.952164E+01 9.148050E+00
      vertex -4.240000E+01 2.969236E+01 8.585271E+00
      vertex -4.540000E+01 2.969236E+01 8.585271E+00
    endloop
  endfacet
  facet normal 0.000000E+00 8.819216E-01 4.713961E-01
    outer loop
      vertex -4.240000E+01 2.924441E+01 9.666711E+00
      vertex -4.540000E+01 2.952164E+01 9.148050E+00
      vertex -4.540000E+01 2.924441E+01 9.666711E+00
    endloop
  endfacet
  facet normal 0.000000E+00 8.819216E-01 4.713961E-01
    outer loop
      vertex -4.240000E+01 2.924441E+01 9.666711E+00
      vertex -4.240000E+01 2.952164E+01 9.148050E+00
      vertex -4.540000E+01 2.952164E+01 9.148050E+00
    endloop
  endfacet
  facet normal 0.000000E+00 7.730104E-01 6.343935E-01
    outer loop
      vertex -4.240000E+01 2.887132E+01 1.012132E+01
      vertex -4.540000E+01 2.924441E+01 9.666711E+00
      vertex -4.540000E+01 2.887132E+01 1.012132E+01
    endloop
  endfacet
  facet normal 0.000000E+00 7.730104E-01 6.343935E-01
    outer loop
      vertex -4.240000E+01 2.887132E+01 1.012132E+01
      vertex -4.240000E+01 2.924441E+01 9.666711E+00
      vertex -4.540000E+01 2.924441E+01 9.666711E+00
    endloop
  endfacet
  facet normal 0.000000E+00 -0.000000E+00 1.000000E+00
    outer loop
      vertex -4.240000E+01 2.275000E+01 1.100000E+01
      vertex -4.240000E+01 2.675000E+01 1.100000E+01
      vertex -4.540000E+01 2.675000E+01 1.100000E+01
    endloop
  endfacet
  facet normal 0.000000E+00 0.000000E+00 1.000000E+00
    outer loop
      vertex -4.240000E+01 2.275000E+01 1.100000E+01
      vertex -4.540000E+01 2.675000E+01 1.100000E+01
      vertex -4.540000E+01 2.275000E+01 1.100000E+01
    endloop
  endfacet
  facet normal 0.000000E+00 -9.801655E-02 9.951848E-01
    outer loop
      vertex -4.240000E+01 2.216473E+01 1.094236E+01
      vertex -4.240000E+01 2.275000E+01 1.100000E+01
      vertex -4.540000E+01 2.275000E+01 1.100000E+01
    endloop
  endfacet
  facet normal 0.000000E+00 -9.801655E-02 9.951848E-01
    outer loop
      vertex -4.240000E+01 2.216473E+01 1.094236E+01
      vertex -4.540000E+01 2.275000E+01 1.100000E+01
      vertex -4.540000E+01 2.216473E+01 1.094236E+01
    endloop
  endfacet
  facet normal 0.000000E+00 -2.902851E-01 9.569402E-01
    outer loop
      vertex -4.240000E+01 2.160195E+01 1.077164E+01
      vertex -4.540000E+01 2.216473E+01 1.094236E+01
      vertex -4.540000E+01 2.160195E+01 1.077164E+01
    endloop
  endfacet
  facet normal 0.000000E+00 -2.902851E-01 9.569402E-01
    outer loop
      vertex -4.240000E+01 2.160195E+01 1.077164E+01
      vertex -4.240000E+01 2.216473E+01 1.094236E+01
      vertex -4.540000E+01 2.216473E+01 1.094236E+01
    endloop
  endfacet
  facet normal 0.000000E+00 -4.713980E-01 8.819206E-01
    outer loop
      vertex -4.240000E+01 2.108329E+01 1.049441E+01
      vertex -4.540000E+01 2.160195E+01 1.077164E+01
      vertex -4.540000E+01 2.108329E+01 1.049441E+01
    endloop
  endfacet
  facet normal 0.000000E+00 -4.713980E-01 8.819206E-01
    outer loop
      vertex -4.240000E+01 2.108329E+01 1.049441E+01
      vertex -4.240000E+01 2.160195E+01 1.077164E+01
      vertex -4.540000E+01 2.160195E+01 1.077164E+01
    endloop
  endfacet
  facet normal 0.000000E+00 -6.343917E-01 7.730117E-01
    outer loop
      vertex -4.240000E+01 2.062868E+01 1.012132E+01
      vertex -4.540000E+01 2.108329E+01 1.049441E+01
      vertex -4.540000E+01 2.062868E+01 1.012132E+01
    endloop
  endfacet
  facet normal 0.000000E+00 -6.343917E-01 7.730117E-01
    outer loop
      vertex -4.240000E+01 2.062868E+01 1.012132E+01
      vertex -4.240000E+01 2.108329E+01 1.049441E+01
      vertex -4.540000E+01 2.108329E+01 1.049441E+01
    endloop
  endfacet
  facet normal 0.000000E+00 -0.000000E+00 1.000000E+00
    outer loop
      vertex -4.240000E+01 3.250000E+00 8.000000E+00
      vertex -4.240000E+01 1.975000E+01 8.000000E+00
      vertex -4.540000E+01 1.975000E+01 8.000000E+00
    endloop
  endfacet
  facet normal 0.000000E+00 0.000000E+00 1.000000E+00
    outer loop
      vertex -4.240000E+01 3.250000E+00 8.000000E+00
      vertex -4.540000E+01 1.975000E+01 8.000000E+00
      vertex -4.540000E+01 3.250000E+00 8.000000E+00
    endloop
  endfacet
  facet normal -0.000000E+00 -1.000000E+00 0.000000E+00
    outer loop
      vertex -4.240000E+01 -6.750000E+00 8.000000E+00
      vertex -4.540000E+01 -6.750000E+00 8.000000E+00
      vertex -4.540000E+01 -6.750000E+00 3.000000E+00
    endloop
  endfacet
  facet normal 0.000000E+00 -1.000000E+00 -0.000000E+00
    outer loop
      vertex -4.240000E+01 -6.750000E+00 8.000000E+00
      vertex -4.540000E+01 -6.750000E+00 3.000000E+00
      vertex -4.240000E+01 -6.750000E+00 3.000000E+00
    endloop
  endfacet
  facet normal -0.000000E+00 1.000000E+00 0.000000E+00
    outer loop
      vertex -4.540000E+01 2.975000E+01 8.000000E+00
      vertex -4.240000E+01 2.975000E+01 8.000000E+00
      vertex -4.240000E+01 2.975000E+01 3.000000E+00
    endloop
  endfacet
  facet normal 0.000000E+00 1.000000E+00 0.000000E+00
    outer loop
      vertex -4.540000E+01 2.975000E+01 8.000000E+00
      vertex -4.240000E+01 2.975000E+01 3.000000E+00
      vertex -4.540000E+01 2.975000E+01 3.000000E+00
    endloop
  endfacet
  facet normal -9.951848E-01 0.000000E+00 9.801669E-02
    outer loop
      vertex 2.105764E+01 -7.150000E+00 9.585271E+00
      vertex 2.100000E+01 -7.150000E+00 9.000000E+00
      vertex 2.100000E+01 -1.015000E+01 9.000000E+00
    endloop
  endfacet
  facet normal -9.951848E-01 0.000000E+00 9.801669E-02
    outer loop
      vertex 2.105764E+01 -7.150000E+00 9.585271E+00
      vertex 2.100000E+01 -1.015000E+01 9.000000E+00
      vertex 2.105764E+01 -1.015000E+01 9.585271E+00
    endloop
  endfacet
  facet normal -9.569404E-01 0.000000E+00 2.902846E-01
    outer loop
      vertex 2.122836E+01 -7.150000E+00 1.014805E+01
      vertex 2.105764E+01 -1.015000E+01 9.585271E+00
      vertex 2.122836E+01 -1.015000E+01 1.014805E+01
    endloop
  endfacet
  facet normal -9.569404E-01 0.000000E+00 2.902846E-01
    outer loop
      vertex 2.122836E+01 -7.150000E+00 1.014805E+01
      vertex 2.105764E+01 -7.150000E+00 9.585271E+00
      vertex 2.105764E+01 -1.015000E+01 9.585271E+00
    endloop
  endfacet
  facet normal -8.819216E-01 0.000000E+00 4.713960E-01
    outer loop
      vertex 2.150559E+01 -7.150000E+00 1.066671E+01
      vertex 2.122836E+01 -1.015000E+01 1.014805E+01
      vertex 2.150559E+01 -1.015000E+01 1.066671E+01
    endloop
  endfacet
  facet normal -7.730103E-01 0.000000E+00 6.343935E-01
    outer loop
      vertex 2.150559E+01 -7.150000E+00 1.066671E+01
      vertex 2.150559E+01 -1.015000E+01 1.066671E+01
      vertex 2.187868E+01 -1.015000E+01 1.112132E+01
    endloop
  endfacet
  facet normal -8.819216E-01 0.000000E+00 4.713960E-01
    outer loop
      vertex 2.150559E+01 -7.150000E+00 1.066671E+01
      vertex 2.122836E+01 -7.150000E+00 1.014805E+01
      vertex 2.122836E+01 -1.015000E+01 1.014805E+01
    endloop
  endfacet
  facet normal -7.730103E-01 0.000000E+00 6.343935E-01
    outer loop
      vertex 2.187868E+01 -7.150000E+00 1.112132E+01
      vertex 2.150559E+01 -7.150000E+00 1.066671E+01
      vertex 2.187868E+01 -1.015000E+01 1.112132E+01
    endloop
  endfacet
  facet normal 0.000000E+00 0.000000E+00 1.000000E+00
    outer loop
      vertex 3.000000E+01 -7.150000E+00 1.200000E+01
      vertex 2.400000E+01 -7.150000E+00 1.200000E+01
      vertex 2.400000E+01 -1.015000E+01 1.200000E+01
    endloop
  endfacet
  facet normal 0.000000E+00 0.000000E+00 1.000000E+00
    outer loop
      vertex 3.000000E+01 -7.150000E+00 1.200000E+01
      vertex 2.400000E+01 -1.015000E+01 1.200000E+01
      vertex 3.000000E+01 -1.015000E+01 1.200000E+01
    endloop
  endfacet
  facet normal 9.951848E-01 -0.000000E+00 9.801669E-02
    outer loop
      vertex 3.300000E+01 -1.015000E+01 9.000000E+00
      vertex 3.300000E+01 -7.150000E+00 9.000000E+00
      vertex 3.294236E+01 -7.150000E+00 9.585271E+00
    endloop
  endfacet
  facet normal 9.951848E-01 -0.000000E+00 9.801669E-02
    outer loop
      vertex 3.294236E+01 -1.015000E+01 9.585271E+00
      vertex 3.300000E+01 -1.015000E+01 9.000000E+00
      vertex 3.294236E+01 -7.150000E+00 9.585271E+00
    endloop
  endfacet
  facet normal 9.569395E-01 -0.000000E+00 2.902876E-01
    outer loop
      vertex 3.277164E+01 -1.015000E+01 1.014805E+01
      vertex 3.294236E+01 -7.150000E+00 9.585271E+00
      vertex 3.277164E+01 -7.150000E+00 1.014805E+01
    endloop
  endfacet
  facet normal 9.569395E-01 0.000000E+00 2.902876E-01
    outer loop
      vertex 3.277164E+01 -1.015000E+01 1.014805E+01
      vertex 3.294236E+01 -1.015000E+01 9.585271E+00
      vertex 3.294236E+01 -7.150000E+00 9.585271E+00
    endloop
  endfacet
  facet normal 8.819216E-01 -0.000000E+00 4.713960E-01
    outer loop
      vertex 3.249441E+01 -1.015000E+01 1.066671E+01
      vertex 3.277164E+01 -7.150000E+00 1.014805E+01
      vertex 3.249441E+01 -7.150000E+00 1.066671E+01
    endloop
  endfacet
  facet normal 8.819216E-01 0.000000E+00 4.713960E-01
    outer loop
      vertex 3.249441E+01 -1.015000E+01 1.066671E+01
      vertex 3.277164E+01 -1.015000E+01 1.014805E+01
      vertex 3.277164E+01 -7.150000E+00 1.014805E+01
    endloop
  endfacet
  facet normal 7.730103E-01 -0.000000E+00 6.343935E-01
    outer loop
      vertex 3.212132E+01 -1.015000E+01 1.112132E+01
      vertex 3.249441E+01 -7.150000E+00 1.066671E+01
      vertex 3.212132E+01 -7.150000E+00 1.112132E+01
    endloop
  endfacet
  facet normal 7.730103E-01 0.000000E+00 6.343935E-01
    outer loop
      vertex 3.212132E+01 -1.015000E+01 1.112132E+01
      vertex 3.249441E+01 -1.015000E+01 1.066671E+01
      vertex 3.249441E+01 -7.150000E+00 1.066671E+01
    endloop
  endfacet
  facet normal 1.000000E+00 0.000000E+00 0.000000E+00
    outer loop
      vertex 3.300000E+01 -7.150000E+00 9.000000E+00
      vertex 3.300000E+01 -1.015000E+01 9.000000E+00
      vertex 3.300000E+01 -1.015000E+01 7.000000E+00
    endloop
  endfacet
  facet normal 1.000000E+00 0.000000E+00 0.000000E+00
    outer loop
      vertex 3.300000E+01 -7.150000E+00 9.000000E+00
      vertex 3.300000E+01 -1.015000E+01 7.000000E+00
      vertex 3.300000E+01 -7.150000E+00 7.000000E+00
    endloop
  endfacet
  facet normal -1.000000E+00 0.000000E+00 0.000000E+00
    outer loop
      vertex 2.100000E+01 -1.015000E+01 9.000000E+00
      vertex 2.100000E+01 -7.150000E+00 9.000000E+00
      vertex 2.100000E+01 -7.150000E+00 7.000000E+00
    endloop
  endfacet
  facet normal -1.000000E+00 0.000000E+00 0.000000E+00
    outer loop
      vertex 2.100000E+01 -1.015000E+01 9.000000E+00
      vertex 2.100000E+01 -7.150000E+00 7.000000E+00
      vertex 2.100000E+01 -1.015000E+01 7.000000E+00
    endloop
  endfacet
  facet normal 0.000000E+00 0.000000E+00 1.000000E+00
    outer loop
      vertex 8.000000E+01 -7.150000E+00 7.000000E+00
      vertex 3.300000E+01 -7.150000E+00 7.000000E+00
      vertex 3.300000E+01 -1.015000E+01 7.000000E+00
    endloop
  endfacet
  facet normal 0.000000E+00 0.000000E+00 1.000000E+00
    outer loop
      vertex 8.000000E+01 -7.150000E+00 7.000000E+00
      vertex 3.300000E+01 -1.015000E+01 7.000000E+00
      vertex 8.000000E+01 -1.015000E+01 7.000000E+00
    endloop
  endfacet
  facet normal 1.000000E+00 0.000000E+00 0.000000E+00
    outer loop
      vertex 8.000000E+01 -7.150000E+00 7.000000E+00
      vertex 8.000000E+01 -1.015000E+01 7.000000E+00
      vertex 8.000000E+01 -1.015000E+01 3.000000E+00
    endloop
  endfacet
  facet normal 1.000000E+00 0.000000E+00 0.000000E+00
    outer loop
      vertex 8.000000E+01 -7.150000E+00 7.000000E+00
      vertex 8.000000E+01 -1.015000E+01 3.000000E+00
      vertex 8.000000E+01 -7.150000E+00 3.000000E+00
    endloop
  endfacet
  facet normal -0.000000E+00 1.000000E+00 0.000000E+00
    outer loop
      vertex 3.300000E+01 -7.150000E+00 7.000000E+00
      vertex 8.000000E+01 -7.150000E+00 7.000000E+00
      vertex 8.000000E+01 -7.150000E+00 3.000000E+00
    endloop
  endfacet
  facet normal -0.000000E+00 1.000000E+00 0.000000E+00
    outer loop
      vertex 2.824130E+01 -7.150000E+00 5.350000E+00
      vertex 3.300000E+01 -7.150000E+00 7.000000E+00
      vertex 8.000000E+01 -7.150000E+00 3.000000E+00
    endloop
  endfacet
  facet normal 0.000000E+00 1.000000E+00 0.000000E+00
    outer loop
      vertex 2.948261E+01 -7.150000E+00 7.500000E+00
      vertex 3.294236E+01 -7.150000E+00 9.585271E+00
      vertex 3.300000E+01 -7.150000E+00 9.000000E+00
    endloop
  endfacet
  facet normal 0.000000E+00 1.000000E+00 0.000000E+00
    outer loop
      vertex 2.948261E+01 -7.150000E+00 7.500000E+00
      vertex 3.277164E+01 -7.150000E+00 1.014805E+01
      vertex 3.294236E+01 -7.150000E+00 9.585271E+00
    endloop
  endfacet
  facet normal -0.000000E+00 1.000000E+00 0.000000E+00
    outer loop
      vertex 2.948261E+01 -7.150000E+00 7.500000E+00
      vertex 3.300000E+01 -7.150000E+00 9.000000E+00
      vertex 3.300000E+01 -7.150000E+00 7.000000E+00
    endloop
  endfacet
  facet normal 0.000000E+00 1.000000E+00 0.000000E+00
    outer loop
      vertex 2.948261E+01 -7.150000E+00 7.500000E+00
      vertex 3.300000E+01 -7.150000E+00 7.000000E+00
      vertex 2.824130E+01 -7.150000E+00 5.350000E+00
    endloop
  endfacet
  facet normal 0.000000E+00 1.000000E+00 0.000000E+00
    outer loop
      vertex 3.249441E+01 -7.150000E+00 1.066671E+01
      vertex 3.277164E+01 -7.150000E+00 1.014805E+01
      vertex 2.948261E+01 -7.150000E+00 7.500000E+00
    endloop
  endfacet
  facet normal 0.000000E+00 1.000000E+00 0.000000E+00
    outer loop
      vertex 3.212132E+01 -7.150000E+00 1.112132E+01
      vertex 3.249441E+01 -7.150000E+00 1.066671E+01
      vertex 2.948261E+01 -7.150000E+00 7.500000E+00
    endloop
  endfacet
  facet normal 0.000000E+00 1.000000E+00 0.000000E+00
    outer loop
      vertex 2.824130E+01 -7.150000E+00 9.650000E+00
      vertex 3.166671E+01 -7.150000E+00 1.149441E+01
      vertex 3.212132E+01 -7.150000E+00 1.112132E+01
    endloop
  endfacet
  facet normal 0.000000E+00 1.000000E+00 0.000000E+00
    outer loop
      vertex 2.824130E+01 -7.150000E+00 9.650000E+00
      vertex 3.114805E+01 -7.150000E+00 1.177164E+01
      vertex 3.166671E+01 -7.150000E+00 1.149441E+01
    endloop
  endfacet
  facet normal 0.000000E+00 1.000000E+00 0.000000E+00
    outer loop
      vertex 2.824130E+01 -7.150000E+00 9.650000E+00
      vertex 3.058527E+01 -7.150000E+00 1.194236E+01
      vertex 3.114805E+01 -7.150000E+00 1.177164E+01
    endloop
  endfacet
  facet normal -0.000000E+00 1.000000E+00 0.000000E+00
    outer loop
      vertex 2.824130E+01 -7.150000E+00 9.650000E+00
      vertex 3.212132E+01 -7.150000E+00 1.112132E+01
      vertex 2.948261E+01 -7.150000E+00 7.500000E+00
    endloop
  endfacet
  facet normal 0.000000E+00 1.000000E+00 0.000000E+00
    outer loop
      vertex 3.000000E+01 -7.150000E+00 1.200000E+01
      vertex 3.058527E+01 -7.150000E+00 1.194236E+01
      vertex 2.824130E+01 -7.150000E+00 9.650000E+00
    endloop
  endfacet
  facet normal -0.000000E+00 1.000000E+00 0.000000E+00
    outer loop
      vertex 2.100000E+01 -7.150000E+00 7.000000E+00
      vertex 2.451739E+01 -7.150000E+00 7.500000E+00
      vertex 2.575870E+01 -7.150000E+00 5.350000E+00
    endloop
  endfacet
  facet normal 0.000000E+00 1.000000E+00 0.000000E+00
    outer loop
      vertex 2.100000E+01 -7.150000E+00 9.000000E+00
      vertex 2.451739E+01 -7.150000E+00 7.500000E+00
      vertex 2.100000E+01 -7.150000E+00 7.000000E+00
    endloop
  endfacet
  facet normal 0.000000E+00 1.000000E+00 0.000000E+00
    outer loop
      vertex 2.400000E+01 -7.150000E+00 1.200000E+01
      vertex 2.824130E+01 -7.150000E+00 9.650000E+00
      vertex 2.575870E+01 -7.150000E+00 9.650000E+00
    endloop
  endfacet
  facet normal -0.000000E+00 1.000000E+00 0.000000E+00
    outer loop
      vertex 2.400000E+01 -7.150000E+00 1.200000E+01
      vertex 3.000000E+01 -7.150000E+00 1.200000E+01
      vertex 2.824130E+01 -7.150000E+00 9.650000E+00
    endloop
  endfacet
  facet normal 0.000000E+00 1.000000E+00 0.000000E+00
    outer loop
      vertex 2.105764E+01 -7.150000E+00 9.585271E+00
      vertex 2.451739E+01 -7.150000E+00 7.500000E+00
      vertex 2.100000E+01 -7.150000E+00 9.000000E+00
    endloop
  endfacet
  facet normal -0.000000E+00 1.000000E+00 0.000000E+00
    outer loop
      vertex 2.341473E+01 -7.150000E+00 1.194236E+01
      vertex 2.400000E+01 -7.150000E+00 1.200000E+01
      vertex 2.575870E+01 -7.150000E+00 9.650000E+00
    endloop
  endfacet
  facet normal -0.000000E+00 1.000000E+00 0.000000E+00
    outer loop
      vertex 2.285195E+01 -7.150000E+00 1.177164E+01
      vertex 2.341473E+01 -7.150000E+00 1.194236E+01
      vertex 2.575870E+01 -7.150000E+00 9.650000E+00
    endloop
  endfacet
  facet normal 0.000000E+00 1.000000E+00 0.000000E+00
    outer loop
      vertex 2.122836E+01 -7.150000E+00 1.014805E+01
      vertex 2.451739E+01 -7.150000E+00 7.500000E+00
      vertex 2.105764E+01 -7.150000E+00 9.585271E+00
    endloop
  endfacet
  facet normal -0.000000E+00 1.000000E+00 0.000000E+00
    outer loop
      vertex 2.233329E+01 -7.150000E+00 1.149441E+01
      vertex 2.285195E+01 -7.150000E+00 1.177164E+01
      vertex 2.575870E+01 -7.150000E+00 9.650000E+00
    endloop
  endfacet
  facet normal 0.000000E+00 1.000000E+00 0.000000E+00
    outer loop
      vertex 2.150559E+01 -7.150000E+00 1.066671E+01
      vertex 2.451739E+01 -7.150000E+00 7.500000E+00
      vertex 2.122836E+01 -7.150000E+00 1.014805E+01
    endloop
  endfacet
  facet normal 0.000000E+00 1.000000E+00 0.000000E+00
    outer loop
      vertex 2.187868E+01 -7.150000E+00 1.112132E+01
      vertex 2.575870E+01 -7.150000E+00 9.650000E+00
      vertex 2.451739E+01 -7.150000E+00 7.500000E+00
    endloop
  endfacet
  facet normal -0.000000E+00 1.000000E+00 0.000000E+00
    outer loop
      vertex 2.187868E+01 -7.150000E+00 1.112132E+01
      vertex 2.233329E+01 -7.150000E+00 1.149441E+01
      vertex 2.575870E+01 -7.150000E+00 9.650000E+00
    endloop
  endfacet
  facet normal 0.000000E+00 1.000000E+00 0.000000E+00
    outer loop
      vertex 2.187868E+01 -7.150000E+00 1.112132E+01
      vertex 2.451739E+01 -7.150000E+00 7.500000E+00
      vertex 2.150559E+01 -7.150000E+00 1.066671E+01
    endloop
  endfacet
  facet normal 0.000000E+00 1.000000E+00 0.000000E+00
    outer loop
      vertex -3.000000E+00 -7.150000E+00 3.000000E+00
      vertex 2.575870E+01 -7.150000E+00 5.350000E+00
      vertex 2.824130E+01 -7.150000E+00 5.350000E+00
    endloop
  endfacet
  facet normal 0.000000E+00 1.000000E+00 0.000000E+00
    outer loop
      vertex -3.000000E+00 -7.150000E+00 3.000000E+00
      vertex 2.824130E+01 -7.150000E+00 5.350000E+00
      vertex 8.000000E+01 -7.150000E+00 3.000000E+00
    endloop
  endfacet
  facet normal 0.000000E+00 1.000000E+00 0.000000E+00
    outer loop
      vertex -3.000000E+00 -7.150000E+00 3.000000E+00
      vertex 2.100000E+01 -7.150000E+00 7.000000E+00
      vertex 2.575870E+01 -7.150000E+00 5.350000E+00
    endloop
  endfacet
  facet normal -0.000000E+00 1.000000E+00 0.000000E+00
    outer loop
      vertex -2.000000E+00 -7.150000E+00 5.000000E+00
      vertex 2.100000E+01 -7.150000E+00 7.000000E+00
      vertex -3.000000E+00 -7.150000E+00 3.000000E+00
    endloop
  endfacet
  facet normal -0.000000E+00 1.000000E+00 0.000000E+00
    outer loop
      vertex -3.000000E+00 -7.150000E+00 5.000000E+00
      vertex -2.000000E+00 -7.150000E+00 5.000000E+00
      vertex -3.000000E+00 -7.150000E+00 3.000000E+00
    endloop
  endfacet
  facet normal -0.000000E+00 1.000000E+00 0.000000E+00
    outer loop
      vertex -2.000000E+00 -7.150000E+00 7.000000E+00
      vertex 2.100000E+01 -7.150000E+00 7.000000E+00
      vertex -2.000000E+00 -7.150000E+00 5.000000E+00
    endloop
  endfacet
  facet normal 6.234908E-01 7.818307E-01 -0.000000E+00
    outer loop
      vertex -1.909099E+01 -5.409902E-01 2.500000E+00
      vertex -1.909099E+01 -5.409902E-01 5.000000E+00
      vertex -1.869707E+01 -8.551294E-01 2.500000E+00
    endloop
  endfacet
  facet normal 6.234908E-01 7.818307E-01 0.000000E+00
    outer loop
      vertex -1.909099E+01 -5.409902E-01 5.000000E+00
      vertex -1.869707E+01 -8.551294E-01 5.000000E+00
      vertex -1.869707E+01 -8.551294E-01 2.500000E+00
    endloop
  endfacet
  facet normal 4.338831E-01 9.009691E-01 0.000000E+00
    outer loop
      vertex -1.869707E+01 -8.551294E-01 2.500000E+00
      vertex -1.824313E+01 -1.073738E+00 5.000000E+00
      vertex -1.824313E+01 -1.073738E+00 2.500000E+00
    endloop
  endfacet
  facet normal 4.338831E-01 9.009691E-01 0.000000E+00
    outer loop
      vertex -1.869707E+01 -8.551294E-01 5.000000E+00
      vertex -1.824313E+01 -1.073738E+00 5.000000E+00
      vertex -1.869707E+01 -8.551294E-01 2.500000E+00
    endloop
  endfacet
  facet normal 2.225213E-01 9.749278E-01 0.000000E+00
    outer loop
      vertex -1.824313E+01 -1.073738E+00 2.500000E+00
      vertex -1.775192E+01 -1.185853E+00 5.000000E+00
      vertex -1.775192E+01 -1.185853E+00 2.500000E+00
    endloop
  endfacet
  facet normal 2.225213E-01 9.749278E-01 0.000000E+00
    outer loop
      vertex -1.824313E+01 -1.073738E+00 5.000000E+00
      vertex -1.775192E+01 -1.185853E+00 5.000000E+00
      vertex -1.824313E+01 -1.073738E+00 2.500000E+00
    endloop
  endfacet
  facet normal 0.000000E+00 1.000000E+00 0.000000E+00
    outer loop
      vertex -1.775192E+01 -1.185853E+00 2.500000E+00
      vertex -1.724808E+01 -1.185853E+00 5.000000E+00
      vertex -1.724808E+01 -1.185853E+00 2.500000E+00
    endloop
  endfacet
  facet normal -0.000000E+00 1.000000E+00 0.000000E+00
    outer loop
      vertex -1.775192E+01 -1.185853E+00 5.000000E+00
      vertex -1.724808E+01 -1.185853E+00 5.000000E+00
      vertex -1.775192E+01 -1.185853E+00 2.500000E+00
    endloop
  endfacet
  facet normal -2.225213E-01 9.749278E-01 0.000000E+00
    outer loop
      vertex -1.724808E+01 -1.185853E+00 2.500000E+00
      vertex -1.675687E+01 -1.073738E+00 5.000000E+00
      vertex -1.675687E+01 -1.073738E+00 2.500000E+00
    endloop
  endfacet
  facet normal -2.225213E-01 9.749278E-01 0.000000E+00
    outer loop
      vertex -1.724808E+01 -1.185853E+00 5.000000E+00
      vertex -1.675687E+01 -1.073738E+00 5.000000E+00
      vertex -1.724808E+01 -1.185853E+00 2.500000E+00
    endloop
  endfacet
  facet normal -4.338831E-01 9.009691E-01 0.000000E+00
    outer loop
      vertex -1.675687E+01 -1.073738E+00 2.500000E+00
      vertex -1.630293E+01 -8.551294E-01 5.000000E+00
      vertex -1.630293E+01 -8.551294E-01 2.500000E+00
    endloop
  endfacet
  facet normal -4.338831E-01 9.009691E-01 0.000000E+00
    outer loop
      vertex -1.675687E+01 -1.073738E+00 5.000000E+00
      vertex -1.630293E+01 -8.551294E-01 5.000000E+00
      vertex -1.675687E+01 -1.073738E+00 2.500000E+00
    endloop
  endfacet
  facet normal -6.234908E-01 7.818307E-01 0.000000E+00
    outer loop
      vertex -1.630293E+01 -8.551294E-01 2.500000E+00
      vertex -1.590901E+01 -5.409902E-01 5.000000E+00
      vertex -1.590901E+01 -5.409902E-01 2.500000E+00
    endloop
  endfacet
  facet normal -6.234908E-01 7.818307E-01 0.000000E+00
    outer loop
      vertex -1.630293E+01 -8.551294E-01 5.000000E+00
      vertex -1.590901E+01 -5.409902E-01 5.000000E+00
      vertex -1.630293E+01 -8.551294E-01 2.500000E+00
    endloop
  endfacet
  facet normal -7.818313E-01 6.234900E-01 0.000000E+00
    outer loop
      vertex -1.590901E+01 -5.409902E-01 2.500000E+00
      vertex -1.559487E+01 -1.470722E-01 5.000000E+00
      vertex -1.559487E+01 -1.470722E-01 2.500000E+00
    endloop
  endfacet
  facet normal -7.818313E-01 6.234900E-01 0.000000E+00
    outer loop
      vertex -1.590901E+01 -5.409902E-01 5.000000E+00
      vertex -1.559487E+01 -1.470722E-01 5.000000E+00
      vertex -1.590901E+01 -5.409902E-01 2.500000E+00
    endloop
  endfacet
  facet normal -9.009690E-01 4.338835E-01 0.000000E+00
    outer loop
      vertex -1.559487E+01 -1.470722E-01 2.500000E+00
      vertex -1.537626E+01 3.068721E-01 5.000000E+00
      vertex -1.537626E+01 3.068721E-01 2.500000E+00
    endloop
  endfacet
  facet normal -9.009690E-01 4.338835E-01 0.000000E+00
    outer loop
      vertex -1.559487E+01 -1.470722E-01 5.000000E+00
      vertex -1.537626E+01 3.068721E-01 5.000000E+00
      vertex -1.559487E+01 -1.470722E-01 2.500000E+00
    endloop
  endfacet
  facet normal -9.749279E-01 2.225208E-01 0.000000E+00
    outer loop
      vertex -1.537626E+01 3.068721E-01 2.500000E+00
      vertex -1.526415E+01 7.980799E-01 5.000000E+00
      vertex -1.526415E+01 7.980799E-01 2.500000E+00
    endloop
  endfacet
  facet normal -9.749279E-01 2.225208E-01 0.000000E+00
    outer loop
      vertex -1.537626E+01 3.068721E-01 5.000000E+00
      vertex -1.526415E+01 7.980799E-01 5.000000E+00
      vertex -1.537626E+01 3.068721E-01 2.500000E+00
    endloop
  endfacet
  facet normal -1.000000E+00 0.000000E+00 0.000000E+00
    outer loop
      vertex -1.526415E+01 7.980799E-01 2.500000E+00
      vertex -1.526415E+01 1.301920E+00 5.000000E+00
      vertex -1.526415E+01 1.301920E+00 2.500000E+00
    endloop
  endfacet
  facet normal -1.000000E+00 0.000000E+00 0.000000E+00
    outer loop
      vertex -1.526415E+01 7.980799E-01 5.000000E+00
      vertex -1.526415E+01 1.301920E+00 5.000000E+00
      vertex -1.526415E+01 7.980799E-01 2.500000E+00
    endloop
  endfacet
  facet normal -9.749279E-01 -2.225208E-01 0.000000E+00
    outer loop
      vertex -1.526415E+01 1.301920E+00 2.500000E+00
      vertex -1.537626E+01 1.793128E+00 5.000000E+00
      vertex -1.537626E+01 1.793128E+00 2.500000E+00
    endloop
  endfacet
  facet normal -9.749279E-01 -2.225208E-01 -0.000000E+00
    outer loop
      vertex -1.526415E+01 1.301920E+00 5.000000E+00
      vertex -1.537626E+01 1.793128E+00 5.000000E+00
      vertex -1.526415E+01 1.301920E+00 2.500000E+00
    endloop
  endfacet
  facet normal -9.009690E-01 -4.338835E-01 0.000000E+00
    outer loop
      vertex -1.537626E+01 1.793128E+00 2.500000E+00
      vertex -1.559487E+01 2.247072E+00 5.000000E+00
      vertex -1.559487E+01 2.247072E+00 2.500000E+00
    endloop
  endfacet
  facet normal -9.009690E-01 -4.338835E-01 -0.000000E+00
    outer loop
      vertex -1.537626E+01 1.793128E+00 5.000000E+00
      vertex -1.559487E+01 2.247072E+00 5.000000E+00
      vertex -1.537626E+01 1.793128E+00 2.500000E+00
    endloop
  endfacet
  facet normal -7.818313E-01 -6.234901E-01 0.000000E+00
    outer loop
      vertex -1.559487E+01 2.247072E+00 2.500000E+00
      vertex -1.590901E+01 2.640990E+00 5.000000E+00
      vertex -1.590901E+01 2.640990E+00 2.500000E+00
    endloop
  endfacet
  facet normal -7.818313E-01 -6.234901E-01 -0.000000E+00
    outer loop
      vertex -1.559487E+01 2.247072E+00 5.000000E+00
      vertex -1.590901E+01 2.640990E+00 5.000000E+00
      vertex -1.559487E+01 2.247072E+00 2.500000E+00
    endloop
  endfacet
  facet normal -0.000000E+00 -0.000000E+00 1.000000E+00
    outer loop
      vertex -1.909099E+01 -5.409902E-01 2.500000E+00
      vertex -1.869707E+01 -8.551294E-01 2.500000E+00
      vertex -1.942551E+01 -1.140101E-01 2.500000E+00
    endloop
  endfacet
  facet normal 0.000000E+00 -0.000000E+00 1.000000E+00
    outer loop
      vertex -1.630293E+01 -8.551294E-01 2.500000E+00
      vertex -1.590901E+01 -5.409902E-01 2.500000E+00
      vertex -1.675687E+01 -1.073738E+00 2.500000E+00
    endloop
  endfacet
  facet normal 0.000000E+00 -0.000000E+00 1.000000E+00
    outer loop
      vertex -1.675687E+01 -1.073738E+00 2.500000E+00
      vertex -1.590901E+01 -5.409902E-01 2.500000E+00
      vertex -1.724808E+01 -1.185853E+00 2.500000E+00
    endloop
  endfacet
  facet normal 0.000000E+00 -0.000000E+00 1.000000E+00
    outer loop
      vertex -1.724808E+01 -1.185853E+00 2.500000E+00
      vertex -1.590901E+01 -5.409902E-01 2.500000E+00
      vertex -1.775192E+01 -1.185853E+00 2.500000E+00
    endloop
  endfacet
  facet normal 0.000000E+00 -0.000000E+00 1.000000E+00
    outer loop
      vertex -1.775192E+01 -1.185853E+00 2.500000E+00
      vertex -1.590901E+01 -5.409902E-01 2.500000E+00
      vertex -1.824313E+01 -1.073738E+00 2.500000E+00
    endloop
  endfacet
  facet normal 0.000000E+00 -0.000000E+00 1.000000E+00
    outer loop
      vertex -1.824313E+01 -1.073738E+00 2.500000E+00
      vertex -1.590901E+01 -5.409902E-01 2.500000E+00
      vertex -1.869707E+01 -8.551294E-01 2.500000E+00
    endloop
  endfacet
  facet normal -0.000000E+00 -0.000000E+00 1.000000E+00
    outer loop
      vertex -1.942551E+01 -1.140101E-01 2.500000E+00
      vertex -1.590901E+01 -5.409902E-01 2.500000E+00
      vertex -1.964812E+01 3.806181E-01 2.500000E+00
    endloop
  endfacet
  facet normal 0.000000E+00 -0.000000E+00 1.000000E+00
    outer loop
      vertex -1.869707E+01 -8.551294E-01 2.500000E+00
      vertex -1.590901E+01 -5.409902E-01 2.500000E+00
      vertex -1.942551E+01 -1.140101E-01 2.500000E+00
    endloop
  endfacet
  facet normal 0.000000E+00 -0.000000E+00 1.000000E+00
    outer loop
      vertex -1.964812E+01 3.806181E-01 2.500000E+00
      vertex -1.590901E+01 2.640990E+00 2.500000E+00
      vertex -1.974590E+01 9.141484E-01 2.500000E+00
    endloop
  endfacet
  facet normal 0.000000E+00 0.000000E+00 1.000000E+00
    outer loop
      vertex -1.974590E+01 9.141484E-01 2.500000E+00
      vertex -1.590901E+01 2.640990E+00 2.500000E+00
      vertex -1.971314E+01 1.455574E+00 2.500000E+00
    endloop
  endfacet
  facet normal 0.000000E+00 0.000000E+00 1.000000E+00
    outer loop
      vertex -1.971314E+01 1.455574E+00 2.500000E+00
      vertex -1.590901E+01 2.640990E+00 2.500000E+00
      vertex -1.955177E+01 1.973429E+00 2.500000E+00
    endloop
  endfacet
  facet normal 0.000000E+00 0.000000E+00 1.000000E+00
    outer loop
      vertex -1.955177E+01 1.973429E+00 2.500000E+00
      vertex -1.590901E+01 2.640990E+00 2.500000E+00
      vertex -1.927116E+01 2.437618E+00 2.500000E+00
    endloop
  endfacet
  facet normal 0.000000E+00 0.000000E+00 1.000000E+00
    outer loop
      vertex -1.927116E+01 2.437618E+00 2.500000E+00
      vertex -1.590901E+01 2.640990E+00 2.500000E+00
      vertex -1.888762E+01 2.821163E+00 2.500000E+00
    endloop
  endfacet
  facet normal -0.000000E+00 0.000000E+00 1.000000E+00
    outer loop
      vertex -1.888762E+01 2.821163E+00 2.500000E+00
      vertex -1.590901E+01 2.640990E+00 2.500000E+00
      vertex -1.842343E+01 3.101775E+00 2.500000E+00
    endloop
  endfacet
  facet normal -0.000000E+00 0.000000E+00 1.000000E+00
    outer loop
      vertex -1.842343E+01 3.101775E+00 2.500000E+00
      vertex -1.590901E+01 2.640990E+00 2.500000E+00
      vertex -1.790557E+01 3.263145E+00 2.500000E+00
    endloop
  endfacet
  facet normal -0.000000E+00 0.000000E+00 1.000000E+00
    outer loop
      vertex -1.790557E+01 3.263145E+00 2.500000E+00
      vertex -1.590901E+01 2.640990E+00 2.500000E+00
      vertex -1.736415E+01 3.295895E+00 2.500000E+00
    endloop
  endfacet
  facet normal 0.000000E+00 0.000000E+00 1.000000E+00
    outer loop
      vertex -1.736415E+01 3.295895E+00 2.500000E+00
      vertex -1.590901E+01 2.640990E+00 2.500000E+00
      vertex -1.683062E+01 3.198122E+00 2.500000E+00
    endloop
  endfacet
  facet normal 0.000000E+00 0.000000E+00 1.000000E+00
    outer loop
      vertex -1.683062E+01 3.198122E+00 2.500000E+00
      vertex -1.590901E+01 2.640990E+00 2.500000E+00
      vertex -1.633599E+01 2.975508E+00 2.500000E+00
    endloop
  endfacet
  facet normal 0.000000E+00 -0.000000E+00 1.000000E+00
    outer loop
      vertex -1.590901E+01 -5.409902E-01 2.500000E+00
      vertex -1.590901E+01 2.640990E+00 2.500000E+00
      vertex -1.964812E+01 3.806181E-01 2.500000E+00
    endloop
  endfacet
  facet normal 0.000000E+00 -0.000000E+00 1.000000E+00
    outer loop
      vertex -1.559487E+01 -1.470722E-01 2.500000E+00
      vertex -1.537626E+01 3.068721E-01 2.500000E+00
      vertex -1.590901E+01 -5.409902E-01 2.500000E+00
    endloop
  endfacet
  facet normal 0.000000E+00 0.000000E+00 1.000000E+00
    outer loop
      vertex -1.590901E+01 2.640990E+00 2.500000E+00
      vertex -1.537626E+01 1.793128E+00 2.500000E+00
      vertex -1.559487E+01 2.247072E+00 2.500000E+00
    endloop
  endfacet
  facet normal 0.000000E+00 -0.000000E+00 1.000000E+00
    outer loop
      vertex -1.537626E+01 3.068721E-01 2.500000E+00
      vertex -1.526415E+01 7.980799E-01 2.500000E+00
      vertex -1.590901E+01 -5.409902E-01 2.500000E+00
    endloop
  endfacet
  facet normal 0.000000E+00 0.000000E+00 1.000000E+00
    outer loop
      vertex -1.590901E+01 -5.409902E-01 2.500000E+00
      vertex -1.526415E+01 1.301920E+00 2.500000E+00
      vertex -1.590901E+01 2.640990E+00 2.500000E+00
    endloop
  endfacet
  facet normal 0.000000E+00 0.000000E+00 1.000000E+00
    outer loop
      vertex -1.590901E+01 2.640990E+00 2.500000E+00
      vertex -1.526415E+01 1.301920E+00 2.500000E+00
      vertex -1.537626E+01 1.793128E+00 2.500000E+00
    endloop
  endfacet
  facet normal 0.000000E+00 -0.000000E+00 1.000000E+00
    outer loop
      vertex -1.526415E+01 7.980799E-01 2.500000E+00
      vertex -1.526415E+01 1.301920E+00 2.500000E+00
      vertex -1.590901E+01 -5.409902E-01 2.500000E+00
    endloop
  endfacet
  facet normal 7.818311E-01 6.234903E-01 -0.000000E+00
    outer loop
      vertex -9.402081E+00 8.597919E+00 2.800000E+00
      vertex -9.639431E+00 8.895545E+00 2.800000E+00
      vertex -9.402081E+00 8.597919E+00 5.000000E+00
    endloop
  endfacet
  facet normal 7.818311E-01 6.234903E-01 0.000000E+00
    outer loop
      vertex -9.402081E+00 8.597919E+00 5.000000E+00
      vertex -9.639431E+00 8.895545E+00 2.800000E+00
      vertex -9.639431E+00 8.895545E+00 5.000000E+00
    endloop
  endfacet
  facet normal 9.009688E-01 4.338838E-01 0.000000E+00
    outer loop
      vertex -9.639431E+00 8.895545E+00 5.000000E+00
      vertex -9.804602E+00 9.238525E+00 2.800000E+00
      vertex -9.804602E+00 9.238525E+00 5.000000E+00
    endloop
  endfacet
  facet normal 9.009688E-01 4.338838E-01 -0.000000E+00
    outer loop
      vertex -9.639431E+00 8.895545E+00 2.800000E+00
      vertex -9.804602E+00 9.238525E+00 2.800000E+00
      vertex -9.639431E+00 8.895545E+00 5.000000E+00
    endloop
  endfacet
  facet normal 9.749279E-01 2.225211E-01 0.000000E+00
    outer loop
      vertex -9.804602E+00 9.238525E+00 5.000000E+00
      vertex -9.889311E+00 9.609660E+00 2.800000E+00
      vertex -9.889311E+00 9.609660E+00 5.000000E+00
    endloop
  endfacet
  facet normal 9.749279E-01 2.225211E-01 -0.000000E+00
    outer loop
      vertex -9.804602E+00 9.238525E+00 2.800000E+00
      vertex -9.889311E+00 9.609660E+00 2.800000E+00
      vertex -9.804602E+00 9.238525E+00 5.000000E+00
    endloop
  endfacet
  facet normal 1.000000E+00 -0.000000E+00 0.000000E+00
    outer loop
      vertex -9.889311E+00 9.609660E+00 5.000000E+00
      vertex -9.889311E+00 9.990339E+00 2.800000E+00
      vertex -9.889311E+00 9.990339E+00 5.000000E+00
    endloop
  endfacet
  facet normal 1.000000E+00 0.000000E+00 0.000000E+00
    outer loop
      vertex -9.889311E+00 9.609660E+00 2.800000E+00
      vertex -9.889311E+00 9.990339E+00 2.800000E+00
      vertex -9.889311E+00 9.609660E+00 5.000000E+00
    endloop
  endfacet
  facet normal 9.749279E-01 -2.225211E-01 0.000000E+00
    outer loop
      vertex -9.889311E+00 9.990339E+00 5.000000E+00
      vertex -9.804602E+00 1.036147E+01 2.800000E+00
      vertex -9.804602E+00 1.036147E+01 5.000000E+00
    endloop
  endfacet
  facet normal 9.749279E-01 -2.225211E-01 0.000000E+00
    outer loop
      vertex -9.889311E+00 9.990339E+00 2.800000E+00
      vertex -9.804602E+00 1.036147E+01 2.800000E+00
      vertex -9.889311E+00 9.990339E+00 5.000000E+00
    endloop
  endfacet
  facet normal 9.009688E-01 -4.338838E-01 0.000000E+00
    outer loop
      vertex -9.804602E+00 1.036147E+01 5.000000E+00
      vertex -9.639431E+00 1.070445E+01 2.800000E+00
      vertex -9.639431E+00 1.070445E+01 5.000000E+00
    endloop
  endfacet
  facet normal 7.818320E-01 -6.234890E-01 0.000000E+00
    outer loop
      vertex -9.639431E+00 1.070445E+01 5.000000E+00
      vertex -9.639431E+00 1.070445E+01 2.800000E+00
      vertex -9.402081E+00 1.100208E+01 5.000000E+00
    endloop
  endfacet
  facet normal 9.009688E-01 -4.338838E-01 0.000000E+00
    outer loop
      vertex -9.804602E+00 1.036147E+01 2.800000E+00
      vertex -9.639431E+00 1.070445E+01 2.800000E+00
      vertex -9.804602E+00 1.036147E+01 5.000000E+00
    endloop
  endfacet
  facet normal 6.234903E-01 -7.818311E-01 0.000000E+00
    outer loop
      vertex -9.402081E+00 1.100208E+01 5.000000E+00
      vertex -9.402081E+00 1.100208E+01 2.800000E+00
      vertex -9.104455E+00 1.123943E+01 5.000000E+00
    endloop
  endfacet
  facet normal 7.818320E-01 -6.234890E-01 0.000000E+00
    outer loop
      vertex -9.639431E+00 1.070445E+01 2.800000E+00
      vertex -9.402081E+00 1.100208E+01 2.800000E+00
      vertex -9.402081E+00 1.100208E+01 5.000000E+00
    endloop
  endfacet
  facet normal 6.234903E-01 -7.818311E-01 0.000000E+00
    outer loop
      vertex -9.402081E+00 1.100208E+01 2.800000E+00
      vertex -9.104455E+00 1.123943E+01 2.800000E+00
      vertex -9.104455E+00 1.123943E+01 5.000000E+00
    endloop
  endfacet
  facet normal 4.338838E-01 -9.009688E-01 0.000000E+00
    outer loop
      vertex -9.104455E+00 1.123943E+01 5.000000E+00
      vertex -8.761475E+00 1.140460E+01 2.800000E+00
      vertex -8.761475E+00 1.140460E+01 5.000000E+00
    endloop
  endfacet
  facet normal 4.338838E-01 -9.009688E-01 0.000000E+00
    outer loop
      vertex -9.104455E+00 1.123943E+01 2.800000E+00
      vertex -8.761475E+00 1.140460E+01 2.800000E+00
      vertex -9.104455E+00 1.123943E+01 5.000000E+00
    endloop
  endfacet
  facet normal 2.225211E-01 -9.749279E-01 0.000000E+00
    outer loop
      vertex -8.761475E+00 1.140460E+01 5.000000E+00
      vertex -8.390340E+00 1.148931E+01 2.800000E+00
      vertex -8.390340E+00 1.148931E+01 5.000000E+00
    endloop
  endfacet
  facet normal 2.225211E-01 -9.749279E-01 0.000000E+00
    outer loop
      vertex -8.761475E+00 1.140460E+01 2.800000E+00
      vertex -8.390340E+00 1.148931E+01 2.800000E+00
      vertex -8.761475E+00 1.140460E+01 5.000000E+00
    endloop
  endfacet
  facet normal 0.000000E+00 -1.000000E+00 0.000000E+00
    outer loop
      vertex -8.390340E+00 1.148931E+01 5.000000E+00
      vertex -8.009661E+00 1.148931E+01 2.800000E+00
      vertex -8.009661E+00 1.148931E+01 5.000000E+00
    endloop
  endfacet
  facet normal 0.000000E+00 -1.000000E+00 0.000000E+00
    outer loop
      vertex -8.390340E+00 1.148931E+01 2.800000E+00
      vertex -8.009661E+00 1.148931E+01 2.800000E+00
      vertex -8.390340E+00 1.148931E+01 5.000000E+00
    endloop
  endfacet
  facet normal -2.225209E-01 -9.749279E-01 0.000000E+00
    outer loop
      vertex -8.009661E+00 1.148931E+01 5.000000E+00
      vertex -7.638525E+00 1.140460E+01 2.800000E+00
      vertex -7.638525E+00 1.140460E+01 5.000000E+00
    endloop
  endfacet
  facet normal -2.225209E-01 -9.749279E-01 0.000000E+00
    outer loop
      vertex -8.009661E+00 1.148931E+01 2.800000E+00
      vertex -7.638525E+00 1.140460E+01 2.800000E+00
      vertex -8.009661E+00 1.148931E+01 5.000000E+00
    endloop
  endfacet
  facet normal -4.338843E-01 -9.009686E-01 0.000000E+00
    outer loop
      vertex -7.638525E+00 1.140460E+01 5.000000E+00
      vertex -7.295546E+00 1.123943E+01 2.800000E+00
      vertex -7.295546E+00 1.123943E+01 5.000000E+00
    endloop
  endfacet
  facet normal -4.338843E-01 -9.009686E-01 0.000000E+00
    outer loop
      vertex -7.638525E+00 1.140460E+01 2.800000E+00
      vertex -7.295546E+00 1.123943E+01 2.800000E+00
      vertex -7.638525E+00 1.140460E+01 5.000000E+00
    endloop
  endfacet
  facet normal -6.234897E-01 -7.818316E-01 0.000000E+00
    outer loop
      vertex -7.295546E+00 1.123943E+01 5.000000E+00
      vertex -6.997919E+00 1.100208E+01 2.800000E+00
      vertex -6.997919E+00 1.100208E+01 5.000000E+00
    endloop
  endfacet
  facet normal -6.234897E-01 -7.818316E-01 0.000000E+00
    outer loop
      vertex -7.295546E+00 1.123943E+01 2.800000E+00
      vertex -6.997919E+00 1.100208E+01 2.800000E+00
      vertex -7.295546E+00 1.123943E+01 5.000000E+00
    endloop
  endfacet
  facet normal 7.818311E-01 6.234903E-01 -0.000000E+00
    outer loop
      vertex -9.402081E+00 -8.902081E+00 2.800000E+00
      vertex -9.639431E+00 -8.604455E+00 2.800000E+00
      vertex -9.402081E+00 -8.902081E+00 5.000000E+00
    endloop
  endfacet
  facet normal 7.818311E-01 6.234903E-01 0.000000E+00
    outer loop
      vertex -9.402081E+00 -8.902081E+00 5.000000E+00
      vertex -9.639431E+00 -8.604455E+00 2.800000E+00
      vertex -9.639431E+00 -8.604455E+00 5.000000E+00
    endloop
  endfacet
  facet normal 9.009688E-01 4.338838E-01 0.000000E+00
    outer loop
      vertex -9.639431E+00 -8.604455E+00 5.000000E+00
      vertex -9.804602E+00 -8.261475E+00 2.800000E+00
      vertex -9.804602E+00 -8.261475E+00 5.000000E+00
    endloop
  endfacet
  facet normal 9.009688E-01 4.338838E-01 -0.000000E+00
    outer loop
      vertex -9.639431E+00 -8.604455E+00 2.800000E+00
      vertex -9.804602E+00 -8.261475E+00 2.800000E+00
      vertex -9.639431E+00 -8.604455E+00 5.000000E+00
    endloop
  endfacet
  facet normal 9.749279E-01 2.225209E-01 0.000000E+00
    outer loop
      vertex -9.804602E+00 -8.261475E+00 5.000000E+00
      vertex -9.889311E+00 -7.890339E+00 2.800000E+00
      vertex -9.889311E+00 -7.890339E+00 5.000000E+00
    endloop
  endfacet
  facet normal 9.749279E-01 2.225209E-01 -0.000000E+00
    outer loop
      vertex -9.804602E+00 -8.261475E+00 2.800000E+00
      vertex -9.889311E+00 -7.890339E+00 2.800000E+00
      vertex -9.804602E+00 -8.261475E+00 5.000000E+00
    endloop
  endfacet
  facet normal 1.000000E+00 -0.000000E+00 0.000000E+00
    outer loop
      vertex -9.889311E+00 -7.890339E+00 5.000000E+00
      vertex -9.889311E+00 -7.509660E+00 2.800000E+00
      vertex -9.889311E+00 -7.509660E+00 5.000000E+00
    endloop
  endfacet
  facet normal 1.000000E+00 0.000000E+00 0.000000E+00
    outer loop
      vertex -9.889311E+00 -7.890339E+00 2.800000E+00
      vertex -9.889311E+00 -7.509660E+00 2.800000E+00
      vertex -9.889311E+00 -7.890339E+00 5.000000E+00
    endloop
  endfacet
  facet normal 9.749279E-01 -2.225211E-01 0.000000E+00
    outer loop
      vertex -9.889311E+00 -7.509660E+00 5.000000E+00
      vertex -9.804602E+00 -7.138525E+00 2.800000E+00
      vertex -9.804602E+00 -7.138525E+00 5.000000E+00
    endloop
  endfacet
  facet normal 9.749279E-01 -2.225211E-01 0.000000E+00
    outer loop
      vertex -9.889311E+00 -7.509660E+00 2.800000E+00
      vertex -9.804602E+00 -7.138525E+00 2.800000E+00
      vertex -9.889311E+00 -7.509660E+00 5.000000E+00
    endloop
  endfacet
  facet normal 9.009686E-01 -4.338843E-01 0.000000E+00
    outer loop
      vertex -9.804602E+00 -7.138525E+00 5.000000E+00
      vertex -9.639431E+00 -6.795546E+00 2.800000E+00
      vertex -9.639431E+00 -6.795546E+00 5.000000E+00
    endloop
  endfacet
  facet normal 7.818316E-01 -6.234897E-01 0.000000E+00
    outer loop
      vertex -9.639431E+00 -6.795546E+00 5.000000E+00
      vertex -9.639431E+00 -6.795546E+00 2.800000E+00
      vertex -9.402081E+00 -6.497919E+00 5.000000E+00
    endloop
  endfacet
  facet normal 9.009686E-01 -4.338843E-01 0.000000E+00
    outer loop
      vertex -9.804602E+00 -7.138525E+00 2.800000E+00
      vertex -9.639431E+00 -6.795546E+00 2.800000E+00
      vertex -9.804602E+00 -7.138525E+00 5.000000E+00
    endloop
  endfacet
  facet normal 6.234903E-01 -7.818311E-01 0.000000E+00
    outer loop
      vertex -9.402081E+00 -6.497919E+00 5.000000E+00
      vertex -9.402081E+00 -6.497919E+00 2.800000E+00
      vertex -9.104455E+00 -6.260569E+00 5.000000E+00
    endloop
  endfacet
  facet normal 7.818316E-01 -6.234897E-01 0.000000E+00
    outer loop
      vertex -9.639431E+00 -6.795546E+00 2.800000E+00
      vertex -9.402081E+00 -6.497919E+00 2.800000E+00
      vertex -9.402081E+00 -6.497919E+00 5.000000E+00
    endloop
  endfacet
  facet normal 6.234903E-01 -7.818311E-01 0.000000E+00
    outer loop
      vertex -9.402081E+00 -6.497919E+00 2.800000E+00
      vertex -9.104455E+00 -6.260569E+00 2.800000E+00
      vertex -9.104455E+00 -6.260569E+00 5.000000E+00
    endloop
  endfacet
  facet normal 4.338838E-01 -9.009688E-01 0.000000E+00
    outer loop
      vertex -9.104455E+00 -6.260569E+00 5.000000E+00
      vertex -8.761475E+00 -6.095398E+00 2.800000E+00
      vertex -8.761475E+00 -6.095398E+00 5.000000E+00
    endloop
  endfacet
  facet normal 4.338838E-01 -9.009688E-01 0.000000E+00
    outer loop
      vertex -9.104455E+00 -6.260569E+00 2.800000E+00
      vertex -8.761475E+00 -6.095398E+00 2.800000E+00
      vertex -9.104455E+00 -6.260569E+00 5.000000E+00
    endloop
  endfacet
  facet normal 2.225211E-01 -9.749279E-01 0.000000E+00
    outer loop
      vertex -8.761475E+00 -6.095398E+00 5.000000E+00
      vertex -8.390340E+00 -6.010689E+00 2.800000E+00
      vertex -8.390340E+00 -6.010689E+00 5.000000E+00
    endloop
  endfacet
  facet normal 2.225211E-01 -9.749279E-01 0.000000E+00
    outer loop
      vertex -8.761475E+00 -6.095398E+00 2.800000E+00
      vertex -8.390340E+00 -6.010689E+00 2.800000E+00
      vertex -8.761475E+00 -6.095398E+00 5.000000E+00
    endloop
  endfacet
  facet normal 0.000000E+00 -1.000000E+00 0.000000E+00
    outer loop
      vertex -8.390340E+00 -6.010689E+00 5.000000E+00
      vertex -8.009661E+00 -6.010689E+00 2.800000E+00
      vertex -8.009661E+00 -6.010689E+00 5.000000E+00
    endloop
  endfacet
  facet normal 0.000000E+00 -1.000000E+00 0.000000E+00
    outer loop
      vertex -8.390340E+00 -6.010689E+00 2.800000E+00
      vertex -8.009661E+00 -6.010689E+00 2.800000E+00
      vertex -8.390340E+00 -6.010689E+00 5.000000E+00
    endloop
  endfacet
  facet normal -2.225209E-01 -9.749279E-01 0.000000E+00
    outer loop
      vertex -8.009661E+00 -6.010689E+00 5.000000E+00
      vertex -7.638525E+00 -6.095398E+00 2.800000E+00
      vertex -7.638525E+00 -6.095398E+00 5.000000E+00
    endloop
  endfacet
  facet normal -2.225209E-01 -9.749279E-01 0.000000E+00
    outer loop
      vertex -8.009661E+00 -6.010689E+00 2.800000E+00
      vertex -7.638525E+00 -6.095398E+00 2.800000E+00
      vertex -8.009661E+00 -6.010689E+00 5.000000E+00
    endloop
  endfacet
  facet normal -4.338843E-01 -9.009686E-01 0.000000E+00
    outer loop
      vertex -7.638525E+00 -6.095398E+00 5.000000E+00
      vertex -7.295546E+00 -6.260569E+00 2.800000E+00
      vertex -7.295546E+00 -6.260569E+00 5.000000E+00
    endloop
  endfacet
  facet normal -4.338843E-01 -9.009686E-01 0.000000E+00
    outer loop
      vertex -7.638525E+00 -6.095398E+00 2.800000E+00
      vertex -7.295546E+00 -6.260569E+00 2.800000E+00
      vertex -7.638525E+00 -6.095398E+00 5.000000E+00
    endloop
  endfacet
  facet normal -6.234897E-01 -7.818316E-01 0.000000E+00
    outer loop
      vertex -7.295546E+00 -6.260569E+00 5.000000E+00
      vertex -6.997919E+00 -6.497919E+00 2.800000E+00
      vertex -6.997919E+00 -6.497919E+00 5.000000E+00
    endloop
  endfacet
  facet normal -6.234897E-01 -7.818316E-01 0.000000E+00
    outer loop
      vertex -7.295546E+00 -6.260569E+00 2.800000E+00
      vertex -6.997919E+00 -6.497919E+00 2.800000E+00
      vertex -7.295546E+00 -6.260569E+00 5.000000E+00
    endloop
  endfacet
  facet normal 7.818304E-01 6.234912E-01 -0.000000E+00
    outer loop
      vertex 7.529792E+01 -1.520815E-01 0.000000E+00
      vertex 7.506057E+01 1.455455E-01 0.000000E+00
      vertex 7.529792E+01 -1.520815E-01 5.000000E+00
    endloop
  endfacet
  facet normal 7.818304E-01 6.234912E-01 0.000000E+00
    outer loop
      vertex 7.529792E+01 -1.520815E-01 5.000000E+00
      vertex 7.506057E+01 1.455455E-01 0.000000E+00
      vertex 7.506057E+01 1.455455E-01 5.000000E+00
    endloop
  endfacet
  facet normal 9.009706E-01 4.338799E-01 0.000000E+00
    outer loop
      vertex 7.506057E+01 1.455455E-01 5.000000E+00
      vertex 7.489540E+01 4.885256E-01 0.000000E+00
      vertex 7.489540E+01 4.885256E-01 5.000000E+00
    endloop
  endfacet
  facet normal 9.009706E-01 4.338799E-01 -0.000000E+00
    outer loop
      vertex 7.506057E+01 1.455455E-01 0.000000E+00
      vertex 7.489540E+01 4.885256E-01 0.000000E+00
      vertex 7.506057E+01 1.455455E-01 5.000000E+00
    endloop
  endfacet
  facet normal 9.749278E-01 2.225211E-01 0.000000E+00
    outer loop
      vertex 7.489540E+01 4.885256E-01 5.000000E+00
      vertex 7.481069E+01 8.596604E-01 0.000000E+00
      vertex 7.481069E+01 8.596604E-01 5.000000E+00
    endloop
  endfacet
  facet normal 9.749278E-01 2.225211E-01 -0.000000E+00
    outer loop
      vertex 7.489540E+01 4.885256E-01 0.000000E+00
      vertex 7.481069E+01 8.596604E-01 0.000000E+00
      vertex 7.489540E+01 4.885256E-01 5.000000E+00
    endloop
  endfacet
  facet normal 1.000000E+00 -0.000000E+00 0.000000E+00
    outer loop
      vertex 7.481069E+01 8.596604E-01 5.000000E+00
      vertex 7.481069E+01 1.240340E+00 0.000000E+00
      vertex 7.481069E+01 1.240340E+00 5.000000E+00
    endloop
  endfacet
  facet normal 1.000000E+00 0.000000E+00 0.000000E+00
    outer loop
      vertex 7.481069E+01 8.596604E-01 0.000000E+00
      vertex 7.481069E+01 1.240340E+00 0.000000E+00
      vertex 7.481069E+01 8.596604E-01 5.000000E+00
    endloop
  endfacet
  facet normal 9.749278E-01 -2.225211E-01 0.000000E+00
    outer loop
      vertex 7.481069E+01 1.240340E+00 5.000000E+00
      vertex 7.489540E+01 1.611474E+00 0.000000E+00
      vertex 7.489540E+01 1.611474E+00 5.000000E+00
    endloop
  endfacet
  facet normal 9.749278E-01 -2.225211E-01 0.000000E+00
    outer loop
      vertex 7.481069E+01 1.240340E+00 0.000000E+00
      vertex 7.489540E+01 1.611474E+00 0.000000E+00
      vertex 7.481069E+01 1.240340E+00 5.000000E+00
    endloop
  endfacet
  facet normal 9.009706E-01 -4.338799E-01 0.000000E+00
    outer loop
      vertex 7.489540E+01 1.611474E+00 5.000000E+00
      vertex 7.506057E+01 1.954455E+00 0.000000E+00
      vertex 7.506057E+01 1.954455E+00 5.000000E+00
    endloop
  endfacet
  facet normal 9.009706E-01 -4.338799E-01 0.000000E+00
    outer loop
      vertex 7.489540E+01 1.611474E+00 0.000000E+00
      vertex 7.506057E+01 1.954455E+00 0.000000E+00
      vertex 7.489540E+01 1.611474E+00 5.000000E+00
    endloop
  endfacet
  facet normal 7.818305E-01 -6.234910E-01 0.000000E+00
    outer loop
      vertex 7.506057E+01 1.954455E+00 5.000000E+00
      vertex 7.529792E+01 2.252082E+00 0.000000E+00
      vertex 7.529792E+01 2.252082E+00 5.000000E+00
    endloop
  endfacet
  facet normal 7.818305E-01 -6.234910E-01 0.000000E+00
    outer loop
      vertex 7.506057E+01 1.954455E+00 0.000000E+00
      vertex 7.529792E+01 2.252082E+00 0.000000E+00
      vertex 7.506057E+01 1.954455E+00 5.000000E+00
    endloop
  endfacet
  facet normal 6.234952E-01 -7.818272E-01 0.000000E+00
    outer loop
      vertex 7.529792E+01 2.252082E+00 5.000000E+00
      vertex 7.559554E+01 2.489431E+00 0.000000E+00
      vertex 7.559554E+01 2.489431E+00 5.000000E+00
    endloop
  endfacet
  facet normal 6.234952E-01 -7.818272E-01 0.000000E+00
    outer loop
      vertex 7.529792E+01 2.252082E+00 0.000000E+00
      vertex 7.559554E+01 2.489431E+00 0.000000E+00
      vertex 7.529792E+01 2.252082E+00 5.000000E+00
    endloop
  endfacet
  facet normal 4.338843E-01 -9.009686E-01 0.000000E+00
    outer loop
      vertex 7.559554E+01 2.489431E+00 5.000000E+00
      vertex 7.593852E+01 2.654602E+00 0.000000E+00
      vertex 7.593852E+01 2.654602E+00 5.000000E+00
    endloop
  endfacet
  facet normal 4.338843E-01 -9.009686E-01 0.000000E+00
    outer loop
      vertex 7.559554E+01 2.489431E+00 0.000000E+00
      vertex 7.593852E+01 2.654602E+00 0.000000E+00
      vertex 7.559554E+01 2.489431E+00 5.000000E+00
    endloop
  endfacet
  facet normal 2.225184E-01 -9.749285E-01 0.000000E+00
    outer loop
      vertex 7.593852E+01 2.654602E+00 5.000000E+00
      vertex 7.630966E+01 2.739311E+00 0.000000E+00
      vertex 7.630966E+01 2.739311E+00 5.000000E+00
    endloop
  endfacet
  facet normal 2.225184E-01 -9.749285E-01 0.000000E+00
    outer loop
      vertex 7.593852E+01 2.654602E+00 0.000000E+00
      vertex 7.630966E+01 2.739311E+00 0.000000E+00
      vertex 7.593852E+01 2.654602E+00 5.000000E+00
    endloop
  endfacet
  facet normal 0.000000E+00 -1.000000E+00 0.000000E+00
    outer loop
      vertex 7.630966E+01 2.739311E+00 5.000000E+00
      vertex 7.669034E+01 2.739311E+00 0.000000E+00
      vertex 7.669034E+01 2.739311E+00 5.000000E+00
    endloop
  endfacet
  facet normal 0.000000E+00 -1.000000E+00 0.000000E+00
    outer loop
      vertex 7.630966E+01 2.739311E+00 0.000000E+00
      vertex 7.669034E+01 2.739311E+00 0.000000E+00
      vertex 7.630966E+01 2.739311E+00 5.000000E+00
    endloop
  endfacet
  facet normal -2.225184E-01 -9.749285E-01 0.000000E+00
    outer loop
      vertex 7.669034E+01 2.739311E+00 5.000000E+00
      vertex 7.706148E+01 2.654602E+00 0.000000E+00
      vertex 7.706148E+01 2.654602E+00 5.000000E+00
    endloop
  endfacet
  facet normal -2.225184E-01 -9.749285E-01 0.000000E+00
    outer loop
      vertex 7.669034E+01 2.739311E+00 0.000000E+00
      vertex 7.706148E+01 2.654602E+00 0.000000E+00
      vertex 7.669034E+01 2.739311E+00 5.000000E+00
    endloop
  endfacet
  facet normal -4.338843E-01 -9.009686E-01 0.000000E+00
    outer loop
      vertex 7.706148E+01 2.654602E+00 5.000000E+00
      vertex 7.740446E+01 2.489431E+00 0.000000E+00
      vertex 7.740446E+01 2.489431E+00 5.000000E+00
    endloop
  endfacet
  facet normal -4.338843E-01 -9.009686E-01 0.000000E+00
    outer loop
      vertex 7.706148E+01 2.654602E+00 0.000000E+00
      vertex 7.740446E+01 2.489431E+00 0.000000E+00
      vertex 7.706148E+01 2.654602E+00 5.000000E+00
    endloop
  endfacet
  facet normal -6.234952E-01 -7.818272E-01 0.000000E+00
    outer loop
      vertex 7.740446E+01 2.489431E+00 5.000000E+00
      vertex 7.770208E+01 2.252082E+00 0.000000E+00
      vertex 7.770208E+01 2.252082E+00 5.000000E+00
    endloop
  endfacet
  facet normal -6.234952E-01 -7.818272E-01 0.000000E+00
    outer loop
      vertex 7.740446E+01 2.489431E+00 0.000000E+00
      vertex 7.770208E+01 2.252082E+00 0.000000E+00
      vertex 7.740446E+01 2.489431E+00 5.000000E+00
    endloop
  endfacet
  facet normal 7.818316E-01 6.234897E-01 -0.000000E+00
    outer loop
      vertex -3.344975E+01 -3.899747E+00 0.000000E+00
      vertex -3.442707E+01 -2.674225E+00 0.000000E+00
      vertex -3.344975E+01 -3.899747E+00 5.000000E+00
    endloop
  endfacet
  facet normal 7.818316E-01 6.234897E-01 0.000000E+00
    outer loop
      vertex -3.344975E+01 -3.899747E+00 5.000000E+00
      vertex -3.442707E+01 -2.674225E+00 0.000000E+00
      vertex -3.442707E+01 -2.674225E+00 5.000000E+00
    endloop
  endfacet
  facet normal 9.009696E-01 4.338822E-01 0.000000E+00
    outer loop
      vertex -3.442707E+01 -2.674225E+00 5.000000E+00
      vertex -3.510718E+01 -1.261953E+00 0.000000E+00
      vertex -3.510718E+01 -1.261953E+00 5.000000E+00
    endloop
  endfacet
  facet normal 9.009696E-01 4.338822E-01 -0.000000E+00
    outer loop
      vertex -3.442707E+01 -2.674225E+00 0.000000E+00
      vertex -3.510718E+01 -1.261953E+00 0.000000E+00
      vertex -3.442707E+01 -2.674225E+00 5.000000E+00
    endloop
  endfacet
  facet normal 9.749275E-01 2.225223E-01 0.000000E+00
    outer loop
      vertex -3.510718E+01 -1.261953E+00 5.000000E+00
      vertex -3.545599E+01 2.662487E-01 0.000000E+00
      vertex -3.545599E+01 2.662487E-01 5.000000E+00
    endloop
  endfacet
  facet normal 9.749275E-01 2.225223E-01 -0.000000E+00
    outer loop
      vertex -3.510718E+01 -1.261953E+00 0.000000E+00
      vertex -3.545599E+01 2.662487E-01 0.000000E+00
      vertex -3.510718E+01 -1.261953E+00 5.000000E+00
    endloop
  endfacet
  facet normal 1.000000E+00 -0.000000E+00 0.000000E+00
    outer loop
      vertex -3.545599E+01 2.662487E-01 5.000000E+00
      vertex -3.545599E+01 1.833751E+00 0.000000E+00
      vertex -3.545599E+01 1.833751E+00 5.000000E+00
    endloop
  endfacet
  facet normal 1.000000E+00 0.000000E+00 0.000000E+00
    outer loop
      vertex -3.545599E+01 2.662487E-01 0.000000E+00
      vertex -3.545599E+01 1.833751E+00 0.000000E+00
      vertex -3.545599E+01 2.662487E-01 5.000000E+00
    endloop
  endfacet
  facet normal 9.749275E-01 -2.225223E-01 0.000000E+00
    outer loop
      vertex -3.545599E+01 1.833751E+00 5.000000E+00
      vertex -3.510718E+01 3.361953E+00 0.000000E+00
      vertex -3.510718E+01 3.361953E+00 5.000000E+00
    endloop
  endfacet
  facet normal 9.749275E-01 -2.225223E-01 0.000000E+00
    outer loop
      vertex -3.545599E+01 1.833751E+00 0.000000E+00
      vertex -3.510718E+01 3.361953E+00 0.000000E+00
      vertex -3.545599E+01 1.833751E+00 5.000000E+00
    endloop
  endfacet
  facet normal 9.009696E-01 -4.338821E-01 0.000000E+00
    outer loop
      vertex -3.510718E+01 3.361953E+00 5.000000E+00
      vertex -3.442707E+01 4.774225E+00 0.000000E+00
      vertex -3.442707E+01 4.774225E+00 5.000000E+00
    endloop
  endfacet
  facet normal 9.009696E-01 -4.338821E-01 0.000000E+00
    outer loop
      vertex -3.510718E+01 3.361953E+00 0.000000E+00
      vertex -3.442707E+01 4.774225E+00 0.000000E+00
      vertex -3.510718E+01 3.361953E+00 5.000000E+00
    endloop
  endfacet
  facet normal 7.818315E-01 -6.234899E-01 0.000000E+00
    outer loop
      vertex -3.442707E+01 4.774225E+00 5.000000E+00
      vertex -3.344975E+01 5.999747E+00 0.000000E+00
      vertex -3.344975E+01 5.999747E+00 5.000000E+00
    endloop
  endfacet
  facet normal 6.234893E-01 -7.818319E-01 0.000000E+00
    outer loop
      vertex -3.344975E+01 5.999747E+00 5.000000E+00
      vertex -3.344975E+01 5.999747E+00 0.000000E+00
      vertex -3.222422E+01 6.977069E+00 5.000000E+00
    endloop
  endfacet
  facet normal 7.818315E-01 -6.234899E-01 0.000000E+00
    outer loop
      vertex -3.442707E+01 4.774225E+00 0.000000E+00
      vertex -3.344975E+01 5.999747E+00 0.000000E+00
      vertex -3.442707E+01 4.774225E+00 5.000000E+00
    endloop
  endfacet
  facet normal 4.338836E-01 -9.009690E-01 0.000000E+00
    outer loop
      vertex -3.222422E+01 6.977069E+00 5.000000E+00
      vertex -3.222422E+01 6.977069E+00 0.000000E+00
      vertex -3.081195E+01 7.657183E+00 5.000000E+00
    endloop
  endfacet
  facet normal 6.234893E-01 -7.818319E-01 0.000000E+00
    outer loop
      vertex -3.344975E+01 5.999747E+00 0.000000E+00
      vertex -3.222422E+01 6.977069E+00 0.000000E+00
      vertex -3.222422E+01 6.977069E+00 5.000000E+00
    endloop
  endfacet
  facet normal 2.225209E-01 -9.749279E-01 0.000000E+00
    outer loop
      vertex -3.081195E+01 7.657183E+00 5.000000E+00
      vertex -3.081195E+01 7.657183E+00 0.000000E+00
      vertex -2.928375E+01 8.005985E+00 5.000000E+00
    endloop
  endfacet
  facet normal 4.338836E-01 -9.009690E-01 0.000000E+00
    outer loop
      vertex -3.222422E+01 6.977069E+00 0.000000E+00
      vertex -3.081195E+01 7.657183E+00 0.000000E+00
      vertex -3.081195E+01 7.657183E+00 5.000000E+00
    endloop
  endfacet
  facet normal 0.000000E+00 -1.000000E+00 0.000000E+00
    outer loop
      vertex -2.928375E+01 8.005985E+00 5.000000E+00
      vertex -2.928375E+01 8.005985E+00 0.000000E+00
      vertex -2.771625E+01 8.005985E+00 5.000000E+00
    endloop
  endfacet
  facet normal 2.225209E-01 -9.749279E-01 0.000000E+00
    outer loop
      vertex -3.081195E+01 7.657183E+00 0.000000E+00
      vertex -2.928375E+01 8.005985E+00 0.000000E+00
      vertex -2.928375E+01 8.005985E+00 5.000000E+00
    endloop
  endfacet
  facet normal -2.225209E-01 -9.749279E-01 -0.000000E+00
    outer loop
      vertex -2.771625E+01 8.005985E+00 5.000000E+00
      vertex -2.771625E+01 8.005985E+00 0.000000E+00
      vertex -2.618805E+01 7.657183E+00 5.000000E+00
    endloop
  endfacet
  facet normal 0.000000E+00 -1.000000E+00 0.000000E+00
    outer loop
      vertex -2.928375E+01 8.005985E+00 0.000000E+00
      vertex -2.771625E+01 8.005985E+00 0.000000E+00
      vertex -2.771625E+01 8.005985E+00 5.000000E+00
    endloop
  endfacet
  facet normal -4.338836E-01 -9.009690E-01 -0.000000E+00
    outer loop
      vertex -2.618805E+01 7.657183E+00 5.000000E+00
      vertex -2.618805E+01 7.657183E+00 0.000000E+00
      vertex -2.477578E+01 6.977069E+00 5.000000E+00
    endloop
  endfacet
  facet normal -2.225209E-01 -9.749279E-01 0.000000E+00
    outer loop
      vertex -2.771625E+01 8.005985E+00 0.000000E+00
      vertex -2.618805E+01 7.657183E+00 0.000000E+00
      vertex -2.618805E+01 7.657183E+00 5.000000E+00
    endloop
  endfacet
  facet normal -6.234899E-01 -7.818314E-01 -0.000000E+00
    outer loop
      vertex -2.477578E+01 6.977069E+00 5.000000E+00
      vertex -2.477578E+01 6.977069E+00 0.000000E+00
      vertex -2.355025E+01 5.999747E+00 5.000000E+00
    endloop
  endfacet
  facet normal -4.338836E-01 -9.009690E-01 0.000000E+00
    outer loop
      vertex -2.618805E+01 7.657183E+00 0.000000E+00
      vertex -2.477578E+01 6.977069E+00 0.000000E+00
      vertex -2.477578E+01 6.977069E+00 5.000000E+00
    endloop
  endfacet
  facet normal -6.234899E-01 -7.818314E-01 0.000000E+00
    outer loop
      vertex -2.477578E+01 6.977069E+00 0.000000E+00
      vertex -2.355025E+01 5.999747E+00 0.000000E+00
      vertex -2.355025E+01 5.999747E+00 5.000000E+00
    endloop
  endfacet
  facet normal -1.119644E-01 9.937122E-01 0.000000E+00
    outer loop
      vertex -3.611261E+01 1.222464E+01 5.000000E+00
      vertex -3.500000E+01 1.235000E+01 5.000000E+00
      vertex -3.500000E+01 1.235000E+01 3.000000E+00
    endloop
  endfacet
  facet normal -1.119644E-01 9.937122E-01 0.000000E+00
    outer loop
      vertex -3.611261E+01 1.222464E+01 5.000000E+00
      vertex -3.500000E+01 1.235000E+01 3.000000E+00
      vertex -3.611261E+01 1.222464E+01 3.000000E+00
    endloop
  endfacet
  facet normal -3.302800E-01 9.438830E-01 0.000000E+00
    outer loop
      vertex -3.716942E+01 1.185484E+01 5.000000E+00
      vertex -3.611261E+01 1.222464E+01 3.000000E+00
      vertex -3.716942E+01 1.185484E+01 3.000000E+00
    endloop
  endfacet
  facet normal -3.302800E-01 9.438830E-01 0.000000E+00
    outer loop
      vertex -3.716942E+01 1.185484E+01 5.000000E+00
      vertex -3.611261E+01 1.222464E+01 5.000000E+00
      vertex -3.611261E+01 1.222464E+01 3.000000E+00
    endloop
  endfacet
  facet normal -5.320313E-01 8.467248E-01 0.000000E+00
    outer loop
      vertex -3.811745E+01 1.125916E+01 5.000000E+00
      vertex -3.716942E+01 1.185484E+01 3.000000E+00
      vertex -3.811745E+01 1.125916E+01 3.000000E+00
    endloop
  endfacet
  facet normal -5.320313E-01 8.467248E-01 0.000000E+00
    outer loop
      vertex -3.811745E+01 1.125916E+01 5.000000E+00
      vertex -3.716942E+01 1.185484E+01 5.000000E+00
      vertex -3.716942E+01 1.185484E+01 3.000000E+00
    endloop
  endfacet
  facet normal -7.071076E-01 7.071059E-01 0.000000E+00
    outer loop
      vertex -3.890916E+01 1.046745E+01 5.000000E+00
      vertex -3.811745E+01 1.125916E+01 3.000000E+00
      vertex -3.890916E+01 1.046745E+01 3.000000E+00
    endloop
  endfacet
  facet normal -7.071076E-01 7.071059E-01 0.000000E+00
    outer loop
      vertex -3.890916E+01 1.046745E+01 5.000000E+00
      vertex -3.811745E+01 1.125916E+01 5.000000E+00
      vertex -3.811745E+01 1.125916E+01 3.000000E+00
    endloop
  endfacet
  facet normal -8.467239E-01 5.320326E-01 0.000000E+00
    outer loop
      vertex -3.950484E+01 9.519419E+00 5.000000E+00
      vertex -3.890916E+01 1.046745E+01 3.000000E+00
      vertex -3.950484E+01 9.519419E+00 3.000000E+00
    endloop
  endfacet
  facet normal -8.467239E-01 5.320326E-01 0.000000E+00
    outer loop
      vertex -3.950484E+01 9.519419E+00 5.000000E+00
      vertex -3.890916E+01 1.046745E+01 5.000000E+00
      vertex -3.890916E+01 1.046745E+01 3.000000E+00
    endloop
  endfacet
  facet normal -9.438838E-01 3.302774E-01 0.000000E+00
    outer loop
      vertex -3.987464E+01 8.462605E+00 5.000000E+00
      vertex -3.950484E+01 9.519419E+00 3.000000E+00
      vertex -3.987464E+01 8.462605E+00 3.000000E+00
    endloop
  endfacet
  facet normal -9.438838E-01 3.302774E-01 0.000000E+00
    outer loop
      vertex -3.987464E+01 8.462605E+00 5.000000E+00
      vertex -3.950484E+01 9.519419E+00 5.000000E+00
      vertex -3.950484E+01 9.519419E+00 3.000000E+00
    endloop
  endfacet
  facet normal -9.937121E-01 1.119662E-01 0.000000E+00
    outer loop
      vertex -4.000000E+01 7.350000E+00 5.000000E+00
      vertex -3.987464E+01 8.462605E+00 3.000000E+00
      vertex -4.000000E+01 7.350000E+00 3.000000E+00
    endloop
  endfacet
  facet normal -9.937121E-01 1.119662E-01 0.000000E+00
    outer loop
      vertex -4.000000E+01 7.350000E+00 5.000000E+00
      vertex -3.987464E+01 8.462605E+00 5.000000E+00
      vertex -3.987464E+01 8.462605E+00 3.000000E+00
    endloop
  endfacet
  facet normal -0.000000E+00 1.000000E+00 0.000000E+00
    outer loop
      vertex -3.500000E+01 1.235000E+01 5.000000E+00
      vertex -1.128180E+01 1.235000E+01 5.000000E+00
      vertex -1.128180E+01 1.235000E+01 3.000000E+00
    endloop
  endfacet
  facet normal 0.000000E+00 1.000000E+00 0.000000E+00
    outer loop
      vertex -3.500000E+01 1.235000E+01 5.000000E+00
      vertex -1.128180E+01 1.235000E+01 3.000000E+00
      vertex -3.500000E+01 1.235000E+01 3.000000E+00
    endloop
  endfacet
  facet normal 6.958503E-01 7.181869E-01 0.000000E+00
    outer loop
      vertex -5.748606E+00 1.296080E+01 5.000000E+00
      vertex -5.118198E+00 1.235000E+01 5.000000E+00
      vertex -5.118198E+00 1.235000E+01 3.000000E+00
    endloop
  endfacet
  facet normal 6.958503E-01 7.181869E-01 0.000000E+00
    outer loop
      vertex -5.748606E+00 1.296080E+01 5.000000E+00
      vertex -5.118198E+00 1.235000E+01 3.000000E+00
      vertex -5.748606E+00 1.296080E+01 3.000000E+00
    endloop
  endfacet
  facet normal 5.224466E-01 8.526720E-01 0.000000E+00
    outer loop
      vertex -6.497061E+00 1.341939E+01 5.000000E+00
      vertex -5.748606E+00 1.296080E+01 3.000000E+00
      vertex -6.497061E+00 1.341939E+01 3.000000E+00
    endloop
  endfacet
  facet normal 5.224466E-01 8.526720E-01 0.000000E+00
    outer loop
      vertex -6.497061E+00 1.341939E+01 5.000000E+00
      vertex -5.748606E+00 1.296080E+01 5.000000E+00
      vertex -5.748606E+00 1.296080E+01 3.000000E+00
    endloop
  endfacet
  facet normal 3.238821E-01 9.460974E-01 0.000000E+00
    outer loop
      vertex -7.327523E+00 1.370369E+01 5.000000E+00
      vertex -6.497061E+00 1.341939E+01 3.000000E+00
      vertex -7.327523E+00 1.370369E+01 3.000000E+00
    endloop
  endfacet
  facet normal 3.238821E-01 9.460974E-01 0.000000E+00
    outer loop
      vertex -7.327523E+00 1.370369E+01 5.000000E+00
      vertex -6.497061E+00 1.341939E+01 5.000000E+00
      vertex -6.497061E+00 1.341939E+01 3.000000E+00
    endloop
  endfacet
  facet normal 1.097222E-01 9.939623E-01 0.000000E+00
    outer loop
      vertex -8.200000E+00 1.380000E+01 5.000000E+00
      vertex -7.327523E+00 1.370369E+01 3.000000E+00
      vertex -8.200000E+00 1.380000E+01 3.000000E+00
    endloop
  endfacet
  facet normal 1.097222E-01 9.939623E-01 0.000000E+00
    outer loop
      vertex -8.200000E+00 1.380000E+01 5.000000E+00
      vertex -7.327523E+00 1.370369E+01 5.000000E+00
      vertex -7.327523E+00 1.370369E+01 3.000000E+00
    endloop
  endfacet
  facet normal -1.097222E-01 9.939623E-01 0.000000E+00
    outer loop
      vertex -9.072476E+00 1.370369E+01 5.000000E+00
      vertex -8.200000E+00 1.380000E+01 3.000000E+00
      vertex -9.072476E+00 1.370369E+01 3.000000E+00
    endloop
  endfacet
  facet normal -1.097222E-01 9.939623E-01 0.000000E+00
    outer loop
      vertex -9.072476E+00 1.370369E+01 5.000000E+00
      vertex -8.200000E+00 1.380000E+01 5.000000E+00
      vertex -8.200000E+00 1.380000E+01 3.000000E+00
    endloop
  endfacet
  facet normal -3.238819E-01 9.460975E-01 0.000000E+00
    outer loop
      vertex -9.902939E+00 1.341939E+01 5.000000E+00
      vertex -9.072476E+00 1.370369E+01 3.000000E+00
      vertex -9.902939E+00 1.341939E+01 3.000000E+00
    endloop
  endfacet
  facet normal -3.238819E-01 9.460975E-01 0.000000E+00
    outer loop
      vertex -9.902939E+00 1.341939E+01 5.000000E+00
      vertex -9.072476E+00 1.370369E+01 5.000000E+00
      vertex -9.072476E+00 1.370369E+01 3.000000E+00
    endloop
  endfacet
  facet normal -5.224469E-01 8.526719E-01 0.000000E+00
    outer loop
      vertex -1.065139E+01 1.296080E+01 5.000000E+00
      vertex -9.902939E+00 1.341939E+01 3.000000E+00
      vertex -1.065139E+01 1.296080E+01 3.000000E+00
    endloop
  endfacet
  facet normal -5.224469E-01 8.526719E-01 0.000000E+00
    outer loop
      vertex -1.065139E+01 1.296080E+01 5.000000E+00
      vertex -9.902939E+00 1.341939E+01 5.000000E+00
      vertex -9.902939E+00 1.341939E+01 3.000000E+00
    endloop
  endfacet
  facet normal -6.958503E-01 7.181869E-01 0.000000E+00
    outer loop
      vertex -1.128180E+01 1.235000E+01 5.000000E+00
      vertex -1.065139E+01 1.296080E+01 3.000000E+00
      vertex -1.128180E+01 1.235000E+01 3.000000E+00
    endloop
  endfacet
  facet normal -6.958503E-01 7.181869E-01 0.000000E+00
    outer loop
      vertex -1.128180E+01 1.235000E+01 5.000000E+00
      vertex -1.065139E+01 1.296080E+01 5.000000E+00
      vertex -1.065139E+01 1.296080E+01 3.000000E+00
    endloop
  endfacet
  facet normal 6.458894E-01 7.634310E-01 0.000000E+00
    outer loop
      vertex -5.118198E+00 1.235000E+01 5.000000E+00
      vertex -5.000000E+00 1.225000E+01 5.000000E+00
      vertex -5.000000E+00 1.225000E+01 3.000000E+00
    endloop
  endfacet
  facet normal 6.458894E-01 7.634310E-01 0.000000E+00
    outer loop
      vertex -5.118198E+00 1.235000E+01 5.000000E+00
      vertex -5.000000E+00 1.225000E+01 3.000000E+00
      vertex -5.118198E+00 1.235000E+01 3.000000E+00
    endloop
  endfacet
  facet normal 9.937122E-01 1.119646E-01 0.000000E+00
    outer loop
      vertex -3.050144E+00 1.069504E+01 5.000000E+00
      vertex -3.000000E+00 1.025000E+01 5.000000E+00
      vertex -3.000000E+00 1.025000E+01 3.000000E+00
    endloop
  endfacet
  facet normal 9.937122E-01 1.119646E-01 0.000000E+00
    outer loop
      vertex -3.050144E+00 1.069504E+01 5.000000E+00
      vertex -3.000000E+00 1.025000E+01 3.000000E+00
      vertex -3.050144E+00 1.069504E+01 3.000000E+00
    endloop
  endfacet
  facet normal 9.438830E-01 3.302799E-01 0.000000E+00
    outer loop
      vertex -3.198062E+00 1.111777E+01 5.000000E+00
      vertex -3.050144E+00 1.069504E+01 3.000000E+00
      vertex -3.198062E+00 1.111777E+01 3.000000E+00
    endloop
  endfacet
  facet normal 9.438830E-01 3.302799E-01 0.000000E+00
    outer loop
      vertex -3.198062E+00 1.111777E+01 5.000000E+00
      vertex -3.050144E+00 1.069504E+01 5.000000E+00
      vertex -3.050144E+00 1.069504E+01 3.000000E+00
    endloop
  endfacet
  facet normal 8.467245E-01 5.320315E-01 0.000000E+00
    outer loop
      vertex -3.436337E+00 1.149698E+01 5.000000E+00
      vertex -3.198062E+00 1.111777E+01 3.000000E+00
      vertex -3.436337E+00 1.149698E+01 3.000000E+00
    endloop
  endfacet
  facet normal 8.467245E-01 5.320315E-01 0.000000E+00
    outer loop
      vertex -3.436337E+00 1.149698E+01 5.000000E+00
      vertex -3.198062E+00 1.111777E+01 5.000000E+00
      vertex -3.198062E+00 1.111777E+01 3.000000E+00
    endloop
  endfacet
  facet normal 7.071062E-01 7.071073E-01 0.000000E+00
    outer loop
      vertex -3.753020E+00 1.181366E+01 5.000000E+00
      vertex -3.436337E+00 1.149698E+01 3.000000E+00
      vertex -3.753020E+00 1.181366E+01 3.000000E+00
    endloop
  endfacet
  facet normal 7.071062E-01 7.071073E-01 0.000000E+00
    outer loop
      vertex -3.753020E+00 1.181366E+01 5.000000E+00
      vertex -3.436337E+00 1.149698E+01 5.000000E+00
      vertex -3.436337E+00 1.149698E+01 3.000000E+00
    endloop
  endfacet
  facet normal 5.320335E-01 8.467233E-01 0.000000E+00
    outer loop
      vertex -4.132232E+00 1.205194E+01 5.000000E+00
      vertex -3.753020E+00 1.181366E+01 3.000000E+00
      vertex -4.132232E+00 1.205194E+01 3.000000E+00
    endloop
  endfacet
  facet normal 5.320335E-01 8.467233E-01 0.000000E+00
    outer loop
      vertex -4.132232E+00 1.205194E+01 5.000000E+00
      vertex -3.753020E+00 1.181366E+01 5.000000E+00
      vertex -3.753020E+00 1.181366E+01 3.000000E+00
    endloop
  endfacet
  facet normal 3.302783E-01 9.438836E-01 0.000000E+00
    outer loop
      vertex -4.554958E+00 1.219986E+01 5.000000E+00
      vertex -4.132232E+00 1.205194E+01 3.000000E+00
      vertex -4.554958E+00 1.219986E+01 3.000000E+00
    endloop
  endfacet
  facet normal 3.302783E-01 9.438836E-01 0.000000E+00
    outer loop
      vertex -4.554958E+00 1.219986E+01 5.000000E+00
      vertex -4.132232E+00 1.205194E+01 5.000000E+00
      vertex -4.132232E+00 1.205194E+01 3.000000E+00
    endloop
  endfacet
  facet normal 1.119646E-01 9.937122E-01 0.000000E+00
    outer loop
      vertex -5.000000E+00 1.225000E+01 5.000000E+00
      vertex -4.554958E+00 1.219986E+01 3.000000E+00
      vertex -5.000000E+00 1.225000E+01 3.000000E+00
    endloop
  endfacet
  facet normal 1.119646E-01 9.937122E-01 0.000000E+00
    outer loop
      vertex -5.000000E+00 1.225000E+01 5.000000E+00
      vertex -4.554958E+00 1.219986E+01 5.000000E+00
      vertex -4.554958E+00 1.219986E+01 3.000000E+00
    endloop
  endfacet
  facet normal 1.000000E+00 0.000000E+00 0.000000E+00
    outer loop
      vertex -3.000000E+00 1.025000E+01 5.000000E+00
      vertex -3.000000E+00 -7.150000E+00 5.000000E+00
      vertex -3.000000E+00 -7.150000E+00 3.000000E+00
    endloop
  endfacet
  facet normal 1.000000E+00 0.000000E+00 0.000000E+00
    outer loop
      vertex -3.000000E+00 1.025000E+01 5.000000E+00
      vertex -3.000000E+00 -7.150000E+00 3.000000E+00
      vertex -3.000000E+00 1.025000E+01 3.000000E+00
    endloop
  endfacet
  facet normal -9.937124E-01 -1.119628E-01 0.000000E+00
    outer loop
      vertex -3.987464E+01 -6.262605E+00 5.000000E+00
      vertex -4.000000E+01 -5.150000E+00 5.000000E+00
      vertex -4.000000E+01 -5.150000E+00 3.000000E+00
    endloop
  endfacet
  facet normal -9.937124E-01 -1.119628E-01 -0.000000E+00
    outer loop
      vertex -3.987464E+01 -6.262605E+00 5.000000E+00
      vertex -4.000000E+01 -5.150000E+00 3.000000E+00
      vertex -3.987464E+01 -6.262605E+00 3.000000E+00
    endloop
  endfacet
  facet normal -9.438830E-01 -3.302802E-01 -0.000000E+00
    outer loop
      vertex -3.950484E+01 -7.319419E+00 5.000000E+00
      vertex -3.987464E+01 -6.262605E+00 3.000000E+00
      vertex -3.950484E+01 -7.319419E+00 3.000000E+00
    endloop
  endfacet
  facet normal -9.438830E-01 -3.302802E-01 0.000000E+00
    outer loop
      vertex -3.950484E+01 -7.319419E+00 5.000000E+00
      vertex -3.987464E+01 -6.262605E+00 5.000000E+00
      vertex -3.987464E+01 -6.262605E+00 3.000000E+00
    endloop
  endfacet
  facet normal -8.467239E-01 -5.320326E-01 -0.000000E+00
    outer loop
      vertex -3.890916E+01 -8.267449E+00 5.000000E+00
      vertex -3.950484E+01 -7.319419E+00 3.000000E+00
      vertex -3.890916E+01 -8.267449E+00 3.000000E+00
    endloop
  endfacet
  facet normal -8.467239E-01 -5.320326E-01 0.000000E+00
    outer loop
      vertex -3.890916E+01 -8.267449E+00 5.000000E+00
      vertex -3.950484E+01 -7.319419E+00 5.000000E+00
      vertex -3.950484E+01 -7.319419E+00 3.000000E+00
    endloop
  endfacet
  facet normal -7.071076E-01 -7.071059E-01 -0.000000E+00
    outer loop
      vertex -3.811745E+01 -9.059157E+00 5.000000E+00
      vertex -3.890916E+01 -8.267449E+00 3.000000E+00
      vertex -3.811745E+01 -9.059157E+00 3.000000E+00
    endloop
  endfacet
  facet normal -7.071076E-01 -7.071059E-01 0.000000E+00
    outer loop
      vertex -3.811745E+01 -9.059157E+00 5.000000E+00
      vertex -3.890916E+01 -8.267449E+00 5.000000E+00
      vertex -3.890916E+01 -8.267449E+00 3.000000E+00
    endloop
  endfacet
  facet normal -5.320313E-01 -8.467248E-01 -0.000000E+00
    outer loop
      vertex -3.716942E+01 -9.654844E+00 5.000000E+00
      vertex -3.811745E+01 -9.059157E+00 3.000000E+00
      vertex -3.716942E+01 -9.654844E+00 3.000000E+00
    endloop
  endfacet
  facet normal -5.320313E-01 -8.467248E-01 0.000000E+00
    outer loop
      vertex -3.716942E+01 -9.654844E+00 5.000000E+00
      vertex -3.811745E+01 -9.059157E+00 5.000000E+00
      vertex -3.811745E+01 -9.059157E+00 3.000000E+00
    endloop
  endfacet
  facet normal -3.302793E-01 -9.438833E-01 -0.000000E+00
    outer loop
      vertex -3.611261E+01 -1.002464E+01 5.000000E+00
      vertex -3.716942E+01 -9.654844E+00 3.000000E+00
      vertex -3.611261E+01 -1.002464E+01 3.000000E+00
    endloop
  endfacet
  facet normal -3.302793E-01 -9.438833E-01 0.000000E+00
    outer loop
      vertex -3.611261E+01 -1.002464E+01 5.000000E+00
      vertex -3.716942E+01 -9.654844E+00 5.000000E+00
      vertex -3.716942E+01 -9.654844E+00 3.000000E+00
    endloop
  endfacet
  facet normal -1.119644E-01 -9.937122E-01 -0.000000E+00
    outer loop
      vertex -3.500000E+01 -1.015000E+01 5.000000E+00
      vertex -3.611261E+01 -1.002464E+01 3.000000E+00
      vertex -3.500000E+01 -1.015000E+01 3.000000E+00
    endloop
  endfacet
  facet normal -1.119644E-01 -9.937122E-01 0.000000E+00
    outer loop
      vertex -3.500000E+01 -1.015000E+01 5.000000E+00
      vertex -3.611261E+01 -1.002464E+01 5.000000E+00
      vertex -3.611261E+01 -1.002464E+01 3.000000E+00
    endloop
  endfacet
  facet normal -1.000000E+00 0.000000E+00 0.000000E+00
    outer loop
      vertex -4.000000E+01 -5.150000E+00 5.000000E+00
      vertex -4.000000E+01 7.350000E+00 5.000000E+00
      vertex -4.000000E+01 7.350000E+00 3.000000E+00
    endloop
  endfacet
  facet normal -1.000000E+00 0.000000E+00 0.000000E+00
    outer loop
      vertex -4.000000E+01 -5.150000E+00 5.000000E+00
      vertex -4.000000E+01 7.350000E+00 3.000000E+00
      vertex -4.000000E+01 -5.150000E+00 3.000000E+00
    endloop
  endfacet
  facet normal 0.000000E+00 0.000000E+00 1.000000E+00
    outer loop
      vertex -4.132232E+00 1.205194E+01 5.000000E+00
      vertex -4.554958E+00 1.219986E+01 5.000000E+00
      vertex -6.576974E+00 1.030576E+01 5.000000E+00
    endloop
  endfacet
  facet normal 0.000000E+00 0.000000E+00 1.000000E+00
    outer loop
      vertex -3.198062E+00 1.111777E+01 5.000000E+00
      vertex -6.503101E+00 9.902643E+00 5.000000E+00
      vertex -3.050144E+00 1.069504E+01 5.000000E+00
    endloop
  endfacet
  facet normal 0.000000E+00 0.000000E+00 1.000000E+00
    outer loop
      vertex -3.753020E+00 1.181366E+01 5.000000E+00
      vertex -4.132232E+00 1.205194E+01 5.000000E+00
      vertex -6.576974E+00 1.030576E+01 5.000000E+00
    endloop
  endfacet
  facet normal 0.000000E+00 0.000000E+00 1.000000E+00
    outer loop
      vertex -3.436337E+00 1.149698E+01 5.000000E+00
      vertex -6.503101E+00 9.902643E+00 5.000000E+00
      vertex -3.198062E+00 1.111777E+01 5.000000E+00
    endloop
  endfacet
  facet normal 0.000000E+00 0.000000E+00 1.000000E+00
    outer loop
      vertex -3.436337E+00 1.149698E+01 5.000000E+00
      vertex -6.576974E+00 1.030576E+01 5.000000E+00
      vertex -6.503101E+00 9.902643E+00 5.000000E+00
    endloop
  endfacet
  facet normal 0.000000E+00 0.000000E+00 1.000000E+00
    outer loop
      vertex -3.436337E+00 1.149698E+01 5.000000E+00
      vertex -3.753020E+00 1.181366E+01 5.000000E+00
      vertex -6.576974E+00 1.030576E+01 5.000000E+00
    endloop
  endfacet
  facet normal 0.000000E+00 -0.000000E+00 1.000000E+00
    outer loop
      vertex -3.000000E+00 -7.150000E+00 5.000000E+00
      vertex -3.000000E+00 1.025000E+01 5.000000E+00
      vertex -7.151578E+00 8.461788E+00 5.000000E+00
    endloop
  endfacet
  facet normal 0.000000E+00 0.000000E+00 1.000000E+00
    outer loop
      vertex -3.344975E+01 -3.899747E+00 5.000000E+00
      vertex -3.611261E+01 -1.002464E+01 5.000000E+00
      vertex -3.500000E+01 -1.015000E+01 5.000000E+00
    endloop
  endfacet
  facet normal 0.000000E+00 0.000000E+00 1.000000E+00
    outer loop
      vertex -3.344975E+01 -3.899747E+00 5.000000E+00
      vertex -3.716942E+01 -9.654844E+00 5.000000E+00
      vertex -3.611261E+01 -1.002464E+01 5.000000E+00
    endloop
  endfacet
  facet normal 0.000000E+00 0.000000E+00 1.000000E+00
    outer loop
      vertex -3.344975E+01 -3.899747E+00 5.000000E+00
      vertex -3.811745E+01 -9.059157E+00 5.000000E+00
      vertex -3.716942E+01 -9.654844E+00 5.000000E+00
    endloop
  endfacet
  facet normal 0.000000E+00 0.000000E+00 1.000000E+00
    outer loop
      vertex -3.344975E+01 -3.899747E+00 5.000000E+00
      vertex -3.890916E+01 -8.267449E+00 5.000000E+00
      vertex -3.811745E+01 -9.059157E+00 5.000000E+00
    endloop
  endfacet
  facet normal 0.000000E+00 0.000000E+00 1.000000E+00
    outer loop
      vertex -3.344975E+01 -3.899747E+00 5.000000E+00
      vertex -3.950484E+01 -7.319419E+00 5.000000E+00
      vertex -3.890916E+01 -8.267449E+00 5.000000E+00
    endloop
  endfacet
  facet normal 0.000000E+00 0.000000E+00 1.000000E+00
    outer loop
      vertex -3.344975E+01 -3.899747E+00 5.000000E+00
      vertex -3.987464E+01 -6.262605E+00 5.000000E+00
      vertex -3.950484E+01 -7.319419E+00 5.000000E+00
    endloop
  endfacet
  facet normal 0.000000E+00 0.000000E+00 1.000000E+00
    outer loop
      vertex -3.442707E+01 -2.674225E+00 5.000000E+00
      vertex -4.000000E+01 -5.150000E+00 5.000000E+00
      vertex -3.987464E+01 -6.262605E+00 5.000000E+00
    endloop
  endfacet
  facet normal 0.000000E+00 0.000000E+00 1.000000E+00
    outer loop
      vertex -3.442707E+01 -2.674225E+00 5.000000E+00
      vertex -3.987464E+01 -6.262605E+00 5.000000E+00
      vertex -3.344975E+01 -3.899747E+00 5.000000E+00
    endloop
  endfacet
  facet normal 0.000000E+00 0.000000E+00 1.000000E+00
    outer loop
      vertex -3.222422E+01 -4.877069E+00 5.000000E+00
      vertex -3.344975E+01 -3.899747E+00 5.000000E+00
      vertex -3.500000E+01 -1.015000E+01 5.000000E+00
    endloop
  endfacet
  facet normal 0.000000E+00 0.000000E+00 1.000000E+00
    outer loop
      vertex -3.510718E+01 -1.261953E+00 5.000000E+00
      vertex -4.000000E+01 -5.150000E+00 5.000000E+00
      vertex -3.442707E+01 -2.674225E+00 5.000000E+00
    endloop
  endfacet
  facet normal 0.000000E+00 0.000000E+00 1.000000E+00
    outer loop
      vertex -3.081195E+01 -5.557183E+00 5.000000E+00
      vertex -3.222422E+01 -4.877069E+00 5.000000E+00
      vertex -3.500000E+01 -1.015000E+01 5.000000E+00
    endloop
  endfacet
  facet normal 0.000000E+00 0.000000E+00 1.000000E+00
    outer loop
      vertex -3.545599E+01 2.662487E-01 5.000000E+00
      vertex -4.000000E+01 -5.150000E+00 5.000000E+00
      vertex -3.510718E+01 -1.261953E+00 5.000000E+00
    endloop
  endfacet
  facet normal 0.000000E+00 0.000000E+00 1.000000E+00
    outer loop
      vertex -2.928375E+01 -5.905985E+00 5.000000E+00
      vertex -3.081195E+01 -5.557183E+00 5.000000E+00
      vertex -3.500000E+01 -1.015000E+01 5.000000E+00
    endloop
  endfacet
  facet normal 0.000000E+00 0.000000E+00 1.000000E+00
    outer loop
      vertex -3.545599E+01 1.833751E+00 5.000000E+00
      vertex -4.000000E+01 -5.150000E+00 5.000000E+00
      vertex -3.545599E+01 2.662487E-01 5.000000E+00
    endloop
  endfacet
  facet normal 0.000000E+00 0.000000E+00 1.000000E+00
    outer loop
      vertex -2.771625E+01 -5.905985E+00 5.000000E+00
      vertex -2.928375E+01 -5.905985E+00 5.000000E+00
      vertex -3.500000E+01 -1.015000E+01 5.000000E+00
    endloop
  endfacet
  facet normal 0.000000E+00 0.000000E+00 1.000000E+00
    outer loop
      vertex -4.000000E+01 7.350000E+00 5.000000E+00
      vertex -4.000000E+01 -5.150000E+00 5.000000E+00
      vertex -3.545599E+01 1.833751E+00 5.000000E+00
    endloop
  endfacet
  facet normal 0.000000E+00 0.000000E+00 1.000000E+00
    outer loop
      vertex -3.510718E+01 3.361953E+00 5.000000E+00
      vertex -4.000000E+01 7.350000E+00 5.000000E+00
      vertex -3.545599E+01 1.833751E+00 5.000000E+00
    endloop
  endfacet
  facet normal 0.000000E+00 0.000000E+00 1.000000E+00
    outer loop
      vertex -2.618805E+01 -5.557183E+00 5.000000E+00
      vertex -2.771625E+01 -5.905985E+00 5.000000E+00
      vertex -3.500000E+01 -1.015000E+01 5.000000E+00
    endloop
  endfacet
  facet normal 0.000000E+00 0.000000E+00 1.000000E+00
    outer loop
      vertex -3.442707E+01 4.774225E+00 5.000000E+00
      vertex -4.000000E+01 7.350000E+00 5.000000E+00
      vertex -3.510718E+01 3.361953E+00 5.000000E+00
    endloop
  endfacet
  facet normal 0.000000E+00 0.000000E+00 1.000000E+00
    outer loop
      vertex -3.344975E+01 5.999747E+00 5.000000E+00
      vertex -3.987464E+01 8.462605E+00 5.000000E+00
      vertex -4.000000E+01 7.350000E+00 5.000000E+00
    endloop
  endfacet
  facet normal 0.000000E+00 0.000000E+00 1.000000E+00
    outer loop
      vertex -3.344975E+01 5.999747E+00 5.000000E+00
      vertex -3.950484E+01 9.519419E+00 5.000000E+00
      vertex -3.987464E+01 8.462605E+00 5.000000E+00
    endloop
  endfacet
  facet normal 0.000000E+00 0.000000E+00 1.000000E+00
    outer loop
      vertex -3.344975E+01 5.999747E+00 5.000000E+00
      vertex -3.890916E+01 1.046745E+01 5.000000E+00
      vertex -3.950484E+01 9.519419E+00 5.000000E+00
    endloop
  endfacet
  facet normal 0.000000E+00 0.000000E+00 1.000000E+00
    outer loop
      vertex -3.344975E+01 5.999747E+00 5.000000E+00
      vertex -4.000000E+01 7.350000E+00 5.000000E+00
      vertex -3.442707E+01 4.774225E+00 5.000000E+00
    endloop
  endfacet
  facet normal 0.000000E+00 0.000000E+00 1.000000E+00
    outer loop
      vertex -3.811745E+01 1.125916E+01 5.000000E+00
      vertex -3.890916E+01 1.046745E+01 5.000000E+00
      vertex -3.344975E+01 5.999747E+00 5.000000E+00
    endloop
  endfacet
  facet normal 0.000000E+00 0.000000E+00 1.000000E+00
    outer loop
      vertex -3.716942E+01 1.185484E+01 5.000000E+00
      vertex -3.811745E+01 1.125916E+01 5.000000E+00
      vertex -3.344975E+01 5.999747E+00 5.000000E+00
    endloop
  endfacet
  facet normal 0.000000E+00 0.000000E+00 1.000000E+00
    outer loop
      vertex -3.611261E+01 1.222464E+01 5.000000E+00
      vertex -3.716942E+01 1.185484E+01 5.000000E+00
      vertex -3.344975E+01 5.999747E+00 5.000000E+00
    endloop
  endfacet
  facet normal 0.000000E+00 0.000000E+00 1.000000E+00
    outer loop
      vertex -3.500000E+01 1.235000E+01 5.000000E+00
      vertex -3.611261E+01 1.222464E+01 5.000000E+00
      vertex -3.344975E+01 5.999747E+00 5.000000E+00
    endloop
  endfacet
  facet normal 0.000000E+00 0.000000E+00 1.000000E+00
    outer loop
      vertex -3.500000E+01 1.235000E+01 5.000000E+00
      vertex -3.344975E+01 5.999747E+00 5.000000E+00
      vertex -3.222422E+01 6.977069E+00 5.000000E+00
    endloop
  endfacet
  facet normal 0.000000E+00 0.000000E+00 1.000000E+00
    outer loop
      vertex -3.500000E+01 1.235000E+01 5.000000E+00
      vertex -3.222422E+01 6.977069E+00 5.000000E+00
      vertex -3.081195E+01 7.657183E+00 5.000000E+00
    endloop
  endfacet
  facet normal 0.000000E+00 0.000000E+00 1.000000E+00
    outer loop
      vertex -2.928375E+01 8.005985E+00 5.000000E+00
      vertex -3.500000E+01 1.235000E+01 5.000000E+00
      vertex -3.081195E+01 7.657183E+00 5.000000E+00
    endloop
  endfacet
  facet normal 0.000000E+00 0.000000E+00 1.000000E+00
    outer loop
      vertex -2.771625E+01 8.005985E+00 5.000000E+00
      vertex -3.500000E+01 1.235000E+01 5.000000E+00
      vertex -2.928375E+01 8.005985E+00 5.000000E+00
    endloop
  endfacet
  facet normal 0.000000E+00 0.000000E+00 1.000000E+00
    outer loop
      vertex -1.869707E+01 -8.551294E-01 5.000000E+00
      vertex -1.909099E+01 -5.409902E-01 5.000000E+00
      vertex -2.189282E+01 -1.261953E+00 5.000000E+00
    endloop
  endfacet
  facet normal 0.000000E+00 0.000000E+00 1.000000E+00
    outer loop
      vertex -1.869707E+01 -8.551294E-01 5.000000E+00
      vertex -2.189282E+01 -1.261953E+00 5.000000E+00
      vertex -2.257293E+01 -2.674225E+00 5.000000E+00
    endloop
  endfacet
  facet normal 0.000000E+00 0.000000E+00 1.000000E+00
    outer loop
      vertex -1.942551E+01 -1.140101E-01 5.000000E+00
      vertex -2.189282E+01 -1.261953E+00 5.000000E+00
      vertex -1.909099E+01 -5.409902E-01 5.000000E+00
    endloop
  endfacet
  facet normal 0.000000E+00 0.000000E+00 1.000000E+00
    outer loop
      vertex -1.942551E+01 -1.140101E-01 5.000000E+00
      vertex -2.154401E+01 2.662487E-01 5.000000E+00
      vertex -2.189282E+01 -1.261953E+00 5.000000E+00
    endloop
  endfacet
  facet normal 0.000000E+00 0.000000E+00 1.000000E+00
    outer loop
      vertex -1.824313E+01 -1.073738E+00 5.000000E+00
      vertex -1.869707E+01 -8.551294E-01 5.000000E+00
      vertex -2.257293E+01 -2.674225E+00 5.000000E+00
    endloop
  endfacet
  facet normal 0.000000E+00 0.000000E+00 1.000000E+00
    outer loop
      vertex -1.964812E+01 3.806181E-01 5.000000E+00
      vertex -2.154401E+01 2.662487E-01 5.000000E+00
      vertex -1.942551E+01 -1.140101E-01 5.000000E+00
    endloop
  endfacet
  facet normal 0.000000E+00 0.000000E+00 1.000000E+00
    outer loop
      vertex -1.775192E+01 -1.185853E+00 5.000000E+00
      vertex -1.824313E+01 -1.073738E+00 5.000000E+00
      vertex -2.257293E+01 -2.674225E+00 5.000000E+00
    endloop
  endfacet
  facet normal 0.000000E+00 0.000000E+00 1.000000E+00
    outer loop
      vertex -1.775192E+01 -1.185853E+00 5.000000E+00
      vertex -2.257293E+01 -2.674225E+00 5.000000E+00
      vertex -2.355025E+01 -3.899747E+00 5.000000E+00
    endloop
  endfacet
  facet normal 0.000000E+00 0.000000E+00 1.000000E+00
    outer loop
      vertex -1.974590E+01 9.141484E-01 5.000000E+00
      vertex -2.154401E+01 2.662487E-01 5.000000E+00
      vertex -1.964812E+01 3.806181E-01 5.000000E+00
    endloop
  endfacet
  facet normal 0.000000E+00 0.000000E+00 1.000000E+00
    outer loop
      vertex -1.974590E+01 9.141484E-01 5.000000E+00
      vertex -2.154401E+01 1.833751E+00 5.000000E+00
      vertex -2.154401E+01 2.662487E-01 5.000000E+00
    endloop
  endfacet
  facet normal 0.000000E+00 0.000000E+00 1.000000E+00
    outer loop
      vertex -2.618805E+01 7.657183E+00 5.000000E+00
      vertex -3.500000E+01 1.235000E+01 5.000000E+00
      vertex -2.771625E+01 8.005985E+00 5.000000E+00
    endloop
  endfacet
  facet normal 0.000000E+00 0.000000E+00 1.000000E+00
    outer loop
      vertex -9.402081E+00 -8.902081E+00 5.000000E+00
      vertex -2.477578E+01 -4.877069E+00 5.000000E+00
      vertex -2.618805E+01 -5.557183E+00 5.000000E+00
    endloop
  endfacet
  facet normal 0.000000E+00 0.000000E+00 1.000000E+00
    outer loop
      vertex -1.971314E+01 1.455574E+00 5.000000E+00
      vertex -2.154401E+01 1.833751E+00 5.000000E+00
      vertex -1.974590E+01 9.141484E-01 5.000000E+00
    endloop
  endfacet
  facet normal 0.000000E+00 0.000000E+00 1.000000E+00
    outer loop
      vertex -9.639431E+00 -8.604455E+00 5.000000E+00
      vertex -2.477578E+01 -4.877069E+00 5.000000E+00
      vertex -9.402081E+00 -8.902081E+00 5.000000E+00
    endloop
  endfacet
  facet normal 0.000000E+00 0.000000E+00 1.000000E+00
    outer loop
      vertex -9.079474E+00 -9.154828E+00 5.000000E+00
      vertex -9.402081E+00 -8.902081E+00 5.000000E+00
      vertex -2.618805E+01 -5.557183E+00 5.000000E+00
    endloop
  endfacet
  facet normal 0.000000E+00 0.000000E+00 1.000000E+00
    outer loop
      vertex -9.079474E+00 -9.154828E+00 5.000000E+00
      vertex -2.618805E+01 -5.557183E+00 5.000000E+00
      vertex -3.500000E+01 -1.015000E+01 5.000000E+00
    endloop
  endfacet
  facet normal 0.000000E+00 0.000000E+00 1.000000E+00
    outer loop
      vertex -9.804602E+00 -8.261475E+00 5.000000E+00
      vertex -2.477578E+01 -4.877069E+00 5.000000E+00
      vertex -9.639431E+00 -8.604455E+00 5.000000E+00
    endloop
  endfacet
  facet normal 0.000000E+00 0.000000E+00 1.000000E+00
    outer loop
      vertex -9.804602E+00 -8.261475E+00 5.000000E+00
      vertex -2.355025E+01 -3.899747E+00 5.000000E+00
      vertex -2.477578E+01 -4.877069E+00 5.000000E+00
    endloop
  endfacet
  facet normal 0.000000E+00 0.000000E+00 1.000000E+00
    outer loop
      vertex -8.705755E+00 -9.323026E+00 5.000000E+00
      vertex -9.079474E+00 -9.154828E+00 5.000000E+00
      vertex -3.500000E+01 -1.015000E+01 5.000000E+00
    endloop
  endfacet
  facet normal 0.000000E+00 0.000000E+00 1.000000E+00
    outer loop
      vertex -9.889311E+00 -7.890339E+00 5.000000E+00
      vertex -1.724808E+01 -1.185853E+00 5.000000E+00
      vertex -1.775192E+01 -1.185853E+00 5.000000E+00
    endloop
  endfacet
  facet normal 0.000000E+00 0.000000E+00 1.000000E+00
    outer loop
      vertex -9.889311E+00 -7.890339E+00 5.000000E+00
      vertex -1.775192E+01 -1.185853E+00 5.000000E+00
      vertex -2.355025E+01 -3.899747E+00 5.000000E+00
    endloop
  endfacet
  facet normal 0.000000E+00 0.000000E+00 1.000000E+00
    outer loop
      vertex -9.889311E+00 -7.890339E+00 5.000000E+00
      vertex -2.355025E+01 -3.899747E+00 5.000000E+00
      vertex -9.804602E+00 -8.261475E+00 5.000000E+00
    endloop
  endfacet
  facet normal 0.000000E+00 0.000000E+00 1.000000E+00
    outer loop
      vertex -8.302644E+00 -9.396898E+00 5.000000E+00
      vertex -8.705755E+00 -9.323026E+00 5.000000E+00
      vertex -3.500000E+01 -1.015000E+01 5.000000E+00
    endloop
  endfacet
  facet normal 0.000000E+00 0.000000E+00 1.000000E+00
    outer loop
      vertex -1.955177E+01 1.973429E+00 5.000000E+00
      vertex -2.154401E+01 1.833751E+00 5.000000E+00
      vertex -1.971314E+01 1.455574E+00 5.000000E+00
    endloop
  endfacet
  facet normal 0.000000E+00 0.000000E+00 1.000000E+00
    outer loop
      vertex -1.955177E+01 1.973429E+00 5.000000E+00
      vertex -2.189282E+01 3.361953E+00 5.000000E+00
      vertex -2.154401E+01 1.833751E+00 5.000000E+00
    endloop
  endfacet
  facet normal 0.000000E+00 0.000000E+00 1.000000E+00
    outer loop
      vertex -9.889311E+00 -7.509660E+00 5.000000E+00
      vertex -1.675687E+01 -1.073738E+00 5.000000E+00
      vertex -1.724808E+01 -1.185853E+00 5.000000E+00
    endloop
  endfacet
  facet normal 0.000000E+00 0.000000E+00 1.000000E+00
    outer loop
      vertex -9.889311E+00 -7.509660E+00 5.000000E+00
      vertex -1.724808E+01 -1.185853E+00 5.000000E+00
      vertex -9.889311E+00 -7.890339E+00 5.000000E+00
    endloop
  endfacet
  facet normal 0.000000E+00 0.000000E+00 1.000000E+00
    outer loop
      vertex -9.804602E+00 -7.138525E+00 5.000000E+00
      vertex -1.630293E+01 -8.551294E-01 5.000000E+00
      vertex -1.675687E+01 -1.073738E+00 5.000000E+00
    endloop
  endfacet
  facet normal 0.000000E+00 0.000000E+00 1.000000E+00
    outer loop
      vertex -9.804602E+00 -7.138525E+00 5.000000E+00
      vertex -1.675687E+01 -1.073738E+00 5.000000E+00
      vertex -9.889311E+00 -7.509660E+00 5.000000E+00
    endloop
  endfacet
  facet normal 0.000000E+00 0.000000E+00 1.000000E+00
    outer loop
      vertex -1.927116E+01 2.437618E+00 5.000000E+00
      vertex -2.189282E+01 3.361953E+00 5.000000E+00
      vertex -1.955177E+01 1.973429E+00 5.000000E+00
    endloop
  endfacet
  facet normal 0.000000E+00 0.000000E+00 1.000000E+00
    outer loop
      vertex -9.639431E+00 -6.795546E+00 5.000000E+00
      vertex -1.590901E+01 -5.409902E-01 5.000000E+00
      vertex -1.630293E+01 -8.551294E-01 5.000000E+00
    endloop
  endfacet
  facet normal 0.000000E+00 0.000000E+00 1.000000E+00
    outer loop
      vertex -9.639431E+00 -6.795546E+00 5.000000E+00
      vertex -1.630293E+01 -8.551294E-01 5.000000E+00
      vertex -9.804602E+00 -7.138525E+00 5.000000E+00
    endloop
  endfacet
  facet normal 0.000000E+00 0.000000E+00 1.000000E+00
    outer loop
      vertex -1.888762E+01 2.821163E+00 5.000000E+00
      vertex -2.189282E+01 3.361953E+00 5.000000E+00
      vertex -1.927116E+01 2.437618E+00 5.000000E+00
    endloop
  endfacet
  facet normal 0.000000E+00 0.000000E+00 1.000000E+00
    outer loop
      vertex -1.888762E+01 2.821163E+00 5.000000E+00
      vertex -2.257293E+01 4.774225E+00 5.000000E+00
      vertex -2.189282E+01 3.361953E+00 5.000000E+00
    endloop
  endfacet
  facet normal 0.000000E+00 0.000000E+00 1.000000E+00
    outer loop
      vertex -9.402081E+00 -6.497919E+00 5.000000E+00
      vertex -1.590901E+01 -5.409902E-01 5.000000E+00
      vertex -9.639431E+00 -6.795546E+00 5.000000E+00
    endloop
  endfacet
  facet normal 0.000000E+00 0.000000E+00 1.000000E+00
    outer loop
      vertex -1.559487E+01 -1.470722E-01 5.000000E+00
      vertex -1.590901E+01 -5.409902E-01 5.000000E+00
      vertex -9.402081E+00 -6.497919E+00 5.000000E+00
    endloop
  endfacet
  facet normal 0.000000E+00 0.000000E+00 1.000000E+00
    outer loop
      vertex -9.104455E+00 -6.260569E+00 5.000000E+00
      vertex -1.559487E+01 -1.470722E-01 5.000000E+00
      vertex -9.402081E+00 -6.497919E+00 5.000000E+00
    endloop
  endfacet
  facet normal 0.000000E+00 0.000000E+00 1.000000E+00
    outer loop
      vertex -1.842343E+01 3.101775E+00 5.000000E+00
      vertex -2.257293E+01 4.774225E+00 5.000000E+00
      vertex -1.888762E+01 2.821163E+00 5.000000E+00
    endloop
  endfacet
  facet normal 0.000000E+00 0.000000E+00 1.000000E+00
    outer loop
      vertex -1.537626E+01 3.068721E-01 5.000000E+00
      vertex -1.559487E+01 -1.470722E-01 5.000000E+00
      vertex -9.104455E+00 -6.260569E+00 5.000000E+00
    endloop
  endfacet
  facet normal 0.000000E+00 0.000000E+00 1.000000E+00
    outer loop
      vertex -8.761475E+00 -6.095398E+00 5.000000E+00
      vertex -1.537626E+01 3.068721E-01 5.000000E+00
      vertex -9.104455E+00 -6.260569E+00 5.000000E+00
    endloop
  endfacet
  facet normal 0.000000E+00 0.000000E+00 1.000000E+00
    outer loop
      vertex -1.790557E+01 3.263145E+00 5.000000E+00
      vertex -2.257293E+01 4.774225E+00 5.000000E+00
      vertex -1.842343E+01 3.101775E+00 5.000000E+00
    endloop
  endfacet
  facet normal 0.000000E+00 0.000000E+00 1.000000E+00
    outer loop
      vertex -1.790557E+01 3.263145E+00 5.000000E+00
      vertex -2.355025E+01 5.999747E+00 5.000000E+00
      vertex -2.257293E+01 4.774225E+00 5.000000E+00
    endloop
  endfacet
  facet normal 0.000000E+00 0.000000E+00 1.000000E+00
    outer loop
      vertex -1.526415E+01 7.980799E-01 5.000000E+00
      vertex -1.537626E+01 3.068721E-01 5.000000E+00
      vertex -8.761475E+00 -6.095398E+00 5.000000E+00
    endloop
  endfacet
  facet normal 0.000000E+00 0.000000E+00 1.000000E+00
    outer loop
      vertex -8.390340E+00 -6.010689E+00 5.000000E+00
      vertex -1.526415E+01 7.980799E-01 5.000000E+00
      vertex -8.761475E+00 -6.095398E+00 5.000000E+00
    endloop
  endfacet
  facet normal 0.000000E+00 0.000000E+00 1.000000E+00
    outer loop
      vertex -1.736415E+01 3.295895E+00 5.000000E+00
      vertex -2.355025E+01 5.999747E+00 5.000000E+00
      vertex -1.790557E+01 3.263145E+00 5.000000E+00
    endloop
  endfacet
  facet normal 0.000000E+00 0.000000E+00 1.000000E+00
    outer loop
      vertex -3.000000E+00 -1.015000E+01 5.000000E+00
      vertex -8.302644E+00 -9.396898E+00 5.000000E+00
      vertex -3.500000E+01 -1.015000E+01 5.000000E+00
    endloop
  endfacet
  facet normal 0.000000E+00 0.000000E+00 1.000000E+00
    outer loop
      vertex -3.000000E+00 -1.015000E+01 5.000000E+00
      vertex -6.527846E+00 -8.006433E+00 5.000000E+00
      vertex -6.649770E+00 -8.397702E+00 5.000000E+00
    endloop
  endfacet
  facet normal 0.000000E+00 0.000000E+00 1.000000E+00
    outer loop
      vertex -3.000000E+00 -1.015000E+01 5.000000E+00
      vertex -6.649770E+00 -8.397702E+00 5.000000E+00
      vertex -6.861788E+00 -8.748422E+00 5.000000E+00
    endloop
  endfacet
  facet normal 0.000000E+00 0.000000E+00 1.000000E+00
    outer loop
      vertex -3.000000E+00 -1.015000E+01 5.000000E+00
      vertex -6.861788E+00 -8.748422E+00 5.000000E+00
      vertex -7.151578E+00 -9.038212E+00 5.000000E+00
    endloop
  endfacet
  facet normal 0.000000E+00 0.000000E+00 1.000000E+00
    outer loop
      vertex -3.000000E+00 -1.015000E+01 5.000000E+00
      vertex -7.151578E+00 -9.038212E+00 5.000000E+00
      vertex -7.502298E+00 -9.250230E+00 5.000000E+00
    endloop
  endfacet
  facet normal 0.000000E+00 0.000000E+00 1.000000E+00
    outer loop
      vertex -3.000000E+00 -1.015000E+01 5.000000E+00
      vertex -7.502298E+00 -9.250230E+00 5.000000E+00
      vertex -7.893567E+00 -9.372154E+00 5.000000E+00
    endloop
  endfacet
  facet normal 0.000000E+00 0.000000E+00 1.000000E+00
    outer loop
      vertex -3.000000E+00 -1.015000E+01 5.000000E+00
      vertex -7.893567E+00 -9.372154E+00 5.000000E+00
      vertex -8.302644E+00 -9.396898E+00 5.000000E+00
    endloop
  endfacet
  facet normal 0.000000E+00 0.000000E+00 1.000000E+00
    outer loop
      vertex -3.000000E+00 -7.150000E+00 5.000000E+00
      vertex -6.527846E+00 -8.006433E+00 5.000000E+00
      vertex -3.000000E+00 -1.015000E+01 5.000000E+00
    endloop
  endfacet
  facet normal 0.000000E+00 0.000000E+00 1.000000E+00
    outer loop
      vertex -3.000000E+00 -7.150000E+00 5.000000E+00
      vertex -7.295546E+00 -6.260569E+00 5.000000E+00
      vertex -6.997919E+00 -6.497919E+00 5.000000E+00
    endloop
  endfacet
  facet normal 0.000000E+00 0.000000E+00 1.000000E+00
    outer loop
      vertex -3.000000E+00 -7.150000E+00 5.000000E+00
      vertex -6.997919E+00 -6.497919E+00 5.000000E+00
      vertex -6.745172E+00 -6.820526E+00 5.000000E+00
    endloop
  endfacet
  facet normal 0.000000E+00 0.000000E+00 1.000000E+00
    outer loop
      vertex -3.000000E+00 -7.150000E+00 5.000000E+00
      vertex -6.745172E+00 -6.820526E+00 5.000000E+00
      vertex -6.576974E+00 -7.194245E+00 5.000000E+00
    endloop
  endfacet
  facet normal 0.000000E+00 0.000000E+00 1.000000E+00
    outer loop
      vertex -3.000000E+00 -7.150000E+00 5.000000E+00
      vertex -6.576974E+00 -7.194245E+00 5.000000E+00
      vertex -6.503101E+00 -7.597356E+00 5.000000E+00
    endloop
  endfacet
  facet normal 0.000000E+00 0.000000E+00 1.000000E+00
    outer loop
      vertex -3.000000E+00 -7.150000E+00 5.000000E+00
      vertex -6.503101E+00 -7.597356E+00 5.000000E+00
      vertex -6.527846E+00 -8.006433E+00 5.000000E+00
    endloop
  endfacet
  facet normal 0.000000E+00 0.000000E+00 1.000000E+00
    outer loop
      vertex -2.000000E+00 -7.150000E+00 5.000000E+00
      vertex -3.000000E+00 -1.015000E+01 5.000000E+00
      vertex -2.000000E+00 -1.015000E+01 5.000000E+00
    endloop
  endfacet
  facet normal 0.000000E+00 0.000000E+00 1.000000E+00
    outer loop
      vertex -2.000000E+00 -7.150000E+00 5.000000E+00
      vertex -3.000000E+00 -7.150000E+00 5.000000E+00
      vertex -3.000000E+00 -1.015000E+01 5.000000E+00
    endloop
  endfacet
  facet normal 0.000000E+00 0.000000E+00 1.000000E+00
    outer loop
      vertex -9.402081E+00 8.597919E+00 5.000000E+00
      vertex -1.590901E+01 2.640990E+00 5.000000E+00
      vertex -1.559487E+01 2.247072E+00 5.000000E+00
    endloop
  endfacet
  facet normal 0.000000E+00 0.000000E+00 1.000000E+00
    outer loop
      vertex -9.639431E+00 8.895545E+00 5.000000E+00
      vertex -1.633599E+01 2.975508E+00 5.000000E+00
      vertex -1.590901E+01 2.640990E+00 5.000000E+00
    endloop
  endfacet
  facet normal 0.000000E+00 0.000000E+00 1.000000E+00
    outer loop
      vertex -9.639431E+00 8.895545E+00 5.000000E+00
      vertex -1.590901E+01 2.640990E+00 5.000000E+00
      vertex -9.402081E+00 8.597919E+00 5.000000E+00
    endloop
  endfacet
  facet normal 0.000000E+00 0.000000E+00 1.000000E+00
    outer loop
      vertex -9.079474E+00 8.345172E+00 5.000000E+00
      vertex -1.559487E+01 2.247072E+00 5.000000E+00
      vertex -1.537626E+01 1.793128E+00 5.000000E+00
    endloop
  endfacet
  facet normal 0.000000E+00 0.000000E+00 1.000000E+00
    outer loop
      vertex -9.079474E+00 8.345172E+00 5.000000E+00
      vertex -9.402081E+00 8.597919E+00 5.000000E+00
      vertex -1.559487E+01 2.247072E+00 5.000000E+00
    endloop
  endfacet
  facet normal 0.000000E+00 0.000000E+00 1.000000E+00
    outer loop
      vertex -9.804602E+00 9.238525E+00 5.000000E+00
      vertex -1.633599E+01 2.975508E+00 5.000000E+00
      vertex -9.639431E+00 8.895545E+00 5.000000E+00
    endloop
  endfacet
  facet normal 0.000000E+00 0.000000E+00 1.000000E+00
    outer loop
      vertex -9.804602E+00 9.238525E+00 5.000000E+00
      vertex -1.683062E+01 3.198122E+00 5.000000E+00
      vertex -1.633599E+01 2.975508E+00 5.000000E+00
    endloop
  endfacet
  facet normal 0.000000E+00 0.000000E+00 1.000000E+00
    outer loop
      vertex -8.705755E+00 8.176974E+00 5.000000E+00
      vertex -9.079474E+00 8.345172E+00 5.000000E+00
      vertex -1.537626E+01 1.793128E+00 5.000000E+00
    endloop
  endfacet
  facet normal 0.000000E+00 0.000000E+00 1.000000E+00
    outer loop
      vertex -8.705755E+00 8.176974E+00 5.000000E+00
      vertex -1.537626E+01 1.793128E+00 5.000000E+00
      vertex -1.526415E+01 1.301920E+00 5.000000E+00
    endloop
  endfacet
  facet normal 0.000000E+00 0.000000E+00 1.000000E+00
    outer loop
      vertex -9.889311E+00 9.609660E+00 5.000000E+00
      vertex -1.683062E+01 3.198122E+00 5.000000E+00
      vertex -9.804602E+00 9.238525E+00 5.000000E+00
    endloop
  endfacet
  facet normal 0.000000E+00 0.000000E+00 1.000000E+00
    outer loop
      vertex -8.302644E+00 8.103102E+00 5.000000E+00
      vertex -1.526415E+01 1.301920E+00 5.000000E+00
      vertex -1.526415E+01 7.980799E-01 5.000000E+00
    endloop
  endfacet
  facet normal 0.000000E+00 0.000000E+00 1.000000E+00
    outer loop
      vertex -8.302644E+00 8.103102E+00 5.000000E+00
      vertex -8.390340E+00 -6.010689E+00 5.000000E+00
      vertex -8.009661E+00 -6.010689E+00 5.000000E+00
    endloop
  endfacet
  facet normal 0.000000E+00 0.000000E+00 1.000000E+00
    outer loop
      vertex -8.302644E+00 8.103102E+00 5.000000E+00
      vertex -8.705755E+00 8.176974E+00 5.000000E+00
      vertex -1.526415E+01 1.301920E+00 5.000000E+00
    endloop
  endfacet
  facet normal 0.000000E+00 0.000000E+00 1.000000E+00
    outer loop
      vertex -8.302644E+00 8.103102E+00 5.000000E+00
      vertex -1.526415E+01 7.980799E-01 5.000000E+00
      vertex -8.390340E+00 -6.010689E+00 5.000000E+00
    endloop
  endfacet
  facet normal 0.000000E+00 0.000000E+00 1.000000E+00
    outer loop
      vertex -7.893567E+00 8.127846E+00 5.000000E+00
      vertex -8.302644E+00 8.103102E+00 5.000000E+00
      vertex -8.009661E+00 -6.010689E+00 5.000000E+00
    endloop
  endfacet
  facet normal 0.000000E+00 0.000000E+00 1.000000E+00
    outer loop
      vertex -7.893567E+00 8.127846E+00 5.000000E+00
      vertex -8.009661E+00 -6.010689E+00 5.000000E+00
      vertex -7.638525E+00 -6.095398E+00 5.000000E+00
    endloop
  endfacet
  facet normal 0.000000E+00 0.000000E+00 1.000000E+00
    outer loop
      vertex -7.502298E+00 8.249770E+00 5.000000E+00
      vertex -7.295546E+00 -6.260569E+00 5.000000E+00
      vertex -3.000000E+00 -7.150000E+00 5.000000E+00
    endloop
  endfacet
  facet normal 0.000000E+00 0.000000E+00 1.000000E+00
    outer loop
      vertex -7.502298E+00 8.249770E+00 5.000000E+00
      vertex -7.638525E+00 -6.095398E+00 5.000000E+00
      vertex -7.295546E+00 -6.260569E+00 5.000000E+00
    endloop
  endfacet
  facet normal 0.000000E+00 0.000000E+00 1.000000E+00
    outer loop
      vertex -7.502298E+00 8.249770E+00 5.000000E+00
      vertex -7.893567E+00 8.127846E+00 5.000000E+00
      vertex -7.638525E+00 -6.095398E+00 5.000000E+00
    endloop
  endfacet
  facet normal 0.000000E+00 0.000000E+00 1.000000E+00
    outer loop
      vertex -1.128180E+01 1.235000E+01 5.000000E+00
      vertex -3.500000E+01 1.235000E+01 5.000000E+00
      vertex -2.618805E+01 7.657183E+00 5.000000E+00
    endloop
  endfacet
  facet normal 0.000000E+00 0.000000E+00 1.000000E+00
    outer loop
      vertex -1.128180E+01 1.235000E+01 5.000000E+00
      vertex -1.683062E+01 3.198122E+00 5.000000E+00
      vertex -9.889311E+00 9.609660E+00 5.000000E+00
    endloop
  endfacet
  facet normal 0.000000E+00 0.000000E+00 1.000000E+00
    outer loop
      vertex -1.128180E+01 1.235000E+01 5.000000E+00
      vertex -2.355025E+01 5.999747E+00 5.000000E+00
      vertex -1.736415E+01 3.295895E+00 5.000000E+00
    endloop
  endfacet
  facet normal 0.000000E+00 0.000000E+00 1.000000E+00
    outer loop
      vertex -1.128180E+01 1.235000E+01 5.000000E+00
      vertex -1.736415E+01 3.295895E+00 5.000000E+00
      vertex -1.683062E+01 3.198122E+00 5.000000E+00
    endloop
  endfacet
  facet normal 0.000000E+00 0.000000E+00 1.000000E+00
    outer loop
      vertex -1.128180E+01 1.235000E+01 5.000000E+00
      vertex -9.889311E+00 9.609660E+00 5.000000E+00
      vertex -9.889311E+00 9.990339E+00 5.000000E+00
    endloop
  endfacet
  facet normal 0.000000E+00 0.000000E+00 1.000000E+00
    outer loop
      vertex -1.128180E+01 1.235000E+01 5.000000E+00
      vertex -9.889311E+00 9.990339E+00 5.000000E+00
      vertex -9.804602E+00 1.036147E+01 5.000000E+00
    endloop
  endfacet
  facet normal 0.000000E+00 0.000000E+00 1.000000E+00
    outer loop
      vertex -1.128180E+01 1.235000E+01 5.000000E+00
      vertex -9.804602E+00 1.036147E+01 5.000000E+00
      vertex -9.639431E+00 1.070445E+01 5.000000E+00
    endloop
  endfacet
  facet normal 0.000000E+00 0.000000E+00 1.000000E+00
    outer loop
      vertex -1.128180E+01 1.235000E+01 5.000000E+00
      vertex -2.618805E+01 7.657183E+00 5.000000E+00
      vertex -2.477578E+01 6.977069E+00 5.000000E+00
    endloop
  endfacet
  facet normal 0.000000E+00 0.000000E+00 1.000000E+00
    outer loop
      vertex -1.128180E+01 1.235000E+01 5.000000E+00
      vertex -2.477578E+01 6.977069E+00 5.000000E+00
      vertex -2.355025E+01 5.999747E+00 5.000000E+00
    endloop
  endfacet
  facet normal 0.000000E+00 0.000000E+00 1.000000E+00
    outer loop
      vertex -7.151578E+00 8.461788E+00 5.000000E+00
      vertex -7.502298E+00 8.249770E+00 5.000000E+00
      vertex -3.000000E+00 -7.150000E+00 5.000000E+00
    endloop
  endfacet
  facet normal 0.000000E+00 0.000000E+00 1.000000E+00
    outer loop
      vertex -9.402081E+00 1.100208E+01 5.000000E+00
      vertex -1.128180E+01 1.235000E+01 5.000000E+00
      vertex -9.639431E+00 1.070445E+01 5.000000E+00
    endloop
  endfacet
  facet normal 0.000000E+00 0.000000E+00 1.000000E+00
    outer loop
      vertex -1.065139E+01 1.296080E+01 5.000000E+00
      vertex -9.402081E+00 1.100208E+01 5.000000E+00
      vertex -9.104455E+00 1.123943E+01 5.000000E+00
    endloop
  endfacet
  facet normal 0.000000E+00 0.000000E+00 1.000000E+00
    outer loop
      vertex -1.065139E+01 1.296080E+01 5.000000E+00
      vertex -1.128180E+01 1.235000E+01 5.000000E+00
      vertex -9.402081E+00 1.100208E+01 5.000000E+00
    endloop
  endfacet
  facet normal 0.000000E+00 0.000000E+00 1.000000E+00
    outer loop
      vertex -9.902939E+00 1.341939E+01 5.000000E+00
      vertex -9.104455E+00 1.123943E+01 5.000000E+00
      vertex -8.761475E+00 1.140460E+01 5.000000E+00
    endloop
  endfacet
  facet normal 0.000000E+00 0.000000E+00 1.000000E+00
    outer loop
      vertex -9.902939E+00 1.341939E+01 5.000000E+00
      vertex -1.065139E+01 1.296080E+01 5.000000E+00
      vertex -9.104455E+00 1.123943E+01 5.000000E+00
    endloop
  endfacet
  facet normal 0.000000E+00 0.000000E+00 1.000000E+00
    outer loop
      vertex -9.072476E+00 1.370369E+01 5.000000E+00
      vertex -8.761475E+00 1.140460E+01 5.000000E+00
      vertex -8.390340E+00 1.148931E+01 5.000000E+00
    endloop
  endfacet
  facet normal 0.000000E+00 0.000000E+00 1.000000E+00
    outer loop
      vertex -9.072476E+00 1.370369E+01 5.000000E+00
      vertex -9.902939E+00 1.341939E+01 5.000000E+00
      vertex -8.761475E+00 1.140460E+01 5.000000E+00
    endloop
  endfacet
  facet normal 0.000000E+00 0.000000E+00 1.000000E+00
    outer loop
      vertex -8.200000E+00 1.380000E+01 5.000000E+00
      vertex -9.072476E+00 1.370369E+01 5.000000E+00
      vertex -8.390340E+00 1.148931E+01 5.000000E+00
    endloop
  endfacet
  facet normal 0.000000E+00 0.000000E+00 1.000000E+00
    outer loop
      vertex -8.200000E+00 1.380000E+01 5.000000E+00
      vertex -8.390340E+00 1.148931E+01 5.000000E+00
      vertex -8.009661E+00 1.148931E+01 5.000000E+00
    endloop
  endfacet
  facet normal 0.000000E+00 0.000000E+00 1.000000E+00
    outer loop
      vertex -7.327523E+00 1.370369E+01 5.000000E+00
      vertex -8.200000E+00 1.380000E+01 5.000000E+00
      vertex -8.009661E+00 1.148931E+01 5.000000E+00
    endloop
  endfacet
  facet normal 0.000000E+00 0.000000E+00 1.000000E+00
    outer loop
      vertex -7.327523E+00 1.370369E+01 5.000000E+00
      vertex -8.009661E+00 1.148931E+01 5.000000E+00
      vertex -7.638525E+00 1.140460E+01 5.000000E+00
    endloop
  endfacet
  facet normal 0.000000E+00 0.000000E+00 1.000000E+00
    outer loop
      vertex -6.497061E+00 1.341939E+01 5.000000E+00
      vertex -7.327523E+00 1.370369E+01 5.000000E+00
      vertex -7.638525E+00 1.140460E+01 5.000000E+00
    endloop
  endfacet
  facet normal 0.000000E+00 0.000000E+00 1.000000E+00
    outer loop
      vertex -6.497061E+00 1.341939E+01 5.000000E+00
      vertex -7.638525E+00 1.140460E+01 5.000000E+00
      vertex -7.295546E+00 1.123943E+01 5.000000E+00
    endloop
  endfacet
  facet normal 0.000000E+00 0.000000E+00 1.000000E+00
    outer loop
      vertex -5.748606E+00 1.296080E+01 5.000000E+00
      vertex -6.497061E+00 1.341939E+01 5.000000E+00
      vertex -7.295546E+00 1.123943E+01 5.000000E+00
    endloop
  endfacet
  facet normal 0.000000E+00 0.000000E+00 1.000000E+00
    outer loop
      vertex -5.748606E+00 1.296080E+01 5.000000E+00
      vertex -7.295546E+00 1.123943E+01 5.000000E+00
      vertex -6.997919E+00 1.100208E+01 5.000000E+00
    endloop
  endfacet
  facet normal 0.000000E+00 0.000000E+00 1.000000E+00
    outer loop
      vertex -5.118198E+00 1.235000E+01 5.000000E+00
      vertex -6.997919E+00 1.100208E+01 5.000000E+00
      vertex -6.745172E+00 1.067947E+01 5.000000E+00
    endloop
  endfacet
  facet normal 0.000000E+00 0.000000E+00 1.000000E+00
    outer loop
      vertex -5.118198E+00 1.235000E+01 5.000000E+00
      vertex -5.748606E+00 1.296080E+01 5.000000E+00
      vertex -6.997919E+00 1.100208E+01 5.000000E+00
    endloop
  endfacet
  facet normal 0.000000E+00 0.000000E+00 1.000000E+00
    outer loop
      vertex -5.000000E+00 1.225000E+01 5.000000E+00
      vertex -5.118198E+00 1.235000E+01 5.000000E+00
      vertex -6.745172E+00 1.067947E+01 5.000000E+00
    endloop
  endfacet
  facet normal 0.000000E+00 0.000000E+00 1.000000E+00
    outer loop
      vertex -5.000000E+00 1.225000E+01 5.000000E+00
      vertex -6.745172E+00 1.067947E+01 5.000000E+00
      vertex -6.576974E+00 1.030576E+01 5.000000E+00
    endloop
  endfacet
  facet normal 0.000000E+00 0.000000E+00 1.000000E+00
    outer loop
      vertex -3.000000E+00 1.025000E+01 5.000000E+00
      vertex -6.503101E+00 9.902643E+00 5.000000E+00
      vertex -6.527846E+00 9.493567E+00 5.000000E+00
    endloop
  endfacet
  facet normal 0.000000E+00 0.000000E+00 1.000000E+00
    outer loop
      vertex -3.000000E+00 1.025000E+01 5.000000E+00
      vertex -6.527846E+00 9.493567E+00 5.000000E+00
      vertex -6.649770E+00 9.102298E+00 5.000000E+00
    endloop
  endfacet
  facet normal 0.000000E+00 0.000000E+00 1.000000E+00
    outer loop
      vertex -3.000000E+00 1.025000E+01 5.000000E+00
      vertex -6.649770E+00 9.102298E+00 5.000000E+00
      vertex -6.861788E+00 8.751578E+00 5.000000E+00
    endloop
  endfacet
  facet normal 0.000000E+00 0.000000E+00 1.000000E+00
    outer loop
      vertex -3.000000E+00 1.025000E+01 5.000000E+00
      vertex -6.861788E+00 8.751578E+00 5.000000E+00
      vertex -7.151578E+00 8.461788E+00 5.000000E+00
    endloop
  endfacet
  facet normal 0.000000E+00 0.000000E+00 1.000000E+00
    outer loop
      vertex -4.554958E+00 1.219986E+01 5.000000E+00
      vertex -5.000000E+00 1.225000E+01 5.000000E+00
      vertex -6.576974E+00 1.030576E+01 5.000000E+00
    endloop
  endfacet
  facet normal 0.000000E+00 0.000000E+00 1.000000E+00
    outer loop
      vertex -3.050144E+00 1.069504E+01 5.000000E+00
      vertex -6.503101E+00 9.902643E+00 5.000000E+00
      vertex -3.000000E+00 1.025000E+01 5.000000E+00
    endloop
  endfacet
  facet normal 0.000000E+00 1.000000E+00 0.000000E+00
    outer loop
      vertex -4.850000E+01 3.175000E+01 3.000000E+00
      vertex 9.750000E+01 3.175000E+01 5.000000E-01
      vertex -4.850000E+01 3.175000E+01 5.000000E-01
    endloop
  endfacet
  facet normal -0.000000E+00 1.000000E+00 0.000000E+00
    outer loop
      vertex -4.850000E+01 3.175000E+01 3.000000E+00
      vertex 9.750000E+01 3.175000E+01 3.000000E+00
      vertex 9.750000E+01 3.175000E+01 5.000000E-01
    endloop
  endfacet
  facet normal 1.000000E+00 0.000000E+00 0.000000E+00
    outer loop
      vertex 9.750000E+01 3.175000E+01 3.000000E+00
      vertex 9.750000E+01 -3.250000E+00 5.000000E-01
      vertex 9.750000E+01 3.175000E+01 5.000000E-01
    endloop
  endfacet
  facet normal 1.000000E+00 0.000000E+00 0.000000E+00
    outer loop
      vertex 9.750000E+01 3.175000E+01 3.000000E+00
      vertex 9.750000E+01 -3.250000E+00 3.000000E+00
      vertex 9.750000E+01 -3.250000E+00 5.000000E-01
    endloop
  endfacet
  facet normal 7.071068E-01 -7.071068E-01 0.000000E+00
    outer loop
      vertex 9.750000E+01 -3.250000E+00 3.000000E+00
      vertex 8.750000E+01 -1.325000E+01 5.000000E-01
      vertex 9.750000E+01 -3.250000E+00 5.000000E-01
    endloop
  endfacet
  facet normal 7.071068E-01 -7.071068E-01 0.000000E+00
    outer loop
      vertex 9.750000E+01 -3.250000E+00 3.000000E+00
      vertex 8.750000E+01 -1.325000E+01 3.000000E+00
      vertex 8.750000E+01 -1.325000E+01 5.000000E-01
    endloop
  endfacet
endsolid 
