solid 
  facet normal 9.927090E-01 1.205355E-01 0.000000E+00
    outer loop
      vertex 4.600000E+01 5.400000E+01 2.000000E+01
      vertex 4.600000E+01 5.400000E+01 1.600000E+01
      vertex 4.591283E+01 5.471795E+01 1.600000E+01
    endloop
  endfacet
  facet normal 9.350160E-01 3.546054E-01 0.000000E+00
    outer loop
      vertex 4.591283E+01 5.471795E+01 2.000000E+01
      vertex 4.591283E+01 5.471795E+01 1.600000E+01
      vertex 4.565637E+01 5.539417E+01 1.600000E+01
    endloop
  endfacet
  facet normal 9.927090E-01 1.205355E-01 0.000000E+00
    outer loop
      vertex 4.591283E+01 5.471795E+01 2.000000E+01
      vertex 4.600000E+01 5.400000E+01 2.000000E+01
      vertex 4.591283E+01 5.471795E+01 1.600000E+01
    endloop
  endfacet
  facet normal 8.229847E-01 5.680635E-01 0.000000E+00
    outer loop
      vertex 4.565637E+01 5.539417E+01 2.000000E+01
      vertex 4.565637E+01 5.539417E+01 1.600000E+01
      vertex 4.524553E+01 5.598937E+01 1.600000E+01
    endloop
  endfacet
  facet normal 9.350160E-01 3.546054E-01 0.000000E+00
    outer loop
      vertex 4.565637E+01 5.539417E+01 2.000000E+01
      vertex 4.591283E+01 5.471795E+01 2.000000E+01
      vertex 4.565637E+01 5.539417E+01 1.600000E+01
    endloop
  endfacet
  facet normal 6.631215E-01 7.485119E-01 0.000000E+00
    outer loop
      vertex 4.524553E+01 5.598937E+01 2.000000E+01
      vertex 4.524553E+01 5.598937E+01 1.600000E+01
      vertex 4.470419E+01 5.646895E+01 1.600000E+01
    endloop
  endfacet
  facet normal 8.229847E-01 5.680635E-01 0.000000E+00
    outer loop
      vertex 4.524553E+01 5.598937E+01 2.000000E+01
      vertex 4.565637E+01 5.539417E+01 2.000000E+01
      vertex 4.524553E+01 5.598937E+01 1.600000E+01
    endloop
  endfacet
  facet normal 4.647253E-01 8.854550E-01 0.000000E+00
    outer loop
      vertex 4.470419E+01 5.646895E+01 2.000000E+01
      vertex 4.470419E+01 5.646895E+01 1.600000E+01
      vertex 4.406382E+01 5.680505E+01 1.600000E+01
    endloop
  endfacet
  facet normal 6.631215E-01 7.485119E-01 0.000000E+00
    outer loop
      vertex 4.470419E+01 5.646895E+01 2.000000E+01
      vertex 4.524553E+01 5.598937E+01 2.000000E+01
      vertex 4.470419E+01 5.646895E+01 1.600000E+01
    endloop
  endfacet
  facet normal 2.393137E-01 9.709423E-01 0.000000E+00
    outer loop
      vertex 4.406382E+01 5.680505E+01 2.000000E+01
      vertex 4.406382E+01 5.680505E+01 1.600000E+01
      vertex 4.336161E+01 5.697813E+01 1.600000E+01
    endloop
  endfacet
  facet normal 4.647253E-01 8.854550E-01 0.000000E+00
    outer loop
      vertex 4.406382E+01 5.680505E+01 2.000000E+01
      vertex 4.470419E+01 5.646895E+01 2.000000E+01
      vertex 4.406382E+01 5.680505E+01 1.600000E+01
    endloop
  endfacet
  facet normal 0.000000E+00 1.000000E+00 0.000000E+00
    outer loop
      vertex 4.336161E+01 5.697813E+01 2.000000E+01
      vertex 4.336161E+01 5.697813E+01 1.600000E+01
      vertex 4.263839E+01 5.697813E+01 1.600000E+01
    endloop
  endfacet
  facet normal 2.393137E-01 9.709423E-01 0.000000E+00
    outer loop
      vertex 4.336161E+01 5.697813E+01 2.000000E+01
      vertex 4.406382E+01 5.680505E+01 2.000000E+01
      vertex 4.336161E+01 5.697813E+01 1.600000E+01
    endloop
  endfacet
  facet normal -2.393137E-01 9.709423E-01 0.000000E+00
    outer loop
      vertex 4.263839E+01 5.697813E+01 2.000000E+01
      vertex 4.263839E+01 5.697813E+01 1.600000E+01
      vertex 4.193618E+01 5.680505E+01 1.600000E+01
    endloop
  endfacet
  facet normal -0.000000E+00 1.000000E+00 0.000000E+00
    outer loop
      vertex 4.263839E+01 5.697813E+01 2.000000E+01
      vertex 4.336161E+01 5.697813E+01 2.000000E+01
      vertex 4.263839E+01 5.697813E+01 1.600000E+01
    endloop
  endfacet
  facet normal -4.647253E-01 8.854550E-01 0.000000E+00
    outer loop
      vertex 4.193618E+01 5.680505E+01 2.000000E+01
      vertex 4.193618E+01 5.680505E+01 1.600000E+01
      vertex 4.129581E+01 5.646895E+01 1.600000E+01
    endloop
  endfacet
  facet normal -2.393137E-01 9.709423E-01 0.000000E+00
    outer loop
      vertex 4.193618E+01 5.680505E+01 2.000000E+01
      vertex 4.263839E+01 5.697813E+01 2.000000E+01
      vertex 4.193618E+01 5.680505E+01 1.600000E+01
    endloop
  endfacet
  facet normal -6.631215E-01 7.485119E-01 0.000000E+00
    outer loop
      vertex 4.129581E+01 5.646895E+01 2.000000E+01
      vertex 4.129581E+01 5.646895E+01 1.600000E+01
      vertex 4.075447E+01 5.598937E+01 1.600000E+01
    endloop
  endfacet
  facet normal -4.647253E-01 8.854550E-01 0.000000E+00
    outer loop
      vertex 4.129581E+01 5.646895E+01 2.000000E+01
      vertex 4.193618E+01 5.680505E+01 2.000000E+01
      vertex 4.129581E+01 5.646895E+01 1.600000E+01
    endloop
  endfacet
  facet normal -6.631215E-01 7.485119E-01 0.000000E+00
    outer loop
      vertex 4.075447E+01 5.598937E+01 2.000000E+01
      vertex 4.129581E+01 5.646895E+01 2.000000E+01
      vertex 4.075447E+01 5.598937E+01 1.600000E+01
    endloop
  endfacet
  facet normal -8.229847E-01 5.680635E-01 0.000000E+00
    outer loop
      vertex 4.034363E+01 5.539417E+01 2.000000E+01
      vertex 4.075447E+01 5.598937E+01 1.600000E+01
      vertex 4.034363E+01 5.539417E+01 1.600000E+01
    endloop
  endfacet
  facet normal -8.229847E-01 5.680635E-01 0.000000E+00
    outer loop
      vertex 4.034363E+01 5.539417E+01 2.000000E+01
      vertex 4.075447E+01 5.598937E+01 2.000000E+01
      vertex 4.075447E+01 5.598937E+01 1.600000E+01
    endloop
  endfacet
  facet normal -9.350160E-01 3.546054E-01 0.000000E+00
    outer loop
      vertex 4.008717E+01 5.471795E+01 2.000000E+01
      vertex 4.034363E+01 5.539417E+01 1.600000E+01
      vertex 4.008717E+01 5.471795E+01 1.600000E+01
    endloop
  endfacet
  facet normal -9.350160E-01 3.546054E-01 0.000000E+00
    outer loop
      vertex 4.008717E+01 5.471795E+01 2.000000E+01
      vertex 4.034363E+01 5.539417E+01 2.000000E+01
      vertex 4.034363E+01 5.539417E+01 1.600000E+01
    endloop
  endfacet
  facet normal -9.927090E-01 1.205355E-01 0.000000E+00
    outer loop
      vertex 4.000000E+01 5.400000E+01 2.000000E+01
      vertex 4.008717E+01 5.471795E+01 1.600000E+01
      vertex 4.000000E+01 5.400000E+01 1.600000E+01
    endloop
  endfacet
  facet normal -9.927090E-01 1.205355E-01 0.000000E+00
    outer loop
      vertex 4.000000E+01 5.400000E+01 2.000000E+01
      vertex 4.008717E+01 5.471795E+01 2.000000E+01
      vertex 4.008717E+01 5.471795E+01 1.600000E+01
    endloop
  endfacet
  facet normal 9.927090E-01 1.205352E-01 0.000000E+00
    outer loop
      vertex 8.400000E+01 1.600000E+01 2.000000E+01
      vertex 8.400000E+01 1.600000E+01 1.600000E+01
      vertex 8.391283E+01 1.671795E+01 1.600000E+01
    endloop
  endfacet
  facet normal 9.350139E-01 3.546109E-01 0.000000E+00
    outer loop
      vertex 8.391283E+01 1.671795E+01 2.000000E+01
      vertex 8.391283E+01 1.671795E+01 1.600000E+01
      vertex 8.365636E+01 1.739417E+01 1.600000E+01
    endloop
  endfacet
  facet normal 9.927090E-01 1.205352E-01 0.000000E+00
    outer loop
      vertex 8.391283E+01 1.671795E+01 2.000000E+01
      vertex 8.400000E+01 1.600000E+01 2.000000E+01
      vertex 8.391283E+01 1.671795E+01 1.600000E+01
    endloop
  endfacet
  facet normal 8.229847E-01 5.680635E-01 0.000000E+00
    outer loop
      vertex 8.365636E+01 1.739417E+01 2.000000E+01
      vertex 8.365636E+01 1.739417E+01 1.600000E+01
      vertex 8.324553E+01 1.798937E+01 1.600000E+01
    endloop
  endfacet
  facet normal 9.350139E-01 3.546109E-01 0.000000E+00
    outer loop
      vertex 8.365636E+01 1.739417E+01 2.000000E+01
      vertex 8.391283E+01 1.671795E+01 2.000000E+01
      vertex 8.365636E+01 1.739417E+01 1.600000E+01
    endloop
  endfacet
  facet normal 6.631240E-01 7.485095E-01 0.000000E+00
    outer loop
      vertex 8.324553E+01 1.798937E+01 2.000000E+01
      vertex 8.324553E+01 1.798937E+01 1.600000E+01
      vertex 8.270419E+01 1.846895E+01 1.600000E+01
    endloop
  endfacet
  facet normal 8.229847E-01 5.680635E-01 0.000000E+00
    outer loop
      vertex 8.324553E+01 1.798937E+01 2.000000E+01
      vertex 8.365636E+01 1.739417E+01 2.000000E+01
      vertex 8.324553E+01 1.798937E+01 1.600000E+01
    endloop
  endfacet
  facet normal 4.647210E-01 8.854572E-01 0.000000E+00
    outer loop
      vertex 8.270419E+01 1.846895E+01 2.000000E+01
      vertex 8.270419E+01 1.846895E+01 1.600000E+01
      vertex 8.206381E+01 1.880505E+01 1.600000E+01
    endloop
  endfacet
  facet normal 6.631240E-01 7.485095E-01 0.000000E+00
    outer loop
      vertex 8.270419E+01 1.846895E+01 2.000000E+01
      vertex 8.324553E+01 1.798937E+01 2.000000E+01
      vertex 8.270419E+01 1.846895E+01 1.600000E+01
    endloop
  endfacet
  facet normal 2.393174E-01 9.709414E-01 0.000000E+00
    outer loop
      vertex 8.206381E+01 1.880505E+01 2.000000E+01
      vertex 8.206381E+01 1.880505E+01 1.600000E+01
      vertex 8.136161E+01 1.897813E+01 1.600000E+01
    endloop
  endfacet
  facet normal 4.647210E-01 8.854572E-01 0.000000E+00
    outer loop
      vertex 8.206381E+01 1.880505E+01 2.000000E+01
      vertex 8.270419E+01 1.846895E+01 2.000000E+01
      vertex 8.206381E+01 1.880505E+01 1.600000E+01
    endloop
  endfacet
  facet normal 0.000000E+00 1.000000E+00 0.000000E+00
    outer loop
      vertex 8.136161E+01 1.897813E+01 2.000000E+01
      vertex 8.136161E+01 1.897813E+01 1.600000E+01
      vertex 8.063839E+01 1.897813E+01 1.600000E+01
    endloop
  endfacet
  facet normal 2.393174E-01 9.709414E-01 0.000000E+00
    outer loop
      vertex 8.136161E+01 1.897813E+01 2.000000E+01
      vertex 8.206381E+01 1.880505E+01 2.000000E+01
      vertex 8.136161E+01 1.897813E+01 1.600000E+01
    endloop
  endfacet
  facet normal -2.393174E-01 9.709414E-01 0.000000E+00
    outer loop
      vertex 8.063839E+01 1.897813E+01 2.000000E+01
      vertex 8.063839E+01 1.897813E+01 1.600000E+01
      vertex 7.993619E+01 1.880505E+01 1.600000E+01
    endloop
  endfacet
  facet normal -0.000000E+00 1.000000E+00 0.000000E+00
    outer loop
      vertex 8.063839E+01 1.897813E+01 2.000000E+01
      vertex 8.136161E+01 1.897813E+01 2.000000E+01
      vertex 8.063839E+01 1.897813E+01 1.600000E+01
    endloop
  endfacet
  facet normal -4.647210E-01 8.854572E-01 0.000000E+00
    outer loop
      vertex 7.993619E+01 1.880505E+01 2.000000E+01
      vertex 7.993619E+01 1.880505E+01 1.600000E+01
      vertex 7.929581E+01 1.846895E+01 1.600000E+01
    endloop
  endfacet
  facet normal -2.393174E-01 9.709414E-01 0.000000E+00
    outer loop
      vertex 7.993619E+01 1.880505E+01 2.000000E+01
      vertex 8.063839E+01 1.897813E+01 2.000000E+01
      vertex 7.993619E+01 1.880505E+01 1.600000E+01
    endloop
  endfacet
  facet normal -6.631240E-01 7.485095E-01 0.000000E+00
    outer loop
      vertex 7.929581E+01 1.846895E+01 2.000000E+01
      vertex 7.929581E+01 1.846895E+01 1.600000E+01
      vertex 7.875447E+01 1.798937E+01 1.600000E+01
    endloop
  endfacet
  facet normal -4.647210E-01 8.854572E-01 0.000000E+00
    outer loop
      vertex 7.929581E+01 1.846895E+01 2.000000E+01
      vertex 7.993619E+01 1.880505E+01 2.000000E+01
      vertex 7.929581E+01 1.846895E+01 1.600000E+01
    endloop
  endfacet
  facet normal -8.229847E-01 5.680635E-01 0.000000E+00
    outer loop
      vertex 7.875447E+01 1.798937E+01 2.000000E+01
      vertex 7.875447E+01 1.798937E+01 1.600000E+01
      vertex 7.834364E+01 1.739417E+01 1.600000E+01
    endloop
  endfacet
  facet normal -6.631240E-01 7.485095E-01 0.000000E+00
    outer loop
      vertex 7.875447E+01 1.798937E+01 2.000000E+01
      vertex 7.929581E+01 1.846895E+01 2.000000E+01
      vertex 7.875447E+01 1.798937E+01 1.600000E+01
    endloop
  endfacet
  facet normal -9.350139E-01 3.546109E-01 0.000000E+00
    outer loop
      vertex 7.834364E+01 1.739417E+01 2.000000E+01
      vertex 7.834364E+01 1.739417E+01 1.600000E+01
      vertex 7.808717E+01 1.671795E+01 1.600000E+01
    endloop
  endfacet
  facet normal -8.229847E-01 5.680635E-01 0.000000E+00
    outer loop
      vertex 7.834364E+01 1.739417E+01 2.000000E+01
      vertex 7.875447E+01 1.798937E+01 2.000000E+01
      vertex 7.834364E+01 1.739417E+01 1.600000E+01
    endloop
  endfacet
  facet normal -9.350139E-01 3.546109E-01 0.000000E+00
    outer loop
      vertex 7.808717E+01 1.671795E+01 2.000000E+01
      vertex 7.834364E+01 1.739417E+01 2.000000E+01
      vertex 7.808717E+01 1.671795E+01 1.600000E+01
    endloop
  endfacet
  facet normal -9.927090E-01 1.205352E-01 0.000000E+00
    outer loop
      vertex 7.800000E+01 1.600000E+01 2.000000E+01
      vertex 7.808717E+01 1.671795E+01 1.600000E+01
      vertex 7.800000E+01 1.600000E+01 1.600000E+01
    endloop
  endfacet
  facet normal -9.927090E-01 1.205352E-01 0.000000E+00
    outer loop
      vertex 7.800000E+01 1.600000E+01 2.000000E+01
      vertex 7.808717E+01 1.671795E+01 2.000000E+01
      vertex 7.808717E+01 1.671795E+01 1.600000E+01
    endloop
  endfacet
  facet normal 9.927090E-01 1.205352E-01 0.000000E+00
    outer loop
      vertex 4.600000E+01 1.600000E+01 2.000000E+01
      vertex 4.600000E+01 1.600000E+01 1.600000E+01
      vertex 4.591283E+01 1.671795E+01 1.600000E+01
    endloop
  endfacet
  facet normal 9.350157E-01 3.546063E-01 0.000000E+00
    outer loop
      vertex 4.591283E+01 1.671795E+01 2.000000E+01
      vertex 4.591283E+01 1.671795E+01 1.600000E+01
      vertex 4.565637E+01 1.739417E+01 1.600000E+01
    endloop
  endfacet
  facet normal 9.927090E-01 1.205352E-01 0.000000E+00
    outer loop
      vertex 4.591283E+01 1.671795E+01 2.000000E+01
      vertex 4.600000E+01 1.600000E+01 2.000000E+01
      vertex 4.591283E+01 1.671795E+01 1.600000E+01
    endloop
  endfacet
  facet normal 8.229847E-01 5.680635E-01 0.000000E+00
    outer loop
      vertex 4.565637E+01 1.739417E+01 2.000000E+01
      vertex 4.565637E+01 1.739417E+01 1.600000E+01
      vertex 4.524553E+01 1.798937E+01 1.600000E+01
    endloop
  endfacet
  facet normal 9.350157E-01 3.546063E-01 0.000000E+00
    outer loop
      vertex 4.565637E+01 1.739417E+01 2.000000E+01
      vertex 4.591283E+01 1.671795E+01 2.000000E+01
      vertex 4.565637E+01 1.739417E+01 1.600000E+01
    endloop
  endfacet
  facet normal 6.631215E-01 7.485119E-01 0.000000E+00
    outer loop
      vertex 4.524553E+01 1.798937E+01 2.000000E+01
      vertex 4.524553E+01 1.798937E+01 1.600000E+01
      vertex 4.470419E+01 1.846895E+01 1.600000E+01
    endloop
  endfacet
  facet normal 8.229847E-01 5.680635E-01 0.000000E+00
    outer loop
      vertex 4.524553E+01 1.798937E+01 2.000000E+01
      vertex 4.565637E+01 1.739417E+01 2.000000E+01
      vertex 4.524553E+01 1.798937E+01 1.600000E+01
    endloop
  endfacet
  facet normal 4.647232E-01 8.854560E-01 0.000000E+00
    outer loop
      vertex 4.470419E+01 1.846895E+01 2.000000E+01
      vertex 4.470419E+01 1.846895E+01 1.600000E+01
      vertex 4.406382E+01 1.880505E+01 1.600000E+01
    endloop
  endfacet
  facet normal 6.631215E-01 7.485119E-01 0.000000E+00
    outer loop
      vertex 4.470419E+01 1.846895E+01 2.000000E+01
      vertex 4.524553E+01 1.798937E+01 2.000000E+01
      vertex 4.470419E+01 1.846895E+01 1.600000E+01
    endloop
  endfacet
  facet normal 2.393162E-01 9.709417E-01 0.000000E+00
    outer loop
      vertex 4.406382E+01 1.880505E+01 2.000000E+01
      vertex 4.406382E+01 1.880505E+01 1.600000E+01
      vertex 4.336161E+01 1.897813E+01 1.600000E+01
    endloop
  endfacet
  facet normal 4.647232E-01 8.854560E-01 0.000000E+00
    outer loop
      vertex 4.406382E+01 1.880505E+01 2.000000E+01
      vertex 4.470419E+01 1.846895E+01 2.000000E+01
      vertex 4.406382E+01 1.880505E+01 1.600000E+01
    endloop
  endfacet
  facet normal 0.000000E+00 1.000000E+00 0.000000E+00
    outer loop
      vertex 4.336161E+01 1.897813E+01 2.000000E+01
      vertex 4.336161E+01 1.897813E+01 1.600000E+01
      vertex 4.263839E+01 1.897813E+01 1.600000E+01
    endloop
  endfacet
  facet normal 2.393162E-01 9.709417E-01 0.000000E+00
    outer loop
      vertex 4.336161E+01 1.897813E+01 2.000000E+01
      vertex 4.406382E+01 1.880505E+01 2.000000E+01
      vertex 4.336161E+01 1.897813E+01 1.600000E+01
    endloop
  endfacet
  facet normal -2.393162E-01 9.709417E-01 0.000000E+00
    outer loop
      vertex 4.263839E+01 1.897813E+01 2.000000E+01
      vertex 4.263839E+01 1.897813E+01 1.600000E+01
      vertex 4.193618E+01 1.880505E+01 1.600000E+01
    endloop
  endfacet
  facet normal -0.000000E+00 1.000000E+00 0.000000E+00
    outer loop
      vertex 4.263839E+01 1.897813E+01 2.000000E+01
      vertex 4.336161E+01 1.897813E+01 2.000000E+01
      vertex 4.263839E+01 1.897813E+01 1.600000E+01
    endloop
  endfacet
  facet normal -4.647232E-01 8.854560E-01 0.000000E+00
    outer loop
      vertex 4.193618E+01 1.880505E+01 2.000000E+01
      vertex 4.193618E+01 1.880505E+01 1.600000E+01
      vertex 4.129581E+01 1.846895E+01 1.600000E+01
    endloop
  endfacet
  facet normal -2.393162E-01 9.709417E-01 0.000000E+00
    outer loop
      vertex 4.193618E+01 1.880505E+01 2.000000E+01
      vertex 4.263839E+01 1.897813E+01 2.000000E+01
      vertex 4.193618E+01 1.880505E+01 1.600000E+01
    endloop
  endfacet
  facet normal -6.631215E-01 7.485119E-01 0.000000E+00
    outer loop
      vertex 4.129581E+01 1.846895E+01 2.000000E+01
      vertex 4.129581E+01 1.846895E+01 1.600000E+01
      vertex 4.075447E+01 1.798937E+01 1.600000E+01
    endloop
  endfacet
  facet normal -4.647232E-01 8.854560E-01 0.000000E+00
    outer loop
      vertex 4.129581E+01 1.846895E+01 2.000000E+01
      vertex 4.193618E+01 1.880505E+01 2.000000E+01
      vertex 4.129581E+01 1.846895E+01 1.600000E+01
    endloop
  endfacet
  facet normal -8.229847E-01 5.680635E-01 0.000000E+00
    outer loop
      vertex 4.075447E+01 1.798937E+01 2.000000E+01
      vertex 4.075447E+01 1.798937E+01 1.600000E+01
      vertex 4.034363E+01 1.739417E+01 1.600000E+01
    endloop
  endfacet
  facet normal -6.631215E-01 7.485119E-01 0.000000E+00
    outer loop
      vertex 4.075447E+01 1.798937E+01 2.000000E+01
      vertex 4.129581E+01 1.846895E+01 2.000000E+01
      vertex 4.075447E+01 1.798937E+01 1.600000E+01
    endloop
  endfacet
  facet normal -9.350157E-01 3.546063E-01 0.000000E+00
    outer loop
      vertex 4.034363E+01 1.739417E+01 2.000000E+01
      vertex 4.034363E+01 1.739417E+01 1.600000E+01
      vertex 4.008717E+01 1.671795E+01 1.600000E+01
    endloop
  endfacet
  facet normal -8.229847E-01 5.680635E-01 0.000000E+00
    outer loop
      vertex 4.034363E+01 1.739417E+01 2.000000E+01
      vertex 4.075447E+01 1.798937E+01 2.000000E+01
      vertex 4.034363E+01 1.739417E+01 1.600000E+01
    endloop
  endfacet
  facet normal -9.350157E-01 3.546063E-01 0.000000E+00
    outer loop
      vertex 4.008717E+01 1.671795E+01 2.000000E+01
      vertex 4.034363E+01 1.739417E+01 2.000000E+01
      vertex 4.008717E+01 1.671795E+01 1.600000E+01
    endloop
  endfacet
  facet normal -9.927090E-01 1.205352E-01 0.000000E+00
    outer loop
      vertex 4.000000E+01 1.600000E+01 2.000000E+01
      vertex 4.008717E+01 1.671795E+01 1.600000E+01
      vertex 4.000000E+01 1.600000E+01 1.600000E+01
    endloop
  endfacet
  facet normal -9.927090E-01 1.205352E-01 0.000000E+00
    outer loop
      vertex 4.000000E+01 1.600000E+01 2.000000E+01
      vertex 4.008717E+01 1.671795E+01 2.000000E+01
      vertex 4.008717E+01 1.671795E+01 1.600000E+01
    endloop
  endfacet
  facet normal 9.927090E-01 1.205355E-01 0.000000E+00
    outer loop
      vertex 8.400000E+01 5.400000E+01 2.000000E+01
      vertex 8.400000E+01 5.400000E+01 1.600000E+01
      vertex 8.391283E+01 5.471795E+01 1.600000E+01
    endloop
  endfacet
  facet normal 9.350143E-01 3.546100E-01 0.000000E+00
    outer loop
      vertex 8.391283E+01 5.471795E+01 2.000000E+01
      vertex 8.391283E+01 5.471795E+01 1.600000E+01
      vertex 8.365636E+01 5.539417E+01 1.600000E+01
    endloop
  endfacet
  facet normal 9.927090E-01 1.205355E-01 0.000000E+00
    outer loop
      vertex 8.391283E+01 5.471795E+01 2.000000E+01
      vertex 8.400000E+01 5.400000E+01 2.000000E+01
      vertex 8.391283E+01 5.471795E+01 1.600000E+01
    endloop
  endfacet
  facet normal 8.229847E-01 5.680635E-01 0.000000E+00
    outer loop
      vertex 8.365636E+01 5.539417E+01 2.000000E+01
      vertex 8.365636E+01 5.539417E+01 1.600000E+01
      vertex 8.324553E+01 5.598937E+01 1.600000E+01
    endloop
  endfacet
  facet normal 9.350143E-01 3.546100E-01 0.000000E+00
    outer loop
      vertex 8.365636E+01 5.539417E+01 2.000000E+01
      vertex 8.391283E+01 5.471795E+01 2.000000E+01
      vertex 8.365636E+01 5.539417E+01 1.600000E+01
    endloop
  endfacet
  facet normal 6.631240E-01 7.485095E-01 0.000000E+00
    outer loop
      vertex 8.324553E+01 5.598937E+01 2.000000E+01
      vertex 8.324553E+01 5.598937E+01 1.600000E+01
      vertex 8.270419E+01 5.646895E+01 1.600000E+01
    endloop
  endfacet
  facet normal 8.229847E-01 5.680635E-01 0.000000E+00
    outer loop
      vertex 8.324553E+01 5.598937E+01 2.000000E+01
      vertex 8.365636E+01 5.539417E+01 2.000000E+01
      vertex 8.324553E+01 5.598937E+01 1.600000E+01
    endloop
  endfacet
  facet normal 4.647231E-01 8.854561E-01 0.000000E+00
    outer loop
      vertex 8.270419E+01 5.646895E+01 2.000000E+01
      vertex 8.270419E+01 5.646895E+01 1.600000E+01
      vertex 8.206381E+01 5.680505E+01 1.600000E+01
    endloop
  endfacet
  facet normal 6.631240E-01 7.485095E-01 0.000000E+00
    outer loop
      vertex 8.270419E+01 5.646895E+01 2.000000E+01
      vertex 8.324553E+01 5.598937E+01 2.000000E+01
      vertex 8.270419E+01 5.646895E+01 1.600000E+01
    endloop
  endfacet
  facet normal 2.393149E-01 9.709420E-01 0.000000E+00
    outer loop
      vertex 8.206381E+01 5.680505E+01 2.000000E+01
      vertex 8.206381E+01 5.680505E+01 1.600000E+01
      vertex 8.136161E+01 5.697813E+01 1.600000E+01
    endloop
  endfacet
  facet normal 4.647231E-01 8.854561E-01 0.000000E+00
    outer loop
      vertex 8.206381E+01 5.680505E+01 2.000000E+01
      vertex 8.270419E+01 5.646895E+01 2.000000E+01
      vertex 8.206381E+01 5.680505E+01 1.600000E+01
    endloop
  endfacet
  facet normal 0.000000E+00 1.000000E+00 0.000000E+00
    outer loop
      vertex 8.136161E+01 5.697813E+01 2.000000E+01
      vertex 8.136161E+01 5.697813E+01 1.600000E+01
      vertex 8.063839E+01 5.697813E+01 1.600000E+01
    endloop
  endfacet
  facet normal 2.393149E-01 9.709420E-01 0.000000E+00
    outer loop
      vertex 8.136161E+01 5.697813E+01 2.000000E+01
      vertex 8.206381E+01 5.680505E+01 2.000000E+01
      vertex 8.136161E+01 5.697813E+01 1.600000E+01
    endloop
  endfacet
  facet normal -2.393149E-01 9.709420E-01 0.000000E+00
    outer loop
      vertex 8.063839E+01 5.697813E+01 2.000000E+01
      vertex 8.063839E+01 5.697813E+01 1.600000E+01
      vertex 7.993619E+01 5.680505E+01 1.600000E+01
    endloop
  endfacet
  facet normal -0.000000E+00 1.000000E+00 0.000000E+00
    outer loop
      vertex 8.063839E+01 5.697813E+01 2.000000E+01
      vertex 8.136161E+01 5.697813E+01 2.000000E+01
      vertex 8.063839E+01 5.697813E+01 1.600000E+01
    endloop
  endfacet
  facet normal -4.647231E-01 8.854561E-01 0.000000E+00
    outer loop
      vertex 7.993619E+01 5.680505E+01 2.000000E+01
      vertex 7.993619E+01 5.680505E+01 1.600000E+01
      vertex 7.929581E+01 5.646895E+01 1.600000E+01
    endloop
  endfacet
  facet normal -2.393149E-01 9.709420E-01 0.000000E+00
    outer loop
      vertex 7.993619E+01 5.680505E+01 2.000000E+01
      vertex 8.063839E+01 5.697813E+01 2.000000E+01
      vertex 7.993619E+01 5.680505E+01 1.600000E+01
    endloop
  endfacet
  facet normal -6.631240E-01 7.485095E-01 0.000000E+00
    outer loop
      vertex 7.929581E+01 5.646895E+01 2.000000E+01
      vertex 7.929581E+01 5.646895E+01 1.600000E+01
      vertex 7.875447E+01 5.598937E+01 1.600000E+01
    endloop
  endfacet
  facet normal -4.647231E-01 8.854561E-01 0.000000E+00
    outer loop
      vertex 7.929581E+01 5.646895E+01 2.000000E+01
      vertex 7.993619E+01 5.680505E+01 2.000000E+01
      vertex 7.929581E+01 5.646895E+01 1.600000E+01
    endloop
  endfacet
  facet normal -6.631240E-01 7.485095E-01 0.000000E+00
    outer loop
      vertex 7.875447E+01 5.598937E+01 2.000000E+01
      vertex 7.929581E+01 5.646895E+01 2.000000E+01
      vertex 7.875447E+01 5.598937E+01 1.600000E+01
    endloop
  endfacet
  facet normal -8.229847E-01 5.680635E-01 0.000000E+00
    outer loop
      vertex 7.834364E+01 5.539417E+01 2.000000E+01
      vertex 7.875447E+01 5.598937E+01 1.600000E+01
      vertex 7.834364E+01 5.539417E+01 1.600000E+01
    endloop
  endfacet
  facet normal -8.229847E-01 5.680635E-01 0.000000E+00
    outer loop
      vertex 7.834364E+01 5.539417E+01 2.000000E+01
      vertex 7.875447E+01 5.598937E+01 2.000000E+01
      vertex 7.875447E+01 5.598937E+01 1.600000E+01
    endloop
  endfacet
  facet normal -9.350143E-01 3.546100E-01 0.000000E+00
    outer loop
      vertex 7.808717E+01 5.471795E+01 2.000000E+01
      vertex 7.834364E+01 5.539417E+01 1.600000E+01
      vertex 7.808717E+01 5.471795E+01 1.600000E+01
    endloop
  endfacet
  facet normal -9.350143E-01 3.546100E-01 0.000000E+00
    outer loop
      vertex 7.808717E+01 5.471795E+01 2.000000E+01
      vertex 7.834364E+01 5.539417E+01 2.000000E+01
      vertex 7.834364E+01 5.539417E+01 1.600000E+01
    endloop
  endfacet
  facet normal -9.927090E-01 1.205355E-01 0.000000E+00
    outer loop
      vertex 7.800000E+01 5.400000E+01 2.000000E+01
      vertex 7.808717E+01 5.471795E+01 1.600000E+01
      vertex 7.800000E+01 5.400000E+01 1.600000E+01
    endloop
  endfacet
  facet normal -9.927090E-01 1.205355E-01 0.000000E+00
    outer loop
      vertex 7.800000E+01 5.400000E+01 2.000000E+01
      vertex 7.808717E+01 5.471795E+01 2.000000E+01
      vertex 7.808717E+01 5.471795E+01 1.600000E+01
    endloop
  endfacet
  facet normal 7.045149E-01 -8.554275E-02 7.045149E-01
    outer loop
      vertex 4.700000E+01 5.400000E+01 1.500000E+01
      vertex 4.600000E+01 5.400000E+01 1.600000E+01
      vertex 4.591283E+01 5.328205E+01 1.600000E+01
    endloop
  endfacet
  facet normal 6.635712E-01 -2.516598E-01 7.045144E-01
    outer loop
      vertex 4.688377E+01 5.304274E+01 1.500000E+01
      vertex 4.591283E+01 5.328205E+01 1.600000E+01
      vertex 4.565637E+01 5.260583E+01 1.600000E+01
    endloop
  endfacet
  facet normal 7.045153E-01 -8.554434E-02 7.045142E-01
    outer loop
      vertex 4.688377E+01 5.304274E+01 1.500000E+01
      vertex 4.700000E+01 5.400000E+01 1.500000E+01
      vertex 4.591283E+01 5.328205E+01 1.600000E+01
    endloop
  endfacet
  facet normal 5.840630E-01 -4.031483E-01 7.045154E-01
    outer loop
      vertex 4.654182E+01 5.214111E+01 1.500000E+01
      vertex 4.565637E+01 5.260583E+01 1.600000E+01
      vertex 4.524553E+01 5.201063E+01 1.600000E+01
    endloop
  endfacet
  facet normal 6.635711E-01 -2.516582E-01 7.045151E-01
    outer loop
      vertex 4.654182E+01 5.214111E+01 1.500000E+01
      vertex 4.688377E+01 5.304274E+01 1.500000E+01
      vertex 4.565637E+01 5.260583E+01 1.600000E+01
    endloop
  endfacet
  facet normal 4.706103E-01 -5.312110E-01 7.045146E-01
    outer loop
      vertex 4.599404E+01 5.134751E+01 1.500000E+01
      vertex 4.524553E+01 5.201063E+01 1.600000E+01
      vertex 4.470419E+01 5.153105E+01 1.600000E+01
    endloop
  endfacet
  facet normal 5.840625E-01 -4.031504E-01 7.045145E-01
    outer loop
      vertex 4.599404E+01 5.134751E+01 1.500000E+01
      vertex 4.654182E+01 5.214111E+01 1.500000E+01
      vertex 4.524553E+01 5.201063E+01 1.600000E+01
    endloop
  endfacet
  facet normal 3.298106E-01 -6.283980E-01 7.045148E-01
    outer loop
      vertex 4.527226E+01 5.070807E+01 1.500000E+01
      vertex 4.470419E+01 5.153105E+01 1.600000E+01
      vertex 4.406382E+01 5.119495E+01 1.600000E+01
    endloop
  endfacet
  facet normal 4.706106E-01 -5.312105E-01 7.045148E-01
    outer loop
      vertex 4.527226E+01 5.070807E+01 1.500000E+01
      vertex 4.599404E+01 5.134751E+01 1.500000E+01
      vertex 4.470419E+01 5.153105E+01 1.600000E+01
    endloop
  endfacet
  facet normal 1.698384E-01 -6.890675E-01 7.045147E-01
    outer loop
      vertex 4.441842E+01 5.025993E+01 1.500000E+01
      vertex 4.406382E+01 5.119495E+01 1.600000E+01
      vertex 4.336161E+01 5.102187E+01 1.600000E+01
    endloop
  endfacet
  facet normal 3.298102E-01 -6.283983E-01 7.045146E-01
    outer loop
      vertex 4.441842E+01 5.025993E+01 1.500000E+01
      vertex 4.527226E+01 5.070807E+01 1.500000E+01
      vertex 4.406382E+01 5.119495E+01 1.600000E+01
    endloop
  endfacet
  facet normal 0.000000E+00 -7.096888E-01 7.045153E-01
    outer loop
      vertex 4.348215E+01 5.002916E+01 1.500000E+01
      vertex 4.336161E+01 5.102187E+01 1.600000E+01
      vertex 4.263839E+01 5.102187E+01 1.600000E+01
    endloop
  endfacet
  facet normal 1.698396E-01 -6.890666E-01 7.045153E-01
    outer loop
      vertex 4.348215E+01 5.002916E+01 1.500000E+01
      vertex 4.441842E+01 5.025993E+01 1.500000E+01
      vertex 4.336161E+01 5.102187E+01 1.600000E+01
    endloop
  endfacet
  facet normal -1.698382E-01 -6.890668E-01 7.045153E-01
    outer loop
      vertex 4.251785E+01 5.002916E+01 1.500000E+01
      vertex 4.263839E+01 5.102187E+01 1.600000E+01
      vertex 4.193618E+01 5.119495E+01 1.600000E+01
    endloop
  endfacet
  facet normal 0.000000E+00 -7.096888E-01 7.045153E-01
    outer loop
      vertex 4.251785E+01 5.002916E+01 1.500000E+01
      vertex 4.348215E+01 5.002916E+01 1.500000E+01
      vertex 4.263839E+01 5.102187E+01 1.600000E+01
    endloop
  endfacet
  facet normal -3.298106E-01 -6.283981E-01 7.045145E-01
    outer loop
      vertex 4.158158E+01 5.025993E+01 1.500000E+01
      vertex 4.193618E+01 5.119495E+01 1.600000E+01
      vertex 4.129581E+01 5.153105E+01 1.600000E+01
    endloop
  endfacet
  facet normal -1.698397E-01 -6.890671E-01 7.045148E-01
    outer loop
      vertex 4.158158E+01 5.025993E+01 1.500000E+01
      vertex 4.251785E+01 5.002916E+01 1.500000E+01
      vertex 4.193618E+01 5.119495E+01 1.600000E+01
    endloop
  endfacet
  facet normal -4.706102E-01 -5.312108E-01 7.045148E-01
    outer loop
      vertex 4.072774E+01 5.070807E+01 1.500000E+01
      vertex 4.129581E+01 5.153105E+01 1.600000E+01
      vertex 4.075447E+01 5.201063E+01 1.600000E+01
    endloop
  endfacet
  facet normal -3.298101E-01 -6.283982E-01 7.045147E-01
    outer loop
      vertex 4.072774E+01 5.070807E+01 1.500000E+01
      vertex 4.158158E+01 5.025993E+01 1.500000E+01
      vertex 4.129581E+01 5.153105E+01 1.600000E+01
    endloop
  endfacet
  facet normal -5.840638E-01 -4.031488E-01 7.045144E-01
    outer loop
      vertex 4.000596E+01 5.134751E+01 1.500000E+01
      vertex 4.075447E+01 5.201063E+01 1.600000E+01
      vertex 4.034363E+01 5.260583E+01 1.600000E+01
    endloop
  endfacet
  facet normal -4.706106E-01 -5.312106E-01 7.045146E-01
    outer loop
      vertex 4.000596E+01 5.134751E+01 1.500000E+01
      vertex 4.072774E+01 5.070807E+01 1.500000E+01
      vertex 4.075447E+01 5.201063E+01 1.600000E+01
    endloop
  endfacet
  facet normal -6.635705E-01 -2.516595E-01 7.045152E-01
    outer loop
      vertex 3.945818E+01 5.214111E+01 1.500000E+01
      vertex 4.034363E+01 5.260583E+01 1.600000E+01
      vertex 4.008717E+01 5.328205E+01 1.600000E+01
    endloop
  endfacet
  facet normal -5.840619E-01 -4.031500E-01 7.045152E-01
    outer loop
      vertex 3.945818E+01 5.214111E+01 1.500000E+01
      vertex 4.000596E+01 5.134751E+01 1.500000E+01
      vertex 4.034363E+01 5.260583E+01 1.600000E+01
    endloop
  endfacet
  facet normal -7.045156E-01 -8.554284E-02 7.045141E-01
    outer loop
      vertex 3.911623E+01 5.304274E+01 1.500000E+01
      vertex 4.008717E+01 5.328205E+01 1.600000E+01
      vertex 4.000000E+01 5.400000E+01 1.600000E+01
    endloop
  endfacet
  facet normal -6.635717E-01 -2.516584E-01 7.045146E-01
    outer loop
      vertex 3.911623E+01 5.304274E+01 1.500000E+01
      vertex 3.945818E+01 5.214111E+01 1.500000E+01
      vertex 4.008717E+01 5.328205E+01 1.600000E+01
    endloop
  endfacet
  facet normal -7.045148E-01 -8.554428E-02 7.045148E-01
    outer loop
      vertex 3.900000E+01 5.400000E+01 1.500000E+01
      vertex 3.911623E+01 5.304274E+01 1.500000E+01
      vertex 4.000000E+01 5.400000E+01 1.600000E+01
    endloop
  endfacet
  facet normal 7.045149E-01 -8.554253E-02 7.045149E-01
    outer loop
      vertex 8.500000E+01 1.600000E+01 1.500000E+01
      vertex 8.400000E+01 1.600000E+01 1.600000E+01
      vertex 8.391283E+01 1.528205E+01 1.600000E+01
    endloop
  endfacet
  facet normal 6.635704E-01 -2.516636E-01 7.045139E-01
    outer loop
      vertex 8.488377E+01 1.504274E+01 1.500000E+01
      vertex 8.391283E+01 1.528205E+01 1.600000E+01
      vertex 8.365636E+01 1.460583E+01 1.600000E+01
    endloop
  endfacet
  facet normal 7.045155E-01 -8.554444E-02 7.045141E-01
    outer loop
      vertex 8.488377E+01 1.504274E+01 1.500000E+01
      vertex 8.500000E+01 1.600000E+01 1.500000E+01
      vertex 8.391283E+01 1.528205E+01 1.600000E+01
    endloop
  endfacet
  facet normal 5.840623E-01 -4.031484E-01 7.045159E-01
    outer loop
      vertex 8.454182E+01 1.414111E+01 1.500000E+01
      vertex 8.365636E+01 1.460583E+01 1.600000E+01
      vertex 8.324553E+01 1.401063E+01 1.600000E+01
    endloop
  endfacet
  facet normal 6.635702E-01 -2.516581E-01 7.045161E-01
    outer loop
      vertex 8.454182E+01 1.414111E+01 1.500000E+01
      vertex 8.488377E+01 1.504274E+01 1.500000E+01
      vertex 8.365636E+01 1.460583E+01 1.600000E+01
    endloop
  endfacet
  facet normal 4.706114E-01 -5.312094E-01 7.045151E-01
    outer loop
      vertex 8.399404E+01 1.334751E+01 1.500000E+01
      vertex 8.324553E+01 1.401063E+01 1.600000E+01
      vertex 8.270419E+01 1.353105E+01 1.600000E+01
    endloop
  endfacet
  facet normal 5.840619E-01 -4.031501E-01 7.045153E-01
    outer loop
      vertex 8.399404E+01 1.334751E+01 1.500000E+01
      vertex 8.454182E+01 1.414111E+01 1.500000E+01
      vertex 8.324553E+01 1.401063E+01 1.600000E+01
    endloop
  endfacet
  facet normal 3.298085E-01 -6.283978E-01 7.045158E-01
    outer loop
      vertex 8.327226E+01 1.270806E+01 1.500000E+01
      vertex 8.270419E+01 1.353105E+01 1.600000E+01
      vertex 8.206381E+01 1.319495E+01 1.600000E+01
    endloop
  endfacet
  facet normal 4.706123E-01 -5.312073E-01 7.045161E-01
    outer loop
      vertex 8.327226E+01 1.270806E+01 1.500000E+01
      vertex 8.399404E+01 1.334751E+01 1.500000E+01
      vertex 8.270419E+01 1.353105E+01 1.600000E+01
    endloop
  endfacet
  facet normal 1.698401E-01 -6.890670E-01 7.045148E-01
    outer loop
      vertex 8.241842E+01 1.225994E+01 1.500000E+01
      vertex 8.206381E+01 1.319495E+01 1.600000E+01
      vertex 8.136161E+01 1.302187E+01 1.600000E+01
    endloop
  endfacet
  facet normal 3.298072E-01 -6.283994E-01 7.045151E-01
    outer loop
      vertex 8.241842E+01 1.225994E+01 1.500000E+01
      vertex 8.327226E+01 1.270806E+01 1.500000E+01
      vertex 8.206381E+01 1.319495E+01 1.600000E+01
    endloop
  endfacet
  facet normal 0.000000E+00 -7.096891E-01 7.045149E-01
    outer loop
      vertex 8.148215E+01 1.202916E+01 1.500000E+01
      vertex 8.136161E+01 1.302187E+01 1.600000E+01
      vertex 8.063839E+01 1.302187E+01 1.600000E+01
    endloop
  endfacet
  facet normal 1.698403E-01 -6.890668E-01 7.045149E-01
    outer loop
      vertex 8.148215E+01 1.202916E+01 1.500000E+01
      vertex 8.241842E+01 1.225994E+01 1.500000E+01
      vertex 8.136161E+01 1.302187E+01 1.600000E+01
    endloop
  endfacet
  facet normal -1.698401E-01 -6.890668E-01 7.045149E-01
    outer loop
      vertex 8.051785E+01 1.202916E+01 1.500000E+01
      vertex 8.063839E+01 1.302187E+01 1.600000E+01
      vertex 7.993619E+01 1.319495E+01 1.600000E+01
    endloop
  endfacet
  facet normal 0.000000E+00 -7.096891E-01 7.045149E-01
    outer loop
      vertex 8.051785E+01 1.202916E+01 1.500000E+01
      vertex 8.148215E+01 1.202916E+01 1.500000E+01
      vertex 8.063839E+01 1.302187E+01 1.600000E+01
    endloop
  endfacet
  facet normal -3.298089E-01 -6.283985E-01 7.045149E-01
    outer loop
      vertex 7.958158E+01 1.225994E+01 1.500000E+01
      vertex 7.993619E+01 1.319495E+01 1.600000E+01
      vertex 7.929581E+01 1.353105E+01 1.600000E+01
    endloop
  endfacet
  facet normal -1.698403E-01 -6.890669E-01 7.045149E-01
    outer loop
      vertex 7.958158E+01 1.225994E+01 1.500000E+01
      vertex 8.051785E+01 1.202916E+01 1.500000E+01
      vertex 7.993619E+01 1.319495E+01 1.600000E+01
    endloop
  endfacet
  facet normal -4.706106E-01 -5.312086E-01 7.045161E-01
    outer loop
      vertex 7.872774E+01 1.270806E+01 1.500000E+01
      vertex 7.929581E+01 1.353105E+01 1.600000E+01
      vertex 7.875447E+01 1.401063E+01 1.600000E+01
    endloop
  endfacet
  facet normal -3.298069E-01 -6.283988E-01 7.045158E-01
    outer loop
      vertex 7.872774E+01 1.270806E+01 1.500000E+01
      vertex 7.958158E+01 1.225994E+01 1.500000E+01
      vertex 7.929581E+01 1.353105E+01 1.600000E+01
    endloop
  endfacet
  facet normal -5.840629E-01 -4.031488E-01 7.045152E-01
    outer loop
      vertex 7.800596E+01 1.334751E+01 1.500000E+01
      vertex 7.875447E+01 1.401063E+01 1.600000E+01
      vertex 7.834364E+01 1.460583E+01 1.600000E+01
    endloop
  endfacet
  facet normal -4.706129E-01 -5.312079E-01 7.045152E-01
    outer loop
      vertex 7.800596E+01 1.334751E+01 1.500000E+01
      vertex 7.872774E+01 1.270806E+01 1.500000E+01
      vertex 7.875447E+01 1.401063E+01 1.600000E+01
    endloop
  endfacet
  facet normal -6.635681E-01 -2.516627E-01 7.045162E-01
    outer loop
      vertex 7.745818E+01 1.414111E+01 1.500000E+01
      vertex 7.834364E+01 1.460583E+01 1.600000E+01
      vertex 7.808717E+01 1.528205E+01 1.600000E+01
    endloop
  endfacet
  facet normal -5.840614E-01 -4.031497E-01 7.045158E-01
    outer loop
      vertex 7.745818E+01 1.414111E+01 1.500000E+01
      vertex 7.800596E+01 1.334751E+01 1.500000E+01
      vertex 7.834364E+01 1.460583E+01 1.600000E+01
    endloop
  endfacet
  facet normal -7.045158E-01 -8.554263E-02 7.045140E-01
    outer loop
      vertex 7.711623E+01 1.504274E+01 1.500000E+01
      vertex 7.808717E+01 1.528205E+01 1.600000E+01
      vertex 7.800000E+01 1.600000E+01 1.600000E+01
    endloop
  endfacet
  facet normal -6.635719E-01 -2.516588E-01 7.045142E-01
    outer loop
      vertex 7.711623E+01 1.504274E+01 1.500000E+01
      vertex 7.745818E+01 1.414111E+01 1.500000E+01
      vertex 7.808717E+01 1.528205E+01 1.600000E+01
    endloop
  endfacet
  facet normal -7.045148E-01 -8.554436E-02 7.045148E-01
    outer loop
      vertex 7.700000E+01 1.600000E+01 1.500000E+01
      vertex 7.711623E+01 1.504274E+01 1.500000E+01
      vertex 7.800000E+01 1.600000E+01 1.600000E+01
    endloop
  endfacet
  facet normal 7.045149E-01 -8.554253E-02 7.045149E-01
    outer loop
      vertex 4.700000E+01 1.600000E+01 1.500000E+01
      vertex 4.600000E+01 1.600000E+01 1.600000E+01
      vertex 4.591283E+01 1.528205E+01 1.600000E+01
    endloop
  endfacet
  facet normal 6.635715E-01 -2.516603E-01 7.045141E-01
    outer loop
      vertex 4.688377E+01 1.504274E+01 1.500000E+01
      vertex 4.591283E+01 1.528205E+01 1.600000E+01
      vertex 4.565637E+01 1.460583E+01 1.600000E+01
    endloop
  endfacet
  facet normal 7.045155E-01 -8.554444E-02 7.045141E-01
    outer loop
      vertex 4.688377E+01 1.504274E+01 1.500000E+01
      vertex 4.700000E+01 1.600000E+01 1.500000E+01
      vertex 4.591283E+01 1.528205E+01 1.600000E+01
    endloop
  endfacet
  facet normal 5.840632E-01 -4.031490E-01 7.045148E-01
    outer loop
      vertex 4.654182E+01 1.414111E+01 1.500000E+01
      vertex 4.565637E+01 1.460583E+01 1.600000E+01
      vertex 4.524553E+01 1.401063E+01 1.600000E+01
    endloop
  endfacet
  facet normal 6.635714E-01 -2.516586E-01 7.045147E-01
    outer loop
      vertex 4.654182E+01 1.414111E+01 1.500000E+01
      vertex 4.688377E+01 1.504274E+01 1.500000E+01
      vertex 4.565637E+01 1.460583E+01 1.600000E+01
    endloop
  endfacet
  facet normal 4.706102E-01 -5.312119E-01 7.045141E-01
    outer loop
      vertex 4.599404E+01 1.334751E+01 1.500000E+01
      vertex 4.524553E+01 1.401063E+01 1.600000E+01
      vertex 4.470419E+01 1.353105E+01 1.600000E+01
    endloop
  endfacet
  facet normal 5.840629E-01 -4.031507E-01 7.045141E-01
    outer loop
      vertex 4.599404E+01 1.334751E+01 1.500000E+01
      vertex 4.654182E+01 1.414111E+01 1.500000E+01
      vertex 4.524553E+01 1.401063E+01 1.600000E+01
    endloop
  endfacet
  facet normal 3.298103E-01 -6.283974E-01 7.045153E-01
    outer loop
      vertex 4.527226E+01 1.270806E+01 1.500000E+01
      vertex 4.470419E+01 1.353105E+01 1.600000E+01
      vertex 4.406382E+01 1.319495E+01 1.600000E+01
    endloop
  endfacet
  facet normal 4.706115E-01 -5.312092E-01 7.045152E-01
    outer loop
      vertex 4.527226E+01 1.270806E+01 1.500000E+01
      vertex 4.599404E+01 1.334751E+01 1.500000E+01
      vertex 4.470419E+01 1.353105E+01 1.600000E+01
    endloop
  endfacet
  facet normal 1.698393E-01 -6.890675E-01 7.045144E-01
    outer loop
      vertex 4.441842E+01 1.225994E+01 1.500000E+01
      vertex 4.406382E+01 1.319495E+01 1.600000E+01
      vertex 4.336161E+01 1.302187E+01 1.600000E+01
    endloop
  endfacet
  facet normal 3.298087E-01 -6.283994E-01 7.045143E-01
    outer loop
      vertex 4.441842E+01 1.225994E+01 1.500000E+01
      vertex 4.527226E+01 1.270806E+01 1.500000E+01
      vertex 4.406382E+01 1.319495E+01 1.600000E+01
    endloop
  endfacet
  facet normal 0.000000E+00 -7.096891E-01 7.045149E-01
    outer loop
      vertex 4.348215E+01 1.202916E+01 1.500000E+01
      vertex 4.336161E+01 1.302187E+01 1.600000E+01
      vertex 4.263839E+01 1.302187E+01 1.600000E+01
    endloop
  endfacet
  facet normal 1.698403E-01 -6.890668E-01 7.045149E-01
    outer loop
      vertex 4.348215E+01 1.202916E+01 1.500000E+01
      vertex 4.441842E+01 1.225994E+01 1.500000E+01
      vertex 4.336161E+01 1.302187E+01 1.600000E+01
    endloop
  endfacet
  facet normal -1.698392E-01 -6.890669E-01 7.045149E-01
    outer loop
      vertex 4.251785E+01 1.202916E+01 1.500000E+01
      vertex 4.263839E+01 1.302187E+01 1.600000E+01
      vertex 4.193618E+01 1.319495E+01 1.600000E+01
    endloop
  endfacet
  facet normal 0.000000E+00 -7.096891E-01 7.045149E-01
    outer loop
      vertex 4.251785E+01 1.202916E+01 1.500000E+01
      vertex 4.348215E+01 1.202916E+01 1.500000E+01
      vertex 4.263839E+01 1.302187E+01 1.600000E+01
    endloop
  endfacet
  facet normal -3.298108E-01 -6.283984E-01 7.045142E-01
    outer loop
      vertex 4.158158E+01 1.225994E+01 1.500000E+01
      vertex 4.193618E+01 1.319495E+01 1.600000E+01
      vertex 4.129581E+01 1.353105E+01 1.600000E+01
    endloop
  endfacet
  facet normal -1.698404E-01 -6.890672E-01 7.045145E-01
    outer loop
      vertex 4.158158E+01 1.225994E+01 1.500000E+01
      vertex 4.251785E+01 1.202916E+01 1.500000E+01
      vertex 4.193618E+01 1.319495E+01 1.600000E+01
    endloop
  endfacet
  facet normal -4.706093E-01 -5.312108E-01 7.045153E-01
    outer loop
      vertex 4.072774E+01 1.270806E+01 1.500000E+01
      vertex 4.129581E+01 1.353105E+01 1.600000E+01
      vertex 4.075447E+01 1.401063E+01 1.600000E+01
    endloop
  endfacet
  facet normal -3.298083E-01 -6.283986E-01 7.045152E-01
    outer loop
      vertex 4.072774E+01 1.270806E+01 1.500000E+01
      vertex 4.158158E+01 1.225994E+01 1.500000E+01
      vertex 4.129581E+01 1.353105E+01 1.600000E+01
    endloop
  endfacet
  facet normal -5.840637E-01 -4.031494E-01 7.045140E-01
    outer loop
      vertex 4.000596E+01 1.334751E+01 1.500000E+01
      vertex 4.075447E+01 1.401063E+01 1.600000E+01
      vertex 4.034363E+01 1.460583E+01 1.600000E+01
    endloop
  endfacet
  facet normal -4.706121E-01 -5.312099E-01 7.045142E-01
    outer loop
      vertex 4.000596E+01 1.334751E+01 1.500000E+01
      vertex 4.072774E+01 1.270806E+01 1.500000E+01
      vertex 4.075447E+01 1.401063E+01 1.600000E+01
    endloop
  endfacet
  facet normal -6.635707E-01 -2.516600E-01 7.045149E-01
    outer loop
      vertex 3.945818E+01 1.414111E+01 1.500000E+01
      vertex 4.034363E+01 1.460583E+01 1.600000E+01
      vertex 4.008717E+01 1.528205E+01 1.600000E+01
    endloop
  endfacet
  facet normal -5.840624E-01 -4.031503E-01 7.045147E-01
    outer loop
      vertex 3.945818E+01 1.414111E+01 1.500000E+01
      vertex 4.000596E+01 1.334751E+01 1.500000E+01
      vertex 4.034363E+01 1.460583E+01 1.600000E+01
    endloop
  endfacet
  facet normal -7.045158E-01 -8.554263E-02 7.045140E-01
    outer loop
      vertex 3.911623E+01 1.504274E+01 1.500000E+01
      vertex 4.008717E+01 1.528205E+01 1.600000E+01
      vertex 4.000000E+01 1.600000E+01 1.600000E+01
    endloop
  endfacet
  facet normal -6.635719E-01 -2.516588E-01 7.045142E-01
    outer loop
      vertex 3.911623E+01 1.504274E+01 1.500000E+01
      vertex 3.945818E+01 1.414111E+01 1.500000E+01
      vertex 4.008717E+01 1.528205E+01 1.600000E+01
    endloop
  endfacet
  facet normal -7.045148E-01 -8.554436E-02 7.045148E-01
    outer loop
      vertex 3.900000E+01 1.600000E+01 1.500000E+01
      vertex 3.911623E+01 1.504274E+01 1.500000E+01
      vertex 4.000000E+01 1.600000E+01 1.600000E+01
    endloop
  endfacet
  facet normal 7.045149E-01 -8.554275E-02 7.045149E-01
    outer loop
      vertex 8.500000E+01 5.400000E+01 1.500000E+01
      vertex 8.400000E+01 5.400000E+01 1.600000E+01
      vertex 8.391283E+01 5.328205E+01 1.600000E+01
    endloop
  endfacet
  facet normal 6.635701E-01 -2.516631E-01 7.045143E-01
    outer loop
      vertex 8.488377E+01 5.304274E+01 1.500000E+01
      vertex 8.391283E+01 5.328205E+01 1.600000E+01
      vertex 8.365636E+01 5.260583E+01 1.600000E+01
    endloop
  endfacet
  facet normal 7.045153E-01 -8.554434E-02 7.045142E-01
    outer loop
      vertex 8.488377E+01 5.304274E+01 1.500000E+01
      vertex 8.500000E+01 5.400000E+01 1.500000E+01
      vertex 8.391283E+01 5.328205E+01 1.600000E+01
    endloop
  endfacet
  facet normal 5.840620E-01 -4.031476E-01 7.045165E-01
    outer loop
      vertex 8.454182E+01 5.214111E+01 1.500000E+01
      vertex 8.365636E+01 5.260583E+01 1.600000E+01
      vertex 8.324553E+01 5.201063E+01 1.600000E+01
    endloop
  endfacet
  facet normal 6.635699E-01 -2.516578E-01 7.045164E-01
    outer loop
      vertex 8.454182E+01 5.214111E+01 1.500000E+01
      vertex 8.488377E+01 5.304274E+01 1.500000E+01
      vertex 8.365636E+01 5.260583E+01 1.600000E+01
    endloop
  endfacet
  facet normal 4.706115E-01 -5.312086E-01 7.045157E-01
    outer loop
      vertex 8.399404E+01 5.134751E+01 1.500000E+01
      vertex 8.324553E+01 5.201063E+01 1.600000E+01
      vertex 8.270419E+01 5.153105E+01 1.600000E+01
    endloop
  endfacet
  facet normal 5.840616E-01 -4.031498E-01 7.045156E-01
    outer loop
      vertex 8.399404E+01 5.134751E+01 1.500000E+01
      vertex 8.454182E+01 5.214111E+01 1.500000E+01
      vertex 8.324553E+01 5.201063E+01 1.600000E+01
    endloop
  endfacet
  facet normal 3.298088E-01 -6.283984E-01 7.045153E-01
    outer loop
      vertex 8.327226E+01 5.070807E+01 1.500000E+01
      vertex 8.270419E+01 5.153105E+01 1.600000E+01
      vertex 8.206381E+01 5.119495E+01 1.600000E+01
    endloop
  endfacet
  facet normal 4.706115E-01 -5.312087E-01 7.045156E-01
    outer loop
      vertex 8.327226E+01 5.070807E+01 1.500000E+01
      vertex 8.399404E+01 5.134751E+01 1.500000E+01
      vertex 8.270419E+01 5.153105E+01 1.600000E+01
    endloop
  endfacet
  facet normal 1.698392E-01 -6.890669E-01 7.045151E-01
    outer loop
      vertex 8.241842E+01 5.025993E+01 1.500000E+01
      vertex 8.206381E+01 5.119495E+01 1.600000E+01
      vertex 8.136161E+01 5.102187E+01 1.600000E+01
    endloop
  endfacet
  facet normal 3.298087E-01 -6.283983E-01 7.045152E-01
    outer loop
      vertex 8.241842E+01 5.025993E+01 1.500000E+01
      vertex 8.327226E+01 5.070807E+01 1.500000E+01
      vertex 8.206381E+01 5.119495E+01 1.600000E+01
    endloop
  endfacet
  facet normal 0.000000E+00 -7.096888E-01 7.045153E-01
    outer loop
      vertex 8.148215E+01 5.002916E+01 1.500000E+01
      vertex 8.136161E+01 5.102187E+01 1.600000E+01
      vertex 8.063839E+01 5.102187E+01 1.600000E+01
    endloop
  endfacet
  facet normal 1.698396E-01 -6.890666E-01 7.045153E-01
    outer loop
      vertex 8.148215E+01 5.002916E+01 1.500000E+01
      vertex 8.241842E+01 5.025993E+01 1.500000E+01
      vertex 8.136161E+01 5.102187E+01 1.600000E+01
    endloop
  endfacet
  facet normal -1.698391E-01 -6.890666E-01 7.045153E-01
    outer loop
      vertex 8.051785E+01 5.002916E+01 1.500000E+01
      vertex 8.063839E+01 5.102187E+01 1.600000E+01
      vertex 7.993619E+01 5.119495E+01 1.600000E+01
    endloop
  endfacet
  facet normal 0.000000E+00 -7.096888E-01 7.045153E-01
    outer loop
      vertex 8.051785E+01 5.002916E+01 1.500000E+01
      vertex 8.148215E+01 5.002916E+01 1.500000E+01
      vertex 8.063839E+01 5.102187E+01 1.600000E+01
    endloop
  endfacet
  facet normal -3.298088E-01 -6.283984E-01 7.045153E-01
    outer loop
      vertex 7.958158E+01 5.025993E+01 1.500000E+01
      vertex 7.993619E+01 5.119495E+01 1.600000E+01
      vertex 7.929581E+01 5.153105E+01 1.600000E+01
    endloop
  endfacet
  facet normal -1.698396E-01 -6.890668E-01 7.045151E-01
    outer loop
      vertex 7.958158E+01 5.025993E+01 1.500000E+01
      vertex 8.051785E+01 5.002916E+01 1.500000E+01
      vertex 7.993619E+01 5.119495E+01 1.600000E+01
    endloop
  endfacet
  facet normal -4.706116E-01 -5.312086E-01 7.045156E-01
    outer loop
      vertex 7.872774E+01 5.070807E+01 1.500000E+01
      vertex 7.929581E+01 5.153105E+01 1.600000E+01
      vertex 7.875447E+01 5.201063E+01 1.600000E+01
    endloop
  endfacet
  facet normal -3.298087E-01 -6.283983E-01 7.045152E-01
    outer loop
      vertex 7.872774E+01 5.070807E+01 1.500000E+01
      vertex 7.958158E+01 5.025993E+01 1.500000E+01
      vertex 7.929581E+01 5.153105E+01 1.600000E+01
    endloop
  endfacet
  facet normal -5.840629E-01 -4.031482E-01 7.045155E-01
    outer loop
      vertex 7.800596E+01 5.134751E+01 1.500000E+01
      vertex 7.875447E+01 5.201063E+01 1.600000E+01
      vertex 7.834364E+01 5.260583E+01 1.600000E+01
    endloop
  endfacet
  facet normal -4.706114E-01 -5.312086E-01 7.045157E-01
    outer loop
      vertex 7.800596E+01 5.134751E+01 1.500000E+01
      vertex 7.872774E+01 5.070807E+01 1.500000E+01
      vertex 7.875447E+01 5.201063E+01 1.600000E+01
    endloop
  endfacet
  facet normal -6.635679E-01 -2.516623E-01 7.045166E-01
    outer loop
      vertex 7.745818E+01 5.214111E+01 1.500000E+01
      vertex 7.834364E+01 5.260583E+01 1.600000E+01
      vertex 7.808717E+01 5.328205E+01 1.600000E+01
    endloop
  endfacet
  facet normal -5.840610E-01 -4.031494E-01 7.045164E-01
    outer loop
      vertex 7.745818E+01 5.214111E+01 1.500000E+01
      vertex 7.800596E+01 5.134751E+01 1.500000E+01
      vertex 7.834364E+01 5.260583E+01 1.600000E+01
    endloop
  endfacet
  facet normal -7.045156E-01 -8.554284E-02 7.045141E-01
    outer loop
      vertex 7.711623E+01 5.304274E+01 1.500000E+01
      vertex 7.808717E+01 5.328205E+01 1.600000E+01
      vertex 7.800000E+01 5.400000E+01 1.600000E+01
    endloop
  endfacet
  facet normal -6.635717E-01 -2.516584E-01 7.045146E-01
    outer loop
      vertex 7.711623E+01 5.304274E+01 1.500000E+01
      vertex 7.745818E+01 5.214111E+01 1.500000E+01
      vertex 7.808717E+01 5.328205E+01 1.600000E+01
    endloop
  endfacet
  facet normal -7.045148E-01 -8.554428E-02 7.045148E-01
    outer loop
      vertex 7.700000E+01 5.400000E+01 1.500000E+01
      vertex 7.711623E+01 5.304274E+01 1.500000E+01
      vertex 7.800000E+01 5.400000E+01 1.600000E+01
    endloop
  endfacet
  facet normal -9.970179E-01 -7.716922E-02 0.000000E+00
    outer loop
      vertex 9.020000E+01 1.000000E+01 1.340000E+01
      vertex 9.018570E+01 1.018472E+01 1.500000E+01
      vertex 9.018570E+01 1.018472E+01 1.340000E+01
    endloop
  endfacet
  facet normal -9.970179E-01 -7.716922E-02 -0.000000E+00
    outer loop
      vertex 9.020000E+01 1.000000E+01 1.500000E+01
      vertex 9.018570E+01 1.018472E+01 1.500000E+01
      vertex 9.020000E+01 1.000000E+01 1.340000E+01
    endloop
  endfacet
  facet normal -9.732433E-01 -2.297772E-01 0.000000E+00
    outer loop
      vertex 9.018570E+01 1.018472E+01 1.340000E+01
      vertex 9.014313E+01 1.036504E+01 1.500000E+01
      vertex 9.014313E+01 1.036504E+01 1.340000E+01
    endloop
  endfacet
  facet normal -9.732433E-01 -2.297772E-01 -0.000000E+00
    outer loop
      vertex 9.018570E+01 1.018472E+01 1.500000E+01
      vertex 9.014313E+01 1.036504E+01 1.500000E+01
      vertex 9.018570E+01 1.018472E+01 1.340000E+01
    endloop
  endfacet
  facet normal -9.262832E-01 -3.768281E-01 0.000000E+00
    outer loop
      vertex 9.014313E+01 1.036504E+01 1.340000E+01
      vertex 9.007331E+01 1.053666E+01 1.500000E+01
      vertex 9.007331E+01 1.053666E+01 1.340000E+01
    endloop
  endfacet
  facet normal -9.262832E-01 -3.768281E-01 -0.000000E+00
    outer loop
      vertex 9.014313E+01 1.036504E+01 1.500000E+01
      vertex 9.007331E+01 1.053666E+01 1.500000E+01
      vertex 9.014313E+01 1.036504E+01 1.340000E+01
    endloop
  endfacet
  facet normal -8.335075E-01 -5.525082E-01 0.000000E+00
    outer loop
      vertex 9.007331E+01 1.053666E+01 1.340000E+01
      vertex 8.991230E+01 1.077956E+01 1.500000E+01
      vertex 8.991230E+01 1.077956E+01 1.340000E+01
    endloop
  endfacet
  facet normal -8.335075E-01 -5.525082E-01 -0.000000E+00
    outer loop
      vertex 9.007331E+01 1.053666E+01 1.500000E+01
      vertex 8.991230E+01 1.077956E+01 1.500000E+01
      vertex 9.007331E+01 1.053666E+01 1.340000E+01
    endloop
  endfacet
  facet normal -6.757489E-01 -7.371318E-01 0.000000E+00
    outer loop
      vertex 8.991230E+01 1.077956E+01 1.340000E+01
      vertex 8.969749E+01 1.097648E+01 1.500000E+01
      vertex 8.969749E+01 1.097648E+01 1.340000E+01
    endloop
  endfacet
  facet normal -6.757489E-01 -7.371318E-01 -0.000000E+00
    outer loop
      vertex 8.991230E+01 1.077956E+01 1.500000E+01
      vertex 8.969749E+01 1.097648E+01 1.500000E+01
      vertex 8.991230E+01 1.077956E+01 1.340000E+01
    endloop
  endfacet
  facet normal -4.781274E-01 -8.782905E-01 0.000000E+00
    outer loop
      vertex 8.969749E+01 1.097648E+01 1.340000E+01
      vertex 8.944154E+01 1.111582E+01 1.500000E+01
      vertex 8.944154E+01 1.111582E+01 1.340000E+01
    endloop
  endfacet
  facet normal -4.781274E-01 -8.782905E-01 -0.000000E+00
    outer loop
      vertex 8.969749E+01 1.097648E+01 1.500000E+01
      vertex 8.944154E+01 1.111582E+01 1.500000E+01
      vertex 8.969749E+01 1.097648E+01 1.340000E+01
    endloop
  endfacet
  facet normal -2.523177E-01 -9.676445E-01 0.000000E+00
    outer loop
      vertex 8.944154E+01 1.111582E+01 1.340000E+01
      vertex 8.915955E+01 1.118935E+01 1.500000E+01
      vertex 8.915955E+01 1.118935E+01 1.340000E+01
    endloop
  endfacet
  facet normal -2.523177E-01 -9.676445E-01 -0.000000E+00
    outer loop
      vertex 8.944154E+01 1.111582E+01 1.500000E+01
      vertex 8.915955E+01 1.118935E+01 1.500000E+01
      vertex 8.944154E+01 1.111582E+01 1.340000E+01
    endloop
  endfacet
  facet normal -1.162735E-02 -9.999325E-01 0.000000E+00
    outer loop
      vertex 8.915955E+01 1.118935E+01 1.340000E+01
      vertex 8.886815E+01 1.119273E+01 1.500000E+01
      vertex 8.886815E+01 1.119273E+01 1.340000E+01
    endloop
  endfacet
  facet normal -1.162735E-02 -9.999325E-01 -0.000000E+00
    outer loop
      vertex 8.915955E+01 1.118935E+01 1.500000E+01
      vertex 8.886815E+01 1.119273E+01 1.500000E+01
      vertex 8.915955E+01 1.118935E+01 1.340000E+01
    endloop
  endfacet
  facet normal 2.297541E-01 -9.732487E-01 0.000000E+00
    outer loop
      vertex 8.886815E+01 1.119273E+01 1.340000E+01
      vertex 8.858453E+01 1.112578E+01 1.500000E+01
      vertex 8.858453E+01 1.112578E+01 1.340000E+01
    endloop
  endfacet
  facet normal 2.297541E-01 -9.732487E-01 0.000000E+00
    outer loop
      vertex 8.886815E+01 1.119273E+01 1.500000E+01
      vertex 8.858453E+01 1.112578E+01 1.500000E+01
      vertex 8.886815E+01 1.119273E+01 1.340000E+01
    endloop
  endfacet
  facet normal 4.575848E-01 -8.891660E-01 0.000000E+00
    outer loop
      vertex 8.858453E+01 1.112578E+01 1.340000E+01
      vertex 8.832541E+01 1.099243E+01 1.500000E+01
      vertex 8.832541E+01 1.099243E+01 1.340000E+01
    endloop
  endfacet
  facet normal 4.575848E-01 -8.891660E-01 0.000000E+00
    outer loop
      vertex 8.858453E+01 1.112578E+01 1.500000E+01
      vertex 8.832541E+01 1.099243E+01 1.500000E+01
      vertex 8.858453E+01 1.112578E+01 1.340000E+01
    endloop
  endfacet
  facet normal 6.584212E-01 -7.526497E-01 0.000000E+00
    outer loop
      vertex 8.832541E+01 1.099243E+01 1.340000E+01
      vertex 8.810607E+01 1.080056E+01 1.500000E+01
      vertex 8.810607E+01 1.080056E+01 1.340000E+01
    endloop
  endfacet
  facet normal 6.584212E-01 -7.526497E-01 0.000000E+00
    outer loop
      vertex 8.832541E+01 1.099243E+01 1.500000E+01
      vertex 8.810607E+01 1.080056E+01 1.500000E+01
      vertex 8.832541E+01 1.099243E+01 1.340000E+01
    endloop
  endfacet
  facet normal 8.204306E-01 -5.717462E-01 0.000000E+00
    outer loop
      vertex 8.810607E+01 1.080056E+01 1.340000E+01
      vertex 8.793945E+01 1.056147E+01 1.500000E+01
      vertex 8.793945E+01 1.056147E+01 1.340000E+01
    endloop
  endfacet
  facet normal 8.204306E-01 -5.717462E-01 0.000000E+00
    outer loop
      vertex 8.810607E+01 1.080056E+01 1.500000E+01
      vertex 8.793945E+01 1.056147E+01 1.500000E+01
      vertex 8.810607E+01 1.080056E+01 1.340000E+01
    endloop
  endfacet
  facet normal 9.340665E-01 -3.570990E-01 0.000000E+00
    outer loop
      vertex 8.793945E+01 1.056147E+01 1.340000E+01
      vertex 8.783539E+01 1.028926E+01 1.500000E+01
      vertex 8.783539E+01 1.028926E+01 1.340000E+01
    endloop
  endfacet
  facet normal 9.340665E-01 -3.570990E-01 0.000000E+00
    outer loop
      vertex 8.793945E+01 1.056147E+01 1.500000E+01
      vertex 8.783539E+01 1.028926E+01 1.500000E+01
      vertex 8.793945E+01 1.056147E+01 1.340000E+01
    endloop
  endfacet
  facet normal 9.926007E-01 -1.214239E-01 0.000000E+00
    outer loop
      vertex 8.783539E+01 1.028926E+01 1.340000E+01
      vertex 8.780000E+01 1.000000E+01 1.500000E+01
      vertex 8.780000E+01 1.000000E+01 1.340000E+01
    endloop
  endfacet
  facet normal 9.926007E-01 -1.214239E-01 0.000000E+00
    outer loop
      vertex 8.783539E+01 1.028926E+01 1.500000E+01
      vertex 8.780000E+01 1.000000E+01 1.500000E+01
      vertex 8.783539E+01 1.028926E+01 1.340000E+01
    endloop
  endfacet
  facet normal -9.988637E-01 -4.765983E-02 0.000000E+00
    outer loop
      vertex -3.480000E+01 1.000000E+01 1.340000E+01
      vertex -3.480545E+01 1.011425E+01 1.500000E+01
      vertex -3.480545E+01 1.011425E+01 1.340000E+01
    endloop
  endfacet
  facet normal -9.988637E-01 -4.765983E-02 -0.000000E+00
    outer loop
      vertex -3.480000E+01 1.000000E+01 1.500000E+01
      vertex -3.480545E+01 1.011425E+01 1.500000E+01
      vertex -3.480000E+01 1.000000E+01 1.340000E+01
    endloop
  endfacet
  facet normal -9.897882E-01 -1.425454E-01 0.000000E+00
    outer loop
      vertex -3.480545E+01 1.011425E+01 1.340000E+01
      vertex -3.482175E+01 1.022746E+01 1.500000E+01
      vertex -3.482175E+01 1.022746E+01 1.340000E+01
    endloop
  endfacet
  facet normal -9.897882E-01 -1.425454E-01 -0.000000E+00
    outer loop
      vertex -3.480545E+01 1.011425E+01 1.500000E+01
      vertex -3.482175E+01 1.022746E+01 1.500000E+01
      vertex -3.480545E+01 1.011425E+01 1.340000E+01
    endloop
  endfacet
  facet normal -9.717209E-01 -2.361327E-01 0.000000E+00
    outer loop
      vertex -3.482175E+01 1.022746E+01 1.340000E+01
      vertex -3.484876E+01 1.033860E+01 1.500000E+01
      vertex -3.484876E+01 1.033860E+01 1.340000E+01
    endloop
  endfacet
  facet normal -9.717209E-01 -2.361327E-01 -0.000000E+00
    outer loop
      vertex -3.482175E+01 1.022746E+01 1.500000E+01
      vertex -3.484876E+01 1.033860E+01 1.500000E+01
      vertex -3.482175E+01 1.022746E+01 1.340000E+01
    endloop
  endfacet
  facet normal -9.190921E-01 -3.940429E-01 0.000000E+00
    outer loop
      vertex -3.484876E+01 1.033860E+01 1.340000E+01
      vertex -3.496102E+01 1.060043E+01 1.500000E+01
      vertex -3.496102E+01 1.060043E+01 1.340000E+01
    endloop
  endfacet
  facet normal -9.190921E-01 -3.940429E-01 -0.000000E+00
    outer loop
      vertex -3.484876E+01 1.033860E+01 1.500000E+01
      vertex -3.496102E+01 1.060043E+01 1.500000E+01
      vertex -3.484876E+01 1.033860E+01 1.340000E+01
    endloop
  endfacet
  facet normal -8.003012E-01 -5.995983E-01 0.000000E+00
    outer loop
      vertex -3.496102E+01 1.060043E+01 1.340000E+01
      vertex -3.513183E+01 1.082842E+01 1.500000E+01
      vertex -3.513183E+01 1.082842E+01 1.340000E+01
    endloop
  endfacet
  facet normal -8.003012E-01 -5.995983E-01 -0.000000E+00
    outer loop
      vertex -3.496102E+01 1.060043E+01 1.500000E+01
      vertex -3.513183E+01 1.082842E+01 1.500000E+01
      vertex -3.496102E+01 1.060043E+01 1.340000E+01
    endloop
  endfacet
  facet normal -6.364164E-01 -7.713457E-01 0.000000E+00
    outer loop
      vertex -3.513183E+01 1.082842E+01 1.340000E+01
      vertex -3.535157E+01 1.100972E+01 1.500000E+01
      vertex -3.535157E+01 1.100972E+01 1.340000E+01
    endloop
  endfacet
  facet normal -6.364164E-01 -7.713457E-01 -0.000000E+00
    outer loop
      vertex -3.513183E+01 1.082842E+01 1.500000E+01
      vertex -3.535157E+01 1.100972E+01 1.500000E+01
      vertex -3.513183E+01 1.082842E+01 1.340000E+01
    endloop
  endfacet
  facet normal -4.366550E-01 -8.996291E-01 0.000000E+00
    outer loop
      vertex -3.535157E+01 1.100972E+01 1.340000E+01
      vertex -3.560786E+01 1.113412E+01 1.500000E+01
      vertex -3.560786E+01 1.113412E+01 1.340000E+01
    endloop
  endfacet
  facet normal -4.366550E-01 -8.996291E-01 -0.000000E+00
    outer loop
      vertex -3.535157E+01 1.100972E+01 1.500000E+01
      vertex -3.560786E+01 1.113412E+01 1.500000E+01
      vertex -3.535157E+01 1.100972E+01 1.340000E+01
    endloop
  endfacet
  facet normal -2.122886E-01 -9.772070E-01 0.000000E+00
    outer loop
      vertex -3.560786E+01 1.113412E+01 1.340000E+01
      vertex -3.588625E+01 1.119460E+01 1.500000E+01
      vertex -3.588625E+01 1.119460E+01 1.340000E+01
    endloop
  endfacet
  facet normal -2.122886E-01 -9.772070E-01 -0.000000E+00
    outer loop
      vertex -3.560786E+01 1.113412E+01 1.500000E+01
      vertex -3.588625E+01 1.119460E+01 1.500000E+01
      vertex -3.560786E+01 1.113412E+01 1.340000E+01
    endloop
  endfacet
  facet normal 2.404272E-02 -9.997109E-01 0.000000E+00
    outer loop
      vertex -3.588625E+01 1.119460E+01 1.340000E+01
      vertex -3.617105E+01 1.118775E+01 1.500000E+01
      vertex -3.617105E+01 1.118775E+01 1.340000E+01
    endloop
  endfacet
  facet normal 2.404272E-02 -9.997109E-01 0.000000E+00
    outer loop
      vertex -3.588625E+01 1.119460E+01 1.500000E+01
      vertex -3.617105E+01 1.118775E+01 1.500000E+01
      vertex -3.588625E+01 1.119460E+01 1.340000E+01
    endloop
  endfacet
  facet normal 2.590196E-01 -9.658720E-01 0.000000E+00
    outer loop
      vertex -3.617105E+01 1.118775E+01 1.340000E+01
      vertex -3.644621E+01 1.111396E+01 1.500000E+01
      vertex -3.644621E+01 1.111396E+01 1.340000E+01
    endloop
  endfacet
  facet normal 2.590196E-01 -9.658720E-01 0.000000E+00
    outer loop
      vertex -3.617105E+01 1.118775E+01 1.500000E+01
      vertex -3.644621E+01 1.111396E+01 1.500000E+01
      vertex -3.617105E+01 1.118775E+01 1.340000E+01
    endloop
  endfacet
  facet normal 4.793960E-01 -8.775988E-01 0.000000E+00
    outer loop
      vertex -3.644621E+01 1.111396E+01 1.340000E+01
      vertex -3.669622E+01 1.097739E+01 1.500000E+01
      vertex -3.669622E+01 1.097739E+01 1.340000E+01
    endloop
  endfacet
  facet normal 4.793960E-01 -8.775988E-01 0.000000E+00
    outer loop
      vertex -3.644621E+01 1.111396E+01 1.500000E+01
      vertex -3.669622E+01 1.097739E+01 1.500000E+01
      vertex -3.644621E+01 1.111396E+01 1.340000E+01
    endloop
  endfacet
  facet normal 6.727571E-01 -7.398635E-01 0.000000E+00
    outer loop
      vertex -3.669622E+01 1.097739E+01 1.340000E+01
      vertex -3.690699E+01 1.078573E+01 1.500000E+01
      vertex -3.690699E+01 1.078573E+01 1.340000E+01
    endloop
  endfacet
  facet normal 6.727571E-01 -7.398635E-01 0.000000E+00
    outer loop
      vertex -3.669622E+01 1.097739E+01 1.500000E+01
      vertex -3.690699E+01 1.078573E+01 1.500000E+01
      vertex -3.669622E+01 1.097739E+01 1.340000E+01
    endloop
  endfacet
  facet normal 8.282070E-01 -5.604224E-01 0.000000E+00
    outer loop
      vertex -3.690699E+01 1.078573E+01 1.340000E+01
      vertex -3.706664E+01 1.054979E+01 1.500000E+01
      vertex -3.706664E+01 1.054979E+01 1.340000E+01
    endloop
  endfacet
  facet normal 8.282070E-01 -5.604224E-01 0.000000E+00
    outer loop
      vertex -3.690699E+01 1.078573E+01 1.500000E+01
      vertex -3.706664E+01 1.054979E+01 1.500000E+01
      vertex -3.690699E+01 1.078573E+01 1.340000E+01
    endloop
  endfacet
  facet normal 9.369694E-01 -3.494114E-01 0.000000E+00
    outer loop
      vertex -3.706664E+01 1.054979E+01 1.340000E+01
      vertex -3.716618E+01 1.028287E+01 1.500000E+01
      vertex -3.716618E+01 1.028287E+01 1.340000E+01
    endloop
  endfacet
  facet normal 9.369694E-01 -3.494114E-01 0.000000E+00
    outer loop
      vertex -3.706664E+01 1.054979E+01 1.500000E+01
      vertex -3.716618E+01 1.028287E+01 1.500000E+01
      vertex -3.706664E+01 1.054979E+01 1.340000E+01
    endloop
  endfacet
  facet normal 9.929293E-01 -1.187068E-01 0.000000E+00
    outer loop
      vertex -3.716618E+01 1.028287E+01 1.340000E+01
      vertex -3.720000E+01 1.000000E+01 1.500000E+01
      vertex -3.720000E+01 1.000000E+01 1.340000E+01
    endloop
  endfacet
  facet normal 9.929293E-01 -1.187068E-01 0.000000E+00
    outer loop
      vertex -3.716618E+01 1.028287E+01 1.500000E+01
      vertex -3.720000E+01 1.000000E+01 1.500000E+01
      vertex -3.716618E+01 1.028287E+01 1.340000E+01
    endloop
  endfacet
  facet normal -9.927087E-01 -1.205381E-01 0.000000E+00
    outer loop
      vertex 3.470000E+01 6.550000E+01 1.340000E+01
      vertex 3.466513E+01 6.578718E+01 1.500000E+01
      vertex 3.466513E+01 6.578718E+01 1.340000E+01
    endloop
  endfacet
  facet normal -9.927087E-01 -1.205381E-01 -0.000000E+00
    outer loop
      vertex 3.470000E+01 6.550000E+01 1.500000E+01
      vertex 3.466513E+01 6.578718E+01 1.500000E+01
      vertex 3.470000E+01 6.550000E+01 1.340000E+01
    endloop
  endfacet
  facet normal -9.350157E-01 -3.546065E-01 0.000000E+00
    outer loop
      vertex 3.466513E+01 6.578718E+01 1.340000E+01
      vertex 3.456255E+01 6.605767E+01 1.500000E+01
      vertex 3.456255E+01 6.605767E+01 1.340000E+01
    endloop
  endfacet
  facet normal -9.350157E-01 -3.546065E-01 -0.000000E+00
    outer loop
      vertex 3.466513E+01 6.578718E+01 1.500000E+01
      vertex 3.456255E+01 6.605767E+01 1.500000E+01
      vertex 3.466513E+01 6.578718E+01 1.340000E+01
    endloop
  endfacet
  facet normal -8.229809E-01 -5.680691E-01 0.000000E+00
    outer loop
      vertex 3.456255E+01 6.605767E+01 1.340000E+01
      vertex 3.439821E+01 6.629575E+01 1.500000E+01
      vertex 3.439821E+01 6.629575E+01 1.340000E+01
    endloop
  endfacet
  facet normal -8.229809E-01 -5.680691E-01 -0.000000E+00
    outer loop
      vertex 3.456255E+01 6.605767E+01 1.500000E+01
      vertex 3.439821E+01 6.629575E+01 1.500000E+01
      vertex 3.456255E+01 6.605767E+01 1.340000E+01
    endloop
  endfacet
  facet normal -6.631254E-01 -7.485083E-01 0.000000E+00
    outer loop
      vertex 3.439821E+01 6.629575E+01 1.340000E+01
      vertex 3.418168E+01 6.648758E+01 1.500000E+01
      vertex 3.418168E+01 6.648758E+01 1.340000E+01
    endloop
  endfacet
  facet normal -6.631254E-01 -7.485083E-01 -0.000000E+00
    outer loop
      vertex 3.439821E+01 6.629575E+01 1.500000E+01
      vertex 3.418168E+01 6.648758E+01 1.500000E+01
      vertex 3.439821E+01 6.629575E+01 1.340000E+01
    endloop
  endfacet
  facet normal -4.647179E-01 -8.854588E-01 0.000000E+00
    outer loop
      vertex 3.418168E+01 6.648758E+01 1.340000E+01
      vertex 3.392553E+01 6.662202E+01 1.500000E+01
      vertex 3.392553E+01 6.662202E+01 1.340000E+01
    endloop
  endfacet
  facet normal -4.647179E-01 -8.854588E-01 -0.000000E+00
    outer loop
      vertex 3.418168E+01 6.648758E+01 1.500000E+01
      vertex 3.392553E+01 6.662202E+01 1.500000E+01
      vertex 3.418168E+01 6.648758E+01 1.340000E+01
    endloop
  endfacet
  facet normal -2.393354E-01 -9.709369E-01 0.000000E+00
    outer loop
      vertex 3.392553E+01 6.662202E+01 1.340000E+01
      vertex 3.364465E+01 6.669125E+01 1.500000E+01
      vertex 3.364465E+01 6.669125E+01 1.340000E+01
    endloop
  endfacet
  facet normal -2.393354E-01 -9.709369E-01 -0.000000E+00
    outer loop
      vertex 3.392553E+01 6.662202E+01 1.500000E+01
      vertex 3.364465E+01 6.669125E+01 1.500000E+01
      vertex 3.392553E+01 6.662202E+01 1.340000E+01
    endloop
  endfacet
  facet normal 0.000000E+00 -1.000000E+00 0.000000E+00
    outer loop
      vertex 3.364465E+01 6.669125E+01 1.340000E+01
      vertex 3.335535E+01 6.669125E+01 1.500000E+01
      vertex 3.335535E+01 6.669125E+01 1.340000E+01
    endloop
  endfacet
  facet normal -0.000000E+00 -1.000000E+00 -0.000000E+00
    outer loop
      vertex 3.364465E+01 6.669125E+01 1.500000E+01
      vertex 3.335535E+01 6.669125E+01 1.500000E+01
      vertex 3.364465E+01 6.669125E+01 1.340000E+01
    endloop
  endfacet
  facet normal 2.393354E-01 -9.709369E-01 0.000000E+00
    outer loop
      vertex 3.335535E+01 6.669125E+01 1.340000E+01
      vertex 3.307447E+01 6.662202E+01 1.500000E+01
      vertex 3.307447E+01 6.662202E+01 1.340000E+01
    endloop
  endfacet
  facet normal 2.393354E-01 -9.709369E-01 0.000000E+00
    outer loop
      vertex 3.335535E+01 6.669125E+01 1.500000E+01
      vertex 3.307447E+01 6.662202E+01 1.500000E+01
      vertex 3.335535E+01 6.669125E+01 1.340000E+01
    endloop
  endfacet
  facet normal 4.647179E-01 -8.854588E-01 0.000000E+00
    outer loop
      vertex 3.307447E+01 6.662202E+01 1.340000E+01
      vertex 3.281832E+01 6.648758E+01 1.500000E+01
      vertex 3.281832E+01 6.648758E+01 1.340000E+01
    endloop
  endfacet
  facet normal 4.647179E-01 -8.854588E-01 0.000000E+00
    outer loop
      vertex 3.307447E+01 6.662202E+01 1.500000E+01
      vertex 3.281832E+01 6.648758E+01 1.500000E+01
      vertex 3.307447E+01 6.662202E+01 1.340000E+01
    endloop
  endfacet
  facet normal 6.631254E-01 -7.485083E-01 0.000000E+00
    outer loop
      vertex 3.281832E+01 6.648758E+01 1.340000E+01
      vertex 3.260179E+01 6.629575E+01 1.500000E+01
      vertex 3.260179E+01 6.629575E+01 1.340000E+01
    endloop
  endfacet
  facet normal 6.631254E-01 -7.485083E-01 0.000000E+00
    outer loop
      vertex 3.281832E+01 6.648758E+01 1.500000E+01
      vertex 3.260179E+01 6.629575E+01 1.500000E+01
      vertex 3.281832E+01 6.648758E+01 1.340000E+01
    endloop
  endfacet
  facet normal 8.229809E-01 -5.680691E-01 0.000000E+00
    outer loop
      vertex 3.260179E+01 6.629575E+01 1.340000E+01
      vertex 3.243745E+01 6.605767E+01 1.500000E+01
      vertex 3.243745E+01 6.605767E+01 1.340000E+01
    endloop
  endfacet
  facet normal 8.229809E-01 -5.680691E-01 0.000000E+00
    outer loop
      vertex 3.260179E+01 6.629575E+01 1.500000E+01
      vertex 3.243745E+01 6.605767E+01 1.500000E+01
      vertex 3.260179E+01 6.629575E+01 1.340000E+01
    endloop
  endfacet
  facet normal 9.350157E-01 -3.546065E-01 0.000000E+00
    outer loop
      vertex 3.243745E+01 6.605767E+01 1.340000E+01
      vertex 3.233487E+01 6.578718E+01 1.500000E+01
      vertex 3.233487E+01 6.578718E+01 1.340000E+01
    endloop
  endfacet
  facet normal 9.350157E-01 -3.546065E-01 0.000000E+00
    outer loop
      vertex 3.243745E+01 6.605767E+01 1.500000E+01
      vertex 3.233487E+01 6.578718E+01 1.500000E+01
      vertex 3.243745E+01 6.605767E+01 1.340000E+01
    endloop
  endfacet
  facet normal 9.927087E-01 -1.205381E-01 0.000000E+00
    outer loop
      vertex 3.233487E+01 6.578718E+01 1.340000E+01
      vertex 3.230000E+01 6.550000E+01 1.500000E+01
      vertex 3.230000E+01 6.550000E+01 1.340000E+01
    endloop
  endfacet
  facet normal 9.927087E-01 -1.205381E-01 0.000000E+00
    outer loop
      vertex 3.233487E+01 6.578718E+01 1.500000E+01
      vertex 3.230000E+01 6.550000E+01 1.500000E+01
      vertex 3.233487E+01 6.578718E+01 1.340000E+01
    endloop
  endfacet
  facet normal -9.951838E-01 -9.802629E-02 0.000000E+00
    outer loop
      vertex 3.470000E+01 4.500000E+00 1.340000E+01
      vertex 3.467694E+01 4.734108E+00 1.500000E+01
      vertex 3.467694E+01 4.734108E+00 1.340000E+01
    endloop
  endfacet
  facet normal -9.951838E-01 -9.802629E-02 -0.000000E+00
    outer loop
      vertex 3.470000E+01 4.500000E+00 1.500000E+01
      vertex 3.467694E+01 4.734108E+00 1.500000E+01
      vertex 3.470000E+01 4.500000E+00 1.340000E+01
    endloop
  endfacet
  facet normal -9.569402E-01 -2.902850E-01 0.000000E+00
    outer loop
      vertex 3.467694E+01 4.734108E+00 1.340000E+01
      vertex 3.460865E+01 4.959220E+00 1.500000E+01
      vertex 3.460865E+01 4.959220E+00 1.340000E+01
    endloop
  endfacet
  facet normal -9.569402E-01 -2.902850E-01 -0.000000E+00
    outer loop
      vertex 3.467694E+01 4.734108E+00 1.500000E+01
      vertex 3.460865E+01 4.959220E+00 1.500000E+01
      vertex 3.467694E+01 4.734108E+00 1.340000E+01
    endloop
  endfacet
  facet normal -8.819256E-01 -4.713885E-01 0.000000E+00
    outer loop
      vertex 3.460865E+01 4.959220E+00 1.340000E+01
      vertex 3.449776E+01 5.166684E+00 1.500000E+01
      vertex 3.449776E+01 5.166684E+00 1.340000E+01
    endloop
  endfacet
  facet normal -8.819256E-01 -4.713885E-01 -0.000000E+00
    outer loop
      vertex 3.460865E+01 4.959220E+00 1.500000E+01
      vertex 3.449776E+01 5.166684E+00 1.500000E+01
      vertex 3.460865E+01 4.959220E+00 1.340000E+01
    endloop
  endfacet
  facet normal -7.730116E-01 -6.343919E-01 0.000000E+00
    outer loop
      vertex 3.449776E+01 5.166684E+00 1.340000E+01
      vertex 3.434853E+01 5.348528E+00 1.500000E+01
      vertex 3.434853E+01 5.348528E+00 1.340000E+01
    endloop
  endfacet
  facet normal -7.730116E-01 -6.343919E-01 -0.000000E+00
    outer loop
      vertex 3.449776E+01 5.166684E+00 1.500000E+01
      vertex 3.434853E+01 5.348528E+00 1.500000E+01
      vertex 3.449776E+01 5.166684E+00 1.340000E+01
    endloop
  endfacet
  facet normal -6.190924E-01 -7.853181E-01 0.000000E+00
    outer loop
      vertex 3.434853E+01 5.348528E+00 1.340000E+01
      vertex 3.412700E+01 5.523168E+00 1.500000E+01
      vertex 3.412700E+01 5.523168E+00 1.340000E+01
    endloop
  endfacet
  facet normal -6.190924E-01 -7.853181E-01 -0.000000E+00
    outer loop
      vertex 3.434853E+01 5.348528E+00 1.500000E+01
      vertex 3.412700E+01 5.523168E+00 1.500000E+01
      vertex 3.434853E+01 5.348528E+00 1.340000E+01
    endloop
  endfacet
  facet normal -4.186574E-01 -9.081443E-01 0.000000E+00
    outer loop
      vertex 3.412700E+01 5.523168E+00 1.340000E+01
      vertex 3.387082E+01 5.641268E+00 1.500000E+01
      vertex 3.387082E+01 5.641268E+00 1.340000E+01
    endloop
  endfacet
  facet normal -4.186574E-01 -9.081443E-01 -0.000000E+00
    outer loop
      vertex 3.412700E+01 5.523168E+00 1.500000E+01
      vertex 3.387082E+01 5.641268E+00 1.500000E+01
      vertex 3.412700E+01 5.523168E+00 1.340000E+01
    endloop
  endfacet
  facet normal -1.950917E-01 -9.807850E-01 0.000000E+00
    outer loop
      vertex 3.387082E+01 5.641268E+00 1.340000E+01
      vertex 3.359415E+01 5.696301E+00 1.500000E+01
      vertex 3.359415E+01 5.696301E+00 1.340000E+01
    endloop
  endfacet
  facet normal -1.950917E-01 -9.807850E-01 -0.000000E+00
    outer loop
      vertex 3.387082E+01 5.641268E+00 1.500000E+01
      vertex 3.359415E+01 5.696301E+00 1.500000E+01
      vertex 3.387082E+01 5.641268E+00 1.340000E+01
    endloop
  endfacet
  facet normal 3.926069E-02 -9.992290E-01 0.000000E+00
    outer loop
      vertex 3.359415E+01 5.696301E+00 1.340000E+01
      vertex 3.331228E+01 5.685226E+00 1.500000E+01
      vertex 3.331228E+01 5.685226E+00 1.340000E+01
    endloop
  endfacet
  facet normal 3.926069E-02 -9.992290E-01 0.000000E+00
    outer loop
      vertex 3.359415E+01 5.696301E+00 1.500000E+01
      vertex 3.331228E+01 5.685226E+00 1.500000E+01
      vertex 3.359415E+01 5.696301E+00 1.340000E+01
    endloop
  endfacet
  facet normal 2.714395E-01 -9.624555E-01 0.000000E+00
    outer loop
      vertex 3.331228E+01 5.685226E+00 1.340000E+01
      vertex 3.304078E+01 5.608655E+00 1.500000E+01
      vertex 3.304078E+01 5.608655E+00 1.340000E+01
    endloop
  endfacet
  facet normal 2.714395E-01 -9.624555E-01 0.000000E+00
    outer loop
      vertex 3.331228E+01 5.685226E+00 1.500000E+01
      vertex 3.304078E+01 5.608655E+00 1.500000E+01
      vertex 3.331228E+01 5.685226E+00 1.340000E+01
    endloop
  endfacet
  facet normal 4.886238E-01 -8.724946E-01 0.000000E+00
    outer loop
      vertex 3.304078E+01 5.608655E+00 1.340000E+01
      vertex 3.279466E+01 5.470820E+00 1.500000E+01
      vertex 3.279466E+01 5.470820E+00 1.340000E+01
    endloop
  endfacet
  facet normal 4.886238E-01 -8.724946E-01 0.000000E+00
    outer loop
      vertex 3.304078E+01 5.608655E+00 1.500000E+01
      vertex 3.279466E+01 5.470820E+00 1.500000E+01
      vertex 3.304078E+01 5.608655E+00 1.340000E+01
    endloop
  endfacet
  facet normal 6.787989E-01 -7.343242E-01 0.000000E+00
    outer loop
      vertex 3.279466E+01 5.470820E+00 1.340000E+01
      vertex 3.258751E+01 5.279338E+00 1.500000E+01
      vertex 3.258751E+01 5.279338E+00 1.340000E+01
    endloop
  endfacet
  facet normal 6.787989E-01 -7.343242E-01 0.000000E+00
    outer loop
      vertex 3.279466E+01 5.470820E+00 1.500000E+01
      vertex 3.258751E+01 5.279338E+00 1.500000E+01
      vertex 3.279466E+01 5.470820E+00 1.340000E+01
    endloop
  endfacet
  facet normal 8.314720E-01 -5.555666E-01 0.000000E+00
    outer loop
      vertex 3.258751E+01 5.279338E+00 1.340000E+01
      vertex 3.243079E+01 5.044789E+00 1.500000E+01
      vertex 3.243079E+01 5.044789E+00 1.340000E+01
    endloop
  endfacet
  facet normal 8.314720E-01 -5.555666E-01 0.000000E+00
    outer loop
      vertex 3.258751E+01 5.279338E+00 1.500000E+01
      vertex 3.243079E+01 5.044789E+00 1.500000E+01
      vertex 3.258751E+01 5.279338E+00 1.340000E+01
    endloop
  endfacet
  facet normal 9.381903E-01 -3.461199E-01 0.000000E+00
    outer loop
      vertex 3.243079E+01 5.044789E+00 1.340000E+01
      vertex 3.233316E+01 4.780134E+00 1.500000E+01
      vertex 3.233316E+01 4.780134E+00 1.340000E+01
    endloop
  endfacet
  facet normal 9.381903E-01 -3.461199E-01 0.000000E+00
    outer loop
      vertex 3.243079E+01 5.044789E+00 1.500000E+01
      vertex 3.233316E+01 4.780134E+00 1.500000E+01
      vertex 3.243079E+01 5.044789E+00 1.340000E+01
    endloop
  endfacet
  facet normal 9.930679E-01 -1.175419E-01 0.000000E+00
    outer loop
      vertex 3.233316E+01 4.780134E+00 1.340000E+01
      vertex 3.230000E+01 4.500000E+00 1.500000E+01
      vertex 3.230000E+01 4.500000E+00 1.340000E+01
    endloop
  endfacet
  facet normal 9.930679E-01 -1.175419E-01 0.000000E+00
    outer loop
      vertex 3.233316E+01 4.780134E+00 1.500000E+01
      vertex 3.230000E+01 4.500000E+00 1.500000E+01
      vertex 3.233316E+01 4.780134E+00 1.340000E+01
    endloop
  endfacet
  facet normal -9.933030E-01 -1.155384E-01 0.000000E+00
    outer loop
      vertex -3.480000E+01 6.000000E+01 1.340000E+01
      vertex -3.483204E+01 6.027542E+01 1.500000E+01
      vertex -3.483204E+01 6.027542E+01 1.340000E+01
    endloop
  endfacet
  facet normal -9.933030E-01 -1.155384E-01 -0.000000E+00
    outer loop
      vertex -3.480000E+01 6.000000E+01 1.500000E+01
      vertex -3.483204E+01 6.027542E+01 1.500000E+01
      vertex -3.480000E+01 6.000000E+01 1.340000E+01
    endloop
  endfacet
  facet normal -9.402729E-01 -3.404216E-01 0.000000E+00
    outer loop
      vertex -3.483204E+01 6.027542E+01 1.340000E+01
      vertex -3.492643E+01 6.053613E+01 1.500000E+01
      vertex -3.492643E+01 6.053613E+01 1.340000E+01
    endloop
  endfacet
  facet normal -9.402729E-01 -3.404216E-01 -0.000000E+00
    outer loop
      vertex -3.483204E+01 6.027542E+01 1.500000E+01
      vertex -3.492643E+01 6.053613E+01 1.500000E+01
      vertex -3.483204E+01 6.027542E+01 1.340000E+01
    endloop
  endfacet
  facet normal -8.370431E-01 -5.471370E-01 0.000000E+00
    outer loop
      vertex -3.492643E+01 6.053613E+01 1.340000E+01
      vertex -3.507813E+01 6.076822E+01 1.500000E+01
      vertex -3.507813E+01 6.076822E+01 1.340000E+01
    endloop
  endfacet
  facet normal -8.370431E-01 -5.471370E-01 -0.000000E+00
    outer loop
      vertex -3.492643E+01 6.053613E+01 1.500000E+01
      vertex -3.507813E+01 6.076822E+01 1.500000E+01
      vertex -3.492643E+01 6.053613E+01 1.340000E+01
    endloop
  endfacet
  facet normal -6.843500E-01 -7.291537E-01 0.000000E+00
    outer loop
      vertex -3.507813E+01 6.076822E+01 1.340000E+01
      vertex -3.529169E+01 6.096866E+01 1.500000E+01
      vertex -3.529169E+01 6.096866E+01 1.340000E+01
    endloop
  endfacet
  facet normal -6.843500E-01 -7.291537E-01 -0.000000E+00
    outer loop
      vertex -3.507813E+01 6.076822E+01 1.500000E+01
      vertex -3.529169E+01 6.096866E+01 1.500000E+01
      vertex -3.507813E+01 6.076822E+01 1.340000E+01
    endloop
  endfacet
  facet normal -4.873262E-01 -8.732200E-01 0.000000E+00
    outer loop
      vertex -3.529169E+01 6.096866E+01 1.340000E+01
      vertex -3.554745E+01 6.111140E+01 1.500000E+01
      vertex -3.554745E+01 6.111140E+01 1.340000E+01
    endloop
  endfacet
  facet normal -4.873262E-01 -8.732200E-01 -0.000000E+00
    outer loop
      vertex -3.529169E+01 6.096866E+01 1.500000E+01
      vertex -3.554745E+01 6.111140E+01 1.500000E+01
      vertex -3.529169E+01 6.096866E+01 1.340000E+01
    endloop
  endfacet
  facet normal -2.612820E-01 -9.652625E-01 0.000000E+00
    outer loop
      vertex -3.554745E+01 6.111140E+01 1.340000E+01
      vertex -3.583017E+01 6.118792E+01 1.500000E+01
      vertex -3.583017E+01 6.118792E+01 1.340000E+01
    endloop
  endfacet
  facet normal -2.612820E-01 -9.652625E-01 -0.000000E+00
    outer loop
      vertex -3.554745E+01 6.111140E+01 1.500000E+01
      vertex -3.583017E+01 6.118792E+01 1.500000E+01
      vertex -3.554745E+01 6.111140E+01 1.340000E+01
    endloop
  endfacet
  facet normal -1.965360E-02 -9.998068E-01 0.000000E+00
    outer loop
      vertex -3.583017E+01 6.118792E+01 1.340000E+01
      vertex -3.612300E+01 6.119368E+01 1.500000E+01
      vertex -3.612300E+01 6.119368E+01 1.340000E+01
    endloop
  endfacet
  facet normal -1.965360E-02 -9.998068E-01 -0.000000E+00
    outer loop
      vertex -3.583017E+01 6.118792E+01 1.500000E+01
      vertex -3.612300E+01 6.119368E+01 1.500000E+01
      vertex -3.583017E+01 6.118792E+01 1.340000E+01
    endloop
  endfacet
  facet normal 2.231317E-01 -9.747882E-01 0.000000E+00
    outer loop
      vertex -3.612300E+01 6.119368E+01 1.340000E+01
      vertex -3.640851E+01 6.112833E+01 1.500000E+01
      vertex -3.640851E+01 6.112833E+01 1.340000E+01
    endloop
  endfacet
  facet normal 2.231317E-01 -9.747882E-01 0.000000E+00
    outer loop
      vertex -3.612300E+01 6.119368E+01 1.500000E+01
      vertex -3.640851E+01 6.112833E+01 1.500000E+01
      vertex -3.612300E+01 6.119368E+01 1.340000E+01
    endloop
  endfacet
  facet normal 4.526339E-01 -8.916965E-01 0.000000E+00
    outer loop
      vertex -3.640851E+01 6.112833E+01 1.340000E+01
      vertex -3.666968E+01 6.099575E+01 1.500000E+01
      vertex -3.666968E+01 6.099575E+01 1.340000E+01
    endloop
  endfacet
  facet normal 4.526339E-01 -8.916965E-01 0.000000E+00
    outer loop
      vertex -3.640851E+01 6.112833E+01 1.500000E+01
      vertex -3.666968E+01 6.099575E+01 1.500000E+01
      vertex -3.640851E+01 6.112833E+01 1.340000E+01
    endloop
  endfacet
  facet normal 6.551620E-01 -7.554883E-01 0.000000E+00
    outer loop
      vertex -3.666968E+01 6.099575E+01 1.340000E+01
      vertex -3.689096E+01 6.080386E+01 1.500000E+01
      vertex -3.689096E+01 6.080386E+01 1.340000E+01
    endloop
  endfacet
  facet normal 6.551620E-01 -7.554883E-01 0.000000E+00
    outer loop
      vertex -3.666968E+01 6.099575E+01 1.500000E+01
      vertex -3.689096E+01 6.080386E+01 1.500000E+01
      vertex -3.666968E+01 6.099575E+01 1.340000E+01
    endloop
  endfacet
  facet normal 8.186680E-01 -5.742671E-01 0.000000E+00
    outer loop
      vertex -3.689096E+01 6.080386E+01 1.340000E+01
      vertex -3.705915E+01 6.056408E+01 1.500000E+01
      vertex -3.705915E+01 6.056408E+01 1.340000E+01
    endloop
  endfacet
  facet normal 8.186680E-01 -5.742671E-01 0.000000E+00
    outer loop
      vertex -3.689096E+01 6.080386E+01 1.500000E+01
      vertex -3.705915E+01 6.056408E+01 1.500000E+01
      vertex -3.689096E+01 6.080386E+01 1.340000E+01
    endloop
  endfacet
  facet normal 9.333956E-01 -3.588490E-01 0.000000E+00
    outer loop
      vertex -3.705915E+01 6.056408E+01 1.340000E+01
      vertex -3.716426E+01 6.029070E+01 1.500000E+01
      vertex -3.716426E+01 6.029070E+01 1.340000E+01
    endloop
  endfacet
  facet normal 9.333956E-01 -3.588490E-01 0.000000E+00
    outer loop
      vertex -3.705915E+01 6.056408E+01 1.500000E+01
      vertex -3.716426E+01 6.029070E+01 1.500000E+01
      vertex -3.705915E+01 6.056408E+01 1.340000E+01
    endloop
  endfacet
  facet normal 9.925256E-01 -1.220372E-01 0.000000E+00
    outer loop
      vertex -3.716426E+01 6.029070E+01 1.340000E+01
      vertex -3.720000E+01 6.000000E+01 1.500000E+01
      vertex -3.720000E+01 6.000000E+01 1.340000E+01
    endloop
  endfacet
  facet normal 9.925256E-01 -1.220372E-01 0.000000E+00
    outer loop
      vertex -3.716426E+01 6.029070E+01 1.500000E+01
      vertex -3.720000E+01 6.000000E+01 1.500000E+01
      vertex -3.716426E+01 6.029070E+01 1.340000E+01
    endloop
  endfacet
  facet normal -9.951854E-01 -9.801044E-02 0.000000E+00
    outer loop
      vertex 9.020000E+01 6.000000E+01 1.340000E+01
      vertex 9.020000E+01 6.000000E+01 1.500000E+01
      vertex 9.017694E+01 6.023411E+01 1.340000E+01
    endloop
  endfacet
  facet normal -9.569453E-01 -2.902684E-01 0.000000E+00
    outer loop
      vertex 9.017694E+01 6.023411E+01 1.340000E+01
      vertex 9.017694E+01 6.023411E+01 1.500000E+01
      vertex 9.010866E+01 6.045922E+01 1.340000E+01
    endloop
  endfacet
  facet normal -9.951854E-01 -9.801044E-02 0.000000E+00
    outer loop
      vertex 9.020000E+01 6.000000E+01 1.500000E+01
      vertex 9.017694E+01 6.023411E+01 1.500000E+01
      vertex 9.017694E+01 6.023411E+01 1.340000E+01
    endloop
  endfacet
  facet normal -8.819172E-01 -4.714045E-01 0.000000E+00
    outer loop
      vertex 9.010866E+01 6.045922E+01 1.340000E+01
      vertex 9.010866E+01 6.045922E+01 1.500000E+01
      vertex 8.999776E+01 6.066668E+01 1.340000E+01
    endloop
  endfacet
  facet normal -9.569453E-01 -2.902684E-01 0.000000E+00
    outer loop
      vertex 9.017694E+01 6.023411E+01 1.500000E+01
      vertex 9.010866E+01 6.045922E+01 1.500000E+01
      vertex 9.010866E+01 6.045922E+01 1.340000E+01
    endloop
  endfacet
  facet normal -7.730085E-01 -6.343956E-01 0.000000E+00
    outer loop
      vertex 8.999776E+01 6.066668E+01 1.340000E+01
      vertex 8.999776E+01 6.066668E+01 1.500000E+01
      vertex 8.984853E+01 6.084853E+01 1.340000E+01
    endloop
  endfacet
  facet normal -8.819172E-01 -4.714045E-01 0.000000E+00
    outer loop
      vertex 9.010866E+01 6.045922E+01 1.500000E+01
      vertex 8.999776E+01 6.066668E+01 1.500000E+01
      vertex 8.999776E+01 6.066668E+01 1.340000E+01
    endloop
  endfacet
  facet normal -6.190917E-01 -7.853187E-01 0.000000E+00
    outer loop
      vertex 8.984853E+01 6.084853E+01 1.340000E+01
      vertex 8.984853E+01 6.084853E+01 1.500000E+01
      vertex 8.962700E+01 6.102317E+01 1.340000E+01
    endloop
  endfacet
  facet normal -7.730085E-01 -6.343956E-01 0.000000E+00
    outer loop
      vertex 8.999776E+01 6.066668E+01 1.500000E+01
      vertex 8.984853E+01 6.084853E+01 1.500000E+01
      vertex 8.984853E+01 6.084853E+01 1.340000E+01
    endloop
  endfacet
  facet normal -4.186671E-01 -9.081398E-01 0.000000E+00
    outer loop
      vertex 8.962700E+01 6.102317E+01 1.340000E+01
      vertex 8.962700E+01 6.102317E+01 1.500000E+01
      vertex 8.937082E+01 6.114127E+01 1.340000E+01
    endloop
  endfacet
  facet normal -6.190917E-01 -7.853187E-01 0.000000E+00
    outer loop
      vertex 8.984853E+01 6.084853E+01 1.500000E+01
      vertex 8.962700E+01 6.102317E+01 1.500000E+01
      vertex 8.962700E+01 6.102317E+01 1.340000E+01
    endloop
  endfacet
  facet normal -1.950862E-01 -9.807861E-01 0.000000E+00
    outer loop
      vertex 8.937082E+01 6.114127E+01 1.340000E+01
      vertex 8.937082E+01 6.114127E+01 1.500000E+01
      vertex 8.909415E+01 6.119630E+01 1.340000E+01
    endloop
  endfacet
  facet normal -4.186671E-01 -9.081398E-01 0.000000E+00
    outer loop
      vertex 8.962700E+01 6.102317E+01 1.500000E+01
      vertex 8.937082E+01 6.114127E+01 1.500000E+01
      vertex 8.937082E+01 6.114127E+01 1.340000E+01
    endloop
  endfacet
  facet normal 3.925679E-02 -9.992292E-01 0.000000E+00
    outer loop
      vertex 8.909415E+01 6.119630E+01 1.340000E+01
      vertex 8.909415E+01 6.119630E+01 1.500000E+01
      vertex 8.881228E+01 6.118523E+01 1.340000E+01
    endloop
  endfacet
  facet normal -1.950862E-01 -9.807861E-01 0.000000E+00
    outer loop
      vertex 8.937082E+01 6.114127E+01 1.500000E+01
      vertex 8.909415E+01 6.119630E+01 1.500000E+01
      vertex 8.909415E+01 6.119630E+01 1.340000E+01
    endloop
  endfacet
  facet normal 2.714457E-01 -9.624537E-01 0.000000E+00
    outer loop
      vertex 8.881228E+01 6.118523E+01 1.340000E+01
      vertex 8.881228E+01 6.118523E+01 1.500000E+01
      vertex 8.854078E+01 6.110865E+01 1.340000E+01
    endloop
  endfacet
  facet normal 3.925679E-02 -9.992292E-01 0.000000E+00
    outer loop
      vertex 8.909415E+01 6.119630E+01 1.500000E+01
      vertex 8.881228E+01 6.118523E+01 1.500000E+01
      vertex 8.881228E+01 6.118523E+01 1.340000E+01
    endloop
  endfacet
  facet normal 4.886116E-01 -8.725014E-01 0.000000E+00
    outer loop
      vertex 8.854078E+01 6.110865E+01 1.340000E+01
      vertex 8.854078E+01 6.110865E+01 1.500000E+01
      vertex 8.829465E+01 6.097082E+01 1.340000E+01
    endloop
  endfacet
  facet normal 2.714457E-01 -9.624537E-01 0.000000E+00
    outer loop
      vertex 8.881228E+01 6.118523E+01 1.500000E+01
      vertex 8.854078E+01 6.110865E+01 1.500000E+01
      vertex 8.854078E+01 6.110865E+01 1.340000E+01
    endloop
  endfacet
  facet normal 6.787989E-01 -7.343242E-01 0.000000E+00
    outer loop
      vertex 8.829465E+01 6.097082E+01 1.340000E+01
      vertex 8.829465E+01 6.097082E+01 1.500000E+01
      vertex 8.808751E+01 6.077934E+01 1.340000E+01
    endloop
  endfacet
  facet normal 4.886116E-01 -8.725014E-01 0.000000E+00
    outer loop
      vertex 8.854078E+01 6.110865E+01 1.500000E+01
      vertex 8.829465E+01 6.097082E+01 1.500000E+01
      vertex 8.829465E+01 6.097082E+01 1.340000E+01
    endloop
  endfacet
  facet normal 8.314798E-01 -5.555550E-01 0.000000E+00
    outer loop
      vertex 8.808751E+01 6.077934E+01 1.340000E+01
      vertex 8.808751E+01 6.077934E+01 1.500000E+01
      vertex 8.793079E+01 6.054479E+01 1.340000E+01
    endloop
  endfacet
  facet normal 6.787989E-01 -7.343242E-01 0.000000E+00
    outer loop
      vertex 8.829465E+01 6.097082E+01 1.500000E+01
      vertex 8.808751E+01 6.077934E+01 1.500000E+01
      vertex 8.808751E+01 6.077934E+01 1.340000E+01
    endloop
  endfacet
  facet normal 9.381849E-01 -3.461346E-01 0.000000E+00
    outer loop
      vertex 8.793079E+01 6.054479E+01 1.340000E+01
      vertex 8.793079E+01 6.054479E+01 1.500000E+01
      vertex 8.783315E+01 6.028014E+01 1.340000E+01
    endloop
  endfacet
  facet normal 8.314798E-01 -5.555550E-01 0.000000E+00
    outer loop
      vertex 8.808751E+01 6.077934E+01 1.500000E+01
      vertex 8.793079E+01 6.054479E+01 1.500000E+01
      vertex 8.793079E+01 6.054479E+01 1.340000E+01
    endloop
  endfacet
  facet normal 9.930712E-01 -1.175144E-01 0.000000E+00
    outer loop
      vertex 8.783315E+01 6.028014E+01 1.340000E+01
      vertex 8.783315E+01 6.028014E+01 1.500000E+01
      vertex 8.780000E+01 6.000000E+01 1.340000E+01
    endloop
  endfacet
  facet normal 9.381849E-01 -3.461346E-01 0.000000E+00
    outer loop
      vertex 8.793079E+01 6.054479E+01 1.500000E+01
      vertex 8.783315E+01 6.028014E+01 1.500000E+01
      vertex 8.783315E+01 6.028014E+01 1.340000E+01
    endloop
  endfacet
  facet normal 9.930712E-01 -1.175144E-01 0.000000E+00
    outer loop
      vertex 8.783315E+01 6.028014E+01 1.500000E+01
      vertex 8.780000E+01 6.000000E+01 1.500000E+01
      vertex 8.780000E+01 6.000000E+01 1.340000E+01
    endloop
  endfacet
  facet normal -9.988005E-01 -4.896413E-02 0.000000E+00
    outer loop
      vertex 3.550000E+01 4.500000E+00 1.200000E+01
      vertex 3.549041E+01 4.695626E+00 1.340000E+01
      vertex 3.549041E+01 4.695626E+00 1.200000E+01
    endloop
  endfacet
  facet normal -9.988005E-01 -4.896413E-02 -0.000000E+00
    outer loop
      vertex 3.550000E+01 4.500000E+00 1.340000E+01
      vertex 3.549041E+01 4.695626E+00 1.340000E+01
      vertex 3.550000E+01 4.500000E+00 1.200000E+01
    endloop
  endfacet
  facet normal -9.892218E-01 -1.464248E-01 0.000000E+00
    outer loop
      vertex 3.549041E+01 4.695626E+00 1.200000E+01
      vertex 3.546173E+01 4.889376E+00 1.340000E+01
      vertex 3.546173E+01 4.889376E+00 1.200000E+01
    endloop
  endfacet
  facet normal -9.892218E-01 -1.464248E-01 -0.000000E+00
    outer loop
      vertex 3.549041E+01 4.695626E+00 1.340000E+01
      vertex 3.546173E+01 4.889376E+00 1.340000E+01
      vertex 3.549041E+01 4.695626E+00 1.200000E+01
    endloop
  endfacet
  facet normal -9.701555E-01 -2.424835E-01 0.000000E+00
    outer loop
      vertex 3.546173E+01 4.889376E+00 1.200000E+01
      vertex 3.541424E+01 5.079391E+00 1.340000E+01
      vertex 3.541424E+01 5.079391E+00 1.200000E+01
    endloop
  endfacet
  facet normal -9.160967E-01 -4.009574E-01 0.000000E+00
    outer loop
      vertex 3.541424E+01 5.079391E+00 1.200000E+01
      vertex 3.541424E+01 5.079391E+00 1.340000E+01
      vertex 3.522438E+01 5.513164E+00 1.200000E+01
    endloop
  endfacet
  facet normal -9.701555E-01 -2.424835E-01 -0.000000E+00
    outer loop
      vertex 3.546173E+01 4.889376E+00 1.340000E+01
      vertex 3.541424E+01 5.079391E+00 1.340000E+01
      vertex 3.546173E+01 4.889376E+00 1.200000E+01
    endloop
  endfacet
  facet normal -7.961635E-01 -6.050816E-01 0.000000E+00
    outer loop
      vertex 3.522438E+01 5.513164E+00 1.200000E+01
      vertex 3.522438E+01 5.513164E+00 1.340000E+01
      vertex 3.493788E+01 5.890148E+00 1.200000E+01
    endloop
  endfacet
  facet normal -9.160967E-01 -4.009574E-01 0.000000E+00
    outer loop
      vertex 3.541424E+01 5.079391E+00 1.340000E+01
      vertex 3.522438E+01 5.513164E+00 1.340000E+01
      vertex 3.522438E+01 5.513164E+00 1.200000E+01
    endloop
  endfacet
  facet normal -6.316015E-01 -7.752932E-01 0.000000E+00
    outer loop
      vertex 3.493788E+01 5.890148E+00 1.200000E+01
      vertex 3.493788E+01 5.890148E+00 1.340000E+01
      vertex 3.457077E+01 6.189213E+00 1.200000E+01
    endloop
  endfacet
  facet normal -7.961635E-01 -6.050816E-01 0.000000E+00
    outer loop
      vertex 3.522438E+01 5.513164E+00 1.340000E+01
      vertex 3.493788E+01 5.890148E+00 1.340000E+01
      vertex 3.493788E+01 5.890148E+00 1.200000E+01
    endloop
  endfacet
  facet normal -4.316451E-01 -9.020435E-01 0.000000E+00
    outer loop
      vertex 3.457077E+01 6.189213E+00 1.200000E+01
      vertex 3.457077E+01 6.189213E+00 1.340000E+01
      vertex 3.414366E+01 6.393596E+00 1.200000E+01
    endloop
  endfacet
  facet normal -6.316015E-01 -7.752932E-01 0.000000E+00
    outer loop
      vertex 3.493788E+01 5.890148E+00 1.340000E+01
      vertex 3.457077E+01 6.189213E+00 1.340000E+01
      vertex 3.457077E+01 6.189213E+00 1.200000E+01
    endloop
  endfacet
  facet normal -2.074863E-01 -9.782380E-01 0.000000E+00
    outer loop
      vertex 3.414366E+01 6.393596E+00 1.200000E+01
      vertex 3.414366E+01 6.393596E+00 1.340000E+01
      vertex 3.368046E+01 6.491842E+00 1.200000E+01
    endloop
  endfacet
  facet normal -4.316451E-01 -9.020435E-01 0.000000E+00
    outer loop
      vertex 3.457077E+01 6.189213E+00 1.340000E+01
      vertex 3.414366E+01 6.393596E+00 1.340000E+01
      vertex 3.414366E+01 6.393596E+00 1.200000E+01
    endloop
  endfacet
  facet normal 2.829715E-02 -9.995995E-01 0.000000E+00
    outer loop
      vertex 3.368046E+01 6.491842E+00 1.200000E+01
      vertex 3.368046E+01 6.491842E+00 1.340000E+01
      vertex 3.320715E+01 6.478443E+00 1.200000E+01
    endloop
  endfacet
  facet normal -2.074863E-01 -9.782380E-01 0.000000E+00
    outer loop
      vertex 3.414366E+01 6.393596E+00 1.340000E+01
      vertex 3.368046E+01 6.491842E+00 1.340000E+01
      vertex 3.368046E+01 6.491842E+00 1.200000E+01
    endloop
  endfacet
  facet normal 2.829715E-02 -9.995995E-01 0.000000E+00
    outer loop
      vertex 3.368046E+01 6.491842E+00 1.340000E+01
      vertex 3.320715E+01 6.478443E+00 1.340000E+01
      vertex 3.320715E+01 6.478443E+00 1.200000E+01
    endloop
  endfacet
  facet normal 2.624950E-01 -9.649333E-01 0.000000E+00
    outer loop
      vertex 3.320715E+01 6.478443E+00 1.200000E+01
      vertex 3.275025E+01 6.354151E+00 1.340000E+01
      vertex 3.275025E+01 6.354151E+00 1.200000E+01
    endloop
  endfacet
  facet normal 2.624950E-01 -9.649333E-01 0.000000E+00
    outer loop
      vertex 3.320715E+01 6.478443E+00 1.340000E+01
      vertex 3.275025E+01 6.354151E+00 1.340000E+01
      vertex 3.320715E+01 6.478443E+00 1.200000E+01
    endloop
  endfacet
  facet normal 4.819800E-01 -8.761823E-01 0.000000E+00
    outer loop
      vertex 3.275025E+01 6.354151E+00 1.200000E+01
      vertex 3.233538E+01 6.125932E+00 1.340000E+01
      vertex 3.233538E+01 6.125932E+00 1.200000E+01
    endloop
  endfacet
  facet normal 4.819800E-01 -8.761823E-01 0.000000E+00
    outer loop
      vertex 3.275025E+01 6.354151E+00 1.340000E+01
      vertex 3.233538E+01 6.125932E+00 1.340000E+01
      vertex 3.275025E+01 6.354151E+00 1.200000E+01
    endloop
  endfacet
  facet normal 6.744524E-01 -7.383183E-01 0.000000E+00
    outer loop
      vertex 3.233538E+01 6.125932E+00 1.200000E+01
      vertex 3.198578E+01 5.806579E+00 1.340000E+01
      vertex 3.198578E+01 5.806579E+00 1.200000E+01
    endloop
  endfacet
  facet normal 6.744524E-01 -7.383183E-01 0.000000E+00
    outer loop
      vertex 3.233538E+01 6.125932E+00 1.340000E+01
      vertex 3.198578E+01 5.806579E+00 1.340000E+01
      vertex 3.233538E+01 6.125932E+00 1.200000E+01
    endloop
  endfacet
  facet normal 8.291189E-01 -5.590722E-01 0.000000E+00
    outer loop
      vertex 3.198578E+01 5.806579E+00 1.200000E+01
      vertex 3.172106E+01 5.413990E+00 1.340000E+01
      vertex 3.172106E+01 5.413990E+00 1.200000E+01
    endloop
  endfacet
  facet normal 8.291189E-01 -5.590722E-01 0.000000E+00
    outer loop
      vertex 3.198578E+01 5.806579E+00 1.340000E+01
      vertex 3.172106E+01 5.413990E+00 1.340000E+01
      vertex 3.198578E+01 5.806579E+00 1.200000E+01
    endloop
  endfacet
  facet normal 9.373125E-01 -3.484901E-01 0.000000E+00
    outer loop
      vertex 3.172106E+01 5.413990E+00 1.200000E+01
      vertex 3.155605E+01 4.970172E+00 1.340000E+01
      vertex 3.155605E+01 4.970172E+00 1.200000E+01
    endloop
  endfacet
  facet normal 9.373125E-01 -3.484901E-01 0.000000E+00
    outer loop
      vertex 3.172106E+01 5.413990E+00 1.340000E+01
      vertex 3.155605E+01 4.970172E+00 1.340000E+01
      vertex 3.172106E+01 5.413990E+00 1.200000E+01
    endloop
  endfacet
  facet normal 9.929689E-01 -1.183762E-01 0.000000E+00
    outer loop
      vertex 3.155605E+01 4.970172E+00 1.200000E+01
      vertex 3.150000E+01 4.500000E+00 1.340000E+01
      vertex 3.150000E+01 4.500000E+00 1.200000E+01
    endloop
  endfacet
  facet normal 9.929689E-01 -1.183762E-01 0.000000E+00
    outer loop
      vertex 3.155605E+01 4.970172E+00 1.340000E+01
      vertex 3.150000E+01 4.500000E+00 1.340000E+01
      vertex 3.155605E+01 4.970172E+00 1.200000E+01
    endloop
  endfacet
  facet normal -9.927096E-01 -1.205303E-01 0.000000E+00
    outer loop
      vertex 9.100000E+01 6.000000E+01 1.200000E+01
      vertex 9.100000E+01 6.000000E+01 1.340000E+01
      vertex 9.094189E+01 6.047863E+01 1.200000E+01
    endloop
  endfacet
  facet normal -9.350147E-01 -3.546092E-01 0.000000E+00
    outer loop
      vertex 9.094189E+01 6.047863E+01 1.200000E+01
      vertex 9.094189E+01 6.047863E+01 1.340000E+01
      vertex 9.077091E+01 6.092945E+01 1.200000E+01
    endloop
  endfacet
  facet normal -9.927096E-01 -1.205303E-01 0.000000E+00
    outer loop
      vertex 9.100000E+01 6.000000E+01 1.340000E+01
      vertex 9.094189E+01 6.047863E+01 1.340000E+01
      vertex 9.094189E+01 6.047863E+01 1.200000E+01
    endloop
  endfacet
  facet normal -8.229855E-01 -5.680624E-01 0.000000E+00
    outer loop
      vertex 9.077091E+01 6.092945E+01 1.200000E+01
      vertex 9.077091E+01 6.092945E+01 1.340000E+01
      vertex 9.049702E+01 6.132624E+01 1.200000E+01
    endloop
  endfacet
  facet normal -9.350147E-01 -3.546092E-01 0.000000E+00
    outer loop
      vertex 9.094189E+01 6.047863E+01 1.340000E+01
      vertex 9.077091E+01 6.092945E+01 1.340000E+01
      vertex 9.077091E+01 6.092945E+01 1.200000E+01
    endloop
  endfacet
  facet normal -6.631244E-01 -7.485092E-01 0.000000E+00
    outer loop
      vertex 9.049702E+01 6.132624E+01 1.200000E+01
      vertex 9.049702E+01 6.132624E+01 1.340000E+01
      vertex 9.013613E+01 6.164597E+01 1.200000E+01
    endloop
  endfacet
  facet normal -8.229855E-01 -5.680624E-01 0.000000E+00
    outer loop
      vertex 9.077091E+01 6.092945E+01 1.340000E+01
      vertex 9.049702E+01 6.132624E+01 1.340000E+01
      vertex 9.049702E+01 6.132624E+01 1.200000E+01
    endloop
  endfacet
  facet normal -4.647232E-01 -8.854560E-01 0.000000E+00
    outer loop
      vertex 9.013613E+01 6.164597E+01 1.200000E+01
      vertex 9.013613E+01 6.164597E+01 1.340000E+01
      vertex 8.970921E+01 6.187003E+01 1.200000E+01
    endloop
  endfacet
  facet normal -6.631244E-01 -7.485092E-01 0.000000E+00
    outer loop
      vertex 9.049702E+01 6.132624E+01 1.340000E+01
      vertex 9.013613E+01 6.164597E+01 1.340000E+01
      vertex 9.013613E+01 6.164597E+01 1.200000E+01
    endloop
  endfacet
  facet normal -2.393100E-01 -9.709433E-01 0.000000E+00
    outer loop
      vertex 8.970921E+01 6.187003E+01 1.200000E+01
      vertex 8.970921E+01 6.187003E+01 1.340000E+01
      vertex 8.924107E+01 6.198542E+01 1.200000E+01
    endloop
  endfacet
  facet normal -4.647232E-01 -8.854560E-01 0.000000E+00
    outer loop
      vertex 9.013613E+01 6.164597E+01 1.340000E+01
      vertex 8.970921E+01 6.187003E+01 1.340000E+01
      vertex 8.970921E+01 6.187003E+01 1.200000E+01
    endloop
  endfacet
  facet normal 0.000000E+00 -1.000000E+00 0.000000E+00
    outer loop
      vertex 8.924107E+01 6.198542E+01 1.200000E+01
      vertex 8.924107E+01 6.198542E+01 1.340000E+01
      vertex 8.875893E+01 6.198542E+01 1.200000E+01
    endloop
  endfacet
  facet normal -2.393100E-01 -9.709433E-01 0.000000E+00
    outer loop
      vertex 8.970921E+01 6.187003E+01 1.340000E+01
      vertex 8.924107E+01 6.198542E+01 1.340000E+01
      vertex 8.924107E+01 6.198542E+01 1.200000E+01
    endloop
  endfacet
  facet normal 2.393100E-01 -9.709433E-01 0.000000E+00
    outer loop
      vertex 8.875893E+01 6.198542E+01 1.200000E+01
      vertex 8.875893E+01 6.198542E+01 1.340000E+01
      vertex 8.829079E+01 6.187003E+01 1.200000E+01
    endloop
  endfacet
  facet normal -0.000000E+00 -1.000000E+00 0.000000E+00
    outer loop
      vertex 8.924107E+01 6.198542E+01 1.340000E+01
      vertex 8.875893E+01 6.198542E+01 1.340000E+01
      vertex 8.875893E+01 6.198542E+01 1.200000E+01
    endloop
  endfacet
  facet normal 4.647232E-01 -8.854560E-01 0.000000E+00
    outer loop
      vertex 8.829079E+01 6.187003E+01 1.200000E+01
      vertex 8.829079E+01 6.187003E+01 1.340000E+01
      vertex 8.786387E+01 6.164597E+01 1.200000E+01
    endloop
  endfacet
  facet normal 2.393100E-01 -9.709433E-01 0.000000E+00
    outer loop
      vertex 8.875893E+01 6.198542E+01 1.340000E+01
      vertex 8.829079E+01 6.187003E+01 1.340000E+01
      vertex 8.829079E+01 6.187003E+01 1.200000E+01
    endloop
  endfacet
  facet normal 6.631244E-01 -7.485092E-01 0.000000E+00
    outer loop
      vertex 8.786387E+01 6.164597E+01 1.200000E+01
      vertex 8.786387E+01 6.164597E+01 1.340000E+01
      vertex 8.750298E+01 6.132624E+01 1.200000E+01
    endloop
  endfacet
  facet normal 4.647232E-01 -8.854560E-01 0.000000E+00
    outer loop
      vertex 8.829079E+01 6.187003E+01 1.340000E+01
      vertex 8.786387E+01 6.164597E+01 1.340000E+01
      vertex 8.786387E+01 6.164597E+01 1.200000E+01
    endloop
  endfacet
  facet normal 8.229855E-01 -5.680624E-01 0.000000E+00
    outer loop
      vertex 8.750298E+01 6.132624E+01 1.200000E+01
      vertex 8.750298E+01 6.132624E+01 1.340000E+01
      vertex 8.722909E+01 6.092945E+01 1.200000E+01
    endloop
  endfacet
  facet normal 6.631244E-01 -7.485092E-01 0.000000E+00
    outer loop
      vertex 8.786387E+01 6.164597E+01 1.340000E+01
      vertex 8.750298E+01 6.132624E+01 1.340000E+01
      vertex 8.750298E+01 6.132624E+01 1.200000E+01
    endloop
  endfacet
  facet normal 9.350147E-01 -3.546092E-01 0.000000E+00
    outer loop
      vertex 8.722909E+01 6.092945E+01 1.200000E+01
      vertex 8.722909E+01 6.092945E+01 1.340000E+01
      vertex 8.705811E+01 6.047863E+01 1.200000E+01
    endloop
  endfacet
  facet normal 8.229855E-01 -5.680624E-01 0.000000E+00
    outer loop
      vertex 8.750298E+01 6.132624E+01 1.340000E+01
      vertex 8.722909E+01 6.092945E+01 1.340000E+01
      vertex 8.722909E+01 6.092945E+01 1.200000E+01
    endloop
  endfacet
  facet normal 9.927096E-01 -1.205303E-01 0.000000E+00
    outer loop
      vertex 8.705811E+01 6.047863E+01 1.200000E+01
      vertex 8.705811E+01 6.047863E+01 1.340000E+01
      vertex 8.700000E+01 6.000000E+01 1.200000E+01
    endloop
  endfacet
  facet normal 9.350147E-01 -3.546092E-01 0.000000E+00
    outer loop
      vertex 8.722909E+01 6.092945E+01 1.340000E+01
      vertex 8.705811E+01 6.047863E+01 1.340000E+01
      vertex 8.705811E+01 6.047863E+01 1.200000E+01
    endloop
  endfacet
  facet normal 9.927096E-01 -1.205303E-01 0.000000E+00
    outer loop
      vertex 8.705811E+01 6.047863E+01 1.340000E+01
      vertex 8.700000E+01 6.000000E+01 1.340000E+01
      vertex 8.700000E+01 6.000000E+01 1.200000E+01
    endloop
  endfacet
  facet normal -9.927087E-01 -1.205381E-01 0.000000E+00
    outer loop
      vertex -3.400000E+01 6.000000E+01 1.200000E+01
      vertex -3.400000E+01 6.000000E+01 1.340000E+01
      vertex -3.405812E+01 6.047863E+01 1.200000E+01
    endloop
  endfacet
  facet normal -9.350172E-01 -3.546022E-01 0.000000E+00
    outer loop
      vertex -3.405812E+01 6.047863E+01 1.200000E+01
      vertex -3.405812E+01 6.047863E+01 1.340000E+01
      vertex -3.422909E+01 6.092945E+01 1.200000E+01
    endloop
  endfacet
  facet normal -9.927087E-01 -1.205381E-01 0.000000E+00
    outer loop
      vertex -3.400000E+01 6.000000E+01 1.340000E+01
      vertex -3.405812E+01 6.047863E+01 1.340000E+01
      vertex -3.405812E+01 6.047863E+01 1.200000E+01
    endloop
  endfacet
  facet normal -8.229818E-01 -5.680678E-01 0.000000E+00
    outer loop
      vertex -3.422909E+01 6.092945E+01 1.200000E+01
      vertex -3.422909E+01 6.092945E+01 1.340000E+01
      vertex -3.450298E+01 6.132624E+01 1.200000E+01
    endloop
  endfacet
  facet normal -9.350172E-01 -3.546022E-01 0.000000E+00
    outer loop
      vertex -3.405812E+01 6.047863E+01 1.340000E+01
      vertex -3.422909E+01 6.092945E+01 1.340000E+01
      vertex -3.422909E+01 6.092945E+01 1.200000E+01
    endloop
  endfacet
  facet normal -6.631284E-01 -7.485058E-01 0.000000E+00
    outer loop
      vertex -3.450298E+01 6.132624E+01 1.200000E+01
      vertex -3.450298E+01 6.132624E+01 1.340000E+01
      vertex -3.486387E+01 6.164597E+01 1.200000E+01
    endloop
  endfacet
  facet normal -8.229818E-01 -5.680678E-01 0.000000E+00
    outer loop
      vertex -3.422909E+01 6.092945E+01 1.340000E+01
      vertex -3.450298E+01 6.132624E+01 1.340000E+01
      vertex -3.450298E+01 6.132624E+01 1.200000E+01
    endloop
  endfacet
  facet normal -4.647200E-01 -8.854577E-01 0.000000E+00
    outer loop
      vertex -3.486387E+01 6.164597E+01 1.200000E+01
      vertex -3.486387E+01 6.164597E+01 1.340000E+01
      vertex -3.529079E+01 6.187003E+01 1.200000E+01
    endloop
  endfacet
  facet normal -6.631284E-01 -7.485058E-01 0.000000E+00
    outer loop
      vertex -3.450298E+01 6.132624E+01 1.340000E+01
      vertex -3.486387E+01 6.164597E+01 1.340000E+01
      vertex -3.486387E+01 6.164597E+01 1.200000E+01
    endloop
  endfacet
  facet normal -2.393118E-01 -9.709427E-01 0.000000E+00
    outer loop
      vertex -3.529079E+01 6.187003E+01 1.200000E+01
      vertex -3.529079E+01 6.187003E+01 1.340000E+01
      vertex -3.575893E+01 6.198542E+01 1.200000E+01
    endloop
  endfacet
  facet normal -4.647200E-01 -8.854577E-01 0.000000E+00
    outer loop
      vertex -3.486387E+01 6.164597E+01 1.340000E+01
      vertex -3.529079E+01 6.187003E+01 1.340000E+01
      vertex -3.529079E+01 6.187003E+01 1.200000E+01
    endloop
  endfacet
  facet normal 0.000000E+00 -1.000000E+00 0.000000E+00
    outer loop
      vertex -3.575893E+01 6.198542E+01 1.200000E+01
      vertex -3.575893E+01 6.198542E+01 1.340000E+01
      vertex -3.624107E+01 6.198542E+01 1.200000E+01
    endloop
  endfacet
  facet normal -2.393118E-01 -9.709427E-01 0.000000E+00
    outer loop
      vertex -3.529079E+01 6.187003E+01 1.340000E+01
      vertex -3.575893E+01 6.198542E+01 1.340000E+01
      vertex -3.575893E+01 6.198542E+01 1.200000E+01
    endloop
  endfacet
  facet normal 2.393118E-01 -9.709427E-01 0.000000E+00
    outer loop
      vertex -3.624107E+01 6.198542E+01 1.200000E+01
      vertex -3.624107E+01 6.198542E+01 1.340000E+01
      vertex -3.670921E+01 6.187003E+01 1.200000E+01
    endloop
  endfacet
  facet normal -0.000000E+00 -1.000000E+00 0.000000E+00
    outer loop
      vertex -3.575893E+01 6.198542E+01 1.340000E+01
      vertex -3.624107E+01 6.198542E+01 1.340000E+01
      vertex -3.624107E+01 6.198542E+01 1.200000E+01
    endloop
  endfacet
  facet normal 4.647200E-01 -8.854577E-01 0.000000E+00
    outer loop
      vertex -3.670921E+01 6.187003E+01 1.200000E+01
      vertex -3.670921E+01 6.187003E+01 1.340000E+01
      vertex -3.713613E+01 6.164597E+01 1.200000E+01
    endloop
  endfacet
  facet normal 2.393118E-01 -9.709427E-01 0.000000E+00
    outer loop
      vertex -3.624107E+01 6.198542E+01 1.340000E+01
      vertex -3.670921E+01 6.187003E+01 1.340000E+01
      vertex -3.670921E+01 6.187003E+01 1.200000E+01
    endloop
  endfacet
  facet normal 6.631284E-01 -7.485058E-01 0.000000E+00
    outer loop
      vertex -3.713613E+01 6.164597E+01 1.200000E+01
      vertex -3.713613E+01 6.164597E+01 1.340000E+01
      vertex -3.749702E+01 6.132624E+01 1.200000E+01
    endloop
  endfacet
  facet normal 4.647200E-01 -8.854577E-01 0.000000E+00
    outer loop
      vertex -3.670921E+01 6.187003E+01 1.340000E+01
      vertex -3.713613E+01 6.164597E+01 1.340000E+01
      vertex -3.713613E+01 6.164597E+01 1.200000E+01
    endloop
  endfacet
  facet normal 8.229818E-01 -5.680678E-01 0.000000E+00
    outer loop
      vertex -3.749702E+01 6.132624E+01 1.200000E+01
      vertex -3.749702E+01 6.132624E+01 1.340000E+01
      vertex -3.777091E+01 6.092945E+01 1.200000E+01
    endloop
  endfacet
  facet normal 6.631284E-01 -7.485058E-01 0.000000E+00
    outer loop
      vertex -3.713613E+01 6.164597E+01 1.340000E+01
      vertex -3.749702E+01 6.132624E+01 1.340000E+01
      vertex -3.749702E+01 6.132624E+01 1.200000E+01
    endloop
  endfacet
  facet normal 9.350172E-01 -3.546022E-01 0.000000E+00
    outer loop
      vertex -3.777091E+01 6.092945E+01 1.200000E+01
      vertex -3.777091E+01 6.092945E+01 1.340000E+01
      vertex -3.794188E+01 6.047863E+01 1.200000E+01
    endloop
  endfacet
  facet normal 8.229818E-01 -5.680678E-01 0.000000E+00
    outer loop
      vertex -3.749702E+01 6.132624E+01 1.340000E+01
      vertex -3.777091E+01 6.092945E+01 1.340000E+01
      vertex -3.777091E+01 6.092945E+01 1.200000E+01
    endloop
  endfacet
  facet normal 9.927087E-01 -1.205381E-01 0.000000E+00
    outer loop
      vertex -3.794188E+01 6.047863E+01 1.200000E+01
      vertex -3.794188E+01 6.047863E+01 1.340000E+01
      vertex -3.800000E+01 6.000000E+01 1.200000E+01
    endloop
  endfacet
  facet normal 9.350172E-01 -3.546022E-01 0.000000E+00
    outer loop
      vertex -3.777091E+01 6.092945E+01 1.340000E+01
      vertex -3.794188E+01 6.047863E+01 1.340000E+01
      vertex -3.794188E+01 6.047863E+01 1.200000E+01
    endloop
  endfacet
  facet normal 9.927087E-01 -1.205381E-01 0.000000E+00
    outer loop
      vertex -3.794188E+01 6.047863E+01 1.340000E+01
      vertex -3.800000E+01 6.000000E+01 1.340000E+01
      vertex -3.800000E+01 6.000000E+01 1.200000E+01
    endloop
  endfacet
  facet normal -9.927087E-01 -1.205379E-01 0.000000E+00
    outer loop
      vertex -3.400000E+01 1.000000E+01 1.200000E+01
      vertex -3.400000E+01 1.000000E+01 1.340000E+01
      vertex -3.405812E+01 1.047863E+01 1.200000E+01
    endloop
  endfacet
  facet normal -9.350168E-01 -3.546036E-01 0.000000E+00
    outer loop
      vertex -3.405812E+01 1.047863E+01 1.200000E+01
      vertex -3.405812E+01 1.047863E+01 1.340000E+01
      vertex -3.422909E+01 1.092945E+01 1.200000E+01
    endloop
  endfacet
  facet normal -9.927087E-01 -1.205379E-01 0.000000E+00
    outer loop
      vertex -3.400000E+01 1.000000E+01 1.340000E+01
      vertex -3.405812E+01 1.047863E+01 1.340000E+01
      vertex -3.405812E+01 1.047863E+01 1.200000E+01
    endloop
  endfacet
  facet normal -8.229831E-01 -5.680659E-01 0.000000E+00
    outer loop
      vertex -3.422909E+01 1.092945E+01 1.200000E+01
      vertex -3.422909E+01 1.092945E+01 1.340000E+01
      vertex -3.450298E+01 1.132625E+01 1.200000E+01
    endloop
  endfacet
  facet normal -9.350168E-01 -3.546036E-01 0.000000E+00
    outer loop
      vertex -3.405812E+01 1.047863E+01 1.340000E+01
      vertex -3.422909E+01 1.092945E+01 1.340000E+01
      vertex -3.422909E+01 1.092945E+01 1.200000E+01
    endloop
  endfacet
  facet normal -6.631250E-01 -7.485086E-01 0.000000E+00
    outer loop
      vertex -3.450298E+01 1.132625E+01 1.200000E+01
      vertex -3.450298E+01 1.132625E+01 1.340000E+01
      vertex -3.486387E+01 1.164597E+01 1.200000E+01
    endloop
  endfacet
  facet normal -8.229831E-01 -5.680659E-01 0.000000E+00
    outer loop
      vertex -3.422909E+01 1.092945E+01 1.340000E+01
      vertex -3.450298E+01 1.132625E+01 1.340000E+01
      vertex -3.450298E+01 1.132625E+01 1.200000E+01
    endloop
  endfacet
  facet normal -4.647215E-01 -8.854569E-01 0.000000E+00
    outer loop
      vertex -3.486387E+01 1.164597E+01 1.200000E+01
      vertex -3.486387E+01 1.164597E+01 1.340000E+01
      vertex -3.529079E+01 1.187003E+01 1.200000E+01
    endloop
  endfacet
  facet normal -6.631250E-01 -7.485086E-01 0.000000E+00
    outer loop
      vertex -3.450298E+01 1.132625E+01 1.340000E+01
      vertex -3.486387E+01 1.164597E+01 1.340000E+01
      vertex -3.486387E+01 1.164597E+01 1.200000E+01
    endloop
  endfacet
  facet normal -2.393155E-01 -9.709418E-01 0.000000E+00
    outer loop
      vertex -3.529079E+01 1.187003E+01 1.200000E+01
      vertex -3.529079E+01 1.187003E+01 1.340000E+01
      vertex -3.575893E+01 1.198542E+01 1.200000E+01
    endloop
  endfacet
  facet normal -4.647215E-01 -8.854569E-01 0.000000E+00
    outer loop
      vertex -3.486387E+01 1.164597E+01 1.340000E+01
      vertex -3.529079E+01 1.187003E+01 1.340000E+01
      vertex -3.529079E+01 1.187003E+01 1.200000E+01
    endloop
  endfacet
  facet normal 0.000000E+00 -1.000000E+00 0.000000E+00
    outer loop
      vertex -3.575893E+01 1.198542E+01 1.200000E+01
      vertex -3.575893E+01 1.198542E+01 1.340000E+01
      vertex -3.624107E+01 1.198542E+01 1.200000E+01
    endloop
  endfacet
  facet normal -2.393155E-01 -9.709418E-01 0.000000E+00
    outer loop
      vertex -3.529079E+01 1.187003E+01 1.340000E+01
      vertex -3.575893E+01 1.198542E+01 1.340000E+01
      vertex -3.575893E+01 1.198542E+01 1.200000E+01
    endloop
  endfacet
  facet normal 2.393155E-01 -9.709418E-01 0.000000E+00
    outer loop
      vertex -3.624107E+01 1.198542E+01 1.200000E+01
      vertex -3.624107E+01 1.198542E+01 1.340000E+01
      vertex -3.670921E+01 1.187003E+01 1.200000E+01
    endloop
  endfacet
  facet normal -0.000000E+00 -1.000000E+00 0.000000E+00
    outer loop
      vertex -3.575893E+01 1.198542E+01 1.340000E+01
      vertex -3.624107E+01 1.198542E+01 1.340000E+01
      vertex -3.624107E+01 1.198542E+01 1.200000E+01
    endloop
  endfacet
  facet normal 4.647215E-01 -8.854569E-01 0.000000E+00
    outer loop
      vertex -3.670921E+01 1.187003E+01 1.200000E+01
      vertex -3.670921E+01 1.187003E+01 1.340000E+01
      vertex -3.713613E+01 1.164597E+01 1.200000E+01
    endloop
  endfacet
  facet normal 2.393155E-01 -9.709418E-01 0.000000E+00
    outer loop
      vertex -3.624107E+01 1.198542E+01 1.340000E+01
      vertex -3.670921E+01 1.187003E+01 1.340000E+01
      vertex -3.670921E+01 1.187003E+01 1.200000E+01
    endloop
  endfacet
  facet normal 6.631250E-01 -7.485086E-01 0.000000E+00
    outer loop
      vertex -3.713613E+01 1.164597E+01 1.200000E+01
      vertex -3.713613E+01 1.164597E+01 1.340000E+01
      vertex -3.749702E+01 1.132625E+01 1.200000E+01
    endloop
  endfacet
  facet normal 4.647215E-01 -8.854569E-01 0.000000E+00
    outer loop
      vertex -3.670921E+01 1.187003E+01 1.340000E+01
      vertex -3.713613E+01 1.164597E+01 1.340000E+01
      vertex -3.713613E+01 1.164597E+01 1.200000E+01
    endloop
  endfacet
  facet normal 8.229831E-01 -5.680659E-01 0.000000E+00
    outer loop
      vertex -3.749702E+01 1.132625E+01 1.200000E+01
      vertex -3.749702E+01 1.132625E+01 1.340000E+01
      vertex -3.777091E+01 1.092945E+01 1.200000E+01
    endloop
  endfacet
  facet normal 6.631250E-01 -7.485086E-01 0.000000E+00
    outer loop
      vertex -3.713613E+01 1.164597E+01 1.340000E+01
      vertex -3.749702E+01 1.132625E+01 1.340000E+01
      vertex -3.749702E+01 1.132625E+01 1.200000E+01
    endloop
  endfacet
  facet normal 9.350168E-01 -3.546036E-01 0.000000E+00
    outer loop
      vertex -3.777091E+01 1.092945E+01 1.200000E+01
      vertex -3.777091E+01 1.092945E+01 1.340000E+01
      vertex -3.794188E+01 1.047863E+01 1.200000E+01
    endloop
  endfacet
  facet normal 8.229831E-01 -5.680659E-01 0.000000E+00
    outer loop
      vertex -3.749702E+01 1.132625E+01 1.340000E+01
      vertex -3.777091E+01 1.092945E+01 1.340000E+01
      vertex -3.777091E+01 1.092945E+01 1.200000E+01
    endloop
  endfacet
  facet normal 9.927087E-01 -1.205379E-01 0.000000E+00
    outer loop
      vertex -3.794188E+01 1.047863E+01 1.200000E+01
      vertex -3.794188E+01 1.047863E+01 1.340000E+01
      vertex -3.800000E+01 1.000000E+01 1.200000E+01
    endloop
  endfacet
  facet normal 9.350168E-01 -3.546036E-01 0.000000E+00
    outer loop
      vertex -3.777091E+01 1.092945E+01 1.340000E+01
      vertex -3.794188E+01 1.047863E+01 1.340000E+01
      vertex -3.794188E+01 1.047863E+01 1.200000E+01
    endloop
  endfacet
  facet normal 9.927087E-01 -1.205379E-01 0.000000E+00
    outer loop
      vertex -3.794188E+01 1.047863E+01 1.340000E+01
      vertex -3.800000E+01 1.000000E+01 1.340000E+01
      vertex -3.800000E+01 1.000000E+01 1.200000E+01
    endloop
  endfacet
  facet normal -9.927981E-01 -1.197991E-01 0.000000E+00
    outer loop
      vertex 3.550000E+01 6.550000E+01 1.200000E+01
      vertex 3.544259E+01 6.597575E+01 1.340000E+01
      vertex 3.544259E+01 6.597575E+01 1.200000E+01
    endloop
  endfacet
  facet normal -9.927981E-01 -1.197991E-01 -0.000000E+00
    outer loop
      vertex 3.550000E+01 6.550000E+01 1.340000E+01
      vertex 3.544259E+01 6.597575E+01 1.340000E+01
      vertex 3.550000E+01 6.550000E+01 1.200000E+01
    endloop
  endfacet
  facet normal -9.358060E-01 -3.525154E-01 0.000000E+00
    outer loop
      vertex 3.544259E+01 6.597575E+01 1.200000E+01
      vertex 3.527367E+01 6.642419E+01 1.340000E+01
      vertex 3.527367E+01 6.642419E+01 1.200000E+01
    endloop
  endfacet
  facet normal -9.358060E-01 -3.525154E-01 -0.000000E+00
    outer loop
      vertex 3.544259E+01 6.597575E+01 1.340000E+01
      vertex 3.527367E+01 6.642419E+01 1.340000E+01
      vertex 3.544259E+01 6.597575E+01 1.200000E+01
    endloop
  endfacet
  facet normal -8.250834E-01 -5.650110E-01 0.000000E+00
    outer loop
      vertex 3.527367E+01 6.642419E+01 1.200000E+01
      vertex 3.500291E+01 6.681956E+01 1.340000E+01
      vertex 3.500291E+01 6.681956E+01 1.200000E+01
    endloop
  endfacet
  facet normal -8.250834E-01 -5.650110E-01 -0.000000E+00
    outer loop
      vertex 3.527367E+01 6.642419E+01 1.340000E+01
      vertex 3.500291E+01 6.681956E+01 1.340000E+01
      vertex 3.527367E+01 6.642419E+01 1.200000E+01
    endloop
  endfacet
  facet normal -6.670022E-01 -7.450558E-01 0.000000E+00
    outer loop
      vertex 3.500291E+01 6.681956E+01 1.200000E+01
      vertex 3.464589E+01 6.713919E+01 1.340000E+01
      vertex 3.464589E+01 6.713919E+01 1.200000E+01
    endloop
  endfacet
  facet normal -6.670022E-01 -7.450558E-01 -0.000000E+00
    outer loop
      vertex 3.500291E+01 6.681956E+01 1.340000E+01
      vertex 3.464589E+01 6.713919E+01 1.340000E+01
      vertex 3.500291E+01 6.681956E+01 1.200000E+01
    endloop
  endfacet
  facet normal -4.706312E-01 -8.823300E-01 0.000000E+00
    outer loop
      vertex 3.464589E+01 6.713919E+01 1.200000E+01
      vertex 3.422308E+01 6.736472E+01 1.340000E+01
      vertex 3.422308E+01 6.736472E+01 1.200000E+01
    endloop
  endfacet
  facet normal -4.706312E-01 -8.823300E-01 -0.000000E+00
    outer loop
      vertex 3.464589E+01 6.713919E+01 1.340000E+01
      vertex 3.422308E+01 6.736472E+01 1.340000E+01
      vertex 3.464589E+01 6.713919E+01 1.200000E+01
    endloop
  endfacet
  facet normal -2.472379E-01 -9.689549E-01 0.000000E+00
    outer loop
      vertex 3.422308E+01 6.736472E+01 1.200000E+01
      vertex 3.375875E+01 6.748319E+01 1.340000E+01
      vertex 3.375875E+01 6.748319E+01 1.200000E+01
    endloop
  endfacet
  facet normal -2.472379E-01 -9.689549E-01 -0.000000E+00
    outer loop
      vertex 3.422308E+01 6.736472E+01 1.340000E+01
      vertex 3.375875E+01 6.748319E+01 1.340000E+01
      vertex 3.422308E+01 6.736472E+01 1.200000E+01
    endloop
  endfacet
  facet normal -9.648234E-03 -9.999534E-01 0.000000E+00
    outer loop
      vertex 3.375875E+01 6.748319E+01 1.200000E+01
      vertex 3.327958E+01 6.748782E+01 1.340000E+01
      vertex 3.327958E+01 6.748782E+01 1.200000E+01
    endloop
  endfacet
  facet normal -9.648234E-03 -9.999534E-01 -0.000000E+00
    outer loop
      vertex 3.375875E+01 6.748319E+01 1.340000E+01
      vertex 3.327958E+01 6.748782E+01 1.340000E+01
      vertex 3.375875E+01 6.748319E+01 1.200000E+01
    endloop
  endfacet
  facet normal 2.284846E-01 -9.735475E-01 0.000000E+00
    outer loop
      vertex 3.327958E+01 6.748782E+01 1.200000E+01
      vertex 3.281305E+01 6.737833E+01 1.340000E+01
      vertex 3.281305E+01 6.737833E+01 1.200000E+01
    endloop
  endfacet
  facet normal 2.284846E-01 -9.735475E-01 0.000000E+00
    outer loop
      vertex 3.327958E+01 6.748782E+01 1.340000E+01
      vertex 3.281305E+01 6.737833E+01 1.340000E+01
      vertex 3.327958E+01 6.748782E+01 1.200000E+01
    endloop
  endfacet
  facet normal 4.535136E-01 -8.912494E-01 0.000000E+00
    outer loop
      vertex 3.281305E+01 6.737833E+01 1.200000E+01
      vertex 3.238597E+01 6.716100E+01 1.340000E+01
      vertex 3.238597E+01 6.716100E+01 1.200000E+01
    endloop
  endfacet
  facet normal 4.535136E-01 -8.912494E-01 0.000000E+00
    outer loop
      vertex 3.281305E+01 6.737833E+01 1.340000E+01
      vertex 3.238597E+01 6.716100E+01 1.340000E+01
      vertex 3.281305E+01 6.737833E+01 1.200000E+01
    endloop
  endfacet
  facet normal 6.524969E-01 -7.577915E-01 0.000000E+00
    outer loop
      vertex 3.238597E+01 6.716100E+01 1.200000E+01
      vertex 3.202283E+01 6.684833E+01 1.340000E+01
      vertex 3.202283E+01 6.684833E+01 1.200000E+01
    endloop
  endfacet
  facet normal 6.524969E-01 -7.577915E-01 0.000000E+00
    outer loop
      vertex 3.238597E+01 6.716100E+01 1.340000E+01
      vertex 3.202283E+01 6.684833E+01 1.340000E+01
      vertex 3.238597E+01 6.716100E+01 1.200000E+01
    endloop
  endfacet
  facet normal 8.140305E-01 -5.808221E-01 0.000000E+00
    outer loop
      vertex 3.202283E+01 6.684833E+01 1.200000E+01
      vertex 3.174450E+01 6.645824E+01 1.340000E+01
      vertex 3.174450E+01 6.645824E+01 1.200000E+01
    endloop
  endfacet
  facet normal 9.145586E-01 -4.044532E-01 0.000000E+00
    outer loop
      vertex 3.174450E+01 6.645824E+01 1.200000E+01
      vertex 3.174450E+01 6.645824E+01 1.340000E+01
      vertex 3.160994E+01 6.615395E+01 1.200000E+01
    endloop
  endfacet
  facet normal 8.140305E-01 -5.808221E-01 0.000000E+00
    outer loop
      vertex 3.202283E+01 6.684833E+01 1.340000E+01
      vertex 3.174450E+01 6.645824E+01 1.340000E+01
      vertex 3.202283E+01 6.684833E+01 1.200000E+01
    endloop
  endfacet
  facet normal 9.689549E-01 -2.472376E-01 0.000000E+00
    outer loop
      vertex 3.160994E+01 6.615395E+01 1.200000E+01
      vertex 3.160994E+01 6.615395E+01 1.340000E+01
      vertex 3.152768E+01 6.583157E+01 1.200000E+01
    endloop
  endfacet
  facet normal 9.145586E-01 -4.044532E-01 0.000000E+00
    outer loop
      vertex 3.174450E+01 6.645824E+01 1.340000E+01
      vertex 3.160994E+01 6.615395E+01 1.340000E+01
      vertex 3.160994E+01 6.615395E+01 1.200000E+01
    endloop
  endfacet
  facet normal 9.965345E-01 -8.318022E-02 0.000000E+00
    outer loop
      vertex 3.152768E+01 6.583157E+01 1.200000E+01
      vertex 3.152768E+01 6.583157E+01 1.340000E+01
      vertex 3.150000E+01 6.550000E+01 1.200000E+01
    endloop
  endfacet
  facet normal 9.689549E-01 -2.472376E-01 0.000000E+00
    outer loop
      vertex 3.160994E+01 6.615395E+01 1.340000E+01
      vertex 3.152768E+01 6.583157E+01 1.340000E+01
      vertex 3.152768E+01 6.583157E+01 1.200000E+01
    endloop
  endfacet
  facet normal 9.965345E-01 -8.318022E-02 0.000000E+00
    outer loop
      vertex 3.152768E+01 6.583157E+01 1.340000E+01
      vertex 3.150000E+01 6.550000E+01 1.340000E+01
      vertex 3.150000E+01 6.550000E+01 1.200000E+01
    endloop
  endfacet
  facet normal -9.923481E-01 -1.234720E-01 0.000000E+00
    outer loop
      vertex 9.100000E+01 1.000000E+01 1.200000E+01
      vertex 9.093902E+01 1.049011E+01 1.340000E+01
      vertex 9.093902E+01 1.049011E+01 1.200000E+01
    endloop
  endfacet
  facet normal -9.923481E-01 -1.234720E-01 -0.000000E+00
    outer loop
      vertex 9.100000E+01 1.000000E+01 1.340000E+01
      vertex 9.093902E+01 1.049011E+01 1.340000E+01
      vertex 9.100000E+01 1.000000E+01 1.200000E+01
    endloop
  endfacet
  facet normal -9.318311E-01 -3.628924E-01 0.000000E+00
    outer loop
      vertex 9.093902E+01 1.049011E+01 1.200000E+01
      vertex 9.075979E+01 1.095034E+01 1.340000E+01
      vertex 9.075979E+01 1.095034E+01 1.200000E+01
    endloop
  endfacet
  facet normal -9.318311E-01 -3.628924E-01 -0.000000E+00
    outer loop
      vertex 9.093902E+01 1.049011E+01 1.340000E+01
      vertex 9.075979E+01 1.095034E+01 1.340000E+01
      vertex 9.093902E+01 1.049011E+01 1.200000E+01
    endloop
  endfacet
  facet normal -8.144904E-01 -5.801770E-01 0.000000E+00
    outer loop
      vertex 9.075979E+01 1.095034E+01 1.200000E+01
      vertex 9.047324E+01 1.135261E+01 1.340000E+01
      vertex 9.047324E+01 1.135261E+01 1.200000E+01
    endloop
  endfacet
  facet normal -8.144904E-01 -5.801770E-01 -0.000000E+00
    outer loop
      vertex 9.075979E+01 1.095034E+01 1.340000E+01
      vertex 9.047324E+01 1.135261E+01 1.340000E+01
      vertex 9.075979E+01 1.095034E+01 1.200000E+01
    endloop
  endfacet
  facet normal -6.474865E-01 -7.620769E-01 0.000000E+00
    outer loop
      vertex 9.047324E+01 1.135261E+01 1.200000E+01
      vertex 9.009686E+01 1.167239E+01 1.340000E+01
      vertex 9.009686E+01 1.167239E+01 1.200000E+01
    endloop
  endfacet
  facet normal -6.474865E-01 -7.620769E-01 -0.000000E+00
    outer loop
      vertex 9.047324E+01 1.135261E+01 1.340000E+01
      vertex 9.009686E+01 1.167239E+01 1.340000E+01
      vertex 9.047324E+01 1.135261E+01 1.200000E+01
    endloop
  endfacet
  facet normal -4.409852E-01 -8.975144E-01 0.000000E+00
    outer loop
      vertex 9.009686E+01 1.167239E+01 1.200000E+01
      vertex 8.965359E+01 1.189019E+01 1.340000E+01
      vertex 8.965359E+01 1.189019E+01 1.200000E+01
    endloop
  endfacet
  facet normal -4.409852E-01 -8.975144E-01 -0.000000E+00
    outer loop
      vertex 9.009686E+01 1.167239E+01 1.340000E+01
      vertex 8.965359E+01 1.189019E+01 1.340000E+01
      vertex 9.009686E+01 1.167239E+01 1.200000E+01
    endloop
  endfacet
  facet normal -2.075992E-01 -9.782140E-01 0.000000E+00
    outer loop
      vertex 8.965359E+01 1.189019E+01 1.200000E+01
      vertex 8.917046E+01 1.199272E+01 1.340000E+01
      vertex 8.917046E+01 1.199272E+01 1.200000E+01
    endloop
  endfacet
  facet normal -2.075992E-01 -9.782140E-01 -0.000000E+00
    outer loop
      vertex 8.965359E+01 1.189019E+01 1.340000E+01
      vertex 8.917046E+01 1.199272E+01 1.340000E+01
      vertex 8.965359E+01 1.189019E+01 1.200000E+01
    endloop
  endfacet
  facet normal 3.844855E-02 -9.992605E-01 0.000000E+00
    outer loop
      vertex 8.917046E+01 1.199272E+01 1.200000E+01
      vertex 8.867693E+01 1.197373E+01 1.340000E+01
      vertex 8.867693E+01 1.197373E+01 1.200000E+01
    endloop
  endfacet
  facet normal 3.844855E-02 -9.992605E-01 0.000000E+00
    outer loop
      vertex 8.917046E+01 1.199272E+01 1.340000E+01
      vertex 8.867693E+01 1.197373E+01 1.340000E+01
      vertex 8.917046E+01 1.199272E+01 1.200000E+01
    endloop
  endfacet
  facet normal 2.821514E-01 -9.593699E-01 0.000000E+00
    outer loop
      vertex 8.867693E+01 1.197373E+01 1.200000E+01
      vertex 8.820310E+01 1.183438E+01 1.340000E+01
      vertex 8.820310E+01 1.183438E+01 1.200000E+01
    endloop
  endfacet
  facet normal 2.821514E-01 -9.593699E-01 0.000000E+00
    outer loop
      vertex 8.867693E+01 1.197373E+01 1.340000E+01
      vertex 8.820310E+01 1.183438E+01 1.340000E+01
      vertex 8.867693E+01 1.197373E+01 1.200000E+01
    endloop
  endfacet
  facet normal 5.086513E-01 -8.609726E-01 0.000000E+00
    outer loop
      vertex 8.820310E+01 1.183438E+01 1.200000E+01
      vertex 8.777788E+01 1.158317E+01 1.340000E+01
      vertex 8.777788E+01 1.158317E+01 1.200000E+01
    endloop
  endfacet
  facet normal 5.086513E-01 -8.609726E-01 0.000000E+00
    outer loop
      vertex 8.820310E+01 1.183438E+01 1.340000E+01
      vertex 8.777788E+01 1.158317E+01 1.340000E+01
      vertex 8.820310E+01 1.183438E+01 1.200000E+01
    endloop
  endfacet
  facet normal 7.041259E-01 -7.100751E-01 0.000000E+00
    outer loop
      vertex 8.777788E+01 1.158317E+01 1.200000E+01
      vertex 8.742718E+01 1.123540E+01 1.340000E+01
      vertex 8.742718E+01 1.123540E+01 1.200000E+01
    endloop
  endfacet
  facet normal 7.041259E-01 -7.100751E-01 0.000000E+00
    outer loop
      vertex 8.777788E+01 1.158317E+01 1.340000E+01
      vertex 8.742718E+01 1.123540E+01 1.340000E+01
      vertex 8.777788E+01 1.158317E+01 1.200000E+01
    endloop
  endfacet
  facet normal 8.566597E-01 -5.158819E-01 0.000000E+00
    outer loop
      vertex 8.742718E+01 1.123540E+01 1.200000E+01
      vertex 8.717239E+01 1.081230E+01 1.340000E+01
      vertex 8.717239E+01 1.081230E+01 1.200000E+01
    endloop
  endfacet
  facet normal 9.398761E-01 -3.415155E-01 0.000000E+00
    outer loop
      vertex 8.717239E+01 1.081230E+01 1.200000E+01
      vertex 8.717239E+01 1.081230E+01 1.340000E+01
      vertex 8.707724E+01 1.055045E+01 1.200000E+01
    endloop
  endfacet
  facet normal 8.566597E-01 -5.158819E-01 0.000000E+00
    outer loop
      vertex 8.742718E+01 1.123540E+01 1.340000E+01
      vertex 8.717239E+01 1.081230E+01 1.340000E+01
      vertex 8.742718E+01 1.123540E+01 1.200000E+01
    endloop
  endfacet
  facet normal 9.782130E-01 -2.076036E-01 0.000000E+00
    outer loop
      vertex 8.707724E+01 1.055045E+01 1.200000E+01
      vertex 8.707724E+01 1.055045E+01 1.340000E+01
      vertex 8.701940E+01 1.027792E+01 1.200000E+01
    endloop
  endfacet
  facet normal 9.398761E-01 -3.415155E-01 0.000000E+00
    outer loop
      vertex 8.717239E+01 1.081230E+01 1.340000E+01
      vertex 8.707724E+01 1.055045E+01 1.340000E+01
      vertex 8.707724E+01 1.055045E+01 1.200000E+01
    endloop
  endfacet
  facet normal 9.975722E-01 -6.963945E-02 0.000000E+00
    outer loop
      vertex 8.701940E+01 1.027792E+01 1.200000E+01
      vertex 8.701940E+01 1.027792E+01 1.340000E+01
      vertex 8.700000E+01 1.000000E+01 1.200000E+01
    endloop
  endfacet
  facet normal 9.782130E-01 -2.076036E-01 0.000000E+00
    outer loop
      vertex 8.707724E+01 1.055045E+01 1.340000E+01
      vertex 8.701940E+01 1.027792E+01 1.340000E+01
      vertex 8.701940E+01 1.027792E+01 1.200000E+01
    endloop
  endfacet
  facet normal 9.975722E-01 -6.963945E-02 0.000000E+00
    outer loop
      vertex 8.701940E+01 1.027792E+01 1.340000E+01
      vertex 8.700000E+01 1.000000E+01 1.340000E+01
      vertex 8.700000E+01 1.000000E+01 1.200000E+01
    endloop
  endfacet
  facet normal -9.972939E-01 7.351618E-02 0.000000E+00
    outer loop
      vertex 8.160000E+00 4.300000E+01 1.900000E+01
      vertex 8.150164E+00 4.286657E+01 1.300000E+01
      vertex 8.150164E+00 4.286657E+01 1.900000E+01
    endloop
  endfacet
  facet normal -9.972939E-01 7.351618E-02 0.000000E+00
    outer loop
      vertex 8.160000E+00 4.300000E+01 1.300000E+01
      vertex 8.150164E+00 4.286657E+01 1.300000E+01
      vertex 8.160000E+00 4.300000E+01 1.900000E+01
    endloop
  endfacet
  facet normal -9.757357E-01 2.189518E-01 0.000000E+00
    outer loop
      vertex 8.150164E+00 4.286657E+01 1.900000E+01
      vertex 8.120868E+00 4.273601E+01 1.300000E+01
      vertex 8.120868E+00 4.273601E+01 1.900000E+01
    endloop
  endfacet
  facet normal -9.757357E-01 2.189518E-01 0.000000E+00
    outer loop
      vertex 8.150164E+00 4.286657E+01 1.300000E+01
      vertex 8.120868E+00 4.273601E+01 1.300000E+01
      vertex 8.150164E+00 4.286657E+01 1.900000E+01
    endloop
  endfacet
  facet normal -9.330808E-01 3.596668E-01 0.000000E+00
    outer loop
      vertex 8.120868E+00 4.273601E+01 1.900000E+01
      vertex 8.072745E+00 4.261117E+01 1.300000E+01
      vertex 8.072745E+00 4.261117E+01 1.900000E+01
    endloop
  endfacet
  facet normal -9.330808E-01 3.596668E-01 0.000000E+00
    outer loop
      vertex 8.120868E+00 4.273601E+01 1.300000E+01
      vertex 8.072745E+00 4.261117E+01 1.300000E+01
      vertex 8.120868E+00 4.273601E+01 1.900000E+01
    endloop
  endfacet
  facet normal -8.450061E-01 5.347566E-01 0.000000E+00
    outer loop
      vertex 8.072745E+00 4.261117E+01 1.900000E+01
      vertex 7.953595E+00 4.242289E+01 1.300000E+01
      vertex 7.953595E+00 4.242289E+01 1.900000E+01
    endloop
  endfacet
  facet normal -8.450061E-01 5.347566E-01 0.000000E+00
    outer loop
      vertex 8.072745E+00 4.261117E+01 1.300000E+01
      vertex 7.953595E+00 4.242289E+01 1.300000E+01
      vertex 8.072745E+00 4.261117E+01 1.900000E+01
    endloop
  endfacet
  facet normal -6.897250E-01 7.240713E-01 0.000000E+00
    outer loop
      vertex 7.953595E+00 4.242289E+01 1.900000E+01
      vertex 7.792263E+00 4.226921E+01 1.300000E+01
      vertex 7.792263E+00 4.226921E+01 1.900000E+01
    endloop
  endfacet
  facet normal -6.897250E-01 7.240713E-01 0.000000E+00
    outer loop
      vertex 7.953595E+00 4.242289E+01 1.300000E+01
      vertex 7.792263E+00 4.226921E+01 1.300000E+01
      vertex 7.953595E+00 4.242289E+01 1.900000E+01
    endloop
  endfacet
  facet normal -4.930946E-01 8.699757E-01 0.000000E+00
    outer loop
      vertex 7.792263E+00 4.226921E+01 1.900000E+01
      vertex 7.598423E+00 4.215934E+01 1.300000E+01
      vertex 7.598423E+00 4.215934E+01 1.900000E+01
    endloop
  endfacet
  facet normal -4.930946E-01 8.699757E-01 0.000000E+00
    outer loop
      vertex 7.792263E+00 4.226921E+01 1.300000E+01
      vertex 7.598423E+00 4.215934E+01 1.300000E+01
      vertex 7.792263E+00 4.226921E+01 1.900000E+01
    endloop
  endfacet
  facet normal -2.668961E-01 9.637253E-01 0.000000E+00
    outer loop
      vertex 7.598423E+00 4.215934E+01 1.900000E+01
      vertex 7.383694E+00 4.209988E+01 1.300000E+01
      vertex 7.383694E+00 4.209988E+01 1.900000E+01
    endloop
  endfacet
  facet normal -2.668961E-01 9.637253E-01 0.000000E+00
    outer loop
      vertex 7.598423E+00 4.215934E+01 1.300000E+01
      vertex 7.383694E+00 4.209988E+01 1.300000E+01
      vertex 7.598423E+00 4.215934E+01 1.900000E+01
    endloop
  endfacet
  facet normal -2.472228E-02 9.996944E-01 0.000000E+00
    outer loop
      vertex 7.383694E+00 4.209988E+01 1.900000E+01
      vertex 7.160950E+00 4.209437E+01 1.300000E+01
      vertex 7.160950E+00 4.209437E+01 1.900000E+01
    endloop
  endfacet
  facet normal 2.189571E-01 9.757345E-01 0.000000E+00
    outer loop
      vertex 7.160950E+00 4.209437E+01 1.900000E+01
      vertex 7.160950E+00 4.209437E+01 1.300000E+01
      vertex 6.943545E+00 4.214315E+01 1.900000E+01
    endloop
  endfacet
  facet normal -2.472228E-02 9.996944E-01 0.000000E+00
    outer loop
      vertex 7.383694E+00 4.209988E+01 1.300000E+01
      vertex 7.160950E+00 4.209437E+01 1.300000E+01
      vertex 7.383694E+00 4.209988E+01 1.900000E+01
    endloop
  endfacet
  facet normal 4.495046E-01 8.932781E-01 0.000000E+00
    outer loop
      vertex 6.943545E+00 4.214315E+01 1.900000E+01
      vertex 6.943545E+00 4.214315E+01 1.300000E+01
      vertex 6.744513E+00 4.224331E+01 1.900000E+01
    endloop
  endfacet
  facet normal 2.189571E-01 9.757345E-01 0.000000E+00
    outer loop
      vertex 7.160950E+00 4.209437E+01 1.300000E+01
      vertex 6.943545E+00 4.214315E+01 1.300000E+01
      vertex 6.943545E+00 4.214315E+01 1.900000E+01
    endloop
  endfacet
  facet normal 6.531028E-01 7.572693E-01 0.000000E+00
    outer loop
      vertex 6.744513E+00 4.224331E+01 1.900000E+01
      vertex 6.744513E+00 4.224331E+01 1.300000E+01
      vertex 6.575784E+00 4.238883E+01 1.900000E+01
    endloop
  endfacet
  facet normal 4.495046E-01 8.932781E-01 0.000000E+00
    outer loop
      vertex 6.943545E+00 4.214315E+01 1.300000E+01
      vertex 6.744513E+00 4.224331E+01 1.300000E+01
      vertex 6.744513E+00 4.224331E+01 1.900000E+01
    endloop
  endfacet
  facet normal 8.175465E-01 5.758625E-01 0.000000E+00
    outer loop
      vertex 6.575784E+00 4.238883E+01 1.900000E+01
      vertex 6.575784E+00 4.238883E+01 1.300000E+01
      vertex 6.447474E+00 4.257099E+01 1.900000E+01
    endloop
  endfacet
  facet normal 6.531028E-01 7.572693E-01 0.000000E+00
    outer loop
      vertex 6.744513E+00 4.224331E+01 1.300000E+01
      vertex 6.575784E+00 4.238883E+01 1.300000E+01
      vertex 6.575784E+00 4.238883E+01 1.900000E+01
    endloop
  endfacet
  facet normal 9.329786E-01 3.599318E-01 0.000000E+00
    outer loop
      vertex 6.447474E+00 4.257099E+01 1.900000E+01
      vertex 6.447474E+00 4.257099E+01 1.300000E+01
      vertex 6.367278E+00 4.277887E+01 1.900000E+01
    endloop
  endfacet
  facet normal 8.175465E-01 5.758625E-01 0.000000E+00
    outer loop
      vertex 6.575784E+00 4.238883E+01 1.300000E+01
      vertex 6.447474E+00 4.257099E+01 1.300000E+01
      vertex 6.447474E+00 4.257099E+01 1.900000E+01
    endloop
  endfacet
  facet normal 9.924778E-01 1.224247E-01 0.000000E+00
    outer loop
      vertex 6.367278E+00 4.277887E+01 1.900000E+01
      vertex 6.367278E+00 4.277887E+01 1.300000E+01
      vertex 6.340000E+00 4.300000E+01 1.900000E+01
    endloop
  endfacet
  facet normal 9.329786E-01 3.599318E-01 0.000000E+00
    outer loop
      vertex 6.447474E+00 4.257099E+01 1.300000E+01
      vertex 6.367278E+00 4.277887E+01 1.300000E+01
      vertex 6.367278E+00 4.277887E+01 1.900000E+01
    endloop
  endfacet
  facet normal 9.924778E-01 1.224247E-01 0.000000E+00
    outer loop
      vertex 6.367278E+00 4.277887E+01 1.300000E+01
      vertex 6.340000E+00 4.300000E+01 1.300000E+01
      vertex 6.340000E+00 4.300000E+01 1.900000E+01
    endloop
  endfacet
  facet normal -9.944919E-01 1.048144E-01 0.000000E+00
    outer loop
      vertex 8.160000E+00 2.700000E+01 1.900000E+01
      vertex 8.140005E+00 2.681029E+01 1.300000E+01
      vertex 8.140005E+00 2.681029E+01 1.900000E+01
    endloop
  endfacet
  facet normal -9.944919E-01 1.048144E-01 0.000000E+00
    outer loop
      vertex 8.160000E+00 2.700000E+01 1.300000E+01
      vertex 8.140005E+00 2.681029E+01 1.300000E+01
      vertex 8.160000E+00 2.700000E+01 1.900000E+01
    endloop
  endfacet
  facet normal -9.507891E-01 3.098391E-01 0.000000E+00
    outer loop
      vertex 8.140005E+00 2.681029E+01 1.900000E+01
      vertex 8.080899E+00 2.662891E+01 1.300000E+01
      vertex 8.080899E+00 2.662891E+01 1.900000E+01
    endloop
  endfacet
  facet normal -8.653052E-01 5.012453E-01 0.000000E+00
    outer loop
      vertex 8.080899E+00 2.662891E+01 1.900000E+01
      vertex 8.080899E+00 2.662891E+01 1.300000E+01
      vertex 7.985281E+00 2.646384E+01 1.900000E+01
    endloop
  endfacet
  facet normal -9.507891E-01 3.098391E-01 0.000000E+00
    outer loop
      vertex 8.140005E+00 2.681029E+01 1.300000E+01
      vertex 8.080899E+00 2.662891E+01 1.300000E+01
      vertex 8.140005E+00 2.681029E+01 1.900000E+01
    endloop
  endfacet
  facet normal -7.356247E-01 6.773893E-01 0.000000E+00
    outer loop
      vertex 7.985281E+00 2.646384E+01 1.900000E+01
      vertex 7.985281E+00 2.646384E+01 1.300000E+01
      vertex 7.844842E+00 2.631133E+01 1.900000E+01
    endloop
  endfacet
  facet normal -8.653052E-01 5.012453E-01 0.000000E+00
    outer loop
      vertex 8.080899E+00 2.662891E+01 1.300000E+01
      vertex 7.985281E+00 2.646384E+01 1.300000E+01
      vertex 7.985281E+00 2.646384E+01 1.900000E+01
    endloop
  endfacet
  facet normal -5.632100E-01 8.263139E-01 0.000000E+00
    outer loop
      vertex 7.844842E+00 2.631133E+01 1.900000E+01
      vertex 7.844842E+00 2.631133E+01 1.300000E+01
      vertex 7.673529E+00 2.619457E+01 1.900000E+01
    endloop
  endfacet
  facet normal -7.356247E-01 6.773893E-01 0.000000E+00
    outer loop
      vertex 7.985281E+00 2.646384E+01 1.300000E+01
      vertex 7.844842E+00 2.631133E+01 1.300000E+01
      vertex 7.844842E+00 2.631133E+01 1.900000E+01
    endloop
  endfacet
  facet normal -3.615657E-01 9.323466E-01 0.000000E+00
    outer loop
      vertex 7.673529E+00 2.619457E+01 1.900000E+01
      vertex 7.673529E+00 2.619457E+01 1.300000E+01
      vertex 7.480233E+00 2.611961E+01 1.900000E+01
    endloop
  endfacet
  facet normal -5.632100E-01 8.263139E-01 0.000000E+00
    outer loop
      vertex 7.844842E+00 2.631133E+01 1.300000E+01
      vertex 7.673529E+00 2.619457E+01 1.300000E+01
      vertex 7.673529E+00 2.619457E+01 1.900000E+01
    endloop
  endfacet
  facet normal -1.411454E-01 9.899889E-01 0.000000E+00
    outer loop
      vertex 7.480233E+00 2.611961E+01 1.900000E+01
      vertex 7.480233E+00 2.611961E+01 1.300000E+01
      vertex 7.274986E+00 2.609034E+01 1.900000E+01
    endloop
  endfacet
  facet normal -3.615657E-01 9.323466E-01 0.000000E+00
    outer loop
      vertex 7.673529E+00 2.619457E+01 1.300000E+01
      vertex 7.480233E+00 2.611961E+01 1.300000E+01
      vertex 7.480233E+00 2.611961E+01 1.900000E+01
    endloop
  endfacet
  facet normal 8.658952E-02 9.962440E-01 0.000000E+00
    outer loop
      vertex 7.274986E+00 2.609034E+01 1.900000E+01
      vertex 7.274986E+00 2.609034E+01 1.300000E+01
      vertex 7.068442E+00 2.610830E+01 1.900000E+01
    endloop
  endfacet
  facet normal -1.411454E-01 9.899889E-01 0.000000E+00
    outer loop
      vertex 7.480233E+00 2.611961E+01 1.300000E+01
      vertex 7.274986E+00 2.609034E+01 1.300000E+01
      vertex 7.274986E+00 2.609034E+01 1.900000E+01
    endloop
  endfacet
  facet normal 3.098354E-01 9.507902E-01 0.000000E+00
    outer loop
      vertex 7.068442E+00 2.610830E+01 1.900000E+01
      vertex 7.068442E+00 2.610830E+01 1.300000E+01
      vertex 6.871323E+00 2.617253E+01 1.900000E+01
    endloop
  endfacet
  facet normal 8.658952E-02 9.962440E-01 0.000000E+00
    outer loop
      vertex 7.274986E+00 2.609034E+01 1.300000E+01
      vertex 7.068442E+00 2.610830E+01 1.300000E+01
      vertex 7.068442E+00 2.610830E+01 1.900000E+01
    endloop
  endfacet
  facet normal 5.170056E-01 8.559820E-01 0.000000E+00
    outer loop
      vertex 6.871323E+00 2.617253E+01 1.900000E+01
      vertex 6.871323E+00 2.617253E+01 1.300000E+01
      vertex 6.693858E+00 2.627972E+01 1.900000E+01
    endloop
  endfacet
  facet normal 3.098354E-01 9.507902E-01 0.000000E+00
    outer loop
      vertex 7.068442E+00 2.610830E+01 1.300000E+01
      vertex 6.871323E+00 2.617253E+01 1.300000E+01
      vertex 6.871323E+00 2.617253E+01 1.900000E+01
    endloop
  endfacet
  facet normal 6.973296E-01 7.167507E-01 0.000000E+00
    outer loop
      vertex 6.693858E+00 2.627972E+01 1.900000E+01
      vertex 6.693858E+00 2.627972E+01 1.300000E+01
      vertex 6.545260E+00 2.642429E+01 1.900000E+01
    endloop
  endfacet
  facet normal 5.170056E-01 8.559820E-01 0.000000E+00
    outer loop
      vertex 6.871323E+00 2.617253E+01 1.300000E+01
      vertex 6.693858E+00 2.627972E+01 1.300000E+01
      vertex 6.693858E+00 2.627972E+01 1.900000E+01
    endloop
  endfacet
  facet normal 8.414668E-01 5.403088E-01 0.000000E+00
    outer loop
      vertex 6.545260E+00 2.642429E+01 1.900000E+01
      vertex 6.545260E+00 2.642429E+01 1.300000E+01
      vertex 6.433241E+00 2.659875E+01 1.900000E+01
    endloop
  endfacet
  facet normal 6.973296E-01 7.167507E-01 0.000000E+00
    outer loop
      vertex 6.693858E+00 2.627972E+01 1.300000E+01
      vertex 6.545260E+00 2.642429E+01 1.300000E+01
      vertex 6.545260E+00 2.642429E+01 1.900000E+01
    endloop
  endfacet
  facet normal 9.419239E-01 3.358267E-01 0.000000E+00
    outer loop
      vertex 6.433241E+00 2.659875E+01 1.900000E+01
      vertex 6.433241E+00 2.659875E+01 1.300000E+01
      vertex 6.363617E+00 2.679403E+01 1.900000E+01
    endloop
  endfacet
  facet normal 8.414668E-01 5.403088E-01 0.000000E+00
    outer loop
      vertex 6.545260E+00 2.642429E+01 1.300000E+01
      vertex 6.433241E+00 2.659875E+01 1.300000E+01
      vertex 6.433241E+00 2.659875E+01 1.900000E+01
    endloop
  endfacet
  facet normal 9.934907E-01 1.139135E-01 0.000000E+00
    outer loop
      vertex 6.363617E+00 2.679403E+01 1.900000E+01
      vertex 6.363617E+00 2.679403E+01 1.300000E+01
      vertex 6.340000E+00 2.700000E+01 1.900000E+01
    endloop
  endfacet
  facet normal 9.419239E-01 3.358267E-01 0.000000E+00
    outer loop
      vertex 6.433241E+00 2.659875E+01 1.300000E+01
      vertex 6.363617E+00 2.679403E+01 1.300000E+01
      vertex 6.363617E+00 2.679403E+01 1.900000E+01
    endloop
  endfacet
  facet normal 9.934907E-01 1.139135E-01 0.000000E+00
    outer loop
      vertex 6.363617E+00 2.679403E+01 1.300000E+01
      vertex 6.340000E+00 2.700000E+01 1.300000E+01
      vertex 6.340000E+00 2.700000E+01 1.900000E+01
    endloop
  endfacet
  facet normal -9.938810E-01 1.104565E-01 0.000000E+00
    outer loop
      vertex 4.391000E+01 5.400000E+01 2.000000E+01
      vertex 4.388779E+01 5.380020E+01 1.400000E+01
      vertex 4.388779E+01 5.380020E+01 2.000000E+01
    endloop
  endfacet
  facet normal -9.938810E-01 1.104565E-01 0.000000E+00
    outer loop
      vertex 4.391000E+01 5.400000E+01 1.400000E+01
      vertex 4.388779E+01 5.380020E+01 1.400000E+01
      vertex 4.391000E+01 5.400000E+01 2.000000E+01
    endloop
  endfacet
  facet normal -9.453748E-01 3.259854E-01 0.000000E+00
    outer loop
      vertex 4.388779E+01 5.380020E+01 2.000000E+01
      vertex 4.382226E+01 5.361015E+01 1.400000E+01
      vertex 4.382226E+01 5.361015E+01 2.000000E+01
    endloop
  endfacet
  facet normal -9.453748E-01 3.259854E-01 0.000000E+00
    outer loop
      vertex 4.388779E+01 5.380020E+01 1.400000E+01
      vertex 4.382226E+01 5.361015E+01 1.400000E+01
      vertex 4.388779E+01 5.380020E+01 2.000000E+01
    endloop
  endfacet
  facet normal -8.507383E-01 5.255894E-01 0.000000E+00
    outer loop
      vertex 4.382226E+01 5.361015E+01 2.000000E+01
      vertex 4.371660E+01 5.343913E+01 1.400000E+01
      vertex 4.371660E+01 5.343913E+01 2.000000E+01
    endloop
  endfacet
  facet normal -7.052894E-01 7.089196E-01 0.000000E+00
    outer loop
      vertex 4.371660E+01 5.343913E+01 2.000000E+01
      vertex 4.371660E+01 5.343913E+01 1.400000E+01
      vertex 4.355718E+01 5.328052E+01 2.000000E+01
    endloop
  endfacet
  facet normal -8.507383E-01 5.255894E-01 0.000000E+00
    outer loop
      vertex 4.382226E+01 5.361015E+01 1.400000E+01
      vertex 4.371660E+01 5.343913E+01 1.400000E+01
      vertex 4.382226E+01 5.361015E+01 2.000000E+01
    endloop
  endfacet
  facet normal -5.099108E-01 8.602273E-01 0.000000E+00
    outer loop
      vertex 4.355718E+01 5.328052E+01 2.000000E+01
      vertex 4.355718E+01 5.328052E+01 1.400000E+01
      vertex 4.336374E+01 5.316586E+01 2.000000E+01
    endloop
  endfacet
  facet normal -7.052894E-01 7.089196E-01 0.000000E+00
    outer loop
      vertex 4.371660E+01 5.343913E+01 1.400000E+01
      vertex 4.355718E+01 5.328052E+01 1.400000E+01
      vertex 4.355718E+01 5.328052E+01 2.000000E+01
    endloop
  endfacet
  facet normal -2.833738E-01 9.590095E-01 0.000000E+00
    outer loop
      vertex 4.336374E+01 5.316586E+01 2.000000E+01
      vertex 4.336374E+01 5.316586E+01 1.400000E+01
      vertex 4.314808E+01 5.310213E+01 2.000000E+01
    endloop
  endfacet
  facet normal -5.099108E-01 8.602273E-01 0.000000E+00
    outer loop
      vertex 4.355718E+01 5.328052E+01 1.400000E+01
      vertex 4.336374E+01 5.316586E+01 1.400000E+01
      vertex 4.336374E+01 5.316586E+01 2.000000E+01
    endloop
  endfacet
  facet normal -3.957646E-02 9.992166E-01 0.000000E+00
    outer loop
      vertex 4.314808E+01 5.310213E+01 2.000000E+01
      vertex 4.314808E+01 5.310213E+01 1.400000E+01
      vertex 4.292338E+01 5.309323E+01 2.000000E+01
    endloop
  endfacet
  facet normal -2.833738E-01 9.590095E-01 0.000000E+00
    outer loop
      vertex 4.336374E+01 5.316586E+01 1.400000E+01
      vertex 4.314808E+01 5.310213E+01 1.400000E+01
      vertex 4.314808E+01 5.310213E+01 2.000000E+01
    endloop
  endfacet
  facet normal 2.066645E-01 9.784119E-01 0.000000E+00
    outer loop
      vertex 4.292338E+01 5.309323E+01 2.000000E+01
      vertex 4.292338E+01 5.309323E+01 1.400000E+01
      vertex 4.270336E+01 5.313971E+01 2.000000E+01
    endloop
  endfacet
  facet normal -3.957646E-02 9.992166E-01 0.000000E+00
    outer loop
      vertex 4.314808E+01 5.310213E+01 1.400000E+01
      vertex 4.292338E+01 5.309323E+01 1.400000E+01
      vertex 4.292338E+01 5.309323E+01 2.000000E+01
    endloop
  endfacet
  facet normal 4.402927E-01 8.978543E-01 0.000000E+00
    outer loop
      vertex 4.270336E+01 5.313971E+01 2.000000E+01
      vertex 4.270336E+01 5.313971E+01 1.400000E+01
      vertex 4.250145E+01 5.323872E+01 2.000000E+01
    endloop
  endfacet
  facet normal 2.066645E-01 9.784119E-01 0.000000E+00
    outer loop
      vertex 4.292338E+01 5.309323E+01 1.400000E+01
      vertex 4.270336E+01 5.313971E+01 1.400000E+01
      vertex 4.270336E+01 5.313971E+01 2.000000E+01
    endloop
  endfacet
  facet normal 6.470199E-01 7.624732E-01 0.000000E+00
    outer loop
      vertex 4.250145E+01 5.323872E+01 2.000000E+01
      vertex 4.250145E+01 5.323872E+01 1.400000E+01
      vertex 4.232999E+01 5.338422E+01 2.000000E+01
    endloop
  endfacet
  facet normal 4.402927E-01 8.978543E-01 0.000000E+00
    outer loop
      vertex 4.270336E+01 5.313971E+01 1.400000E+01
      vertex 4.250145E+01 5.323872E+01 1.400000E+01
      vertex 4.250145E+01 5.323872E+01 2.000000E+01
    endloop
  endfacet
  facet normal 8.142444E-01 5.805224E-01 0.000000E+00
    outer loop
      vertex 4.232999E+01 5.338422E+01 2.000000E+01
      vertex 4.232999E+01 5.338422E+01 1.400000E+01
      vertex 4.219944E+01 5.356732E+01 2.000000E+01
    endloop
  endfacet
  facet normal 6.470199E-01 7.624732E-01 0.000000E+00
    outer loop
      vertex 4.250145E+01 5.323872E+01 1.400000E+01
      vertex 4.232999E+01 5.338422E+01 1.400000E+01
      vertex 4.232999E+01 5.338422E+01 2.000000E+01
    endloop
  endfacet
  facet normal 9.317415E-01 3.631223E-01 0.000000E+00
    outer loop
      vertex 4.219944E+01 5.356732E+01 2.000000E+01
      vertex 4.219944E+01 5.356732E+01 1.400000E+01
      vertex 4.211779E+01 5.377685E+01 2.000000E+01
    endloop
  endfacet
  facet normal 8.142444E-01 5.805224E-01 0.000000E+00
    outer loop
      vertex 4.232999E+01 5.338422E+01 1.400000E+01
      vertex 4.219944E+01 5.356732E+01 1.400000E+01
      vertex 4.219944E+01 5.356732E+01 2.000000E+01
    endloop
  endfacet
  facet normal 9.923368E-01 1.235629E-01 0.000000E+00
    outer loop
      vertex 4.211779E+01 5.377685E+01 2.000000E+01
      vertex 4.211779E+01 5.377685E+01 1.400000E+01
      vertex 4.209000E+01 5.400000E+01 2.000000E+01
    endloop
  endfacet
  facet normal 9.317415E-01 3.631223E-01 0.000000E+00
    outer loop
      vertex 4.219944E+01 5.356732E+01 1.400000E+01
      vertex 4.211779E+01 5.377685E+01 1.400000E+01
      vertex 4.211779E+01 5.377685E+01 2.000000E+01
    endloop
  endfacet
  facet normal 9.923368E-01 1.235629E-01 0.000000E+00
    outer loop
      vertex 4.211779E+01 5.377685E+01 1.400000E+01
      vertex 4.209000E+01 5.400000E+01 1.400000E+01
      vertex 4.209000E+01 5.400000E+01 2.000000E+01
    endloop
  endfacet
  facet normal -9.970164E-01 7.719012E-02 0.000000E+00
    outer loop
      vertex 4.391000E+01 1.600000E+01 2.000000E+01
      vertex 4.389915E+01 1.585992E+01 1.400000E+01
      vertex 4.389915E+01 1.585992E+01 2.000000E+01
    endloop
  endfacet
  facet normal -9.970164E-01 7.719012E-02 0.000000E+00
    outer loop
      vertex 4.391000E+01 1.600000E+01 1.400000E+01
      vertex 4.389915E+01 1.585992E+01 1.400000E+01
      vertex 4.391000E+01 1.600000E+01 2.000000E+01
    endloop
  endfacet
  facet normal -9.732496E-01 2.297505E-01 0.000000E+00
    outer loop
      vertex 4.389915E+01 1.585992E+01 2.000000E+01
      vertex 4.386687E+01 1.572318E+01 1.400000E+01
      vertex 4.386687E+01 1.572318E+01 2.000000E+01
    endloop
  endfacet
  facet normal -9.732496E-01 2.297505E-01 0.000000E+00
    outer loop
      vertex 4.389915E+01 1.585992E+01 1.400000E+01
      vertex 4.386687E+01 1.572318E+01 1.400000E+01
      vertex 4.389915E+01 1.585992E+01 2.000000E+01
    endloop
  endfacet
  facet normal -9.262830E-01 3.768285E-01 0.000000E+00
    outer loop
      vertex 4.386687E+01 1.572318E+01 2.000000E+01
      vertex 4.381393E+01 1.559304E+01 1.400000E+01
      vertex 4.381393E+01 1.559304E+01 2.000000E+01
    endloop
  endfacet
  facet normal -8.335054E-01 5.525114E-01 0.000000E+00
    outer loop
      vertex 4.381393E+01 1.559304E+01 2.000000E+01
      vertex 4.381393E+01 1.559304E+01 1.400000E+01
      vertex 4.369183E+01 1.540884E+01 2.000000E+01
    endloop
  endfacet
  facet normal -9.262830E-01 3.768285E-01 0.000000E+00
    outer loop
      vertex 4.386687E+01 1.572318E+01 1.400000E+01
      vertex 4.381393E+01 1.559304E+01 1.400000E+01
      vertex 4.386687E+01 1.572318E+01 2.000000E+01
    endloop
  endfacet
  facet normal -6.757426E-01 7.371377E-01 0.000000E+00
    outer loop
      vertex 4.369183E+01 1.540884E+01 2.000000E+01
      vertex 4.369183E+01 1.540884E+01 1.400000E+01
      vertex 4.352893E+01 1.525950E+01 2.000000E+01
    endloop
  endfacet
  facet normal -8.335054E-01 5.525114E-01 0.000000E+00
    outer loop
      vertex 4.381393E+01 1.559304E+01 1.400000E+01
      vertex 4.369183E+01 1.540884E+01 1.400000E+01
      vertex 4.369183E+01 1.540884E+01 2.000000E+01
    endloop
  endfacet
  facet normal -4.781300E-01 8.782891E-01 0.000000E+00
    outer loop
      vertex 4.352893E+01 1.525950E+01 2.000000E+01
      vertex 4.352893E+01 1.525950E+01 1.400000E+01
      vertex 4.333483E+01 1.515384E+01 2.000000E+01
    endloop
  endfacet
  facet normal -6.757426E-01 7.371377E-01 0.000000E+00
    outer loop
      vertex 4.369183E+01 1.540884E+01 1.400000E+01
      vertex 4.352893E+01 1.525950E+01 1.400000E+01
      vertex 4.352893E+01 1.525950E+01 2.000000E+01
    endloop
  endfacet
  facet normal -2.523198E-01 9.676439E-01 0.000000E+00
    outer loop
      vertex 4.333483E+01 1.515384E+01 2.000000E+01
      vertex 4.333483E+01 1.515384E+01 1.400000E+01
      vertex 4.312099E+01 1.509808E+01 2.000000E+01
    endloop
  endfacet
  facet normal -4.781300E-01 8.782891E-01 0.000000E+00
    outer loop
      vertex 4.352893E+01 1.525950E+01 1.400000E+01
      vertex 4.333483E+01 1.515384E+01 1.400000E+01
      vertex 4.333483E+01 1.515384E+01 2.000000E+01
    endloop
  endfacet
  facet normal -1.162572E-02 9.999324E-01 0.000000E+00
    outer loop
      vertex 4.312099E+01 1.509808E+01 2.000000E+01
      vertex 4.312099E+01 1.509808E+01 1.400000E+01
      vertex 4.290001E+01 1.509551E+01 2.000000E+01
    endloop
  endfacet
  facet normal -2.523198E-01 9.676439E-01 0.000000E+00
    outer loop
      vertex 4.333483E+01 1.515384E+01 1.400000E+01
      vertex 4.312099E+01 1.509808E+01 1.400000E+01
      vertex 4.312099E+01 1.509808E+01 2.000000E+01
    endloop
  endfacet
  facet normal 2.297532E-01 9.732490E-01 0.000000E+00
    outer loop
      vertex 4.290001E+01 1.509551E+01 2.000000E+01
      vertex 4.290001E+01 1.509551E+01 1.400000E+01
      vertex 4.268493E+01 1.514628E+01 2.000000E+01
    endloop
  endfacet
  facet normal -1.162572E-02 9.999324E-01 0.000000E+00
    outer loop
      vertex 4.312099E+01 1.509808E+01 1.400000E+01
      vertex 4.290001E+01 1.509551E+01 1.400000E+01
      vertex 4.290001E+01 1.509551E+01 2.000000E+01
    endloop
  endfacet
  facet normal 4.575852E-01 8.891658E-01 0.000000E+00
    outer loop
      vertex 4.268493E+01 1.514628E+01 2.000000E+01
      vertex 4.268493E+01 1.514628E+01 1.400000E+01
      vertex 4.248843E+01 1.524741E+01 2.000000E+01
    endloop
  endfacet
  facet normal 2.297532E-01 9.732490E-01 0.000000E+00
    outer loop
      vertex 4.290001E+01 1.509551E+01 1.400000E+01
      vertex 4.268493E+01 1.514628E+01 1.400000E+01
      vertex 4.268493E+01 1.514628E+01 2.000000E+01
    endloop
  endfacet
  facet normal 6.584154E-01 7.526548E-01 0.000000E+00
    outer loop
      vertex 4.248843E+01 1.524741E+01 2.000000E+01
      vertex 4.248843E+01 1.524741E+01 1.400000E+01
      vertex 4.232210E+01 1.539291E+01 2.000000E+01
    endloop
  endfacet
  facet normal 4.575852E-01 8.891658E-01 0.000000E+00
    outer loop
      vertex 4.268493E+01 1.514628E+01 1.400000E+01
      vertex 4.248843E+01 1.524741E+01 1.400000E+01
      vertex 4.248843E+01 1.524741E+01 2.000000E+01
    endloop
  endfacet
  facet normal 6.584154E-01 7.526548E-01 0.000000E+00
    outer loop
      vertex 4.248843E+01 1.524741E+01 1.400000E+01
      vertex 4.232210E+01 1.539291E+01 1.400000E+01
      vertex 4.232210E+01 1.539291E+01 2.000000E+01
    endloop
  endfacet
  facet normal 8.204356E-01 5.717390E-01 0.000000E+00
    outer loop
      vertex 4.232210E+01 1.539291E+01 2.000000E+01
      vertex 4.219575E+01 1.557422E+01 1.400000E+01
      vertex 4.219575E+01 1.557422E+01 2.000000E+01
    endloop
  endfacet
  facet normal 8.204356E-01 5.717390E-01 -0.000000E+00
    outer loop
      vertex 4.232210E+01 1.539291E+01 1.400000E+01
      vertex 4.219575E+01 1.557422E+01 1.400000E+01
      vertex 4.232210E+01 1.539291E+01 2.000000E+01
    endloop
  endfacet
  facet normal 9.340621E-01 3.571106E-01 0.000000E+00
    outer loop
      vertex 4.219575E+01 1.557422E+01 2.000000E+01
      vertex 4.211683E+01 1.578064E+01 1.400000E+01
      vertex 4.211683E+01 1.578064E+01 2.000000E+01
    endloop
  endfacet
  facet normal 9.340621E-01 3.571106E-01 -0.000000E+00
    outer loop
      vertex 4.219575E+01 1.557422E+01 1.400000E+01
      vertex 4.211683E+01 1.578064E+01 1.400000E+01
      vertex 4.219575E+01 1.557422E+01 2.000000E+01
    endloop
  endfacet
  facet normal 9.926014E-01 1.214185E-01 0.000000E+00
    outer loop
      vertex 4.211683E+01 1.578064E+01 2.000000E+01
      vertex 4.209000E+01 1.600000E+01 1.400000E+01
      vertex 4.209000E+01 1.600000E+01 2.000000E+01
    endloop
  endfacet
  facet normal 9.926014E-01 1.214185E-01 -0.000000E+00
    outer loop
      vertex 4.211683E+01 1.578064E+01 1.400000E+01
      vertex 4.209000E+01 1.600000E+01 1.400000E+01
      vertex 4.211683E+01 1.578064E+01 2.000000E+01
    endloop
  endfacet
  facet normal -9.934353E-01 1.143963E-01 0.000000E+00
    outer loop
      vertex 8.191000E+01 1.600000E+01 2.000000E+01
      vertex 8.191000E+01 1.600000E+01 1.400000E+01
      vertex 8.188619E+01 1.579322E+01 2.000000E+01
    endloop
  endfacet
  facet normal -9.414659E-01 3.371080E-01 0.000000E+00
    outer loop
      vertex 8.188619E+01 1.579322E+01 2.000000E+01
      vertex 8.188619E+01 1.579322E+01 1.400000E+01
      vertex 8.181602E+01 1.559726E+01 2.000000E+01
    endloop
  endfacet
  facet normal -9.934353E-01 1.143963E-01 0.000000E+00
    outer loop
      vertex 8.191000E+01 1.600000E+01 1.400000E+01
      vertex 8.188619E+01 1.579322E+01 1.400000E+01
      vertex 8.188619E+01 1.579322E+01 2.000000E+01
    endloop
  endfacet
  facet normal -8.402345E-01 5.422233E-01 0.000000E+00
    outer loop
      vertex 8.181602E+01 1.559726E+01 2.000000E+01
      vertex 8.181602E+01 1.559726E+01 1.400000E+01
      vertex 8.170316E+01 1.542237E+01 2.000000E+01
    endloop
  endfacet
  facet normal -9.414659E-01 3.371080E-01 0.000000E+00
    outer loop
      vertex 8.188619E+01 1.579322E+01 1.400000E+01
      vertex 8.181602E+01 1.559726E+01 1.400000E+01
      vertex 8.181602E+01 1.559726E+01 2.000000E+01
    endloop
  endfacet
  facet normal -8.402345E-01 5.422233E-01 0.000000E+00
    outer loop
      vertex 8.181602E+01 1.559726E+01 1.400000E+01
      vertex 8.170316E+01 1.542237E+01 1.400000E+01
      vertex 8.170316E+01 1.542237E+01 2.000000E+01
    endloop
  endfacet
  facet normal -6.892098E-01 7.245619E-01 0.000000E+00
    outer loop
      vertex 8.170316E+01 1.542237E+01 2.000000E+01
      vertex 8.154177E+01 1.526885E+01 1.400000E+01
      vertex 8.154177E+01 1.526885E+01 2.000000E+01
    endloop
  endfacet
  facet normal -6.892098E-01 7.245619E-01 0.000000E+00
    outer loop
      vertex 8.170316E+01 1.542237E+01 1.400000E+01
      vertex 8.154177E+01 1.526885E+01 1.400000E+01
      vertex 8.170316E+01 1.542237E+01 2.000000E+01
    endloop
  endfacet
  facet normal -4.925525E-01 8.702828E-01 0.000000E+00
    outer loop
      vertex 8.154177E+01 1.526885E+01 2.000000E+01
      vertex 8.134792E+01 1.515914E+01 1.400000E+01
      vertex 8.134792E+01 1.515914E+01 2.000000E+01
    endloop
  endfacet
  facet normal -4.925525E-01 8.702828E-01 0.000000E+00
    outer loop
      vertex 8.154177E+01 1.526885E+01 1.400000E+01
      vertex 8.134792E+01 1.515914E+01 1.400000E+01
      vertex 8.154177E+01 1.526885E+01 2.000000E+01
    endloop
  endfacet
  facet normal -2.663615E-01 9.638731E-01 0.000000E+00
    outer loop
      vertex 8.134792E+01 1.515914E+01 2.000000E+01
      vertex 8.113322E+01 1.509980E+01 1.400000E+01
      vertex 8.113322E+01 1.509980E+01 2.000000E+01
    endloop
  endfacet
  facet normal -2.663615E-01 9.638731E-01 0.000000E+00
    outer loop
      vertex 8.134792E+01 1.515914E+01 1.400000E+01
      vertex 8.113322E+01 1.509980E+01 1.400000E+01
      vertex 8.134792E+01 1.515914E+01 2.000000E+01
    endloop
  endfacet
  facet normal -2.422885E-02 9.997064E-01 0.000000E+00
    outer loop
      vertex 8.113322E+01 1.509980E+01 2.000000E+01
      vertex 8.091055E+01 1.509441E+01 1.400000E+01
      vertex 8.091055E+01 1.509441E+01 2.000000E+01
    endloop
  endfacet
  facet normal -2.422885E-02 9.997064E-01 0.000000E+00
    outer loop
      vertex 8.113322E+01 1.509980E+01 1.400000E+01
      vertex 8.091055E+01 1.509441E+01 1.400000E+01
      vertex 8.113322E+01 1.509980E+01 2.000000E+01
    endloop
  endfacet
  facet normal 2.193533E-01 9.756455E-01 0.000000E+00
    outer loop
      vertex 8.091055E+01 1.509441E+01 2.000000E+01
      vertex 8.069322E+01 1.514327E+01 1.400000E+01
      vertex 8.069322E+01 1.514327E+01 2.000000E+01
    endloop
  endfacet
  facet normal 2.193533E-01 9.756455E-01 -0.000000E+00
    outer loop
      vertex 8.091055E+01 1.509441E+01 1.400000E+01
      vertex 8.069322E+01 1.514327E+01 1.400000E+01
      vertex 8.091055E+01 1.509441E+01 2.000000E+01
    endloop
  endfacet
  facet normal 4.498080E-01 8.931253E-01 0.000000E+00
    outer loop
      vertex 8.069322E+01 1.514327E+01 2.000000E+01
      vertex 8.049429E+01 1.524346E+01 1.400000E+01
      vertex 8.049429E+01 1.524346E+01 2.000000E+01
    endloop
  endfacet
  facet normal 4.498080E-01 8.931253E-01 -0.000000E+00
    outer loop
      vertex 8.069322E+01 1.514327E+01 1.400000E+01
      vertex 8.049429E+01 1.524346E+01 1.400000E+01
      vertex 8.069322E+01 1.514327E+01 2.000000E+01
    endloop
  endfacet
  facet normal 6.532972E-01 7.571015E-01 0.000000E+00
    outer loop
      vertex 8.049429E+01 1.524346E+01 2.000000E+01
      vertex 8.032565E+01 1.538898E+01 1.400000E+01
      vertex 8.032565E+01 1.538898E+01 2.000000E+01
    endloop
  endfacet
  facet normal 6.532972E-01 7.571015E-01 -0.000000E+00
    outer loop
      vertex 8.049429E+01 1.524346E+01 1.400000E+01
      vertex 8.032565E+01 1.538898E+01 1.400000E+01
      vertex 8.049429E+01 1.524346E+01 2.000000E+01
    endloop
  endfacet
  facet normal 8.176569E-01 5.757058E-01 0.000000E+00
    outer loop
      vertex 8.032565E+01 1.538898E+01 2.000000E+01
      vertex 8.019741E+01 1.557111E+01 1.400000E+01
      vertex 8.019741E+01 1.557111E+01 2.000000E+01
    endloop
  endfacet
  facet normal 8.176569E-01 5.757058E-01 -0.000000E+00
    outer loop
      vertex 8.032565E+01 1.538898E+01 1.400000E+01
      vertex 8.019741E+01 1.557111E+01 1.400000E+01
      vertex 8.032565E+01 1.538898E+01 2.000000E+01
    endloop
  endfacet
  facet normal 9.330230E-01 3.598167E-01 0.000000E+00
    outer loop
      vertex 8.019741E+01 1.557111E+01 2.000000E+01
      vertex 8.011726E+01 1.577893E+01 1.400000E+01
      vertex 8.011726E+01 1.577893E+01 2.000000E+01
    endloop
  endfacet
  facet normal 9.330230E-01 3.598167E-01 -0.000000E+00
    outer loop
      vertex 8.019741E+01 1.557111E+01 1.400000E+01
      vertex 8.011726E+01 1.577893E+01 1.400000E+01
      vertex 8.019741E+01 1.557111E+01 2.000000E+01
    endloop
  endfacet
  facet normal 9.924789E-01 1.224158E-01 0.000000E+00
    outer loop
      vertex 8.011726E+01 1.577893E+01 2.000000E+01
      vertex 8.009000E+01 1.600000E+01 1.400000E+01
      vertex 8.009000E+01 1.600000E+01 2.000000E+01
    endloop
  endfacet
  facet normal 9.924789E-01 1.224158E-01 -0.000000E+00
    outer loop
      vertex 8.011726E+01 1.577893E+01 1.400000E+01
      vertex 8.009000E+01 1.600000E+01 1.400000E+01
      vertex 8.011726E+01 1.577893E+01 2.000000E+01
    endloop
  endfacet
  facet normal -9.954647E-01 9.513154E-02 0.000000E+00
    outer loop
      vertex 8.191000E+01 5.400000E+01 2.000000E+01
      vertex 8.191000E+01 5.400000E+01 1.400000E+01
      vertex 8.189354E+01 5.382772E+01 2.000000E+01
    endloop
  endfacet
  facet normal -9.594647E-01 2.818286E-01 0.000000E+00
    outer loop
      vertex 8.189354E+01 5.382772E+01 2.000000E+01
      vertex 8.189354E+01 5.382772E+01 1.400000E+01
      vertex 8.184476E+01 5.366167E+01 2.000000E+01
    endloop
  endfacet
  facet normal -9.954647E-01 9.513154E-02 0.000000E+00
    outer loop
      vertex 8.191000E+01 5.400000E+01 1.400000E+01
      vertex 8.189354E+01 5.382772E+01 1.400000E+01
      vertex 8.189354E+01 5.382772E+01 2.000000E+01
    endloop
  endfacet
  facet normal -8.887539E-01 4.583846E-01 0.000000E+00
    outer loop
      vertex 8.184476E+01 5.366167E+01 2.000000E+01
      vertex 8.184476E+01 5.366167E+01 1.400000E+01
      vertex 8.176543E+01 5.350785E+01 2.000000E+01
    endloop
  endfacet
  facet normal -9.594647E-01 2.818286E-01 0.000000E+00
    outer loop
      vertex 8.189354E+01 5.382772E+01 1.400000E+01
      vertex 8.184476E+01 5.366167E+01 1.400000E+01
      vertex 8.184476E+01 5.366167E+01 2.000000E+01
    endloop
  endfacet
  facet normal -8.887539E-01 4.583846E-01 0.000000E+00
    outer loop
      vertex 8.184476E+01 5.366167E+01 1.400000E+01
      vertex 8.176543E+01 5.350785E+01 1.400000E+01
      vertex 8.176543E+01 5.350785E+01 2.000000E+01
    endloop
  endfacet
  facet normal -7.723807E-01 6.351600E-01 0.000000E+00
    outer loop
      vertex 8.176543E+01 5.350785E+01 2.000000E+01
      vertex 8.163069E+01 5.334400E+01 1.400000E+01
      vertex 8.163069E+01 5.334400E+01 2.000000E+01
    endloop
  endfacet
  facet normal -7.723807E-01 6.351600E-01 0.000000E+00
    outer loop
      vertex 8.176543E+01 5.350785E+01 1.400000E+01
      vertex 8.163069E+01 5.334400E+01 1.400000E+01
      vertex 8.176543E+01 5.350785E+01 2.000000E+01
    endloop
  endfacet
  facet normal -6.043070E-01 7.967516E-01 0.000000E+00
    outer loop
      vertex 8.163069E+01 5.334400E+01 2.000000E+01
      vertex 8.146167E+01 5.321581E+01 1.400000E+01
      vertex 8.146167E+01 5.321581E+01 2.000000E+01
    endloop
  endfacet
  facet normal -6.043070E-01 7.967516E-01 0.000000E+00
    outer loop
      vertex 8.163069E+01 5.334400E+01 1.400000E+01
      vertex 8.146167E+01 5.321581E+01 1.400000E+01
      vertex 8.163069E+01 5.334400E+01 2.000000E+01
    endloop
  endfacet
  facet normal -4.034188E-01 9.150154E-01 0.000000E+00
    outer loop
      vertex 8.146167E+01 5.321581E+01 2.000000E+01
      vertex 8.126756E+01 5.313022E+01 1.400000E+01
      vertex 8.126756E+01 5.313022E+01 2.000000E+01
    endloop
  endfacet
  facet normal -4.034188E-01 9.150154E-01 0.000000E+00
    outer loop
      vertex 8.146167E+01 5.321581E+01 1.400000E+01
      vertex 8.126756E+01 5.313022E+01 1.400000E+01
      vertex 8.146167E+01 5.321581E+01 2.000000E+01
    endloop
  endfacet
  facet normal -1.806068E-01 9.835554E-01 0.000000E+00
    outer loop
      vertex 8.126756E+01 5.313022E+01 2.000000E+01
      vertex 8.105890E+01 5.309191E+01 1.400000E+01
      vertex 8.105890E+01 5.309191E+01 2.000000E+01
    endloop
  endfacet
  facet normal -1.806068E-01 9.835554E-01 0.000000E+00
    outer loop
      vertex 8.126756E+01 5.313022E+01 1.400000E+01
      vertex 8.105890E+01 5.309191E+01 1.400000E+01
      vertex 8.126756E+01 5.313022E+01 2.000000E+01
    endloop
  endfacet
  facet normal 5.203973E-02 9.986450E-01 0.000000E+00
    outer loop
      vertex 8.105890E+01 5.309191E+01 2.000000E+01
      vertex 8.084705E+01 5.310295E+01 1.400000E+01
      vertex 8.084705E+01 5.310295E+01 2.000000E+01
    endloop
  endfacet
  facet normal 5.203973E-02 9.986450E-01 -0.000000E+00
    outer loop
      vertex 8.105890E+01 5.309191E+01 1.400000E+01
      vertex 8.084705E+01 5.310295E+01 1.400000E+01
      vertex 8.105890E+01 5.309191E+01 2.000000E+01
    endloop
  endfacet
  facet normal 2.818363E-01 9.594625E-01 0.000000E+00
    outer loop
      vertex 8.084705E+01 5.310295E+01 2.000000E+01
      vertex 8.064351E+01 5.316273E+01 1.400000E+01
      vertex 8.064351E+01 5.316273E+01 2.000000E+01
    endloop
  endfacet
  facet normal 2.818363E-01 9.594625E-01 -0.000000E+00
    outer loop
      vertex 8.084705E+01 5.310295E+01 1.400000E+01
      vertex 8.064351E+01 5.316273E+01 1.400000E+01
      vertex 8.084705E+01 5.310295E+01 2.000000E+01
    endloop
  endfacet
  facet normal 4.963229E-01 8.681380E-01 0.000000E+00
    outer loop
      vertex 8.064351E+01 5.316273E+01 2.000000E+01
      vertex 8.045934E+01 5.326802E+01 1.400000E+01
      vertex 8.045934E+01 5.326802E+01 2.000000E+01
    endloop
  endfacet
  facet normal 4.963229E-01 8.681380E-01 -0.000000E+00
    outer loop
      vertex 8.064351E+01 5.316273E+01 1.400000E+01
      vertex 8.045934E+01 5.326802E+01 1.400000E+01
      vertex 8.064351E+01 5.316273E+01 2.000000E+01
    endloop
  endfacet
  facet normal 6.838359E-01 7.296360E-01 0.000000E+00
    outer loop
      vertex 8.045934E+01 5.326802E+01 2.000000E+01
      vertex 8.030456E+01 5.341309E+01 1.400000E+01
      vertex 8.030456E+01 5.341309E+01 2.000000E+01
    endloop
  endfacet
  facet normal 6.838359E-01 7.296360E-01 -0.000000E+00
    outer loop
      vertex 8.045934E+01 5.326802E+01 1.400000E+01
      vertex 8.030456E+01 5.341309E+01 1.400000E+01
      vertex 8.045934E+01 5.326802E+01 2.000000E+01
    endloop
  endfacet
  facet normal 8.341963E-01 5.514676E-01 0.000000E+00
    outer loop
      vertex 8.030456E+01 5.341309E+01 2.000000E+01
      vertex 8.018757E+01 5.359006E+01 1.400000E+01
      vertex 8.018757E+01 5.359006E+01 2.000000E+01
    endloop
  endfacet
  facet normal 8.341963E-01 5.514676E-01 -0.000000E+00
    outer loop
      vertex 8.030456E+01 5.341309E+01 1.400000E+01
      vertex 8.018757E+01 5.359006E+01 1.400000E+01
      vertex 8.030456E+01 5.341309E+01 2.000000E+01
    endloop
  endfacet
  facet normal 9.392093E-01 3.433452E-01 0.000000E+00
    outer loop
      vertex 8.018757E+01 5.359006E+01 2.000000E+01
      vertex 8.011473E+01 5.378931E+01 1.400000E+01
      vertex 8.011473E+01 5.378931E+01 2.000000E+01
    endloop
  endfacet
  facet normal 9.392093E-01 3.433452E-01 -0.000000E+00
    outer loop
      vertex 8.018757E+01 5.359006E+01 1.400000E+01
      vertex 8.011473E+01 5.378931E+01 1.400000E+01
      vertex 8.018757E+01 5.359006E+01 2.000000E+01
    endloop
  endfacet
  facet normal 9.931795E-01 1.165950E-01 0.000000E+00
    outer loop
      vertex 8.011473E+01 5.378931E+01 2.000000E+01
      vertex 8.009000E+01 5.400000E+01 1.400000E+01
      vertex 8.009000E+01 5.400000E+01 2.000000E+01
    endloop
  endfacet
  facet normal 9.931795E-01 1.165950E-01 -0.000000E+00
    outer loop
      vertex 8.011473E+01 5.378931E+01 1.400000E+01
      vertex 8.009000E+01 5.400000E+01 1.400000E+01
      vertex 8.011473E+01 5.378931E+01 2.000000E+01
    endloop
  endfacet
  facet normal 0.000000E+00 7.532260E-01 -6.577618E-01
    outer loop
      vertex 9.285355E+01 6.985355E+01 1.214645E+01
      vertex -3.885355E+01 6.985355E+01 1.214645E+01
      vertex -3.889794E+01 6.989793E+01 1.219727E+01
    endloop
  endfacet
  facet normal -6.587474E-06 8.348859E-01 -5.504232E-01
    outer loop
      vertex 9.292632E+01 6.992632E+01 1.223875E+01
      vertex -3.889794E+01 6.989793E+01 1.219727E+01
      vertex -3.893507E+01 6.993507E+01 1.225360E+01
    endloop
  endfacet
  facet normal 2.570907E-05 7.852973E-01 -6.191190E-01
    outer loop
      vertex 9.292632E+01 6.992632E+01 1.223875E+01
      vertex 9.285355E+01 6.985355E+01 1.214645E+01
      vertex -3.889794E+01 6.989793E+01 1.219727E+01
    endloop
  endfacet
  facet normal -4.561901E-06 9.092054E-01 -4.163479E-01
    outer loop
      vertex 9.296814E+01 6.996814E+01 1.232436E+01
      vertex -3.893507E+01 6.993507E+01 1.225360E+01
      vertex -3.897079E+01 6.997079E+01 1.233159E+01
    endloop
  endfacet
  facet normal 1.020001E-05 8.985444E-01 -4.388827E-01
    outer loop
      vertex 9.296814E+01 6.996814E+01 1.232436E+01
      vertex 9.292632E+01 6.992632E+01 1.223875E+01
      vertex -3.893507E+01 6.993507E+01 1.225360E+01
    endloop
  endfacet
  facet normal -3.162696E-06 9.669878E-01 -2.548224E-01
    outer loop
      vertex 9.299172E+01 6.999172E+01 1.240940E+01
      vertex -3.897079E+01 6.997079E+01 1.233159E+01
      vertex -3.899264E+01 6.999265E+01 1.241454E+01
    endloop
  endfacet
  facet normal 4.696994E-06 9.636276E-01 -2.672487E-01
    outer loop
      vertex 9.299172E+01 6.999172E+01 1.240940E+01
      vertex 9.296814E+01 6.996814E+01 1.232436E+01
      vertex -3.897079E+01 6.997079E+01 1.233159E+01
    endloop
  endfacet
  facet normal -1.388604E-05 9.963173E-01 -8.574321E-02
    outer loop
      vertex 9.299792E+01 6.999792E+01 1.245451E+01
      vertex -3.899264E+01 6.999265E+01 1.241454E+01
      vertex -3.900000E+01 7.000000E+01 1.250000E+01
    endloop
  endfacet
  facet normal 1.623293E-06 9.906797E-01 -1.362124E-01
    outer loop
      vertex 9.299792E+01 6.999792E+01 1.245451E+01
      vertex 9.299172E+01 6.999172E+01 1.240940E+01
      vertex -3.899264E+01 6.999265E+01 1.241454E+01
    endloop
  endfacet
  facet normal 0.000000E+00 9.989612E-01 -4.557106E-02
    outer loop
      vertex 9.300000E+01 7.000000E+01 1.250000E+01
      vertex 9.299792E+01 6.999792E+01 1.245451E+01
      vertex -3.900000E+01 7.000000E+01 1.250000E+01
    endloop
  endfacet
  facet normal 6.087594E-01 0.000000E+00 -7.933549E-01
    outer loop
      vertex 9.275000E+01 6.975000E+01 1.206699E+01
      vertex 9.285355E+01 6.985355E+01 1.214645E+01
      vertex 9.285355E+01 1.464466E-01 1.214645E+01
    endloop
  endfacet
  facet normal 6.087594E-01 0.000000E+00 -7.933549E-01
    outer loop
      vertex 9.275000E+01 6.975000E+01 1.206699E+01
      vertex 9.285355E+01 1.464466E-01 1.214645E+01
      vertex 9.275000E+01 2.500000E-01 1.206699E+01
    endloop
  endfacet
  facet normal 3.826805E-01 0.000000E+00 -9.238808E-01
    outer loop
      vertex 9.262941E+01 6.962941E+01 1.201704E+01
      vertex 9.275000E+01 2.500000E-01 1.206699E+01
      vertex 9.262941E+01 3.705905E-01 1.201704E+01
    endloop
  endfacet
  facet normal 3.826805E-01 0.000000E+00 -9.238808E-01
    outer loop
      vertex 9.262941E+01 6.962941E+01 1.201704E+01
      vertex 9.275000E+01 6.975000E+01 1.206699E+01
      vertex 9.275000E+01 2.500000E-01 1.206699E+01
    endloop
  endfacet
  facet normal 1.305282E-01 0.000000E+00 -9.914446E-01
    outer loop
      vertex 9.250000E+01 6.950000E+01 1.200000E+01
      vertex 9.262941E+01 3.705905E-01 1.201704E+01
      vertex 9.250000E+01 5.000000E-01 1.200000E+01
    endloop
  endfacet
  facet normal 1.305282E-01 0.000000E+00 -9.914446E-01
    outer loop
      vertex 9.250000E+01 6.950000E+01 1.200000E+01
      vertex 9.262941E+01 6.962941E+01 1.201704E+01
      vertex 9.262941E+01 3.705905E-01 1.201704E+01
    endloop
  endfacet
  facet normal 0.000000E+00 -7.853173E-01 -6.190935E-01
    outer loop
      vertex -3.892632E+01 7.367992E-02 1.223875E+01
      vertex -3.885355E+01 1.464466E-01 1.214645E+01
      vertex 9.285355E+01 1.464466E-01 1.214645E+01
    endloop
  endfacet
  facet normal 0.000000E+00 -7.853173E-01 -6.190935E-01
    outer loop
      vertex -3.892632E+01 7.367992E-02 1.223875E+01
      vertex 9.285355E+01 1.464466E-01 1.214645E+01
      vertex 9.292632E+01 7.367992E-02 1.223875E+01
    endloop
  endfacet
  facet normal 0.000000E+00 -8.985448E-01 -4.388817E-01
    outer loop
      vertex -3.896814E+01 3.186285E-02 1.232436E+01
      vertex 9.292632E+01 7.367992E-02 1.223875E+01
      vertex 9.296814E+01 3.186285E-02 1.232436E+01
    endloop
  endfacet
  facet normal 0.000000E+00 -8.985448E-01 -4.388817E-01
    outer loop
      vertex -3.896814E+01 3.186285E-02 1.232436E+01
      vertex -3.892632E+01 7.367992E-02 1.223875E+01
      vertex 9.292632E+01 7.367992E-02 1.223875E+01
    endloop
  endfacet
  facet normal 0.000000E+00 -9.636192E-01 -2.672791E-01
    outer loop
      vertex -3.899172E+01 8.277398E-03 1.240940E+01
      vertex 9.296814E+01 3.186285E-02 1.232436E+01
      vertex 9.299172E+01 8.277398E-03 1.240940E+01
    endloop
  endfacet
  facet normal 0.000000E+00 -9.906765E-01 -1.362348E-01
    outer loop
      vertex -3.899172E+01 8.277398E-03 1.240940E+01
      vertex 9.299172E+01 8.277398E-03 1.240940E+01
      vertex 9.299792E+01 2.073649E-03 1.245451E+01
    endloop
  endfacet
  facet normal 0.000000E+00 -9.636192E-01 -2.672791E-01
    outer loop
      vertex -3.899172E+01 8.277398E-03 1.240940E+01
      vertex -3.896814E+01 3.186285E-02 1.232436E+01
      vertex 9.296814E+01 3.186285E-02 1.232436E+01
    endloop
  endfacet
  facet normal 0.000000E+00 -9.989627E-01 -4.553718E-02
    outer loop
      vertex -3.899792E+01 2.073649E-03 1.245451E+01
      vertex 9.299792E+01 2.073649E-03 1.245451E+01
      vertex 9.300000E+01 2.775558E-15 1.250000E+01
    endloop
  endfacet
  facet normal 0.000000E+00 -9.906765E-01 -1.362348E-01
    outer loop
      vertex -3.899792E+01 2.073649E-03 1.245451E+01
      vertex -3.899172E+01 8.277398E-03 1.240940E+01
      vertex 9.299792E+01 2.073649E-03 1.245451E+01
    endloop
  endfacet
  facet normal 0.000000E+00 -9.989626E-01 -4.553717E-02
    outer loop
      vertex -3.900000E+01 2.775558E-15 1.250000E+01
      vertex -3.899792E+01 2.073649E-03 1.245451E+01
      vertex 9.300000E+01 2.775558E-15 1.250000E+01
    endloop
  endfacet
  facet normal -7.531980E-01 0.000000E+00 -6.577939E-01
    outer loop
      vertex -3.889794E+01 6.989793E+01 1.219727E+01
      vertex -3.885355E+01 6.985355E+01 1.214645E+01
      vertex -3.885355E+01 1.464466E-01 1.214645E+01
    endloop
  endfacet
  facet normal -7.853043E-01 -4.861496E-05 -6.191100E-01
    outer loop
      vertex -3.889794E+01 6.989793E+01 1.219727E+01
      vertex -3.885355E+01 1.464466E-01 1.214645E+01
      vertex -3.892632E+01 7.367992E-02 1.223875E+01
    endloop
  endfacet
  facet normal -8.985426E-01 -1.930032E-05 -4.388864E-01
    outer loop
      vertex -3.893507E+01 6.993507E+01 1.225360E+01
      vertex -3.892632E+01 7.367992E-02 1.223875E+01
      vertex -3.896814E+01 3.186285E-02 1.232436E+01
    endloop
  endfacet
  facet normal -8.349100E-01 1.237723E-05 -5.503864E-01
    outer loop
      vertex -3.893507E+01 6.993507E+01 1.225360E+01
      vertex -3.889794E+01 6.989793E+01 1.219727E+01
      vertex -3.892632E+01 7.367992E-02 1.223875E+01
    endloop
  endfacet
  facet normal -9.636161E-01 -8.908682E-06 -2.672900E-01
    outer loop
      vertex -3.897079E+01 6.997079E+01 1.233159E+01
      vertex -3.896814E+01 3.186285E-02 1.232436E+01
      vertex -3.899172E+01 8.277398E-03 1.240940E+01
    endloop
  endfacet
  facet normal -9.092047E-01 8.556558E-06 -4.163494E-01
    outer loop
      vertex -3.897079E+01 6.997079E+01 1.233159E+01
      vertex -3.893507E+01 6.993507E+01 1.225360E+01
      vertex -3.896814E+01 3.186285E-02 1.232436E+01
    endloop
  endfacet
  facet normal -9.906796E-01 -3.007377E-06 -1.362126E-01
    outer loop
      vertex -3.899264E+01 6.999265E+01 1.241454E+01
      vertex -3.899172E+01 8.277398E-03 1.240940E+01
      vertex -3.899792E+01 2.073649E-03 1.245451E+01
    endloop
  endfacet
  facet normal -9.669986E-01 6.014131E-06 -2.547815E-01
    outer loop
      vertex -3.899264E+01 6.999265E+01 1.241454E+01
      vertex -3.897079E+01 6.997079E+01 1.233159E+01
      vertex -3.899172E+01 8.277398E-03 1.240940E+01
    endloop
  endfacet
  facet normal -9.989611E-01 -0.000000E+00 -4.557106E-02
    outer loop
      vertex -3.900000E+01 7.000000E+01 1.250000E+01
      vertex -3.899792E+01 2.073649E-03 1.245451E+01
      vertex -3.900000E+01 2.775558E-15 1.250000E+01
    endloop
  endfacet
  facet normal -9.963134E-01 2.621495E-05 -8.578841E-02
    outer loop
      vertex -3.900000E+01 7.000000E+01 1.250000E+01
      vertex -3.899264E+01 6.999265E+01 1.241454E+01
      vertex -3.899792E+01 2.073649E-03 1.245451E+01
    endloop
  endfacet
  facet normal -1.305282E-01 -0.000000E+00 -9.914446E-01
    outer loop
      vertex -3.850000E+01 6.950000E+01 1.200000E+01
      vertex -3.850000E+01 5.000000E-01 1.200000E+01
      vertex -3.862941E+01 3.705905E-01 1.201704E+01
    endloop
  endfacet
  facet normal -3.826805E-01 -0.000000E+00 -9.238808E-01
    outer loop
      vertex -3.862941E+01 6.962941E+01 1.201704E+01
      vertex -3.862941E+01 3.705905E-01 1.201704E+01
      vertex -3.875000E+01 2.500000E-01 1.206699E+01
    endloop
  endfacet
  facet normal -1.305282E-01 -0.000000E+00 -9.914446E-01
    outer loop
      vertex -3.862941E+01 6.962941E+01 1.201704E+01
      vertex -3.850000E+01 6.950000E+01 1.200000E+01
      vertex -3.862941E+01 3.705905E-01 1.201704E+01
    endloop
  endfacet
  facet normal -6.087594E-01 -0.000000E+00 -7.933549E-01
    outer loop
      vertex -3.875000E+01 6.975000E+01 1.206699E+01
      vertex -3.875000E+01 2.500000E-01 1.206699E+01
      vertex -3.885355E+01 1.464466E-01 1.214645E+01
    endloop
  endfacet
  facet normal -3.826805E-01 -0.000000E+00 -9.238808E-01
    outer loop
      vertex -3.875000E+01 6.975000E+01 1.206699E+01
      vertex -3.862941E+01 6.962941E+01 1.201704E+01
      vertex -3.875000E+01 2.500000E-01 1.206699E+01
    endloop
  endfacet
  facet normal -6.087594E-01 -0.000000E+00 -7.933549E-01
    outer loop
      vertex -3.885355E+01 6.985355E+01 1.214645E+01
      vertex -3.875000E+01 6.975000E+01 1.206699E+01
      vertex -3.885355E+01 1.464466E-01 1.214645E+01
    endloop
  endfacet
  facet normal 0.000000E+00 -1.305285E-01 -9.914445E-01
    outer loop
      vertex -3.850000E+01 5.000000E-01 1.200000E+01
      vertex 9.250000E+01 5.000000E-01 1.200000E+01
      vertex 9.262941E+01 3.705905E-01 1.201704E+01
    endloop
  endfacet
  facet normal 0.000000E+00 -1.305285E-01 -9.914446E-01
    outer loop
      vertex -3.862941E+01 3.705905E-01 1.201704E+01
      vertex -3.850000E+01 5.000000E-01 1.200000E+01
      vertex 9.262941E+01 3.705905E-01 1.201704E+01
    endloop
  endfacet
  facet normal 0.000000E+00 -3.826797E-01 -9.238811E-01
    outer loop
      vertex -3.875000E+01 2.500000E-01 1.206699E+01
      vertex 9.262941E+01 3.705905E-01 1.201704E+01
      vertex 9.275000E+01 2.500000E-01 1.206699E+01
    endloop
  endfacet
  facet normal 0.000000E+00 -3.826797E-01 -9.238811E-01
    outer loop
      vertex -3.875000E+01 2.500000E-01 1.206699E+01
      vertex -3.862941E+01 3.705905E-01 1.201704E+01
      vertex 9.262941E+01 3.705905E-01 1.201704E+01
    endloop
  endfacet
  facet normal 0.000000E+00 -6.087609E-01 -7.933539E-01
    outer loop
      vertex -3.885355E+01 1.464466E-01 1.214645E+01
      vertex 9.275000E+01 2.500000E-01 1.206699E+01
      vertex 9.285355E+01 1.464466E-01 1.214645E+01
    endloop
  endfacet
  facet normal 0.000000E+00 -6.087609E-01 -7.933538E-01
    outer loop
      vertex -3.885355E+01 1.464466E-01 1.214645E+01
      vertex -3.875000E+01 2.500000E-01 1.206699E+01
      vertex 9.275000E+01 2.500000E-01 1.206699E+01
    endloop
  endfacet
  facet normal 9.989611E-01 0.000000E+00 -4.557106E-02
    outer loop
      vertex 9.299792E+01 6.999792E+01 1.245451E+01
      vertex 9.300000E+01 7.000000E+01 1.250000E+01
      vertex 9.300000E+01 2.775558E-15 1.250000E+01
    endloop
  endfacet
  facet normal 9.989611E-01 0.000000E+00 -4.557106E-02
    outer loop
      vertex 9.299792E+01 6.999792E+01 1.245451E+01
      vertex 9.300000E+01 2.775558E-15 1.250000E+01
      vertex 9.299792E+01 2.073649E-03 1.245451E+01
    endloop
  endfacet
  facet normal 9.906797E-01 0.000000E+00 -1.362122E-01
    outer loop
      vertex 9.299172E+01 6.999172E+01 1.240940E+01
      vertex 9.299792E+01 2.073649E-03 1.245451E+01
      vertex 9.299172E+01 8.277398E-03 1.240940E+01
    endloop
  endfacet
  facet normal 9.906797E-01 0.000000E+00 -1.362122E-01
    outer loop
      vertex 9.299172E+01 6.999172E+01 1.240940E+01
      vertex 9.299792E+01 6.999792E+01 1.245451E+01
      vertex 9.299792E+01 2.073649E-03 1.245451E+01
    endloop
  endfacet
  facet normal 8.985463E-01 0.000000E+00 -4.388787E-01
    outer loop
      vertex 9.296814E+01 6.996814E+01 1.232436E+01
      vertex 9.296814E+01 3.186285E-02 1.232436E+01
      vertex 9.292632E+01 7.367992E-02 1.223875E+01
    endloop
  endfacet
  facet normal 9.636279E-01 0.000000E+00 -2.672476E-01
    outer loop
      vertex 9.296814E+01 6.996814E+01 1.232436E+01
      vertex 9.299172E+01 8.277398E-03 1.240940E+01
      vertex 9.296814E+01 3.186285E-02 1.232436E+01
    endloop
  endfacet
  facet normal 9.636279E-01 0.000000E+00 -2.672475E-01
    outer loop
      vertex 9.296814E+01 6.996814E+01 1.232436E+01
      vertex 9.299172E+01 6.999172E+01 1.240940E+01
      vertex 9.299172E+01 8.277398E-03 1.240940E+01
    endloop
  endfacet
  facet normal 7.853071E-01 0.000000E+00 -6.191064E-01
    outer loop
      vertex 9.292632E+01 6.992632E+01 1.223875E+01
      vertex 9.292632E+01 7.367992E-02 1.223875E+01
      vertex 9.285355E+01 1.464466E-01 1.214645E+01
    endloop
  endfacet
  facet normal 8.985463E-01 0.000000E+00 -4.388787E-01
    outer loop
      vertex 9.292632E+01 6.992632E+01 1.223875E+01
      vertex 9.296814E+01 6.996814E+01 1.232436E+01
      vertex 9.292632E+01 7.367992E-02 1.223875E+01
    endloop
  endfacet
  facet normal 7.853071E-01 0.000000E+00 -6.191064E-01
    outer loop
      vertex 9.285355E+01 6.985355E+01 1.214645E+01
      vertex 9.292632E+01 6.992632E+01 1.223875E+01
      vertex 9.285355E+01 1.464466E-01 1.214645E+01
    endloop
  endfacet
  facet normal 0.000000E+00 1.305282E-01 -9.914446E-01
    outer loop
      vertex 9.262941E+01 6.962941E+01 1.201704E+01
      vertex 9.250000E+01 6.950000E+01 1.200000E+01
      vertex -3.850000E+01 6.950000E+01 1.200000E+01
    endloop
  endfacet
  facet normal 0.000000E+00 3.826805E-01 -9.238808E-01
    outer loop
      vertex 9.262941E+01 6.962941E+01 1.201704E+01
      vertex -3.862941E+01 6.962941E+01 1.201704E+01
      vertex -3.875000E+01 6.975000E+01 1.206699E+01
    endloop
  endfacet
  facet normal 0.000000E+00 1.305282E-01 -9.914446E-01
    outer loop
      vertex 9.262941E+01 6.962941E+01 1.201704E+01
      vertex -3.850000E+01 6.950000E+01 1.200000E+01
      vertex -3.862941E+01 6.962941E+01 1.201704E+01
    endloop
  endfacet
  facet normal 0.000000E+00 6.087594E-01 -7.933549E-01
    outer loop
      vertex 9.275000E+01 6.975000E+01 1.206699E+01
      vertex -3.875000E+01 6.975000E+01 1.206699E+01
      vertex -3.885355E+01 6.985355E+01 1.214645E+01
    endloop
  endfacet
  facet normal 0.000000E+00 3.826805E-01 -9.238808E-01
    outer loop
      vertex 9.275000E+01 6.975000E+01 1.206699E+01
      vertex 9.262941E+01 6.962941E+01 1.201704E+01
      vertex -3.875000E+01 6.975000E+01 1.206699E+01
    endloop
  endfacet
  facet normal 0.000000E+00 6.087594E-01 -7.933549E-01
    outer loop
      vertex 9.285355E+01 6.985355E+01 1.214645E+01
      vertex 9.275000E+01 6.975000E+01 1.206699E+01
      vertex -3.885355E+01 6.985355E+01 1.214645E+01
    endloop
  endfacet
  facet normal 0.000000E+00 1.000000E+00 0.000000E+00
    outer loop
      vertex 9.300000E+01 7.000000E+01 1.250000E+01
      vertex -3.900000E+01 7.000000E+01 1.250000E+01
      vertex -3.900000E+01 7.000000E+01 1.500000E+01
    endloop
  endfacet
  facet normal 0.000000E+00 1.000000E+00 -0.000000E+00
    outer loop
      vertex 9.300000E+01 7.000000E+01 1.250000E+01
      vertex -3.900000E+01 7.000000E+01 1.500000E+01
      vertex 9.300000E+01 7.000000E+01 1.500000E+01
    endloop
  endfacet
  facet normal -1.000000E+00 0.000000E+00 0.000000E+00
    outer loop
      vertex -3.900000E+01 7.000000E+01 1.250000E+01
      vertex -3.900000E+01 2.775558E-15 1.250000E+01
      vertex -3.900000E+01 3.330669E-15 1.500000E+01
    endloop
  endfacet
  facet normal -1.000000E+00 -0.000000E+00 -0.000000E+00
    outer loop
      vertex -3.900000E+01 7.000000E+01 1.500000E+01
      vertex -3.900000E+01 7.000000E+01 1.250000E+01
      vertex -3.900000E+01 3.330669E-15 1.500000E+01
    endloop
  endfacet
  facet normal 0.000000E+00 -0.000000E+00 -1.000000E+00
    outer loop
      vertex -3.754789E+01 8.733492E+00 1.200000E+01
      vertex -3.722063E+01 8.415688E+00 1.200000E+01
      vertex -3.850000E+01 5.000000E-01 1.200000E+01
    endloop
  endfacet
  facet normal 0.000000E+00 0.000000E+00 -1.000000E+00
    outer loop
      vertex 9.013613E+01 8.354033E+00 1.200000E+01
      vertex 9.049702E+01 8.673755E+00 1.200000E+01
      vertex 9.250000E+01 5.000000E-01 1.200000E+01
    endloop
  endfacet
  facet normal 0.000000E+00 -0.000000E+00 -1.000000E+00
    outer loop
      vertex 9.077091E+01 9.070554E+00 1.200000E+01
      vertex 9.250000E+01 5.000000E-01 1.200000E+01
      vertex 9.049702E+01 8.673755E+00 1.200000E+01
    endloop
  endfacet
  facet normal 0.000000E+00 0.000000E+00 -1.000000E+00
    outer loop
      vertex 8.970921E+01 8.129968E+00 1.200000E+01
      vertex 9.013613E+01 8.354033E+00 1.200000E+01
      vertex 9.250000E+01 5.000000E-01 1.200000E+01
    endloop
  endfacet
  facet normal 0.000000E+00 -0.000000E+00 -1.000000E+00
    outer loop
      vertex -3.779461E+01 9.117185E+00 1.200000E+01
      vertex -3.754789E+01 8.733492E+00 1.200000E+01
      vertex -3.850000E+01 5.000000E-01 1.200000E+01
    endloop
  endfacet
  facet normal 0.000000E+00 -0.000000E+00 -1.000000E+00
    outer loop
      vertex 9.094189E+01 9.521369E+00 1.200000E+01
      vertex 9.250000E+01 5.000000E-01 1.200000E+01
      vertex 9.077091E+01 9.070554E+00 1.200000E+01
    endloop
  endfacet
  facet normal 0.000000E+00 0.000000E+00 -1.000000E+00
    outer loop
      vertex 8.924107E+01 8.014583E+00 1.200000E+01
      vertex 8.970921E+01 8.129968E+00 1.200000E+01
      vertex 9.250000E+01 5.000000E-01 1.200000E+01
    endloop
  endfacet
  facet normal 0.000000E+00 -0.000000E+00 -1.000000E+00
    outer loop
      vertex -3.794798E+01 9.546803E+00 1.200000E+01
      vertex -3.779461E+01 9.117185E+00 1.200000E+01
      vertex -3.850000E+01 5.000000E-01 1.200000E+01
    endloop
  endfacet
  facet normal 0.000000E+00 -0.000000E+00 -1.000000E+00
    outer loop
      vertex 9.100000E+01 1.000000E+01 1.200000E+01
      vertex 9.250000E+01 5.000000E-01 1.200000E+01
      vertex 9.094189E+01 9.521369E+00 1.200000E+01
    endloop
  endfacet
  facet normal 0.000000E+00 0.000000E+00 -1.000000E+00
    outer loop
      vertex 8.875893E+01 8.014583E+00 1.200000E+01
      vertex 8.924107E+01 8.014583E+00 1.200000E+01
      vertex 9.250000E+01 5.000000E-01 1.200000E+01
    endloop
  endfacet
  facet normal 0.000000E+00 -0.000000E+00 -1.000000E+00
    outer loop
      vertex -3.800000E+01 1.000000E+01 1.200000E+01
      vertex -3.794798E+01 9.546803E+00 1.200000E+01
      vertex -3.850000E+01 5.000000E-01 1.200000E+01
    endloop
  endfacet
  facet normal 0.000000E+00 0.000000E+00 -1.000000E+00
    outer loop
      vertex 8.829079E+01 8.129968E+00 1.200000E+01
      vertex 8.875893E+01 8.014583E+00 1.200000E+01
      vertex 9.250000E+01 5.000000E-01 1.200000E+01
    endloop
  endfacet
  facet normal 0.000000E+00 0.000000E+00 -1.000000E+00
    outer loop
      vertex 8.786387E+01 8.354033E+00 1.200000E+01
      vertex 8.829079E+01 8.129968E+00 1.200000E+01
      vertex 9.250000E+01 5.000000E-01 1.200000E+01
    endloop
  endfacet
  facet normal 0.000000E+00 0.000000E+00 -1.000000E+00
    outer loop
      vertex 8.750298E+01 8.673755E+00 1.200000E+01
      vertex 8.786387E+01 8.354033E+00 1.200000E+01
      vertex 9.250000E+01 5.000000E-01 1.200000E+01
    endloop
  endfacet
  facet normal 0.000000E+00 -0.000000E+00 -1.000000E+00
    outer loop
      vertex -3.470683E+01 5.847432E+01 1.200000E+01
      vertex -3.450298E+01 1.132625E+01 1.200000E+01
      vertex -3.486387E+01 1.164597E+01 1.200000E+01
    endloop
  endfacet
  facet normal 0.000000E+00 0.000000E+00 -1.000000E+00
    outer loop
      vertex -3.440876E+01 5.878840E+01 1.200000E+01
      vertex 3.198578E+01 5.806579E+00 1.200000E+01
      vertex -3.422909E+01 1.092945E+01 1.200000E+01
    endloop
  endfacet
  facet normal 0.000000E+00 0.000000E+00 -1.000000E+00
    outer loop
      vertex -3.440876E+01 5.878840E+01 1.200000E+01
      vertex -3.450298E+01 1.132625E+01 1.200000E+01
      vertex -3.470683E+01 5.847432E+01 1.200000E+01
    endloop
  endfacet
  facet normal 0.000000E+00 0.000000E+00 -1.000000E+00
    outer loop
      vertex -3.440876E+01 5.878840E+01 1.200000E+01
      vertex 3.200298E+01 6.417375E+01 1.200000E+01
      vertex 3.198578E+01 5.806579E+00 1.200000E+01
    endloop
  endfacet
  facet normal 0.000000E+00 -0.000000E+00 -1.000000E+00
    outer loop
      vertex -3.440876E+01 5.878840E+01 1.200000E+01
      vertex -3.422909E+01 1.092945E+01 1.200000E+01
      vertex -3.450298E+01 1.132625E+01 1.200000E+01
    endloop
  endfacet
  facet normal 0.000000E+00 0.000000E+00 -1.000000E+00
    outer loop
      vertex -3.506550E+01 5.823175E+01 1.200000E+01
      vertex -3.470683E+01 5.847432E+01 1.200000E+01
      vertex -3.486387E+01 1.164597E+01 1.200000E+01
    endloop
  endfacet
  facet normal 0.000000E+00 -0.000000E+00 -1.000000E+00
    outer loop
      vertex -3.506550E+01 5.823175E+01 1.200000E+01
      vertex -3.486387E+01 1.164597E+01 1.200000E+01
      vertex -3.529079E+01 1.187003E+01 1.200000E+01
    endloop
  endfacet
  facet normal 0.000000E+00 0.000000E+00 -1.000000E+00
    outer loop
      vertex -3.418529E+01 5.915927E+01 1.200000E+01
      vertex 3.172909E+01 6.457056E+01 1.200000E+01
      vertex 3.200298E+01 6.417375E+01 1.200000E+01
    endloop
  endfacet
  facet normal 0.000000E+00 -0.000000E+00 -1.000000E+00
    outer loop
      vertex -3.418529E+01 5.915927E+01 1.200000E+01
      vertex 3.200298E+01 6.417375E+01 1.200000E+01
      vertex -3.440876E+01 5.878840E+01 1.200000E+01
    endloop
  endfacet
  facet normal 0.000000E+00 -0.000000E+00 -1.000000E+00
    outer loop
      vertex -3.549043E+01 5.806601E+01 1.200000E+01
      vertex -3.529079E+01 1.187003E+01 1.200000E+01
      vertex -3.575893E+01 1.198542E+01 1.200000E+01
    endloop
  endfacet
  facet normal 0.000000E+00 0.000000E+00 -1.000000E+00
    outer loop
      vertex -3.549043E+01 5.806601E+01 1.200000E+01
      vertex -3.506550E+01 5.823175E+01 1.200000E+01
      vertex -3.529079E+01 1.187003E+01 1.200000E+01
    endloop
  endfacet
  facet normal 0.000000E+00 0.000000E+00 -1.000000E+00
    outer loop
      vertex -3.404687E+01 5.956955E+01 1.200000E+01
      vertex 3.155812E+01 6.502137E+01 1.200000E+01
      vertex 3.172909E+01 6.457056E+01 1.200000E+01
    endloop
  endfacet
  facet normal 0.000000E+00 -0.000000E+00 -1.000000E+00
    outer loop
      vertex -3.404687E+01 5.956955E+01 1.200000E+01
      vertex 3.172909E+01 6.457056E+01 1.200000E+01
      vertex -3.418529E+01 5.915927E+01 1.200000E+01
    endloop
  endfacet
  facet normal 0.000000E+00 -0.000000E+00 -1.000000E+00
    outer loop
      vertex 9.054832E+01 5.873403E+01 1.200000E+01
      vertex 9.075979E+01 1.095034E+01 1.200000E+01
      vertex 9.047324E+01 1.135261E+01 1.200000E+01
    endloop
  endfacet
  facet normal 0.000000E+00 0.000000E+00 -1.000000E+00
    outer loop
      vertex -3.594186E+01 5.800085E+01 1.200000E+01
      vertex -3.549043E+01 5.806601E+01 1.200000E+01
      vertex -3.575893E+01 1.198542E+01 1.200000E+01
    endloop
  endfacet
  facet normal 0.000000E+00 -0.000000E+00 -1.000000E+00
    outer loop
      vertex -3.594186E+01 5.800085E+01 1.200000E+01
      vertex -3.575893E+01 1.198542E+01 1.200000E+01
      vertex -3.624107E+01 1.198542E+01 1.200000E+01
    endloop
  endfacet
  facet normal 0.000000E+00 0.000000E+00 -1.000000E+00
    outer loop
      vertex 9.022137E+01 5.841625E+01 1.200000E+01
      vertex 9.054832E+01 5.873403E+01 1.200000E+01
      vertex 9.047324E+01 1.135261E+01 1.200000E+01
    endloop
  endfacet
  facet normal 0.000000E+00 -0.000000E+00 -1.000000E+00
    outer loop
      vertex 9.022137E+01 5.841625E+01 1.200000E+01
      vertex 9.047324E+01 1.135261E+01 1.200000E+01
      vertex 9.009686E+01 1.167239E+01 1.200000E+01
    endloop
  endfacet
  facet normal 0.000000E+00 0.000000E+00 -1.000000E+00
    outer loop
      vertex -3.400000E+01 6.000000E+01 1.200000E+01
      vertex 3.150000E+01 6.550000E+01 1.200000E+01
      vertex 3.155812E+01 6.502137E+01 1.200000E+01
    endloop
  endfacet
  facet normal 0.000000E+00 -0.000000E+00 -1.000000E+00
    outer loop
      vertex -3.400000E+01 6.000000E+01 1.200000E+01
      vertex 3.155812E+01 6.502137E+01 1.200000E+01
      vertex -3.404687E+01 5.956955E+01 1.200000E+01
    endloop
  endfacet
  facet normal 0.000000E+00 0.000000E+00 -1.000000E+00
    outer loop
      vertex 3.463613E+01 2.854032E+00 1.200000E+01
      vertex 3.499702E+01 3.173755E+00 1.200000E+01
      vertex 9.250000E+01 5.000000E-01 1.200000E+01
    endloop
  endfacet
  facet normal 0.000000E+00 -0.000000E+00 -1.000000E+00
    outer loop
      vertex -3.639632E+01 5.803966E+01 1.200000E+01
      vertex -3.624107E+01 1.198542E+01 1.200000E+01
      vertex -3.670921E+01 1.187003E+01 1.200000E+01
    endloop
  endfacet
  facet normal 0.000000E+00 0.000000E+00 -1.000000E+00
    outer loop
      vertex 3.527091E+01 3.570554E+00 1.200000E+01
      vertex 8.722909E+01 9.070554E+00 1.200000E+01
      vertex 8.750298E+01 8.673755E+00 1.200000E+01
    endloop
  endfacet
  facet normal 0.000000E+00 -0.000000E+00 -1.000000E+00
    outer loop
      vertex 3.527091E+01 3.570554E+00 1.200000E+01
      vertex 9.250000E+01 5.000000E-01 1.200000E+01
      vertex 3.499702E+01 3.173755E+00 1.200000E+01
    endloop
  endfacet
  facet normal 0.000000E+00 0.000000E+00 -1.000000E+00
    outer loop
      vertex -3.639632E+01 5.803966E+01 1.200000E+01
      vertex -3.594186E+01 5.800085E+01 1.200000E+01
      vertex -3.624107E+01 1.198542E+01 1.200000E+01
    endloop
  endfacet
  facet normal 0.000000E+00 0.000000E+00 -1.000000E+00
    outer loop
      vertex 3.527091E+01 3.570554E+00 1.200000E+01
      vertex 8.750298E+01 8.673755E+00 1.200000E+01
      vertex 9.250000E+01 5.000000E-01 1.200000E+01
    endloop
  endfacet
  facet normal 0.000000E+00 0.000000E+00 -1.000000E+00
    outer loop
      vertex -3.405812E+01 6.047863E+01 1.200000E+01
      vertex 3.152768E+01 6.583157E+01 1.200000E+01
      vertex 3.150000E+01 6.550000E+01 1.200000E+01
    endloop
  endfacet
  facet normal 0.000000E+00 0.000000E+00 -1.000000E+00
    outer loop
      vertex 9.079482E+01 5.911760E+01 1.200000E+01
      vertex 9.075979E+01 1.095034E+01 1.200000E+01
      vertex 9.054832E+01 5.873403E+01 1.200000E+01
    endloop
  endfacet
  facet normal 0.000000E+00 -0.000000E+00 -1.000000E+00
    outer loop
      vertex 9.079482E+01 5.911760E+01 1.200000E+01
      vertex 9.093902E+01 1.049011E+01 1.200000E+01
      vertex 9.075979E+01 1.095034E+01 1.200000E+01
    endloop
  endfacet
  facet normal 0.000000E+00 0.000000E+00 -1.000000E+00
    outer loop
      vertex -3.405812E+01 6.047863E+01 1.200000E+01
      vertex 3.150000E+01 6.550000E+01 1.200000E+01
      vertex -3.400000E+01 6.000000E+01 1.200000E+01
    endloop
  endfacet
  facet normal 0.000000E+00 0.000000E+00 -1.000000E+00
    outer loop
      vertex -3.683016E+01 5.818043E+01 1.200000E+01
      vertex -3.639632E+01 5.803966E+01 1.200000E+01
      vertex -3.670921E+01 1.187003E+01 1.200000E+01
    endloop
  endfacet
  facet normal 0.000000E+00 -0.000000E+00 -1.000000E+00
    outer loop
      vertex 8.983094E+01 5.818079E+01 1.200000E+01
      vertex 9.009686E+01 1.167239E+01 1.200000E+01
      vertex 8.965359E+01 1.189019E+01 1.200000E+01
    endloop
  endfacet
  facet normal 0.000000E+00 -0.000000E+00 -1.000000E+00
    outer loop
      vertex -3.683016E+01 5.818043E+01 1.200000E+01
      vertex -3.670921E+01 1.187003E+01 1.200000E+01
      vertex -3.713613E+01 1.164597E+01 1.200000E+01
    endloop
  endfacet
  facet normal 0.000000E+00 0.000000E+00 -1.000000E+00
    outer loop
      vertex -3.422909E+01 6.092945E+01 1.200000E+01
      vertex 3.174450E+01 6.645824E+01 1.200000E+01
      vertex 3.160994E+01 6.615395E+01 1.200000E+01
    endloop
  endfacet
  facet normal 0.000000E+00 0.000000E+00 -1.000000E+00
    outer loop
      vertex 8.983094E+01 5.818079E+01 1.200000E+01
      vertex 9.022137E+01 5.841625E+01 1.200000E+01
      vertex 9.009686E+01 1.167239E+01 1.200000E+01
    endloop
  endfacet
  facet normal 0.000000E+00 0.000000E+00 -1.000000E+00
    outer loop
      vertex -3.422909E+01 6.092945E+01 1.200000E+01
      vertex 3.160994E+01 6.615395E+01 1.200000E+01
      vertex 3.152768E+01 6.583157E+01 1.200000E+01
    endloop
  endfacet
  facet normal 0.000000E+00 0.000000E+00 -1.000000E+00
    outer loop
      vertex -3.422909E+01 6.092945E+01 1.200000E+01
      vertex 3.152768E+01 6.583157E+01 1.200000E+01
      vertex -3.405812E+01 6.047863E+01 1.200000E+01
    endloop
  endfacet
  facet normal 0.000000E+00 0.000000E+00 -1.000000E+00
    outer loop
      vertex 3.420921E+01 2.629967E+00 1.200000E+01
      vertex 3.463613E+01 2.854032E+00 1.200000E+01
      vertex 9.250000E+01 5.000000E-01 1.200000E+01
    endloop
  endfacet
  facet normal 0.000000E+00 0.000000E+00 -1.000000E+00
    outer loop
      vertex -3.722083E+01 5.841584E+01 1.200000E+01
      vertex -3.683016E+01 5.818043E+01 1.200000E+01
      vertex -3.713613E+01 1.164597E+01 1.200000E+01
    endloop
  endfacet
  facet normal 0.000000E+00 0.000000E+00 -1.000000E+00
    outer loop
      vertex 3.544188E+01 4.021369E+00 1.200000E+01
      vertex 8.705811E+01 9.521369E+00 1.200000E+01
      vertex 8.722909E+01 9.070554E+00 1.200000E+01
    endloop
  endfacet
  facet normal 0.000000E+00 -0.000000E+00 -1.000000E+00
    outer loop
      vertex -3.722083E+01 5.841584E+01 1.200000E+01
      vertex -3.713613E+01 1.164597E+01 1.200000E+01
      vertex -3.749702E+01 1.132625E+01 1.200000E+01
    endloop
  endfacet
  facet normal 0.000000E+00 -0.000000E+00 -1.000000E+00
    outer loop
      vertex 3.544188E+01 4.021369E+00 1.200000E+01
      vertex 8.722909E+01 9.070554E+00 1.200000E+01
      vertex 3.527091E+01 3.570554E+00 1.200000E+01
    endloop
  endfacet
  facet normal 0.000000E+00 0.000000E+00 -1.000000E+00
    outer loop
      vertex 9.094803E+01 5.954703E+01 1.200000E+01
      vertex 9.093902E+01 1.049011E+01 1.200000E+01
      vertex 9.079482E+01 5.911760E+01 1.200000E+01
    endloop
  endfacet
  facet normal 0.000000E+00 -0.000000E+00 -1.000000E+00
    outer loop
      vertex 8.939732E+01 5.803986E+01 1.200000E+01
      vertex 8.965359E+01 1.189019E+01 1.200000E+01
      vertex 8.917046E+01 1.199272E+01 1.200000E+01
    endloop
  endfacet
  facet normal 0.000000E+00 -0.000000E+00 -1.000000E+00
    outer loop
      vertex -3.754800E+01 5.873363E+01 1.200000E+01
      vertex -3.749702E+01 1.132625E+01 1.200000E+01
      vertex -3.777091E+01 1.092945E+01 1.200000E+01
    endloop
  endfacet
  facet normal 0.000000E+00 0.000000E+00 -1.000000E+00
    outer loop
      vertex -3.754800E+01 5.873363E+01 1.200000E+01
      vertex -3.722083E+01 5.841584E+01 1.200000E+01
      vertex -3.749702E+01 1.132625E+01 1.200000E+01
    endloop
  endfacet
  facet normal 0.000000E+00 0.000000E+00 -1.000000E+00
    outer loop
      vertex 8.939732E+01 5.803986E+01 1.200000E+01
      vertex 8.983094E+01 5.818079E+01 1.200000E+01
      vertex 8.965359E+01 1.189019E+01 1.200000E+01
    endloop
  endfacet
  facet normal 0.000000E+00 0.000000E+00 -1.000000E+00
    outer loop
      vertex 3.374107E+01 2.514582E+00 1.200000E+01
      vertex 3.420921E+01 2.629967E+00 1.200000E+01
      vertex 9.250000E+01 5.000000E-01 1.200000E+01
    endloop
  endfacet
  facet normal 0.000000E+00 0.000000E+00 -1.000000E+00
    outer loop
      vertex -3.779467E+01 5.911729E+01 1.200000E+01
      vertex -3.754800E+01 5.873363E+01 1.200000E+01
      vertex -3.777091E+01 1.092945E+01 1.200000E+01
    endloop
  endfacet
  facet normal 0.000000E+00 -0.000000E+00 -1.000000E+00
    outer loop
      vertex -3.779467E+01 5.911729E+01 1.200000E+01
      vertex -3.777091E+01 1.092945E+01 1.200000E+01
      vertex -3.794188E+01 1.047863E+01 1.200000E+01
    endloop
  endfacet
  facet normal 0.000000E+00 -0.000000E+00 -1.000000E+00
    outer loop
      vertex 3.550000E+01 4.500000E+00 1.200000E+01
      vertex 8.705811E+01 9.521369E+00 1.200000E+01
      vertex 3.544188E+01 4.021369E+00 1.200000E+01
    endloop
  endfacet
  facet normal 0.000000E+00 0.000000E+00 -1.000000E+00
    outer loop
      vertex -3.794799E+01 5.954686E+01 1.200000E+01
      vertex -3.779467E+01 5.911729E+01 1.200000E+01
      vertex -3.794188E+01 1.047863E+01 1.200000E+01
    endloop
  endfacet
  facet normal 0.000000E+00 -0.000000E+00 -1.000000E+00
    outer loop
      vertex 8.894305E+01 5.800081E+01 1.200000E+01
      vertex 8.917046E+01 1.199272E+01 1.200000E+01
      vertex 8.867693E+01 1.197373E+01 1.200000E+01
    endloop
  endfacet
  facet normal 0.000000E+00 0.000000E+00 -1.000000E+00
    outer loop
      vertex 8.894305E+01 5.800081E+01 1.200000E+01
      vertex 8.939732E+01 5.803986E+01 1.200000E+01
      vertex 8.917046E+01 1.199272E+01 1.200000E+01
    endloop
  endfacet
  facet normal 0.000000E+00 0.000000E+00 -1.000000E+00
    outer loop
      vertex 3.549041E+01 4.695626E+00 1.200000E+01
      vertex 8.700000E+01 1.000000E+01 1.200000E+01
      vertex 8.705811E+01 9.521369E+00 1.200000E+01
    endloop
  endfacet
  facet normal 0.000000E+00 0.000000E+00 -1.000000E+00
    outer loop
      vertex 3.549041E+01 4.695626E+00 1.200000E+01
      vertex 8.705811E+01 9.521369E+00 1.200000E+01
      vertex 3.550000E+01 4.500000E+00 1.200000E+01
    endloop
  endfacet
  facet normal 0.000000E+00 0.000000E+00 -1.000000E+00
    outer loop
      vertex 3.546173E+01 4.889376E+00 1.200000E+01
      vertex 8.700000E+01 1.000000E+01 1.200000E+01
      vertex 3.549041E+01 4.695626E+00 1.200000E+01
    endloop
  endfacet
  facet normal 0.000000E+00 -0.000000E+00 -1.000000E+00
    outer loop
      vertex 8.849174E+01 5.806566E+01 1.200000E+01
      vertex 8.867693E+01 1.197373E+01 1.200000E+01
      vertex 8.820310E+01 1.183438E+01 1.200000E+01
    endloop
  endfacet
  facet normal 0.000000E+00 0.000000E+00 -1.000000E+00
    outer loop
      vertex 8.849174E+01 5.806566E+01 1.200000E+01
      vertex 8.894305E+01 5.800081E+01 1.200000E+01
      vertex 8.867693E+01 1.197373E+01 1.200000E+01
    endloop
  endfacet
  facet normal 0.000000E+00 0.000000E+00 -1.000000E+00
    outer loop
      vertex -3.850000E+01 6.950000E+01 1.200000E+01
      vertex 3.238597E+01 6.716100E+01 1.200000E+01
      vertex 3.202283E+01 6.684833E+01 1.200000E+01
    endloop
  endfacet
  facet normal 0.000000E+00 0.000000E+00 -1.000000E+00
    outer loop
      vertex 3.541424E+01 5.079391E+00 1.200000E+01
      vertex 8.707724E+01 1.055045E+01 1.200000E+01
      vertex 8.701940E+01 1.027792E+01 1.200000E+01
    endloop
  endfacet
  facet normal 0.000000E+00 0.000000E+00 -1.000000E+00
    outer loop
      vertex -3.850000E+01 6.950000E+01 1.200000E+01
      vertex 3.202283E+01 6.684833E+01 1.200000E+01
      vertex 3.174450E+01 6.645824E+01 1.200000E+01
    endloop
  endfacet
  facet normal 0.000000E+00 0.000000E+00 -1.000000E+00
    outer loop
      vertex 3.541424E+01 5.079391E+00 1.200000E+01
      vertex 8.701940E+01 1.027792E+01 1.200000E+01
      vertex 8.700000E+01 1.000000E+01 1.200000E+01
    endloop
  endfacet
  facet normal 0.000000E+00 0.000000E+00 -1.000000E+00
    outer loop
      vertex -3.850000E+01 6.950000E+01 1.200000E+01
      vertex 3.174450E+01 6.645824E+01 1.200000E+01
      vertex -3.422909E+01 6.092945E+01 1.200000E+01
    endloop
  endfacet
  facet normal 0.000000E+00 0.000000E+00 -1.000000E+00
    outer loop
      vertex 3.541424E+01 5.079391E+00 1.200000E+01
      vertex 8.700000E+01 1.000000E+01 1.200000E+01
      vertex 3.546173E+01 4.889376E+00 1.200000E+01
    endloop
  endfacet
  facet normal 0.000000E+00 0.000000E+00 -1.000000E+00
    outer loop
      vertex -3.850000E+01 6.950000E+01 1.200000E+01
      vertex -3.422909E+01 6.092945E+01 1.200000E+01
      vertex -3.450298E+01 6.132624E+01 1.200000E+01
    endloop
  endfacet
  facet normal 0.000000E+00 0.000000E+00 -1.000000E+00
    outer loop
      vertex -3.850000E+01 6.950000E+01 1.200000E+01
      vertex -3.450298E+01 6.132624E+01 1.200000E+01
      vertex -3.486387E+01 6.164597E+01 1.200000E+01
    endloop
  endfacet
  facet normal 0.000000E+00 0.000000E+00 -1.000000E+00
    outer loop
      vertex -3.850000E+01 6.950000E+01 1.200000E+01
      vertex -3.486387E+01 6.164597E+01 1.200000E+01
      vertex -3.529079E+01 6.187003E+01 1.200000E+01
    endloop
  endfacet
  facet normal 0.000000E+00 0.000000E+00 -1.000000E+00
    outer loop
      vertex -3.850000E+01 6.950000E+01 1.200000E+01
      vertex -3.529079E+01 6.187003E+01 1.200000E+01
      vertex -3.575893E+01 6.198542E+01 1.200000E+01
    endloop
  endfacet
  facet normal 0.000000E+00 0.000000E+00 -1.000000E+00
    outer loop
      vertex -3.850000E+01 6.950000E+01 1.200000E+01
      vertex -3.575893E+01 6.198542E+01 1.200000E+01
      vertex -3.624107E+01 6.198542E+01 1.200000E+01
    endloop
  endfacet
  facet normal 0.000000E+00 0.000000E+00 -1.000000E+00
    outer loop
      vertex -3.850000E+01 6.950000E+01 1.200000E+01
      vertex -3.624107E+01 6.198542E+01 1.200000E+01
      vertex -3.670921E+01 6.187003E+01 1.200000E+01
    endloop
  endfacet
  facet normal 0.000000E+00 0.000000E+00 -1.000000E+00
    outer loop
      vertex -3.850000E+01 6.950000E+01 1.200000E+01
      vertex -3.670921E+01 6.187003E+01 1.200000E+01
      vertex -3.713613E+01 6.164597E+01 1.200000E+01
    endloop
  endfacet
  facet normal 0.000000E+00 0.000000E+00 -1.000000E+00
    outer loop
      vertex -3.850000E+01 6.950000E+01 1.200000E+01
      vertex -3.713613E+01 6.164597E+01 1.200000E+01
      vertex -3.749702E+01 6.132624E+01 1.200000E+01
    endloop
  endfacet
  facet normal 0.000000E+00 0.000000E+00 -1.000000E+00
    outer loop
      vertex -3.850000E+01 6.950000E+01 1.200000E+01
      vertex -3.749702E+01 6.132624E+01 1.200000E+01
      vertex -3.777091E+01 6.092945E+01 1.200000E+01
    endloop
  endfacet
  facet normal 0.000000E+00 0.000000E+00 -1.000000E+00
    outer loop
      vertex -3.850000E+01 6.950000E+01 1.200000E+01
      vertex -3.777091E+01 6.092945E+01 1.200000E+01
      vertex -3.794188E+01 6.047863E+01 1.200000E+01
    endloop
  endfacet
  facet normal 0.000000E+00 0.000000E+00 -1.000000E+00
    outer loop
      vertex -3.850000E+01 6.950000E+01 1.200000E+01
      vertex -3.794188E+01 6.047863E+01 1.200000E+01
      vertex -3.800000E+01 6.000000E+01 1.200000E+01
    endloop
  endfacet
  facet normal 0.000000E+00 0.000000E+00 -1.000000E+00
    outer loop
      vertex -3.850000E+01 5.000000E-01 1.200000E+01
      vertex -3.850000E+01 6.950000E+01 1.200000E+01
      vertex -3.800000E+01 6.000000E+01 1.200000E+01
    endloop
  endfacet
  facet normal 0.000000E+00 0.000000E+00 -1.000000E+00
    outer loop
      vertex -3.850000E+01 5.000000E-01 1.200000E+01
      vertex -3.800000E+01 6.000000E+01 1.200000E+01
      vertex -3.794799E+01 5.954686E+01 1.200000E+01
    endloop
  endfacet
  facet normal 0.000000E+00 0.000000E+00 -1.000000E+00
    outer loop
      vertex -3.850000E+01 5.000000E-01 1.200000E+01
      vertex -3.794799E+01 5.954686E+01 1.200000E+01
      vertex -3.800000E+01 1.000000E+01 1.200000E+01
    endloop
  endfacet
  facet normal 0.000000E+00 0.000000E+00 -1.000000E+00
    outer loop
      vertex -3.800000E+01 1.000000E+01 1.200000E+01
      vertex -3.794799E+01 5.954686E+01 1.200000E+01
      vertex -3.794188E+01 1.047863E+01 1.200000E+01
    endloop
  endfacet
  facet normal 0.000000E+00 0.000000E+00 -1.000000E+00
    outer loop
      vertex -3.850000E+01 6.950000E+01 1.200000E+01
      vertex 9.250000E+01 6.950000E+01 1.200000E+01
      vertex 3.327958E+01 6.748782E+01 1.200000E+01
    endloop
  endfacet
  facet normal 0.000000E+00 0.000000E+00 -1.000000E+00
    outer loop
      vertex 3.327958E+01 6.748782E+01 1.200000E+01
      vertex 9.250000E+01 6.950000E+01 1.200000E+01
      vertex 3.375875E+01 6.748319E+01 1.200000E+01
    endloop
  endfacet
  facet normal 0.000000E+00 0.000000E+00 -1.000000E+00
    outer loop
      vertex 3.375875E+01 6.748319E+01 1.200000E+01
      vertex 9.250000E+01 6.950000E+01 1.200000E+01
      vertex 3.422308E+01 6.736472E+01 1.200000E+01
    endloop
  endfacet
  facet normal 0.000000E+00 0.000000E+00 -1.000000E+00
    outer loop
      vertex -3.850000E+01 6.950000E+01 1.200000E+01
      vertex 3.327958E+01 6.748782E+01 1.200000E+01
      vertex 3.281305E+01 6.737833E+01 1.200000E+01
    endloop
  endfacet
  facet normal 0.000000E+00 -0.000000E+00 -1.000000E+00
    outer loop
      vertex 8.806686E+01 5.823103E+01 1.200000E+01
      vertex 8.820310E+01 1.183438E+01 1.200000E+01
      vertex 8.777788E+01 1.158317E+01 1.200000E+01
    endloop
  endfacet
  facet normal 0.000000E+00 0.000000E+00 -1.000000E+00
    outer loop
      vertex -3.850000E+01 6.950000E+01 1.200000E+01
      vertex 3.281305E+01 6.737833E+01 1.200000E+01
      vertex 3.238597E+01 6.716100E+01 1.200000E+01
    endloop
  endfacet
  facet normal 0.000000E+00 -0.000000E+00 -1.000000E+00
    outer loop
      vertex 9.250000E+01 6.950000E+01 1.200000E+01
      vertex 9.250000E+01 5.000000E-01 1.200000E+01
      vertex 9.100000E+01 1.000000E+01 1.200000E+01
    endloop
  endfacet
  facet normal 0.000000E+00 0.000000E+00 -1.000000E+00
    outer loop
      vertex 9.250000E+01 6.950000E+01 1.200000E+01
      vertex 9.100000E+01 1.000000E+01 1.200000E+01
      vertex 9.093902E+01 1.049011E+01 1.200000E+01
    endloop
  endfacet
  facet normal 0.000000E+00 0.000000E+00 -1.000000E+00
    outer loop
      vertex 8.806686E+01 5.823103E+01 1.200000E+01
      vertex 8.849174E+01 5.806566E+01 1.200000E+01
      vertex 8.820310E+01 1.183438E+01 1.200000E+01
    endloop
  endfacet
  facet normal 0.000000E+00 0.000000E+00 -1.000000E+00
    outer loop
      vertex 9.250000E+01 6.950000E+01 1.200000E+01
      vertex 9.093902E+01 1.049011E+01 1.200000E+01
      vertex 9.094803E+01 5.954703E+01 1.200000E+01
    endloop
  endfacet
  facet normal 0.000000E+00 0.000000E+00 -1.000000E+00
    outer loop
      vertex 9.250000E+01 5.000000E-01 1.200000E+01
      vertex -3.850000E+01 5.000000E-01 1.200000E+01
      vertex 3.374107E+01 2.514582E+00 1.200000E+01
    endloop
  endfacet
  facet normal -0.000000E+00 0.000000E+00 -1.000000E+00
    outer loop
      vertex 3.374107E+01 2.514582E+00 1.200000E+01
      vertex -3.850000E+01 5.000000E-01 1.200000E+01
      vertex 3.325893E+01 2.514582E+00 1.200000E+01
    endloop
  endfacet
  facet normal 0.000000E+00 0.000000E+00 -1.000000E+00
    outer loop
      vertex 3.522438E+01 5.513164E+00 1.200000E+01
      vertex 8.717239E+01 1.081230E+01 1.200000E+01
      vertex 8.707724E+01 1.055045E+01 1.200000E+01
    endloop
  endfacet
  facet normal 0.000000E+00 0.000000E+00 -1.000000E+00
    outer loop
      vertex 3.522438E+01 5.513164E+00 1.200000E+01
      vertex 8.707724E+01 1.055045E+01 1.200000E+01
      vertex 3.541424E+01 5.079391E+00 1.200000E+01
    endloop
  endfacet
  facet normal 0.000000E+00 -0.000000E+00 -1.000000E+00
    outer loop
      vertex 8.769046E+01 5.848835E+01 1.200000E+01
      vertex 8.777788E+01 1.158317E+01 1.200000E+01
      vertex 8.742718E+01 1.123540E+01 1.200000E+01
    endloop
  endfacet
  facet normal 0.000000E+00 0.000000E+00 -1.000000E+00
    outer loop
      vertex 8.769046E+01 5.848835E+01 1.200000E+01
      vertex 8.806686E+01 5.823103E+01 1.200000E+01
      vertex 8.777788E+01 1.158317E+01 1.200000E+01
    endloop
  endfacet
  facet normal 0.000000E+00 0.000000E+00 -1.000000E+00
    outer loop
      vertex 3.493788E+01 5.890148E+00 1.200000E+01
      vertex 8.742718E+01 1.123540E+01 1.200000E+01
      vertex 8.717239E+01 1.081230E+01 1.200000E+01
    endloop
  endfacet
  facet normal 0.000000E+00 0.000000E+00 -1.000000E+00
    outer loop
      vertex 3.493788E+01 5.890148E+00 1.200000E+01
      vertex 8.717239E+01 1.081230E+01 1.200000E+01
      vertex 3.522438E+01 5.513164E+00 1.200000E+01
    endloop
  endfacet
  facet normal 0.000000E+00 0.000000E+00 -1.000000E+00
    outer loop
      vertex 8.739902E+01 5.880130E+01 1.200000E+01
      vertex 8.769046E+01 5.848835E+01 1.200000E+01
      vertex 8.742718E+01 1.123540E+01 1.200000E+01
    endloop
  endfacet
  facet normal 0.000000E+00 0.000000E+00 -1.000000E+00
    outer loop
      vertex 9.250000E+01 6.950000E+01 1.200000E+01
      vertex 9.094803E+01 5.954703E+01 1.200000E+01
      vertex 9.100000E+01 6.000000E+01 1.200000E+01
    endloop
  endfacet
  facet normal 0.000000E+00 0.000000E+00 -1.000000E+00
    outer loop
      vertex 9.250000E+01 6.950000E+01 1.200000E+01
      vertex 9.100000E+01 6.000000E+01 1.200000E+01
      vertex 9.094189E+01 6.047863E+01 1.200000E+01
    endloop
  endfacet
  facet normal 0.000000E+00 0.000000E+00 -1.000000E+00
    outer loop
      vertex 9.250000E+01 6.950000E+01 1.200000E+01
      vertex 9.094189E+01 6.047863E+01 1.200000E+01
      vertex 9.077091E+01 6.092945E+01 1.200000E+01
    endloop
  endfacet
  facet normal 0.000000E+00 0.000000E+00 -1.000000E+00
    outer loop
      vertex 9.250000E+01 6.950000E+01 1.200000E+01
      vertex 9.077091E+01 6.092945E+01 1.200000E+01
      vertex 9.049702E+01 6.132624E+01 1.200000E+01
    endloop
  endfacet
  facet normal 0.000000E+00 0.000000E+00 -1.000000E+00
    outer loop
      vertex 9.250000E+01 6.950000E+01 1.200000E+01
      vertex 9.049702E+01 6.132624E+01 1.200000E+01
      vertex 9.013613E+01 6.164597E+01 1.200000E+01
    endloop
  endfacet
  facet normal 0.000000E+00 0.000000E+00 -1.000000E+00
    outer loop
      vertex 9.250000E+01 6.950000E+01 1.200000E+01
      vertex 9.013613E+01 6.164597E+01 1.200000E+01
      vertex 8.970921E+01 6.187003E+01 1.200000E+01
    endloop
  endfacet
  facet normal 0.000000E+00 0.000000E+00 -1.000000E+00
    outer loop
      vertex 9.250000E+01 6.950000E+01 1.200000E+01
      vertex 8.970921E+01 6.187003E+01 1.200000E+01
      vertex 8.924107E+01 6.198542E+01 1.200000E+01
    endloop
  endfacet
  facet normal 0.000000E+00 0.000000E+00 -1.000000E+00
    outer loop
      vertex 9.250000E+01 6.950000E+01 1.200000E+01
      vertex 8.924107E+01 6.198542E+01 1.200000E+01
      vertex 8.875893E+01 6.198542E+01 1.200000E+01
    endloop
  endfacet
  facet normal 0.000000E+00 0.000000E+00 -1.000000E+00
    outer loop
      vertex 9.250000E+01 6.950000E+01 1.200000E+01
      vertex 8.875893E+01 6.198542E+01 1.200000E+01
      vertex 8.829079E+01 6.187003E+01 1.200000E+01
    endloop
  endfacet
  facet normal 0.000000E+00 0.000000E+00 -1.000000E+00
    outer loop
      vertex 9.250000E+01 6.950000E+01 1.200000E+01
      vertex 8.829079E+01 6.187003E+01 1.200000E+01
      vertex 8.786387E+01 6.164597E+01 1.200000E+01
    endloop
  endfacet
  facet normal 0.000000E+00 0.000000E+00 -1.000000E+00
    outer loop
      vertex 9.250000E+01 6.950000E+01 1.200000E+01
      vertex 8.786387E+01 6.164597E+01 1.200000E+01
      vertex 8.750298E+01 6.132624E+01 1.200000E+01
    endloop
  endfacet
  facet normal 0.000000E+00 0.000000E+00 -1.000000E+00
    outer loop
      vertex 3.499702E+01 6.417375E+01 1.200000E+01
      vertex 8.718079E+01 5.916906E+01 1.200000E+01
      vertex 8.739902E+01 5.880130E+01 1.200000E+01
    endloop
  endfacet
  facet normal 0.000000E+00 0.000000E+00 -1.000000E+00
    outer loop
      vertex 3.463613E+01 6.385403E+01 1.200000E+01
      vertex 3.499702E+01 6.417375E+01 1.200000E+01
      vertex 8.739902E+01 5.880130E+01 1.200000E+01
    endloop
  endfacet
  facet normal 0.000000E+00 -0.000000E+00 -1.000000E+00
    outer loop
      vertex 3.463613E+01 6.385403E+01 1.200000E+01
      vertex 3.493788E+01 5.890148E+00 1.200000E+01
      vertex 3.457077E+01 6.189213E+00 1.200000E+01
    endloop
  endfacet
  facet normal 0.000000E+00 0.000000E+00 -1.000000E+00
    outer loop
      vertex 3.463613E+01 6.385403E+01 1.200000E+01
      vertex 8.742718E+01 1.123540E+01 1.200000E+01
      vertex 3.493788E+01 5.890148E+00 1.200000E+01
    endloop
  endfacet
  facet normal 0.000000E+00 0.000000E+00 -1.000000E+00
    outer loop
      vertex 3.463613E+01 6.385403E+01 1.200000E+01
      vertex 8.739902E+01 5.880130E+01 1.200000E+01
      vertex 8.742718E+01 1.123540E+01 1.200000E+01
    endloop
  endfacet
  facet normal 0.000000E+00 -0.000000E+00 -1.000000E+00
    outer loop
      vertex 3.527091E+01 6.457056E+01 1.200000E+01
      vertex 8.718079E+01 5.916906E+01 1.200000E+01
      vertex 3.499702E+01 6.417375E+01 1.200000E+01
    endloop
  endfacet
  facet normal 0.000000E+00 0.000000E+00 -1.000000E+00
    outer loop
      vertex 3.527091E+01 6.457056E+01 1.200000E+01
      vertex 8.704572E+01 5.957481E+01 1.200000E+01
      vertex 8.718079E+01 5.916906E+01 1.200000E+01
    endloop
  endfacet
  facet normal 0.000000E+00 -0.000000E+00 -1.000000E+00
    outer loop
      vertex 3.420921E+01 6.362997E+01 1.200000E+01
      vertex 3.457077E+01 6.189213E+00 1.200000E+01
      vertex 3.414366E+01 6.393596E+00 1.200000E+01
    endloop
  endfacet
  facet normal 0.000000E+00 0.000000E+00 -1.000000E+00
    outer loop
      vertex 3.420921E+01 6.362997E+01 1.200000E+01
      vertex 3.463613E+01 6.385403E+01 1.200000E+01
      vertex 3.457077E+01 6.189213E+00 1.200000E+01
    endloop
  endfacet
  facet normal 0.000000E+00 -0.000000E+00 -1.000000E+00
    outer loop
      vertex 3.544188E+01 6.502137E+01 1.200000E+01
      vertex 8.704572E+01 5.957481E+01 1.200000E+01
      vertex 3.527091E+01 6.457056E+01 1.200000E+01
    endloop
  endfacet
  facet normal 0.000000E+00 0.000000E+00 -1.000000E+00
    outer loop
      vertex 3.544188E+01 6.502137E+01 1.200000E+01
      vertex 8.700000E+01 6.000000E+01 1.200000E+01
      vertex 8.704572E+01 5.957481E+01 1.200000E+01
    endloop
  endfacet
  facet normal 0.000000E+00 0.000000E+00 -1.000000E+00
    outer loop
      vertex 3.374107E+01 6.351458E+01 1.200000E+01
      vertex 3.420921E+01 6.362997E+01 1.200000E+01
      vertex 3.414366E+01 6.393596E+00 1.200000E+01
    endloop
  endfacet
  facet normal 0.000000E+00 -0.000000E+00 -1.000000E+00
    outer loop
      vertex 3.374107E+01 6.351458E+01 1.200000E+01
      vertex 3.414366E+01 6.393596E+00 1.200000E+01
      vertex 3.368046E+01 6.491842E+00 1.200000E+01
    endloop
  endfacet
  facet normal 0.000000E+00 0.000000E+00 -1.000000E+00
    outer loop
      vertex 3.550000E+01 6.550000E+01 1.200000E+01
      vertex 8.705811E+01 6.047863E+01 1.200000E+01
      vertex 8.700000E+01 6.000000E+01 1.200000E+01
    endloop
  endfacet
  facet normal 0.000000E+00 -0.000000E+00 -1.000000E+00
    outer loop
      vertex 3.550000E+01 6.550000E+01 1.200000E+01
      vertex 8.700000E+01 6.000000E+01 1.200000E+01
      vertex 3.544188E+01 6.502137E+01 1.200000E+01
    endloop
  endfacet
  facet normal 0.000000E+00 -0.000000E+00 -1.000000E+00
    outer loop
      vertex 3.325893E+01 6.351458E+01 1.200000E+01
      vertex 3.368046E+01 6.491842E+00 1.200000E+01
      vertex 3.320715E+01 6.478443E+00 1.200000E+01
    endloop
  endfacet
  facet normal 0.000000E+00 0.000000E+00 -1.000000E+00
    outer loop
      vertex 3.325893E+01 6.351458E+01 1.200000E+01
      vertex 3.374107E+01 6.351458E+01 1.200000E+01
      vertex 3.368046E+01 6.491842E+00 1.200000E+01
    endloop
  endfacet
  facet normal 0.000000E+00 0.000000E+00 -1.000000E+00
    outer loop
      vertex 3.544259E+01 6.597575E+01 1.200000E+01
      vertex 8.722909E+01 6.092945E+01 1.200000E+01
      vertex 8.705811E+01 6.047863E+01 1.200000E+01
    endloop
  endfacet
  facet normal 0.000000E+00 0.000000E+00 -1.000000E+00
    outer loop
      vertex 3.544259E+01 6.597575E+01 1.200000E+01
      vertex 8.705811E+01 6.047863E+01 1.200000E+01
      vertex 3.550000E+01 6.550000E+01 1.200000E+01
    endloop
  endfacet
  facet normal 0.000000E+00 -0.000000E+00 -1.000000E+00
    outer loop
      vertex 3.279079E+01 6.362997E+01 1.200000E+01
      vertex 3.320715E+01 6.478443E+00 1.200000E+01
      vertex 3.275025E+01 6.354151E+00 1.200000E+01
    endloop
  endfacet
  facet normal 0.000000E+00 0.000000E+00 -1.000000E+00
    outer loop
      vertex 3.279079E+01 6.362997E+01 1.200000E+01
      vertex 3.325893E+01 6.351458E+01 1.200000E+01
      vertex 3.320715E+01 6.478443E+00 1.200000E+01
    endloop
  endfacet
  facet normal 0.000000E+00 0.000000E+00 -1.000000E+00
    outer loop
      vertex 3.527367E+01 6.642419E+01 1.200000E+01
      vertex 8.750298E+01 6.132624E+01 1.200000E+01
      vertex 8.722909E+01 6.092945E+01 1.200000E+01
    endloop
  endfacet
  facet normal 0.000000E+00 0.000000E+00 -1.000000E+00
    outer loop
      vertex 3.527367E+01 6.642419E+01 1.200000E+01
      vertex 9.250000E+01 6.950000E+01 1.200000E+01
      vertex 8.750298E+01 6.132624E+01 1.200000E+01
    endloop
  endfacet
  facet normal 0.000000E+00 0.000000E+00 -1.000000E+00
    outer loop
      vertex 3.527367E+01 6.642419E+01 1.200000E+01
      vertex 8.722909E+01 6.092945E+01 1.200000E+01
      vertex 3.544259E+01 6.597575E+01 1.200000E+01
    endloop
  endfacet
  facet normal 0.000000E+00 -0.000000E+00 -1.000000E+00
    outer loop
      vertex 3.236387E+01 6.385403E+01 1.200000E+01
      vertex 3.275025E+01 6.354151E+00 1.200000E+01
      vertex 3.233538E+01 6.125932E+00 1.200000E+01
    endloop
  endfacet
  facet normal 0.000000E+00 0.000000E+00 -1.000000E+00
    outer loop
      vertex 3.236387E+01 6.385403E+01 1.200000E+01
      vertex 3.279079E+01 6.362997E+01 1.200000E+01
      vertex 3.275025E+01 6.354151E+00 1.200000E+01
    endloop
  endfacet
  facet normal 0.000000E+00 0.000000E+00 -1.000000E+00
    outer loop
      vertex 3.500291E+01 6.681956E+01 1.200000E+01
      vertex 9.250000E+01 6.950000E+01 1.200000E+01
      vertex 3.527367E+01 6.642419E+01 1.200000E+01
    endloop
  endfacet
  facet normal 0.000000E+00 -0.000000E+00 -1.000000E+00
    outer loop
      vertex 3.200298E+01 6.417375E+01 1.200000E+01
      vertex 3.233538E+01 6.125932E+00 1.200000E+01
      vertex 3.198578E+01 5.806579E+00 1.200000E+01
    endloop
  endfacet
  facet normal 0.000000E+00 0.000000E+00 -1.000000E+00
    outer loop
      vertex 3.200298E+01 6.417375E+01 1.200000E+01
      vertex 3.236387E+01 6.385403E+01 1.200000E+01
      vertex 3.233538E+01 6.125932E+00 1.200000E+01
    endloop
  endfacet
  facet normal 0.000000E+00 0.000000E+00 -1.000000E+00
    outer loop
      vertex 3.464589E+01 6.713919E+01 1.200000E+01
      vertex 9.250000E+01 6.950000E+01 1.200000E+01
      vertex 3.500291E+01 6.681956E+01 1.200000E+01
    endloop
  endfacet
  facet normal 0.000000E+00 0.000000E+00 -1.000000E+00
    outer loop
      vertex 3.422308E+01 6.736472E+01 1.200000E+01
      vertex 9.250000E+01 6.950000E+01 1.200000E+01
      vertex 3.464589E+01 6.713919E+01 1.200000E+01
    endloop
  endfacet
  facet normal 0.000000E+00 0.000000E+00 -1.000000E+00
    outer loop
      vertex -3.850000E+01 5.000000E-01 1.200000E+01
      vertex 3.172909E+01 3.570554E+00 1.200000E+01
      vertex 3.200298E+01 3.173755E+00 1.200000E+01
    endloop
  endfacet
  facet normal 0.000000E+00 0.000000E+00 -1.000000E+00
    outer loop
      vertex -3.850000E+01 5.000000E-01 1.200000E+01
      vertex 3.200298E+01 3.173755E+00 1.200000E+01
      vertex 3.236387E+01 2.854032E+00 1.200000E+01
    endloop
  endfacet
  facet normal 0.000000E+00 0.000000E+00 -1.000000E+00
    outer loop
      vertex -3.850000E+01 5.000000E-01 1.200000E+01
      vertex 3.236387E+01 2.854032E+00 1.200000E+01
      vertex 3.279079E+01 2.629967E+00 1.200000E+01
    endloop
  endfacet
  facet normal 0.000000E+00 0.000000E+00 -1.000000E+00
    outer loop
      vertex -3.850000E+01 5.000000E-01 1.200000E+01
      vertex 3.279079E+01 2.629967E+00 1.200000E+01
      vertex 3.325893E+01 2.514582E+00 1.200000E+01
    endloop
  endfacet
  facet normal 0.000000E+00 -0.000000E+00 -1.000000E+00
    outer loop
      vertex -3.439798E+01 8.802695E+00 1.200000E+01
      vertex 3.172909E+01 3.570554E+00 1.200000E+01
      vertex -3.850000E+01 5.000000E-01 1.200000E+01
    endloop
  endfacet
  facet normal 0.000000E+00 0.000000E+00 -1.000000E+00
    outer loop
      vertex -3.439798E+01 8.802695E+00 1.200000E+01
      vertex -3.850000E+01 5.000000E-01 1.200000E+01
      vertex -3.468871E+01 8.489865E+00 1.200000E+01
    endloop
  endfacet
  facet normal 0.000000E+00 -0.000000E+00 -1.000000E+00
    outer loop
      vertex -3.506501E+01 8.232009E+00 1.200000E+01
      vertex -3.468871E+01 8.489865E+00 1.200000E+01
      vertex -3.850000E+01 5.000000E-01 1.200000E+01
    endloop
  endfacet
  facet normal 0.000000E+00 0.000000E+00 -1.000000E+00
    outer loop
      vertex -3.418031E+01 9.170117E+00 1.200000E+01
      vertex 3.155812E+01 4.021369E+00 1.200000E+01
      vertex 3.172909E+01 3.570554E+00 1.200000E+01
    endloop
  endfacet
  facet normal 0.000000E+00 -0.000000E+00 -1.000000E+00
    outer loop
      vertex -3.418031E+01 9.170117E+00 1.200000E+01
      vertex 3.172909E+01 3.570554E+00 1.200000E+01
      vertex -3.439798E+01 8.802695E+00 1.200000E+01
    endloop
  endfacet
  facet normal 0.000000E+00 -0.000000E+00 -1.000000E+00
    outer loop
      vertex -3.548995E+01 8.066131E+00 1.200000E+01
      vertex -3.506501E+01 8.232009E+00 1.200000E+01
      vertex -3.850000E+01 5.000000E-01 1.200000E+01
    endloop
  endfacet
  facet normal 0.000000E+00 -0.000000E+00 -1.000000E+00
    outer loop
      vertex -3.404560E+01 9.575378E+00 1.200000E+01
      vertex 3.155812E+01 4.021369E+00 1.200000E+01
      vertex -3.418031E+01 9.170117E+00 1.200000E+01
    endloop
  endfacet
  facet normal 0.000000E+00 0.000000E+00 -1.000000E+00
    outer loop
      vertex -3.404560E+01 9.575378E+00 1.200000E+01
      vertex 3.150000E+01 4.500000E+00 1.200000E+01
      vertex 3.155812E+01 4.021369E+00 1.200000E+01
    endloop
  endfacet
  facet normal 0.000000E+00 -0.000000E+00 -1.000000E+00
    outer loop
      vertex -3.594143E+01 8.000857E+00 1.200000E+01
      vertex -3.548995E+01 8.066131E+00 1.200000E+01
      vertex -3.850000E+01 5.000000E-01 1.200000E+01
    endloop
  endfacet
  facet normal 0.000000E+00 -0.000000E+00 -1.000000E+00
    outer loop
      vertex -3.400000E+01 1.000000E+01 1.200000E+01
      vertex 3.150000E+01 4.500000E+00 1.200000E+01
      vertex -3.404560E+01 9.575378E+00 1.200000E+01
    endloop
  endfacet
  facet normal 0.000000E+00 0.000000E+00 -1.000000E+00
    outer loop
      vertex -3.400000E+01 1.000000E+01 1.200000E+01
      vertex 3.155605E+01 4.970172E+00 1.200000E+01
      vertex 3.150000E+01 4.500000E+00 1.200000E+01
    endloop
  endfacet
  facet normal 0.000000E+00 -0.000000E+00 -1.000000E+00
    outer loop
      vertex -3.639596E+01 8.039587E+00 1.200000E+01
      vertex -3.594143E+01 8.000857E+00 1.200000E+01
      vertex -3.850000E+01 5.000000E-01 1.200000E+01
    endloop
  endfacet
  facet normal 0.000000E+00 0.000000E+00 -1.000000E+00
    outer loop
      vertex -3.405812E+01 1.047863E+01 1.200000E+01
      vertex 3.155605E+01 4.970172E+00 1.200000E+01
      vertex -3.400000E+01 1.000000E+01 1.200000E+01
    endloop
  endfacet
  facet normal 0.000000E+00 0.000000E+00 -1.000000E+00
    outer loop
      vertex -3.405812E+01 1.047863E+01 1.200000E+01
      vertex 3.172106E+01 5.413990E+00 1.200000E+01
      vertex 3.155605E+01 4.970172E+00 1.200000E+01
    endloop
  endfacet
  facet normal 0.000000E+00 -0.000000E+00 -1.000000E+00
    outer loop
      vertex -3.682988E+01 8.180304E+00 1.200000E+01
      vertex -3.639596E+01 8.039587E+00 1.200000E+01
      vertex -3.850000E+01 5.000000E-01 1.200000E+01
    endloop
  endfacet
  facet normal 0.000000E+00 0.000000E+00 -1.000000E+00
    outer loop
      vertex -3.422909E+01 1.092945E+01 1.200000E+01
      vertex 3.172106E+01 5.413990E+00 1.200000E+01
      vertex -3.405812E+01 1.047863E+01 1.200000E+01
    endloop
  endfacet
  facet normal 0.000000E+00 0.000000E+00 -1.000000E+00
    outer loop
      vertex -3.422909E+01 1.092945E+01 1.200000E+01
      vertex 3.198578E+01 5.806579E+00 1.200000E+01
      vertex 3.172106E+01 5.413990E+00 1.200000E+01
    endloop
  endfacet
  facet normal 0.000000E+00 -0.000000E+00 -1.000000E+00
    outer loop
      vertex -3.722063E+01 8.415688E+00 1.200000E+01
      vertex -3.682988E+01 8.180304E+00 1.200000E+01
      vertex -3.850000E+01 5.000000E-01 1.200000E+01
    endloop
  endfacet
  facet normal 9.927086E-01 -1.205391E-01 0.000000E+00
    outer loop
      vertex 8.009000E+01 5.400000E+01 2.000000E+01
      vertex 8.009000E+01 5.400000E+01 1.400000E+01
      vertex 8.011644E+01 5.421778E+01 2.000000E+01
    endloop
  endfacet
  facet normal 9.350085E-01 -3.546254E-01 0.000000E+00
    outer loop
      vertex 8.011644E+01 5.421778E+01 2.000000E+01
      vertex 8.011644E+01 5.421778E+01 1.400000E+01
      vertex 8.019424E+01 5.442290E+01 2.000000E+01
    endloop
  endfacet
  facet normal 9.927086E-01 -1.205391E-01 0.000000E+00
    outer loop
      vertex 8.009000E+01 5.400000E+01 1.400000E+01
      vertex 8.011644E+01 5.421778E+01 1.400000E+01
      vertex 8.011644E+01 5.421778E+01 2.000000E+01
    endloop
  endfacet
  facet normal 8.229908E-01 -5.680547E-01 0.000000E+00
    outer loop
      vertex 8.019424E+01 5.442290E+01 2.000000E+01
      vertex 8.019424E+01 5.442290E+01 1.400000E+01
      vertex 8.031886E+01 5.460344E+01 2.000000E+01
    endloop
  endfacet
  facet normal 9.350085E-01 -3.546254E-01 0.000000E+00
    outer loop
      vertex 8.011644E+01 5.421778E+01 1.400000E+01
      vertex 8.019424E+01 5.442290E+01 1.400000E+01
      vertex 8.019424E+01 5.442290E+01 2.000000E+01
    endloop
  endfacet
  facet normal 6.631185E-01 -7.485144E-01 0.000000E+00
    outer loop
      vertex 8.031886E+01 5.460344E+01 2.000000E+01
      vertex 8.031886E+01 5.460344E+01 1.400000E+01
      vertex 8.048306E+01 5.474892E+01 2.000000E+01
    endloop
  endfacet
  facet normal 8.229908E-01 -5.680547E-01 0.000000E+00
    outer loop
      vertex 8.019424E+01 5.442290E+01 1.400000E+01
      vertex 8.031886E+01 5.460344E+01 1.400000E+01
      vertex 8.031886E+01 5.460344E+01 2.000000E+01
    endloop
  endfacet
  facet normal 4.647248E-01 -8.854551E-01 0.000000E+00
    outer loop
      vertex 8.048306E+01 5.474892E+01 2.000000E+01
      vertex 8.048306E+01 5.474892E+01 1.400000E+01
      vertex 8.067731E+01 5.485086E+01 2.000000E+01
    endloop
  endfacet
  facet normal 6.631185E-01 -7.485144E-01 0.000000E+00
    outer loop
      vertex 8.031886E+01 5.460344E+01 1.400000E+01
      vertex 8.048306E+01 5.474892E+01 1.400000E+01
      vertex 8.048306E+01 5.474892E+01 2.000000E+01
    endloop
  endfacet
  facet normal 2.393184E-01 -9.709411E-01 0.000000E+00
    outer loop
      vertex 8.067731E+01 5.485086E+01 2.000000E+01
      vertex 8.067731E+01 5.485086E+01 1.400000E+01
      vertex 8.089031E+01 5.490337E+01 2.000000E+01
    endloop
  endfacet
  facet normal 4.647248E-01 -8.854551E-01 0.000000E+00
    outer loop
      vertex 8.048306E+01 5.474892E+01 1.400000E+01
      vertex 8.067731E+01 5.485086E+01 1.400000E+01
      vertex 8.067731E+01 5.485086E+01 2.000000E+01
    endloop
  endfacet
  facet normal 0.000000E+00 -1.000000E+00 0.000000E+00
    outer loop
      vertex 8.089031E+01 5.490337E+01 2.000000E+01
      vertex 8.089031E+01 5.490337E+01 1.400000E+01
      vertex 8.110969E+01 5.490337E+01 2.000000E+01
    endloop
  endfacet
  facet normal 2.393184E-01 -9.709411E-01 0.000000E+00
    outer loop
      vertex 8.067731E+01 5.485086E+01 1.400000E+01
      vertex 8.089031E+01 5.490337E+01 1.400000E+01
      vertex 8.089031E+01 5.490337E+01 2.000000E+01
    endloop
  endfacet
  facet normal -2.393184E-01 -9.709411E-01 -0.000000E+00
    outer loop
      vertex 8.110969E+01 5.490337E+01 2.000000E+01
      vertex 8.110969E+01 5.490337E+01 1.400000E+01
      vertex 8.132269E+01 5.485086E+01 2.000000E+01
    endloop
  endfacet
  facet normal 0.000000E+00 -1.000000E+00 0.000000E+00
    outer loop
      vertex 8.089031E+01 5.490337E+01 1.400000E+01
      vertex 8.110969E+01 5.490337E+01 1.400000E+01
      vertex 8.110969E+01 5.490337E+01 2.000000E+01
    endloop
  endfacet
  facet normal -4.647248E-01 -8.854551E-01 -0.000000E+00
    outer loop
      vertex 8.132269E+01 5.485086E+01 2.000000E+01
      vertex 8.132269E+01 5.485086E+01 1.400000E+01
      vertex 8.151694E+01 5.474892E+01 2.000000E+01
    endloop
  endfacet
  facet normal -2.393184E-01 -9.709411E-01 0.000000E+00
    outer loop
      vertex 8.110969E+01 5.490337E+01 1.400000E+01
      vertex 8.132269E+01 5.485086E+01 1.400000E+01
      vertex 8.132269E+01 5.485086E+01 2.000000E+01
    endloop
  endfacet
  facet normal -6.631185E-01 -7.485144E-01 -0.000000E+00
    outer loop
      vertex 8.151694E+01 5.474892E+01 2.000000E+01
      vertex 8.151694E+01 5.474892E+01 1.400000E+01
      vertex 8.168114E+01 5.460344E+01 2.000000E+01
    endloop
  endfacet
  facet normal -4.647248E-01 -8.854551E-01 0.000000E+00
    outer loop
      vertex 8.132269E+01 5.485086E+01 1.400000E+01
      vertex 8.151694E+01 5.474892E+01 1.400000E+01
      vertex 8.151694E+01 5.474892E+01 2.000000E+01
    endloop
  endfacet
  facet normal -8.229908E-01 -5.680547E-01 -0.000000E+00
    outer loop
      vertex 8.168114E+01 5.460344E+01 2.000000E+01
      vertex 8.168114E+01 5.460344E+01 1.400000E+01
      vertex 8.180576E+01 5.442290E+01 2.000000E+01
    endloop
  endfacet
  facet normal -6.631185E-01 -7.485144E-01 0.000000E+00
    outer loop
      vertex 8.151694E+01 5.474892E+01 1.400000E+01
      vertex 8.168114E+01 5.460344E+01 1.400000E+01
      vertex 8.168114E+01 5.460344E+01 2.000000E+01
    endloop
  endfacet
  facet normal -9.350085E-01 -3.546254E-01 -0.000000E+00
    outer loop
      vertex 8.180576E+01 5.442290E+01 2.000000E+01
      vertex 8.180576E+01 5.442290E+01 1.400000E+01
      vertex 8.188356E+01 5.421778E+01 2.000000E+01
    endloop
  endfacet
  facet normal -8.229908E-01 -5.680547E-01 0.000000E+00
    outer loop
      vertex 8.168114E+01 5.460344E+01 1.400000E+01
      vertex 8.180576E+01 5.442290E+01 1.400000E+01
      vertex 8.180576E+01 5.442290E+01 2.000000E+01
    endloop
  endfacet
  facet normal -9.927086E-01 -1.205391E-01 -0.000000E+00
    outer loop
      vertex 8.188356E+01 5.421778E+01 2.000000E+01
      vertex 8.188356E+01 5.421778E+01 1.400000E+01
      vertex 8.191000E+01 5.400000E+01 2.000000E+01
    endloop
  endfacet
  facet normal -9.350085E-01 -3.546254E-01 0.000000E+00
    outer loop
      vertex 8.180576E+01 5.442290E+01 1.400000E+01
      vertex 8.188356E+01 5.421778E+01 1.400000E+01
      vertex 8.188356E+01 5.421778E+01 2.000000E+01
    endloop
  endfacet
  facet normal -9.927086E-01 -1.205391E-01 0.000000E+00
    outer loop
      vertex 8.188356E+01 5.421778E+01 1.400000E+01
      vertex 8.191000E+01 5.400000E+01 1.400000E+01
      vertex 8.191000E+01 5.400000E+01 2.000000E+01
    endloop
  endfacet
  facet normal 0.000000E+00 0.000000E+00 1.000000E+00
    outer loop
      vertex 8.168114E+01 5.460344E+01 1.400000E+01
      vertex 8.151694E+01 5.474892E+01 1.400000E+01
      vertex 8.132269E+01 5.485086E+01 1.400000E+01
    endloop
  endfacet
  facet normal 0.000000E+00 0.000000E+00 1.000000E+00
    outer loop
      vertex 8.168114E+01 5.460344E+01 1.400000E+01
      vertex 8.132269E+01 5.485086E+01 1.400000E+01
      vertex 8.110969E+01 5.490337E+01 1.400000E+01
    endloop
  endfacet
  facet normal 0.000000E+00 0.000000E+00 1.000000E+00
    outer loop
      vertex 8.168114E+01 5.460344E+01 1.400000E+01
      vertex 8.110969E+01 5.490337E+01 1.400000E+01
      vertex 8.089031E+01 5.490337E+01 1.400000E+01
    endloop
  endfacet
  facet normal 0.000000E+00 0.000000E+00 1.000000E+00
    outer loop
      vertex 8.168114E+01 5.460344E+01 1.400000E+01
      vertex 8.089031E+01 5.490337E+01 1.400000E+01
      vertex 8.067731E+01 5.485086E+01 1.400000E+01
    endloop
  endfacet
  facet normal 0.000000E+00 0.000000E+00 1.000000E+00
    outer loop
      vertex 8.168114E+01 5.460344E+01 1.400000E+01
      vertex 8.067731E+01 5.485086E+01 1.400000E+01
      vertex 8.048306E+01 5.474892E+01 1.400000E+01
    endloop
  endfacet
  facet normal 0.000000E+00 0.000000E+00 1.000000E+00
    outer loop
      vertex 8.168114E+01 5.460344E+01 1.400000E+01
      vertex 8.048306E+01 5.474892E+01 1.400000E+01
      vertex 8.031886E+01 5.460344E+01 1.400000E+01
    endloop
  endfacet
  facet normal 0.000000E+00 0.000000E+00 1.000000E+00
    outer loop
      vertex 8.168114E+01 5.460344E+01 1.400000E+01
      vertex 8.031886E+01 5.460344E+01 1.400000E+01
      vertex 8.019424E+01 5.442290E+01 1.400000E+01
    endloop
  endfacet
  facet normal 0.000000E+00 0.000000E+00 1.000000E+00
    outer loop
      vertex 8.168114E+01 5.460344E+01 1.400000E+01
      vertex 8.019424E+01 5.442290E+01 1.400000E+01
      vertex 8.011644E+01 5.421778E+01 1.400000E+01
    endloop
  endfacet
  facet normal 0.000000E+00 0.000000E+00 1.000000E+00
    outer loop
      vertex 8.168114E+01 5.460344E+01 1.400000E+01
      vertex 8.011644E+01 5.421778E+01 1.400000E+01
      vertex 8.180576E+01 5.442290E+01 1.400000E+01
    endloop
  endfacet
  facet normal 0.000000E+00 0.000000E+00 1.000000E+00
    outer loop
      vertex 8.011644E+01 5.421778E+01 1.400000E+01
      vertex 8.009000E+01 5.400000E+01 1.400000E+01
      vertex 8.011473E+01 5.378931E+01 1.400000E+01
    endloop
  endfacet
  facet normal 0.000000E+00 0.000000E+00 1.000000E+00
    outer loop
      vertex 8.163069E+01 5.334400E+01 1.400000E+01
      vertex 8.045934E+01 5.326802E+01 1.400000E+01
      vertex 8.064351E+01 5.316273E+01 1.400000E+01
    endloop
  endfacet
  facet normal 0.000000E+00 0.000000E+00 1.000000E+00
    outer loop
      vertex 8.163069E+01 5.334400E+01 1.400000E+01
      vertex 8.064351E+01 5.316273E+01 1.400000E+01
      vertex 8.084705E+01 5.310295E+01 1.400000E+01
    endloop
  endfacet
  facet normal 0.000000E+00 0.000000E+00 1.000000E+00
    outer loop
      vertex 8.163069E+01 5.334400E+01 1.400000E+01
      vertex 8.084705E+01 5.310295E+01 1.400000E+01
      vertex 8.105890E+01 5.309191E+01 1.400000E+01
    endloop
  endfacet
  facet normal 0.000000E+00 0.000000E+00 1.000000E+00
    outer loop
      vertex 8.163069E+01 5.334400E+01 1.400000E+01
      vertex 8.105890E+01 5.309191E+01 1.400000E+01
      vertex 8.126756E+01 5.313022E+01 1.400000E+01
    endloop
  endfacet
  facet normal 0.000000E+00 0.000000E+00 1.000000E+00
    outer loop
      vertex 8.163069E+01 5.334400E+01 1.400000E+01
      vertex 8.126756E+01 5.313022E+01 1.400000E+01
      vertex 8.146167E+01 5.321581E+01 1.400000E+01
    endloop
  endfacet
  facet normal 0.000000E+00 0.000000E+00 1.000000E+00
    outer loop
      vertex 8.184476E+01 5.366167E+01 1.400000E+01
      vertex 8.163069E+01 5.334400E+01 1.400000E+01
      vertex 8.176543E+01 5.350785E+01 1.400000E+01
    endloop
  endfacet
  facet normal 0.000000E+00 0.000000E+00 1.000000E+00
    outer loop
      vertex 8.191000E+01 5.400000E+01 1.400000E+01
      vertex 8.184476E+01 5.366167E+01 1.400000E+01
      vertex 8.189354E+01 5.382772E+01 1.400000E+01
    endloop
  endfacet
  facet normal 0.000000E+00 0.000000E+00 1.000000E+00
    outer loop
      vertex 8.191000E+01 5.400000E+01 1.400000E+01
      vertex 8.011473E+01 5.378931E+01 1.400000E+01
      vertex 8.018757E+01 5.359006E+01 1.400000E+01
    endloop
  endfacet
  facet normal 0.000000E+00 0.000000E+00 1.000000E+00
    outer loop
      vertex 8.191000E+01 5.400000E+01 1.400000E+01
      vertex 8.018757E+01 5.359006E+01 1.400000E+01
      vertex 8.030456E+01 5.341309E+01 1.400000E+01
    endloop
  endfacet
  facet normal 0.000000E+00 0.000000E+00 1.000000E+00
    outer loop
      vertex 8.191000E+01 5.400000E+01 1.400000E+01
      vertex 8.030456E+01 5.341309E+01 1.400000E+01
      vertex 8.045934E+01 5.326802E+01 1.400000E+01
    endloop
  endfacet
  facet normal 0.000000E+00 0.000000E+00 1.000000E+00
    outer loop
      vertex 8.191000E+01 5.400000E+01 1.400000E+01
      vertex 8.163069E+01 5.334400E+01 1.400000E+01
      vertex 8.184476E+01 5.366167E+01 1.400000E+01
    endloop
  endfacet
  facet normal 0.000000E+00 0.000000E+00 1.000000E+00
    outer loop
      vertex 8.191000E+01 5.400000E+01 1.400000E+01
      vertex 8.045934E+01 5.326802E+01 1.400000E+01
      vertex 8.163069E+01 5.334400E+01 1.400000E+01
    endloop
  endfacet
  facet normal 0.000000E+00 0.000000E+00 1.000000E+00
    outer loop
      vertex 8.180576E+01 5.442290E+01 1.400000E+01
      vertex 8.191000E+01 5.400000E+01 1.400000E+01
      vertex 8.188356E+01 5.421778E+01 1.400000E+01
    endloop
  endfacet
  facet normal 0.000000E+00 0.000000E+00 1.000000E+00
    outer loop
      vertex 8.180576E+01 5.442290E+01 1.400000E+01
      vertex 8.011644E+01 5.421778E+01 1.400000E+01
      vertex 8.011473E+01 5.378931E+01 1.400000E+01
    endloop
  endfacet
  facet normal 0.000000E+00 0.000000E+00 1.000000E+00
    outer loop
      vertex 8.180576E+01 5.442290E+01 1.400000E+01
      vertex 8.011473E+01 5.378931E+01 1.400000E+01
      vertex 8.191000E+01 5.400000E+01 1.400000E+01
    endloop
  endfacet
  facet normal 9.927086E-01 -1.205391E-01 0.000000E+00
    outer loop
      vertex 8.009000E+01 1.600000E+01 2.000000E+01
      vertex 8.009000E+01 1.600000E+01 1.400000E+01
      vertex 8.011644E+01 1.621778E+01 2.000000E+01
    endloop
  endfacet
  facet normal 9.350085E-01 -3.546254E-01 0.000000E+00
    outer loop
      vertex 8.011644E+01 1.621778E+01 2.000000E+01
      vertex 8.011644E+01 1.621778E+01 1.400000E+01
      vertex 8.019424E+01 1.642290E+01 2.000000E+01
    endloop
  endfacet
  facet normal 9.927086E-01 -1.205391E-01 0.000000E+00
    outer loop
      vertex 8.009000E+01 1.600000E+01 1.400000E+01
      vertex 8.011644E+01 1.621778E+01 1.400000E+01
      vertex 8.011644E+01 1.621778E+01 2.000000E+01
    endloop
  endfacet
  facet normal 8.229880E-01 -5.680588E-01 0.000000E+00
    outer loop
      vertex 8.019424E+01 1.642290E+01 2.000000E+01
      vertex 8.019424E+01 1.642290E+01 1.400000E+01
      vertex 8.031886E+01 1.660344E+01 2.000000E+01
    endloop
  endfacet
  facet normal 9.350085E-01 -3.546254E-01 0.000000E+00
    outer loop
      vertex 8.011644E+01 1.621778E+01 1.400000E+01
      vertex 8.019424E+01 1.642290E+01 1.400000E+01
      vertex 8.019424E+01 1.642290E+01 2.000000E+01
    endloop
  endfacet
  facet normal 6.631185E-01 -7.485144E-01 0.000000E+00
    outer loop
      vertex 8.031886E+01 1.660344E+01 2.000000E+01
      vertex 8.031886E+01 1.660344E+01 1.400000E+01
      vertex 8.048306E+01 1.674891E+01 2.000000E+01
    endloop
  endfacet
  facet normal 8.229880E-01 -5.680588E-01 0.000000E+00
    outer loop
      vertex 8.019424E+01 1.642290E+01 1.400000E+01
      vertex 8.031886E+01 1.660344E+01 1.400000E+01
      vertex 8.031886E+01 1.660344E+01 2.000000E+01
    endloop
  endfacet
  facet normal 4.647317E-01 -8.854516E-01 0.000000E+00
    outer loop
      vertex 8.048306E+01 1.674891E+01 2.000000E+01
      vertex 8.048306E+01 1.674891E+01 1.400000E+01
      vertex 8.067731E+01 1.685086E+01 2.000000E+01
    endloop
  endfacet
  facet normal 6.631185E-01 -7.485144E-01 0.000000E+00
    outer loop
      vertex 8.031886E+01 1.660344E+01 1.400000E+01
      vertex 8.048306E+01 1.674891E+01 1.400000E+01
      vertex 8.048306E+01 1.674891E+01 2.000000E+01
    endloop
  endfacet
  facet normal 2.393102E-01 -9.709432E-01 0.000000E+00
    outer loop
      vertex 8.067731E+01 1.685086E+01 2.000000E+01
      vertex 8.067731E+01 1.685086E+01 1.400000E+01
      vertex 8.089031E+01 1.690336E+01 2.000000E+01
    endloop
  endfacet
  facet normal 4.647317E-01 -8.854516E-01 0.000000E+00
    outer loop
      vertex 8.048306E+01 1.674891E+01 1.400000E+01
      vertex 8.067731E+01 1.685086E+01 1.400000E+01
      vertex 8.067731E+01 1.685086E+01 2.000000E+01
    endloop
  endfacet
  facet normal 0.000000E+00 -1.000000E+00 0.000000E+00
    outer loop
      vertex 8.089031E+01 1.690336E+01 2.000000E+01
      vertex 8.089031E+01 1.690336E+01 1.400000E+01
      vertex 8.110969E+01 1.690336E+01 2.000000E+01
    endloop
  endfacet
  facet normal 2.393102E-01 -9.709432E-01 0.000000E+00
    outer loop
      vertex 8.067731E+01 1.685086E+01 1.400000E+01
      vertex 8.089031E+01 1.690336E+01 1.400000E+01
      vertex 8.089031E+01 1.690336E+01 2.000000E+01
    endloop
  endfacet
  facet normal -2.393102E-01 -9.709432E-01 -0.000000E+00
    outer loop
      vertex 8.110969E+01 1.690336E+01 2.000000E+01
      vertex 8.110969E+01 1.690336E+01 1.400000E+01
      vertex 8.132269E+01 1.685086E+01 2.000000E+01
    endloop
  endfacet
  facet normal 0.000000E+00 -1.000000E+00 0.000000E+00
    outer loop
      vertex 8.089031E+01 1.690336E+01 1.400000E+01
      vertex 8.110969E+01 1.690336E+01 1.400000E+01
      vertex 8.110969E+01 1.690336E+01 2.000000E+01
    endloop
  endfacet
  facet normal -4.647317E-01 -8.854516E-01 -0.000000E+00
    outer loop
      vertex 8.132269E+01 1.685086E+01 2.000000E+01
      vertex 8.132269E+01 1.685086E+01 1.400000E+01
      vertex 8.151694E+01 1.674891E+01 2.000000E+01
    endloop
  endfacet
  facet normal -2.393102E-01 -9.709432E-01 0.000000E+00
    outer loop
      vertex 8.110969E+01 1.690336E+01 1.400000E+01
      vertex 8.132269E+01 1.685086E+01 1.400000E+01
      vertex 8.132269E+01 1.685086E+01 2.000000E+01
    endloop
  endfacet
  facet normal -6.631185E-01 -7.485144E-01 -0.000000E+00
    outer loop
      vertex 8.151694E+01 1.674891E+01 2.000000E+01
      vertex 8.151694E+01 1.674891E+01 1.400000E+01
      vertex 8.168114E+01 1.660344E+01 2.000000E+01
    endloop
  endfacet
  facet normal -4.647317E-01 -8.854516E-01 0.000000E+00
    outer loop
      vertex 8.132269E+01 1.685086E+01 1.400000E+01
      vertex 8.151694E+01 1.674891E+01 1.400000E+01
      vertex 8.151694E+01 1.674891E+01 2.000000E+01
    endloop
  endfacet
  facet normal -8.229880E-01 -5.680588E-01 -0.000000E+00
    outer loop
      vertex 8.168114E+01 1.660344E+01 2.000000E+01
      vertex 8.168114E+01 1.660344E+01 1.400000E+01
      vertex 8.180576E+01 1.642290E+01 2.000000E+01
    endloop
  endfacet
  facet normal -6.631185E-01 -7.485144E-01 0.000000E+00
    outer loop
      vertex 8.151694E+01 1.674891E+01 1.400000E+01
      vertex 8.168114E+01 1.660344E+01 1.400000E+01
      vertex 8.168114E+01 1.660344E+01 2.000000E+01
    endloop
  endfacet
  facet normal -9.350085E-01 -3.546254E-01 -0.000000E+00
    outer loop
      vertex 8.180576E+01 1.642290E+01 2.000000E+01
      vertex 8.180576E+01 1.642290E+01 1.400000E+01
      vertex 8.188356E+01 1.621778E+01 2.000000E+01
    endloop
  endfacet
  facet normal -8.229880E-01 -5.680588E-01 0.000000E+00
    outer loop
      vertex 8.168114E+01 1.660344E+01 1.400000E+01
      vertex 8.180576E+01 1.642290E+01 1.400000E+01
      vertex 8.180576E+01 1.642290E+01 2.000000E+01
    endloop
  endfacet
  facet normal -9.927086E-01 -1.205391E-01 -0.000000E+00
    outer loop
      vertex 8.188356E+01 1.621778E+01 2.000000E+01
      vertex 8.188356E+01 1.621778E+01 1.400000E+01
      vertex 8.191000E+01 1.600000E+01 2.000000E+01
    endloop
  endfacet
  facet normal -9.350085E-01 -3.546254E-01 0.000000E+00
    outer loop
      vertex 8.180576E+01 1.642290E+01 1.400000E+01
      vertex 8.188356E+01 1.621778E+01 1.400000E+01
      vertex 8.188356E+01 1.621778E+01 2.000000E+01
    endloop
  endfacet
  facet normal -9.927086E-01 -1.205391E-01 0.000000E+00
    outer loop
      vertex 8.188356E+01 1.621778E+01 1.400000E+01
      vertex 8.191000E+01 1.600000E+01 1.400000E+01
      vertex 8.191000E+01 1.600000E+01 2.000000E+01
    endloop
  endfacet
  facet normal 0.000000E+00 0.000000E+00 1.000000E+00
    outer loop
      vertex 8.168114E+01 1.660344E+01 1.400000E+01
      vertex 8.181602E+01 1.559726E+01 1.400000E+01
      vertex 8.188619E+01 1.579322E+01 1.400000E+01
    endloop
  endfacet
  facet normal 0.000000E+00 0.000000E+00 1.000000E+00
    outer loop
      vertex 8.168114E+01 1.660344E+01 1.400000E+01
      vertex 8.188619E+01 1.579322E+01 1.400000E+01
      vertex 8.191000E+01 1.600000E+01 1.400000E+01
    endloop
  endfacet
  facet normal 0.000000E+00 0.000000E+00 1.000000E+00
    outer loop
      vertex 8.168114E+01 1.660344E+01 1.400000E+01
      vertex 8.191000E+01 1.600000E+01 1.400000E+01
      vertex 8.188356E+01 1.621778E+01 1.400000E+01
    endloop
  endfacet
  facet normal 0.000000E+00 0.000000E+00 1.000000E+00
    outer loop
      vertex 8.168114E+01 1.660344E+01 1.400000E+01
      vertex 8.188356E+01 1.621778E+01 1.400000E+01
      vertex 8.180576E+01 1.642290E+01 1.400000E+01
    endloop
  endfacet
  facet normal 0.000000E+00 0.000000E+00 1.000000E+00
    outer loop
      vertex 8.168114E+01 1.660344E+01 1.400000E+01
      vertex 8.151694E+01 1.674891E+01 1.400000E+01
      vertex 8.132269E+01 1.685086E+01 1.400000E+01
    endloop
  endfacet
  facet normal 0.000000E+00 0.000000E+00 1.000000E+00
    outer loop
      vertex 8.168114E+01 1.660344E+01 1.400000E+01
      vertex 8.069322E+01 1.514327E+01 1.400000E+01
      vertex 8.091055E+01 1.509441E+01 1.400000E+01
    endloop
  endfacet
  facet normal 0.000000E+00 0.000000E+00 1.000000E+00
    outer loop
      vertex 8.168114E+01 1.660344E+01 1.400000E+01
      vertex 8.091055E+01 1.509441E+01 1.400000E+01
      vertex 8.113322E+01 1.509980E+01 1.400000E+01
    endloop
  endfacet
  facet normal 0.000000E+00 0.000000E+00 1.000000E+00
    outer loop
      vertex 8.168114E+01 1.660344E+01 1.400000E+01
      vertex 8.113322E+01 1.509980E+01 1.400000E+01
      vertex 8.134792E+01 1.515914E+01 1.400000E+01
    endloop
  endfacet
  facet normal 0.000000E+00 0.000000E+00 1.000000E+00
    outer loop
      vertex 8.168114E+01 1.660344E+01 1.400000E+01
      vertex 8.134792E+01 1.515914E+01 1.400000E+01
      vertex 8.154177E+01 1.526885E+01 1.400000E+01
    endloop
  endfacet
  facet normal 0.000000E+00 0.000000E+00 1.000000E+00
    outer loop
      vertex 8.168114E+01 1.660344E+01 1.400000E+01
      vertex 8.154177E+01 1.526885E+01 1.400000E+01
      vertex 8.181602E+01 1.559726E+01 1.400000E+01
    endloop
  endfacet
  facet normal 0.000000E+00 0.000000E+00 1.000000E+00
    outer loop
      vertex 8.168114E+01 1.660344E+01 1.400000E+01
      vertex 8.132269E+01 1.685086E+01 1.400000E+01
      vertex 8.069322E+01 1.514327E+01 1.400000E+01
    endloop
  endfacet
  facet normal 0.000000E+00 0.000000E+00 1.000000E+00
    outer loop
      vertex 8.181602E+01 1.559726E+01 1.400000E+01
      vertex 8.154177E+01 1.526885E+01 1.400000E+01
      vertex 8.170316E+01 1.542237E+01 1.400000E+01
    endloop
  endfacet
  facet normal 0.000000E+00 0.000000E+00 1.000000E+00
    outer loop
      vertex 8.089031E+01 1.690336E+01 1.400000E+01
      vertex 8.067731E+01 1.685086E+01 1.400000E+01
      vertex 8.048306E+01 1.674891E+01 1.400000E+01
    endloop
  endfacet
  facet normal 0.000000E+00 0.000000E+00 1.000000E+00
    outer loop
      vertex 8.089031E+01 1.690336E+01 1.400000E+01
      vertex 8.048306E+01 1.674891E+01 1.400000E+01
      vertex 8.031886E+01 1.660344E+01 1.400000E+01
    endloop
  endfacet
  facet normal 0.000000E+00 0.000000E+00 1.000000E+00
    outer loop
      vertex 8.089031E+01 1.690336E+01 1.400000E+01
      vertex 8.031886E+01 1.660344E+01 1.400000E+01
      vertex 8.019424E+01 1.642290E+01 1.400000E+01
    endloop
  endfacet
  facet normal 0.000000E+00 0.000000E+00 1.000000E+00
    outer loop
      vertex 8.089031E+01 1.690336E+01 1.400000E+01
      vertex 8.019424E+01 1.642290E+01 1.400000E+01
      vertex 8.011644E+01 1.621778E+01 1.400000E+01
    endloop
  endfacet
  facet normal 0.000000E+00 0.000000E+00 1.000000E+00
    outer loop
      vertex 8.089031E+01 1.690336E+01 1.400000E+01
      vertex 8.011644E+01 1.621778E+01 1.400000E+01
      vertex 8.009000E+01 1.600000E+01 1.400000E+01
    endloop
  endfacet
  facet normal 0.000000E+00 0.000000E+00 1.000000E+00
    outer loop
      vertex 8.089031E+01 1.690336E+01 1.400000E+01
      vertex 8.009000E+01 1.600000E+01 1.400000E+01
      vertex 8.011726E+01 1.577893E+01 1.400000E+01
    endloop
  endfacet
  facet normal 0.000000E+00 0.000000E+00 1.000000E+00
    outer loop
      vertex 8.089031E+01 1.690336E+01 1.400000E+01
      vertex 8.011726E+01 1.577893E+01 1.400000E+01
      vertex 8.019741E+01 1.557111E+01 1.400000E+01
    endloop
  endfacet
  facet normal 0.000000E+00 0.000000E+00 1.000000E+00
    outer loop
      vertex 8.089031E+01 1.690336E+01 1.400000E+01
      vertex 8.019741E+01 1.557111E+01 1.400000E+01
      vertex 8.032565E+01 1.538898E+01 1.400000E+01
    endloop
  endfacet
  facet normal 0.000000E+00 0.000000E+00 1.000000E+00
    outer loop
      vertex 8.132269E+01 1.685086E+01 1.400000E+01
      vertex 8.110969E+01 1.690336E+01 1.400000E+01
      vertex 8.089031E+01 1.690336E+01 1.400000E+01
    endloop
  endfacet
  facet normal 0.000000E+00 0.000000E+00 1.000000E+00
    outer loop
      vertex 8.132269E+01 1.685086E+01 1.400000E+01
      vertex 8.032565E+01 1.538898E+01 1.400000E+01
      vertex 8.049429E+01 1.524346E+01 1.400000E+01
    endloop
  endfacet
  facet normal 0.000000E+00 0.000000E+00 1.000000E+00
    outer loop
      vertex 8.132269E+01 1.685086E+01 1.400000E+01
      vertex 8.049429E+01 1.524346E+01 1.400000E+01
      vertex 8.069322E+01 1.514327E+01 1.400000E+01
    endloop
  endfacet
  facet normal 0.000000E+00 0.000000E+00 1.000000E+00
    outer loop
      vertex 8.132269E+01 1.685086E+01 1.400000E+01
      vertex 8.089031E+01 1.690336E+01 1.400000E+01
      vertex 8.032565E+01 1.538898E+01 1.400000E+01
    endloop
  endfacet
  facet normal 9.927086E-01 -1.205391E-01 0.000000E+00
    outer loop
      vertex 4.209000E+01 1.600000E+01 2.000000E+01
      vertex 4.209000E+01 1.600000E+01 1.400000E+01
      vertex 4.211644E+01 1.621778E+01 2.000000E+01
    endloop
  endfacet
  facet normal 9.350142E-01 -3.546102E-01 0.000000E+00
    outer loop
      vertex 4.211644E+01 1.621778E+01 2.000000E+01
      vertex 4.211644E+01 1.621778E+01 1.400000E+01
      vertex 4.219424E+01 1.642290E+01 2.000000E+01
    endloop
  endfacet
  facet normal 9.927086E-01 -1.205391E-01 0.000000E+00
    outer loop
      vertex 4.209000E+01 1.600000E+01 1.400000E+01
      vertex 4.211644E+01 1.621778E+01 1.400000E+01
      vertex 4.211644E+01 1.621778E+01 2.000000E+01
    endloop
  endfacet
  facet normal 8.229880E-01 -5.680588E-01 0.000000E+00
    outer loop
      vertex 4.219424E+01 1.642290E+01 2.000000E+01
      vertex 4.219424E+01 1.642290E+01 1.400000E+01
      vertex 4.231886E+01 1.660344E+01 2.000000E+01
    endloop
  endfacet
  facet normal 9.350142E-01 -3.546102E-01 0.000000E+00
    outer loop
      vertex 4.211644E+01 1.621778E+01 1.400000E+01
      vertex 4.219424E+01 1.642290E+01 1.400000E+01
      vertex 4.219424E+01 1.642290E+01 2.000000E+01
    endloop
  endfacet
  facet normal 6.631185E-01 -7.485144E-01 0.000000E+00
    outer loop
      vertex 4.231886E+01 1.660344E+01 2.000000E+01
      vertex 4.231886E+01 1.660344E+01 1.400000E+01
      vertex 4.248306E+01 1.674891E+01 2.000000E+01
    endloop
  endfacet
  facet normal 8.229880E-01 -5.680588E-01 0.000000E+00
    outer loop
      vertex 4.219424E+01 1.642290E+01 1.400000E+01
      vertex 4.231886E+01 1.660344E+01 1.400000E+01
      vertex 4.231886E+01 1.660344E+01 2.000000E+01
    endloop
  endfacet
  facet normal 4.647245E-01 -8.854553E-01 0.000000E+00
    outer loop
      vertex 4.248306E+01 1.674891E+01 2.000000E+01
      vertex 4.248306E+01 1.674891E+01 1.400000E+01
      vertex 4.267731E+01 1.685086E+01 2.000000E+01
    endloop
  endfacet
  facet normal 6.631185E-01 -7.485144E-01 0.000000E+00
    outer loop
      vertex 4.231886E+01 1.660344E+01 1.400000E+01
      vertex 4.248306E+01 1.674891E+01 1.400000E+01
      vertex 4.248306E+01 1.674891E+01 2.000000E+01
    endloop
  endfacet
  facet normal 2.393143E-01 -9.709422E-01 0.000000E+00
    outer loop
      vertex 4.267731E+01 1.685086E+01 2.000000E+01
      vertex 4.267731E+01 1.685086E+01 1.400000E+01
      vertex 4.289031E+01 1.690336E+01 2.000000E+01
    endloop
  endfacet
  facet normal 4.647245E-01 -8.854553E-01 0.000000E+00
    outer loop
      vertex 4.248306E+01 1.674891E+01 1.400000E+01
      vertex 4.267731E+01 1.685086E+01 1.400000E+01
      vertex 4.267731E+01 1.685086E+01 2.000000E+01
    endloop
  endfacet
  facet normal 0.000000E+00 -1.000000E+00 0.000000E+00
    outer loop
      vertex 4.289031E+01 1.690336E+01 2.000000E+01
      vertex 4.289031E+01 1.690336E+01 1.400000E+01
      vertex 4.310969E+01 1.690336E+01 2.000000E+01
    endloop
  endfacet
  facet normal 2.393143E-01 -9.709422E-01 0.000000E+00
    outer loop
      vertex 4.267731E+01 1.685086E+01 1.400000E+01
      vertex 4.289031E+01 1.690336E+01 1.400000E+01
      vertex 4.289031E+01 1.690336E+01 2.000000E+01
    endloop
  endfacet
  facet normal -2.393143E-01 -9.709422E-01 -0.000000E+00
    outer loop
      vertex 4.310969E+01 1.690336E+01 2.000000E+01
      vertex 4.310969E+01 1.690336E+01 1.400000E+01
      vertex 4.332269E+01 1.685086E+01 2.000000E+01
    endloop
  endfacet
  facet normal 0.000000E+00 -1.000000E+00 0.000000E+00
    outer loop
      vertex 4.289031E+01 1.690336E+01 1.400000E+01
      vertex 4.310969E+01 1.690336E+01 1.400000E+01
      vertex 4.310969E+01 1.690336E+01 2.000000E+01
    endloop
  endfacet
  facet normal -4.647245E-01 -8.854553E-01 -0.000000E+00
    outer loop
      vertex 4.332269E+01 1.685086E+01 2.000000E+01
      vertex 4.332269E+01 1.685086E+01 1.400000E+01
      vertex 4.351694E+01 1.674891E+01 2.000000E+01
    endloop
  endfacet
  facet normal -2.393143E-01 -9.709422E-01 0.000000E+00
    outer loop
      vertex 4.310969E+01 1.690336E+01 1.400000E+01
      vertex 4.332269E+01 1.685086E+01 1.400000E+01
      vertex 4.332269E+01 1.685086E+01 2.000000E+01
    endloop
  endfacet
  facet normal -6.631185E-01 -7.485144E-01 -0.000000E+00
    outer loop
      vertex 4.351694E+01 1.674891E+01 2.000000E+01
      vertex 4.351694E+01 1.674891E+01 1.400000E+01
      vertex 4.368114E+01 1.660344E+01 2.000000E+01
    endloop
  endfacet
  facet normal -4.647245E-01 -8.854553E-01 0.000000E+00
    outer loop
      vertex 4.332269E+01 1.685086E+01 1.400000E+01
      vertex 4.351694E+01 1.674891E+01 1.400000E+01
      vertex 4.351694E+01 1.674891E+01 2.000000E+01
    endloop
  endfacet
  facet normal -8.229880E-01 -5.680588E-01 -0.000000E+00
    outer loop
      vertex 4.368114E+01 1.660344E+01 2.000000E+01
      vertex 4.368114E+01 1.660344E+01 1.400000E+01
      vertex 4.380576E+01 1.642290E+01 2.000000E+01
    endloop
  endfacet
  facet normal -6.631185E-01 -7.485144E-01 0.000000E+00
    outer loop
      vertex 4.351694E+01 1.674891E+01 1.400000E+01
      vertex 4.368114E+01 1.660344E+01 1.400000E+01
      vertex 4.368114E+01 1.660344E+01 2.000000E+01
    endloop
  endfacet
  facet normal -9.350142E-01 -3.546102E-01 -0.000000E+00
    outer loop
      vertex 4.380576E+01 1.642290E+01 2.000000E+01
      vertex 4.380576E+01 1.642290E+01 1.400000E+01
      vertex 4.388356E+01 1.621778E+01 2.000000E+01
    endloop
  endfacet
  facet normal -8.229880E-01 -5.680588E-01 0.000000E+00
    outer loop
      vertex 4.368114E+01 1.660344E+01 1.400000E+01
      vertex 4.380576E+01 1.642290E+01 1.400000E+01
      vertex 4.380576E+01 1.642290E+01 2.000000E+01
    endloop
  endfacet
  facet normal -9.927086E-01 -1.205391E-01 -0.000000E+00
    outer loop
      vertex 4.388356E+01 1.621778E+01 2.000000E+01
      vertex 4.388356E+01 1.621778E+01 1.400000E+01
      vertex 4.391000E+01 1.600000E+01 2.000000E+01
    endloop
  endfacet
  facet normal -9.350142E-01 -3.546102E-01 0.000000E+00
    outer loop
      vertex 4.380576E+01 1.642290E+01 1.400000E+01
      vertex 4.388356E+01 1.621778E+01 1.400000E+01
      vertex 4.388356E+01 1.621778E+01 2.000000E+01
    endloop
  endfacet
  facet normal -9.927086E-01 -1.205391E-01 0.000000E+00
    outer loop
      vertex 4.388356E+01 1.621778E+01 1.400000E+01
      vertex 4.391000E+01 1.600000E+01 1.400000E+01
      vertex 4.391000E+01 1.600000E+01 2.000000E+01
    endloop
  endfacet
  facet normal 0.000000E+00 0.000000E+00 1.000000E+00
    outer loop
      vertex 4.368114E+01 1.660344E+01 1.400000E+01
      vertex 4.386687E+01 1.572318E+01 1.400000E+01
      vertex 4.389915E+01 1.585992E+01 1.400000E+01
    endloop
  endfacet
  facet normal 0.000000E+00 0.000000E+00 1.000000E+00
    outer loop
      vertex 4.368114E+01 1.660344E+01 1.400000E+01
      vertex 4.389915E+01 1.585992E+01 1.400000E+01
      vertex 4.391000E+01 1.600000E+01 1.400000E+01
    endloop
  endfacet
  facet normal 0.000000E+00 0.000000E+00 1.000000E+00
    outer loop
      vertex 4.368114E+01 1.660344E+01 1.400000E+01
      vertex 4.391000E+01 1.600000E+01 1.400000E+01
      vertex 4.388356E+01 1.621778E+01 1.400000E+01
    endloop
  endfacet
  facet normal 0.000000E+00 0.000000E+00 1.000000E+00
    outer loop
      vertex 4.368114E+01 1.660344E+01 1.400000E+01
      vertex 4.388356E+01 1.621778E+01 1.400000E+01
      vertex 4.380576E+01 1.642290E+01 1.400000E+01
    endloop
  endfacet
  facet normal 0.000000E+00 0.000000E+00 1.000000E+00
    outer loop
      vertex 4.368114E+01 1.660344E+01 1.400000E+01
      vertex 4.351694E+01 1.674891E+01 1.400000E+01
      vertex 4.332269E+01 1.685086E+01 1.400000E+01
    endloop
  endfacet
  facet normal 0.000000E+00 0.000000E+00 1.000000E+00
    outer loop
      vertex 4.368114E+01 1.660344E+01 1.400000E+01
      vertex 4.332269E+01 1.685086E+01 1.400000E+01
      vertex 4.310969E+01 1.690336E+01 1.400000E+01
    endloop
  endfacet
  facet normal 0.000000E+00 0.000000E+00 1.000000E+00
    outer loop
      vertex 4.368114E+01 1.660344E+01 1.400000E+01
      vertex 4.310969E+01 1.690336E+01 1.400000E+01
      vertex 4.289031E+01 1.690336E+01 1.400000E+01
    endloop
  endfacet
  facet normal 0.000000E+00 0.000000E+00 1.000000E+00
    outer loop
      vertex 4.368114E+01 1.660344E+01 1.400000E+01
      vertex 4.289031E+01 1.690336E+01 1.400000E+01
      vertex 4.267731E+01 1.685086E+01 1.400000E+01
    endloop
  endfacet
  facet normal 0.000000E+00 0.000000E+00 1.000000E+00
    outer loop
      vertex 4.368114E+01 1.660344E+01 1.400000E+01
      vertex 4.267731E+01 1.685086E+01 1.400000E+01
      vertex 4.248306E+01 1.674891E+01 1.400000E+01
    endloop
  endfacet
  facet normal 0.000000E+00 0.000000E+00 1.000000E+00
    outer loop
      vertex 4.368114E+01 1.660344E+01 1.400000E+01
      vertex 4.248306E+01 1.674891E+01 1.400000E+01
      vertex 4.231886E+01 1.660344E+01 1.400000E+01
    endloop
  endfacet
  facet normal 0.000000E+00 0.000000E+00 1.000000E+00
    outer loop
      vertex 4.368114E+01 1.660344E+01 1.400000E+01
      vertex 4.231886E+01 1.660344E+01 1.400000E+01
      vertex 4.219424E+01 1.642290E+01 1.400000E+01
    endloop
  endfacet
  facet normal 0.000000E+00 0.000000E+00 1.000000E+00
    outer loop
      vertex 4.368114E+01 1.660344E+01 1.400000E+01
      vertex 4.219424E+01 1.642290E+01 1.400000E+01
      vertex 4.211644E+01 1.621778E+01 1.400000E+01
    endloop
  endfacet
  facet normal 0.000000E+00 0.000000E+00 1.000000E+00
    outer loop
      vertex 4.368114E+01 1.660344E+01 1.400000E+01
      vertex 4.211644E+01 1.621778E+01 1.400000E+01
      vertex 4.209000E+01 1.600000E+01 1.400000E+01
    endloop
  endfacet
  facet normal 0.000000E+00 0.000000E+00 1.000000E+00
    outer loop
      vertex 4.368114E+01 1.660344E+01 1.400000E+01
      vertex 4.209000E+01 1.600000E+01 1.400000E+01
      vertex 4.211683E+01 1.578064E+01 1.400000E+01
    endloop
  endfacet
  facet normal 0.000000E+00 0.000000E+00 1.000000E+00
    outer loop
      vertex 4.368114E+01 1.660344E+01 1.400000E+01
      vertex 4.211683E+01 1.578064E+01 1.400000E+01
      vertex 4.219575E+01 1.557422E+01 1.400000E+01
    endloop
  endfacet
  facet normal 0.000000E+00 0.000000E+00 1.000000E+00
    outer loop
      vertex 4.368114E+01 1.660344E+01 1.400000E+01
      vertex 4.219575E+01 1.557422E+01 1.400000E+01
      vertex 4.232210E+01 1.539291E+01 1.400000E+01
    endloop
  endfacet
  facet normal 0.000000E+00 0.000000E+00 1.000000E+00
    outer loop
      vertex 4.368114E+01 1.660344E+01 1.400000E+01
      vertex 4.232210E+01 1.539291E+01 1.400000E+01
      vertex 4.248843E+01 1.524741E+01 1.400000E+01
    endloop
  endfacet
  facet normal 0.000000E+00 0.000000E+00 1.000000E+00
    outer loop
      vertex 4.368114E+01 1.660344E+01 1.400000E+01
      vertex 4.248843E+01 1.524741E+01 1.400000E+01
      vertex 4.268493E+01 1.514628E+01 1.400000E+01
    endloop
  endfacet
  facet normal 0.000000E+00 0.000000E+00 1.000000E+00
    outer loop
      vertex 4.368114E+01 1.660344E+01 1.400000E+01
      vertex 4.268493E+01 1.514628E+01 1.400000E+01
      vertex 4.290001E+01 1.509551E+01 1.400000E+01
    endloop
  endfacet
  facet normal 0.000000E+00 0.000000E+00 1.000000E+00
    outer loop
      vertex 4.368114E+01 1.660344E+01 1.400000E+01
      vertex 4.290001E+01 1.509551E+01 1.400000E+01
      vertex 4.312099E+01 1.509808E+01 1.400000E+01
    endloop
  endfacet
  facet normal 0.000000E+00 0.000000E+00 1.000000E+00
    outer loop
      vertex 4.368114E+01 1.660344E+01 1.400000E+01
      vertex 4.312099E+01 1.509808E+01 1.400000E+01
      vertex 4.333483E+01 1.515384E+01 1.400000E+01
    endloop
  endfacet
  facet normal 0.000000E+00 0.000000E+00 1.000000E+00
    outer loop
      vertex 4.368114E+01 1.660344E+01 1.400000E+01
      vertex 4.333483E+01 1.515384E+01 1.400000E+01
      vertex 4.352893E+01 1.525950E+01 1.400000E+01
    endloop
  endfacet
  facet normal 0.000000E+00 0.000000E+00 1.000000E+00
    outer loop
      vertex 4.368114E+01 1.660344E+01 1.400000E+01
      vertex 4.352893E+01 1.525950E+01 1.400000E+01
      vertex 4.369183E+01 1.540884E+01 1.400000E+01
    endloop
  endfacet
  facet normal 0.000000E+00 0.000000E+00 1.000000E+00
    outer loop
      vertex 4.368114E+01 1.660344E+01 1.400000E+01
      vertex 4.369183E+01 1.540884E+01 1.400000E+01
      vertex 4.386687E+01 1.572318E+01 1.400000E+01
    endloop
  endfacet
  facet normal 0.000000E+00 0.000000E+00 1.000000E+00
    outer loop
      vertex 4.386687E+01 1.572318E+01 1.400000E+01
      vertex 4.369183E+01 1.540884E+01 1.400000E+01
      vertex 4.381393E+01 1.559304E+01 1.400000E+01
    endloop
  endfacet
  facet normal 9.927086E-01 -1.205391E-01 0.000000E+00
    outer loop
      vertex 4.209000E+01 5.400000E+01 2.000000E+01
      vertex 4.209000E+01 5.400000E+01 1.400000E+01
      vertex 4.211644E+01 5.421778E+01 2.000000E+01
    endloop
  endfacet
  facet normal 9.350142E-01 -3.546102E-01 0.000000E+00
    outer loop
      vertex 4.211644E+01 5.421778E+01 2.000000E+01
      vertex 4.211644E+01 5.421778E+01 1.400000E+01
      vertex 4.219424E+01 5.442290E+01 2.000000E+01
    endloop
  endfacet
  facet normal 9.927086E-01 -1.205391E-01 0.000000E+00
    outer loop
      vertex 4.209000E+01 5.400000E+01 1.400000E+01
      vertex 4.211644E+01 5.421778E+01 1.400000E+01
      vertex 4.211644E+01 5.421778E+01 2.000000E+01
    endloop
  endfacet
  facet normal 8.229908E-01 -5.680547E-01 0.000000E+00
    outer loop
      vertex 4.219424E+01 5.442290E+01 2.000000E+01
      vertex 4.219424E+01 5.442290E+01 1.400000E+01
      vertex 4.231886E+01 5.460344E+01 2.000000E+01
    endloop
  endfacet
  facet normal 9.350142E-01 -3.546102E-01 0.000000E+00
    outer loop
      vertex 4.211644E+01 5.421778E+01 1.400000E+01
      vertex 4.219424E+01 5.442290E+01 1.400000E+01
      vertex 4.219424E+01 5.442290E+01 2.000000E+01
    endloop
  endfacet
  facet normal 6.631185E-01 -7.485144E-01 0.000000E+00
    outer loop
      vertex 4.231886E+01 5.460344E+01 2.000000E+01
      vertex 4.231886E+01 5.460344E+01 1.400000E+01
      vertex 4.248306E+01 5.474892E+01 2.000000E+01
    endloop
  endfacet
  facet normal 8.229908E-01 -5.680547E-01 0.000000E+00
    outer loop
      vertex 4.219424E+01 5.442290E+01 1.400000E+01
      vertex 4.231886E+01 5.460344E+01 1.400000E+01
      vertex 4.231886E+01 5.460344E+01 2.000000E+01
    endloop
  endfacet
  facet normal 4.647177E-01 -8.854589E-01 0.000000E+00
    outer loop
      vertex 4.248306E+01 5.474892E+01 2.000000E+01
      vertex 4.248306E+01 5.474892E+01 1.400000E+01
      vertex 4.267731E+01 5.485086E+01 2.000000E+01
    endloop
  endfacet
  facet normal 6.631185E-01 -7.485144E-01 0.000000E+00
    outer loop
      vertex 4.231886E+01 5.460344E+01 1.400000E+01
      vertex 4.248306E+01 5.474892E+01 1.400000E+01
      vertex 4.248306E+01 5.474892E+01 2.000000E+01
    endloop
  endfacet
  facet normal 2.393225E-01 -9.709402E-01 0.000000E+00
    outer loop
      vertex 4.267731E+01 5.485086E+01 2.000000E+01
      vertex 4.267731E+01 5.485086E+01 1.400000E+01
      vertex 4.289031E+01 5.490337E+01 2.000000E+01
    endloop
  endfacet
  facet normal 4.647177E-01 -8.854589E-01 0.000000E+00
    outer loop
      vertex 4.248306E+01 5.474892E+01 1.400000E+01
      vertex 4.267731E+01 5.485086E+01 1.400000E+01
      vertex 4.267731E+01 5.485086E+01 2.000000E+01
    endloop
  endfacet
  facet normal 0.000000E+00 -1.000000E+00 0.000000E+00
    outer loop
      vertex 4.289031E+01 5.490337E+01 2.000000E+01
      vertex 4.289031E+01 5.490337E+01 1.400000E+01
      vertex 4.310969E+01 5.490337E+01 2.000000E+01
    endloop
  endfacet
  facet normal 2.393225E-01 -9.709402E-01 0.000000E+00
    outer loop
      vertex 4.267731E+01 5.485086E+01 1.400000E+01
      vertex 4.289031E+01 5.490337E+01 1.400000E+01
      vertex 4.289031E+01 5.490337E+01 2.000000E+01
    endloop
  endfacet
  facet normal -2.393225E-01 -9.709402E-01 -0.000000E+00
    outer loop
      vertex 4.310969E+01 5.490337E+01 2.000000E+01
      vertex 4.310969E+01 5.490337E+01 1.400000E+01
      vertex 4.332269E+01 5.485086E+01 2.000000E+01
    endloop
  endfacet
  facet normal 0.000000E+00 -1.000000E+00 0.000000E+00
    outer loop
      vertex 4.289031E+01 5.490337E+01 1.400000E+01
      vertex 4.310969E+01 5.490337E+01 1.400000E+01
      vertex 4.310969E+01 5.490337E+01 2.000000E+01
    endloop
  endfacet
  facet normal -4.647177E-01 -8.854589E-01 -0.000000E+00
    outer loop
      vertex 4.332269E+01 5.485086E+01 2.000000E+01
      vertex 4.332269E+01 5.485086E+01 1.400000E+01
      vertex 4.351694E+01 5.474892E+01 2.000000E+01
    endloop
  endfacet
  facet normal -2.393225E-01 -9.709402E-01 0.000000E+00
    outer loop
      vertex 4.310969E+01 5.490337E+01 1.400000E+01
      vertex 4.332269E+01 5.485086E+01 1.400000E+01
      vertex 4.332269E+01 5.485086E+01 2.000000E+01
    endloop
  endfacet
  facet normal -6.631185E-01 -7.485144E-01 -0.000000E+00
    outer loop
      vertex 4.351694E+01 5.474892E+01 2.000000E+01
      vertex 4.351694E+01 5.474892E+01 1.400000E+01
      vertex 4.368114E+01 5.460344E+01 2.000000E+01
    endloop
  endfacet
  facet normal -4.647177E-01 -8.854589E-01 0.000000E+00
    outer loop
      vertex 4.332269E+01 5.485086E+01 1.400000E+01
      vertex 4.351694E+01 5.474892E+01 1.400000E+01
      vertex 4.351694E+01 5.474892E+01 2.000000E+01
    endloop
  endfacet
  facet normal -8.229908E-01 -5.680547E-01 -0.000000E+00
    outer loop
      vertex 4.368114E+01 5.460344E+01 2.000000E+01
      vertex 4.368114E+01 5.460344E+01 1.400000E+01
      vertex 4.380576E+01 5.442290E+01 2.000000E+01
    endloop
  endfacet
  facet normal -6.631185E-01 -7.485144E-01 0.000000E+00
    outer loop
      vertex 4.351694E+01 5.474892E+01 1.400000E+01
      vertex 4.368114E+01 5.460344E+01 1.400000E+01
      vertex 4.368114E+01 5.460344E+01 2.000000E+01
    endloop
  endfacet
  facet normal -9.350142E-01 -3.546102E-01 -0.000000E+00
    outer loop
      vertex 4.380576E+01 5.442290E+01 2.000000E+01
      vertex 4.380576E+01 5.442290E+01 1.400000E+01
      vertex 4.388356E+01 5.421778E+01 2.000000E+01
    endloop
  endfacet
  facet normal -8.229908E-01 -5.680547E-01 0.000000E+00
    outer loop
      vertex 4.368114E+01 5.460344E+01 1.400000E+01
      vertex 4.380576E+01 5.442290E+01 1.400000E+01
      vertex 4.380576E+01 5.442290E+01 2.000000E+01
    endloop
  endfacet
  facet normal -9.927086E-01 -1.205391E-01 -0.000000E+00
    outer loop
      vertex 4.388356E+01 5.421778E+01 2.000000E+01
      vertex 4.388356E+01 5.421778E+01 1.400000E+01
      vertex 4.391000E+01 5.400000E+01 2.000000E+01
    endloop
  endfacet
  facet normal -9.350142E-01 -3.546102E-01 0.000000E+00
    outer loop
      vertex 4.380576E+01 5.442290E+01 1.400000E+01
      vertex 4.388356E+01 5.421778E+01 1.400000E+01
      vertex 4.388356E+01 5.421778E+01 2.000000E+01
    endloop
  endfacet
  facet normal -9.927086E-01 -1.205391E-01 0.000000E+00
    outer loop
      vertex 4.388356E+01 5.421778E+01 1.400000E+01
      vertex 4.391000E+01 5.400000E+01 1.400000E+01
      vertex 4.391000E+01 5.400000E+01 2.000000E+01
    endloop
  endfacet
  facet normal 0.000000E+00 0.000000E+00 1.000000E+00
    outer loop
      vertex 4.368114E+01 5.460344E+01 1.400000E+01
      vertex 4.211644E+01 5.421778E+01 1.400000E+01
      vertex 4.380576E+01 5.442290E+01 1.400000E+01
    endloop
  endfacet
  facet normal 0.000000E+00 0.000000E+00 1.000000E+00
    outer loop
      vertex 4.355718E+01 5.328052E+01 1.400000E+01
      vertex 4.292338E+01 5.309323E+01 1.400000E+01
      vertex 4.314808E+01 5.310213E+01 1.400000E+01
    endloop
  endfacet
  facet normal 0.000000E+00 0.000000E+00 1.000000E+00
    outer loop
      vertex 4.355718E+01 5.328052E+01 1.400000E+01
      vertex 4.314808E+01 5.310213E+01 1.400000E+01
      vertex 4.336374E+01 5.316586E+01 1.400000E+01
    endloop
  endfacet
  facet normal 0.000000E+00 0.000000E+00 1.000000E+00
    outer loop
      vertex 4.382226E+01 5.361015E+01 1.400000E+01
      vertex 4.355718E+01 5.328052E+01 1.400000E+01
      vertex 4.371660E+01 5.343913E+01 1.400000E+01
    endloop
  endfacet
  facet normal 0.000000E+00 0.000000E+00 1.000000E+00
    outer loop
      vertex 4.388779E+01 5.380020E+01 1.400000E+01
      vertex 4.219944E+01 5.356732E+01 1.400000E+01
      vertex 4.232999E+01 5.338422E+01 1.400000E+01
    endloop
  endfacet
  facet normal 0.000000E+00 0.000000E+00 1.000000E+00
    outer loop
      vertex 4.388779E+01 5.380020E+01 1.400000E+01
      vertex 4.232999E+01 5.338422E+01 1.400000E+01
      vertex 4.250145E+01 5.323872E+01 1.400000E+01
    endloop
  endfacet
  facet normal 0.000000E+00 0.000000E+00 1.000000E+00
    outer loop
      vertex 4.388779E+01 5.380020E+01 1.400000E+01
      vertex 4.250145E+01 5.323872E+01 1.400000E+01
      vertex 4.270336E+01 5.313971E+01 1.400000E+01
    endloop
  endfacet
  facet normal 0.000000E+00 0.000000E+00 1.000000E+00
    outer loop
      vertex 4.388779E+01 5.380020E+01 1.400000E+01
      vertex 4.270336E+01 5.313971E+01 1.400000E+01
      vertex 4.292338E+01 5.309323E+01 1.400000E+01
    endloop
  endfacet
  facet normal 0.000000E+00 0.000000E+00 1.000000E+00
    outer loop
      vertex 4.388779E+01 5.380020E+01 1.400000E+01
      vertex 4.292338E+01 5.309323E+01 1.400000E+01
      vertex 4.355718E+01 5.328052E+01 1.400000E+01
    endloop
  endfacet
  facet normal 0.000000E+00 0.000000E+00 1.000000E+00
    outer loop
      vertex 4.388779E+01 5.380020E+01 1.400000E+01
      vertex 4.355718E+01 5.328052E+01 1.400000E+01
      vertex 4.382226E+01 5.361015E+01 1.400000E+01
    endloop
  endfacet
  facet normal 0.000000E+00 0.000000E+00 1.000000E+00
    outer loop
      vertex 4.388356E+01 5.421778E+01 1.400000E+01
      vertex 4.388779E+01 5.380020E+01 1.400000E+01
      vertex 4.391000E+01 5.400000E+01 1.400000E+01
    endloop
  endfacet
  facet normal 0.000000E+00 0.000000E+00 1.000000E+00
    outer loop
      vertex 4.388356E+01 5.421778E+01 1.400000E+01
      vertex 4.209000E+01 5.400000E+01 1.400000E+01
      vertex 4.211779E+01 5.377685E+01 1.400000E+01
    endloop
  endfacet
  facet normal 0.000000E+00 0.000000E+00 1.000000E+00
    outer loop
      vertex 4.388356E+01 5.421778E+01 1.400000E+01
      vertex 4.211779E+01 5.377685E+01 1.400000E+01
      vertex 4.219944E+01 5.356732E+01 1.400000E+01
    endloop
  endfacet
  facet normal 0.000000E+00 0.000000E+00 1.000000E+00
    outer loop
      vertex 4.388356E+01 5.421778E+01 1.400000E+01
      vertex 4.219944E+01 5.356732E+01 1.400000E+01
      vertex 4.388779E+01 5.380020E+01 1.400000E+01
    endloop
  endfacet
  facet normal 0.000000E+00 0.000000E+00 1.000000E+00
    outer loop
      vertex 4.380576E+01 5.442290E+01 1.400000E+01
      vertex 4.211644E+01 5.421778E+01 1.400000E+01
      vertex 4.209000E+01 5.400000E+01 1.400000E+01
    endloop
  endfacet
  facet normal 0.000000E+00 0.000000E+00 1.000000E+00
    outer loop
      vertex 4.380576E+01 5.442290E+01 1.400000E+01
      vertex 4.209000E+01 5.400000E+01 1.400000E+01
      vertex 4.388356E+01 5.421778E+01 1.400000E+01
    endloop
  endfacet
  facet normal 0.000000E+00 0.000000E+00 1.000000E+00
    outer loop
      vertex 4.368114E+01 5.460344E+01 1.400000E+01
      vertex 4.351694E+01 5.474892E+01 1.400000E+01
      vertex 4.332269E+01 5.485086E+01 1.400000E+01
    endloop
  endfacet
  facet normal 0.000000E+00 0.000000E+00 1.000000E+00
    outer loop
      vertex 4.368114E+01 5.460344E+01 1.400000E+01
      vertex 4.332269E+01 5.485086E+01 1.400000E+01
      vertex 4.310969E+01 5.490337E+01 1.400000E+01
    endloop
  endfacet
  facet normal 0.000000E+00 0.000000E+00 1.000000E+00
    outer loop
      vertex 4.368114E+01 5.460344E+01 1.400000E+01
      vertex 4.310969E+01 5.490337E+01 1.400000E+01
      vertex 4.289031E+01 5.490337E+01 1.400000E+01
    endloop
  endfacet
  facet normal 0.000000E+00 0.000000E+00 1.000000E+00
    outer loop
      vertex 4.368114E+01 5.460344E+01 1.400000E+01
      vertex 4.289031E+01 5.490337E+01 1.400000E+01
      vertex 4.267731E+01 5.485086E+01 1.400000E+01
    endloop
  endfacet
  facet normal 0.000000E+00 0.000000E+00 1.000000E+00
    outer loop
      vertex 4.368114E+01 5.460344E+01 1.400000E+01
      vertex 4.267731E+01 5.485086E+01 1.400000E+01
      vertex 4.248306E+01 5.474892E+01 1.400000E+01
    endloop
  endfacet
  facet normal 0.000000E+00 0.000000E+00 1.000000E+00
    outer loop
      vertex 4.368114E+01 5.460344E+01 1.400000E+01
      vertex 4.248306E+01 5.474892E+01 1.400000E+01
      vertex 4.231886E+01 5.460344E+01 1.400000E+01
    endloop
  endfacet
  facet normal 0.000000E+00 0.000000E+00 1.000000E+00
    outer loop
      vertex 4.368114E+01 5.460344E+01 1.400000E+01
      vertex 4.231886E+01 5.460344E+01 1.400000E+01
      vertex 4.219424E+01 5.442290E+01 1.400000E+01
    endloop
  endfacet
  facet normal 0.000000E+00 0.000000E+00 1.000000E+00
    outer loop
      vertex 4.368114E+01 5.460344E+01 1.400000E+01
      vertex 4.219424E+01 5.442290E+01 1.400000E+01
      vertex 4.211644E+01 5.421778E+01 1.400000E+01
    endloop
  endfacet
  facet normal 1.000000E+00 -0.000000E+00 0.000000E+00
    outer loop
      vertex -7.750000E+00 2.000000E+01 1.500000E+01
      vertex -7.750000E+00 2.700000E+01 1.390000E+01
      vertex -7.750000E+00 2.700000E+01 1.500000E+01
    endloop
  endfacet
  facet normal 1.000000E+00 0.000000E+00 0.000000E+00
    outer loop
      vertex -7.750000E+00 2.000000E+01 1.390000E+01
      vertex -7.750000E+00 2.700000E+01 1.390000E+01
      vertex -7.750000E+00 2.000000E+01 1.500000E+01
    endloop
  endfacet
  facet normal 0.000000E+00 1.000000E+00 0.000000E+00
    outer loop
      vertex 4.250000E+00 2.000000E+01 1.500000E+01
      vertex -7.750000E+00 2.000000E+01 1.390000E+01
      vertex -7.750000E+00 2.000000E+01 1.500000E+01
    endloop
  endfacet
  facet normal 0.000000E+00 1.000000E+00 -0.000000E+00
    outer loop
      vertex 4.250000E+00 2.000000E+01 1.390000E+01
      vertex -7.750000E+00 2.000000E+01 1.390000E+01
      vertex 4.250000E+00 2.000000E+01 1.500000E+01
    endloop
  endfacet
  facet normal 0.000000E+00 -1.000000E+00 0.000000E+00
    outer loop
      vertex -7.750000E+00 2.700000E+01 1.500000E+01
      vertex 4.250000E+00 2.700000E+01 1.390000E+01
      vertex 4.250000E+00 2.700000E+01 1.500000E+01
    endloop
  endfacet
  facet normal 0.000000E+00 -1.000000E+00 0.000000E+00
    outer loop
      vertex -7.750000E+00 2.700000E+01 1.390000E+01
      vertex 4.250000E+00 2.700000E+01 1.390000E+01
      vertex -7.750000E+00 2.700000E+01 1.500000E+01
    endloop
  endfacet
  facet normal 0.000000E+00 0.000000E+00 1.000000E+00
    outer loop
      vertex 4.250000E+00 2.700000E+01 1.390000E+01
      vertex -7.750000E+00 2.700000E+01 1.390000E+01
      vertex -7.750000E+00 2.000000E+01 1.390000E+01
    endloop
  endfacet
  facet normal 0.000000E+00 0.000000E+00 1.000000E+00
    outer loop
      vertex 4.250000E+00 2.700000E+01 1.390000E+01
      vertex -7.750000E+00 2.000000E+01 1.390000E+01
      vertex 4.250000E+00 2.000000E+01 1.390000E+01
    endloop
  endfacet
  facet normal 1.000000E+00 -0.000000E+00 0.000000E+00
    outer loop
      vertex -7.750000E+00 4.300000E+01 1.500000E+01
      vertex -7.750000E+00 5.000000E+01 1.390000E+01
      vertex -7.750000E+00 5.000000E+01 1.500000E+01
    endloop
  endfacet
  facet normal 1.000000E+00 0.000000E+00 0.000000E+00
    outer loop
      vertex -7.750000E+00 4.300000E+01 1.390000E+01
      vertex -7.750000E+00 5.000000E+01 1.390000E+01
      vertex -7.750000E+00 4.300000E+01 1.500000E+01
    endloop
  endfacet
  facet normal 0.000000E+00 1.000000E+00 0.000000E+00
    outer loop
      vertex 4.250000E+00 4.300000E+01 1.500000E+01
      vertex -7.750000E+00 4.300000E+01 1.390000E+01
      vertex -7.750000E+00 4.300000E+01 1.500000E+01
    endloop
  endfacet
  facet normal 0.000000E+00 1.000000E+00 -0.000000E+00
    outer loop
      vertex 4.250000E+00 4.300000E+01 1.390000E+01
      vertex -7.750000E+00 4.300000E+01 1.390000E+01
      vertex 4.250000E+00 4.300000E+01 1.500000E+01
    endloop
  endfacet
  facet normal 0.000000E+00 -1.000000E+00 0.000000E+00
    outer loop
      vertex -7.750000E+00 5.000000E+01 1.500000E+01
      vertex 4.250000E+00 5.000000E+01 1.390000E+01
      vertex 4.250000E+00 5.000000E+01 1.500000E+01
    endloop
  endfacet
  facet normal 0.000000E+00 -1.000000E+00 0.000000E+00
    outer loop
      vertex -7.750000E+00 5.000000E+01 1.390000E+01
      vertex 4.250000E+00 5.000000E+01 1.390000E+01
      vertex -7.750000E+00 5.000000E+01 1.500000E+01
    endloop
  endfacet
  facet normal 0.000000E+00 0.000000E+00 1.000000E+00
    outer loop
      vertex 4.250000E+00 5.000000E+01 1.390000E+01
      vertex -7.750000E+00 5.000000E+01 1.390000E+01
      vertex -7.750000E+00 4.300000E+01 1.390000E+01
    endloop
  endfacet
  facet normal 0.000000E+00 0.000000E+00 1.000000E+00
    outer loop
      vertex 4.250000E+00 5.000000E+01 1.390000E+01
      vertex -7.750000E+00 4.300000E+01 1.390000E+01
      vertex 4.250000E+00 4.300000E+01 1.390000E+01
    endloop
  endfacet
  facet normal 0.000000E+00 0.000000E+00 1.000000E+00
    outer loop
      vertex 4.348215E+01 5.002916E+01 1.500000E+01
      vertex 3.825000E+01 4.600000E+01 1.500000E+01
      vertex 3.825000E+01 4.350000E+01 1.500000E+01
    endloop
  endfacet
  facet normal 0.000000E+00 0.000000E+00 1.000000E+00
    outer loop
      vertex 8.783315E+01 6.028014E+01 1.500000E+01
      vertex 8.241842E+01 5.774007E+01 1.500000E+01
      vertex 8.780000E+01 6.000000E+01 1.500000E+01
    endloop
  endfacet
  facet normal 0.000000E+00 0.000000E+00 1.000000E+00
    outer loop
      vertex 4.348215E+01 5.002916E+01 1.500000E+01
      vertex 4.251785E+01 5.002916E+01 1.500000E+01
      vertex 3.825000E+01 4.600000E+01 1.500000E+01
    endloop
  endfacet
  facet normal 0.000000E+00 0.000000E+00 1.000000E+00
    outer loop
      vertex 7.711623E+01 1.695726E+01 1.500000E+01
      vertex 4.700000E+01 1.600000E+01 1.500000E+01
      vertex 7.700000E+01 1.600000E+01 1.500000E+01
    endloop
  endfacet
  facet normal 0.000000E+00 0.000000E+00 1.000000E+00
    outer loop
      vertex -3.668168E+01 9.012420E+00 1.500000E+01
      vertex -3.689821E+01 9.204253E+00 1.500000E+01
      vertex -3.900000E+01 3.330669E-15 1.500000E+01
    endloop
  endfacet
  facet normal 0.000000E+00 0.000000E+00 1.000000E+00
    outer loop
      vertex 7.711623E+01 1.695726E+01 1.500000E+01
      vertex 4.688377E+01 1.695726E+01 1.500000E+01
      vertex 4.700000E+01 1.600000E+01 1.500000E+01
    endloop
  endfacet
  facet normal 0.000000E+00 0.000000E+00 1.000000E+00
    outer loop
      vertex 8.942553E+01 5.887798E+01 1.500000E+01
      vertex 8.914465E+01 5.880875E+01 1.500000E+01
      vertex 8.500000E+01 5.400000E+01 1.500000E+01
    endloop
  endfacet
  facet normal 0.000000E+00 0.000000E+00 1.000000E+00
    outer loop
      vertex -3.706255E+01 9.442332E+00 1.500000E+01
      vertex -3.900000E+01 3.330669E-15 1.500000E+01
      vertex -3.689821E+01 9.204253E+00 1.500000E+01
    endloop
  endfacet
  facet normal 0.000000E+00 0.000000E+00 1.000000E+00
    outer loop
      vertex 8.942553E+01 5.887798E+01 1.500000E+01
      vertex 8.500000E+01 5.400000E+01 1.500000E+01
      vertex 8.488377E+01 5.304274E+01 1.500000E+01
    endloop
  endfacet
  facet normal 0.000000E+00 0.000000E+00 1.000000E+00
    outer loop
      vertex -3.642553E+01 8.877980E+00 1.500000E+01
      vertex -3.668168E+01 9.012420E+00 1.500000E+01
      vertex -3.900000E+01 3.330669E-15 1.500000E+01
    endloop
  endfacet
  facet normal 0.000000E+00 0.000000E+00 1.000000E+00
    outer loop
      vertex -3.716513E+01 9.712821E+00 1.500000E+01
      vertex -3.900000E+01 3.330669E-15 1.500000E+01
      vertex -3.706255E+01 9.442332E+00 1.500000E+01
    endloop
  endfacet
  facet normal 0.000000E+00 0.000000E+00 1.000000E+00
    outer loop
      vertex 8.793079E+01 6.054479E+01 1.500000E+01
      vertex 8.241842E+01 5.774007E+01 1.500000E+01
      vertex 8.783315E+01 6.028014E+01 1.500000E+01
    endloop
  endfacet
  facet normal 0.000000E+00 0.000000E+00 1.000000E+00
    outer loop
      vertex 8.793079E+01 6.054479E+01 1.500000E+01
      vertex 8.148215E+01 5.797084E+01 1.500000E+01
      vertex 8.241842E+01 5.774007E+01 1.500000E+01
    endloop
  endfacet
  facet normal 0.000000E+00 0.000000E+00 1.000000E+00
    outer loop
      vertex -3.614465E+01 8.808749E+00 1.500000E+01
      vertex -3.642553E+01 8.877980E+00 1.500000E+01
      vertex -3.900000E+01 3.330669E-15 1.500000E+01
    endloop
  endfacet
  facet normal 0.000000E+00 0.000000E+00 1.000000E+00
    outer loop
      vertex 4.441842E+01 5.025993E+01 1.500000E+01
      vertex 4.348215E+01 5.002916E+01 1.500000E+01
      vertex 3.825000E+01 4.350000E+01 1.500000E+01
    endloop
  endfacet
  facet normal 0.000000E+00 0.000000E+00 1.000000E+00
    outer loop
      vertex -3.720000E+01 1.000000E+01 1.500000E+01
      vertex -3.900000E+01 3.330669E-15 1.500000E+01
      vertex -3.716513E+01 9.712821E+00 1.500000E+01
    endloop
  endfacet
  facet normal 0.000000E+00 0.000000E+00 1.000000E+00
    outer loop
      vertex 8.968168E+01 5.901242E+01 1.500000E+01
      vertex 8.942553E+01 5.887798E+01 1.500000E+01
      vertex 8.488377E+01 5.304274E+01 1.500000E+01
    endloop
  endfacet
  facet normal 0.000000E+00 0.000000E+00 1.000000E+00
    outer loop
      vertex 7.745818E+01 1.785889E+01 1.500000E+01
      vertex 4.654182E+01 1.785889E+01 1.500000E+01
      vertex 4.688377E+01 1.695726E+01 1.500000E+01
    endloop
  endfacet
  facet normal 0.000000E+00 0.000000E+00 1.000000E+00
    outer loop
      vertex 8.968168E+01 5.901242E+01 1.500000E+01
      vertex 8.488377E+01 5.304274E+01 1.500000E+01
      vertex 8.454182E+01 5.214111E+01 1.500000E+01
    endloop
  endfacet
  facet normal 0.000000E+00 0.000000E+00 1.000000E+00
    outer loop
      vertex -3.585535E+01 8.808749E+00 1.500000E+01
      vertex -3.614465E+01 8.808749E+00 1.500000E+01
      vertex -3.900000E+01 3.330669E-15 1.500000E+01
    endloop
  endfacet
  facet normal 0.000000E+00 0.000000E+00 1.000000E+00
    outer loop
      vertex 7.745818E+01 1.785889E+01 1.500000E+01
      vertex 4.688377E+01 1.695726E+01 1.500000E+01
      vertex 7.711623E+01 1.695726E+01 1.500000E+01
    endloop
  endfacet
  facet normal 0.000000E+00 0.000000E+00 1.000000E+00
    outer loop
      vertex -3.716618E+01 1.028287E+01 1.500000E+01
      vertex -3.900000E+01 3.330669E-15 1.500000E+01
      vertex -3.720000E+01 1.000000E+01 1.500000E+01
    endloop
  endfacet
  facet normal 0.000000E+00 0.000000E+00 1.000000E+00
    outer loop
      vertex 8.808751E+01 6.077934E+01 1.500000E+01
      vertex 8.148215E+01 5.797084E+01 1.500000E+01
      vertex 8.793079E+01 6.054479E+01 1.500000E+01
    endloop
  endfacet
  facet normal 0.000000E+00 0.000000E+00 1.000000E+00
    outer loop
      vertex 8.808751E+01 6.077934E+01 1.500000E+01
      vertex 8.051785E+01 5.797084E+01 1.500000E+01
      vertex 8.148215E+01 5.797084E+01 1.500000E+01
    endloop
  endfacet
  facet normal 0.000000E+00 0.000000E+00 1.000000E+00
    outer loop
      vertex -3.557447E+01 8.877980E+00 1.500000E+01
      vertex -3.585535E+01 8.808749E+00 1.500000E+01
      vertex -3.900000E+01 3.330669E-15 1.500000E+01
    endloop
  endfacet
  facet normal 0.000000E+00 0.000000E+00 1.000000E+00
    outer loop
      vertex 8.989822E+01 5.920425E+01 1.500000E+01
      vertex 8.968168E+01 5.901242E+01 1.500000E+01
      vertex 8.454182E+01 5.214111E+01 1.500000E+01
    endloop
  endfacet
  facet normal 0.000000E+00 0.000000E+00 1.000000E+00
    outer loop
      vertex 8.989822E+01 5.920425E+01 1.500000E+01
      vertex 8.454182E+01 1.785889E+01 1.500000E+01
      vertex 8.991230E+01 1.077956E+01 1.500000E+01
    endloop
  endfacet
  facet normal 0.000000E+00 0.000000E+00 1.000000E+00
    outer loop
      vertex 4.527226E+01 5.070807E+01 1.500000E+01
      vertex 3.825000E+01 2.650000E+01 1.500000E+01
      vertex 4.527226E+01 1.929193E+01 1.500000E+01
    endloop
  endfacet
  facet normal 0.000000E+00 0.000000E+00 1.000000E+00
    outer loop
      vertex -3.531832E+01 9.012420E+00 1.500000E+01
      vertex -3.557447E+01 8.877980E+00 1.500000E+01
      vertex -3.900000E+01 3.330669E-15 1.500000E+01
    endloop
  endfacet
  facet normal 0.000000E+00 0.000000E+00 1.000000E+00
    outer loop
      vertex 4.527226E+01 5.070807E+01 1.500000E+01
      vertex 3.825000E+01 4.350000E+01 1.500000E+01
      vertex 3.825000E+01 2.650000E+01 1.500000E+01
    endloop
  endfacet
  facet normal 0.000000E+00 0.000000E+00 1.000000E+00
    outer loop
      vertex 4.527226E+01 5.070807E+01 1.500000E+01
      vertex 4.527226E+01 1.929193E+01 1.500000E+01
      vertex 4.599404E+01 1.865249E+01 1.500000E+01
    endloop
  endfacet
  facet normal 0.000000E+00 0.000000E+00 1.000000E+00
    outer loop
      vertex 4.527226E+01 5.070807E+01 1.500000E+01
      vertex 4.441842E+01 5.025993E+01 1.500000E+01
      vertex 3.825000E+01 4.350000E+01 1.500000E+01
    endloop
  endfacet
  facet normal 0.000000E+00 0.000000E+00 1.000000E+00
    outer loop
      vertex 8.989822E+01 5.920425E+01 1.500000E+01
      vertex 8.454182E+01 5.214111E+01 1.500000E+01
      vertex 8.454182E+01 1.785889E+01 1.500000E+01
    endloop
  endfacet
  facet normal 0.000000E+00 0.000000E+00 1.000000E+00
    outer loop
      vertex 8.829465E+01 6.097082E+01 1.500000E+01
      vertex 8.051785E+01 5.797084E+01 1.500000E+01
      vertex 8.808751E+01 6.077934E+01 1.500000E+01
    endloop
  endfacet
  facet normal 0.000000E+00 0.000000E+00 1.000000E+00
    outer loop
      vertex 7.800596E+01 1.865249E+01 1.500000E+01
      vertex 4.599404E+01 1.865249E+01 1.500000E+01
      vertex 4.654182E+01 1.785889E+01 1.500000E+01
    endloop
  endfacet
  facet normal 0.000000E+00 0.000000E+00 1.000000E+00
    outer loop
      vertex 7.800596E+01 1.865249E+01 1.500000E+01
      vertex 4.654182E+01 1.785889E+01 1.500000E+01
      vertex 7.745818E+01 1.785889E+01 1.500000E+01
    endloop
  endfacet
  facet normal 0.000000E+00 0.000000E+00 1.000000E+00
    outer loop
      vertex -3.510179E+01 9.204253E+00 1.500000E+01
      vertex -3.531832E+01 9.012420E+00 1.500000E+01
      vertex -3.900000E+01 3.330669E-15 1.500000E+01
    endloop
  endfacet
  facet normal 0.000000E+00 0.000000E+00 1.000000E+00
    outer loop
      vertex 9.006255E+01 5.944233E+01 1.500000E+01
      vertex 9.007331E+01 1.053666E+01 1.500000E+01
      vertex 9.014313E+01 1.036504E+01 1.500000E+01
    endloop
  endfacet
  facet normal 0.000000E+00 0.000000E+00 1.000000E+00
    outer loop
      vertex 9.006255E+01 5.944233E+01 1.500000E+01
      vertex 8.989822E+01 5.920425E+01 1.500000E+01
      vertex 8.991230E+01 1.077956E+01 1.500000E+01
    endloop
  endfacet
  facet normal 0.000000E+00 0.000000E+00 1.000000E+00
    outer loop
      vertex 9.006255E+01 5.944233E+01 1.500000E+01
      vertex 8.991230E+01 1.077956E+01 1.500000E+01
      vertex 9.007331E+01 1.053666E+01 1.500000E+01
    endloop
  endfacet
  facet normal 0.000000E+00 0.000000E+00 1.000000E+00
    outer loop
      vertex -3.493745E+01 9.442332E+00 1.500000E+01
      vertex -3.510179E+01 9.204253E+00 1.500000E+01
      vertex -3.900000E+01 3.330669E-15 1.500000E+01
    endloop
  endfacet
  facet normal 0.000000E+00 0.000000E+00 1.000000E+00
    outer loop
      vertex 8.810178E+01 9.204253E+00 1.500000E+01
      vertex 8.148215E+01 1.202916E+01 1.500000E+01
      vertex 8.051785E+01 1.202916E+01 1.500000E+01
    endloop
  endfacet
  facet normal 0.000000E+00 0.000000E+00 1.000000E+00
    outer loop
      vertex 9.016513E+01 5.971282E+01 1.500000E+01
      vertex 9.018570E+01 1.018472E+01 1.500000E+01
      vertex 9.300000E+01 3.330669E-15 1.500000E+01
    endloop
  endfacet
  facet normal 0.000000E+00 0.000000E+00 1.000000E+00
    outer loop
      vertex 9.016513E+01 5.971282E+01 1.500000E+01
      vertex 9.006255E+01 5.944233E+01 1.500000E+01
      vertex 9.014313E+01 1.036504E+01 1.500000E+01
    endloop
  endfacet
  facet normal 0.000000E+00 0.000000E+00 1.000000E+00
    outer loop
      vertex 9.016513E+01 5.971282E+01 1.500000E+01
      vertex 9.014313E+01 1.036504E+01 1.500000E+01
      vertex 9.018570E+01 1.018472E+01 1.500000E+01
    endloop
  endfacet
  facet normal 0.000000E+00 0.000000E+00 1.000000E+00
    outer loop
      vertex 8.831832E+01 9.012420E+00 1.500000E+01
      vertex 8.051785E+01 1.202916E+01 1.500000E+01
      vertex 9.300000E+01 3.330669E-15 1.500000E+01
    endloop
  endfacet
  facet normal 0.000000E+00 0.000000E+00 1.000000E+00
    outer loop
      vertex 8.831832E+01 9.012420E+00 1.500000E+01
      vertex 8.810178E+01 9.204253E+00 1.500000E+01
      vertex 8.051785E+01 1.202916E+01 1.500000E+01
    endloop
  endfacet
  facet normal 0.000000E+00 0.000000E+00 1.000000E+00
    outer loop
      vertex 4.599404E+01 5.134751E+01 1.500000E+01
      vertex 4.527226E+01 5.070807E+01 1.500000E+01
      vertex 4.599404E+01 1.865249E+01 1.500000E+01
    endloop
  endfacet
  facet normal 0.000000E+00 0.000000E+00 1.000000E+00
    outer loop
      vertex 4.599404E+01 5.134751E+01 1.500000E+01
      vertex 4.599404E+01 1.865249E+01 1.500000E+01
      vertex 7.800596E+01 1.865249E+01 1.500000E+01
    endloop
  endfacet
  facet normal 0.000000E+00 0.000000E+00 1.000000E+00
    outer loop
      vertex 8.793745E+01 9.442332E+00 1.500000E+01
      vertex 8.148215E+01 1.202916E+01 1.500000E+01
      vertex 8.810178E+01 9.204253E+00 1.500000E+01
    endloop
  endfacet
  facet normal 0.000000E+00 0.000000E+00 1.000000E+00
    outer loop
      vertex 8.793745E+01 9.442332E+00 1.500000E+01
      vertex 8.241842E+01 1.225994E+01 1.500000E+01
      vertex 8.148215E+01 1.202916E+01 1.500000E+01
    endloop
  endfacet
  facet normal 0.000000E+00 0.000000E+00 1.000000E+00
    outer loop
      vertex 9.300000E+01 7.000000E+01 1.500000E+01
      vertex 3.392553E+01 6.662202E+01 1.500000E+01
      vertex 3.418168E+01 6.648758E+01 1.500000E+01
    endloop
  endfacet
  facet normal 0.000000E+00 0.000000E+00 1.000000E+00
    outer loop
      vertex 9.300000E+01 7.000000E+01 1.500000E+01
      vertex 3.418168E+01 6.648758E+01 1.500000E+01
      vertex 3.439821E+01 6.629575E+01 1.500000E+01
    endloop
  endfacet
  facet normal 0.000000E+00 0.000000E+00 1.000000E+00
    outer loop
      vertex 9.300000E+01 7.000000E+01 1.500000E+01
      vertex 7.958158E+01 5.774007E+01 1.500000E+01
      vertex 8.051785E+01 5.797084E+01 1.500000E+01
    endloop
  endfacet
  facet normal 0.000000E+00 0.000000E+00 1.000000E+00
    outer loop
      vertex 9.300000E+01 7.000000E+01 1.500000E+01
      vertex 8.051785E+01 5.797084E+01 1.500000E+01
      vertex 8.829465E+01 6.097082E+01 1.500000E+01
    endloop
  endfacet
  facet normal 0.000000E+00 0.000000E+00 1.000000E+00
    outer loop
      vertex 3.302159E+01 6.439949E+01 1.500000E+01
      vertex 3.900000E+01 5.400000E+01 1.500000E+01
      vertex 3.911623E+01 5.495726E+01 1.500000E+01
    endloop
  endfacet
  facet normal 0.000000E+00 0.000000E+00 1.000000E+00
    outer loop
      vertex 9.300000E+01 7.000000E+01 1.500000E+01
      vertex 9.016513E+01 5.971282E+01 1.500000E+01
      vertex 9.300000E+01 3.330669E-15 1.500000E+01
    endloop
  endfacet
  facet normal 0.000000E+00 0.000000E+00 1.000000E+00
    outer loop
      vertex 9.300000E+01 7.000000E+01 1.500000E+01
      vertex 8.984853E+01 6.084853E+01 1.500000E+01
      vertex 8.999776E+01 6.066668E+01 1.500000E+01
    endloop
  endfacet
  facet normal 0.000000E+00 0.000000E+00 1.000000E+00
    outer loop
      vertex 3.302159E+01 6.439949E+01 1.500000E+01
      vertex 3.278123E+01 6.453908E+01 1.500000E+01
      vertex 3.900000E+01 5.400000E+01 1.500000E+01
    endloop
  endfacet
  facet normal 0.000000E+00 0.000000E+00 1.000000E+00
    outer loop
      vertex 9.300000E+01 7.000000E+01 1.500000E+01
      vertex 8.999776E+01 6.066668E+01 1.500000E+01
      vertex 9.010866E+01 6.045922E+01 1.500000E+01
    endloop
  endfacet
  facet normal 0.000000E+00 0.000000E+00 1.000000E+00
    outer loop
      vertex 9.300000E+01 7.000000E+01 1.500000E+01
      vertex 9.010866E+01 6.045922E+01 1.500000E+01
      vertex 9.017694E+01 6.023411E+01 1.500000E+01
    endloop
  endfacet
  facet normal 0.000000E+00 0.000000E+00 1.000000E+00
    outer loop
      vertex 9.300000E+01 7.000000E+01 1.500000E+01
      vertex 9.017694E+01 6.023411E+01 1.500000E+01
      vertex 9.020000E+01 6.000000E+01 1.500000E+01
    endloop
  endfacet
  facet normal 0.000000E+00 0.000000E+00 1.000000E+00
    outer loop
      vertex 9.300000E+01 7.000000E+01 1.500000E+01
      vertex 9.020000E+01 6.000000E+01 1.500000E+01
      vertex 9.016513E+01 5.971282E+01 1.500000E+01
    endloop
  endfacet
  facet normal 0.000000E+00 0.000000E+00 1.000000E+00
    outer loop
      vertex 9.300000E+01 7.000000E+01 1.500000E+01
      vertex 8.829465E+01 6.097082E+01 1.500000E+01
      vertex 8.854078E+01 6.110865E+01 1.500000E+01
    endloop
  endfacet
  facet normal 0.000000E+00 0.000000E+00 1.000000E+00
    outer loop
      vertex 9.300000E+01 7.000000E+01 1.500000E+01
      vertex 8.854078E+01 6.110865E+01 1.500000E+01
      vertex 8.881228E+01 6.118523E+01 1.500000E+01
    endloop
  endfacet
  facet normal 0.000000E+00 0.000000E+00 1.000000E+00
    outer loop
      vertex 8.857447E+01 8.877980E+00 1.500000E+01
      vertex 8.831832E+01 9.012420E+00 1.500000E+01
      vertex 9.300000E+01 3.330669E-15 1.500000E+01
    endloop
  endfacet
  facet normal 0.000000E+00 0.000000E+00 1.000000E+00
    outer loop
      vertex 9.300000E+01 7.000000E+01 1.500000E+01
      vertex 8.881228E+01 6.118523E+01 1.500000E+01
      vertex 8.909415E+01 6.119630E+01 1.500000E+01
    endloop
  endfacet
  facet normal 0.000000E+00 0.000000E+00 1.000000E+00
    outer loop
      vertex 9.300000E+01 7.000000E+01 1.500000E+01
      vertex 8.909415E+01 6.119630E+01 1.500000E+01
      vertex 8.937082E+01 6.114127E+01 1.500000E+01
    endloop
  endfacet
  facet normal 0.000000E+00 0.000000E+00 1.000000E+00
    outer loop
      vertex 9.300000E+01 7.000000E+01 1.500000E+01
      vertex 8.937082E+01 6.114127E+01 1.500000E+01
      vertex 8.962700E+01 6.102317E+01 1.500000E+01
    endloop
  endfacet
  facet normal 0.000000E+00 0.000000E+00 1.000000E+00
    outer loop
      vertex 8.783487E+01 9.712821E+00 1.500000E+01
      vertex 8.241842E+01 1.225994E+01 1.500000E+01
      vertex 8.793745E+01 9.442332E+00 1.500000E+01
    endloop
  endfacet
  facet normal 0.000000E+00 0.000000E+00 1.000000E+00
    outer loop
      vertex 9.300000E+01 7.000000E+01 1.500000E+01
      vertex 8.962700E+01 6.102317E+01 1.500000E+01
      vertex 8.984853E+01 6.084853E+01 1.500000E+01
    endloop
  endfacet
  facet normal 0.000000E+00 0.000000E+00 1.000000E+00
    outer loop
      vertex 9.300000E+01 7.000000E+01 1.500000E+01
      vertex 3.439821E+01 6.629575E+01 1.500000E+01
      vertex 7.958158E+01 5.774007E+01 1.500000E+01
    endloop
  endfacet
  facet normal 0.000000E+00 0.000000E+00 1.000000E+00
    outer loop
      vertex 3.825000E+01 2.400000E+01 1.500000E+01
      vertex 4.250000E+00 2.400000E+01 1.500000E+01
      vertex 4.250000E+00 2.000000E+01 1.500000E+01
    endloop
  endfacet
  facet normal 0.000000E+00 0.000000E+00 1.000000E+00
    outer loop
      vertex 3.825000E+01 2.400000E+01 1.500000E+01
      vertex 4.250000E+00 2.000000E+01 1.500000E+01
      vertex 3.911623E+01 1.695726E+01 1.500000E+01
    endloop
  endfacet
  facet normal 0.000000E+00 0.000000E+00 1.000000E+00
    outer loop
      vertex -7.750000E+00 2.000000E+01 1.500000E+01
      vertex -3.493745E+01 9.442332E+00 1.500000E+01
      vertex -3.900000E+01 3.330669E-15 1.500000E+01
    endloop
  endfacet
  facet normal 0.000000E+00 0.000000E+00 1.000000E+00
    outer loop
      vertex 3.911623E+01 1.695726E+01 1.500000E+01
      vertex 4.250000E+00 2.000000E+01 1.500000E+01
      vertex 3.900000E+01 1.600000E+01 1.500000E+01
    endloop
  endfacet
  facet normal 0.000000E+00 0.000000E+00 1.000000E+00
    outer loop
      vertex 3.900000E+01 1.600000E+01 1.500000E+01
      vertex 4.250000E+00 2.000000E+01 1.500000E+01
      vertex 3.279466E+01 5.470820E+00 1.500000E+01
    endloop
  endfacet
  facet normal 0.000000E+00 0.000000E+00 1.000000E+00
    outer loop
      vertex -7.750000E+00 2.000000E+01 1.500000E+01
      vertex -3.484876E+01 1.033860E+01 1.500000E+01
      vertex -3.482175E+01 1.022746E+01 1.500000E+01
    endloop
  endfacet
  facet normal 0.000000E+00 0.000000E+00 1.000000E+00
    outer loop
      vertex 3.279466E+01 5.470820E+00 1.500000E+01
      vertex 4.250000E+00 2.000000E+01 1.500000E+01
      vertex 3.258751E+01 5.279338E+00 1.500000E+01
    endloop
  endfacet
  facet normal 0.000000E+00 0.000000E+00 1.000000E+00
    outer loop
      vertex 3.233219E+01 6.522392E+01 1.500000E+01
      vertex 4.250000E+00 5.000000E+01 1.500000E+01
      vertex 3.242703E+01 6.496265E+01 1.500000E+01
    endloop
  endfacet
  facet normal 0.000000E+00 0.000000E+00 1.000000E+00
    outer loop
      vertex -7.750000E+00 2.000000E+01 1.500000E+01
      vertex -3.482175E+01 1.022746E+01 1.500000E+01
      vertex -3.480545E+01 1.011425E+01 1.500000E+01
    endloop
  endfacet
  facet normal 0.000000E+00 0.000000E+00 1.000000E+00
    outer loop
      vertex 3.258751E+01 5.279338E+00 1.500000E+01
      vertex 4.250000E+00 2.000000E+01 1.500000E+01
      vertex 3.243079E+01 5.044789E+00 1.500000E+01
    endloop
  endfacet
  facet normal 0.000000E+00 0.000000E+00 1.000000E+00
    outer loop
      vertex -7.750000E+00 2.000000E+01 1.500000E+01
      vertex -3.480545E+01 1.011425E+01 1.500000E+01
      vertex -3.480000E+01 1.000000E+01 1.500000E+01
    endloop
  endfacet
  facet normal 0.000000E+00 0.000000E+00 1.000000E+00
    outer loop
      vertex 4.250000E+00 4.600000E+01 1.500000E+01
      vertex 3.825000E+01 4.600000E+01 1.500000E+01
      vertex 4.250000E+00 5.000000E+01 1.500000E+01
    endloop
  endfacet
  facet normal 0.000000E+00 0.000000E+00 1.000000E+00
    outer loop
      vertex -7.750000E+00 2.000000E+01 1.500000E+01
      vertex -3.480000E+01 1.000000E+01 1.500000E+01
      vertex -3.483487E+01 9.712821E+00 1.500000E+01
    endloop
  endfacet
  facet normal -0.000000E+00 0.000000E+00 1.000000E+00
    outer loop
      vertex 4.250000E+00 5.000000E+01 1.500000E+01
      vertex 3.825000E+01 4.600000E+01 1.500000E+01
      vertex 3.911623E+01 5.304274E+01 1.500000E+01
    endloop
  endfacet
  facet normal 0.000000E+00 0.000000E+00 1.000000E+00
    outer loop
      vertex -7.750000E+00 2.000000E+01 1.500000E+01
      vertex -3.483487E+01 9.712821E+00 1.500000E+01
      vertex -3.493745E+01 9.442332E+00 1.500000E+01
    endloop
  endfacet
  facet normal 0.000000E+00 0.000000E+00 1.000000E+00
    outer loop
      vertex 4.250000E+00 5.000000E+01 1.500000E+01
      vertex 3.911623E+01 5.304274E+01 1.500000E+01
      vertex 3.900000E+01 5.400000E+01 1.500000E+01
    endloop
  endfacet
  facet normal 0.000000E+00 0.000000E+00 1.000000E+00
    outer loop
      vertex 4.250000E+00 5.000000E+01 1.500000E+01
      vertex 3.900000E+01 5.400000E+01 1.500000E+01
      vertex 3.278123E+01 6.453908E+01 1.500000E+01
    endloop
  endfacet
  facet normal 0.000000E+00 0.000000E+00 1.000000E+00
    outer loop
      vertex 4.250000E+00 5.000000E+01 1.500000E+01
      vertex 3.278123E+01 6.453908E+01 1.500000E+01
      vertex 3.257944E+01 6.473022E+01 1.500000E+01
    endloop
  endfacet
  facet normal 0.000000E+00 0.000000E+00 1.000000E+00
    outer loop
      vertex 4.250000E+00 5.000000E+01 1.500000E+01
      vertex 3.257944E+01 6.473022E+01 1.500000E+01
      vertex 3.242703E+01 6.496265E+01 1.500000E+01
    endloop
  endfacet
  facet normal 0.000000E+00 0.000000E+00 1.000000E+00
    outer loop
      vertex 9.300000E+01 7.000000E+01 1.500000E+01
      vertex -3.900000E+01 7.000000E+01 1.500000E+01
      vertex 3.335535E+01 6.669125E+01 1.500000E+01
    endloop
  endfacet
  facet normal 0.000000E+00 0.000000E+00 1.000000E+00
    outer loop
      vertex -7.750000E+00 2.000000E+01 1.500000E+01
      vertex -3.513183E+01 1.082842E+01 1.500000E+01
      vertex -3.496102E+01 1.060043E+01 1.500000E+01
    endloop
  endfacet
  facet normal 0.000000E+00 0.000000E+00 1.000000E+00
    outer loop
      vertex 3.335535E+01 6.669125E+01 1.500000E+01
      vertex -3.900000E+01 7.000000E+01 1.500000E+01
      vertex 3.307447E+01 6.662202E+01 1.500000E+01
    endloop
  endfacet
  facet normal 0.000000E+00 0.000000E+00 1.000000E+00
    outer loop
      vertex -7.750000E+00 2.000000E+01 1.500000E+01
      vertex -3.496102E+01 1.060043E+01 1.500000E+01
      vertex -3.484876E+01 1.033860E+01 1.500000E+01
    endloop
  endfacet
  facet normal 0.000000E+00 0.000000E+00 1.000000E+00
    outer loop
      vertex 9.300000E+01 7.000000E+01 1.500000E+01
      vertex 3.335535E+01 6.669125E+01 1.500000E+01
      vertex 3.364465E+01 6.669125E+01 1.500000E+01
    endloop
  endfacet
  facet normal 0.000000E+00 0.000000E+00 1.000000E+00
    outer loop
      vertex 3.328761E+01 6.431895E+01 1.500000E+01
      vertex 3.302159E+01 6.439949E+01 1.500000E+01
      vertex 3.911623E+01 5.495726E+01 1.500000E+01
    endloop
  endfacet
  facet normal 0.000000E+00 0.000000E+00 1.000000E+00
    outer loop
      vertex 9.300000E+01 7.000000E+01 1.500000E+01
      vertex 3.364465E+01 6.669125E+01 1.500000E+01
      vertex 3.392553E+01 6.662202E+01 1.500000E+01
    endloop
  endfacet
  facet normal 0.000000E+00 0.000000E+00 1.000000E+00
    outer loop
      vertex -3.900000E+01 7.000000E+01 1.500000E+01
      vertex -3.900000E+01 3.330669E-15 1.500000E+01
      vertex -3.716618E+01 1.028287E+01 1.500000E+01
    endloop
  endfacet
  facet normal 0.000000E+00 0.000000E+00 1.000000E+00
    outer loop
      vertex -3.900000E+01 7.000000E+01 1.500000E+01
      vertex -3.716618E+01 1.028287E+01 1.500000E+01
      vertex -3.716513E+01 5.971282E+01 1.500000E+01
    endloop
  endfacet
  facet normal 0.000000E+00 0.000000E+00 1.000000E+00
    outer loop
      vertex 8.885535E+01 8.808749E+00 1.500000E+01
      vertex 8.857447E+01 8.877980E+00 1.500000E+01
      vertex 9.300000E+01 3.330669E-15 1.500000E+01
    endloop
  endfacet
  facet normal 0.000000E+00 0.000000E+00 1.000000E+00
    outer loop
      vertex -7.750000E+00 2.700000E+01 1.500000E+01
      vertex -3.513183E+01 1.082842E+01 1.500000E+01
      vertex -7.750000E+00 2.000000E+01 1.500000E+01
    endloop
  endfacet
  facet normal 0.000000E+00 0.000000E+00 1.000000E+00
    outer loop
      vertex -3.900000E+01 3.330669E-15 1.500000E+01
      vertex 9.300000E+01 3.330669E-15 1.500000E+01
      vertex 3.364465E+01 3.308749E+00 1.500000E+01
    endloop
  endfacet
  facet normal 0.000000E+00 0.000000E+00 1.000000E+00
    outer loop
      vertex -3.900000E+01 3.330669E-15 1.500000E+01
      vertex 3.364465E+01 3.308749E+00 1.500000E+01
      vertex 3.335535E+01 3.308749E+00 1.500000E+01
    endloop
  endfacet
  facet normal 0.000000E+00 0.000000E+00 1.000000E+00
    outer loop
      vertex -7.750000E+00 2.700000E+01 1.500000E+01
      vertex -3.588625E+01 1.119460E+01 1.500000E+01
      vertex -3.560786E+01 1.113412E+01 1.500000E+01
    endloop
  endfacet
  facet normal 0.000000E+00 0.000000E+00 1.000000E+00
    outer loop
      vertex -7.750000E+00 2.700000E+01 1.500000E+01
      vertex -3.560786E+01 1.113412E+01 1.500000E+01
      vertex -3.535157E+01 1.100972E+01 1.500000E+01
    endloop
  endfacet
  facet normal 0.000000E+00 0.000000E+00 1.000000E+00
    outer loop
      vertex -7.750000E+00 2.700000E+01 1.500000E+01
      vertex -3.535157E+01 1.100972E+01 1.500000E+01
      vertex -3.513183E+01 1.082842E+01 1.500000E+01
    endloop
  endfacet
  facet normal 0.000000E+00 0.000000E+00 1.000000E+00
    outer loop
      vertex 8.780000E+01 1.000000E+01 1.500000E+01
      vertex 8.241842E+01 1.225994E+01 1.500000E+01
      vertex 8.783487E+01 9.712821E+00 1.500000E+01
    endloop
  endfacet
  facet normal 0.000000E+00 0.000000E+00 1.000000E+00
    outer loop
      vertex 8.780000E+01 1.000000E+01 1.500000E+01
      vertex 8.327226E+01 1.270806E+01 1.500000E+01
      vertex 8.241842E+01 1.225994E+01 1.500000E+01
    endloop
  endfacet
  facet normal 0.000000E+00 0.000000E+00 1.000000E+00
    outer loop
      vertex -3.689821E+01 5.920425E+01 1.500000E+01
      vertex -3.690699E+01 1.078573E+01 1.500000E+01
      vertex -3.669622E+01 1.097739E+01 1.500000E+01
    endloop
  endfacet
  facet normal 0.000000E+00 0.000000E+00 1.000000E+00
    outer loop
      vertex 3.230000E+01 6.550000E+01 1.500000E+01
      vertex 4.250000E+00 5.000000E+01 1.500000E+01
      vertex 3.233219E+01 6.522392E+01 1.500000E+01
    endloop
  endfacet
  facet normal 0.000000E+00 0.000000E+00 1.000000E+00
    outer loop
      vertex 3.356503E+01 6.430177E+01 1.500000E+01
      vertex 3.911623E+01 5.495726E+01 1.500000E+01
      vertex 3.945818E+01 5.585889E+01 1.500000E+01
    endloop
  endfacet
  facet normal 0.000000E+00 0.000000E+00 1.000000E+00
    outer loop
      vertex -3.668168E+01 5.901242E+01 1.500000E+01
      vertex -3.689821E+01 5.920425E+01 1.500000E+01
      vertex -3.669622E+01 1.097739E+01 1.500000E+01
    endloop
  endfacet
  facet normal 0.000000E+00 0.000000E+00 1.000000E+00
    outer loop
      vertex 3.356503E+01 6.430177E+01 1.500000E+01
      vertex 3.328761E+01 6.431895E+01 1.500000E+01
      vertex 3.911623E+01 5.495726E+01 1.500000E+01
    endloop
  endfacet
  facet normal 0.000000E+00 0.000000E+00 1.000000E+00
    outer loop
      vertex -3.668168E+01 5.901242E+01 1.500000E+01
      vertex -3.669622E+01 1.097739E+01 1.500000E+01
      vertex -3.644621E+01 1.111396E+01 1.500000E+01
    endloop
  endfacet
  facet normal 0.000000E+00 0.000000E+00 1.000000E+00
    outer loop
      vertex -3.706255E+01 5.944233E+01 1.500000E+01
      vertex -3.690699E+01 1.078573E+01 1.500000E+01
      vertex -3.689821E+01 5.920425E+01 1.500000E+01
    endloop
  endfacet
  facet normal 0.000000E+00 0.000000E+00 1.000000E+00
    outer loop
      vertex 8.914465E+01 8.808749E+00 1.500000E+01
      vertex 8.885535E+01 8.808749E+00 1.500000E+01
      vertex 9.300000E+01 3.330669E-15 1.500000E+01
    endloop
  endfacet
  facet normal 0.000000E+00 0.000000E+00 1.000000E+00
    outer loop
      vertex -3.706255E+01 5.944233E+01 1.500000E+01
      vertex -3.706664E+01 1.054979E+01 1.500000E+01
      vertex -3.690699E+01 1.078573E+01 1.500000E+01
    endloop
  endfacet
  facet normal 0.000000E+00 0.000000E+00 1.000000E+00
    outer loop
      vertex -3.642553E+01 5.887798E+01 1.500000E+01
      vertex -3.668168E+01 5.901242E+01 1.500000E+01
      vertex -3.644621E+01 1.111396E+01 1.500000E+01
    endloop
  endfacet
  facet normal 0.000000E+00 0.000000E+00 1.000000E+00
    outer loop
      vertex -3.642553E+01 5.887798E+01 1.500000E+01
      vertex -3.644621E+01 1.111396E+01 1.500000E+01
      vertex -3.617105E+01 1.118775E+01 1.500000E+01
    endloop
  endfacet
  facet normal 0.000000E+00 0.000000E+00 1.000000E+00
    outer loop
      vertex -3.716513E+01 5.971282E+01 1.500000E+01
      vertex -3.706664E+01 1.054979E+01 1.500000E+01
      vertex -3.706255E+01 5.944233E+01 1.500000E+01
    endloop
  endfacet
  facet normal 0.000000E+00 0.000000E+00 1.000000E+00
    outer loop
      vertex -3.716513E+01 5.971282E+01 1.500000E+01
      vertex -3.716618E+01 1.028287E+01 1.500000E+01
      vertex -3.706664E+01 1.054979E+01 1.500000E+01
    endloop
  endfacet
  facet normal 0.000000E+00 0.000000E+00 1.000000E+00
    outer loop
      vertex -3.614465E+01 5.880875E+01 1.500000E+01
      vertex -3.642553E+01 5.887798E+01 1.500000E+01
      vertex -3.617105E+01 1.118775E+01 1.500000E+01
    endloop
  endfacet
  facet normal 0.000000E+00 0.000000E+00 1.000000E+00
    outer loop
      vertex -3.614465E+01 5.880875E+01 1.500000E+01
      vertex -3.617105E+01 1.118775E+01 1.500000E+01
      vertex -3.588625E+01 1.119460E+01 1.500000E+01
    endloop
  endfacet
  facet normal 0.000000E+00 0.000000E+00 1.000000E+00
    outer loop
      vertex 3.233487E+01 6.578718E+01 1.500000E+01
      vertex 4.250000E+00 5.000000E+01 1.500000E+01
      vertex 3.230000E+01 6.550000E+01 1.500000E+01
    endloop
  endfacet
  facet normal 0.000000E+00 0.000000E+00 1.000000E+00
    outer loop
      vertex 8.783539E+01 1.028926E+01 1.500000E+01
      vertex 8.327226E+01 1.270806E+01 1.500000E+01
      vertex 8.780000E+01 1.000000E+01 1.500000E+01
    endloop
  endfacet
  facet normal 0.000000E+00 0.000000E+00 1.000000E+00
    outer loop
      vertex -3.585535E+01 5.880875E+01 1.500000E+01
      vertex -3.614465E+01 5.880875E+01 1.500000E+01
      vertex -3.588625E+01 1.119460E+01 1.500000E+01
    endloop
  endfacet
  facet normal 0.000000E+00 0.000000E+00 1.000000E+00
    outer loop
      vertex -3.585535E+01 5.880875E+01 1.500000E+01
      vertex -3.588625E+01 1.119460E+01 1.500000E+01
      vertex -7.750000E+00 2.700000E+01 1.500000E+01
    endloop
  endfacet
  facet normal 0.000000E+00 0.000000E+00 1.000000E+00
    outer loop
      vertex 8.783539E+01 1.028926E+01 1.500000E+01
      vertex 8.399404E+01 1.334751E+01 1.500000E+01
      vertex 8.327226E+01 1.270806E+01 1.500000E+01
    endloop
  endfacet
  facet normal 0.000000E+00 0.000000E+00 1.000000E+00
    outer loop
      vertex 3.383895E+01 6.434887E+01 1.500000E+01
      vertex 3.945818E+01 5.585889E+01 1.500000E+01
      vertex 4.000596E+01 5.665249E+01 1.500000E+01
    endloop
  endfacet
  facet normal 0.000000E+00 0.000000E+00 1.000000E+00
    outer loop
      vertex 3.383895E+01 6.434887E+01 1.500000E+01
      vertex 3.356503E+01 6.430177E+01 1.500000E+01
      vertex 3.945818E+01 5.585889E+01 1.500000E+01
    endloop
  endfacet
  facet normal 0.000000E+00 0.000000E+00 1.000000E+00
    outer loop
      vertex 8.942553E+01 8.877980E+00 1.500000E+01
      vertex 8.914465E+01 8.808749E+00 1.500000E+01
      vertex 9.300000E+01 3.330669E-15 1.500000E+01
    endloop
  endfacet
  facet normal 0.000000E+00 0.000000E+00 1.000000E+00
    outer loop
      vertex 3.243745E+01 6.605767E+01 1.500000E+01
      vertex 4.250000E+00 5.000000E+01 1.500000E+01
      vertex 3.233487E+01 6.578718E+01 1.500000E+01
    endloop
  endfacet
  facet normal 0.000000E+00 0.000000E+00 1.000000E+00
    outer loop
      vertex 8.793945E+01 1.056147E+01 1.500000E+01
      vertex 8.399404E+01 1.334751E+01 1.500000E+01
      vertex 8.783539E+01 1.028926E+01 1.500000E+01
    endloop
  endfacet
  facet normal 0.000000E+00 0.000000E+00 1.000000E+00
    outer loop
      vertex 3.409470E+01 6.445773E+01 1.500000E+01
      vertex 3.383895E+01 6.434887E+01 1.500000E+01
      vertex 4.000596E+01 5.665249E+01 1.500000E+01
    endloop
  endfacet
  facet normal 0.000000E+00 0.000000E+00 1.000000E+00
    outer loop
      vertex 8.968168E+01 9.012420E+00 1.500000E+01
      vertex 8.942553E+01 8.877980E+00 1.500000E+01
      vertex 9.300000E+01 3.330669E-15 1.500000E+01
    endloop
  endfacet
  facet normal 0.000000E+00 0.000000E+00 1.000000E+00
    outer loop
      vertex 3.260179E+01 6.629575E+01 1.500000E+01
      vertex -7.750000E+00 5.000000E+01 1.500000E+01
      vertex 4.250000E+00 5.000000E+01 1.500000E+01
    endloop
  endfacet
  facet normal 0.000000E+00 0.000000E+00 1.000000E+00
    outer loop
      vertex 3.260179E+01 6.629575E+01 1.500000E+01
      vertex 4.250000E+00 5.000000E+01 1.500000E+01
      vertex 3.243745E+01 6.605767E+01 1.500000E+01
    endloop
  endfacet
  facet normal 0.000000E+00 0.000000E+00 1.000000E+00
    outer loop
      vertex 3.260179E+01 6.629575E+01 1.500000E+01
      vertex -3.900000E+01 7.000000E+01 1.500000E+01
      vertex -7.750000E+00 5.000000E+01 1.500000E+01
    endloop
  endfacet
  facet normal 0.000000E+00 0.000000E+00 1.000000E+00
    outer loop
      vertex 8.810607E+01 1.080056E+01 1.500000E+01
      vertex 8.399404E+01 1.334751E+01 1.500000E+01
      vertex 8.793945E+01 1.056147E+01 1.500000E+01
    endloop
  endfacet
  facet normal 0.000000E+00 0.000000E+00 1.000000E+00
    outer loop
      vertex 8.810607E+01 1.080056E+01 1.500000E+01
      vertex 8.454182E+01 1.414111E+01 1.500000E+01
      vertex 8.399404E+01 1.334751E+01 1.500000E+01
    endloop
  endfacet
  facet normal 0.000000E+00 0.000000E+00 1.000000E+00
    outer loop
      vertex 3.431853E+01 6.462251E+01 1.500000E+01
      vertex 4.000596E+01 5.665249E+01 1.500000E+01
      vertex 4.072774E+01 5.729193E+01 1.500000E+01
    endloop
  endfacet
  facet normal 0.000000E+00 0.000000E+00 1.000000E+00
    outer loop
      vertex 3.431853E+01 6.462251E+01 1.500000E+01
      vertex 3.409470E+01 6.445773E+01 1.500000E+01
      vertex 4.000596E+01 5.665249E+01 1.500000E+01
    endloop
  endfacet
  facet normal 0.000000E+00 0.000000E+00 1.000000E+00
    outer loop
      vertex 8.989822E+01 9.204253E+00 1.500000E+01
      vertex 8.968168E+01 9.012420E+00 1.500000E+01
      vertex 9.300000E+01 3.330669E-15 1.500000E+01
    endloop
  endfacet
  facet normal 0.000000E+00 0.000000E+00 1.000000E+00
    outer loop
      vertex 3.281832E+01 6.648758E+01 1.500000E+01
      vertex -3.900000E+01 7.000000E+01 1.500000E+01
      vertex 3.260179E+01 6.629575E+01 1.500000E+01
    endloop
  endfacet
  facet normal 0.000000E+00 0.000000E+00 1.000000E+00
    outer loop
      vertex 8.832541E+01 1.099243E+01 1.500000E+01
      vertex 8.454182E+01 1.414111E+01 1.500000E+01
      vertex 8.810607E+01 1.080056E+01 1.500000E+01
    endloop
  endfacet
  facet normal 0.000000E+00 0.000000E+00 1.000000E+00
    outer loop
      vertex -3.900000E+01 7.000000E+01 1.500000E+01
      vertex -3.716513E+01 5.971282E+01 1.500000E+01
      vertex -3.720000E+01 6.000000E+01 1.500000E+01
    endloop
  endfacet
  facet normal 0.000000E+00 0.000000E+00 1.000000E+00
    outer loop
      vertex -3.900000E+01 7.000000E+01 1.500000E+01
      vertex -3.720000E+01 6.000000E+01 1.500000E+01
      vertex -3.716426E+01 6.029070E+01 1.500000E+01
    endloop
  endfacet
  facet normal 0.000000E+00 0.000000E+00 1.000000E+00
    outer loop
      vertex -3.900000E+01 7.000000E+01 1.500000E+01
      vertex -3.716426E+01 6.029070E+01 1.500000E+01
      vertex -3.705915E+01 6.056408E+01 1.500000E+01
    endloop
  endfacet
  facet normal 0.000000E+00 0.000000E+00 1.000000E+00
    outer loop
      vertex 3.449846E+01 6.483436E+01 1.500000E+01
      vertex 4.072774E+01 5.729193E+01 1.500000E+01
      vertex 4.158158E+01 5.774007E+01 1.500000E+01
    endloop
  endfacet
  facet normal 0.000000E+00 0.000000E+00 1.000000E+00
    outer loop
      vertex -3.900000E+01 7.000000E+01 1.500000E+01
      vertex -3.705915E+01 6.056408E+01 1.500000E+01
      vertex -3.689096E+01 6.080386E+01 1.500000E+01
    endloop
  endfacet
  facet normal 0.000000E+00 0.000000E+00 1.000000E+00
    outer loop
      vertex -3.900000E+01 7.000000E+01 1.500000E+01
      vertex -3.689096E+01 6.080386E+01 1.500000E+01
      vertex -3.666968E+01 6.099575E+01 1.500000E+01
    endloop
  endfacet
  facet normal 0.000000E+00 0.000000E+00 1.000000E+00
    outer loop
      vertex 3.449846E+01 6.483436E+01 1.500000E+01
      vertex 3.431853E+01 6.462251E+01 1.500000E+01
      vertex 4.072774E+01 5.729193E+01 1.500000E+01
    endloop
  endfacet
  facet normal 0.000000E+00 0.000000E+00 1.000000E+00
    outer loop
      vertex -3.900000E+01 7.000000E+01 1.500000E+01
      vertex -3.666968E+01 6.099575E+01 1.500000E+01
      vertex -3.640851E+01 6.112833E+01 1.500000E+01
    endloop
  endfacet
  facet normal 0.000000E+00 0.000000E+00 1.000000E+00
    outer loop
      vertex -3.900000E+01 7.000000E+01 1.500000E+01
      vertex -3.640851E+01 6.112833E+01 1.500000E+01
      vertex -3.612300E+01 6.119368E+01 1.500000E+01
    endloop
  endfacet
  facet normal 0.000000E+00 0.000000E+00 1.000000E+00
    outer loop
      vertex -3.900000E+01 7.000000E+01 1.500000E+01
      vertex -3.612300E+01 6.119368E+01 1.500000E+01
      vertex -3.583017E+01 6.118792E+01 1.500000E+01
    endloop
  endfacet
  facet normal 0.000000E+00 0.000000E+00 1.000000E+00
    outer loop
      vertex -3.900000E+01 7.000000E+01 1.500000E+01
      vertex -3.583017E+01 6.118792E+01 1.500000E+01
      vertex -3.554745E+01 6.111140E+01 1.500000E+01
    endloop
  endfacet
  facet normal 0.000000E+00 0.000000E+00 1.000000E+00
    outer loop
      vertex -3.900000E+01 7.000000E+01 1.500000E+01
      vertex -3.554745E+01 6.111140E+01 1.500000E+01
      vertex -3.529169E+01 6.096866E+01 1.500000E+01
    endloop
  endfacet
  facet normal 0.000000E+00 0.000000E+00 1.000000E+00
    outer loop
      vertex -3.900000E+01 7.000000E+01 1.500000E+01
      vertex -3.529169E+01 6.096866E+01 1.500000E+01
      vertex -3.507813E+01 6.076822E+01 1.500000E+01
    endloop
  endfacet
  facet normal 0.000000E+00 0.000000E+00 1.000000E+00
    outer loop
      vertex 9.006255E+01 9.442332E+00 1.500000E+01
      vertex 8.989822E+01 9.204253E+00 1.500000E+01
      vertex 9.300000E+01 3.330669E-15 1.500000E+01
    endloop
  endfacet
  facet normal 0.000000E+00 0.000000E+00 1.000000E+00
    outer loop
      vertex 3.460897E+01 6.504155E+01 1.500000E+01
      vertex 3.449846E+01 6.483436E+01 1.500000E+01
      vertex 4.158158E+01 5.774007E+01 1.500000E+01
    endloop
  endfacet
  facet normal 0.000000E+00 0.000000E+00 1.000000E+00
    outer loop
      vertex 3.307447E+01 6.662202E+01 1.500000E+01
      vertex -3.900000E+01 7.000000E+01 1.500000E+01
      vertex 3.281832E+01 6.648758E+01 1.500000E+01
    endloop
  endfacet
  facet normal 0.000000E+00 0.000000E+00 1.000000E+00
    outer loop
      vertex 4.250000E+00 3.050000E+01 1.500000E+01
      vertex -7.750000E+00 2.700000E+01 1.500000E+01
      vertex 4.250000E+00 2.700000E+01 1.500000E+01
    endloop
  endfacet
  facet normal 0.000000E+00 0.000000E+00 1.000000E+00
    outer loop
      vertex 8.858453E+01 1.112578E+01 1.500000E+01
      vertex 8.454182E+01 1.414111E+01 1.500000E+01
      vertex 8.832541E+01 1.099243E+01 1.500000E+01
    endloop
  endfacet
  facet normal 0.000000E+00 0.000000E+00 1.000000E+00
    outer loop
      vertex -7.750000E+00 4.300000E+01 1.500000E+01
      vertex -7.750000E+00 2.700000E+01 1.500000E+01
      vertex 4.250000E+00 3.050000E+01 1.500000E+01
    endloop
  endfacet
  facet normal 0.000000E+00 0.000000E+00 1.000000E+00
    outer loop
      vertex 9.016513E+01 9.712821E+00 1.500000E+01
      vertex 9.006255E+01 9.442332E+00 1.500000E+01
      vertex 9.300000E+01 3.330669E-15 1.500000E+01
    endloop
  endfacet
  facet normal 0.000000E+00 0.000000E+00 1.000000E+00
    outer loop
      vertex -7.750000E+00 4.300000E+01 1.500000E+01
      vertex -3.531832E+01 5.901242E+01 1.500000E+01
      vertex -3.557447E+01 5.887798E+01 1.500000E+01
    endloop
  endfacet
  facet normal 0.000000E+00 0.000000E+00 1.000000E+00
    outer loop
      vertex -7.750000E+00 4.300000E+01 1.500000E+01
      vertex -3.557447E+01 5.887798E+01 1.500000E+01
      vertex -3.585535E+01 5.880875E+01 1.500000E+01
    endloop
  endfacet
  facet normal 0.000000E+00 0.000000E+00 1.000000E+00
    outer loop
      vertex 8.488377E+01 1.504274E+01 1.500000E+01
      vertex 8.454182E+01 1.414111E+01 1.500000E+01
      vertex 8.858453E+01 1.112578E+01 1.500000E+01
    endloop
  endfacet
  facet normal 0.000000E+00 0.000000E+00 1.000000E+00
    outer loop
      vertex -7.750000E+00 4.300000E+01 1.500000E+01
      vertex -3.585535E+01 5.880875E+01 1.500000E+01
      vertex -7.750000E+00 2.700000E+01 1.500000E+01
    endloop
  endfacet
  facet normal 0.000000E+00 0.000000E+00 1.000000E+00
    outer loop
      vertex 3.260179E+01 3.704253E+00 1.500000E+01
      vertex 4.250000E+00 2.000000E+01 1.500000E+01
      vertex -7.750000E+00 2.000000E+01 1.500000E+01
    endloop
  endfacet
  facet normal 0.000000E+00 0.000000E+00 1.000000E+00
    outer loop
      vertex 3.260179E+01 3.704253E+00 1.500000E+01
      vertex -7.750000E+00 2.000000E+01 1.500000E+01
      vertex -3.900000E+01 3.330669E-15 1.500000E+01
    endloop
  endfacet
  facet normal 0.000000E+00 0.000000E+00 1.000000E+00
    outer loop
      vertex 3.281832E+01 3.512419E+00 1.500000E+01
      vertex 3.260179E+01 3.704253E+00 1.500000E+01
      vertex -3.900000E+01 3.330669E-15 1.500000E+01
    endloop
  endfacet
  facet normal 0.000000E+00 0.000000E+00 1.000000E+00
    outer loop
      vertex 3.467702E+01 6.526630E+01 1.500000E+01
      vertex 3.460897E+01 6.504155E+01 1.500000E+01
      vertex 4.158158E+01 5.774007E+01 1.500000E+01
    endloop
  endfacet
  facet normal 0.000000E+00 0.000000E+00 1.000000E+00
    outer loop
      vertex 3.243745E+01 3.942332E+00 1.500000E+01
      vertex 4.250000E+00 2.000000E+01 1.500000E+01
      vertex 3.260179E+01 3.704253E+00 1.500000E+01
    endloop
  endfacet
  facet normal 0.000000E+00 0.000000E+00 1.000000E+00
    outer loop
      vertex 3.307447E+01 3.377980E+00 1.500000E+01
      vertex 3.281832E+01 3.512419E+00 1.500000E+01
      vertex -3.900000E+01 3.330669E-15 1.500000E+01
    endloop
  endfacet
  facet normal 0.000000E+00 0.000000E+00 1.000000E+00
    outer loop
      vertex 8.886815E+01 1.119273E+01 1.500000E+01
      vertex 8.488377E+01 1.504274E+01 1.500000E+01
      vertex 8.858453E+01 1.112578E+01 1.500000E+01
    endloop
  endfacet
  facet normal 0.000000E+00 0.000000E+00 1.000000E+00
    outer loop
      vertex 3.233487E+01 4.212821E+00 1.500000E+01
      vertex 4.250000E+00 2.000000E+01 1.500000E+01
      vertex 3.243745E+01 3.942332E+00 1.500000E+01
    endloop
  endfacet
  facet normal 0.000000E+00 0.000000E+00 1.000000E+00
    outer loop
      vertex 9.020000E+01 1.000000E+01 1.500000E+01
      vertex 9.016513E+01 9.712821E+00 1.500000E+01
      vertex 9.300000E+01 3.330669E-15 1.500000E+01
    endloop
  endfacet
  facet normal 0.000000E+00 0.000000E+00 1.000000E+00
    outer loop
      vertex 3.335535E+01 3.308749E+00 1.500000E+01
      vertex 3.307447E+01 3.377980E+00 1.500000E+01
      vertex -3.900000E+01 3.330669E-15 1.500000E+01
    endloop
  endfacet
  facet normal 0.000000E+00 0.000000E+00 1.000000E+00
    outer loop
      vertex 3.230000E+01 4.500000E+00 1.500000E+01
      vertex 4.250000E+00 2.000000E+01 1.500000E+01
      vertex 3.233487E+01 4.212821E+00 1.500000E+01
    endloop
  endfacet
  facet normal 0.000000E+00 0.000000E+00 1.000000E+00
    outer loop
      vertex 9.018570E+01 1.018472E+01 1.500000E+01
      vertex 9.020000E+01 1.000000E+01 1.500000E+01
      vertex 9.300000E+01 3.330669E-15 1.500000E+01
    endloop
  endfacet
  facet normal 0.000000E+00 0.000000E+00 1.000000E+00
    outer loop
      vertex 3.233316E+01 4.780134E+00 1.500000E+01
      vertex 4.250000E+00 2.000000E+01 1.500000E+01
      vertex 3.230000E+01 4.500000E+00 1.500000E+01
    endloop
  endfacet
  facet normal 0.000000E+00 0.000000E+00 1.000000E+00
    outer loop
      vertex 4.251785E+01 5.797084E+01 1.500000E+01
      vertex 3.470000E+01 6.550000E+01 1.500000E+01
      vertex 3.467702E+01 6.526630E+01 1.500000E+01
    endloop
  endfacet
  facet normal 0.000000E+00 0.000000E+00 1.000000E+00
    outer loop
      vertex 4.251785E+01 5.797084E+01 1.500000E+01
      vertex 3.467702E+01 6.526630E+01 1.500000E+01
      vertex 4.158158E+01 5.774007E+01 1.500000E+01
    endloop
  endfacet
  facet normal 0.000000E+00 0.000000E+00 1.000000E+00
    outer loop
      vertex 3.243079E+01 5.044789E+00 1.500000E+01
      vertex 4.250000E+00 2.000000E+01 1.500000E+01
      vertex 3.233316E+01 4.780134E+00 1.500000E+01
    endloop
  endfacet
  facet normal 0.000000E+00 0.000000E+00 1.000000E+00
    outer loop
      vertex 8.500000E+01 1.600000E+01 1.500000E+01
      vertex 8.488377E+01 1.504274E+01 1.500000E+01
      vertex 8.886815E+01 1.119273E+01 1.500000E+01
    endloop
  endfacet
  facet normal 0.000000E+00 0.000000E+00 1.000000E+00
    outer loop
      vertex 8.500000E+01 1.600000E+01 1.500000E+01
      vertex 8.886815E+01 1.119273E+01 1.500000E+01
      vertex 8.915955E+01 1.118935E+01 1.500000E+01
    endloop
  endfacet
  facet normal 0.000000E+00 0.000000E+00 1.000000E+00
    outer loop
      vertex 8.500000E+01 1.600000E+01 1.500000E+01
      vertex 8.915955E+01 1.118935E+01 1.500000E+01
      vertex 8.944154E+01 1.111582E+01 1.500000E+01
    endloop
  endfacet
  facet normal 0.000000E+00 0.000000E+00 1.000000E+00
    outer loop
      vertex 4.348215E+01 5.797084E+01 1.500000E+01
      vertex 3.470000E+01 6.550000E+01 1.500000E+01
      vertex 4.251785E+01 5.797084E+01 1.500000E+01
    endloop
  endfacet
  facet normal 0.000000E+00 0.000000E+00 1.000000E+00
    outer loop
      vertex 4.348215E+01 5.797084E+01 1.500000E+01
      vertex 3.456255E+01 6.605767E+01 1.500000E+01
      vertex 3.466513E+01 6.578718E+01 1.500000E+01
    endloop
  endfacet
  facet normal 0.000000E+00 0.000000E+00 1.000000E+00
    outer loop
      vertex 4.348215E+01 5.797084E+01 1.500000E+01
      vertex 3.466513E+01 6.578718E+01 1.500000E+01
      vertex 3.470000E+01 6.550000E+01 1.500000E+01
    endloop
  endfacet
  facet normal 0.000000E+00 0.000000E+00 1.000000E+00
    outer loop
      vertex 8.488377E+01 1.695726E+01 1.500000E+01
      vertex 8.500000E+01 1.600000E+01 1.500000E+01
      vertex 8.944154E+01 1.111582E+01 1.500000E+01
    endloop
  endfacet
  facet normal 0.000000E+00 0.000000E+00 1.000000E+00
    outer loop
      vertex 8.488377E+01 1.695726E+01 1.500000E+01
      vertex 8.944154E+01 1.111582E+01 1.500000E+01
      vertex 8.969749E+01 1.097648E+01 1.500000E+01
    endloop
  endfacet
  facet normal 0.000000E+00 0.000000E+00 1.000000E+00
    outer loop
      vertex -7.750000E+00 5.000000E+01 1.500000E+01
      vertex -3.507813E+01 6.076822E+01 1.500000E+01
      vertex -3.492643E+01 6.053613E+01 1.500000E+01
    endloop
  endfacet
  facet normal 0.000000E+00 0.000000E+00 1.000000E+00
    outer loop
      vertex -7.750000E+00 5.000000E+01 1.500000E+01
      vertex -3.492643E+01 6.053613E+01 1.500000E+01
      vertex -3.483204E+01 6.027542E+01 1.500000E+01
    endloop
  endfacet
  facet normal 0.000000E+00 0.000000E+00 1.000000E+00
    outer loop
      vertex -7.750000E+00 5.000000E+01 1.500000E+01
      vertex -3.483204E+01 6.027542E+01 1.500000E+01
      vertex -3.480000E+01 6.000000E+01 1.500000E+01
    endloop
  endfacet
  facet normal 0.000000E+00 0.000000E+00 1.000000E+00
    outer loop
      vertex -7.750000E+00 5.000000E+01 1.500000E+01
      vertex -3.480000E+01 6.000000E+01 1.500000E+01
      vertex -3.483487E+01 5.971282E+01 1.500000E+01
    endloop
  endfacet
  facet normal 0.000000E+00 0.000000E+00 1.000000E+00
    outer loop
      vertex -7.750000E+00 5.000000E+01 1.500000E+01
      vertex -3.483487E+01 5.971282E+01 1.500000E+01
      vertex -3.493745E+01 5.944233E+01 1.500000E+01
    endloop
  endfacet
  facet normal 0.000000E+00 0.000000E+00 1.000000E+00
    outer loop
      vertex -7.750000E+00 5.000000E+01 1.500000E+01
      vertex -3.493745E+01 5.944233E+01 1.500000E+01
      vertex -3.510179E+01 5.920425E+01 1.500000E+01
    endloop
  endfacet
  facet normal 0.000000E+00 0.000000E+00 1.000000E+00
    outer loop
      vertex -7.750000E+00 5.000000E+01 1.500000E+01
      vertex -3.510179E+01 5.920425E+01 1.500000E+01
      vertex -3.531832E+01 5.901242E+01 1.500000E+01
    endloop
  endfacet
  facet normal 0.000000E+00 0.000000E+00 1.000000E+00
    outer loop
      vertex 4.441842E+01 5.774007E+01 1.500000E+01
      vertex 3.439821E+01 6.629575E+01 1.500000E+01
      vertex 3.456255E+01 6.605767E+01 1.500000E+01
    endloop
  endfacet
  facet normal 0.000000E+00 0.000000E+00 1.000000E+00
    outer loop
      vertex 4.441842E+01 5.774007E+01 1.500000E+01
      vertex 3.456255E+01 6.605767E+01 1.500000E+01
      vertex 4.348215E+01 5.797084E+01 1.500000E+01
    endloop
  endfacet
  facet normal 0.000000E+00 0.000000E+00 1.000000E+00
    outer loop
      vertex -7.750000E+00 5.000000E+01 1.500000E+01
      vertex -3.531832E+01 5.901242E+01 1.500000E+01
      vertex -7.750000E+00 4.300000E+01 1.500000E+01
    endloop
  endfacet
  facet normal 0.000000E+00 0.000000E+00 1.000000E+00
    outer loop
      vertex -7.750000E+00 5.000000E+01 1.500000E+01
      vertex -3.900000E+01 7.000000E+01 1.500000E+01
      vertex -3.507813E+01 6.076822E+01 1.500000E+01
    endloop
  endfacet
  facet normal 0.000000E+00 0.000000E+00 1.000000E+00
    outer loop
      vertex 8.454182E+01 1.785889E+01 1.500000E+01
      vertex 8.488377E+01 1.695726E+01 1.500000E+01
      vertex 8.969749E+01 1.097648E+01 1.500000E+01
    endloop
  endfacet
  facet normal 0.000000E+00 0.000000E+00 1.000000E+00
    outer loop
      vertex 4.250000E+00 3.950000E+01 1.500000E+01
      vertex -7.750000E+00 4.300000E+01 1.500000E+01
      vertex 4.250000E+00 3.050000E+01 1.500000E+01
    endloop
  endfacet
  facet normal 0.000000E+00 0.000000E+00 1.000000E+00
    outer loop
      vertex 8.454182E+01 1.785889E+01 1.500000E+01
      vertex 8.969749E+01 1.097648E+01 1.500000E+01
      vertex 8.991230E+01 1.077956E+01 1.500000E+01
    endloop
  endfacet
  facet normal 0.000000E+00 0.000000E+00 1.000000E+00
    outer loop
      vertex 4.250000E+00 4.300000E+01 1.500000E+01
      vertex -7.750000E+00 4.300000E+01 1.500000E+01
      vertex 4.250000E+00 3.950000E+01 1.500000E+01
    endloop
  endfacet
  facet normal 0.000000E+00 0.000000E+00 1.000000E+00
    outer loop
      vertex 9.250000E+00 3.950000E+01 1.500000E+01
      vertex 4.250000E+00 3.050000E+01 1.500000E+01
      vertex 9.250000E+00 3.050000E+01 1.500000E+01
    endloop
  endfacet
  facet normal 0.000000E+00 0.000000E+00 1.000000E+00
    outer loop
      vertex 9.250000E+00 3.950000E+01 1.500000E+01
      vertex 4.250000E+00 3.950000E+01 1.500000E+01
      vertex 4.250000E+00 3.050000E+01 1.500000E+01
    endloop
  endfacet
  facet normal 0.000000E+00 0.000000E+00 1.000000E+00
    outer loop
      vertex 4.527226E+01 5.729193E+01 1.500000E+01
      vertex 3.439821E+01 6.629575E+01 1.500000E+01
      vertex 4.441842E+01 5.774007E+01 1.500000E+01
    endloop
  endfacet
  facet normal 0.000000E+00 0.000000E+00 1.000000E+00
    outer loop
      vertex 4.000596E+01 1.334751E+01 1.500000E+01
      vertex 3.387082E+01 5.641268E+00 1.500000E+01
      vertex 3.412700E+01 5.523168E+00 1.500000E+01
    endloop
  endfacet
  facet normal 0.000000E+00 0.000000E+00 1.000000E+00
    outer loop
      vertex 4.072774E+01 1.270806E+01 1.500000E+01
      vertex 3.434853E+01 5.348528E+00 1.500000E+01
      vertex 3.449776E+01 5.166684E+00 1.500000E+01
    endloop
  endfacet
  facet normal 0.000000E+00 0.000000E+00 1.000000E+00
    outer loop
      vertex 7.800596E+01 5.134751E+01 1.500000E+01
      vertex 4.599404E+01 5.134751E+01 1.500000E+01
      vertex 7.800596E+01 1.865249E+01 1.500000E+01
    endloop
  endfacet
  facet normal 0.000000E+00 0.000000E+00 1.000000E+00
    outer loop
      vertex 4.072774E+01 1.270806E+01 1.500000E+01
      vertex 3.412700E+01 5.523168E+00 1.500000E+01
      vertex 3.434853E+01 5.348528E+00 1.500000E+01
    endloop
  endfacet
  facet normal 0.000000E+00 0.000000E+00 1.000000E+00
    outer loop
      vertex 4.072774E+01 1.270806E+01 1.500000E+01
      vertex 4.000596E+01 1.334751E+01 1.500000E+01
      vertex 3.412700E+01 5.523168E+00 1.500000E+01
    endloop
  endfacet
  facet normal 0.000000E+00 0.000000E+00 1.000000E+00
    outer loop
      vertex 3.945818E+01 1.414111E+01 1.500000E+01
      vertex 3.331228E+01 5.685226E+00 1.500000E+01
      vertex 3.359415E+01 5.696301E+00 1.500000E+01
    endloop
  endfacet
  facet normal 0.000000E+00 0.000000E+00 1.000000E+00
    outer loop
      vertex 3.945818E+01 1.414111E+01 1.500000E+01
      vertex 3.359415E+01 5.696301E+00 1.500000E+01
      vertex 3.387082E+01 5.641268E+00 1.500000E+01
    endloop
  endfacet
  facet normal 0.000000E+00 0.000000E+00 1.000000E+00
    outer loop
      vertex 3.945818E+01 1.414111E+01 1.500000E+01
      vertex 3.387082E+01 5.641268E+00 1.500000E+01
      vertex 4.000596E+01 1.334751E+01 1.500000E+01
    endloop
  endfacet
  facet normal 0.000000E+00 0.000000E+00 1.000000E+00
    outer loop
      vertex 7.800596E+01 5.134751E+01 1.500000E+01
      vertex 7.800596E+01 1.865249E+01 1.500000E+01
      vertex 7.872774E+01 1.929193E+01 1.500000E+01
    endloop
  endfacet
  facet normal 0.000000E+00 0.000000E+00 1.000000E+00
    outer loop
      vertex 4.158158E+01 1.225994E+01 1.500000E+01
      vertex 3.449776E+01 5.166684E+00 1.500000E+01
      vertex 3.460865E+01 4.959220E+00 1.500000E+01
    endloop
  endfacet
  facet normal 0.000000E+00 0.000000E+00 1.000000E+00
    outer loop
      vertex 4.158158E+01 1.225994E+01 1.500000E+01
      vertex 3.460865E+01 4.959220E+00 1.500000E+01
      vertex 3.467694E+01 4.734108E+00 1.500000E+01
    endloop
  endfacet
  facet normal 0.000000E+00 0.000000E+00 1.000000E+00
    outer loop
      vertex 7.872774E+01 5.070807E+01 1.500000E+01
      vertex 7.800596E+01 5.134751E+01 1.500000E+01
      vertex 7.872774E+01 1.929193E+01 1.500000E+01
    endloop
  endfacet
  facet normal 0.000000E+00 0.000000E+00 1.000000E+00
    outer loop
      vertex 4.158158E+01 1.225994E+01 1.500000E+01
      vertex 4.072774E+01 1.270806E+01 1.500000E+01
      vertex 3.449776E+01 5.166684E+00 1.500000E+01
    endloop
  endfacet
  facet normal 0.000000E+00 0.000000E+00 1.000000E+00
    outer loop
      vertex 7.872774E+01 5.070807E+01 1.500000E+01
      vertex 7.872774E+01 1.929193E+01 1.500000E+01
      vertex 7.958158E+01 1.974006E+01 1.500000E+01
    endloop
  endfacet
  facet normal 0.000000E+00 0.000000E+00 1.000000E+00
    outer loop
      vertex 3.911623E+01 1.504274E+01 1.500000E+01
      vertex 3.304078E+01 5.608655E+00 1.500000E+01
      vertex 3.331228E+01 5.685226E+00 1.500000E+01
    endloop
  endfacet
  facet normal 0.000000E+00 0.000000E+00 1.000000E+00
    outer loop
      vertex 7.745818E+01 5.214111E+01 1.500000E+01
      vertex 4.654182E+01 5.214111E+01 1.500000E+01
      vertex 4.599404E+01 5.134751E+01 1.500000E+01
    endloop
  endfacet
  facet normal 0.000000E+00 0.000000E+00 1.000000E+00
    outer loop
      vertex 7.745818E+01 5.214111E+01 1.500000E+01
      vertex 4.688377E+01 5.304274E+01 1.500000E+01
      vertex 4.654182E+01 5.214111E+01 1.500000E+01
    endloop
  endfacet
  facet normal 0.000000E+00 0.000000E+00 1.000000E+00
    outer loop
      vertex 3.911623E+01 1.504274E+01 1.500000E+01
      vertex 3.331228E+01 5.685226E+00 1.500000E+01
      vertex 3.945818E+01 1.414111E+01 1.500000E+01
    endloop
  endfacet
  facet normal 0.000000E+00 0.000000E+00 1.000000E+00
    outer loop
      vertex 7.745818E+01 5.214111E+01 1.500000E+01
      vertex 4.599404E+01 5.134751E+01 1.500000E+01
      vertex 7.800596E+01 5.134751E+01 1.500000E+01
    endloop
  endfacet
  facet normal 0.000000E+00 0.000000E+00 1.000000E+00
    outer loop
      vertex 4.251785E+01 1.202916E+01 1.500000E+01
      vertex 3.467694E+01 4.734108E+00 1.500000E+01
      vertex 3.470000E+01 4.500000E+00 1.500000E+01
    endloop
  endfacet
  facet normal 0.000000E+00 0.000000E+00 1.000000E+00
    outer loop
      vertex 7.958158E+01 5.025993E+01 1.500000E+01
      vertex 7.872774E+01 5.070807E+01 1.500000E+01
      vertex 7.958158E+01 1.974006E+01 1.500000E+01
    endloop
  endfacet
  facet normal 0.000000E+00 0.000000E+00 1.000000E+00
    outer loop
      vertex 4.251785E+01 1.202916E+01 1.500000E+01
      vertex 4.158158E+01 1.225994E+01 1.500000E+01
      vertex 3.467694E+01 4.734108E+00 1.500000E+01
    endloop
  endfacet
  facet normal 0.000000E+00 0.000000E+00 1.000000E+00
    outer loop
      vertex 7.958158E+01 5.025993E+01 1.500000E+01
      vertex 7.958158E+01 1.974006E+01 1.500000E+01
      vertex 8.051785E+01 1.997083E+01 1.500000E+01
    endloop
  endfacet
  facet normal 0.000000E+00 0.000000E+00 1.000000E+00
    outer loop
      vertex 1.125000E+01 4.350000E+01 1.500000E+01
      vertex 9.250000E+00 3.050000E+01 1.500000E+01
      vertex 1.125000E+01 2.650000E+01 1.500000E+01
    endloop
  endfacet
  facet normal 0.000000E+00 0.000000E+00 1.000000E+00
    outer loop
      vertex 1.125000E+01 4.350000E+01 1.500000E+01
      vertex 9.250000E+00 3.950000E+01 1.500000E+01
      vertex 9.250000E+00 3.050000E+01 1.500000E+01
    endloop
  endfacet
  facet normal 0.000000E+00 0.000000E+00 1.000000E+00
    outer loop
      vertex 7.711623E+01 5.304274E+01 1.500000E+01
      vertex 4.688377E+01 5.304274E+01 1.500000E+01
      vertex 7.745818E+01 5.214111E+01 1.500000E+01
    endloop
  endfacet
  facet normal 0.000000E+00 0.000000E+00 1.000000E+00
    outer loop
      vertex 3.900000E+01 1.600000E+01 1.500000E+01
      vertex 3.279466E+01 5.470820E+00 1.500000E+01
      vertex 3.304078E+01 5.608655E+00 1.500000E+01
    endloop
  endfacet
  facet normal 0.000000E+00 0.000000E+00 1.000000E+00
    outer loop
      vertex 3.900000E+01 1.600000E+01 1.500000E+01
      vertex 3.304078E+01 5.608655E+00 1.500000E+01
      vertex 3.911623E+01 1.504274E+01 1.500000E+01
    endloop
  endfacet
  facet normal 0.000000E+00 0.000000E+00 1.000000E+00
    outer loop
      vertex 4.348215E+01 1.202916E+01 1.500000E+01
      vertex 3.470000E+01 4.500000E+00 1.500000E+01
      vertex 3.466513E+01 4.212821E+00 1.500000E+01
    endloop
  endfacet
  facet normal 0.000000E+00 0.000000E+00 1.000000E+00
    outer loop
      vertex 4.348215E+01 1.202916E+01 1.500000E+01
      vertex 3.466513E+01 4.212821E+00 1.500000E+01
      vertex 3.456255E+01 3.942332E+00 1.500000E+01
    endloop
  endfacet
  facet normal 0.000000E+00 0.000000E+00 1.000000E+00
    outer loop
      vertex 8.051785E+01 5.002916E+01 1.500000E+01
      vertex 7.958158E+01 5.025993E+01 1.500000E+01
      vertex 8.051785E+01 1.997083E+01 1.500000E+01
    endloop
  endfacet
  facet normal 0.000000E+00 0.000000E+00 1.000000E+00
    outer loop
      vertex 4.348215E+01 1.202916E+01 1.500000E+01
      vertex 4.251785E+01 1.202916E+01 1.500000E+01
      vertex 3.470000E+01 4.500000E+00 1.500000E+01
    endloop
  endfacet
  facet normal 0.000000E+00 0.000000E+00 1.000000E+00
    outer loop
      vertex 8.051785E+01 5.002916E+01 1.500000E+01
      vertex 8.051785E+01 1.997083E+01 1.500000E+01
      vertex 8.148215E+01 1.997083E+01 1.500000E+01
    endloop
  endfacet
  facet normal 0.000000E+00 0.000000E+00 1.000000E+00
    outer loop
      vertex 7.700000E+01 5.400000E+01 1.500000E+01
      vertex 4.700000E+01 5.400000E+01 1.500000E+01
      vertex 4.688377E+01 5.304274E+01 1.500000E+01
    endloop
  endfacet
  facet normal 0.000000E+00 0.000000E+00 1.000000E+00
    outer loop
      vertex 4.441842E+01 1.225994E+01 1.500000E+01
      vertex 3.456255E+01 3.942332E+00 1.500000E+01
      vertex 3.439821E+01 3.704253E+00 1.500000E+01
    endloop
  endfacet
  facet normal 0.000000E+00 0.000000E+00 1.000000E+00
    outer loop
      vertex 4.441842E+01 1.225994E+01 1.500000E+01
      vertex 4.348215E+01 1.202916E+01 1.500000E+01
      vertex 3.456255E+01 3.942332E+00 1.500000E+01
    endloop
  endfacet
  facet normal 0.000000E+00 0.000000E+00 1.000000E+00
    outer loop
      vertex 7.700000E+01 5.400000E+01 1.500000E+01
      vertex 4.688377E+01 5.304274E+01 1.500000E+01
      vertex 7.711623E+01 5.304274E+01 1.500000E+01
    endloop
  endfacet
  facet normal 0.000000E+00 0.000000E+00 1.000000E+00
    outer loop
      vertex 4.527226E+01 1.270806E+01 1.500000E+01
      vertex 4.441842E+01 1.225994E+01 1.500000E+01
      vertex 3.439821E+01 3.704253E+00 1.500000E+01
    endloop
  endfacet
  facet normal 0.000000E+00 0.000000E+00 1.000000E+00
    outer loop
      vertex 8.148215E+01 5.002916E+01 1.500000E+01
      vertex 8.051785E+01 5.002916E+01 1.500000E+01
      vertex 8.148215E+01 1.997083E+01 1.500000E+01
    endloop
  endfacet
  facet normal 0.000000E+00 0.000000E+00 1.000000E+00
    outer loop
      vertex 8.148215E+01 5.002916E+01 1.500000E+01
      vertex 8.148215E+01 1.997083E+01 1.500000E+01
      vertex 8.241842E+01 1.974006E+01 1.500000E+01
    endloop
  endfacet
  facet normal 0.000000E+00 0.000000E+00 1.000000E+00
    outer loop
      vertex 7.711623E+01 5.495726E+01 1.500000E+01
      vertex 4.700000E+01 5.400000E+01 1.500000E+01
      vertex 7.700000E+01 5.400000E+01 1.500000E+01
    endloop
  endfacet
  facet normal 0.000000E+00 0.000000E+00 1.000000E+00
    outer loop
      vertex 7.711623E+01 5.495726E+01 1.500000E+01
      vertex 4.688377E+01 5.495726E+01 1.500000E+01
      vertex 4.700000E+01 5.400000E+01 1.500000E+01
    endloop
  endfacet
  facet normal 0.000000E+00 0.000000E+00 1.000000E+00
    outer loop
      vertex 8.241842E+01 5.025993E+01 1.500000E+01
      vertex 8.241842E+01 1.974006E+01 1.500000E+01
      vertex 8.327226E+01 1.929193E+01 1.500000E+01
    endloop
  endfacet
  facet normal 0.000000E+00 0.000000E+00 1.000000E+00
    outer loop
      vertex 8.241842E+01 5.025993E+01 1.500000E+01
      vertex 8.148215E+01 5.002916E+01 1.500000E+01
      vertex 8.241842E+01 1.974006E+01 1.500000E+01
    endloop
  endfacet
  facet normal 0.000000E+00 0.000000E+00 1.000000E+00
    outer loop
      vertex 3.825000E+01 2.400000E+01 1.500000E+01
      vertex 4.072774E+01 1.929193E+01 1.500000E+01
      vertex 4.158158E+01 1.974006E+01 1.500000E+01
    endloop
  endfacet
  facet normal 0.000000E+00 0.000000E+00 1.000000E+00
    outer loop
      vertex 3.825000E+01 2.400000E+01 1.500000E+01
      vertex 4.000596E+01 1.865249E+01 1.500000E+01
      vertex 4.072774E+01 1.929193E+01 1.500000E+01
    endloop
  endfacet
  facet normal 0.000000E+00 0.000000E+00 1.000000E+00
    outer loop
      vertex 7.745818E+01 5.585889E+01 1.500000E+01
      vertex 4.688377E+01 5.495726E+01 1.500000E+01
      vertex 7.711623E+01 5.495726E+01 1.500000E+01
    endloop
  endfacet
  facet normal 0.000000E+00 0.000000E+00 1.000000E+00
    outer loop
      vertex 3.825000E+01 2.400000E+01 1.500000E+01
      vertex 3.945818E+01 1.785889E+01 1.500000E+01
      vertex 4.000596E+01 1.865249E+01 1.500000E+01
    endloop
  endfacet
  facet normal 0.000000E+00 0.000000E+00 1.000000E+00
    outer loop
      vertex 7.745818E+01 5.585889E+01 1.500000E+01
      vertex 4.654182E+01 5.585889E+01 1.500000E+01
      vertex 4.688377E+01 5.495726E+01 1.500000E+01
    endloop
  endfacet
  facet normal 0.000000E+00 0.000000E+00 1.000000E+00
    outer loop
      vertex 3.825000E+01 2.400000E+01 1.500000E+01
      vertex 3.911623E+01 1.695726E+01 1.500000E+01
      vertex 3.945818E+01 1.785889E+01 1.500000E+01
    endloop
  endfacet
  facet normal 0.000000E+00 0.000000E+00 1.000000E+00
    outer loop
      vertex 8.327226E+01 5.070807E+01 1.500000E+01
      vertex 8.241842E+01 5.025993E+01 1.500000E+01
      vertex 8.327226E+01 1.929193E+01 1.500000E+01
    endloop
  endfacet
  facet normal 0.000000E+00 0.000000E+00 1.000000E+00
    outer loop
      vertex 4.251785E+01 1.997083E+01 1.500000E+01
      vertex 3.825000E+01 2.400000E+01 1.500000E+01
      vertex 4.158158E+01 1.974006E+01 1.500000E+01
    endloop
  endfacet
  facet normal 0.000000E+00 0.000000E+00 1.000000E+00
    outer loop
      vertex 8.327226E+01 5.070807E+01 1.500000E+01
      vertex 8.327226E+01 1.929193E+01 1.500000E+01
      vertex 8.399404E+01 1.865249E+01 1.500000E+01
    endloop
  endfacet
  facet normal 0.000000E+00 0.000000E+00 1.000000E+00
    outer loop
      vertex 7.800596E+01 5.665249E+01 1.500000E+01
      vertex 4.599404E+01 5.665249E+01 1.500000E+01
      vertex 4.654182E+01 5.585889E+01 1.500000E+01
    endloop
  endfacet
  facet normal 0.000000E+00 0.000000E+00 1.000000E+00
    outer loop
      vertex 4.348215E+01 1.997083E+01 1.500000E+01
      vertex 3.825000E+01 2.400000E+01 1.500000E+01
      vertex 4.251785E+01 1.997083E+01 1.500000E+01
    endloop
  endfacet
  facet normal 0.000000E+00 0.000000E+00 1.000000E+00
    outer loop
      vertex 7.800596E+01 5.665249E+01 1.500000E+01
      vertex 4.654182E+01 5.585889E+01 1.500000E+01
      vertex 7.745818E+01 5.585889E+01 1.500000E+01
    endloop
  endfacet
  facet normal 0.000000E+00 0.000000E+00 1.000000E+00
    outer loop
      vertex 8.399404E+01 5.134751E+01 1.500000E+01
      vertex 8.327226E+01 5.070807E+01 1.500000E+01
      vertex 8.399404E+01 1.865249E+01 1.500000E+01
    endloop
  endfacet
  facet normal 0.000000E+00 0.000000E+00 1.000000E+00
    outer loop
      vertex 8.399404E+01 5.134751E+01 1.500000E+01
      vertex 8.399404E+01 1.865249E+01 1.500000E+01
      vertex 8.454182E+01 1.785889E+01 1.500000E+01
    endloop
  endfacet
  facet normal 0.000000E+00 0.000000E+00 1.000000E+00
    outer loop
      vertex 7.872774E+01 5.729193E+01 1.500000E+01
      vertex 4.527226E+01 5.729193E+01 1.500000E+01
      vertex 4.599404E+01 5.665249E+01 1.500000E+01
    endloop
  endfacet
  facet normal 0.000000E+00 0.000000E+00 1.000000E+00
    outer loop
      vertex 7.872774E+01 5.729193E+01 1.500000E+01
      vertex 4.599404E+01 5.665249E+01 1.500000E+01
      vertex 7.800596E+01 5.665249E+01 1.500000E+01
    endloop
  endfacet
  facet normal 0.000000E+00 0.000000E+00 1.000000E+00
    outer loop
      vertex 7.872774E+01 5.729193E+01 1.500000E+01
      vertex 3.439821E+01 6.629575E+01 1.500000E+01
      vertex 4.527226E+01 5.729193E+01 1.500000E+01
    endloop
  endfacet
  facet normal 0.000000E+00 0.000000E+00 1.000000E+00
    outer loop
      vertex 8.454182E+01 5.214111E+01 1.500000E+01
      vertex 8.399404E+01 5.134751E+01 1.500000E+01
      vertex 8.454182E+01 1.785889E+01 1.500000E+01
    endloop
  endfacet
  facet normal 0.000000E+00 0.000000E+00 1.000000E+00
    outer loop
      vertex 7.958158E+01 5.774007E+01 1.500000E+01
      vertex 3.439821E+01 6.629575E+01 1.500000E+01
      vertex 7.872774E+01 5.729193E+01 1.500000E+01
    endloop
  endfacet
  facet normal 0.000000E+00 0.000000E+00 1.000000E+00
    outer loop
      vertex 3.825000E+01 2.650000E+01 1.500000E+01
      vertex 3.825000E+01 2.400000E+01 1.500000E+01
      vertex 4.348215E+01 1.997083E+01 1.500000E+01
    endloop
  endfacet
  facet normal 0.000000E+00 0.000000E+00 1.000000E+00
    outer loop
      vertex 3.825000E+01 2.650000E+01 1.500000E+01
      vertex 4.441842E+01 1.974006E+01 1.500000E+01
      vertex 4.527226E+01 1.929193E+01 1.500000E+01
    endloop
  endfacet
  facet normal 0.000000E+00 0.000000E+00 1.000000E+00
    outer loop
      vertex 3.825000E+01 2.650000E+01 1.500000E+01
      vertex 4.348215E+01 1.997083E+01 1.500000E+01
      vertex 4.441842E+01 1.974006E+01 1.500000E+01
    endloop
  endfacet
  facet normal 0.000000E+00 0.000000E+00 1.000000E+00
    outer loop
      vertex 3.825000E+01 4.350000E+01 1.500000E+01
      vertex 1.125000E+01 2.650000E+01 1.500000E+01
      vertex 3.825000E+01 2.650000E+01 1.500000E+01
    endloop
  endfacet
  facet normal 0.000000E+00 0.000000E+00 1.000000E+00
    outer loop
      vertex 3.825000E+01 4.350000E+01 1.500000E+01
      vertex 1.125000E+01 4.350000E+01 1.500000E+01
      vertex 1.125000E+01 2.650000E+01 1.500000E+01
    endloop
  endfacet
  facet normal 0.000000E+00 0.000000E+00 1.000000E+00
    outer loop
      vertex 7.872774E+01 1.270806E+01 1.500000E+01
      vertex 4.527226E+01 1.270806E+01 1.500000E+01
      vertex 3.439821E+01 3.704253E+00 1.500000E+01
    endloop
  endfacet
  facet normal 0.000000E+00 0.000000E+00 1.000000E+00
    outer loop
      vertex 7.872774E+01 1.270806E+01 1.500000E+01
      vertex 7.800596E+01 1.334751E+01 1.500000E+01
      vertex 4.599404E+01 1.334751E+01 1.500000E+01
    endloop
  endfacet
  facet normal 0.000000E+00 0.000000E+00 1.000000E+00
    outer loop
      vertex 7.872774E+01 1.270806E+01 1.500000E+01
      vertex 4.599404E+01 1.334751E+01 1.500000E+01
      vertex 4.527226E+01 1.270806E+01 1.500000E+01
    endloop
  endfacet
  facet normal 0.000000E+00 0.000000E+00 1.000000E+00
    outer loop
      vertex 4.072774E+01 5.070807E+01 1.500000E+01
      vertex 4.000596E+01 5.134751E+01 1.500000E+01
      vertex 3.825000E+01 4.600000E+01 1.500000E+01
    endloop
  endfacet
  facet normal 0.000000E+00 0.000000E+00 1.000000E+00
    outer loop
      vertex 8.810178E+01 5.920425E+01 1.500000E+01
      vertex 8.399404E+01 5.665249E+01 1.500000E+01
      vertex 8.454182E+01 5.585889E+01 1.500000E+01
    endloop
  endfacet
  facet normal 0.000000E+00 0.000000E+00 1.000000E+00
    outer loop
      vertex 7.745818E+01 1.414111E+01 1.500000E+01
      vertex 4.599404E+01 1.334751E+01 1.500000E+01
      vertex 7.800596E+01 1.334751E+01 1.500000E+01
    endloop
  endfacet
  facet normal 0.000000E+00 0.000000E+00 1.000000E+00
    outer loop
      vertex 7.745818E+01 1.414111E+01 1.500000E+01
      vertex 4.654182E+01 1.414111E+01 1.500000E+01
      vertex 4.599404E+01 1.334751E+01 1.500000E+01
    endloop
  endfacet
  facet normal 0.000000E+00 0.000000E+00 1.000000E+00
    outer loop
      vertex 7.745818E+01 1.414111E+01 1.500000E+01
      vertex 4.688377E+01 1.504274E+01 1.500000E+01
      vertex 4.654182E+01 1.414111E+01 1.500000E+01
    endloop
  endfacet
  facet normal 0.000000E+00 0.000000E+00 1.000000E+00
    outer loop
      vertex 3.945818E+01 5.214111E+01 1.500000E+01
      vertex 3.825000E+01 4.600000E+01 1.500000E+01
      vertex 4.000596E+01 5.134751E+01 1.500000E+01
    endloop
  endfacet
  facet normal 0.000000E+00 0.000000E+00 1.000000E+00
    outer loop
      vertex 8.831832E+01 5.901242E+01 1.500000E+01
      vertex 8.810178E+01 5.920425E+01 1.500000E+01
      vertex 8.454182E+01 5.585889E+01 1.500000E+01
    endloop
  endfacet
  facet normal 0.000000E+00 0.000000E+00 1.000000E+00
    outer loop
      vertex 7.958158E+01 1.225994E+01 1.500000E+01
      vertex 7.872774E+01 1.270806E+01 1.500000E+01
      vertex 3.439821E+01 3.704253E+00 1.500000E+01
    endloop
  endfacet
  facet normal 0.000000E+00 0.000000E+00 1.000000E+00
    outer loop
      vertex 4.158158E+01 5.025993E+01 1.500000E+01
      vertex 4.072774E+01 5.070807E+01 1.500000E+01
      vertex 3.825000E+01 4.600000E+01 1.500000E+01
    endloop
  endfacet
  facet normal 0.000000E+00 0.000000E+00 1.000000E+00
    outer loop
      vertex 8.793745E+01 5.944233E+01 1.500000E+01
      vertex 8.399404E+01 5.665249E+01 1.500000E+01
      vertex 8.810178E+01 5.920425E+01 1.500000E+01
    endloop
  endfacet
  facet normal 0.000000E+00 0.000000E+00 1.000000E+00
    outer loop
      vertex 7.711623E+01 1.504274E+01 1.500000E+01
      vertex 4.688377E+01 1.504274E+01 1.500000E+01
      vertex 7.745818E+01 1.414111E+01 1.500000E+01
    endloop
  endfacet
  facet normal 0.000000E+00 0.000000E+00 1.000000E+00
    outer loop
      vertex 8.857447E+01 5.887798E+01 1.500000E+01
      vertex 8.831832E+01 5.901242E+01 1.500000E+01
      vertex 8.454182E+01 5.585889E+01 1.500000E+01
    endloop
  endfacet
  facet normal 0.000000E+00 0.000000E+00 1.000000E+00
    outer loop
      vertex 8.857447E+01 5.887798E+01 1.500000E+01
      vertex 8.454182E+01 5.585889E+01 1.500000E+01
      vertex 8.488377E+01 5.495726E+01 1.500000E+01
    endloop
  endfacet
  facet normal 0.000000E+00 0.000000E+00 1.000000E+00
    outer loop
      vertex 3.911623E+01 5.304274E+01 1.500000E+01
      vertex 3.825000E+01 4.600000E+01 1.500000E+01
      vertex 3.945818E+01 5.214111E+01 1.500000E+01
    endloop
  endfacet
  facet normal 0.000000E+00 0.000000E+00 1.000000E+00
    outer loop
      vertex 8.783487E+01 5.971282E+01 1.500000E+01
      vertex 8.399404E+01 5.665249E+01 1.500000E+01
      vertex 8.793745E+01 5.944233E+01 1.500000E+01
    endloop
  endfacet
  facet normal 0.000000E+00 0.000000E+00 1.000000E+00
    outer loop
      vertex 8.783487E+01 5.971282E+01 1.500000E+01
      vertex 8.327226E+01 5.729193E+01 1.500000E+01
      vertex 8.399404E+01 5.665249E+01 1.500000E+01
    endloop
  endfacet
  facet normal 0.000000E+00 0.000000E+00 1.000000E+00
    outer loop
      vertex 4.251785E+01 5.002916E+01 1.500000E+01
      vertex 4.158158E+01 5.025993E+01 1.500000E+01
      vertex 3.825000E+01 4.600000E+01 1.500000E+01
    endloop
  endfacet
  facet normal 0.000000E+00 0.000000E+00 1.000000E+00
    outer loop
      vertex 8.885535E+01 5.880875E+01 1.500000E+01
      vertex 8.857447E+01 5.887798E+01 1.500000E+01
      vertex 8.488377E+01 5.495726E+01 1.500000E+01
    endloop
  endfacet
  facet normal 0.000000E+00 0.000000E+00 1.000000E+00
    outer loop
      vertex 8.885535E+01 5.880875E+01 1.500000E+01
      vertex 8.488377E+01 5.495726E+01 1.500000E+01
      vertex 8.500000E+01 5.400000E+01 1.500000E+01
    endloop
  endfacet
  facet normal 0.000000E+00 0.000000E+00 1.000000E+00
    outer loop
      vertex 7.700000E+01 1.600000E+01 1.500000E+01
      vertex 4.688377E+01 1.504274E+01 1.500000E+01
      vertex 7.711623E+01 1.504274E+01 1.500000E+01
    endloop
  endfacet
  facet normal 0.000000E+00 0.000000E+00 1.000000E+00
    outer loop
      vertex 7.700000E+01 1.600000E+01 1.500000E+01
      vertex 4.700000E+01 1.600000E+01 1.500000E+01
      vertex 4.688377E+01 1.504274E+01 1.500000E+01
    endloop
  endfacet
  facet normal 0.000000E+00 0.000000E+00 1.000000E+00
    outer loop
      vertex 9.300000E+01 3.330669E-15 1.500000E+01
      vertex 3.439821E+01 3.704253E+00 1.500000E+01
      vertex 3.418168E+01 3.512419E+00 1.500000E+01
    endloop
  endfacet
  facet normal 0.000000E+00 0.000000E+00 1.000000E+00
    outer loop
      vertex 9.300000E+01 3.330669E-15 1.500000E+01
      vertex 3.418168E+01 3.512419E+00 1.500000E+01
      vertex 3.392553E+01 3.377980E+00 1.500000E+01
    endloop
  endfacet
  facet normal 0.000000E+00 0.000000E+00 1.000000E+00
    outer loop
      vertex 8.780000E+01 6.000000E+01 1.500000E+01
      vertex 8.327226E+01 5.729193E+01 1.500000E+01
      vertex 8.783487E+01 5.971282E+01 1.500000E+01
    endloop
  endfacet
  facet normal 0.000000E+00 0.000000E+00 1.000000E+00
    outer loop
      vertex 9.300000E+01 3.330669E-15 1.500000E+01
      vertex 3.392553E+01 3.377980E+00 1.500000E+01
      vertex 3.364465E+01 3.308749E+00 1.500000E+01
    endloop
  endfacet
  facet normal 0.000000E+00 0.000000E+00 1.000000E+00
    outer loop
      vertex 8.780000E+01 6.000000E+01 1.500000E+01
      vertex 8.241842E+01 5.774007E+01 1.500000E+01
      vertex 8.327226E+01 5.729193E+01 1.500000E+01
    endloop
  endfacet
  facet normal 0.000000E+00 0.000000E+00 1.000000E+00
    outer loop
      vertex 9.300000E+01 3.330669E-15 1.500000E+01
      vertex 7.958158E+01 1.225994E+01 1.500000E+01
      vertex 3.439821E+01 3.704253E+00 1.500000E+01
    endloop
  endfacet
  facet normal 0.000000E+00 0.000000E+00 1.000000E+00
    outer loop
      vertex 9.300000E+01 3.330669E-15 1.500000E+01
      vertex 8.051785E+01 1.202916E+01 1.500000E+01
      vertex 7.958158E+01 1.225994E+01 1.500000E+01
    endloop
  endfacet
  facet normal 0.000000E+00 0.000000E+00 1.000000E+00
    outer loop
      vertex 8.914465E+01 5.880875E+01 1.500000E+01
      vertex 8.885535E+01 5.880875E+01 1.500000E+01
      vertex 8.500000E+01 5.400000E+01 1.500000E+01
    endloop
  endfacet
  facet normal 9.927089E-01 -1.205369E-01 0.000000E+00
    outer loop
      vertex 6.340000E+00 2.700000E+01 1.300000E+01
      vertex 6.366443E+00 2.721778E+01 1.300000E+01
      vertex 6.340000E+00 2.700000E+01 1.900000E+01
    endloop
  endfacet
  facet normal 9.927089E-01 -1.205369E-01 0.000000E+00
    outer loop
      vertex 6.340000E+00 2.700000E+01 1.900000E+01
      vertex 6.366443E+00 2.721778E+01 1.300000E+01
      vertex 6.366443E+00 2.721778E+01 1.900000E+01
    endloop
  endfacet
  facet normal 9.350164E-01 -3.546045E-01 0.000000E+00
    outer loop
      vertex 6.366443E+00 2.721778E+01 1.900000E+01
      vertex 6.366443E+00 2.721778E+01 1.300000E+01
      vertex 6.444235E+00 2.742290E+01 1.900000E+01
    endloop
  endfacet
  facet normal 8.229839E-01 -5.680647E-01 0.000000E+00
    outer loop
      vertex 6.444235E+00 2.742290E+01 1.900000E+01
      vertex 6.444235E+00 2.742290E+01 1.300000E+01
      vertex 6.568855E+00 2.760344E+01 1.900000E+01
    endloop
  endfacet
  facet normal 9.350164E-01 -3.546045E-01 0.000000E+00
    outer loop
      vertex 6.366443E+00 2.721778E+01 1.300000E+01
      vertex 6.444235E+00 2.742290E+01 1.300000E+01
      vertex 6.444235E+00 2.742290E+01 1.900000E+01
    endloop
  endfacet
  facet normal 6.631217E-01 -7.485116E-01 0.000000E+00
    outer loop
      vertex 6.568855E+00 2.760344E+01 1.900000E+01
      vertex 6.568855E+00 2.760344E+01 1.300000E+01
      vertex 6.733061E+00 2.774891E+01 1.900000E+01
    endloop
  endfacet
  facet normal 8.229839E-01 -5.680647E-01 0.000000E+00
    outer loop
      vertex 6.444235E+00 2.742290E+01 1.300000E+01
      vertex 6.568855E+00 2.760344E+01 1.300000E+01
      vertex 6.568855E+00 2.760344E+01 1.900000E+01
    endloop
  endfacet
  facet normal 4.647245E-01 -8.854553E-01 0.000000E+00
    outer loop
      vertex 6.733061E+00 2.774891E+01 1.900000E+01
      vertex 6.733061E+00 2.774891E+01 1.300000E+01
      vertex 6.927310E+00 2.785086E+01 1.900000E+01
    endloop
  endfacet
  facet normal 6.631217E-01 -7.485116E-01 0.000000E+00
    outer loop
      vertex 6.568855E+00 2.760344E+01 1.300000E+01
      vertex 6.733061E+00 2.774891E+01 1.300000E+01
      vertex 6.733061E+00 2.774891E+01 1.900000E+01
    endloop
  endfacet
  facet normal 2.393133E-01 -9.709424E-01 0.000000E+00
    outer loop
      vertex 6.927310E+00 2.785086E+01 1.900000E+01
      vertex 6.927310E+00 2.785086E+01 1.300000E+01
      vertex 7.140312E+00 2.790336E+01 1.900000E+01
    endloop
  endfacet
  facet normal 4.647245E-01 -8.854553E-01 0.000000E+00
    outer loop
      vertex 6.733061E+00 2.774891E+01 1.300000E+01
      vertex 6.927310E+00 2.785086E+01 1.300000E+01
      vertex 6.927310E+00 2.785086E+01 1.900000E+01
    endloop
  endfacet
  facet normal 0.000000E+00 -1.000000E+00 0.000000E+00
    outer loop
      vertex 7.140312E+00 2.790336E+01 1.900000E+01
      vertex 7.140312E+00 2.790336E+01 1.300000E+01
      vertex 7.359688E+00 2.790336E+01 1.900000E+01
    endloop
  endfacet
  facet normal 2.393133E-01 -9.709424E-01 0.000000E+00
    outer loop
      vertex 6.927310E+00 2.785086E+01 1.300000E+01
      vertex 7.140312E+00 2.790336E+01 1.300000E+01
      vertex 7.140312E+00 2.790336E+01 1.900000E+01
    endloop
  endfacet
  facet normal -2.393133E-01 -9.709424E-01 -0.000000E+00
    outer loop
      vertex 7.359688E+00 2.790336E+01 1.900000E+01
      vertex 7.359688E+00 2.790336E+01 1.300000E+01
      vertex 7.572690E+00 2.785086E+01 1.900000E+01
    endloop
  endfacet
  facet normal 0.000000E+00 -1.000000E+00 0.000000E+00
    outer loop
      vertex 7.140312E+00 2.790336E+01 1.300000E+01
      vertex 7.359688E+00 2.790336E+01 1.300000E+01
      vertex 7.359688E+00 2.790336E+01 1.900000E+01
    endloop
  endfacet
  facet normal -4.647245E-01 -8.854553E-01 -0.000000E+00
    outer loop
      vertex 7.572690E+00 2.785086E+01 1.900000E+01
      vertex 7.572690E+00 2.785086E+01 1.300000E+01
      vertex 7.766939E+00 2.774891E+01 1.900000E+01
    endloop
  endfacet
  facet normal -2.393133E-01 -9.709424E-01 0.000000E+00
    outer loop
      vertex 7.359688E+00 2.790336E+01 1.300000E+01
      vertex 7.572690E+00 2.785086E+01 1.300000E+01
      vertex 7.572690E+00 2.785086E+01 1.900000E+01
    endloop
  endfacet
  facet normal -6.631217E-01 -7.485116E-01 -0.000000E+00
    outer loop
      vertex 7.766939E+00 2.774891E+01 1.900000E+01
      vertex 7.766939E+00 2.774891E+01 1.300000E+01
      vertex 7.931145E+00 2.760344E+01 1.900000E+01
    endloop
  endfacet
  facet normal -4.647245E-01 -8.854553E-01 0.000000E+00
    outer loop
      vertex 7.572690E+00 2.785086E+01 1.300000E+01
      vertex 7.766939E+00 2.774891E+01 1.300000E+01
      vertex 7.766939E+00 2.774891E+01 1.900000E+01
    endloop
  endfacet
  facet normal -8.229839E-01 -5.680647E-01 -0.000000E+00
    outer loop
      vertex 7.931145E+00 2.760344E+01 1.900000E+01
      vertex 7.931145E+00 2.760344E+01 1.300000E+01
      vertex 8.055765E+00 2.742290E+01 1.900000E+01
    endloop
  endfacet
  facet normal -6.631217E-01 -7.485116E-01 0.000000E+00
    outer loop
      vertex 7.766939E+00 2.774891E+01 1.300000E+01
      vertex 7.931145E+00 2.760344E+01 1.300000E+01
      vertex 7.931145E+00 2.760344E+01 1.900000E+01
    endloop
  endfacet
  facet normal -9.350157E-01 -3.546064E-01 -0.000000E+00
    outer loop
      vertex 8.055765E+00 2.742290E+01 1.900000E+01
      vertex 8.055765E+00 2.742290E+01 1.300000E+01
      vertex 8.133557E+00 2.721778E+01 1.900000E+01
    endloop
  endfacet
  facet normal -8.229839E-01 -5.680647E-01 0.000000E+00
    outer loop
      vertex 7.931145E+00 2.760344E+01 1.300000E+01
      vertex 8.055765E+00 2.742290E+01 1.300000E+01
      vertex 8.055765E+00 2.742290E+01 1.900000E+01
    endloop
  endfacet
  facet normal -9.927091E-01 -1.205348E-01 -0.000000E+00
    outer loop
      vertex 8.133557E+00 2.721778E+01 1.900000E+01
      vertex 8.133557E+00 2.721778E+01 1.300000E+01
      vertex 8.160000E+00 2.700000E+01 1.900000E+01
    endloop
  endfacet
  facet normal -9.350157E-01 -3.546064E-01 0.000000E+00
    outer loop
      vertex 8.055765E+00 2.742290E+01 1.300000E+01
      vertex 8.133557E+00 2.721778E+01 1.300000E+01
      vertex 8.133557E+00 2.721778E+01 1.900000E+01
    endloop
  endfacet
  facet normal -9.927091E-01 -1.205348E-01 0.000000E+00
    outer loop
      vertex 8.133557E+00 2.721778E+01 1.300000E+01
      vertex 8.160000E+00 2.700000E+01 1.300000E+01
      vertex 8.160000E+00 2.700000E+01 1.900000E+01
    endloop
  endfacet
  facet normal 0.000000E+00 0.000000E+00 1.000000E+00
    outer loop
      vertex 7.985281E+00 2.646384E+01 1.300000E+01
      vertex 6.340000E+00 2.700000E+01 1.300000E+01
      vertex 6.363617E+00 2.679403E+01 1.300000E+01
    endloop
  endfacet
  facet normal 0.000000E+00 0.000000E+00 1.000000E+00
    outer loop
      vertex 7.985281E+00 2.646384E+01 1.300000E+01
      vertex 6.363617E+00 2.679403E+01 1.300000E+01
      vertex 6.433241E+00 2.659875E+01 1.300000E+01
    endloop
  endfacet
  facet normal 0.000000E+00 0.000000E+00 1.000000E+00
    outer loop
      vertex 7.985281E+00 2.646384E+01 1.300000E+01
      vertex 6.433241E+00 2.659875E+01 1.300000E+01
      vertex 6.545260E+00 2.642429E+01 1.300000E+01
    endloop
  endfacet
  facet normal 0.000000E+00 0.000000E+00 1.000000E+00
    outer loop
      vertex 7.985281E+00 2.646384E+01 1.300000E+01
      vertex 6.545260E+00 2.642429E+01 1.300000E+01
      vertex 6.693858E+00 2.627972E+01 1.300000E+01
    endloop
  endfacet
  facet normal 0.000000E+00 0.000000E+00 1.000000E+00
    outer loop
      vertex 7.985281E+00 2.646384E+01 1.300000E+01
      vertex 6.693858E+00 2.627972E+01 1.300000E+01
      vertex 6.871323E+00 2.617253E+01 1.300000E+01
    endloop
  endfacet
  facet normal 0.000000E+00 0.000000E+00 1.000000E+00
    outer loop
      vertex 7.985281E+00 2.646384E+01 1.300000E+01
      vertex 6.871323E+00 2.617253E+01 1.300000E+01
      vertex 7.068442E+00 2.610830E+01 1.300000E+01
    endloop
  endfacet
  facet normal 0.000000E+00 0.000000E+00 1.000000E+00
    outer loop
      vertex 7.985281E+00 2.646384E+01 1.300000E+01
      vertex 7.068442E+00 2.610830E+01 1.300000E+01
      vertex 7.274986E+00 2.609034E+01 1.300000E+01
    endloop
  endfacet
  facet normal 0.000000E+00 0.000000E+00 1.000000E+00
    outer loop
      vertex 7.985281E+00 2.646384E+01 1.300000E+01
      vertex 7.274986E+00 2.609034E+01 1.300000E+01
      vertex 7.480233E+00 2.611961E+01 1.300000E+01
    endloop
  endfacet
  facet normal 0.000000E+00 0.000000E+00 1.000000E+00
    outer loop
      vertex 7.985281E+00 2.646384E+01 1.300000E+01
      vertex 7.480233E+00 2.611961E+01 1.300000E+01
      vertex 7.673529E+00 2.619457E+01 1.300000E+01
    endloop
  endfacet
  facet normal 0.000000E+00 0.000000E+00 1.000000E+00
    outer loop
      vertex 7.985281E+00 2.646384E+01 1.300000E+01
      vertex 7.673529E+00 2.619457E+01 1.300000E+01
      vertex 7.844842E+00 2.631133E+01 1.300000E+01
    endloop
  endfacet
  facet normal 0.000000E+00 0.000000E+00 1.000000E+00
    outer loop
      vertex 8.140005E+00 2.681029E+01 1.300000E+01
      vertex 7.985281E+00 2.646384E+01 1.300000E+01
      vertex 8.080899E+00 2.662891E+01 1.300000E+01
    endloop
  endfacet
  facet normal 0.000000E+00 0.000000E+00 1.000000E+00
    outer loop
      vertex 8.160000E+00 2.700000E+01 1.300000E+01
      vertex 7.985281E+00 2.646384E+01 1.300000E+01
      vertex 8.140005E+00 2.681029E+01 1.300000E+01
    endloop
  endfacet
  facet normal 0.000000E+00 0.000000E+00 1.000000E+00
    outer loop
      vertex 8.133557E+00 2.721778E+01 1.300000E+01
      vertex 7.985281E+00 2.646384E+01 1.300000E+01
      vertex 8.160000E+00 2.700000E+01 1.300000E+01
    endloop
  endfacet
  facet normal 0.000000E+00 0.000000E+00 1.000000E+00
    outer loop
      vertex 7.572690E+00 2.785086E+01 1.300000E+01
      vertex 7.359688E+00 2.790336E+01 1.300000E+01
      vertex 7.140312E+00 2.790336E+01 1.300000E+01
    endloop
  endfacet
  facet normal 0.000000E+00 0.000000E+00 1.000000E+00
    outer loop
      vertex 7.572690E+00 2.785086E+01 1.300000E+01
      vertex 7.140312E+00 2.790336E+01 1.300000E+01
      vertex 6.927310E+00 2.785086E+01 1.300000E+01
    endloop
  endfacet
  facet normal 0.000000E+00 0.000000E+00 1.000000E+00
    outer loop
      vertex 7.572690E+00 2.785086E+01 1.300000E+01
      vertex 6.927310E+00 2.785086E+01 1.300000E+01
      vertex 6.733061E+00 2.774891E+01 1.300000E+01
    endloop
  endfacet
  facet normal 0.000000E+00 0.000000E+00 1.000000E+00
    outer loop
      vertex 7.572690E+00 2.785086E+01 1.300000E+01
      vertex 6.733061E+00 2.774891E+01 1.300000E+01
      vertex 6.568855E+00 2.760344E+01 1.300000E+01
    endloop
  endfacet
  facet normal 0.000000E+00 0.000000E+00 1.000000E+00
    outer loop
      vertex 7.572690E+00 2.785086E+01 1.300000E+01
      vertex 6.568855E+00 2.760344E+01 1.300000E+01
      vertex 6.444235E+00 2.742290E+01 1.300000E+01
    endloop
  endfacet
  facet normal 0.000000E+00 0.000000E+00 1.000000E+00
    outer loop
      vertex 7.572690E+00 2.785086E+01 1.300000E+01
      vertex 6.444235E+00 2.742290E+01 1.300000E+01
      vertex 6.366443E+00 2.721778E+01 1.300000E+01
    endloop
  endfacet
  facet normal 0.000000E+00 0.000000E+00 1.000000E+00
    outer loop
      vertex 7.572690E+00 2.785086E+01 1.300000E+01
      vertex 6.366443E+00 2.721778E+01 1.300000E+01
      vertex 6.340000E+00 2.700000E+01 1.300000E+01
    endloop
  endfacet
  facet normal 0.000000E+00 0.000000E+00 1.000000E+00
    outer loop
      vertex 7.572690E+00 2.785086E+01 1.300000E+01
      vertex 6.340000E+00 2.700000E+01 1.300000E+01
      vertex 7.985281E+00 2.646384E+01 1.300000E+01
    endloop
  endfacet
  facet normal 0.000000E+00 0.000000E+00 1.000000E+00
    outer loop
      vertex 7.931145E+00 2.760344E+01 1.300000E+01
      vertex 8.133557E+00 2.721778E+01 1.300000E+01
      vertex 8.055765E+00 2.742290E+01 1.300000E+01
    endloop
  endfacet
  facet normal 0.000000E+00 0.000000E+00 1.000000E+00
    outer loop
      vertex 7.931145E+00 2.760344E+01 1.300000E+01
      vertex 7.766939E+00 2.774891E+01 1.300000E+01
      vertex 7.572690E+00 2.785086E+01 1.300000E+01
    endloop
  endfacet
  facet normal 0.000000E+00 0.000000E+00 1.000000E+00
    outer loop
      vertex 7.931145E+00 2.760344E+01 1.300000E+01
      vertex 7.572690E+00 2.785086E+01 1.300000E+01
      vertex 7.985281E+00 2.646384E+01 1.300000E+01
    endloop
  endfacet
  facet normal 0.000000E+00 0.000000E+00 1.000000E+00
    outer loop
      vertex 7.931145E+00 2.760344E+01 1.300000E+01
      vertex 7.985281E+00 2.646384E+01 1.300000E+01
      vertex 8.133557E+00 2.721778E+01 1.300000E+01
    endloop
  endfacet
  facet normal 9.927089E-01 -1.205369E-01 0.000000E+00
    outer loop
      vertex 6.340000E+00 4.300000E+01 1.300000E+01
      vertex 6.366443E+00 4.321778E+01 1.300000E+01
      vertex 6.340000E+00 4.300000E+01 1.900000E+01
    endloop
  endfacet
  facet normal 9.927089E-01 -1.205369E-01 0.000000E+00
    outer loop
      vertex 6.340000E+00 4.300000E+01 1.900000E+01
      vertex 6.366443E+00 4.321778E+01 1.300000E+01
      vertex 6.366443E+00 4.321778E+01 1.900000E+01
    endloop
  endfacet
  facet normal 9.350164E-01 -3.546045E-01 0.000000E+00
    outer loop
      vertex 6.366443E+00 4.321778E+01 1.900000E+01
      vertex 6.366443E+00 4.321778E+01 1.300000E+01
      vertex 6.444235E+00 4.342290E+01 1.900000E+01
    endloop
  endfacet
  facet normal 8.229867E-01 -5.680606E-01 0.000000E+00
    outer loop
      vertex 6.444235E+00 4.342290E+01 1.900000E+01
      vertex 6.444235E+00 4.342290E+01 1.300000E+01
      vertex 6.568855E+00 4.360344E+01 1.900000E+01
    endloop
  endfacet
  facet normal 9.350164E-01 -3.546045E-01 0.000000E+00
    outer loop
      vertex 6.366443E+00 4.321778E+01 1.300000E+01
      vertex 6.444235E+00 4.342290E+01 1.300000E+01
      vertex 6.444235E+00 4.342290E+01 1.900000E+01
    endloop
  endfacet
  facet normal 6.631217E-01 -7.485116E-01 0.000000E+00
    outer loop
      vertex 6.568855E+00 4.360344E+01 1.900000E+01
      vertex 6.568855E+00 4.360344E+01 1.300000E+01
      vertex 6.733061E+00 4.374892E+01 1.900000E+01
    endloop
  endfacet
  facet normal 8.229867E-01 -5.680606E-01 0.000000E+00
    outer loop
      vertex 6.444235E+00 4.342290E+01 1.300000E+01
      vertex 6.568855E+00 4.360344E+01 1.300000E+01
      vertex 6.568855E+00 4.360344E+01 1.900000E+01
    endloop
  endfacet
  facet normal 4.647177E-01 -8.854589E-01 0.000000E+00
    outer loop
      vertex 6.733061E+00 4.374892E+01 1.900000E+01
      vertex 6.733061E+00 4.374892E+01 1.300000E+01
      vertex 6.927310E+00 4.385086E+01 1.900000E+01
    endloop
  endfacet
  facet normal 6.631217E-01 -7.485116E-01 0.000000E+00
    outer loop
      vertex 6.568855E+00 4.360344E+01 1.300000E+01
      vertex 6.733061E+00 4.374892E+01 1.300000E+01
      vertex 6.733061E+00 4.374892E+01 1.900000E+01
    endloop
  endfacet
  facet normal 2.393215E-01 -9.709404E-01 0.000000E+00
    outer loop
      vertex 6.927310E+00 4.385086E+01 1.900000E+01
      vertex 6.927310E+00 4.385086E+01 1.300000E+01
      vertex 7.140312E+00 4.390337E+01 1.900000E+01
    endloop
  endfacet
  facet normal 4.647177E-01 -8.854589E-01 0.000000E+00
    outer loop
      vertex 6.733061E+00 4.374892E+01 1.300000E+01
      vertex 6.927310E+00 4.385086E+01 1.300000E+01
      vertex 6.927310E+00 4.385086E+01 1.900000E+01
    endloop
  endfacet
  facet normal 0.000000E+00 -1.000000E+00 0.000000E+00
    outer loop
      vertex 7.140312E+00 4.390337E+01 1.900000E+01
      vertex 7.140312E+00 4.390337E+01 1.300000E+01
      vertex 7.359688E+00 4.390337E+01 1.900000E+01
    endloop
  endfacet
  facet normal 2.393215E-01 -9.709404E-01 0.000000E+00
    outer loop
      vertex 6.927310E+00 4.385086E+01 1.300000E+01
      vertex 7.140312E+00 4.390337E+01 1.300000E+01
      vertex 7.140312E+00 4.390337E+01 1.900000E+01
    endloop
  endfacet
  facet normal -2.393215E-01 -9.709404E-01 -0.000000E+00
    outer loop
      vertex 7.359688E+00 4.390337E+01 1.900000E+01
      vertex 7.359688E+00 4.390337E+01 1.300000E+01
      vertex 7.572690E+00 4.385086E+01 1.900000E+01
    endloop
  endfacet
  facet normal 0.000000E+00 -1.000000E+00 0.000000E+00
    outer loop
      vertex 7.140312E+00 4.390337E+01 1.300000E+01
      vertex 7.359688E+00 4.390337E+01 1.300000E+01
      vertex 7.359688E+00 4.390337E+01 1.900000E+01
    endloop
  endfacet
  facet normal -4.647177E-01 -8.854589E-01 -0.000000E+00
    outer loop
      vertex 7.572690E+00 4.385086E+01 1.900000E+01
      vertex 7.572690E+00 4.385086E+01 1.300000E+01
      vertex 7.766939E+00 4.374892E+01 1.900000E+01
    endloop
  endfacet
  facet normal -2.393215E-01 -9.709404E-01 0.000000E+00
    outer loop
      vertex 7.359688E+00 4.390337E+01 1.300000E+01
      vertex 7.572690E+00 4.385086E+01 1.300000E+01
      vertex 7.572690E+00 4.385086E+01 1.900000E+01
    endloop
  endfacet
  facet normal -6.631217E-01 -7.485116E-01 -0.000000E+00
    outer loop
      vertex 7.766939E+00 4.374892E+01 1.900000E+01
      vertex 7.766939E+00 4.374892E+01 1.300000E+01
      vertex 7.931145E+00 4.360344E+01 1.900000E+01
    endloop
  endfacet
  facet normal -4.647177E-01 -8.854589E-01 0.000000E+00
    outer loop
      vertex 7.572690E+00 4.385086E+01 1.300000E+01
      vertex 7.766939E+00 4.374892E+01 1.300000E+01
      vertex 7.766939E+00 4.374892E+01 1.900000E+01
    endloop
  endfacet
  facet normal -8.229867E-01 -5.680606E-01 -0.000000E+00
    outer loop
      vertex 7.931145E+00 4.360344E+01 1.900000E+01
      vertex 7.931145E+00 4.360344E+01 1.300000E+01
      vertex 8.055765E+00 4.342290E+01 1.900000E+01
    endloop
  endfacet
  facet normal -6.631217E-01 -7.485116E-01 0.000000E+00
    outer loop
      vertex 7.766939E+00 4.374892E+01 1.300000E+01
      vertex 7.931145E+00 4.360344E+01 1.300000E+01
      vertex 7.931145E+00 4.360344E+01 1.900000E+01
    endloop
  endfacet
  facet normal -9.350157E-01 -3.546064E-01 -0.000000E+00
    outer loop
      vertex 8.055765E+00 4.342290E+01 1.900000E+01
      vertex 8.055765E+00 4.342290E+01 1.300000E+01
      vertex 8.133557E+00 4.321778E+01 1.900000E+01
    endloop
  endfacet
  facet normal -8.229867E-01 -5.680606E-01 0.000000E+00
    outer loop
      vertex 7.931145E+00 4.360344E+01 1.300000E+01
      vertex 8.055765E+00 4.342290E+01 1.300000E+01
      vertex 8.055765E+00 4.342290E+01 1.900000E+01
    endloop
  endfacet
  facet normal -9.927091E-01 -1.205348E-01 -0.000000E+00
    outer loop
      vertex 8.133557E+00 4.321778E+01 1.900000E+01
      vertex 8.133557E+00 4.321778E+01 1.300000E+01
      vertex 8.160000E+00 4.300000E+01 1.900000E+01
    endloop
  endfacet
  facet normal -9.350157E-01 -3.546064E-01 0.000000E+00
    outer loop
      vertex 8.055765E+00 4.342290E+01 1.300000E+01
      vertex 8.133557E+00 4.321778E+01 1.300000E+01
      vertex 8.133557E+00 4.321778E+01 1.900000E+01
    endloop
  endfacet
  facet normal -9.927091E-01 -1.205348E-01 0.000000E+00
    outer loop
      vertex 8.133557E+00 4.321778E+01 1.300000E+01
      vertex 8.160000E+00 4.300000E+01 1.300000E+01
      vertex 8.160000E+00 4.300000E+01 1.900000E+01
    endloop
  endfacet
  facet normal 0.000000E+00 0.000000E+00 1.000000E+00
    outer loop
      vertex 6.366443E+00 4.321778E+01 1.300000E+01
      vertex 6.340000E+00 4.300000E+01 1.300000E+01
      vertex 6.367278E+00 4.277887E+01 1.300000E+01
    endloop
  endfacet
  facet normal 0.000000E+00 0.000000E+00 1.000000E+00
    outer loop
      vertex 8.072745E+00 4.261117E+01 1.300000E+01
      vertex 6.444235E+00 4.342290E+01 1.300000E+01
      vertex 6.366443E+00 4.321778E+01 1.300000E+01
    endloop
  endfacet
  facet normal 0.000000E+00 0.000000E+00 1.000000E+00
    outer loop
      vertex 8.072745E+00 4.261117E+01 1.300000E+01
      vertex 6.367278E+00 4.277887E+01 1.300000E+01
      vertex 6.447474E+00 4.257099E+01 1.300000E+01
    endloop
  endfacet
  facet normal 0.000000E+00 0.000000E+00 1.000000E+00
    outer loop
      vertex 8.072745E+00 4.261117E+01 1.300000E+01
      vertex 6.447474E+00 4.257099E+01 1.300000E+01
      vertex 6.575784E+00 4.238883E+01 1.300000E+01
    endloop
  endfacet
  facet normal 0.000000E+00 0.000000E+00 1.000000E+00
    outer loop
      vertex 8.072745E+00 4.261117E+01 1.300000E+01
      vertex 6.575784E+00 4.238883E+01 1.300000E+01
      vertex 6.744513E+00 4.224331E+01 1.300000E+01
    endloop
  endfacet
  facet normal 0.000000E+00 0.000000E+00 1.000000E+00
    outer loop
      vertex 8.072745E+00 4.261117E+01 1.300000E+01
      vertex 6.744513E+00 4.224331E+01 1.300000E+01
      vertex 6.943545E+00 4.214315E+01 1.300000E+01
    endloop
  endfacet
  facet normal 0.000000E+00 0.000000E+00 1.000000E+00
    outer loop
      vertex 8.072745E+00 4.261117E+01 1.300000E+01
      vertex 6.943545E+00 4.214315E+01 1.300000E+01
      vertex 7.160950E+00 4.209437E+01 1.300000E+01
    endloop
  endfacet
  facet normal 0.000000E+00 0.000000E+00 1.000000E+00
    outer loop
      vertex 8.072745E+00 4.261117E+01 1.300000E+01
      vertex 7.160950E+00 4.209437E+01 1.300000E+01
      vertex 7.383694E+00 4.209988E+01 1.300000E+01
    endloop
  endfacet
  facet normal 0.000000E+00 0.000000E+00 1.000000E+00
    outer loop
      vertex 8.072745E+00 4.261117E+01 1.300000E+01
      vertex 7.383694E+00 4.209988E+01 1.300000E+01
      vertex 7.598423E+00 4.215934E+01 1.300000E+01
    endloop
  endfacet
  facet normal 0.000000E+00 0.000000E+00 1.000000E+00
    outer loop
      vertex 8.072745E+00 4.261117E+01 1.300000E+01
      vertex 7.598423E+00 4.215934E+01 1.300000E+01
      vertex 7.792263E+00 4.226921E+01 1.300000E+01
    endloop
  endfacet
  facet normal 0.000000E+00 0.000000E+00 1.000000E+00
    outer loop
      vertex 8.072745E+00 4.261117E+01 1.300000E+01
      vertex 7.792263E+00 4.226921E+01 1.300000E+01
      vertex 7.953595E+00 4.242289E+01 1.300000E+01
    endloop
  endfacet
  facet normal 0.000000E+00 0.000000E+00 1.000000E+00
    outer loop
      vertex 8.072745E+00 4.261117E+01 1.300000E+01
      vertex 6.366443E+00 4.321778E+01 1.300000E+01
      vertex 6.367278E+00 4.277887E+01 1.300000E+01
    endloop
  endfacet
  facet normal 0.000000E+00 0.000000E+00 1.000000E+00
    outer loop
      vertex 8.150164E+00 4.286657E+01 1.300000E+01
      vertex 8.072745E+00 4.261117E+01 1.300000E+01
      vertex 8.120868E+00 4.273601E+01 1.300000E+01
    endloop
  endfacet
  facet normal 0.000000E+00 0.000000E+00 1.000000E+00
    outer loop
      vertex 8.133557E+00 4.321778E+01 1.300000E+01
      vertex 8.150164E+00 4.286657E+01 1.300000E+01
      vertex 8.160000E+00 4.300000E+01 1.300000E+01
    endloop
  endfacet
  facet normal 0.000000E+00 0.000000E+00 1.000000E+00
    outer loop
      vertex 8.133557E+00 4.321778E+01 1.300000E+01
      vertex 8.072745E+00 4.261117E+01 1.300000E+01
      vertex 8.150164E+00 4.286657E+01 1.300000E+01
    endloop
  endfacet
  facet normal 0.000000E+00 0.000000E+00 1.000000E+00
    outer loop
      vertex 7.572690E+00 4.385086E+01 1.300000E+01
      vertex 7.359688E+00 4.390337E+01 1.300000E+01
      vertex 7.140312E+00 4.390337E+01 1.300000E+01
    endloop
  endfacet
  facet normal 0.000000E+00 0.000000E+00 1.000000E+00
    outer loop
      vertex 7.572690E+00 4.385086E+01 1.300000E+01
      vertex 7.140312E+00 4.390337E+01 1.300000E+01
      vertex 6.927310E+00 4.385086E+01 1.300000E+01
    endloop
  endfacet
  facet normal 0.000000E+00 0.000000E+00 1.000000E+00
    outer loop
      vertex 7.572690E+00 4.385086E+01 1.300000E+01
      vertex 6.927310E+00 4.385086E+01 1.300000E+01
      vertex 6.733061E+00 4.374892E+01 1.300000E+01
    endloop
  endfacet
  facet normal 0.000000E+00 0.000000E+00 1.000000E+00
    outer loop
      vertex 7.572690E+00 4.385086E+01 1.300000E+01
      vertex 6.733061E+00 4.374892E+01 1.300000E+01
      vertex 6.568855E+00 4.360344E+01 1.300000E+01
    endloop
  endfacet
  facet normal 0.000000E+00 0.000000E+00 1.000000E+00
    outer loop
      vertex 7.572690E+00 4.385086E+01 1.300000E+01
      vertex 6.568855E+00 4.360344E+01 1.300000E+01
      vertex 6.444235E+00 4.342290E+01 1.300000E+01
    endloop
  endfacet
  facet normal 0.000000E+00 0.000000E+00 1.000000E+00
    outer loop
      vertex 7.572690E+00 4.385086E+01 1.300000E+01
      vertex 6.444235E+00 4.342290E+01 1.300000E+01
      vertex 8.072745E+00 4.261117E+01 1.300000E+01
    endloop
  endfacet
  facet normal 0.000000E+00 0.000000E+00 1.000000E+00
    outer loop
      vertex 7.931145E+00 4.360344E+01 1.300000E+01
      vertex 8.133557E+00 4.321778E+01 1.300000E+01
      vertex 8.055765E+00 4.342290E+01 1.300000E+01
    endloop
  endfacet
  facet normal 0.000000E+00 0.000000E+00 1.000000E+00
    outer loop
      vertex 7.931145E+00 4.360344E+01 1.300000E+01
      vertex 7.766939E+00 4.374892E+01 1.300000E+01
      vertex 7.572690E+00 4.385086E+01 1.300000E+01
    endloop
  endfacet
  facet normal 0.000000E+00 0.000000E+00 1.000000E+00
    outer loop
      vertex 7.931145E+00 4.360344E+01 1.300000E+01
      vertex 7.572690E+00 4.385086E+01 1.300000E+01
      vertex 8.072745E+00 4.261117E+01 1.300000E+01
    endloop
  endfacet
  facet normal 0.000000E+00 0.000000E+00 1.000000E+00
    outer loop
      vertex 7.931145E+00 4.360344E+01 1.300000E+01
      vertex 8.072745E+00 4.261117E+01 1.300000E+01
      vertex 8.133557E+00 4.321778E+01 1.300000E+01
    endloop
  endfacet
  facet normal -0.000000E+00 1.000000E+00 0.000000E+00
    outer loop
      vertex 4.250000E+00 3.050000E+01 1.900000E+01
      vertex 9.250000E+00 3.050000E+01 1.900000E+01
      vertex 9.250000E+00 3.050000E+01 1.500000E+01
    endloop
  endfacet
  facet normal 0.000000E+00 1.000000E+00 0.000000E+00
    outer loop
      vertex 4.250000E+00 3.050000E+01 1.900000E+01
      vertex 9.250000E+00 3.050000E+01 1.500000E+01
      vertex 4.250000E+00 3.050000E+01 1.500000E+01
    endloop
  endfacet
  facet normal 8.944272E-01 4.472136E-01 0.000000E+00
    outer loop
      vertex 9.250000E+00 3.050000E+01 1.900000E+01
      vertex 1.125000E+01 2.650000E+01 1.900000E+01
      vertex 1.125000E+01 2.650000E+01 1.500000E+01
    endloop
  endfacet
  facet normal 8.944272E-01 4.472136E-01 0.000000E+00
    outer loop
      vertex 9.250000E+00 3.050000E+01 1.900000E+01
      vertex 1.125000E+01 2.650000E+01 1.500000E+01
      vertex 9.250000E+00 3.050000E+01 1.500000E+01
    endloop
  endfacet
  facet normal 0.000000E+00 1.000000E+00 0.000000E+00
    outer loop
      vertex 1.125000E+01 2.650000E+01 1.500000E+01
      vertex 3.825000E+01 2.650000E+01 1.900000E+01
      vertex 3.825000E+01 2.650000E+01 1.500000E+01
    endloop
  endfacet
  facet normal -0.000000E+00 1.000000E+00 0.000000E+00
    outer loop
      vertex 1.125000E+01 2.650000E+01 1.900000E+01
      vertex 3.825000E+01 2.650000E+01 1.900000E+01
      vertex 1.125000E+01 2.650000E+01 1.500000E+01
    endloop
  endfacet
  facet normal 1.000000E+00 0.000000E+00 0.000000E+00
    outer loop
      vertex 3.825000E+01 2.650000E+01 1.900000E+01
      vertex 3.825000E+01 2.400000E+01 1.900000E+01
      vertex 3.825000E+01 2.400000E+01 1.500000E+01
    endloop
  endfacet
  facet normal 1.000000E+00 0.000000E+00 0.000000E+00
    outer loop
      vertex 3.825000E+01 2.650000E+01 1.900000E+01
      vertex 3.825000E+01 2.400000E+01 1.500000E+01
      vertex 3.825000E+01 2.650000E+01 1.500000E+01
    endloop
  endfacet
  facet normal -0.000000E+00 -1.000000E+00 0.000000E+00
    outer loop
      vertex 3.825000E+01 2.400000E+01 1.900000E+01
      vertex 4.250000E+00 2.400000E+01 1.900000E+01
      vertex 4.250000E+00 2.400000E+01 1.500000E+01
    endloop
  endfacet
  facet normal 0.000000E+00 -1.000000E+00 -0.000000E+00
    outer loop
      vertex 3.825000E+01 2.400000E+01 1.900000E+01
      vertex 4.250000E+00 2.400000E+01 1.500000E+01
      vertex 3.825000E+01 2.400000E+01 1.500000E+01
    endloop
  endfacet
  facet normal -1.000000E+00 0.000000E+00 -0.000000E+00
    outer loop
      vertex 4.250000E+00 3.050000E+01 1.900000E+01
      vertex 4.250000E+00 3.050000E+01 1.500000E+01
      vertex 4.250000E+00 2.700000E+01 1.500000E+01
    endloop
  endfacet
  facet normal -1.000000E+00 0.000000E+00 0.000000E+00
    outer loop
      vertex 4.250000E+00 2.400000E+01 1.500000E+01
      vertex 4.250000E+00 2.700000E+01 1.500000E+01
      vertex 4.250000E+00 2.700000E+01 1.390000E+01
    endloop
  endfacet
  facet normal -1.000000E+00 0.000000E+00 0.000000E+00
    outer loop
      vertex 4.250000E+00 2.000000E+01 1.390000E+01
      vertex 4.250000E+00 2.400000E+01 1.500000E+01
      vertex 4.250000E+00 2.700000E+01 1.390000E+01
    endloop
  endfacet
  facet normal -1.000000E+00 0.000000E+00 0.000000E+00
    outer loop
      vertex 4.250000E+00 2.000000E+01 1.500000E+01
      vertex 4.250000E+00 2.400000E+01 1.500000E+01
      vertex 4.250000E+00 2.000000E+01 1.390000E+01
    endloop
  endfacet
  facet normal -1.000000E+00 0.000000E+00 0.000000E+00
    outer loop
      vertex 4.250000E+00 2.400000E+01 1.900000E+01
      vertex 4.250000E+00 3.050000E+01 1.900000E+01
      vertex 4.250000E+00 2.700000E+01 1.500000E+01
    endloop
  endfacet
  facet normal -1.000000E+00 0.000000E+00 0.000000E+00
    outer loop
      vertex 4.250000E+00 2.400000E+01 1.900000E+01
      vertex 4.250000E+00 2.700000E+01 1.500000E+01
      vertex 4.250000E+00 2.400000E+01 1.500000E+01
    endloop
  endfacet
  facet normal 0.000000E+00 0.000000E+00 1.000000E+00
    outer loop
      vertex 1.125000E+01 2.650000E+01 1.900000E+01
      vertex 7.673529E+00 2.619457E+01 1.900000E+01
      vertex 7.480233E+00 2.611961E+01 1.900000E+01
    endloop
  endfacet
  facet normal 0.000000E+00 0.000000E+00 1.000000E+00
    outer loop
      vertex 1.125000E+01 2.650000E+01 1.900000E+01
      vertex 8.055765E+00 2.742290E+01 1.900000E+01
      vertex 8.133557E+00 2.721778E+01 1.900000E+01
    endloop
  endfacet
  facet normal 0.000000E+00 0.000000E+00 1.000000E+00
    outer loop
      vertex 1.125000E+01 2.650000E+01 1.900000E+01
      vertex 8.133557E+00 2.721778E+01 1.900000E+01
      vertex 8.160000E+00 2.700000E+01 1.900000E+01
    endloop
  endfacet
  facet normal 0.000000E+00 0.000000E+00 1.000000E+00
    outer loop
      vertex 1.125000E+01 2.650000E+01 1.900000E+01
      vertex 8.160000E+00 2.700000E+01 1.900000E+01
      vertex 8.140005E+00 2.681029E+01 1.900000E+01
    endloop
  endfacet
  facet normal 0.000000E+00 0.000000E+00 1.000000E+00
    outer loop
      vertex 1.125000E+01 2.650000E+01 1.900000E+01
      vertex 8.140005E+00 2.681029E+01 1.900000E+01
      vertex 8.080899E+00 2.662891E+01 1.900000E+01
    endloop
  endfacet
  facet normal 0.000000E+00 0.000000E+00 1.000000E+00
    outer loop
      vertex 1.125000E+01 2.650000E+01 1.900000E+01
      vertex 8.080899E+00 2.662891E+01 1.900000E+01
      vertex 7.985281E+00 2.646384E+01 1.900000E+01
    endloop
  endfacet
  facet normal 0.000000E+00 0.000000E+00 1.000000E+00
    outer loop
      vertex 1.125000E+01 2.650000E+01 1.900000E+01
      vertex 7.480233E+00 2.611961E+01 1.900000E+01
      vertex 4.250000E+00 2.400000E+01 1.900000E+01
    endloop
  endfacet
  facet normal 0.000000E+00 0.000000E+00 1.000000E+00
    outer loop
      vertex 9.250000E+00 3.050000E+01 1.900000E+01
      vertex 7.140312E+00 2.790336E+01 1.900000E+01
      vertex 7.359688E+00 2.790336E+01 1.900000E+01
    endloop
  endfacet
  facet normal 0.000000E+00 0.000000E+00 1.000000E+00
    outer loop
      vertex 6.693858E+00 2.627972E+01 1.900000E+01
      vertex 6.545260E+00 2.642429E+01 1.900000E+01
      vertex 4.250000E+00 2.400000E+01 1.900000E+01
    endloop
  endfacet
  facet normal 0.000000E+00 0.000000E+00 1.000000E+00
    outer loop
      vertex 9.250000E+00 3.050000E+01 1.900000E+01
      vertex 7.359688E+00 2.790336E+01 1.900000E+01
      vertex 7.572690E+00 2.785086E+01 1.900000E+01
    endloop
  endfacet
  facet normal 0.000000E+00 0.000000E+00 1.000000E+00
    outer loop
      vertex 9.250000E+00 3.050000E+01 1.900000E+01
      vertex 7.572690E+00 2.785086E+01 1.900000E+01
      vertex 7.766939E+00 2.774891E+01 1.900000E+01
    endloop
  endfacet
  facet normal 0.000000E+00 0.000000E+00 1.000000E+00
    outer loop
      vertex 9.250000E+00 3.050000E+01 1.900000E+01
      vertex 7.766939E+00 2.774891E+01 1.900000E+01
      vertex 7.931145E+00 2.760344E+01 1.900000E+01
    endloop
  endfacet
  facet normal 0.000000E+00 0.000000E+00 1.000000E+00
    outer loop
      vertex 9.250000E+00 3.050000E+01 1.900000E+01
      vertex 7.931145E+00 2.760344E+01 1.900000E+01
      vertex 8.055765E+00 2.742290E+01 1.900000E+01
    endloop
  endfacet
  facet normal 0.000000E+00 0.000000E+00 1.000000E+00
    outer loop
      vertex 6.433241E+00 2.659875E+01 1.900000E+01
      vertex 4.250000E+00 2.400000E+01 1.900000E+01
      vertex 6.545260E+00 2.642429E+01 1.900000E+01
    endloop
  endfacet
  facet normal 0.000000E+00 0.000000E+00 1.000000E+00
    outer loop
      vertex 9.250000E+00 3.050000E+01 1.900000E+01
      vertex 8.055765E+00 2.742290E+01 1.900000E+01
      vertex 1.125000E+01 2.650000E+01 1.900000E+01
    endloop
  endfacet
  facet normal 0.000000E+00 0.000000E+00 1.000000E+00
    outer loop
      vertex 9.250000E+00 3.050000E+01 1.900000E+01
      vertex 4.250000E+00 3.050000E+01 1.900000E+01
      vertex 7.140312E+00 2.790336E+01 1.900000E+01
    endloop
  endfacet
  facet normal 0.000000E+00 0.000000E+00 1.000000E+00
    outer loop
      vertex 6.871323E+00 2.617253E+01 1.900000E+01
      vertex 6.693858E+00 2.627972E+01 1.900000E+01
      vertex 4.250000E+00 2.400000E+01 1.900000E+01
    endloop
  endfacet
  facet normal 0.000000E+00 0.000000E+00 1.000000E+00
    outer loop
      vertex 3.825000E+01 2.400000E+01 1.900000E+01
      vertex 1.125000E+01 2.650000E+01 1.900000E+01
      vertex 4.250000E+00 2.400000E+01 1.900000E+01
    endloop
  endfacet
  facet normal 0.000000E+00 0.000000E+00 1.000000E+00
    outer loop
      vertex 3.825000E+01 2.650000E+01 1.900000E+01
      vertex 1.125000E+01 2.650000E+01 1.900000E+01
      vertex 3.825000E+01 2.400000E+01 1.900000E+01
    endloop
  endfacet
  facet normal 0.000000E+00 0.000000E+00 1.000000E+00
    outer loop
      vertex 6.363617E+00 2.679403E+01 1.900000E+01
      vertex 4.250000E+00 2.400000E+01 1.900000E+01
      vertex 6.433241E+00 2.659875E+01 1.900000E+01
    endloop
  endfacet
  facet normal 0.000000E+00 0.000000E+00 1.000000E+00
    outer loop
      vertex 7.068442E+00 2.610830E+01 1.900000E+01
      vertex 6.871323E+00 2.617253E+01 1.900000E+01
      vertex 4.250000E+00 2.400000E+01 1.900000E+01
    endloop
  endfacet
  facet normal 0.000000E+00 0.000000E+00 1.000000E+00
    outer loop
      vertex 6.340000E+00 2.700000E+01 1.900000E+01
      vertex 4.250000E+00 2.400000E+01 1.900000E+01
      vertex 6.363617E+00 2.679403E+01 1.900000E+01
    endloop
  endfacet
  facet normal 0.000000E+00 0.000000E+00 1.000000E+00
    outer loop
      vertex 7.274986E+00 2.609034E+01 1.900000E+01
      vertex 7.068442E+00 2.610830E+01 1.900000E+01
      vertex 4.250000E+00 2.400000E+01 1.900000E+01
    endloop
  endfacet
  facet normal 0.000000E+00 0.000000E+00 1.000000E+00
    outer loop
      vertex 7.480233E+00 2.611961E+01 1.900000E+01
      vertex 7.274986E+00 2.609034E+01 1.900000E+01
      vertex 4.250000E+00 2.400000E+01 1.900000E+01
    endloop
  endfacet
  facet normal 0.000000E+00 0.000000E+00 1.000000E+00
    outer loop
      vertex 4.250000E+00 3.050000E+01 1.900000E+01
      vertex 6.340000E+00 2.700000E+01 1.900000E+01
      vertex 6.366443E+00 2.721778E+01 1.900000E+01
    endloop
  endfacet
  facet normal 0.000000E+00 0.000000E+00 1.000000E+00
    outer loop
      vertex 4.250000E+00 3.050000E+01 1.900000E+01
      vertex 6.366443E+00 2.721778E+01 1.900000E+01
      vertex 6.444235E+00 2.742290E+01 1.900000E+01
    endloop
  endfacet
  facet normal 0.000000E+00 0.000000E+00 1.000000E+00
    outer loop
      vertex 4.250000E+00 3.050000E+01 1.900000E+01
      vertex 6.444235E+00 2.742290E+01 1.900000E+01
      vertex 6.568855E+00 2.760344E+01 1.900000E+01
    endloop
  endfacet
  facet normal 0.000000E+00 0.000000E+00 1.000000E+00
    outer loop
      vertex 4.250000E+00 3.050000E+01 1.900000E+01
      vertex 6.568855E+00 2.760344E+01 1.900000E+01
      vertex 6.733061E+00 2.774891E+01 1.900000E+01
    endloop
  endfacet
  facet normal 0.000000E+00 0.000000E+00 1.000000E+00
    outer loop
      vertex 4.250000E+00 3.050000E+01 1.900000E+01
      vertex 4.250000E+00 2.400000E+01 1.900000E+01
      vertex 6.340000E+00 2.700000E+01 1.900000E+01
    endloop
  endfacet
  facet normal 0.000000E+00 0.000000E+00 1.000000E+00
    outer loop
      vertex 6.927310E+00 2.785086E+01 1.900000E+01
      vertex 4.250000E+00 3.050000E+01 1.900000E+01
      vertex 6.733061E+00 2.774891E+01 1.900000E+01
    endloop
  endfacet
  facet normal 0.000000E+00 0.000000E+00 1.000000E+00
    outer loop
      vertex 7.140312E+00 2.790336E+01 1.900000E+01
      vertex 4.250000E+00 3.050000E+01 1.900000E+01
      vertex 6.927310E+00 2.785086E+01 1.900000E+01
    endloop
  endfacet
  facet normal 0.000000E+00 0.000000E+00 1.000000E+00
    outer loop
      vertex 1.125000E+01 2.650000E+01 1.900000E+01
      vertex 7.985281E+00 2.646384E+01 1.900000E+01
      vertex 7.844842E+00 2.631133E+01 1.900000E+01
    endloop
  endfacet
  facet normal 0.000000E+00 0.000000E+00 1.000000E+00
    outer loop
      vertex 1.125000E+01 2.650000E+01 1.900000E+01
      vertex 7.844842E+00 2.631133E+01 1.900000E+01
      vertex 7.673529E+00 2.619457E+01 1.900000E+01
    endloop
  endfacet
  facet normal 8.944272E-01 -4.472136E-01 0.000000E+00
    outer loop
      vertex 1.125000E+01 4.350000E+01 1.900000E+01
      vertex 9.250000E+00 3.950000E+01 1.900000E+01
      vertex 9.250000E+00 3.950000E+01 1.500000E+01
    endloop
  endfacet
  facet normal 8.944272E-01 -4.472136E-01 0.000000E+00
    outer loop
      vertex 1.125000E+01 4.350000E+01 1.900000E+01
      vertex 9.250000E+00 3.950000E+01 1.500000E+01
      vertex 1.125000E+01 4.350000E+01 1.500000E+01
    endloop
  endfacet
  facet normal -0.000000E+00 -1.000000E+00 0.000000E+00
    outer loop
      vertex 9.250000E+00 3.950000E+01 1.900000E+01
      vertex 4.250000E+00 3.950000E+01 1.900000E+01
      vertex 4.250000E+00 3.950000E+01 1.500000E+01
    endloop
  endfacet
  facet normal 0.000000E+00 -1.000000E+00 -0.000000E+00
    outer loop
      vertex 9.250000E+00 3.950000E+01 1.900000E+01
      vertex 4.250000E+00 3.950000E+01 1.500000E+01
      vertex 9.250000E+00 3.950000E+01 1.500000E+01
    endloop
  endfacet
  facet normal -1.000000E+00 0.000000E+00 0.000000E+00
    outer loop
      vertex 4.250000E+00 4.600000E+01 1.500000E+01
      vertex 4.250000E+00 5.000000E+01 1.500000E+01
      vertex 4.250000E+00 5.000000E+01 1.390000E+01
    endloop
  endfacet
  facet normal -1.000000E+00 0.000000E+00 0.000000E+00
    outer loop
      vertex 4.250000E+00 4.300000E+01 1.390000E+01
      vertex 4.250000E+00 4.600000E+01 1.500000E+01
      vertex 4.250000E+00 5.000000E+01 1.390000E+01
    endloop
  endfacet
  facet normal -1.000000E+00 0.000000E+00 0.000000E+00
    outer loop
      vertex 4.250000E+00 4.300000E+01 1.500000E+01
      vertex 4.250000E+00 4.600000E+01 1.500000E+01
      vertex 4.250000E+00 4.300000E+01 1.390000E+01
    endloop
  endfacet
  facet normal -1.000000E+00 0.000000E+00 -0.000000E+00
    outer loop
      vertex 4.250000E+00 4.600000E+01 1.900000E+01
      vertex 4.250000E+00 4.600000E+01 1.500000E+01
      vertex 4.250000E+00 4.300000E+01 1.500000E+01
    endloop
  endfacet
  facet normal -1.000000E+00 0.000000E+00 0.000000E+00
    outer loop
      vertex 4.250000E+00 3.950000E+01 1.900000E+01
      vertex 4.250000E+00 4.300000E+01 1.500000E+01
      vertex 4.250000E+00 3.950000E+01 1.500000E+01
    endloop
  endfacet
  facet normal -1.000000E+00 0.000000E+00 0.000000E+00
    outer loop
      vertex 4.250000E+00 3.950000E+01 1.900000E+01
      vertex 4.250000E+00 4.600000E+01 1.900000E+01
      vertex 4.250000E+00 4.300000E+01 1.500000E+01
    endloop
  endfacet
  facet normal -0.000000E+00 1.000000E+00 0.000000E+00
    outer loop
      vertex 4.250000E+00 4.600000E+01 1.900000E+01
      vertex 3.825000E+01 4.600000E+01 1.900000E+01
      vertex 3.825000E+01 4.600000E+01 1.500000E+01
    endloop
  endfacet
  facet normal 0.000000E+00 1.000000E+00 0.000000E+00
    outer loop
      vertex 4.250000E+00 4.600000E+01 1.900000E+01
      vertex 3.825000E+01 4.600000E+01 1.500000E+01
      vertex 4.250000E+00 4.600000E+01 1.500000E+01
    endloop
  endfacet
  facet normal 1.000000E+00 0.000000E+00 0.000000E+00
    outer loop
      vertex 3.825000E+01 4.600000E+01 1.900000E+01
      vertex 3.825000E+01 4.350000E+01 1.900000E+01
      vertex 3.825000E+01 4.350000E+01 1.500000E+01
    endloop
  endfacet
  facet normal 1.000000E+00 0.000000E+00 0.000000E+00
    outer loop
      vertex 3.825000E+01 4.600000E+01 1.900000E+01
      vertex 3.825000E+01 4.350000E+01 1.500000E+01
      vertex 3.825000E+01 4.600000E+01 1.500000E+01
    endloop
  endfacet
  facet normal -0.000000E+00 -1.000000E+00 0.000000E+00
    outer loop
      vertex 3.825000E+01 4.350000E+01 1.900000E+01
      vertex 1.125000E+01 4.350000E+01 1.900000E+01
      vertex 1.125000E+01 4.350000E+01 1.500000E+01
    endloop
  endfacet
  facet normal 0.000000E+00 -1.000000E+00 -0.000000E+00
    outer loop
      vertex 3.825000E+01 4.350000E+01 1.900000E+01
      vertex 1.125000E+01 4.350000E+01 1.500000E+01
      vertex 3.825000E+01 4.350000E+01 1.500000E+01
    endloop
  endfacet
  facet normal 0.000000E+00 0.000000E+00 1.000000E+00
    outer loop
      vertex 3.825000E+01 4.600000E+01 1.900000E+01
      vertex 1.125000E+01 4.350000E+01 1.900000E+01
      vertex 3.825000E+01 4.350000E+01 1.900000E+01
    endloop
  endfacet
  facet normal 0.000000E+00 0.000000E+00 1.000000E+00
    outer loop
      vertex 3.825000E+01 4.600000E+01 1.900000E+01
      vertex 4.250000E+00 4.600000E+01 1.900000E+01
      vertex 1.125000E+01 4.350000E+01 1.900000E+01
    endloop
  endfacet
  facet normal 0.000000E+00 0.000000E+00 1.000000E+00
    outer loop
      vertex 6.744513E+00 4.224331E+01 1.900000E+01
      vertex 6.575784E+00 4.238883E+01 1.900000E+01
      vertex 4.250000E+00 3.950000E+01 1.900000E+01
    endloop
  endfacet
  facet normal 0.000000E+00 0.000000E+00 1.000000E+00
    outer loop
      vertex 6.447474E+00 4.257099E+01 1.900000E+01
      vertex 4.250000E+00 3.950000E+01 1.900000E+01
      vertex 6.575784E+00 4.238883E+01 1.900000E+01
    endloop
  endfacet
  facet normal 0.000000E+00 0.000000E+00 1.000000E+00
    outer loop
      vertex 6.943545E+00 4.214315E+01 1.900000E+01
      vertex 6.744513E+00 4.224331E+01 1.900000E+01
      vertex 4.250000E+00 3.950000E+01 1.900000E+01
    endloop
  endfacet
  facet normal 0.000000E+00 0.000000E+00 1.000000E+00
    outer loop
      vertex 6.367278E+00 4.277887E+01 1.900000E+01
      vertex 4.250000E+00 3.950000E+01 1.900000E+01
      vertex 6.447474E+00 4.257099E+01 1.900000E+01
    endloop
  endfacet
  facet normal 0.000000E+00 0.000000E+00 1.000000E+00
    outer loop
      vertex 7.160950E+00 4.209437E+01 1.900000E+01
      vertex 4.250000E+00 3.950000E+01 1.900000E+01
      vertex 9.250000E+00 3.950000E+01 1.900000E+01
    endloop
  endfacet
  facet normal 0.000000E+00 0.000000E+00 1.000000E+00
    outer loop
      vertex 7.160950E+00 4.209437E+01 1.900000E+01
      vertex 6.943545E+00 4.214315E+01 1.900000E+01
      vertex 4.250000E+00 3.950000E+01 1.900000E+01
    endloop
  endfacet
  facet normal 0.000000E+00 0.000000E+00 1.000000E+00
    outer loop
      vertex 6.340000E+00 4.300000E+01 1.900000E+01
      vertex 4.250000E+00 3.950000E+01 1.900000E+01
      vertex 6.367278E+00 4.277887E+01 1.900000E+01
    endloop
  endfacet
  facet normal 0.000000E+00 0.000000E+00 1.000000E+00
    outer loop
      vertex 7.383694E+00 4.209988E+01 1.900000E+01
      vertex 7.160950E+00 4.209437E+01 1.900000E+01
      vertex 9.250000E+00 3.950000E+01 1.900000E+01
    endloop
  endfacet
  facet normal 0.000000E+00 0.000000E+00 1.000000E+00
    outer loop
      vertex 7.598423E+00 4.215934E+01 1.900000E+01
      vertex 7.383694E+00 4.209988E+01 1.900000E+01
      vertex 9.250000E+00 3.950000E+01 1.900000E+01
    endloop
  endfacet
  facet normal 0.000000E+00 0.000000E+00 1.000000E+00
    outer loop
      vertex 7.792263E+00 4.226921E+01 1.900000E+01
      vertex 7.598423E+00 4.215934E+01 1.900000E+01
      vertex 9.250000E+00 3.950000E+01 1.900000E+01
    endloop
  endfacet
  facet normal 0.000000E+00 0.000000E+00 1.000000E+00
    outer loop
      vertex 4.250000E+00 4.600000E+01 1.900000E+01
      vertex 6.340000E+00 4.300000E+01 1.900000E+01
      vertex 6.366443E+00 4.321778E+01 1.900000E+01
    endloop
  endfacet
  facet normal 0.000000E+00 0.000000E+00 1.000000E+00
    outer loop
      vertex 4.250000E+00 4.600000E+01 1.900000E+01
      vertex 6.366443E+00 4.321778E+01 1.900000E+01
      vertex 6.444235E+00 4.342290E+01 1.900000E+01
    endloop
  endfacet
  facet normal 0.000000E+00 0.000000E+00 1.000000E+00
    outer loop
      vertex 4.250000E+00 4.600000E+01 1.900000E+01
      vertex 6.444235E+00 4.342290E+01 1.900000E+01
      vertex 6.568855E+00 4.360344E+01 1.900000E+01
    endloop
  endfacet
  facet normal 0.000000E+00 0.000000E+00 1.000000E+00
    outer loop
      vertex 4.250000E+00 4.600000E+01 1.900000E+01
      vertex 4.250000E+00 3.950000E+01 1.900000E+01
      vertex 6.340000E+00 4.300000E+01 1.900000E+01
    endloop
  endfacet
  facet normal 0.000000E+00 0.000000E+00 1.000000E+00
    outer loop
      vertex 7.953595E+00 4.242289E+01 1.900000E+01
      vertex 7.792263E+00 4.226921E+01 1.900000E+01
      vertex 9.250000E+00 3.950000E+01 1.900000E+01
    endloop
  endfacet
  facet normal 0.000000E+00 0.000000E+00 1.000000E+00
    outer loop
      vertex 6.733061E+00 4.374892E+01 1.900000E+01
      vertex 4.250000E+00 4.600000E+01 1.900000E+01
      vertex 6.568855E+00 4.360344E+01 1.900000E+01
    endloop
  endfacet
  facet normal 0.000000E+00 0.000000E+00 1.000000E+00
    outer loop
      vertex 8.072745E+00 4.261117E+01 1.900000E+01
      vertex 7.953595E+00 4.242289E+01 1.900000E+01
      vertex 9.250000E+00 3.950000E+01 1.900000E+01
    endloop
  endfacet
  facet normal 0.000000E+00 0.000000E+00 1.000000E+00
    outer loop
      vertex 6.927310E+00 4.385086E+01 1.900000E+01
      vertex 4.250000E+00 4.600000E+01 1.900000E+01
      vertex 6.733061E+00 4.374892E+01 1.900000E+01
    endloop
  endfacet
  facet normal 0.000000E+00 0.000000E+00 1.000000E+00
    outer loop
      vertex 7.140312E+00 4.390337E+01 1.900000E+01
      vertex 4.250000E+00 4.600000E+01 1.900000E+01
      vertex 6.927310E+00 4.385086E+01 1.900000E+01
    endloop
  endfacet
  facet normal 0.000000E+00 0.000000E+00 1.000000E+00
    outer loop
      vertex 7.359688E+00 4.390337E+01 1.900000E+01
      vertex 4.250000E+00 4.600000E+01 1.900000E+01
      vertex 7.140312E+00 4.390337E+01 1.900000E+01
    endloop
  endfacet
  facet normal 0.000000E+00 0.000000E+00 1.000000E+00
    outer loop
      vertex 7.572690E+00 4.385086E+01 1.900000E+01
      vertex 4.250000E+00 4.600000E+01 1.900000E+01
      vertex 7.359688E+00 4.390337E+01 1.900000E+01
    endloop
  endfacet
  facet normal 0.000000E+00 0.000000E+00 1.000000E+00
    outer loop
      vertex 1.125000E+01 4.350000E+01 1.900000E+01
      vertex 7.572690E+00 4.385086E+01 1.900000E+01
      vertex 7.766939E+00 4.374892E+01 1.900000E+01
    endloop
  endfacet
  facet normal 0.000000E+00 0.000000E+00 1.000000E+00
    outer loop
      vertex 1.125000E+01 4.350000E+01 1.900000E+01
      vertex 7.766939E+00 4.374892E+01 1.900000E+01
      vertex 7.931145E+00 4.360344E+01 1.900000E+01
    endloop
  endfacet
  facet normal 0.000000E+00 0.000000E+00 1.000000E+00
    outer loop
      vertex 1.125000E+01 4.350000E+01 1.900000E+01
      vertex 7.931145E+00 4.360344E+01 1.900000E+01
      vertex 8.055765E+00 4.342290E+01 1.900000E+01
    endloop
  endfacet
  facet normal 0.000000E+00 0.000000E+00 1.000000E+00
    outer loop
      vertex 1.125000E+01 4.350000E+01 1.900000E+01
      vertex 8.055765E+00 4.342290E+01 1.900000E+01
      vertex 8.133557E+00 4.321778E+01 1.900000E+01
    endloop
  endfacet
  facet normal 0.000000E+00 0.000000E+00 1.000000E+00
    outer loop
      vertex 1.125000E+01 4.350000E+01 1.900000E+01
      vertex 8.133557E+00 4.321778E+01 1.900000E+01
      vertex 8.160000E+00 4.300000E+01 1.900000E+01
    endloop
  endfacet
  facet normal 0.000000E+00 0.000000E+00 1.000000E+00
    outer loop
      vertex 1.125000E+01 4.350000E+01 1.900000E+01
      vertex 8.160000E+00 4.300000E+01 1.900000E+01
      vertex 8.150164E+00 4.286657E+01 1.900000E+01
    endloop
  endfacet
  facet normal 0.000000E+00 0.000000E+00 1.000000E+00
    outer loop
      vertex 1.125000E+01 4.350000E+01 1.900000E+01
      vertex 8.150164E+00 4.286657E+01 1.900000E+01
      vertex 8.120868E+00 4.273601E+01 1.900000E+01
    endloop
  endfacet
  facet normal 0.000000E+00 0.000000E+00 1.000000E+00
    outer loop
      vertex 1.125000E+01 4.350000E+01 1.900000E+01
      vertex 8.120868E+00 4.273601E+01 1.900000E+01
      vertex 8.072745E+00 4.261117E+01 1.900000E+01
    endloop
  endfacet
  facet normal 0.000000E+00 0.000000E+00 1.000000E+00
    outer loop
      vertex 1.125000E+01 4.350000E+01 1.900000E+01
      vertex 8.072745E+00 4.261117E+01 1.900000E+01
      vertex 9.250000E+00 3.950000E+01 1.900000E+01
    endloop
  endfacet
  facet normal 0.000000E+00 0.000000E+00 1.000000E+00
    outer loop
      vertex 1.125000E+01 4.350000E+01 1.900000E+01
      vertex 4.250000E+00 4.600000E+01 1.900000E+01
      vertex 7.572690E+00 4.385086E+01 1.900000E+01
    endloop
  endfacet
  facet normal 9.927096E-01 1.205301E-01 -0.000000E+00
    outer loop
      vertex 8.700000E+01 1.000000E+01 1.200000E+01
      vertex 8.700000E+01 1.000000E+01 1.340000E+01
      vertex 8.705811E+01 9.521369E+00 1.200000E+01
    endloop
  endfacet
  facet normal 9.350141E-01 3.546105E-01 -0.000000E+00
    outer loop
      vertex 8.705811E+01 9.521369E+00 1.200000E+01
      vertex 8.705811E+01 9.521369E+00 1.340000E+01
      vertex 8.722909E+01 9.070554E+00 1.200000E+01
    endloop
  endfacet
  facet normal 9.927096E-01 1.205301E-01 0.000000E+00
    outer loop
      vertex 8.700000E+01 1.000000E+01 1.340000E+01
      vertex 8.705811E+01 9.521369E+00 1.340000E+01
      vertex 8.705811E+01 9.521369E+00 1.200000E+01
    endloop
  endfacet
  facet normal 8.229867E-01 5.680605E-01 -0.000000E+00
    outer loop
      vertex 8.722909E+01 9.070554E+00 1.200000E+01
      vertex 8.722909E+01 9.070554E+00 1.340000E+01
      vertex 8.750298E+01 8.673755E+00 1.200000E+01
    endloop
  endfacet
  facet normal 9.350141E-01 3.546105E-01 0.000000E+00
    outer loop
      vertex 8.705811E+01 9.521369E+00 1.340000E+01
      vertex 8.722909E+01 9.070554E+00 1.340000E+01
      vertex 8.722909E+01 9.070554E+00 1.200000E+01
    endloop
  endfacet
  facet normal 6.631211E-01 7.485121E-01 -0.000000E+00
    outer loop
      vertex 8.750298E+01 8.673755E+00 1.200000E+01
      vertex 8.750298E+01 8.673755E+00 1.340000E+01
      vertex 8.786387E+01 8.354033E+00 1.200000E+01
    endloop
  endfacet
  facet normal 8.229867E-01 5.680605E-01 0.000000E+00
    outer loop
      vertex 8.722909E+01 9.070554E+00 1.340000E+01
      vertex 8.750298E+01 8.673755E+00 1.340000E+01
      vertex 8.750298E+01 8.673755E+00 1.200000E+01
    endloop
  endfacet
  facet normal 4.647247E-01 8.854553E-01 -0.000000E+00
    outer loop
      vertex 8.786387E+01 8.354033E+00 1.200000E+01
      vertex 8.786387E+01 8.354033E+00 1.340000E+01
      vertex 8.829079E+01 8.129968E+00 1.200000E+01
    endloop
  endfacet
  facet normal 6.631211E-01 7.485121E-01 0.000000E+00
    outer loop
      vertex 8.750298E+01 8.673755E+00 1.340000E+01
      vertex 8.786387E+01 8.354033E+00 1.340000E+01
      vertex 8.786387E+01 8.354033E+00 1.200000E+01
    endloop
  endfacet
  facet normal 2.393137E-01 9.709423E-01 -0.000000E+00
    outer loop
      vertex 8.829079E+01 8.129968E+00 1.200000E+01
      vertex 8.829079E+01 8.129968E+00 1.340000E+01
      vertex 8.875893E+01 8.014583E+00 1.200000E+01
    endloop
  endfacet
  facet normal 4.647247E-01 8.854553E-01 0.000000E+00
    outer loop
      vertex 8.786387E+01 8.354033E+00 1.340000E+01
      vertex 8.829079E+01 8.129968E+00 1.340000E+01
      vertex 8.829079E+01 8.129968E+00 1.200000E+01
    endloop
  endfacet
  facet normal 0.000000E+00 1.000000E+00 0.000000E+00
    outer loop
      vertex 8.875893E+01 8.014583E+00 1.200000E+01
      vertex 8.875893E+01 8.014583E+00 1.340000E+01
      vertex 8.924107E+01 8.014583E+00 1.200000E+01
    endloop
  endfacet
  facet normal 2.393137E-01 9.709423E-01 0.000000E+00
    outer loop
      vertex 8.829079E+01 8.129968E+00 1.340000E+01
      vertex 8.875893E+01 8.014583E+00 1.340000E+01
      vertex 8.875893E+01 8.014583E+00 1.200000E+01
    endloop
  endfacet
  facet normal -2.393137E-01 9.709423E-01 0.000000E+00
    outer loop
      vertex 8.924107E+01 8.014583E+00 1.200000E+01
      vertex 8.924107E+01 8.014583E+00 1.340000E+01
      vertex 8.970921E+01 8.129968E+00 1.200000E+01
    endloop
  endfacet
  facet normal -0.000000E+00 1.000000E+00 0.000000E+00
    outer loop
      vertex 8.875893E+01 8.014583E+00 1.340000E+01
      vertex 8.924107E+01 8.014583E+00 1.340000E+01
      vertex 8.924107E+01 8.014583E+00 1.200000E+01
    endloop
  endfacet
  facet normal -4.647247E-01 8.854553E-01 0.000000E+00
    outer loop
      vertex 8.970921E+01 8.129968E+00 1.200000E+01
      vertex 8.970921E+01 8.129968E+00 1.340000E+01
      vertex 9.013613E+01 8.354033E+00 1.200000E+01
    endloop
  endfacet
  facet normal -2.393137E-01 9.709423E-01 0.000000E+00
    outer loop
      vertex 8.924107E+01 8.014583E+00 1.340000E+01
      vertex 8.970921E+01 8.129968E+00 1.340000E+01
      vertex 8.970921E+01 8.129968E+00 1.200000E+01
    endloop
  endfacet
  facet normal -6.631211E-01 7.485121E-01 0.000000E+00
    outer loop
      vertex 9.013613E+01 8.354033E+00 1.200000E+01
      vertex 9.013613E+01 8.354033E+00 1.340000E+01
      vertex 9.049702E+01 8.673755E+00 1.200000E+01
    endloop
  endfacet
  facet normal -4.647247E-01 8.854553E-01 0.000000E+00
    outer loop
      vertex 8.970921E+01 8.129968E+00 1.340000E+01
      vertex 9.013613E+01 8.354033E+00 1.340000E+01
      vertex 9.013613E+01 8.354033E+00 1.200000E+01
    endloop
  endfacet
  facet normal -8.229867E-01 5.680605E-01 0.000000E+00
    outer loop
      vertex 9.049702E+01 8.673755E+00 1.200000E+01
      vertex 9.049702E+01 8.673755E+00 1.340000E+01
      vertex 9.077091E+01 9.070554E+00 1.200000E+01
    endloop
  endfacet
  facet normal -6.631211E-01 7.485121E-01 0.000000E+00
    outer loop
      vertex 9.013613E+01 8.354033E+00 1.340000E+01
      vertex 9.049702E+01 8.673755E+00 1.340000E+01
      vertex 9.049702E+01 8.673755E+00 1.200000E+01
    endloop
  endfacet
  facet normal -9.350141E-01 3.546105E-01 0.000000E+00
    outer loop
      vertex 9.077091E+01 9.070554E+00 1.200000E+01
      vertex 9.077091E+01 9.070554E+00 1.340000E+01
      vertex 9.094189E+01 9.521369E+00 1.200000E+01
    endloop
  endfacet
  facet normal -8.229867E-01 5.680605E-01 0.000000E+00
    outer loop
      vertex 9.049702E+01 8.673755E+00 1.340000E+01
      vertex 9.077091E+01 9.070554E+00 1.340000E+01
      vertex 9.077091E+01 9.070554E+00 1.200000E+01
    endloop
  endfacet
  facet normal -9.927096E-01 1.205301E-01 0.000000E+00
    outer loop
      vertex 9.094189E+01 9.521369E+00 1.200000E+01
      vertex 9.094189E+01 9.521369E+00 1.340000E+01
      vertex 9.100000E+01 1.000000E+01 1.200000E+01
    endloop
  endfacet
  facet normal -9.350141E-01 3.546105E-01 0.000000E+00
    outer loop
      vertex 9.077091E+01 9.070554E+00 1.340000E+01
      vertex 9.094189E+01 9.521369E+00 1.340000E+01
      vertex 9.094189E+01 9.521369E+00 1.200000E+01
    endloop
  endfacet
  facet normal -9.927096E-01 1.205301E-01 0.000000E+00
    outer loop
      vertex 9.094189E+01 9.521369E+00 1.340000E+01
      vertex 9.100000E+01 1.000000E+01 1.340000E+01
      vertex 9.100000E+01 1.000000E+01 1.200000E+01
    endloop
  endfacet
  facet normal 0.000000E+00 0.000000E+00 -1.000000E+00
    outer loop
      vertex 9.075979E+01 1.095034E+01 1.340000E+01
      vertex 9.014313E+01 1.036504E+01 1.340000E+01
      vertex 9.007331E+01 1.053666E+01 1.340000E+01
    endloop
  endfacet
  facet normal -0.000000E+00 0.000000E+00 -1.000000E+00
    outer loop
      vertex 9.075979E+01 1.095034E+01 1.340000E+01
      vertex 8.991230E+01 1.077956E+01 1.340000E+01
      vertex 9.047324E+01 1.135261E+01 1.340000E+01
    endloop
  endfacet
  facet normal 0.000000E+00 0.000000E+00 -1.000000E+00
    outer loop
      vertex 9.075979E+01 1.095034E+01 1.340000E+01
      vertex 9.007331E+01 1.053666E+01 1.340000E+01
      vertex 8.991230E+01 1.077956E+01 1.340000E+01
    endloop
  endfacet
  facet normal 0.000000E+00 0.000000E+00 -1.000000E+00
    outer loop
      vertex 8.829079E+01 8.129968E+00 1.340000E+01
      vertex 8.786387E+01 8.354033E+00 1.340000E+01
      vertex 8.831832E+01 9.012420E+00 1.340000E+01
    endloop
  endfacet
  facet normal 0.000000E+00 0.000000E+00 -1.000000E+00
    outer loop
      vertex 8.829079E+01 8.129968E+00 1.340000E+01
      vertex 8.831832E+01 9.012420E+00 1.340000E+01
      vertex 8.857447E+01 8.877980E+00 1.340000E+01
    endloop
  endfacet
  facet normal 0.000000E+00 0.000000E+00 -1.000000E+00
    outer loop
      vertex 8.810607E+01 1.080056E+01 1.340000E+01
      vertex 8.742718E+01 1.123540E+01 1.340000E+01
      vertex 8.777788E+01 1.158317E+01 1.340000E+01
    endloop
  endfacet
  facet normal 0.000000E+00 0.000000E+00 -1.000000E+00
    outer loop
      vertex 8.832541E+01 1.099243E+01 1.340000E+01
      vertex 8.777788E+01 1.158317E+01 1.340000E+01
      vertex 8.820310E+01 1.183438E+01 1.340000E+01
    endloop
  endfacet
  facet normal 0.000000E+00 0.000000E+00 -1.000000E+00
    outer loop
      vertex 9.093902E+01 1.049011E+01 1.340000E+01
      vertex 9.018570E+01 1.018472E+01 1.340000E+01
      vertex 9.014313E+01 1.036504E+01 1.340000E+01
    endloop
  endfacet
  facet normal -0.000000E+00 0.000000E+00 -1.000000E+00
    outer loop
      vertex 9.093902E+01 1.049011E+01 1.340000E+01
      vertex 9.014313E+01 1.036504E+01 1.340000E+01
      vertex 9.075979E+01 1.095034E+01 1.340000E+01
    endloop
  endfacet
  facet normal -0.000000E+00 0.000000E+00 -1.000000E+00
    outer loop
      vertex 8.832541E+01 1.099243E+01 1.340000E+01
      vertex 8.810607E+01 1.080056E+01 1.340000E+01
      vertex 8.777788E+01 1.158317E+01 1.340000E+01
    endloop
  endfacet
  facet normal 0.000000E+00 0.000000E+00 -1.000000E+00
    outer loop
      vertex 8.793945E+01 1.056147E+01 1.340000E+01
      vertex 8.717239E+01 1.081230E+01 1.340000E+01
      vertex 8.742718E+01 1.123540E+01 1.340000E+01
    endloop
  endfacet
  facet normal 0.000000E+00 0.000000E+00 -1.000000E+00
    outer loop
      vertex 8.793945E+01 1.056147E+01 1.340000E+01
      vertex 8.742718E+01 1.123540E+01 1.340000E+01
      vertex 8.810607E+01 1.080056E+01 1.340000E+01
    endloop
  endfacet
  facet normal 0.000000E+00 0.000000E+00 -1.000000E+00
    outer loop
      vertex 8.858453E+01 1.112578E+01 1.340000E+01
      vertex 8.820310E+01 1.183438E+01 1.340000E+01
      vertex 8.867693E+01 1.197373E+01 1.340000E+01
    endloop
  endfacet
  facet normal -0.000000E+00 0.000000E+00 -1.000000E+00
    outer loop
      vertex 8.858453E+01 1.112578E+01 1.340000E+01
      vertex 8.832541E+01 1.099243E+01 1.340000E+01
      vertex 8.820310E+01 1.183438E+01 1.340000E+01
    endloop
  endfacet
  facet normal -0.000000E+00 0.000000E+00 -1.000000E+00
    outer loop
      vertex 8.783539E+01 1.028926E+01 1.340000E+01
      vertex 8.701940E+01 1.027792E+01 1.340000E+01
      vertex 8.707724E+01 1.055045E+01 1.340000E+01
    endloop
  endfacet
  facet normal 0.000000E+00 0.000000E+00 -1.000000E+00
    outer loop
      vertex 8.783539E+01 1.028926E+01 1.340000E+01
      vertex 8.707724E+01 1.055045E+01 1.340000E+01
      vertex 8.717239E+01 1.081230E+01 1.340000E+01
    endloop
  endfacet
  facet normal 0.000000E+00 0.000000E+00 -1.000000E+00
    outer loop
      vertex 8.783539E+01 1.028926E+01 1.340000E+01
      vertex 8.717239E+01 1.081230E+01 1.340000E+01
      vertex 8.793945E+01 1.056147E+01 1.340000E+01
    endloop
  endfacet
  facet normal 0.000000E+00 0.000000E+00 -1.000000E+00
    outer loop
      vertex 8.875893E+01 8.014583E+00 1.340000E+01
      vertex 8.857447E+01 8.877980E+00 1.340000E+01
      vertex 8.885535E+01 8.808749E+00 1.340000E+01
    endloop
  endfacet
  facet normal 0.000000E+00 0.000000E+00 -1.000000E+00
    outer loop
      vertex 8.875893E+01 8.014583E+00 1.340000E+01
      vertex 8.829079E+01 8.129968E+00 1.340000E+01
      vertex 8.857447E+01 8.877980E+00 1.340000E+01
    endloop
  endfacet
  facet normal 0.000000E+00 0.000000E+00 -1.000000E+00
    outer loop
      vertex 9.100000E+01 1.000000E+01 1.340000E+01
      vertex 9.020000E+01 1.000000E+01 1.340000E+01
      vertex 9.018570E+01 1.018472E+01 1.340000E+01
    endloop
  endfacet
  facet normal 0.000000E+00 0.000000E+00 -1.000000E+00
    outer loop
      vertex 8.886815E+01 1.119273E+01 1.340000E+01
      vertex 8.867693E+01 1.197373E+01 1.340000E+01
      vertex 8.917046E+01 1.199272E+01 1.340000E+01
    endloop
  endfacet
  facet normal -0.000000E+00 0.000000E+00 -1.000000E+00
    outer loop
      vertex 8.886815E+01 1.119273E+01 1.340000E+01
      vertex 8.858453E+01 1.112578E+01 1.340000E+01
      vertex 8.867693E+01 1.197373E+01 1.340000E+01
    endloop
  endfacet
  facet normal 0.000000E+00 0.000000E+00 -1.000000E+00
    outer loop
      vertex 9.100000E+01 1.000000E+01 1.340000E+01
      vertex 9.018570E+01 1.018472E+01 1.340000E+01
      vertex 9.093902E+01 1.049011E+01 1.340000E+01
    endloop
  endfacet
  facet normal 0.000000E+00 0.000000E+00 -1.000000E+00
    outer loop
      vertex 8.924107E+01 8.014583E+00 1.340000E+01
      vertex 8.885535E+01 8.808749E+00 1.340000E+01
      vertex 8.914465E+01 8.808749E+00 1.340000E+01
    endloop
  endfacet
  facet normal 0.000000E+00 0.000000E+00 -1.000000E+00
    outer loop
      vertex 8.924107E+01 8.014583E+00 1.340000E+01
      vertex 8.875893E+01 8.014583E+00 1.340000E+01
      vertex 8.885535E+01 8.808749E+00 1.340000E+01
    endloop
  endfacet
  facet normal 0.000000E+00 0.000000E+00 -1.000000E+00
    outer loop
      vertex 8.780000E+01 1.000000E+01 1.340000E+01
      vertex 8.700000E+01 1.000000E+01 1.340000E+01
      vertex 8.701940E+01 1.027792E+01 1.340000E+01
    endloop
  endfacet
  facet normal 0.000000E+00 0.000000E+00 -1.000000E+00
    outer loop
      vertex 8.780000E+01 1.000000E+01 1.340000E+01
      vertex 8.701940E+01 1.027792E+01 1.340000E+01
      vertex 8.783539E+01 1.028926E+01 1.340000E+01
    endloop
  endfacet
  facet normal 0.000000E+00 0.000000E+00 -1.000000E+00
    outer loop
      vertex 9.094189E+01 9.521369E+00 1.340000E+01
      vertex 9.016513E+01 9.712821E+00 1.340000E+01
      vertex 9.020000E+01 1.000000E+01 1.340000E+01
    endloop
  endfacet
  facet normal -0.000000E+00 0.000000E+00 -1.000000E+00
    outer loop
      vertex 9.094189E+01 9.521369E+00 1.340000E+01
      vertex 9.006255E+01 9.442332E+00 1.340000E+01
      vertex 9.016513E+01 9.712821E+00 1.340000E+01
    endloop
  endfacet
  facet normal 0.000000E+00 0.000000E+00 -1.000000E+00
    outer loop
      vertex 9.094189E+01 9.521369E+00 1.340000E+01
      vertex 9.020000E+01 1.000000E+01 1.340000E+01
      vertex 9.100000E+01 1.000000E+01 1.340000E+01
    endloop
  endfacet
  facet normal 0.000000E+00 0.000000E+00 -1.000000E+00
    outer loop
      vertex 8.915955E+01 1.118935E+01 1.340000E+01
      vertex 8.917046E+01 1.199272E+01 1.340000E+01
      vertex 8.965359E+01 1.189019E+01 1.340000E+01
    endloop
  endfacet
  facet normal 0.000000E+00 0.000000E+00 -1.000000E+00
    outer loop
      vertex 8.915955E+01 1.118935E+01 1.340000E+01
      vertex 8.886815E+01 1.119273E+01 1.340000E+01
      vertex 8.917046E+01 1.199272E+01 1.340000E+01
    endloop
  endfacet
  facet normal 0.000000E+00 0.000000E+00 -1.000000E+00
    outer loop
      vertex 8.970921E+01 8.129968E+00 1.340000E+01
      vertex 8.914465E+01 8.808749E+00 1.340000E+01
      vertex 8.942553E+01 8.877980E+00 1.340000E+01
    endloop
  endfacet
  facet normal -0.000000E+00 0.000000E+00 -1.000000E+00
    outer loop
      vertex 8.970921E+01 8.129968E+00 1.340000E+01
      vertex 8.924107E+01 8.014583E+00 1.340000E+01
      vertex 8.914465E+01 8.808749E+00 1.340000E+01
    endloop
  endfacet
  facet normal -0.000000E+00 0.000000E+00 -1.000000E+00
    outer loop
      vertex 8.783487E+01 9.712821E+00 1.340000E+01
      vertex 8.705811E+01 9.521369E+00 1.340000E+01
      vertex 8.700000E+01 1.000000E+01 1.340000E+01
    endloop
  endfacet
  facet normal 0.000000E+00 0.000000E+00 -1.000000E+00
    outer loop
      vertex 8.783487E+01 9.712821E+00 1.340000E+01
      vertex 8.700000E+01 1.000000E+01 1.340000E+01
      vertex 8.780000E+01 1.000000E+01 1.340000E+01
    endloop
  endfacet
  facet normal 0.000000E+00 0.000000E+00 -1.000000E+00
    outer loop
      vertex 9.077091E+01 9.070554E+00 1.340000E+01
      vertex 9.006255E+01 9.442332E+00 1.340000E+01
      vertex 9.094189E+01 9.521369E+00 1.340000E+01
    endloop
  endfacet
  facet normal 0.000000E+00 0.000000E+00 -1.000000E+00
    outer loop
      vertex 9.013613E+01 8.354033E+00 1.340000E+01
      vertex 8.942553E+01 8.877980E+00 1.340000E+01
      vertex 8.968168E+01 9.012420E+00 1.340000E+01
    endloop
  endfacet
  facet normal -0.000000E+00 0.000000E+00 -1.000000E+00
    outer loop
      vertex 9.013613E+01 8.354033E+00 1.340000E+01
      vertex 8.970921E+01 8.129968E+00 1.340000E+01
      vertex 8.942553E+01 8.877980E+00 1.340000E+01
    endloop
  endfacet
  facet normal 0.000000E+00 0.000000E+00 -1.000000E+00
    outer loop
      vertex 9.049702E+01 8.673755E+00 1.340000E+01
      vertex 8.989822E+01 9.204253E+00 1.340000E+01
      vertex 9.006255E+01 9.442332E+00 1.340000E+01
    endloop
  endfacet
  facet normal 0.000000E+00 0.000000E+00 -1.000000E+00
    outer loop
      vertex 9.049702E+01 8.673755E+00 1.340000E+01
      vertex 8.968168E+01 9.012420E+00 1.340000E+01
      vertex 8.989822E+01 9.204253E+00 1.340000E+01
    endloop
  endfacet
  facet normal 0.000000E+00 0.000000E+00 -1.000000E+00
    outer loop
      vertex 8.944154E+01 1.111582E+01 1.340000E+01
      vertex 8.915955E+01 1.118935E+01 1.340000E+01
      vertex 8.965359E+01 1.189019E+01 1.340000E+01
    endloop
  endfacet
  facet normal -0.000000E+00 0.000000E+00 -1.000000E+00
    outer loop
      vertex 9.049702E+01 8.673755E+00 1.340000E+01
      vertex 9.013613E+01 8.354033E+00 1.340000E+01
      vertex 8.968168E+01 9.012420E+00 1.340000E+01
    endloop
  endfacet
  facet normal 0.000000E+00 0.000000E+00 -1.000000E+00
    outer loop
      vertex 9.049702E+01 8.673755E+00 1.340000E+01
      vertex 9.006255E+01 9.442332E+00 1.340000E+01
      vertex 9.077091E+01 9.070554E+00 1.340000E+01
    endloop
  endfacet
  facet normal -0.000000E+00 0.000000E+00 -1.000000E+00
    outer loop
      vertex 9.009686E+01 1.167239E+01 1.340000E+01
      vertex 8.944154E+01 1.111582E+01 1.340000E+01
      vertex 8.965359E+01 1.189019E+01 1.340000E+01
    endloop
  endfacet
  facet normal -0.000000E+00 0.000000E+00 -1.000000E+00
    outer loop
      vertex 8.793745E+01 9.442332E+00 1.340000E+01
      vertex 8.722909E+01 9.070554E+00 1.340000E+01
      vertex 8.705811E+01 9.521369E+00 1.340000E+01
    endloop
  endfacet
  facet normal 0.000000E+00 0.000000E+00 -1.000000E+00
    outer loop
      vertex 8.793745E+01 9.442332E+00 1.340000E+01
      vertex 8.705811E+01 9.521369E+00 1.340000E+01
      vertex 8.783487E+01 9.712821E+00 1.340000E+01
    endloop
  endfacet
  facet normal 0.000000E+00 0.000000E+00 -1.000000E+00
    outer loop
      vertex 8.969749E+01 1.097648E+01 1.340000E+01
      vertex 8.944154E+01 1.111582E+01 1.340000E+01
      vertex 9.009686E+01 1.167239E+01 1.340000E+01
    endloop
  endfacet
  facet normal -0.000000E+00 0.000000E+00 -1.000000E+00
    outer loop
      vertex 8.810178E+01 9.204253E+00 1.340000E+01
      vertex 8.722909E+01 9.070554E+00 1.340000E+01
      vertex 8.793745E+01 9.442332E+00 1.340000E+01
    endloop
  endfacet
  facet normal 0.000000E+00 0.000000E+00 -1.000000E+00
    outer loop
      vertex 8.810178E+01 9.204253E+00 1.340000E+01
      vertex 8.750298E+01 8.673755E+00 1.340000E+01
      vertex 8.722909E+01 9.070554E+00 1.340000E+01
    endloop
  endfacet
  facet normal -0.000000E+00 0.000000E+00 -1.000000E+00
    outer loop
      vertex 9.047324E+01 1.135261E+01 1.340000E+01
      vertex 8.969749E+01 1.097648E+01 1.340000E+01
      vertex 9.009686E+01 1.167239E+01 1.340000E+01
    endloop
  endfacet
  facet normal 0.000000E+00 0.000000E+00 -1.000000E+00
    outer loop
      vertex 8.991230E+01 1.077956E+01 1.340000E+01
      vertex 8.969749E+01 1.097648E+01 1.340000E+01
      vertex 9.047324E+01 1.135261E+01 1.340000E+01
    endloop
  endfacet
  facet normal 0.000000E+00 0.000000E+00 -1.000000E+00
    outer loop
      vertex 8.786387E+01 8.354033E+00 1.340000E+01
      vertex 8.750298E+01 8.673755E+00 1.340000E+01
      vertex 8.810178E+01 9.204253E+00 1.340000E+01
    endloop
  endfacet
  facet normal 0.000000E+00 0.000000E+00 -1.000000E+00
    outer loop
      vertex 8.786387E+01 8.354033E+00 1.340000E+01
      vertex 8.810178E+01 9.204253E+00 1.340000E+01
      vertex 8.831832E+01 9.012420E+00 1.340000E+01
    endloop
  endfacet
  facet normal 9.927087E-01 1.205381E-01 -0.000000E+00
    outer loop
      vertex 3.150000E+01 6.550000E+01 1.200000E+01
      vertex 3.150000E+01 6.550000E+01 1.340000E+01
      vertex 3.155812E+01 6.502137E+01 1.200000E+01
    endloop
  endfacet
  facet normal 9.350163E-01 3.546049E-01 -0.000000E+00
    outer loop
      vertex 3.155812E+01 6.502137E+01 1.200000E+01
      vertex 3.155812E+01 6.502137E+01 1.340000E+01
      vertex 3.172909E+01 6.457056E+01 1.200000E+01
    endloop
  endfacet
  facet normal 9.927087E-01 1.205381E-01 0.000000E+00
    outer loop
      vertex 3.150000E+01 6.550000E+01 1.340000E+01
      vertex 3.155812E+01 6.502137E+01 1.340000E+01
      vertex 3.155812E+01 6.502137E+01 1.200000E+01
    endloop
  endfacet
  facet normal 8.229869E-01 5.680603E-01 -0.000000E+00
    outer loop
      vertex 3.172909E+01 6.457056E+01 1.200000E+01
      vertex 3.172909E+01 6.457056E+01 1.340000E+01
      vertex 3.200298E+01 6.417375E+01 1.200000E+01
    endloop
  endfacet
  facet normal 9.350163E-01 3.546049E-01 0.000000E+00
    outer loop
      vertex 3.155812E+01 6.502137E+01 1.340000E+01
      vertex 3.172909E+01 6.457056E+01 1.340000E+01
      vertex 3.172909E+01 6.457056E+01 1.200000E+01
    endloop
  endfacet
  facet normal 6.631239E-01 7.485096E-01 -0.000000E+00
    outer loop
      vertex 3.200298E+01 6.417375E+01 1.200000E+01
      vertex 3.200298E+01 6.417375E+01 1.340000E+01
      vertex 3.236387E+01 6.385403E+01 1.200000E+01
    endloop
  endfacet
  facet normal 8.229869E-01 5.680603E-01 0.000000E+00
    outer loop
      vertex 3.172909E+01 6.457056E+01 1.340000E+01
      vertex 3.200298E+01 6.417375E+01 1.340000E+01
      vertex 3.200298E+01 6.417375E+01 1.200000E+01
    endloop
  endfacet
  facet normal 4.647200E-01 8.854577E-01 -0.000000E+00
    outer loop
      vertex 3.236387E+01 6.385403E+01 1.200000E+01
      vertex 3.236387E+01 6.385403E+01 1.340000E+01
      vertex 3.279079E+01 6.362997E+01 1.200000E+01
    endloop
  endfacet
  facet normal 6.631239E-01 7.485096E-01 0.000000E+00
    outer loop
      vertex 3.200298E+01 6.417375E+01 1.340000E+01
      vertex 3.236387E+01 6.385403E+01 1.340000E+01
      vertex 3.236387E+01 6.385403E+01 1.200000E+01
    endloop
  endfacet
  facet normal 2.393118E-01 9.709427E-01 -0.000000E+00
    outer loop
      vertex 3.279079E+01 6.362997E+01 1.200000E+01
      vertex 3.279079E+01 6.362997E+01 1.340000E+01
      vertex 3.325893E+01 6.351458E+01 1.200000E+01
    endloop
  endfacet
  facet normal 4.647200E-01 8.854577E-01 0.000000E+00
    outer loop
      vertex 3.236387E+01 6.385403E+01 1.340000E+01
      vertex 3.279079E+01 6.362997E+01 1.340000E+01
      vertex 3.279079E+01 6.362997E+01 1.200000E+01
    endloop
  endfacet
  facet normal 0.000000E+00 1.000000E+00 0.000000E+00
    outer loop
      vertex 3.325893E+01 6.351458E+01 1.200000E+01
      vertex 3.325893E+01 6.351458E+01 1.340000E+01
      vertex 3.374107E+01 6.351458E+01 1.200000E+01
    endloop
  endfacet
  facet normal 2.393118E-01 9.709427E-01 0.000000E+00
    outer loop
      vertex 3.279079E+01 6.362997E+01 1.340000E+01
      vertex 3.325893E+01 6.351458E+01 1.340000E+01
      vertex 3.325893E+01 6.351458E+01 1.200000E+01
    endloop
  endfacet
  facet normal -2.393118E-01 9.709427E-01 0.000000E+00
    outer loop
      vertex 3.374107E+01 6.351458E+01 1.200000E+01
      vertex 3.374107E+01 6.351458E+01 1.340000E+01
      vertex 3.420921E+01 6.362997E+01 1.200000E+01
    endloop
  endfacet
  facet normal -0.000000E+00 1.000000E+00 0.000000E+00
    outer loop
      vertex 3.325893E+01 6.351458E+01 1.340000E+01
      vertex 3.374107E+01 6.351458E+01 1.340000E+01
      vertex 3.374107E+01 6.351458E+01 1.200000E+01
    endloop
  endfacet
  facet normal -4.647200E-01 8.854577E-01 0.000000E+00
    outer loop
      vertex 3.420921E+01 6.362997E+01 1.200000E+01
      vertex 3.420921E+01 6.362997E+01 1.340000E+01
      vertex 3.463613E+01 6.385403E+01 1.200000E+01
    endloop
  endfacet
  facet normal -2.393118E-01 9.709427E-01 0.000000E+00
    outer loop
      vertex 3.374107E+01 6.351458E+01 1.340000E+01
      vertex 3.420921E+01 6.362997E+01 1.340000E+01
      vertex 3.420921E+01 6.362997E+01 1.200000E+01
    endloop
  endfacet
  facet normal -6.631239E-01 7.485096E-01 0.000000E+00
    outer loop
      vertex 3.463613E+01 6.385403E+01 1.200000E+01
      vertex 3.463613E+01 6.385403E+01 1.340000E+01
      vertex 3.499702E+01 6.417375E+01 1.200000E+01
    endloop
  endfacet
  facet normal -4.647200E-01 8.854577E-01 0.000000E+00
    outer loop
      vertex 3.420921E+01 6.362997E+01 1.340000E+01
      vertex 3.463613E+01 6.385403E+01 1.340000E+01
      vertex 3.463613E+01 6.385403E+01 1.200000E+01
    endloop
  endfacet
  facet normal -8.229869E-01 5.680603E-01 0.000000E+00
    outer loop
      vertex 3.499702E+01 6.417375E+01 1.200000E+01
      vertex 3.499702E+01 6.417375E+01 1.340000E+01
      vertex 3.527091E+01 6.457056E+01 1.200000E+01
    endloop
  endfacet
  facet normal -6.631239E-01 7.485096E-01 0.000000E+00
    outer loop
      vertex 3.463613E+01 6.385403E+01 1.340000E+01
      vertex 3.499702E+01 6.417375E+01 1.340000E+01
      vertex 3.499702E+01 6.417375E+01 1.200000E+01
    endloop
  endfacet
  facet normal -9.350163E-01 3.546049E-01 0.000000E+00
    outer loop
      vertex 3.527091E+01 6.457056E+01 1.200000E+01
      vertex 3.527091E+01 6.457056E+01 1.340000E+01
      vertex 3.544188E+01 6.502137E+01 1.200000E+01
    endloop
  endfacet
  facet normal -8.229869E-01 5.680603E-01 0.000000E+00
    outer loop
      vertex 3.499702E+01 6.417375E+01 1.340000E+01
      vertex 3.527091E+01 6.457056E+01 1.340000E+01
      vertex 3.527091E+01 6.457056E+01 1.200000E+01
    endloop
  endfacet
  facet normal -9.927087E-01 1.205381E-01 0.000000E+00
    outer loop
      vertex 3.544188E+01 6.502137E+01 1.200000E+01
      vertex 3.544188E+01 6.502137E+01 1.340000E+01
      vertex 3.550000E+01 6.550000E+01 1.200000E+01
    endloop
  endfacet
  facet normal -9.350163E-01 3.546049E-01 0.000000E+00
    outer loop
      vertex 3.527091E+01 6.457056E+01 1.340000E+01
      vertex 3.544188E+01 6.502137E+01 1.340000E+01
      vertex 3.544188E+01 6.502137E+01 1.200000E+01
    endloop
  endfacet
  facet normal -9.927087E-01 1.205381E-01 0.000000E+00
    outer loop
      vertex 3.544188E+01 6.502137E+01 1.340000E+01
      vertex 3.550000E+01 6.550000E+01 1.340000E+01
      vertex 3.550000E+01 6.550000E+01 1.200000E+01
    endloop
  endfacet
  facet normal -0.000000E+00 0.000000E+00 -1.000000E+00
    outer loop
      vertex 3.278123E+01 6.453908E+01 1.340000E+01
      vertex 3.200298E+01 6.417375E+01 1.340000E+01
      vertex 3.257944E+01 6.473022E+01 1.340000E+01
    endloop
  endfacet
  facet normal 0.000000E+00 0.000000E+00 -1.000000E+00
    outer loop
      vertex 3.420921E+01 6.362997E+01 1.340000E+01
      vertex 3.383895E+01 6.434887E+01 1.340000E+01
      vertex 3.409470E+01 6.445773E+01 1.340000E+01
    endloop
  endfacet
  facet normal -0.000000E+00 0.000000E+00 -1.000000E+00
    outer loop
      vertex 3.420921E+01 6.362997E+01 1.340000E+01
      vertex 3.374107E+01 6.351458E+01 1.340000E+01
      vertex 3.383895E+01 6.434887E+01 1.340000E+01
    endloop
  endfacet
  facet normal 0.000000E+00 0.000000E+00 -1.000000E+00
    outer loop
      vertex 3.527091E+01 6.457056E+01 1.340000E+01
      vertex 3.449846E+01 6.483436E+01 1.340000E+01
      vertex 3.460897E+01 6.504155E+01 1.340000E+01
    endloop
  endfacet
  facet normal 0.000000E+00 0.000000E+00 -1.000000E+00
    outer loop
      vertex 3.527091E+01 6.457056E+01 1.340000E+01
      vertex 3.460897E+01 6.504155E+01 1.340000E+01
      vertex 3.544188E+01 6.502137E+01 1.340000E+01
    endloop
  endfacet
  facet normal 0.000000E+00 0.000000E+00 -1.000000E+00
    outer loop
      vertex 3.456255E+01 6.605767E+01 1.340000E+01
      vertex 3.439821E+01 6.629575E+01 1.340000E+01
      vertex 3.500291E+01 6.681956E+01 1.340000E+01
    endloop
  endfacet
  facet normal 0.000000E+00 0.000000E+00 -1.000000E+00
    outer loop
      vertex 3.463613E+01 6.385403E+01 1.340000E+01
      vertex 3.409470E+01 6.445773E+01 1.340000E+01
      vertex 3.431853E+01 6.462251E+01 1.340000E+01
    endloop
  endfacet
  facet normal -0.000000E+00 0.000000E+00 -1.000000E+00
    outer loop
      vertex 3.463613E+01 6.385403E+01 1.340000E+01
      vertex 3.420921E+01 6.362997E+01 1.340000E+01
      vertex 3.409470E+01 6.445773E+01 1.340000E+01
    endloop
  endfacet
  facet normal 0.000000E+00 0.000000E+00 -1.000000E+00
    outer loop
      vertex 3.499702E+01 6.417375E+01 1.340000E+01
      vertex 3.431853E+01 6.462251E+01 1.340000E+01
      vertex 3.449846E+01 6.483436E+01 1.340000E+01
    endloop
  endfacet
  facet normal -0.000000E+00 0.000000E+00 -1.000000E+00
    outer loop
      vertex 3.499702E+01 6.417375E+01 1.340000E+01
      vertex 3.463613E+01 6.385403E+01 1.340000E+01
      vertex 3.431853E+01 6.462251E+01 1.340000E+01
    endloop
  endfacet
  facet normal 0.000000E+00 0.000000E+00 -1.000000E+00
    outer loop
      vertex 3.499702E+01 6.417375E+01 1.340000E+01
      vertex 3.449846E+01 6.483436E+01 1.340000E+01
      vertex 3.527091E+01 6.457056E+01 1.340000E+01
    endloop
  endfacet
  facet normal 0.000000E+00 0.000000E+00 -1.000000E+00
    outer loop
      vertex 3.236387E+01 6.385403E+01 1.340000E+01
      vertex 3.200298E+01 6.417375E+01 1.340000E+01
      vertex 3.278123E+01 6.453908E+01 1.340000E+01
    endloop
  endfacet
  facet normal -0.000000E+00 0.000000E+00 -1.000000E+00
    outer loop
      vertex 3.302159E+01 6.439949E+01 1.340000E+01
      vertex 3.236387E+01 6.385403E+01 1.340000E+01
      vertex 3.278123E+01 6.453908E+01 1.340000E+01
    endloop
  endfacet
  facet normal -0.000000E+00 0.000000E+00 -1.000000E+00
    outer loop
      vertex 3.527367E+01 6.642419E+01 1.340000E+01
      vertex 3.456255E+01 6.605767E+01 1.340000E+01
      vertex 3.500291E+01 6.681956E+01 1.340000E+01
    endloop
  endfacet
  facet normal 0.000000E+00 0.000000E+00 -1.000000E+00
    outer loop
      vertex 3.466513E+01 6.578718E+01 1.340000E+01
      vertex 3.456255E+01 6.605767E+01 1.340000E+01
      vertex 3.527367E+01 6.642419E+01 1.340000E+01
    endloop
  endfacet
  facet normal 0.000000E+00 0.000000E+00 -1.000000E+00
    outer loop
      vertex 3.260179E+01 6.629575E+01 1.340000E+01
      vertex 3.174450E+01 6.645824E+01 1.340000E+01
      vertex 3.202283E+01 6.684833E+01 1.340000E+01
    endloop
  endfacet
  facet normal 0.000000E+00 0.000000E+00 -1.000000E+00
    outer loop
      vertex 3.279079E+01 6.362997E+01 1.340000E+01
      vertex 3.302159E+01 6.439949E+01 1.340000E+01
      vertex 3.328761E+01 6.431895E+01 1.340000E+01
    endloop
  endfacet
  facet normal 0.000000E+00 0.000000E+00 -1.000000E+00
    outer loop
      vertex 3.279079E+01 6.362997E+01 1.340000E+01
      vertex 3.236387E+01 6.385403E+01 1.340000E+01
      vertex 3.302159E+01 6.439949E+01 1.340000E+01
    endloop
  endfacet
  facet normal 0.000000E+00 0.000000E+00 -1.000000E+00
    outer loop
      vertex 3.281832E+01 6.648758E+01 1.340000E+01
      vertex 3.202283E+01 6.684833E+01 1.340000E+01
      vertex 3.238597E+01 6.716100E+01 1.340000E+01
    endloop
  endfacet
  facet normal -0.000000E+00 0.000000E+00 -1.000000E+00
    outer loop
      vertex 3.281832E+01 6.648758E+01 1.340000E+01
      vertex 3.260179E+01 6.629575E+01 1.340000E+01
      vertex 3.202283E+01 6.684833E+01 1.340000E+01
    endloop
  endfacet
  facet normal 0.000000E+00 0.000000E+00 -1.000000E+00
    outer loop
      vertex 3.243745E+01 6.605767E+01 1.340000E+01
      vertex 3.160994E+01 6.615395E+01 1.340000E+01
      vertex 3.174450E+01 6.645824E+01 1.340000E+01
    endloop
  endfacet
  facet normal 0.000000E+00 0.000000E+00 -1.000000E+00
    outer loop
      vertex 3.243745E+01 6.605767E+01 1.340000E+01
      vertex 3.174450E+01 6.645824E+01 1.340000E+01
      vertex 3.260179E+01 6.629575E+01 1.340000E+01
    endloop
  endfacet
  facet normal 0.000000E+00 0.000000E+00 -1.000000E+00
    outer loop
      vertex 3.307447E+01 6.662202E+01 1.340000E+01
      vertex 3.238597E+01 6.716100E+01 1.340000E+01
      vertex 3.281305E+01 6.737833E+01 1.340000E+01
    endloop
  endfacet
  facet normal -0.000000E+00 0.000000E+00 -1.000000E+00
    outer loop
      vertex 3.307447E+01 6.662202E+01 1.340000E+01
      vertex 3.281832E+01 6.648758E+01 1.340000E+01
      vertex 3.238597E+01 6.716100E+01 1.340000E+01
    endloop
  endfacet
  facet normal 0.000000E+00 0.000000E+00 -1.000000E+00
    outer loop
      vertex 3.233487E+01 6.578718E+01 1.340000E+01
      vertex 3.152768E+01 6.583157E+01 1.340000E+01
      vertex 3.160994E+01 6.615395E+01 1.340000E+01
    endloop
  endfacet
  facet normal 0.000000E+00 0.000000E+00 -1.000000E+00
    outer loop
      vertex 3.233487E+01 6.578718E+01 1.340000E+01
      vertex 3.160994E+01 6.615395E+01 1.340000E+01
      vertex 3.243745E+01 6.605767E+01 1.340000E+01
    endloop
  endfacet
  facet normal 0.000000E+00 0.000000E+00 -1.000000E+00
    outer loop
      vertex 3.335535E+01 6.669125E+01 1.340000E+01
      vertex 3.281305E+01 6.737833E+01 1.340000E+01
      vertex 3.327958E+01 6.748782E+01 1.340000E+01
    endloop
  endfacet
  facet normal -0.000000E+00 0.000000E+00 -1.000000E+00
    outer loop
      vertex 3.335535E+01 6.669125E+01 1.340000E+01
      vertex 3.307447E+01 6.662202E+01 1.340000E+01
      vertex 3.281305E+01 6.737833E+01 1.340000E+01
    endloop
  endfacet
  facet normal -0.000000E+00 0.000000E+00 -1.000000E+00
    outer loop
      vertex 3.544259E+01 6.597575E+01 1.340000E+01
      vertex 3.466513E+01 6.578718E+01 1.340000E+01
      vertex 3.527367E+01 6.642419E+01 1.340000E+01
    endloop
  endfacet
  facet normal 0.000000E+00 0.000000E+00 -1.000000E+00
    outer loop
      vertex 3.544259E+01 6.597575E+01 1.340000E+01
      vertex 3.470000E+01 6.550000E+01 1.340000E+01
      vertex 3.466513E+01 6.578718E+01 1.340000E+01
    endloop
  endfacet
  facet normal 0.000000E+00 0.000000E+00 -1.000000E+00
    outer loop
      vertex 3.230000E+01 6.550000E+01 1.340000E+01
      vertex 3.150000E+01 6.550000E+01 1.340000E+01
      vertex 3.152768E+01 6.583157E+01 1.340000E+01
    endloop
  endfacet
  facet normal 0.000000E+00 0.000000E+00 -1.000000E+00
    outer loop
      vertex 3.230000E+01 6.550000E+01 1.340000E+01
      vertex 3.152768E+01 6.583157E+01 1.340000E+01
      vertex 3.233487E+01 6.578718E+01 1.340000E+01
    endloop
  endfacet
  facet normal 0.000000E+00 0.000000E+00 -1.000000E+00
    outer loop
      vertex 3.364465E+01 6.669125E+01 1.340000E+01
      vertex 3.327958E+01 6.748782E+01 1.340000E+01
      vertex 3.375875E+01 6.748319E+01 1.340000E+01
    endloop
  endfacet
  facet normal 0.000000E+00 0.000000E+00 -1.000000E+00
    outer loop
      vertex 3.364465E+01 6.669125E+01 1.340000E+01
      vertex 3.335535E+01 6.669125E+01 1.340000E+01
      vertex 3.327958E+01 6.748782E+01 1.340000E+01
    endloop
  endfacet
  facet normal -0.000000E+00 0.000000E+00 -1.000000E+00
    outer loop
      vertex 3.233219E+01 6.522392E+01 1.340000E+01
      vertex 3.155812E+01 6.502137E+01 1.340000E+01
      vertex 3.150000E+01 6.550000E+01 1.340000E+01
    endloop
  endfacet
  facet normal 0.000000E+00 0.000000E+00 -1.000000E+00
    outer loop
      vertex 3.233219E+01 6.522392E+01 1.340000E+01
      vertex 3.150000E+01 6.550000E+01 1.340000E+01
      vertex 3.230000E+01 6.550000E+01 1.340000E+01
    endloop
  endfacet
  facet normal 0.000000E+00 0.000000E+00 -1.000000E+00
    outer loop
      vertex 3.392553E+01 6.662202E+01 1.340000E+01
      vertex 3.375875E+01 6.748319E+01 1.340000E+01
      vertex 3.422308E+01 6.736472E+01 1.340000E+01
    endloop
  endfacet
  facet normal 0.000000E+00 0.000000E+00 -1.000000E+00
    outer loop
      vertex 3.392553E+01 6.662202E+01 1.340000E+01
      vertex 3.364465E+01 6.669125E+01 1.340000E+01
      vertex 3.375875E+01 6.748319E+01 1.340000E+01
    endloop
  endfacet
  facet normal -0.000000E+00 0.000000E+00 -1.000000E+00
    outer loop
      vertex 3.242703E+01 6.496265E+01 1.340000E+01
      vertex 3.172909E+01 6.457056E+01 1.340000E+01
      vertex 3.155812E+01 6.502137E+01 1.340000E+01
    endloop
  endfacet
  facet normal 0.000000E+00 0.000000E+00 -1.000000E+00
    outer loop
      vertex 3.242703E+01 6.496265E+01 1.340000E+01
      vertex 3.155812E+01 6.502137E+01 1.340000E+01
      vertex 3.233219E+01 6.522392E+01 1.340000E+01
    endloop
  endfacet
  facet normal 0.000000E+00 0.000000E+00 -1.000000E+00
    outer loop
      vertex 3.418168E+01 6.648758E+01 1.340000E+01
      vertex 3.422308E+01 6.736472E+01 1.340000E+01
      vertex 3.464589E+01 6.713919E+01 1.340000E+01
    endloop
  endfacet
  facet normal 0.000000E+00 0.000000E+00 -1.000000E+00
    outer loop
      vertex 3.418168E+01 6.648758E+01 1.340000E+01
      vertex 3.392553E+01 6.662202E+01 1.340000E+01
      vertex 3.422308E+01 6.736472E+01 1.340000E+01
    endloop
  endfacet
  facet normal 0.000000E+00 0.000000E+00 -1.000000E+00
    outer loop
      vertex 3.325893E+01 6.351458E+01 1.340000E+01
      vertex 3.328761E+01 6.431895E+01 1.340000E+01
      vertex 3.356503E+01 6.430177E+01 1.340000E+01
    endloop
  endfacet
  facet normal 0.000000E+00 0.000000E+00 -1.000000E+00
    outer loop
      vertex 3.325893E+01 6.351458E+01 1.340000E+01
      vertex 3.279079E+01 6.362997E+01 1.340000E+01
      vertex 3.328761E+01 6.431895E+01 1.340000E+01
    endloop
  endfacet
  facet normal -0.000000E+00 0.000000E+00 -1.000000E+00
    outer loop
      vertex 3.550000E+01 6.550000E+01 1.340000E+01
      vertex 3.467702E+01 6.526630E+01 1.340000E+01
      vertex 3.470000E+01 6.550000E+01 1.340000E+01
    endloop
  endfacet
  facet normal 0.000000E+00 0.000000E+00 -1.000000E+00
    outer loop
      vertex 3.550000E+01 6.550000E+01 1.340000E+01
      vertex 3.470000E+01 6.550000E+01 1.340000E+01
      vertex 3.544259E+01 6.597575E+01 1.340000E+01
    endloop
  endfacet
  facet normal 0.000000E+00 0.000000E+00 -1.000000E+00
    outer loop
      vertex 3.257944E+01 6.473022E+01 1.340000E+01
      vertex 3.200298E+01 6.417375E+01 1.340000E+01
      vertex 3.172909E+01 6.457056E+01 1.340000E+01
    endloop
  endfacet
  facet normal -0.000000E+00 0.000000E+00 -1.000000E+00
    outer loop
      vertex 3.257944E+01 6.473022E+01 1.340000E+01
      vertex 3.172909E+01 6.457056E+01 1.340000E+01
      vertex 3.242703E+01 6.496265E+01 1.340000E+01
    endloop
  endfacet
  facet normal 0.000000E+00 0.000000E+00 -1.000000E+00
    outer loop
      vertex 3.374107E+01 6.351458E+01 1.340000E+01
      vertex 3.356503E+01 6.430177E+01 1.340000E+01
      vertex 3.383895E+01 6.434887E+01 1.340000E+01
    endloop
  endfacet
  facet normal 0.000000E+00 0.000000E+00 -1.000000E+00
    outer loop
      vertex 3.374107E+01 6.351458E+01 1.340000E+01
      vertex 3.325893E+01 6.351458E+01 1.340000E+01
      vertex 3.356503E+01 6.430177E+01 1.340000E+01
    endloop
  endfacet
  facet normal 0.000000E+00 0.000000E+00 -1.000000E+00
    outer loop
      vertex 3.544188E+01 6.502137E+01 1.340000E+01
      vertex 3.460897E+01 6.504155E+01 1.340000E+01
      vertex 3.467702E+01 6.526630E+01 1.340000E+01
    endloop
  endfacet
  facet normal 0.000000E+00 0.000000E+00 -1.000000E+00
    outer loop
      vertex 3.439821E+01 6.629575E+01 1.340000E+01
      vertex 3.418168E+01 6.648758E+01 1.340000E+01
      vertex 3.464589E+01 6.713919E+01 1.340000E+01
    endloop
  endfacet
  facet normal 0.000000E+00 0.000000E+00 -1.000000E+00
    outer loop
      vertex 3.544188E+01 6.502137E+01 1.340000E+01
      vertex 3.467702E+01 6.526630E+01 1.340000E+01
      vertex 3.550000E+01 6.550000E+01 1.340000E+01
    endloop
  endfacet
  facet normal -0.000000E+00 0.000000E+00 -1.000000E+00
    outer loop
      vertex 3.500291E+01 6.681956E+01 1.340000E+01
      vertex 3.439821E+01 6.629575E+01 1.340000E+01
      vertex 3.464589E+01 6.713919E+01 1.340000E+01
    endloop
  endfacet
  facet normal 9.934754E-01 1.140463E-01 0.000000E+00
    outer loop
      vertex -3.800000E+01 1.000000E+01 1.340000E+01
      vertex -3.794798E+01 9.546803E+00 1.340000E+01
      vertex -3.800000E+01 1.000000E+01 1.200000E+01
    endloop
  endfacet
  facet normal 9.934754E-01 1.140463E-01 0.000000E+00
    outer loop
      vertex -3.800000E+01 1.000000E+01 1.200000E+01
      vertex -3.794798E+01 9.546803E+00 1.340000E+01
      vertex -3.794798E+01 9.546803E+00 1.200000E+01
    endloop
  endfacet
  facet normal 9.417926E-01 3.361944E-01 0.000000E+00
    outer loop
      vertex -3.794798E+01 9.546803E+00 1.200000E+01
      vertex -3.779461E+01 9.117185E+00 1.340000E+01
      vertex -3.779461E+01 9.117185E+00 1.200000E+01
    endloop
  endfacet
  facet normal 9.417926E-01 3.361944E-01 0.000000E+00
    outer loop
      vertex -3.794798E+01 9.546803E+00 1.340000E+01
      vertex -3.779461E+01 9.117185E+00 1.340000E+01
      vertex -3.794798E+01 9.546803E+00 1.200000E+01
    endloop
  endfacet
  facet normal 8.411114E-01 5.408621E-01 0.000000E+00
    outer loop
      vertex -3.779461E+01 9.117185E+00 1.200000E+01
      vertex -3.754789E+01 8.733492E+00 1.340000E+01
      vertex -3.754789E+01 8.733492E+00 1.200000E+01
    endloop
  endfacet
  facet normal 8.411114E-01 5.408621E-01 0.000000E+00
    outer loop
      vertex -3.779461E+01 9.117185E+00 1.340000E+01
      vertex -3.754789E+01 8.733492E+00 1.340000E+01
      vertex -3.779461E+01 9.117185E+00 1.200000E+01
    endloop
  endfacet
  facet normal 6.966763E-01 7.173857E-01 0.000000E+00
    outer loop
      vertex -3.754789E+01 8.733492E+00 1.200000E+01
      vertex -3.722063E+01 8.415688E+00 1.340000E+01
      vertex -3.722063E+01 8.415688E+00 1.200000E+01
    endloop
  endfacet
  facet normal 6.966763E-01 7.173857E-01 0.000000E+00
    outer loop
      vertex -3.754789E+01 8.733492E+00 1.340000E+01
      vertex -3.722063E+01 8.415688E+00 1.340000E+01
      vertex -3.754789E+01 8.733492E+00 1.200000E+01
    endloop
  endfacet
  facet normal 5.159996E-01 8.565888E-01 0.000000E+00
    outer loop
      vertex -3.722063E+01 8.415688E+00 1.200000E+01
      vertex -3.682988E+01 8.180304E+00 1.340000E+01
      vertex -3.682988E+01 8.180304E+00 1.200000E+01
    endloop
  endfacet
  facet normal 5.159996E-01 8.565888E-01 0.000000E+00
    outer loop
      vertex -3.722063E+01 8.415688E+00 1.340000E+01
      vertex -3.682988E+01 8.180304E+00 1.340000E+01
      vertex -3.722063E+01 8.415688E+00 1.200000E+01
    endloop
  endfacet
  facet normal 3.084728E-01 9.512332E-01 0.000000E+00
    outer loop
      vertex -3.682988E+01 8.180304E+00 1.200000E+01
      vertex -3.639596E+01 8.039587E+00 1.340000E+01
      vertex -3.639596E+01 8.039587E+00 1.200000E+01
    endloop
  endfacet
  facet normal 3.084728E-01 9.512332E-01 0.000000E+00
    outer loop
      vertex -3.682988E+01 8.180304E+00 1.340000E+01
      vertex -3.639596E+01 8.039587E+00 1.340000E+01
      vertex -3.682988E+01 8.180304E+00 1.200000E+01
    endloop
  endfacet
  facet normal 8.490144E-02 9.963893E-01 0.000000E+00
    outer loop
      vertex -3.639596E+01 8.039587E+00 1.200000E+01
      vertex -3.594143E+01 8.000857E+00 1.340000E+01
      vertex -3.594143E+01 8.000857E+00 1.200000E+01
    endloop
  endfacet
  facet normal 8.490144E-02 9.963893E-01 0.000000E+00
    outer loop
      vertex -3.639596E+01 8.039587E+00 1.340000E+01
      vertex -3.594143E+01 8.000857E+00 1.340000E+01
      vertex -3.639596E+01 8.039587E+00 1.200000E+01
    endloop
  endfacet
  facet normal -1.430883E-01 9.897099E-01 0.000000E+00
    outer loop
      vertex -3.594143E+01 8.000857E+00 1.200000E+01
      vertex -3.548995E+01 8.066131E+00 1.340000E+01
      vertex -3.548995E+01 8.066131E+00 1.200000E+01
    endloop
  endfacet
  facet normal -1.430883E-01 9.897099E-01 0.000000E+00
    outer loop
      vertex -3.594143E+01 8.000857E+00 1.340000E+01
      vertex -3.548995E+01 8.066131E+00 1.340000E+01
      vertex -3.594143E+01 8.000857E+00 1.200000E+01
    endloop
  endfacet
  facet normal -3.636324E-01 9.315426E-01 0.000000E+00
    outer loop
      vertex -3.548995E+01 8.066131E+00 1.200000E+01
      vertex -3.506501E+01 8.232009E+00 1.340000E+01
      vertex -3.506501E+01 8.232009E+00 1.200000E+01
    endloop
  endfacet
  facet normal -3.636324E-01 9.315426E-01 0.000000E+00
    outer loop
      vertex -3.548995E+01 8.066131E+00 1.340000E+01
      vertex -3.506501E+01 8.232009E+00 1.340000E+01
      vertex -3.548995E+01 8.066131E+00 1.200000E+01
    endloop
  endfacet
  facet normal -5.652583E-01 8.249139E-01 0.000000E+00
    outer loop
      vertex -3.506501E+01 8.232009E+00 1.200000E+01
      vertex -3.468871E+01 8.489865E+00 1.340000E+01
      vertex -3.468871E+01 8.489865E+00 1.200000E+01
    endloop
  endfacet
  facet normal -7.325168E-01 6.807489E-01 0.000000E+00
    outer loop
      vertex -3.468871E+01 8.489865E+00 1.200000E+01
      vertex -3.468871E+01 8.489865E+00 1.340000E+01
      vertex -3.439798E+01 8.802695E+00 1.200000E+01
    endloop
  endfacet
  facet normal -5.652583E-01 8.249139E-01 0.000000E+00
    outer loop
      vertex -3.506501E+01 8.232009E+00 1.340000E+01
      vertex -3.468871E+01 8.489865E+00 1.340000E+01
      vertex -3.506501E+01 8.232009E+00 1.200000E+01
    endloop
  endfacet
  facet normal -8.603466E-01 5.097096E-01 0.000000E+00
    outer loop
      vertex -3.439798E+01 8.802695E+00 1.200000E+01
      vertex -3.439798E+01 8.802695E+00 1.340000E+01
      vertex -3.418031E+01 9.170117E+00 1.200000E+01
    endloop
  endfacet
  facet normal -7.325168E-01 6.807489E-01 0.000000E+00
    outer loop
      vertex -3.468871E+01 8.489865E+00 1.340000E+01
      vertex -3.439798E+01 8.802695E+00 1.340000E+01
      vertex -3.439798E+01 8.802695E+00 1.200000E+01
    endloop
  endfacet
  facet normal -9.489489E-01 3.154298E-01 0.000000E+00
    outer loop
      vertex -3.418031E+01 9.170117E+00 1.200000E+01
      vertex -3.418031E+01 9.170117E+00 1.340000E+01
      vertex -3.404560E+01 9.575378E+00 1.200000E+01
    endloop
  endfacet
  facet normal -8.603466E-01 5.097096E-01 0.000000E+00
    outer loop
      vertex -3.439798E+01 8.802695E+00 1.340000E+01
      vertex -3.418031E+01 9.170117E+00 1.340000E+01
      vertex -3.418031E+01 9.170117E+00 1.200000E+01
    endloop
  endfacet
  facet normal -9.942839E-01 1.067690E-01 0.000000E+00
    outer loop
      vertex -3.404560E+01 9.575378E+00 1.200000E+01
      vertex -3.404560E+01 9.575378E+00 1.340000E+01
      vertex -3.400000E+01 1.000000E+01 1.200000E+01
    endloop
  endfacet
  facet normal -9.489489E-01 3.154298E-01 0.000000E+00
    outer loop
      vertex -3.418031E+01 9.170117E+00 1.340000E+01
      vertex -3.404560E+01 9.575378E+00 1.340000E+01
      vertex -3.404560E+01 9.575378E+00 1.200000E+01
    endloop
  endfacet
  facet normal -9.942839E-01 1.067690E-01 0.000000E+00
    outer loop
      vertex -3.404560E+01 9.575378E+00 1.340000E+01
      vertex -3.400000E+01 1.000000E+01 1.340000E+01
      vertex -3.400000E+01 1.000000E+01 1.200000E+01
    endloop
  endfacet
  facet normal 0.000000E+00 0.000000E+00 -1.000000E+00
    outer loop
      vertex -3.496102E+01 1.060043E+01 1.340000E+01
      vertex -3.513183E+01 1.082842E+01 1.340000E+01
      vertex -3.450298E+01 1.132625E+01 1.340000E+01
    endloop
  endfacet
  facet normal 0.000000E+00 0.000000E+00 -1.000000E+00
    outer loop
      vertex -3.422909E+01 1.092945E+01 1.340000E+01
      vertex -3.484876E+01 1.033860E+01 1.340000E+01
      vertex -3.496102E+01 1.060043E+01 1.340000E+01
    endloop
  endfacet
  facet normal -0.000000E+00 0.000000E+00 -1.000000E+00
    outer loop
      vertex -3.422909E+01 1.092945E+01 1.340000E+01
      vertex -3.496102E+01 1.060043E+01 1.340000E+01
      vertex -3.450298E+01 1.132625E+01 1.340000E+01
    endloop
  endfacet
  facet normal 0.000000E+00 0.000000E+00 -1.000000E+00
    outer loop
      vertex -3.682988E+01 8.180304E+00 1.340000E+01
      vertex -3.722063E+01 8.415688E+00 1.340000E+01
      vertex -3.668168E+01 9.012420E+00 1.340000E+01
    endloop
  endfacet
  facet normal 0.000000E+00 0.000000E+00 -1.000000E+00
    outer loop
      vertex -3.682988E+01 8.180304E+00 1.340000E+01
      vertex -3.668168E+01 9.012420E+00 1.340000E+01
      vertex -3.642553E+01 8.877980E+00 1.340000E+01
    endloop
  endfacet
  facet normal 0.000000E+00 0.000000E+00 -1.000000E+00
    outer loop
      vertex -3.690699E+01 1.078573E+01 1.340000E+01
      vertex -3.777091E+01 1.092945E+01 1.340000E+01
      vertex -3.749702E+01 1.132625E+01 1.340000E+01
    endloop
  endfacet
  facet normal 0.000000E+00 0.000000E+00 -1.000000E+00
    outer loop
      vertex -3.669622E+01 1.097739E+01 1.340000E+01
      vertex -3.749702E+01 1.132625E+01 1.340000E+01
      vertex -3.713613E+01 1.164597E+01 1.340000E+01
    endloop
  endfacet
  facet normal -0.000000E+00 0.000000E+00 -1.000000E+00
    outer loop
      vertex -3.669622E+01 1.097739E+01 1.340000E+01
      vertex -3.690699E+01 1.078573E+01 1.340000E+01
      vertex -3.749702E+01 1.132625E+01 1.340000E+01
    endloop
  endfacet
  facet normal -0.000000E+00 0.000000E+00 -1.000000E+00
    outer loop
      vertex -3.706664E+01 1.054979E+01 1.340000E+01
      vertex -3.794188E+01 1.047863E+01 1.340000E+01
      vertex -3.777091E+01 1.092945E+01 1.340000E+01
    endloop
  endfacet
  facet normal 0.000000E+00 0.000000E+00 -1.000000E+00
    outer loop
      vertex -3.706664E+01 1.054979E+01 1.340000E+01
      vertex -3.777091E+01 1.092945E+01 1.340000E+01
      vertex -3.690699E+01 1.078573E+01 1.340000E+01
    endloop
  endfacet
  facet normal 0.000000E+00 0.000000E+00 -1.000000E+00
    outer loop
      vertex -3.644621E+01 1.111396E+01 1.340000E+01
      vertex -3.713613E+01 1.164597E+01 1.340000E+01
      vertex -3.670921E+01 1.187003E+01 1.340000E+01
    endloop
  endfacet
  facet normal 0.000000E+00 0.000000E+00 -1.000000E+00
    outer loop
      vertex -3.405812E+01 1.047863E+01 1.340000E+01
      vertex -3.482175E+01 1.022746E+01 1.340000E+01
      vertex -3.484876E+01 1.033860E+01 1.340000E+01
    endloop
  endfacet
  facet normal 0.000000E+00 0.000000E+00 -1.000000E+00
    outer loop
      vertex -3.405812E+01 1.047863E+01 1.340000E+01
      vertex -3.480545E+01 1.011425E+01 1.340000E+01
      vertex -3.482175E+01 1.022746E+01 1.340000E+01
    endloop
  endfacet
  facet normal -0.000000E+00 0.000000E+00 -1.000000E+00
    outer loop
      vertex -3.644621E+01 1.111396E+01 1.340000E+01
      vertex -3.669622E+01 1.097739E+01 1.340000E+01
      vertex -3.713613E+01 1.164597E+01 1.340000E+01
    endloop
  endfacet
  facet normal -0.000000E+00 0.000000E+00 -1.000000E+00
    outer loop
      vertex -3.405812E+01 1.047863E+01 1.340000E+01
      vertex -3.484876E+01 1.033860E+01 1.340000E+01
      vertex -3.422909E+01 1.092945E+01 1.340000E+01
    endloop
  endfacet
  facet normal -0.000000E+00 0.000000E+00 -1.000000E+00
    outer loop
      vertex -3.716618E+01 1.028287E+01 1.340000E+01
      vertex -3.800000E+01 1.000000E+01 1.340000E+01
      vertex -3.794188E+01 1.047863E+01 1.340000E+01
    endloop
  endfacet
  facet normal 0.000000E+00 0.000000E+00 -1.000000E+00
    outer loop
      vertex -3.716618E+01 1.028287E+01 1.340000E+01
      vertex -3.794188E+01 1.047863E+01 1.340000E+01
      vertex -3.706664E+01 1.054979E+01 1.340000E+01
    endloop
  endfacet
  facet normal 0.000000E+00 0.000000E+00 -1.000000E+00
    outer loop
      vertex -3.639596E+01 8.039587E+00 1.340000E+01
      vertex -3.642553E+01 8.877980E+00 1.340000E+01
      vertex -3.614465E+01 8.808749E+00 1.340000E+01
    endloop
  endfacet
  facet normal 0.000000E+00 0.000000E+00 -1.000000E+00
    outer loop
      vertex -3.639596E+01 8.039587E+00 1.340000E+01
      vertex -3.682988E+01 8.180304E+00 1.340000E+01
      vertex -3.642553E+01 8.877980E+00 1.340000E+01
    endloop
  endfacet
  facet normal 0.000000E+00 0.000000E+00 -1.000000E+00
    outer loop
      vertex -3.617105E+01 1.118775E+01 1.340000E+01
      vertex -3.670921E+01 1.187003E+01 1.340000E+01
      vertex -3.624107E+01 1.198542E+01 1.340000E+01
    endloop
  endfacet
  facet normal -0.000000E+00 0.000000E+00 -1.000000E+00
    outer loop
      vertex -3.617105E+01 1.118775E+01 1.340000E+01
      vertex -3.644621E+01 1.111396E+01 1.340000E+01
      vertex -3.670921E+01 1.187003E+01 1.340000E+01
    endloop
  endfacet
  facet normal -0.000000E+00 0.000000E+00 -1.000000E+00
    outer loop
      vertex -3.720000E+01 1.000000E+01 1.340000E+01
      vertex -3.794798E+01 9.546803E+00 1.340000E+01
      vertex -3.800000E+01 1.000000E+01 1.340000E+01
    endloop
  endfacet
  facet normal 0.000000E+00 0.000000E+00 -1.000000E+00
    outer loop
      vertex -3.720000E+01 1.000000E+01 1.340000E+01
      vertex -3.800000E+01 1.000000E+01 1.340000E+01
      vertex -3.716618E+01 1.028287E+01 1.340000E+01
    endloop
  endfacet
  facet normal 0.000000E+00 0.000000E+00 -1.000000E+00
    outer loop
      vertex -3.400000E+01 1.000000E+01 1.340000E+01
      vertex -3.480000E+01 1.000000E+01 1.340000E+01
      vertex -3.480545E+01 1.011425E+01 1.340000E+01
    endloop
  endfacet
  facet normal 0.000000E+00 0.000000E+00 -1.000000E+00
    outer loop
      vertex -3.400000E+01 1.000000E+01 1.340000E+01
      vertex -3.480545E+01 1.011425E+01 1.340000E+01
      vertex -3.405812E+01 1.047863E+01 1.340000E+01
    endloop
  endfacet
  facet normal 0.000000E+00 0.000000E+00 -1.000000E+00
    outer loop
      vertex -3.588625E+01 1.119460E+01 1.340000E+01
      vertex -3.624107E+01 1.198542E+01 1.340000E+01
      vertex -3.575893E+01 1.198542E+01 1.340000E+01
    endloop
  endfacet
  facet normal -0.000000E+00 0.000000E+00 -1.000000E+00
    outer loop
      vertex -3.588625E+01 1.119460E+01 1.340000E+01
      vertex -3.617105E+01 1.118775E+01 1.340000E+01
      vertex -3.624107E+01 1.198542E+01 1.340000E+01
    endloop
  endfacet
  facet normal 0.000000E+00 0.000000E+00 -1.000000E+00
    outer loop
      vertex -3.594143E+01 8.000857E+00 1.340000E+01
      vertex -3.614465E+01 8.808749E+00 1.340000E+01
      vertex -3.585535E+01 8.808749E+00 1.340000E+01
    endloop
  endfacet
  facet normal 0.000000E+00 0.000000E+00 -1.000000E+00
    outer loop
      vertex -3.594143E+01 8.000857E+00 1.340000E+01
      vertex -3.639596E+01 8.039587E+00 1.340000E+01
      vertex -3.614465E+01 8.808749E+00 1.340000E+01
    endloop
  endfacet
  facet normal 0.000000E+00 0.000000E+00 -1.000000E+00
    outer loop
      vertex -3.404560E+01 9.575378E+00 1.340000E+01
      vertex -3.483487E+01 9.712821E+00 1.340000E+01
      vertex -3.480000E+01 1.000000E+01 1.340000E+01
    endloop
  endfacet
  facet normal 0.000000E+00 0.000000E+00 -1.000000E+00
    outer loop
      vertex -3.716513E+01 9.712821E+00 1.340000E+01
      vertex -3.779461E+01 9.117185E+00 1.340000E+01
      vertex -3.794798E+01 9.546803E+00 1.340000E+01
    endloop
  endfacet
  facet normal -0.000000E+00 0.000000E+00 -1.000000E+00
    outer loop
      vertex -3.716513E+01 9.712821E+00 1.340000E+01
      vertex -3.794798E+01 9.546803E+00 1.340000E+01
      vertex -3.720000E+01 1.000000E+01 1.340000E+01
    endloop
  endfacet
  facet normal 0.000000E+00 0.000000E+00 -1.000000E+00
    outer loop
      vertex -3.404560E+01 9.575378E+00 1.340000E+01
      vertex -3.480000E+01 1.000000E+01 1.340000E+01
      vertex -3.400000E+01 1.000000E+01 1.340000E+01
    endloop
  endfacet
  facet normal 0.000000E+00 0.000000E+00 -1.000000E+00
    outer loop
      vertex -3.560786E+01 1.113412E+01 1.340000E+01
      vertex -3.575893E+01 1.198542E+01 1.340000E+01
      vertex -3.529079E+01 1.187003E+01 1.340000E+01
    endloop
  endfacet
  facet normal 0.000000E+00 0.000000E+00 -1.000000E+00
    outer loop
      vertex -3.548995E+01 8.066131E+00 1.340000E+01
      vertex -3.585535E+01 8.808749E+00 1.340000E+01
      vertex -3.557447E+01 8.877980E+00 1.340000E+01
    endloop
  endfacet
  facet normal 0.000000E+00 0.000000E+00 -1.000000E+00
    outer loop
      vertex -3.560786E+01 1.113412E+01 1.340000E+01
      vertex -3.588625E+01 1.119460E+01 1.340000E+01
      vertex -3.575893E+01 1.198542E+01 1.340000E+01
    endloop
  endfacet
  facet normal -0.000000E+00 0.000000E+00 -1.000000E+00
    outer loop
      vertex -3.548995E+01 8.066131E+00 1.340000E+01
      vertex -3.594143E+01 8.000857E+00 1.340000E+01
      vertex -3.585535E+01 8.808749E+00 1.340000E+01
    endloop
  endfacet
  facet normal 0.000000E+00 0.000000E+00 -1.000000E+00
    outer loop
      vertex -3.418031E+01 9.170117E+00 1.340000E+01
      vertex -3.493745E+01 9.442332E+00 1.340000E+01
      vertex -3.483487E+01 9.712821E+00 1.340000E+01
    endloop
  endfacet
  facet normal 0.000000E+00 0.000000E+00 -1.000000E+00
    outer loop
      vertex -3.418031E+01 9.170117E+00 1.340000E+01
      vertex -3.483487E+01 9.712821E+00 1.340000E+01
      vertex -3.404560E+01 9.575378E+00 1.340000E+01
    endloop
  endfacet
  facet normal 0.000000E+00 0.000000E+00 -1.000000E+00
    outer loop
      vertex -3.506501E+01 8.232009E+00 1.340000E+01
      vertex -3.557447E+01 8.877980E+00 1.340000E+01
      vertex -3.531832E+01 9.012420E+00 1.340000E+01
    endloop
  endfacet
  facet normal -0.000000E+00 0.000000E+00 -1.000000E+00
    outer loop
      vertex -3.706255E+01 9.442332E+00 1.340000E+01
      vertex -3.779461E+01 9.117185E+00 1.340000E+01
      vertex -3.716513E+01 9.712821E+00 1.340000E+01
    endloop
  endfacet
  facet normal -0.000000E+00 0.000000E+00 -1.000000E+00
    outer loop
      vertex -3.506501E+01 8.232009E+00 1.340000E+01
      vertex -3.548995E+01 8.066131E+00 1.340000E+01
      vertex -3.557447E+01 8.877980E+00 1.340000E+01
    endloop
  endfacet
  facet normal 0.000000E+00 0.000000E+00 -1.000000E+00
    outer loop
      vertex -3.535157E+01 1.100972E+01 1.340000E+01
      vertex -3.529079E+01 1.187003E+01 1.340000E+01
      vertex -3.486387E+01 1.164597E+01 1.340000E+01
    endloop
  endfacet
  facet normal 0.000000E+00 0.000000E+00 -1.000000E+00
    outer loop
      vertex -3.439798E+01 8.802695E+00 1.340000E+01
      vertex -3.510179E+01 9.204253E+00 1.340000E+01
      vertex -3.493745E+01 9.442332E+00 1.340000E+01
    endloop
  endfacet
  facet normal 0.000000E+00 0.000000E+00 -1.000000E+00
    outer loop
      vertex -3.535157E+01 1.100972E+01 1.340000E+01
      vertex -3.560786E+01 1.113412E+01 1.340000E+01
      vertex -3.529079E+01 1.187003E+01 1.340000E+01
    endloop
  endfacet
  facet normal 0.000000E+00 0.000000E+00 -1.000000E+00
    outer loop
      vertex -3.439798E+01 8.802695E+00 1.340000E+01
      vertex -3.493745E+01 9.442332E+00 1.340000E+01
      vertex -3.418031E+01 9.170117E+00 1.340000E+01
    endloop
  endfacet
  facet normal 0.000000E+00 0.000000E+00 -1.000000E+00
    outer loop
      vertex -3.754789E+01 8.733492E+00 1.340000E+01
      vertex -3.779461E+01 9.117185E+00 1.340000E+01
      vertex -3.706255E+01 9.442332E+00 1.340000E+01
    endloop
  endfacet
  facet normal 0.000000E+00 0.000000E+00 -1.000000E+00
    outer loop
      vertex -3.468871E+01 8.489865E+00 1.340000E+01
      vertex -3.531832E+01 9.012420E+00 1.340000E+01
      vertex -3.510179E+01 9.204253E+00 1.340000E+01
    endloop
  endfacet
  facet normal -0.000000E+00 0.000000E+00 -1.000000E+00
    outer loop
      vertex -3.468871E+01 8.489865E+00 1.340000E+01
      vertex -3.506501E+01 8.232009E+00 1.340000E+01
      vertex -3.531832E+01 9.012420E+00 1.340000E+01
    endloop
  endfacet
  facet normal 0.000000E+00 0.000000E+00 -1.000000E+00
    outer loop
      vertex -3.468871E+01 8.489865E+00 1.340000E+01
      vertex -3.510179E+01 9.204253E+00 1.340000E+01
      vertex -3.439798E+01 8.802695E+00 1.340000E+01
    endloop
  endfacet
  facet normal -0.000000E+00 0.000000E+00 -1.000000E+00
    outer loop
      vertex -3.689821E+01 9.204253E+00 1.340000E+01
      vertex -3.754789E+01 8.733492E+00 1.340000E+01
      vertex -3.706255E+01 9.442332E+00 1.340000E+01
    endloop
  endfacet
  facet normal 0.000000E+00 0.000000E+00 -1.000000E+00
    outer loop
      vertex -3.513183E+01 1.082842E+01 1.340000E+01
      vertex -3.535157E+01 1.100972E+01 1.340000E+01
      vertex -3.486387E+01 1.164597E+01 1.340000E+01
    endloop
  endfacet
  facet normal -0.000000E+00 0.000000E+00 -1.000000E+00
    outer loop
      vertex -3.450298E+01 1.132625E+01 1.340000E+01
      vertex -3.513183E+01 1.082842E+01 1.340000E+01
      vertex -3.486387E+01 1.164597E+01 1.340000E+01
    endloop
  endfacet
  facet normal 0.000000E+00 0.000000E+00 -1.000000E+00
    outer loop
      vertex -3.722063E+01 8.415688E+00 1.340000E+01
      vertex -3.754789E+01 8.733492E+00 1.340000E+01
      vertex -3.689821E+01 9.204253E+00 1.340000E+01
    endloop
  endfacet
  facet normal 0.000000E+00 0.000000E+00 -1.000000E+00
    outer loop
      vertex -3.722063E+01 8.415688E+00 1.340000E+01
      vertex -3.689821E+01 9.204253E+00 1.340000E+01
      vertex -3.668168E+01 9.012420E+00 1.340000E+01
    endloop
  endfacet
  facet normal 9.934775E-01 1.140282E-01 0.000000E+00
    outer loop
      vertex -3.800000E+01 6.000000E+01 1.340000E+01
      vertex -3.794799E+01 5.954686E+01 1.340000E+01
      vertex -3.800000E+01 6.000000E+01 1.200000E+01
    endloop
  endfacet
  facet normal 9.934775E-01 1.140282E-01 0.000000E+00
    outer loop
      vertex -3.800000E+01 6.000000E+01 1.200000E+01
      vertex -3.794799E+01 5.954686E+01 1.340000E+01
      vertex -3.794799E+01 5.954686E+01 1.200000E+01
    endloop
  endfacet
  facet normal 9.418069E-01 3.361547E-01 0.000000E+00
    outer loop
      vertex -3.794799E+01 5.954686E+01 1.200000E+01
      vertex -3.779467E+01 5.911729E+01 1.340000E+01
      vertex -3.779467E+01 5.911729E+01 1.200000E+01
    endloop
  endfacet
  facet normal 9.418069E-01 3.361547E-01 0.000000E+00
    outer loop
      vertex -3.794799E+01 5.954686E+01 1.340000E+01
      vertex -3.779467E+01 5.911729E+01 1.340000E+01
      vertex -3.794799E+01 5.954686E+01 1.200000E+01
    endloop
  endfacet
  facet normal 8.411546E-01 5.407948E-01 0.000000E+00
    outer loop
      vertex -3.779467E+01 5.911729E+01 1.200000E+01
      vertex -3.754800E+01 5.873363E+01 1.340000E+01
      vertex -3.754800E+01 5.873363E+01 1.200000E+01
    endloop
  endfacet
  facet normal 8.411546E-01 5.407948E-01 0.000000E+00
    outer loop
      vertex -3.779467E+01 5.911729E+01 1.340000E+01
      vertex -3.754800E+01 5.873363E+01 1.340000E+01
      vertex -3.779467E+01 5.911729E+01 1.200000E+01
    endloop
  endfacet
  facet normal 6.967575E-01 7.173067E-01 0.000000E+00
    outer loop
      vertex -3.754800E+01 5.873363E+01 1.200000E+01
      vertex -3.722083E+01 5.841584E+01 1.340000E+01
      vertex -3.722083E+01 5.841584E+01 1.200000E+01
    endloop
  endfacet
  facet normal 6.967575E-01 7.173067E-01 0.000000E+00
    outer loop
      vertex -3.754800E+01 5.873363E+01 1.340000E+01
      vertex -3.722083E+01 5.841584E+01 1.340000E+01
      vertex -3.754800E+01 5.873363E+01 1.200000E+01
    endloop
  endfacet
  facet normal 5.161110E-01 8.565218E-01 0.000000E+00
    outer loop
      vertex -3.722083E+01 5.841584E+01 1.200000E+01
      vertex -3.683016E+01 5.818043E+01 1.340000E+01
      vertex -3.683016E+01 5.818043E+01 1.200000E+01
    endloop
  endfacet
  facet normal 5.161110E-01 8.565218E-01 0.000000E+00
    outer loop
      vertex -3.722083E+01 5.841584E+01 1.340000E+01
      vertex -3.683016E+01 5.818043E+01 1.340000E+01
      vertex -3.722083E+01 5.841584E+01 1.200000E+01
    endloop
  endfacet
  facet normal 3.086327E-01 9.511812E-01 0.000000E+00
    outer loop
      vertex -3.683016E+01 5.818043E+01 1.200000E+01
      vertex -3.639632E+01 5.803966E+01 1.340000E+01
      vertex -3.639632E+01 5.803966E+01 1.200000E+01
    endloop
  endfacet
  facet normal 3.086327E-01 9.511812E-01 0.000000E+00
    outer loop
      vertex -3.683016E+01 5.818043E+01 1.340000E+01
      vertex -3.639632E+01 5.803966E+01 1.340000E+01
      vertex -3.683016E+01 5.818043E+01 1.200000E+01
    endloop
  endfacet
  facet normal 8.509821E-02 9.963725E-01 0.000000E+00
    outer loop
      vertex -3.639632E+01 5.803966E+01 1.200000E+01
      vertex -3.594186E+01 5.800085E+01 1.340000E+01
      vertex -3.594186E+01 5.800085E+01 1.200000E+01
    endloop
  endfacet
  facet normal 8.509821E-02 9.963725E-01 0.000000E+00
    outer loop
      vertex -3.639632E+01 5.803966E+01 1.340000E+01
      vertex -3.594186E+01 5.800085E+01 1.340000E+01
      vertex -3.639632E+01 5.803966E+01 1.200000E+01
    endloop
  endfacet
  facet normal -1.428579E-01 9.897432E-01 0.000000E+00
    outer loop
      vertex -3.594186E+01 5.800085E+01 1.200000E+01
      vertex -3.549043E+01 5.806601E+01 1.340000E+01
      vertex -3.549043E+01 5.806601E+01 1.200000E+01
    endloop
  endfacet
  facet normal -1.428579E-01 9.897432E-01 0.000000E+00
    outer loop
      vertex -3.594186E+01 5.800085E+01 1.340000E+01
      vertex -3.549043E+01 5.806601E+01 1.340000E+01
      vertex -3.594186E+01 5.800085E+01 1.200000E+01
    endloop
  endfacet
  facet normal -3.633869E-01 9.316383E-01 0.000000E+00
    outer loop
      vertex -3.549043E+01 5.806601E+01 1.200000E+01
      vertex -3.506550E+01 5.823175E+01 1.340000E+01
      vertex -3.506550E+01 5.823175E+01 1.200000E+01
    endloop
  endfacet
  facet normal -5.602098E-01 8.283507E-01 0.000000E+00
    outer loop
      vertex -3.506550E+01 5.823175E+01 1.200000E+01
      vertex -3.506550E+01 5.823175E+01 1.340000E+01
      vertex -3.470683E+01 5.847432E+01 1.200000E+01
    endloop
  endfacet
  facet normal -3.633869E-01 9.316383E-01 0.000000E+00
    outer loop
      vertex -3.549043E+01 5.806601E+01 1.340000E+01
      vertex -3.506550E+01 5.823175E+01 1.340000E+01
      vertex -3.549043E+01 5.806601E+01 1.200000E+01
    endloop
  endfacet
  facet normal -7.253613E-01 6.883682E-01 0.000000E+00
    outer loop
      vertex -3.470683E+01 5.847432E+01 1.200000E+01
      vertex -3.470683E+01 5.847432E+01 1.340000E+01
      vertex -3.440876E+01 5.878840E+01 1.200000E+01
    endloop
  endfacet
  facet normal -5.602098E-01 8.283507E-01 0.000000E+00
    outer loop
      vertex -3.506550E+01 5.823175E+01 1.340000E+01
      vertex -3.470683E+01 5.847432E+01 1.340000E+01
      vertex -3.470683E+01 5.847432E+01 1.200000E+01
    endloop
  endfacet
  facet normal -8.565243E-01 5.161065E-01 0.000000E+00
    outer loop
      vertex -3.440876E+01 5.878840E+01 1.200000E+01
      vertex -3.440876E+01 5.878840E+01 1.340000E+01
      vertex -3.418529E+01 5.915927E+01 1.200000E+01
    endloop
  endfacet
  facet normal -7.253613E-01 6.883682E-01 0.000000E+00
    outer loop
      vertex -3.470683E+01 5.847432E+01 1.340000E+01
      vertex -3.440876E+01 5.878840E+01 1.340000E+01
      vertex -3.440876E+01 5.878840E+01 1.200000E+01
    endloop
  endfacet
  facet normal -9.475256E-01 3.196801E-01 0.000000E+00
    outer loop
      vertex -3.418529E+01 5.915927E+01 1.200000E+01
      vertex -3.418529E+01 5.915927E+01 1.340000E+01
      vertex -3.404687E+01 5.956955E+01 1.200000E+01
    endloop
  endfacet
  facet normal -8.565243E-01 5.161065E-01 0.000000E+00
    outer loop
      vertex -3.440876E+01 5.878840E+01 1.340000E+01
      vertex -3.418529E+01 5.915927E+01 1.340000E+01
      vertex -3.418529E+01 5.915927E+01 1.200000E+01
    endloop
  endfacet
  facet normal -9.941240E-01 1.082479E-01 0.000000E+00
    outer loop
      vertex -3.404687E+01 5.956955E+01 1.200000E+01
      vertex -3.404687E+01 5.956955E+01 1.340000E+01
      vertex -3.400000E+01 6.000000E+01 1.200000E+01
    endloop
  endfacet
  facet normal -9.475256E-01 3.196801E-01 0.000000E+00
    outer loop
      vertex -3.418529E+01 5.915927E+01 1.340000E+01
      vertex -3.404687E+01 5.956955E+01 1.340000E+01
      vertex -3.404687E+01 5.956955E+01 1.200000E+01
    endloop
  endfacet
  facet normal -9.941240E-01 1.082479E-01 0.000000E+00
    outer loop
      vertex -3.404687E+01 5.956955E+01 1.340000E+01
      vertex -3.400000E+01 6.000000E+01 1.340000E+01
      vertex -3.400000E+01 6.000000E+01 1.200000E+01
    endloop
  endfacet
  facet normal 0.000000E+00 0.000000E+00 -1.000000E+00
    outer loop
      vertex -3.422909E+01 6.092945E+01 1.340000E+01
      vertex -3.492643E+01 6.053613E+01 1.340000E+01
      vertex -3.507813E+01 6.076822E+01 1.340000E+01
    endloop
  endfacet
  facet normal -0.000000E+00 0.000000E+00 -1.000000E+00
    outer loop
      vertex -3.422909E+01 6.092945E+01 1.340000E+01
      vertex -3.507813E+01 6.076822E+01 1.340000E+01
      vertex -3.450298E+01 6.132624E+01 1.340000E+01
    endloop
  endfacet
  facet normal 0.000000E+00 0.000000E+00 -1.000000E+00
    outer loop
      vertex -3.683016E+01 5.818043E+01 1.340000E+01
      vertex -3.722083E+01 5.841584E+01 1.340000E+01
      vertex -3.668168E+01 5.901242E+01 1.340000E+01
    endloop
  endfacet
  facet normal 0.000000E+00 0.000000E+00 -1.000000E+00
    outer loop
      vertex -3.683016E+01 5.818043E+01 1.340000E+01
      vertex -3.668168E+01 5.901242E+01 1.340000E+01
      vertex -3.642553E+01 5.887798E+01 1.340000E+01
    endloop
  endfacet
  facet normal 0.000000E+00 0.000000E+00 -1.000000E+00
    outer loop
      vertex -3.689096E+01 6.080386E+01 1.340000E+01
      vertex -3.749702E+01 6.132624E+01 1.340000E+01
      vertex -3.713613E+01 6.164597E+01 1.340000E+01
    endloop
  endfacet
  facet normal -0.000000E+00 0.000000E+00 -1.000000E+00
    outer loop
      vertex -3.405812E+01 6.047863E+01 1.340000E+01
      vertex -3.483204E+01 6.027542E+01 1.340000E+01
      vertex -3.492643E+01 6.053613E+01 1.340000E+01
    endloop
  endfacet
  facet normal 0.000000E+00 0.000000E+00 -1.000000E+00
    outer loop
      vertex -3.666968E+01 6.099575E+01 1.340000E+01
      vertex -3.713613E+01 6.164597E+01 1.340000E+01
      vertex -3.670921E+01 6.187003E+01 1.340000E+01
    endloop
  endfacet
  facet normal 0.000000E+00 0.000000E+00 -1.000000E+00
    outer loop
      vertex -3.405812E+01 6.047863E+01 1.340000E+01
      vertex -3.492643E+01 6.053613E+01 1.340000E+01
      vertex -3.422909E+01 6.092945E+01 1.340000E+01
    endloop
  endfacet
  facet normal -0.000000E+00 0.000000E+00 -1.000000E+00
    outer loop
      vertex -3.666968E+01 6.099575E+01 1.340000E+01
      vertex -3.689096E+01 6.080386E+01 1.340000E+01
      vertex -3.713613E+01 6.164597E+01 1.340000E+01
    endloop
  endfacet
  facet normal 0.000000E+00 0.000000E+00 -1.000000E+00
    outer loop
      vertex -3.705915E+01 6.056408E+01 1.340000E+01
      vertex -3.777091E+01 6.092945E+01 1.340000E+01
      vertex -3.749702E+01 6.132624E+01 1.340000E+01
    endloop
  endfacet
  facet normal 0.000000E+00 0.000000E+00 -1.000000E+00
    outer loop
      vertex -3.705915E+01 6.056408E+01 1.340000E+01
      vertex -3.749702E+01 6.132624E+01 1.340000E+01
      vertex -3.689096E+01 6.080386E+01 1.340000E+01
    endloop
  endfacet
  facet normal 0.000000E+00 0.000000E+00 -1.000000E+00
    outer loop
      vertex -3.640851E+01 6.112833E+01 1.340000E+01
      vertex -3.670921E+01 6.187003E+01 1.340000E+01
      vertex -3.624107E+01 6.198542E+01 1.340000E+01
    endloop
  endfacet
  facet normal 0.000000E+00 0.000000E+00 -1.000000E+00
    outer loop
      vertex -3.639632E+01 5.803966E+01 1.340000E+01
      vertex -3.642553E+01 5.887798E+01 1.340000E+01
      vertex -3.614465E+01 5.880875E+01 1.340000E+01
    endloop
  endfacet
  facet normal 0.000000E+00 0.000000E+00 -1.000000E+00
    outer loop
      vertex -3.639632E+01 5.803966E+01 1.340000E+01
      vertex -3.683016E+01 5.818043E+01 1.340000E+01
      vertex -3.642553E+01 5.887798E+01 1.340000E+01
    endloop
  endfacet
  facet normal -0.000000E+00 0.000000E+00 -1.000000E+00
    outer loop
      vertex -3.640851E+01 6.112833E+01 1.340000E+01
      vertex -3.666968E+01 6.099575E+01 1.340000E+01
      vertex -3.670921E+01 6.187003E+01 1.340000E+01
    endloop
  endfacet
  facet normal 0.000000E+00 0.000000E+00 -1.000000E+00
    outer loop
      vertex -3.716426E+01 6.029070E+01 1.340000E+01
      vertex -3.794188E+01 6.047863E+01 1.340000E+01
      vertex -3.777091E+01 6.092945E+01 1.340000E+01
    endloop
  endfacet
  facet normal 0.000000E+00 0.000000E+00 -1.000000E+00
    outer loop
      vertex -3.716426E+01 6.029070E+01 1.340000E+01
      vertex -3.777091E+01 6.092945E+01 1.340000E+01
      vertex -3.705915E+01 6.056408E+01 1.340000E+01
    endloop
  endfacet
  facet normal 0.000000E+00 0.000000E+00 -1.000000E+00
    outer loop
      vertex -3.612300E+01 6.119368E+01 1.340000E+01
      vertex -3.624107E+01 6.198542E+01 1.340000E+01
      vertex -3.575893E+01 6.198542E+01 1.340000E+01
    endloop
  endfacet
  facet normal -0.000000E+00 0.000000E+00 -1.000000E+00
    outer loop
      vertex -3.612300E+01 6.119368E+01 1.340000E+01
      vertex -3.640851E+01 6.112833E+01 1.340000E+01
      vertex -3.624107E+01 6.198542E+01 1.340000E+01
    endloop
  endfacet
  facet normal -0.000000E+00 0.000000E+00 -1.000000E+00
    outer loop
      vertex -3.720000E+01 6.000000E+01 1.340000E+01
      vertex -3.794799E+01 5.954686E+01 1.340000E+01
      vertex -3.800000E+01 6.000000E+01 1.340000E+01
    endloop
  endfacet
  facet normal 0.000000E+00 0.000000E+00 -1.000000E+00
    outer loop
      vertex -3.720000E+01 6.000000E+01 1.340000E+01
      vertex -3.800000E+01 6.000000E+01 1.340000E+01
      vertex -3.794188E+01 6.047863E+01 1.340000E+01
    endloop
  endfacet
  facet normal 0.000000E+00 0.000000E+00 -1.000000E+00
    outer loop
      vertex -3.720000E+01 6.000000E+01 1.340000E+01
      vertex -3.794188E+01 6.047863E+01 1.340000E+01
      vertex -3.716426E+01 6.029070E+01 1.340000E+01
    endloop
  endfacet
  facet normal 0.000000E+00 0.000000E+00 -1.000000E+00
    outer loop
      vertex -3.400000E+01 6.000000E+01 1.340000E+01
      vertex -3.480000E+01 6.000000E+01 1.340000E+01
      vertex -3.483204E+01 6.027542E+01 1.340000E+01
    endloop
  endfacet
  facet normal 0.000000E+00 0.000000E+00 -1.000000E+00
    outer loop
      vertex -3.583017E+01 6.118792E+01 1.340000E+01
      vertex -3.575893E+01 6.198542E+01 1.340000E+01
      vertex -3.529079E+01 6.187003E+01 1.340000E+01
    endloop
  endfacet
  facet normal 0.000000E+00 0.000000E+00 -1.000000E+00
    outer loop
      vertex -3.583017E+01 6.118792E+01 1.340000E+01
      vertex -3.612300E+01 6.119368E+01 1.340000E+01
      vertex -3.575893E+01 6.198542E+01 1.340000E+01
    endloop
  endfacet
  facet normal 0.000000E+00 0.000000E+00 -1.000000E+00
    outer loop
      vertex -3.400000E+01 6.000000E+01 1.340000E+01
      vertex -3.483204E+01 6.027542E+01 1.340000E+01
      vertex -3.405812E+01 6.047863E+01 1.340000E+01
    endloop
  endfacet
  facet normal 0.000000E+00 0.000000E+00 -1.000000E+00
    outer loop
      vertex -3.594186E+01 5.800085E+01 1.340000E+01
      vertex -3.614465E+01 5.880875E+01 1.340000E+01
      vertex -3.585535E+01 5.880875E+01 1.340000E+01
    endloop
  endfacet
  facet normal 0.000000E+00 0.000000E+00 -1.000000E+00
    outer loop
      vertex -3.594186E+01 5.800085E+01 1.340000E+01
      vertex -3.639632E+01 5.803966E+01 1.340000E+01
      vertex -3.614465E+01 5.880875E+01 1.340000E+01
    endloop
  endfacet
  facet normal 0.000000E+00 0.000000E+00 -1.000000E+00
    outer loop
      vertex -3.716513E+01 5.971282E+01 1.340000E+01
      vertex -3.779467E+01 5.911729E+01 1.340000E+01
      vertex -3.794799E+01 5.954686E+01 1.340000E+01
    endloop
  endfacet
  facet normal 0.000000E+00 0.000000E+00 -1.000000E+00
    outer loop
      vertex -3.404687E+01 5.956955E+01 1.340000E+01
      vertex -3.483487E+01 5.971282E+01 1.340000E+01
      vertex -3.480000E+01 6.000000E+01 1.340000E+01
    endloop
  endfacet
  facet normal -0.000000E+00 0.000000E+00 -1.000000E+00
    outer loop
      vertex -3.716513E+01 5.971282E+01 1.340000E+01
      vertex -3.794799E+01 5.954686E+01 1.340000E+01
      vertex -3.720000E+01 6.000000E+01 1.340000E+01
    endloop
  endfacet
  facet normal 0.000000E+00 0.000000E+00 -1.000000E+00
    outer loop
      vertex -3.404687E+01 5.956955E+01 1.340000E+01
      vertex -3.480000E+01 6.000000E+01 1.340000E+01
      vertex -3.400000E+01 6.000000E+01 1.340000E+01
    endloop
  endfacet
  facet normal 0.000000E+00 0.000000E+00 -1.000000E+00
    outer loop
      vertex -3.554745E+01 6.111140E+01 1.340000E+01
      vertex -3.583017E+01 6.118792E+01 1.340000E+01
      vertex -3.529079E+01 6.187003E+01 1.340000E+01
    endloop
  endfacet
  facet normal 0.000000E+00 0.000000E+00 -1.000000E+00
    outer loop
      vertex -3.549043E+01 5.806601E+01 1.340000E+01
      vertex -3.585535E+01 5.880875E+01 1.340000E+01
      vertex -3.557447E+01 5.887798E+01 1.340000E+01
    endloop
  endfacet
  facet normal -0.000000E+00 0.000000E+00 -1.000000E+00
    outer loop
      vertex -3.549043E+01 5.806601E+01 1.340000E+01
      vertex -3.594186E+01 5.800085E+01 1.340000E+01
      vertex -3.585535E+01 5.880875E+01 1.340000E+01
    endloop
  endfacet
  facet normal -0.000000E+00 0.000000E+00 -1.000000E+00
    outer loop
      vertex -3.486387E+01 6.164597E+01 1.340000E+01
      vertex -3.554745E+01 6.111140E+01 1.340000E+01
      vertex -3.529079E+01 6.187003E+01 1.340000E+01
    endloop
  endfacet
  facet normal 0.000000E+00 0.000000E+00 -1.000000E+00
    outer loop
      vertex -3.418529E+01 5.915927E+01 1.340000E+01
      vertex -3.493745E+01 5.944233E+01 1.340000E+01
      vertex -3.483487E+01 5.971282E+01 1.340000E+01
    endloop
  endfacet
  facet normal 0.000000E+00 0.000000E+00 -1.000000E+00
    outer loop
      vertex -3.418529E+01 5.915927E+01 1.340000E+01
      vertex -3.483487E+01 5.971282E+01 1.340000E+01
      vertex -3.404687E+01 5.956955E+01 1.340000E+01
    endloop
  endfacet
  facet normal -0.000000E+00 0.000000E+00 -1.000000E+00
    outer loop
      vertex -3.706255E+01 5.944233E+01 1.340000E+01
      vertex -3.779467E+01 5.911729E+01 1.340000E+01
      vertex -3.716513E+01 5.971282E+01 1.340000E+01
    endloop
  endfacet
  facet normal 0.000000E+00 0.000000E+00 -1.000000E+00
    outer loop
      vertex -3.754800E+01 5.873363E+01 1.340000E+01
      vertex -3.779467E+01 5.911729E+01 1.340000E+01
      vertex -3.706255E+01 5.944233E+01 1.340000E+01
    endloop
  endfacet
  facet normal 0.000000E+00 0.000000E+00 -1.000000E+00
    outer loop
      vertex -3.506550E+01 5.823175E+01 1.340000E+01
      vertex -3.557447E+01 5.887798E+01 1.340000E+01
      vertex -3.531832E+01 5.901242E+01 1.340000E+01
    endloop
  endfacet
  facet normal -0.000000E+00 0.000000E+00 -1.000000E+00
    outer loop
      vertex -3.506550E+01 5.823175E+01 1.340000E+01
      vertex -3.549043E+01 5.806601E+01 1.340000E+01
      vertex -3.557447E+01 5.887798E+01 1.340000E+01
    endloop
  endfacet
  facet normal 0.000000E+00 0.000000E+00 -1.000000E+00
    outer loop
      vertex -3.529169E+01 6.096866E+01 1.340000E+01
      vertex -3.554745E+01 6.111140E+01 1.340000E+01
      vertex -3.486387E+01 6.164597E+01 1.340000E+01
    endloop
  endfacet
  facet normal 0.000000E+00 0.000000E+00 -1.000000E+00
    outer loop
      vertex -3.440876E+01 5.878840E+01 1.340000E+01
      vertex -3.510179E+01 5.920425E+01 1.340000E+01
      vertex -3.493745E+01 5.944233E+01 1.340000E+01
    endloop
  endfacet
  facet normal 0.000000E+00 0.000000E+00 -1.000000E+00
    outer loop
      vertex -3.440876E+01 5.878840E+01 1.340000E+01
      vertex -3.493745E+01 5.944233E+01 1.340000E+01
      vertex -3.418529E+01 5.915927E+01 1.340000E+01
    endloop
  endfacet
  facet normal -0.000000E+00 0.000000E+00 -1.000000E+00
    outer loop
      vertex -3.689821E+01 5.920425E+01 1.340000E+01
      vertex -3.754800E+01 5.873363E+01 1.340000E+01
      vertex -3.706255E+01 5.944233E+01 1.340000E+01
    endloop
  endfacet
  facet normal 0.000000E+00 0.000000E+00 -1.000000E+00
    outer loop
      vertex -3.470683E+01 5.847432E+01 1.340000E+01
      vertex -3.510179E+01 5.920425E+01 1.340000E+01
      vertex -3.440876E+01 5.878840E+01 1.340000E+01
    endloop
  endfacet
  facet normal 0.000000E+00 0.000000E+00 -1.000000E+00
    outer loop
      vertex -3.470683E+01 5.847432E+01 1.340000E+01
      vertex -3.531832E+01 5.901242E+01 1.340000E+01
      vertex -3.510179E+01 5.920425E+01 1.340000E+01
    endloop
  endfacet
  facet normal -0.000000E+00 0.000000E+00 -1.000000E+00
    outer loop
      vertex -3.470683E+01 5.847432E+01 1.340000E+01
      vertex -3.506550E+01 5.823175E+01 1.340000E+01
      vertex -3.531832E+01 5.901242E+01 1.340000E+01
    endloop
  endfacet
  facet normal 0.000000E+00 0.000000E+00 -1.000000E+00
    outer loop
      vertex -3.450298E+01 6.132624E+01 1.340000E+01
      vertex -3.507813E+01 6.076822E+01 1.340000E+01
      vertex -3.529169E+01 6.096866E+01 1.340000E+01
    endloop
  endfacet
  facet normal -0.000000E+00 0.000000E+00 -1.000000E+00
    outer loop
      vertex -3.450298E+01 6.132624E+01 1.340000E+01
      vertex -3.529169E+01 6.096866E+01 1.340000E+01
      vertex -3.486387E+01 6.164597E+01 1.340000E+01
    endloop
  endfacet
  facet normal 0.000000E+00 0.000000E+00 -1.000000E+00
    outer loop
      vertex -3.722083E+01 5.841584E+01 1.340000E+01
      vertex -3.689821E+01 5.920425E+01 1.340000E+01
      vertex -3.668168E+01 5.901242E+01 1.340000E+01
    endloop
  endfacet
  facet normal 0.000000E+00 0.000000E+00 -1.000000E+00
    outer loop
      vertex -3.722083E+01 5.841584E+01 1.340000E+01
      vertex -3.754800E+01 5.873363E+01 1.340000E+01
      vertex -3.689821E+01 5.920425E+01 1.340000E+01
    endloop
  endfacet
  facet normal 9.942697E-01 1.069013E-01 -0.000000E+00
    outer loop
      vertex 8.700000E+01 6.000000E+01 1.200000E+01
      vertex 8.700000E+01 6.000000E+01 1.340000E+01
      vertex 8.704572E+01 5.957481E+01 1.200000E+01
    endloop
  endfacet
  facet normal 9.488081E-01 3.158531E-01 -0.000000E+00
    outer loop
      vertex 8.704572E+01 5.957481E+01 1.200000E+01
      vertex 8.704572E+01 5.957481E+01 1.340000E+01
      vertex 8.718079E+01 5.916906E+01 1.200000E+01
    endloop
  endfacet
  facet normal 9.942697E-01 1.069013E-01 0.000000E+00
    outer loop
      vertex 8.700000E+01 6.000000E+01 1.340000E+01
      vertex 8.704572E+01 5.957481E+01 1.340000E+01
      vertex 8.704572E+01 5.957481E+01 1.200000E+01
    endloop
  endfacet
  facet normal 8.599764E-01 5.103339E-01 -0.000000E+00
    outer loop
      vertex 8.718079E+01 5.916906E+01 1.200000E+01
      vertex 8.718079E+01 5.916906E+01 1.340000E+01
      vertex 8.739902E+01 5.880130E+01 1.200000E+01
    endloop
  endfacet
  facet normal 9.488081E-01 3.158531E-01 0.000000E+00
    outer loop
      vertex 8.704572E+01 5.957481E+01 1.340000E+01
      vertex 8.718079E+01 5.916906E+01 1.340000E+01
      vertex 8.718079E+01 5.916906E+01 1.200000E+01
    endloop
  endfacet
  facet normal 7.318231E-01 6.814947E-01 -0.000000E+00
    outer loop
      vertex 8.739902E+01 5.880130E+01 1.200000E+01
      vertex 8.739902E+01 5.880130E+01 1.340000E+01
      vertex 8.769046E+01 5.848835E+01 1.200000E+01
    endloop
  endfacet
  facet normal 8.599764E-01 5.103339E-01 0.000000E+00
    outer loop
      vertex 8.718079E+01 5.916906E+01 1.340000E+01
      vertex 8.739902E+01 5.880130E+01 1.340000E+01
      vertex 8.739902E+01 5.880130E+01 1.200000E+01
    endloop
  endfacet
  facet normal 7.318231E-01 6.814947E-01 0.000000E+00
    outer loop
      vertex 8.739902E+01 5.880130E+01 1.340000E+01
      vertex 8.769046E+01 5.848835E+01 1.340000E+01
      vertex 8.769046E+01 5.848835E+01 1.200000E+01
    endloop
  endfacet
  facet normal 5.643530E-01 8.255336E-01 0.000000E+00
    outer loop
      vertex 8.769046E+01 5.848835E+01 1.200000E+01
      vertex 8.806686E+01 5.823103E+01 1.340000E+01
      vertex 8.806686E+01 5.823103E+01 1.200000E+01
    endloop
  endfacet
  facet normal 5.643530E-01 8.255336E-01 0.000000E+00
    outer loop
      vertex 8.769046E+01 5.848835E+01 1.340000E+01
      vertex 8.806686E+01 5.823103E+01 1.340000E+01
      vertex 8.769046E+01 5.848835E+01 1.200000E+01
    endloop
  endfacet
  facet normal 3.627135E-01 9.319007E-01 0.000000E+00
    outer loop
      vertex 8.806686E+01 5.823103E+01 1.200000E+01
      vertex 8.849174E+01 5.806566E+01 1.340000E+01
      vertex 8.849174E+01 5.806566E+01 1.200000E+01
    endloop
  endfacet
  facet normal 3.627135E-01 9.319007E-01 0.000000E+00
    outer loop
      vertex 8.806686E+01 5.823103E+01 1.340000E+01
      vertex 8.849174E+01 5.806566E+01 1.340000E+01
      vertex 8.806686E+01 5.823103E+01 1.200000E+01
    endloop
  endfacet
  facet normal 1.422237E-01 9.898345E-01 0.000000E+00
    outer loop
      vertex 8.849174E+01 5.806566E+01 1.200000E+01
      vertex 8.894305E+01 5.800081E+01 1.340000E+01
      vertex 8.894305E+01 5.800081E+01 1.200000E+01
    endloop
  endfacet
  facet normal 1.422237E-01 9.898345E-01 0.000000E+00
    outer loop
      vertex 8.849174E+01 5.806566E+01 1.340000E+01
      vertex 8.894305E+01 5.800081E+01 1.340000E+01
      vertex 8.849174E+01 5.806566E+01 1.200000E+01
    endloop
  endfacet
  facet normal -8.564865E-02 9.963254E-01 0.000000E+00
    outer loop
      vertex 8.894305E+01 5.800081E+01 1.200000E+01
      vertex 8.939732E+01 5.803986E+01 1.340000E+01
      vertex 8.939732E+01 5.803986E+01 1.200000E+01
    endloop
  endfacet
  facet normal -8.564865E-02 9.963254E-01 0.000000E+00
    outer loop
      vertex 8.894305E+01 5.800081E+01 1.340000E+01
      vertex 8.939732E+01 5.803986E+01 1.340000E+01
      vertex 8.894305E+01 5.800081E+01 1.200000E+01
    endloop
  endfacet
  facet normal -3.090804E-01 9.510359E-01 0.000000E+00
    outer loop
      vertex 8.939732E+01 5.803986E+01 1.200000E+01
      vertex 8.983094E+01 5.818079E+01 1.340000E+01
      vertex 8.983094E+01 5.818079E+01 1.200000E+01
    endloop
  endfacet
  facet normal -3.090804E-01 9.510359E-01 0.000000E+00
    outer loop
      vertex 8.939732E+01 5.803986E+01 1.340000E+01
      vertex 8.983094E+01 5.818079E+01 1.340000E+01
      vertex 8.939732E+01 5.803986E+01 1.200000E+01
    endloop
  endfacet
  facet normal -5.164459E-01 8.563198E-01 0.000000E+00
    outer loop
      vertex 8.983094E+01 5.818079E+01 1.200000E+01
      vertex 9.022137E+01 5.841625E+01 1.340000E+01
      vertex 9.022137E+01 5.841625E+01 1.200000E+01
    endloop
  endfacet
  facet normal -5.164459E-01 8.563198E-01 0.000000E+00
    outer loop
      vertex 8.983094E+01 5.818079E+01 1.340000E+01
      vertex 9.022137E+01 5.841625E+01 1.340000E+01
      vertex 8.983094E+01 5.818079E+01 1.200000E+01
    endloop
  endfacet
  facet normal -6.969702E-01 7.171001E-01 0.000000E+00
    outer loop
      vertex 9.022137E+01 5.841625E+01 1.200000E+01
      vertex 9.054832E+01 5.873403E+01 1.340000E+01
      vertex 9.054832E+01 5.873403E+01 1.200000E+01
    endloop
  endfacet
  facet normal -6.969702E-01 7.171001E-01 0.000000E+00
    outer loop
      vertex 9.022137E+01 5.841625E+01 1.340000E+01
      vertex 9.054832E+01 5.873403E+01 1.340000E+01
      vertex 9.022137E+01 5.841625E+01 1.200000E+01
    endloop
  endfacet
  facet normal -8.412670E-01 5.406197E-01 0.000000E+00
    outer loop
      vertex 9.054832E+01 5.873403E+01 1.200000E+01
      vertex 9.079482E+01 5.911760E+01 1.340000E+01
      vertex 9.079482E+01 5.911760E+01 1.200000E+01
    endloop
  endfacet
  facet normal -8.412670E-01 5.406197E-01 0.000000E+00
    outer loop
      vertex 9.054832E+01 5.873403E+01 1.340000E+01
      vertex 9.079482E+01 5.911760E+01 1.340000E+01
      vertex 9.054832E+01 5.873403E+01 1.200000E+01
    endloop
  endfacet
  facet normal -9.418486E-01 3.360375E-01 0.000000E+00
    outer loop
      vertex 9.079482E+01 5.911760E+01 1.200000E+01
      vertex 9.094803E+01 5.954703E+01 1.340000E+01
      vertex 9.094803E+01 5.954703E+01 1.200000E+01
    endloop
  endfacet
  facet normal -9.418486E-01 3.360375E-01 0.000000E+00
    outer loop
      vertex 9.079482E+01 5.911760E+01 1.340000E+01
      vertex 9.094803E+01 5.954703E+01 1.340000E+01
      vertex 9.079482E+01 5.911760E+01 1.200000E+01
    endloop
  endfacet
  facet normal -9.934823E-01 1.139864E-01 0.000000E+00
    outer loop
      vertex 9.094803E+01 5.954703E+01 1.200000E+01
      vertex 9.100000E+01 6.000000E+01 1.340000E+01
      vertex 9.100000E+01 6.000000E+01 1.200000E+01
    endloop
  endfacet
  facet normal -9.934823E-01 1.139864E-01 0.000000E+00
    outer loop
      vertex 9.094803E+01 5.954703E+01 1.340000E+01
      vertex 9.100000E+01 6.000000E+01 1.340000E+01
      vertex 9.094803E+01 5.954703E+01 1.200000E+01
    endloop
  endfacet
  facet normal 0.000000E+00 0.000000E+00 -1.000000E+00
    outer loop
      vertex 8.806686E+01 5.823103E+01 1.340000E+01
      vertex 8.769046E+01 5.848835E+01 1.340000E+01
      vertex 8.831832E+01 5.901242E+01 1.340000E+01
    endloop
  endfacet
  facet normal 0.000000E+00 0.000000E+00 -1.000000E+00
    outer loop
      vertex 8.806686E+01 5.823103E+01 1.340000E+01
      vertex 8.831832E+01 5.901242E+01 1.340000E+01
      vertex 8.857447E+01 5.887798E+01 1.340000E+01
    endloop
  endfacet
  facet normal 0.000000E+00 0.000000E+00 -1.000000E+00
    outer loop
      vertex 9.077091E+01 6.092945E+01 1.340000E+01
      vertex 9.010866E+01 6.045922E+01 1.340000E+01
      vertex 8.999776E+01 6.066668E+01 1.340000E+01
    endloop
  endfacet
  facet normal -0.000000E+00 0.000000E+00 -1.000000E+00
    outer loop
      vertex 9.077091E+01 6.092945E+01 1.340000E+01
      vertex 8.999776E+01 6.066668E+01 1.340000E+01
      vertex 9.049702E+01 6.132624E+01 1.340000E+01
    endloop
  endfacet
  facet normal 0.000000E+00 0.000000E+00 -1.000000E+00
    outer loop
      vertex 8.849174E+01 5.806566E+01 1.340000E+01
      vertex 8.857447E+01 5.887798E+01 1.340000E+01
      vertex 8.885535E+01 5.880875E+01 1.340000E+01
    endloop
  endfacet
  facet normal 0.000000E+00 0.000000E+00 -1.000000E+00
    outer loop
      vertex 8.849174E+01 5.806566E+01 1.340000E+01
      vertex 8.806686E+01 5.823103E+01 1.340000E+01
      vertex 8.857447E+01 5.887798E+01 1.340000E+01
    endloop
  endfacet
  facet normal 0.000000E+00 0.000000E+00 -1.000000E+00
    outer loop
      vertex 8.808751E+01 6.077934E+01 1.340000E+01
      vertex 8.722909E+01 6.092945E+01 1.340000E+01
      vertex 8.750298E+01 6.132624E+01 1.340000E+01
    endloop
  endfacet
  facet normal 0.000000E+00 0.000000E+00 -1.000000E+00
    outer loop
      vertex 9.094189E+01 6.047863E+01 1.340000E+01
      vertex 9.017694E+01 6.023411E+01 1.340000E+01
      vertex 9.010866E+01 6.045922E+01 1.340000E+01
    endloop
  endfacet
  facet normal -0.000000E+00 0.000000E+00 -1.000000E+00
    outer loop
      vertex 9.094189E+01 6.047863E+01 1.340000E+01
      vertex 9.010866E+01 6.045922E+01 1.340000E+01
      vertex 9.077091E+01 6.092945E+01 1.340000E+01
    endloop
  endfacet
  facet normal 0.000000E+00 0.000000E+00 -1.000000E+00
    outer loop
      vertex 8.829465E+01 6.097082E+01 1.340000E+01
      vertex 8.750298E+01 6.132624E+01 1.340000E+01
      vertex 8.786387E+01 6.164597E+01 1.340000E+01
    endloop
  endfacet
  facet normal -0.000000E+00 0.000000E+00 -1.000000E+00
    outer loop
      vertex 8.829465E+01 6.097082E+01 1.340000E+01
      vertex 8.808751E+01 6.077934E+01 1.340000E+01
      vertex 8.750298E+01 6.132624E+01 1.340000E+01
    endloop
  endfacet
  facet normal -0.000000E+00 0.000000E+00 -1.000000E+00
    outer loop
      vertex 8.793079E+01 6.054479E+01 1.340000E+01
      vertex 8.705811E+01 6.047863E+01 1.340000E+01
      vertex 8.722909E+01 6.092945E+01 1.340000E+01
    endloop
  endfacet
  facet normal 0.000000E+00 0.000000E+00 -1.000000E+00
    outer loop
      vertex 8.793079E+01 6.054479E+01 1.340000E+01
      vertex 8.722909E+01 6.092945E+01 1.340000E+01
      vertex 8.808751E+01 6.077934E+01 1.340000E+01
    endloop
  endfacet
  facet normal 0.000000E+00 0.000000E+00 -1.000000E+00
    outer loop
      vertex 8.854078E+01 6.110865E+01 1.340000E+01
      vertex 8.786387E+01 6.164597E+01 1.340000E+01
      vertex 8.829079E+01 6.187003E+01 1.340000E+01
    endloop
  endfacet
  facet normal -0.000000E+00 0.000000E+00 -1.000000E+00
    outer loop
      vertex 8.854078E+01 6.110865E+01 1.340000E+01
      vertex 8.829465E+01 6.097082E+01 1.340000E+01
      vertex 8.786387E+01 6.164597E+01 1.340000E+01
    endloop
  endfacet
  facet normal 0.000000E+00 0.000000E+00 -1.000000E+00
    outer loop
      vertex 8.894305E+01 5.800081E+01 1.340000E+01
      vertex 8.885535E+01 5.880875E+01 1.340000E+01
      vertex 8.914465E+01 5.880875E+01 1.340000E+01
    endloop
  endfacet
  facet normal -0.000000E+00 0.000000E+00 -1.000000E+00
    outer loop
      vertex 8.783315E+01 6.028014E+01 1.340000E+01
      vertex 8.700000E+01 6.000000E+01 1.340000E+01
      vertex 8.705811E+01 6.047863E+01 1.340000E+01
    endloop
  endfacet
  facet normal 0.000000E+00 0.000000E+00 -1.000000E+00
    outer loop
      vertex 8.783315E+01 6.028014E+01 1.340000E+01
      vertex 8.705811E+01 6.047863E+01 1.340000E+01
      vertex 8.793079E+01 6.054479E+01 1.340000E+01
    endloop
  endfacet
  facet normal 0.000000E+00 0.000000E+00 -1.000000E+00
    outer loop
      vertex 8.894305E+01 5.800081E+01 1.340000E+01
      vertex 8.849174E+01 5.806566E+01 1.340000E+01
      vertex 8.885535E+01 5.880875E+01 1.340000E+01
    endloop
  endfacet
  facet normal 0.000000E+00 0.000000E+00 -1.000000E+00
    outer loop
      vertex 9.100000E+01 6.000000E+01 1.340000E+01
      vertex 9.020000E+01 6.000000E+01 1.340000E+01
      vertex 9.017694E+01 6.023411E+01 1.340000E+01
    endloop
  endfacet
  facet normal 0.000000E+00 0.000000E+00 -1.000000E+00
    outer loop
      vertex 8.881228E+01 6.118523E+01 1.340000E+01
      vertex 8.829079E+01 6.187003E+01 1.340000E+01
      vertex 8.875893E+01 6.198542E+01 1.340000E+01
    endloop
  endfacet
  facet normal 0.000000E+00 0.000000E+00 -1.000000E+00
    outer loop
      vertex 9.100000E+01 6.000000E+01 1.340000E+01
      vertex 9.017694E+01 6.023411E+01 1.340000E+01
      vertex 9.094189E+01 6.047863E+01 1.340000E+01
    endloop
  endfacet
  facet normal -0.000000E+00 0.000000E+00 -1.000000E+00
    outer loop
      vertex 8.881228E+01 6.118523E+01 1.340000E+01
      vertex 8.854078E+01 6.110865E+01 1.340000E+01
      vertex 8.829079E+01 6.187003E+01 1.340000E+01
    endloop
  endfacet
  facet normal 0.000000E+00 0.000000E+00 -1.000000E+00
    outer loop
      vertex 8.939732E+01 5.803986E+01 1.340000E+01
      vertex 8.914465E+01 5.880875E+01 1.340000E+01
      vertex 8.942553E+01 5.887798E+01 1.340000E+01
    endloop
  endfacet
  facet normal -0.000000E+00 0.000000E+00 -1.000000E+00
    outer loop
      vertex 8.780000E+01 6.000000E+01 1.340000E+01
      vertex 8.704572E+01 5.957481E+01 1.340000E+01
      vertex 8.700000E+01 6.000000E+01 1.340000E+01
    endloop
  endfacet
  facet normal -0.000000E+00 0.000000E+00 -1.000000E+00
    outer loop
      vertex 8.939732E+01 5.803986E+01 1.340000E+01
      vertex 8.894305E+01 5.800081E+01 1.340000E+01
      vertex 8.914465E+01 5.880875E+01 1.340000E+01
    endloop
  endfacet
  facet normal 0.000000E+00 0.000000E+00 -1.000000E+00
    outer loop
      vertex 8.780000E+01 6.000000E+01 1.340000E+01
      vertex 8.700000E+01 6.000000E+01 1.340000E+01
      vertex 8.783315E+01 6.028014E+01 1.340000E+01
    endloop
  endfacet
  facet normal 0.000000E+00 0.000000E+00 -1.000000E+00
    outer loop
      vertex 9.094803E+01 5.954703E+01 1.340000E+01
      vertex 9.016513E+01 5.971282E+01 1.340000E+01
      vertex 9.020000E+01 6.000000E+01 1.340000E+01
    endloop
  endfacet
  facet normal 0.000000E+00 0.000000E+00 -1.000000E+00
    outer loop
      vertex 9.094803E+01 5.954703E+01 1.340000E+01
      vertex 9.020000E+01 6.000000E+01 1.340000E+01
      vertex 9.100000E+01 6.000000E+01 1.340000E+01
    endloop
  endfacet
  facet normal 0.000000E+00 0.000000E+00 -1.000000E+00
    outer loop
      vertex 8.909415E+01 6.119630E+01 1.340000E+01
      vertex 8.875893E+01 6.198542E+01 1.340000E+01
      vertex 8.924107E+01 6.198542E+01 1.340000E+01
    endloop
  endfacet
  facet normal 0.000000E+00 0.000000E+00 -1.000000E+00
    outer loop
      vertex 8.983094E+01 5.818079E+01 1.340000E+01
      vertex 8.942553E+01 5.887798E+01 1.340000E+01
      vertex 8.968168E+01 5.901242E+01 1.340000E+01
    endloop
  endfacet
  facet normal -0.000000E+00 0.000000E+00 -1.000000E+00
    outer loop
      vertex 8.909415E+01 6.119630E+01 1.340000E+01
      vertex 8.881228E+01 6.118523E+01 1.340000E+01
      vertex 8.875893E+01 6.198542E+01 1.340000E+01
    endloop
  endfacet
  facet normal -0.000000E+00 0.000000E+00 -1.000000E+00
    outer loop
      vertex 8.983094E+01 5.818079E+01 1.340000E+01
      vertex 8.939732E+01 5.803986E+01 1.340000E+01
      vertex 8.942553E+01 5.887798E+01 1.340000E+01
    endloop
  endfacet
  facet normal 0.000000E+00 0.000000E+00 -1.000000E+00
    outer loop
      vertex 9.079482E+01 5.911760E+01 1.340000E+01
      vertex 9.006255E+01 5.944233E+01 1.340000E+01
      vertex 9.016513E+01 5.971282E+01 1.340000E+01
    endloop
  endfacet
  facet normal 0.000000E+00 0.000000E+00 -1.000000E+00
    outer loop
      vertex 9.079482E+01 5.911760E+01 1.340000E+01
      vertex 9.016513E+01 5.971282E+01 1.340000E+01
      vertex 9.094803E+01 5.954703E+01 1.340000E+01
    endloop
  endfacet
  facet normal 0.000000E+00 0.000000E+00 -1.000000E+00
    outer loop
      vertex 8.783487E+01 5.971282E+01 1.340000E+01
      vertex 8.718079E+01 5.916906E+01 1.340000E+01
      vertex 8.704572E+01 5.957481E+01 1.340000E+01
    endloop
  endfacet
  facet normal 0.000000E+00 0.000000E+00 -1.000000E+00
    outer loop
      vertex 9.022137E+01 5.841625E+01 1.340000E+01
      vertex 8.968168E+01 5.901242E+01 1.340000E+01
      vertex 8.989822E+01 5.920425E+01 1.340000E+01
    endloop
  endfacet
  facet normal -0.000000E+00 0.000000E+00 -1.000000E+00
    outer loop
      vertex 9.022137E+01 5.841625E+01 1.340000E+01
      vertex 8.983094E+01 5.818079E+01 1.340000E+01
      vertex 8.968168E+01 5.901242E+01 1.340000E+01
    endloop
  endfacet
  facet normal -0.000000E+00 0.000000E+00 -1.000000E+00
    outer loop
      vertex 8.783487E+01 5.971282E+01 1.340000E+01
      vertex 8.704572E+01 5.957481E+01 1.340000E+01
      vertex 8.780000E+01 6.000000E+01 1.340000E+01
    endloop
  endfacet
  facet normal 0.000000E+00 0.000000E+00 -1.000000E+00
    outer loop
      vertex 9.054832E+01 5.873403E+01 1.340000E+01
      vertex 8.989822E+01 5.920425E+01 1.340000E+01
      vertex 9.006255E+01 5.944233E+01 1.340000E+01
    endloop
  endfacet
  facet normal -0.000000E+00 0.000000E+00 -1.000000E+00
    outer loop
      vertex 9.054832E+01 5.873403E+01 1.340000E+01
      vertex 9.022137E+01 5.841625E+01 1.340000E+01
      vertex 8.989822E+01 5.920425E+01 1.340000E+01
    endloop
  endfacet
  facet normal 0.000000E+00 0.000000E+00 -1.000000E+00
    outer loop
      vertex 9.054832E+01 5.873403E+01 1.340000E+01
      vertex 9.006255E+01 5.944233E+01 1.340000E+01
      vertex 9.079482E+01 5.911760E+01 1.340000E+01
    endloop
  endfacet
  facet normal 0.000000E+00 0.000000E+00 -1.000000E+00
    outer loop
      vertex 8.937082E+01 6.114127E+01 1.340000E+01
      vertex 8.924107E+01 6.198542E+01 1.340000E+01
      vertex 8.970921E+01 6.187003E+01 1.340000E+01
    endloop
  endfacet
  facet normal 0.000000E+00 0.000000E+00 -1.000000E+00
    outer loop
      vertex 8.937082E+01 6.114127E+01 1.340000E+01
      vertex 8.909415E+01 6.119630E+01 1.340000E+01
      vertex 8.924107E+01 6.198542E+01 1.340000E+01
    endloop
  endfacet
  facet normal -0.000000E+00 0.000000E+00 -1.000000E+00
    outer loop
      vertex 8.793745E+01 5.944233E+01 1.340000E+01
      vertex 8.718079E+01 5.916906E+01 1.340000E+01
      vertex 8.783487E+01 5.971282E+01 1.340000E+01
    endloop
  endfacet
  facet normal 0.000000E+00 0.000000E+00 -1.000000E+00
    outer loop
      vertex 8.739902E+01 5.880130E+01 1.340000E+01
      vertex 8.718079E+01 5.916906E+01 1.340000E+01
      vertex 8.793745E+01 5.944233E+01 1.340000E+01
    endloop
  endfacet
  facet normal 0.000000E+00 0.000000E+00 -1.000000E+00
    outer loop
      vertex 8.962700E+01 6.102317E+01 1.340000E+01
      vertex 8.970921E+01 6.187003E+01 1.340000E+01
      vertex 9.013613E+01 6.164597E+01 1.340000E+01
    endloop
  endfacet
  facet normal 0.000000E+00 0.000000E+00 -1.000000E+00
    outer loop
      vertex 8.962700E+01 6.102317E+01 1.340000E+01
      vertex 8.937082E+01 6.114127E+01 1.340000E+01
      vertex 8.970921E+01 6.187003E+01 1.340000E+01
    endloop
  endfacet
  facet normal -0.000000E+00 0.000000E+00 -1.000000E+00
    outer loop
      vertex 8.810178E+01 5.920425E+01 1.340000E+01
      vertex 8.739902E+01 5.880130E+01 1.340000E+01
      vertex 8.793745E+01 5.944233E+01 1.340000E+01
    endloop
  endfacet
  facet normal 0.000000E+00 0.000000E+00 -1.000000E+00
    outer loop
      vertex 8.984853E+01 6.084853E+01 1.340000E+01
      vertex 8.962700E+01 6.102317E+01 1.340000E+01
      vertex 9.013613E+01 6.164597E+01 1.340000E+01
    endloop
  endfacet
  facet normal -0.000000E+00 0.000000E+00 -1.000000E+00
    outer loop
      vertex 9.049702E+01 6.132624E+01 1.340000E+01
      vertex 8.984853E+01 6.084853E+01 1.340000E+01
      vertex 9.013613E+01 6.164597E+01 1.340000E+01
    endloop
  endfacet
  facet normal 0.000000E+00 0.000000E+00 -1.000000E+00
    outer loop
      vertex 8.769046E+01 5.848835E+01 1.340000E+01
      vertex 8.739902E+01 5.880130E+01 1.340000E+01
      vertex 8.810178E+01 5.920425E+01 1.340000E+01
    endloop
  endfacet
  facet normal -0.000000E+00 0.000000E+00 -1.000000E+00
    outer loop
      vertex 8.831832E+01 5.901242E+01 1.340000E+01
      vertex 8.769046E+01 5.848835E+01 1.340000E+01
      vertex 8.810178E+01 5.920425E+01 1.340000E+01
    endloop
  endfacet
  facet normal 0.000000E+00 0.000000E+00 -1.000000E+00
    outer loop
      vertex 8.999776E+01 6.066668E+01 1.340000E+01
      vertex 8.984853E+01 6.084853E+01 1.340000E+01
      vertex 9.049702E+01 6.132624E+01 1.340000E+01
    endloop
  endfacet
  facet normal 9.927088E-01 1.205378E-01 -0.000000E+00
    outer loop
      vertex 3.150000E+01 4.500000E+00 1.200000E+01
      vertex 3.150000E+01 4.500000E+00 1.340000E+01
      vertex 3.155812E+01 4.021369E+00 1.200000E+01
    endloop
  endfacet
  facet normal 9.350166E-01 3.546037E-01 -0.000000E+00
    outer loop
      vertex 3.155812E+01 4.021369E+00 1.200000E+01
      vertex 3.155812E+01 4.021369E+00 1.340000E+01
      vertex 3.172909E+01 3.570554E+00 1.200000E+01
    endloop
  endfacet
  facet normal 9.927088E-01 1.205378E-01 0.000000E+00
    outer loop
      vertex 3.150000E+01 4.500000E+00 1.340000E+01
      vertex 3.155812E+01 4.021369E+00 1.340000E+01
      vertex 3.155812E+01 4.021369E+00 1.200000E+01
    endloop
  endfacet
  facet normal 8.229828E-01 5.680661E-01 -0.000000E+00
    outer loop
      vertex 3.172909E+01 3.570554E+00 1.200000E+01
      vertex 3.172909E+01 3.570554E+00 1.340000E+01
      vertex 3.200298E+01 3.173755E+00 1.200000E+01
    endloop
  endfacet
  facet normal 9.350166E-01 3.546037E-01 0.000000E+00
    outer loop
      vertex 3.155812E+01 4.021369E+00 1.340000E+01
      vertex 3.172909E+01 3.570554E+00 1.340000E+01
      vertex 3.172909E+01 3.570554E+00 1.200000E+01
    endloop
  endfacet
  facet normal 6.631253E-01 7.485084E-01 -0.000000E+00
    outer loop
      vertex 3.200298E+01 3.173755E+00 1.200000E+01
      vertex 3.200298E+01 3.173755E+00 1.340000E+01
      vertex 3.236387E+01 2.854032E+00 1.200000E+01
    endloop
  endfacet
  facet normal 8.229828E-01 5.680661E-01 0.000000E+00
    outer loop
      vertex 3.172909E+01 3.570554E+00 1.340000E+01
      vertex 3.200298E+01 3.173755E+00 1.340000E+01
      vertex 3.200298E+01 3.173755E+00 1.200000E+01
    endloop
  endfacet
  facet normal 4.647215E-01 8.854569E-01 -0.000000E+00
    outer loop
      vertex 3.236387E+01 2.854032E+00 1.200000E+01
      vertex 3.236387E+01 2.854032E+00 1.340000E+01
      vertex 3.279079E+01 2.629967E+00 1.200000E+01
    endloop
  endfacet
  facet normal 6.631253E-01 7.485084E-01 0.000000E+00
    outer loop
      vertex 3.200298E+01 3.173755E+00 1.340000E+01
      vertex 3.236387E+01 2.854032E+00 1.340000E+01
      vertex 3.236387E+01 2.854032E+00 1.200000E+01
    endloop
  endfacet
  facet normal 2.393160E-01 9.709417E-01 -0.000000E+00
    outer loop
      vertex 3.279079E+01 2.629967E+00 1.200000E+01
      vertex 3.279079E+01 2.629967E+00 1.340000E+01
      vertex 3.325893E+01 2.514582E+00 1.200000E+01
    endloop
  endfacet
  facet normal 4.647215E-01 8.854569E-01 0.000000E+00
    outer loop
      vertex 3.236387E+01 2.854032E+00 1.340000E+01
      vertex 3.279079E+01 2.629967E+00 1.340000E+01
      vertex 3.279079E+01 2.629967E+00 1.200000E+01
    endloop
  endfacet
  facet normal 0.000000E+00 1.000000E+00 0.000000E+00
    outer loop
      vertex 3.325893E+01 2.514582E+00 1.200000E+01
      vertex 3.325893E+01 2.514582E+00 1.340000E+01
      vertex 3.374107E+01 2.514582E+00 1.200000E+01
    endloop
  endfacet
  facet normal 2.393160E-01 9.709417E-01 0.000000E+00
    outer loop
      vertex 3.279079E+01 2.629967E+00 1.340000E+01
      vertex 3.325893E+01 2.514582E+00 1.340000E+01
      vertex 3.325893E+01 2.514582E+00 1.200000E+01
    endloop
  endfacet
  facet normal -2.393160E-01 9.709417E-01 0.000000E+00
    outer loop
      vertex 3.374107E+01 2.514582E+00 1.200000E+01
      vertex 3.374107E+01 2.514582E+00 1.340000E+01
      vertex 3.420921E+01 2.629967E+00 1.200000E+01
    endloop
  endfacet
  facet normal -0.000000E+00 1.000000E+00 0.000000E+00
    outer loop
      vertex 3.325893E+01 2.514582E+00 1.340000E+01
      vertex 3.374107E+01 2.514582E+00 1.340000E+01
      vertex 3.374107E+01 2.514582E+00 1.200000E+01
    endloop
  endfacet
  facet normal -4.647215E-01 8.854569E-01 0.000000E+00
    outer loop
      vertex 3.420921E+01 2.629967E+00 1.200000E+01
      vertex 3.420921E+01 2.629967E+00 1.340000E+01
      vertex 3.463613E+01 2.854032E+00 1.200000E+01
    endloop
  endfacet
  facet normal -2.393160E-01 9.709417E-01 0.000000E+00
    outer loop
      vertex 3.374107E+01 2.514582E+00 1.340000E+01
      vertex 3.420921E+01 2.629967E+00 1.340000E+01
      vertex 3.420921E+01 2.629967E+00 1.200000E+01
    endloop
  endfacet
  facet normal -6.631253E-01 7.485084E-01 0.000000E+00
    outer loop
      vertex 3.463613E+01 2.854032E+00 1.200000E+01
      vertex 3.463613E+01 2.854032E+00 1.340000E+01
      vertex 3.499702E+01 3.173755E+00 1.200000E+01
    endloop
  endfacet
  facet normal -4.647215E-01 8.854569E-01 0.000000E+00
    outer loop
      vertex 3.420921E+01 2.629967E+00 1.340000E+01
      vertex 3.463613E+01 2.854032E+00 1.340000E+01
      vertex 3.463613E+01 2.854032E+00 1.200000E+01
    endloop
  endfacet
  facet normal -8.229828E-01 5.680661E-01 0.000000E+00
    outer loop
      vertex 3.499702E+01 3.173755E+00 1.200000E+01
      vertex 3.499702E+01 3.173755E+00 1.340000E+01
      vertex 3.527091E+01 3.570554E+00 1.200000E+01
    endloop
  endfacet
  facet normal -6.631253E-01 7.485084E-01 0.000000E+00
    outer loop
      vertex 3.463613E+01 2.854032E+00 1.340000E+01
      vertex 3.499702E+01 3.173755E+00 1.340000E+01
      vertex 3.499702E+01 3.173755E+00 1.200000E+01
    endloop
  endfacet
  facet normal -9.350166E-01 3.546037E-01 0.000000E+00
    outer loop
      vertex 3.527091E+01 3.570554E+00 1.200000E+01
      vertex 3.527091E+01 3.570554E+00 1.340000E+01
      vertex 3.544188E+01 4.021369E+00 1.200000E+01
    endloop
  endfacet
  facet normal -8.229828E-01 5.680661E-01 0.000000E+00
    outer loop
      vertex 3.499702E+01 3.173755E+00 1.340000E+01
      vertex 3.527091E+01 3.570554E+00 1.340000E+01
      vertex 3.527091E+01 3.570554E+00 1.200000E+01
    endloop
  endfacet
  facet normal -9.927088E-01 1.205378E-01 0.000000E+00
    outer loop
      vertex 3.544188E+01 4.021369E+00 1.200000E+01
      vertex 3.544188E+01 4.021369E+00 1.340000E+01
      vertex 3.550000E+01 4.500000E+00 1.200000E+01
    endloop
  endfacet
  facet normal -9.350166E-01 3.546037E-01 0.000000E+00
    outer loop
      vertex 3.527091E+01 3.570554E+00 1.340000E+01
      vertex 3.544188E+01 4.021369E+00 1.340000E+01
      vertex 3.544188E+01 4.021369E+00 1.200000E+01
    endloop
  endfacet
  facet normal -9.927088E-01 1.205378E-01 0.000000E+00
    outer loop
      vertex 3.544188E+01 4.021369E+00 1.340000E+01
      vertex 3.550000E+01 4.500000E+00 1.340000E+01
      vertex 3.550000E+01 4.500000E+00 1.200000E+01
    endloop
  endfacet
  facet normal 0.000000E+00 0.000000E+00 -1.000000E+00
    outer loop
      vertex 3.522438E+01 5.513164E+00 1.340000E+01
      vertex 3.460865E+01 4.959220E+00 1.340000E+01
      vertex 3.449776E+01 5.166684E+00 1.340000E+01
    endloop
  endfacet
  facet normal -0.000000E+00 0.000000E+00 -1.000000E+00
    outer loop
      vertex 3.522438E+01 5.513164E+00 1.340000E+01
      vertex 3.449776E+01 5.166684E+00 1.340000E+01
      vertex 3.493788E+01 5.890148E+00 1.340000E+01
    endloop
  endfacet
  facet normal 0.000000E+00 0.000000E+00 -1.000000E+00
    outer loop
      vertex 3.279079E+01 2.629967E+00 1.340000E+01
      vertex 3.236387E+01 2.854032E+00 1.340000E+01
      vertex 3.281832E+01 3.512419E+00 1.340000E+01
    endloop
  endfacet
  facet normal 0.000000E+00 0.000000E+00 -1.000000E+00
    outer loop
      vertex 3.279079E+01 2.629967E+00 1.340000E+01
      vertex 3.281832E+01 3.512419E+00 1.340000E+01
      vertex 3.307447E+01 3.377980E+00 1.340000E+01
    endloop
  endfacet
  facet normal 0.000000E+00 0.000000E+00 -1.000000E+00
    outer loop
      vertex 3.541424E+01 5.079391E+00 1.340000E+01
      vertex 3.467694E+01 4.734108E+00 1.340000E+01
      vertex 3.460865E+01 4.959220E+00 1.340000E+01
    endloop
  endfacet
  facet normal 0.000000E+00 0.000000E+00 -1.000000E+00
    outer loop
      vertex 3.258751E+01 5.279338E+00 1.340000E+01
      vertex 3.172106E+01 5.413990E+00 1.340000E+01
      vertex 3.198578E+01 5.806579E+00 1.340000E+01
    endloop
  endfacet
  facet normal -0.000000E+00 0.000000E+00 -1.000000E+00
    outer loop
      vertex 3.541424E+01 5.079391E+00 1.340000E+01
      vertex 3.460865E+01 4.959220E+00 1.340000E+01
      vertex 3.522438E+01 5.513164E+00 1.340000E+01
    endloop
  endfacet
  facet normal 0.000000E+00 0.000000E+00 -1.000000E+00
    outer loop
      vertex 3.279466E+01 5.470820E+00 1.340000E+01
      vertex 3.198578E+01 5.806579E+00 1.340000E+01
      vertex 3.233538E+01 6.125932E+00 1.340000E+01
    endloop
  endfacet
  facet normal -0.000000E+00 0.000000E+00 -1.000000E+00
    outer loop
      vertex 3.279466E+01 5.470820E+00 1.340000E+01
      vertex 3.258751E+01 5.279338E+00 1.340000E+01
      vertex 3.198578E+01 5.806579E+00 1.340000E+01
    endloop
  endfacet
  facet normal -0.000000E+00 0.000000E+00 -1.000000E+00
    outer loop
      vertex 3.243079E+01 5.044789E+00 1.340000E+01
      vertex 3.155605E+01 4.970172E+00 1.340000E+01
      vertex 3.172106E+01 5.413990E+00 1.340000E+01
    endloop
  endfacet
  facet normal 0.000000E+00 0.000000E+00 -1.000000E+00
    outer loop
      vertex 3.243079E+01 5.044789E+00 1.340000E+01
      vertex 3.172106E+01 5.413990E+00 1.340000E+01
      vertex 3.258751E+01 5.279338E+00 1.340000E+01
    endloop
  endfacet
  facet normal 0.000000E+00 0.000000E+00 -1.000000E+00
    outer loop
      vertex 3.304078E+01 5.608655E+00 1.340000E+01
      vertex 3.233538E+01 6.125932E+00 1.340000E+01
      vertex 3.275025E+01 6.354151E+00 1.340000E+01
    endloop
  endfacet
  facet normal -0.000000E+00 0.000000E+00 -1.000000E+00
    outer loop
      vertex 3.304078E+01 5.608655E+00 1.340000E+01
      vertex 3.279466E+01 5.470820E+00 1.340000E+01
      vertex 3.233538E+01 6.125932E+00 1.340000E+01
    endloop
  endfacet
  facet normal -0.000000E+00 0.000000E+00 -1.000000E+00
    outer loop
      vertex 3.546173E+01 4.889376E+00 1.340000E+01
      vertex 3.467694E+01 4.734108E+00 1.340000E+01
      vertex 3.541424E+01 5.079391E+00 1.340000E+01
    endloop
  endfacet
  facet normal -0.000000E+00 0.000000E+00 -1.000000E+00
    outer loop
      vertex 3.233316E+01 4.780134E+00 1.340000E+01
      vertex 3.150000E+01 4.500000E+00 1.340000E+01
      vertex 3.155605E+01 4.970172E+00 1.340000E+01
    endloop
  endfacet
  facet normal 0.000000E+00 0.000000E+00 -1.000000E+00
    outer loop
      vertex 3.233316E+01 4.780134E+00 1.340000E+01
      vertex 3.155605E+01 4.970172E+00 1.340000E+01
      vertex 3.243079E+01 5.044789E+00 1.340000E+01
    endloop
  endfacet
  facet normal 0.000000E+00 0.000000E+00 -1.000000E+00
    outer loop
      vertex 3.331228E+01 5.685226E+00 1.340000E+01
      vertex 3.275025E+01 6.354151E+00 1.340000E+01
      vertex 3.320715E+01 6.478443E+00 1.340000E+01
    endloop
  endfacet
  facet normal -0.000000E+00 0.000000E+00 -1.000000E+00
    outer loop
      vertex 3.331228E+01 5.685226E+00 1.340000E+01
      vertex 3.304078E+01 5.608655E+00 1.340000E+01
      vertex 3.275025E+01 6.354151E+00 1.340000E+01
    endloop
  endfacet
  facet normal 0.000000E+00 0.000000E+00 -1.000000E+00
    outer loop
      vertex 3.230000E+01 4.500000E+00 1.340000E+01
      vertex 3.150000E+01 4.500000E+00 1.340000E+01
      vertex 3.233316E+01 4.780134E+00 1.340000E+01
    endloop
  endfacet
  facet normal 0.000000E+00 0.000000E+00 -1.000000E+00
    outer loop
      vertex 3.359415E+01 5.696301E+00 1.340000E+01
      vertex 3.320715E+01 6.478443E+00 1.340000E+01
      vertex 3.368046E+01 6.491842E+00 1.340000E+01
    endloop
  endfacet
  facet normal -0.000000E+00 0.000000E+00 -1.000000E+00
    outer loop
      vertex 3.359415E+01 5.696301E+00 1.340000E+01
      vertex 3.331228E+01 5.685226E+00 1.340000E+01
      vertex 3.320715E+01 6.478443E+00 1.340000E+01
    endloop
  endfacet
  facet normal -0.000000E+00 0.000000E+00 -1.000000E+00
    outer loop
      vertex 3.233487E+01 4.212821E+00 1.340000E+01
      vertex 3.155812E+01 4.021369E+00 1.340000E+01
      vertex 3.150000E+01 4.500000E+00 1.340000E+01
    endloop
  endfacet
  facet normal 0.000000E+00 0.000000E+00 -1.000000E+00
    outer loop
      vertex 3.233487E+01 4.212821E+00 1.340000E+01
      vertex 3.150000E+01 4.500000E+00 1.340000E+01
      vertex 3.230000E+01 4.500000E+00 1.340000E+01
    endloop
  endfacet
  facet normal 0.000000E+00 0.000000E+00 -1.000000E+00
    outer loop
      vertex 3.325893E+01 2.514582E+00 1.340000E+01
      vertex 3.307447E+01 3.377980E+00 1.340000E+01
      vertex 3.335535E+01 3.308749E+00 1.340000E+01
    endloop
  endfacet
  facet normal 0.000000E+00 0.000000E+00 -1.000000E+00
    outer loop
      vertex 3.325893E+01 2.514582E+00 1.340000E+01
      vertex 3.279079E+01 2.629967E+00 1.340000E+01
      vertex 3.307447E+01 3.377980E+00 1.340000E+01
    endloop
  endfacet
  facet normal -0.000000E+00 0.000000E+00 -1.000000E+00
    outer loop
      vertex 3.549041E+01 4.695626E+00 1.340000E+01
      vertex 3.470000E+01 4.500000E+00 1.340000E+01
      vertex 3.467694E+01 4.734108E+00 1.340000E+01
    endloop
  endfacet
  facet normal 0.000000E+00 0.000000E+00 -1.000000E+00
    outer loop
      vertex 3.387082E+01 5.641268E+00 1.340000E+01
      vertex 3.368046E+01 6.491842E+00 1.340000E+01
      vertex 3.414366E+01 6.393596E+00 1.340000E+01
    endloop
  endfacet
  facet normal 0.000000E+00 0.000000E+00 -1.000000E+00
    outer loop
      vertex 3.549041E+01 4.695626E+00 1.340000E+01
      vertex 3.467694E+01 4.734108E+00 1.340000E+01
      vertex 3.546173E+01 4.889376E+00 1.340000E+01
    endloop
  endfacet
  facet normal 0.000000E+00 0.000000E+00 -1.000000E+00
    outer loop
      vertex 3.387082E+01 5.641268E+00 1.340000E+01
      vertex 3.359415E+01 5.696301E+00 1.340000E+01
      vertex 3.368046E+01 6.491842E+00 1.340000E+01
    endloop
  endfacet
  facet normal 0.000000E+00 0.000000E+00 -1.000000E+00
    outer loop
      vertex 3.550000E+01 4.500000E+00 1.340000E+01
      vertex 3.470000E+01 4.500000E+00 1.340000E+01
      vertex 3.549041E+01 4.695626E+00 1.340000E+01
    endloop
  endfacet
  facet normal -0.000000E+00 0.000000E+00 -1.000000E+00
    outer loop
      vertex 3.243745E+01 3.942332E+00 1.340000E+01
      vertex 3.172909E+01 3.570554E+00 1.340000E+01
      vertex 3.155812E+01 4.021369E+00 1.340000E+01
    endloop
  endfacet
  facet normal 0.000000E+00 0.000000E+00 -1.000000E+00
    outer loop
      vertex 3.374107E+01 2.514582E+00 1.340000E+01
      vertex 3.335535E+01 3.308749E+00 1.340000E+01
      vertex 3.364465E+01 3.308749E+00 1.340000E+01
    endloop
  endfacet
  facet normal 0.000000E+00 0.000000E+00 -1.000000E+00
    outer loop
      vertex 3.243745E+01 3.942332E+00 1.340000E+01
      vertex 3.155812E+01 4.021369E+00 1.340000E+01
      vertex 3.233487E+01 4.212821E+00 1.340000E+01
    endloop
  endfacet
  facet normal 0.000000E+00 0.000000E+00 -1.000000E+00
    outer loop
      vertex 3.374107E+01 2.514582E+00 1.340000E+01
      vertex 3.325893E+01 2.514582E+00 1.340000E+01
      vertex 3.335535E+01 3.308749E+00 1.340000E+01
    endloop
  endfacet
  facet normal 0.000000E+00 0.000000E+00 -1.000000E+00
    outer loop
      vertex 3.544188E+01 4.021369E+00 1.340000E+01
      vertex 3.466513E+01 4.212821E+00 1.340000E+01
      vertex 3.470000E+01 4.500000E+00 1.340000E+01
    endloop
  endfacet
  facet normal 0.000000E+00 0.000000E+00 -1.000000E+00
    outer loop
      vertex 3.412700E+01 5.523168E+00 1.340000E+01
      vertex 3.414366E+01 6.393596E+00 1.340000E+01
      vertex 3.457077E+01 6.189213E+00 1.340000E+01
    endloop
  endfacet
  facet normal 0.000000E+00 0.000000E+00 -1.000000E+00
    outer loop
      vertex 3.544188E+01 4.021369E+00 1.340000E+01
      vertex 3.470000E+01 4.500000E+00 1.340000E+01
      vertex 3.550000E+01 4.500000E+00 1.340000E+01
    endloop
  endfacet
  facet normal 0.000000E+00 0.000000E+00 -1.000000E+00
    outer loop
      vertex 3.412700E+01 5.523168E+00 1.340000E+01
      vertex 3.387082E+01 5.641268E+00 1.340000E+01
      vertex 3.414366E+01 6.393596E+00 1.340000E+01
    endloop
  endfacet
  facet normal 0.000000E+00 0.000000E+00 -1.000000E+00
    outer loop
      vertex 3.420921E+01 2.629967E+00 1.340000E+01
      vertex 3.364465E+01 3.308749E+00 1.340000E+01
      vertex 3.392553E+01 3.377980E+00 1.340000E+01
    endloop
  endfacet
  facet normal -0.000000E+00 0.000000E+00 -1.000000E+00
    outer loop
      vertex 3.260179E+01 3.704253E+00 1.340000E+01
      vertex 3.172909E+01 3.570554E+00 1.340000E+01
      vertex 3.243745E+01 3.942332E+00 1.340000E+01
    endloop
  endfacet
  facet normal -0.000000E+00 0.000000E+00 -1.000000E+00
    outer loop
      vertex 3.420921E+01 2.629967E+00 1.340000E+01
      vertex 3.374107E+01 2.514582E+00 1.340000E+01
      vertex 3.364465E+01 3.308749E+00 1.340000E+01
    endloop
  endfacet
  facet normal 0.000000E+00 0.000000E+00 -1.000000E+00
    outer loop
      vertex 3.527091E+01 3.570554E+00 1.340000E+01
      vertex 3.456255E+01 3.942332E+00 1.340000E+01
      vertex 3.466513E+01 4.212821E+00 1.340000E+01
    endloop
  endfacet
  facet normal 0.000000E+00 0.000000E+00 -1.000000E+00
    outer loop
      vertex 3.260179E+01 3.704253E+00 1.340000E+01
      vertex 3.200298E+01 3.173755E+00 1.340000E+01
      vertex 3.172909E+01 3.570554E+00 1.340000E+01
    endloop
  endfacet
  facet normal 0.000000E+00 0.000000E+00 -1.000000E+00
    outer loop
      vertex 3.527091E+01 3.570554E+00 1.340000E+01
      vertex 3.466513E+01 4.212821E+00 1.340000E+01
      vertex 3.544188E+01 4.021369E+00 1.340000E+01
    endloop
  endfacet
  facet normal 0.000000E+00 0.000000E+00 -1.000000E+00
    outer loop
      vertex 3.434853E+01 5.348528E+00 1.340000E+01
      vertex 3.412700E+01 5.523168E+00 1.340000E+01
      vertex 3.457077E+01 6.189213E+00 1.340000E+01
    endloop
  endfacet
  facet normal -0.000000E+00 0.000000E+00 -1.000000E+00
    outer loop
      vertex 3.493788E+01 5.890148E+00 1.340000E+01
      vertex 3.434853E+01 5.348528E+00 1.340000E+01
      vertex 3.457077E+01 6.189213E+00 1.340000E+01
    endloop
  endfacet
  facet normal 0.000000E+00 0.000000E+00 -1.000000E+00
    outer loop
      vertex 3.463613E+01 2.854032E+00 1.340000E+01
      vertex 3.392553E+01 3.377980E+00 1.340000E+01
      vertex 3.418168E+01 3.512419E+00 1.340000E+01
    endloop
  endfacet
  facet normal -0.000000E+00 0.000000E+00 -1.000000E+00
    outer loop
      vertex 3.463613E+01 2.854032E+00 1.340000E+01
      vertex 3.420921E+01 2.629967E+00 1.340000E+01
      vertex 3.392553E+01 3.377980E+00 1.340000E+01
    endloop
  endfacet
  facet normal 0.000000E+00 0.000000E+00 -1.000000E+00
    outer loop
      vertex 3.499702E+01 3.173755E+00 1.340000E+01
      vertex 3.439821E+01 3.704253E+00 1.340000E+01
      vertex 3.456255E+01 3.942332E+00 1.340000E+01
    endloop
  endfacet
  facet normal 0.000000E+00 0.000000E+00 -1.000000E+00
    outer loop
      vertex 3.499702E+01 3.173755E+00 1.340000E+01
      vertex 3.418168E+01 3.512419E+00 1.340000E+01
      vertex 3.439821E+01 3.704253E+00 1.340000E+01
    endloop
  endfacet
  facet normal -0.000000E+00 0.000000E+00 -1.000000E+00
    outer loop
      vertex 3.499702E+01 3.173755E+00 1.340000E+01
      vertex 3.463613E+01 2.854032E+00 1.340000E+01
      vertex 3.418168E+01 3.512419E+00 1.340000E+01
    endloop
  endfacet
  facet normal 0.000000E+00 0.000000E+00 -1.000000E+00
    outer loop
      vertex 3.499702E+01 3.173755E+00 1.340000E+01
      vertex 3.456255E+01 3.942332E+00 1.340000E+01
      vertex 3.527091E+01 3.570554E+00 1.340000E+01
    endloop
  endfacet
  facet normal 0.000000E+00 0.000000E+00 -1.000000E+00
    outer loop
      vertex 3.449776E+01 5.166684E+00 1.340000E+01
      vertex 3.434853E+01 5.348528E+00 1.340000E+01
      vertex 3.493788E+01 5.890148E+00 1.340000E+01
    endloop
  endfacet
  facet normal 0.000000E+00 0.000000E+00 -1.000000E+00
    outer loop
      vertex 3.236387E+01 2.854032E+00 1.340000E+01
      vertex 3.200298E+01 3.173755E+00 1.340000E+01
      vertex 3.260179E+01 3.704253E+00 1.340000E+01
    endloop
  endfacet
  facet normal 0.000000E+00 0.000000E+00 -1.000000E+00
    outer loop
      vertex 3.236387E+01 2.854032E+00 1.340000E+01
      vertex 3.260179E+01 3.704253E+00 1.340000E+01
      vertex 3.281832E+01 3.512419E+00 1.340000E+01
    endloop
  endfacet
  facet normal 9.927103E-01 1.205251E-01 0.000000E+00
    outer loop
      vertex 8.780000E+01 6.000000E+01 1.500000E+01
      vertex 8.783487E+01 5.971282E+01 1.500000E+01
      vertex 8.780000E+01 6.000000E+01 1.340000E+01
    endloop
  endfacet
  facet normal 9.927103E-01 1.205251E-01 0.000000E+00
    outer loop
      vertex 8.780000E+01 6.000000E+01 1.340000E+01
      vertex 8.783487E+01 5.971282E+01 1.500000E+01
      vertex 8.783487E+01 5.971282E+01 1.340000E+01
    endloop
  endfacet
  facet normal 9.350139E-01 3.546109E-01 0.000000E+00
    outer loop
      vertex 8.783487E+01 5.971282E+01 1.340000E+01
      vertex 8.793745E+01 5.944233E+01 1.500000E+01
      vertex 8.793745E+01 5.944233E+01 1.340000E+01
    endloop
  endfacet
  facet normal 9.350139E-01 3.546109E-01 0.000000E+00
    outer loop
      vertex 8.783487E+01 5.971282E+01 1.500000E+01
      vertex 8.793745E+01 5.944233E+01 1.500000E+01
      vertex 8.783487E+01 5.971282E+01 1.340000E+01
    endloop
  endfacet
  facet normal 8.229913E-01 5.680540E-01 0.000000E+00
    outer loop
      vertex 8.793745E+01 5.944233E+01 1.340000E+01
      vertex 8.810178E+01 5.920425E+01 1.500000E+01
      vertex 8.810178E+01 5.920425E+01 1.340000E+01
    endloop
  endfacet
  facet normal 8.229913E-01 5.680540E-01 0.000000E+00
    outer loop
      vertex 8.793745E+01 5.944233E+01 1.500000E+01
      vertex 8.810178E+01 5.920425E+01 1.500000E+01
      vertex 8.793745E+01 5.944233E+01 1.340000E+01
    endloop
  endfacet
  facet normal 6.631188E-01 7.485141E-01 0.000000E+00
    outer loop
      vertex 8.810178E+01 5.920425E+01 1.340000E+01
      vertex 8.831832E+01 5.901242E+01 1.500000E+01
      vertex 8.831832E+01 5.901242E+01 1.340000E+01
    endloop
  endfacet
  facet normal 6.631188E-01 7.485141E-01 0.000000E+00
    outer loop
      vertex 8.810178E+01 5.920425E+01 1.500000E+01
      vertex 8.831832E+01 5.901242E+01 1.500000E+01
      vertex 8.810178E+01 5.920425E+01 1.340000E+01
    endloop
  endfacet
  facet normal 4.647336E-01 8.854505E-01 0.000000E+00
    outer loop
      vertex 8.831832E+01 5.901242E+01 1.340000E+01
      vertex 8.857447E+01 5.887798E+01 1.500000E+01
      vertex 8.857447E+01 5.887798E+01 1.340000E+01
    endloop
  endfacet
  facet normal 4.647336E-01 8.854505E-01 0.000000E+00
    outer loop
      vertex 8.831832E+01 5.901242E+01 1.500000E+01
      vertex 8.857447E+01 5.887798E+01 1.500000E+01
      vertex 8.831832E+01 5.901242E+01 1.340000E+01
    endloop
  endfacet
  facet normal 2.393075E-01 9.709438E-01 0.000000E+00
    outer loop
      vertex 8.857447E+01 5.887798E+01 1.340000E+01
      vertex 8.885535E+01 5.880875E+01 1.500000E+01
      vertex 8.885535E+01 5.880875E+01 1.340000E+01
    endloop
  endfacet
  facet normal 2.393075E-01 9.709438E-01 0.000000E+00
    outer loop
      vertex 8.857447E+01 5.887798E+01 1.500000E+01
      vertex 8.885535E+01 5.880875E+01 1.500000E+01
      vertex 8.857447E+01 5.887798E+01 1.340000E+01
    endloop
  endfacet
  facet normal 0.000000E+00 1.000000E+00 0.000000E+00
    outer loop
      vertex 8.885535E+01 5.880875E+01 1.340000E+01
      vertex 8.914465E+01 5.880875E+01 1.500000E+01
      vertex 8.914465E+01 5.880875E+01 1.340000E+01
    endloop
  endfacet
  facet normal -0.000000E+00 1.000000E+00 0.000000E+00
    outer loop
      vertex 8.885535E+01 5.880875E+01 1.500000E+01
      vertex 8.914465E+01 5.880875E+01 1.500000E+01
      vertex 8.885535E+01 5.880875E+01 1.340000E+01
    endloop
  endfacet
  facet normal -2.393075E-01 9.709438E-01 0.000000E+00
    outer loop
      vertex 8.914465E+01 5.880875E+01 1.340000E+01
      vertex 8.942553E+01 5.887798E+01 1.500000E+01
      vertex 8.942553E+01 5.887798E+01 1.340000E+01
    endloop
  endfacet
  facet normal -2.393075E-01 9.709438E-01 0.000000E+00
    outer loop
      vertex 8.914465E+01 5.880875E+01 1.500000E+01
      vertex 8.942553E+01 5.887798E+01 1.500000E+01
      vertex 8.914465E+01 5.880875E+01 1.340000E+01
    endloop
  endfacet
  facet normal -4.647336E-01 8.854505E-01 0.000000E+00
    outer loop
      vertex 8.942553E+01 5.887798E+01 1.340000E+01
      vertex 8.968168E+01 5.901242E+01 1.500000E+01
      vertex 8.968168E+01 5.901242E+01 1.340000E+01
    endloop
  endfacet
  facet normal -4.647336E-01 8.854505E-01 0.000000E+00
    outer loop
      vertex 8.942553E+01 5.887798E+01 1.500000E+01
      vertex 8.968168E+01 5.901242E+01 1.500000E+01
      vertex 8.942553E+01 5.887798E+01 1.340000E+01
    endloop
  endfacet
  facet normal -6.631188E-01 7.485141E-01 0.000000E+00
    outer loop
      vertex 8.968168E+01 5.901242E+01 1.340000E+01
      vertex 8.989822E+01 5.920425E+01 1.500000E+01
      vertex 8.989822E+01 5.920425E+01 1.340000E+01
    endloop
  endfacet
  facet normal -6.631188E-01 7.485141E-01 0.000000E+00
    outer loop
      vertex 8.968168E+01 5.901242E+01 1.500000E+01
      vertex 8.989822E+01 5.920425E+01 1.500000E+01
      vertex 8.968168E+01 5.901242E+01 1.340000E+01
    endloop
  endfacet
  facet normal -8.229913E-01 5.680540E-01 0.000000E+00
    outer loop
      vertex 8.989822E+01 5.920425E+01 1.340000E+01
      vertex 9.006255E+01 5.944233E+01 1.500000E+01
      vertex 9.006255E+01 5.944233E+01 1.340000E+01
    endloop
  endfacet
  facet normal -8.229913E-01 5.680540E-01 0.000000E+00
    outer loop
      vertex 8.989822E+01 5.920425E+01 1.500000E+01
      vertex 9.006255E+01 5.944233E+01 1.500000E+01
      vertex 8.989822E+01 5.920425E+01 1.340000E+01
    endloop
  endfacet
  facet normal -9.350139E-01 3.546109E-01 0.000000E+00
    outer loop
      vertex 9.006255E+01 5.944233E+01 1.340000E+01
      vertex 9.016513E+01 5.971282E+01 1.500000E+01
      vertex 9.016513E+01 5.971282E+01 1.340000E+01
    endloop
  endfacet
  facet normal -9.350139E-01 3.546109E-01 0.000000E+00
    outer loop
      vertex 9.006255E+01 5.944233E+01 1.500000E+01
      vertex 9.016513E+01 5.971282E+01 1.500000E+01
      vertex 9.006255E+01 5.944233E+01 1.340000E+01
    endloop
  endfacet
  facet normal -9.927103E-01 1.205251E-01 0.000000E+00
    outer loop
      vertex 9.016513E+01 5.971282E+01 1.340000E+01
      vertex 9.020000E+01 6.000000E+01 1.500000E+01
      vertex 9.020000E+01 6.000000E+01 1.340000E+01
    endloop
  endfacet
  facet normal -9.927103E-01 1.205251E-01 0.000000E+00
    outer loop
      vertex 9.016513E+01 5.971282E+01 1.500000E+01
      vertex 9.020000E+01 6.000000E+01 1.500000E+01
      vertex 9.016513E+01 5.971282E+01 1.340000E+01
    endloop
  endfacet
  facet normal 9.927087E-01 1.205381E-01 0.000000E+00
    outer loop
      vertex -3.720000E+01 6.000000E+01 1.500000E+01
      vertex -3.716513E+01 5.971282E+01 1.500000E+01
      vertex -3.720000E+01 6.000000E+01 1.340000E+01
    endloop
  endfacet
  facet normal 9.927087E-01 1.205381E-01 0.000000E+00
    outer loop
      vertex -3.720000E+01 6.000000E+01 1.340000E+01
      vertex -3.716513E+01 5.971282E+01 1.500000E+01
      vertex -3.716513E+01 5.971282E+01 1.340000E+01
    endloop
  endfacet
  facet normal 9.350139E-01 3.546109E-01 0.000000E+00
    outer loop
      vertex -3.716513E+01 5.971282E+01 1.340000E+01
      vertex -3.706255E+01 5.944233E+01 1.500000E+01
      vertex -3.706255E+01 5.944233E+01 1.340000E+01
    endloop
  endfacet
  facet normal 9.350139E-01 3.546109E-01 0.000000E+00
    outer loop
      vertex -3.716513E+01 5.971282E+01 1.500000E+01
      vertex -3.706255E+01 5.944233E+01 1.500000E+01
      vertex -3.716513E+01 5.971282E+01 1.340000E+01
    endloop
  endfacet
  facet normal 8.229851E-01 5.680629E-01 0.000000E+00
    outer loop
      vertex -3.706255E+01 5.944233E+01 1.340000E+01
      vertex -3.689821E+01 5.920425E+01 1.500000E+01
      vertex -3.689821E+01 5.920425E+01 1.340000E+01
    endloop
  endfacet
  facet normal 8.229851E-01 5.680629E-01 0.000000E+00
    outer loop
      vertex -3.706255E+01 5.944233E+01 1.500000E+01
      vertex -3.689821E+01 5.920425E+01 1.500000E+01
      vertex -3.706255E+01 5.944233E+01 1.340000E+01
    endloop
  endfacet
  facet normal 6.631254E-01 7.485083E-01 0.000000E+00
    outer loop
      vertex -3.689821E+01 5.920425E+01 1.340000E+01
      vertex -3.668168E+01 5.901242E+01 1.500000E+01
      vertex -3.668168E+01 5.901242E+01 1.340000E+01
    endloop
  endfacet
  facet normal 6.631254E-01 7.485083E-01 0.000000E+00
    outer loop
      vertex -3.689821E+01 5.920425E+01 1.500000E+01
      vertex -3.668168E+01 5.901242E+01 1.500000E+01
      vertex -3.689821E+01 5.920425E+01 1.340000E+01
    endloop
  endfacet
  facet normal 4.647282E-01 8.854533E-01 0.000000E+00
    outer loop
      vertex -3.668168E+01 5.901242E+01 1.340000E+01
      vertex -3.642553E+01 5.887798E+01 1.500000E+01
      vertex -3.642553E+01 5.887798E+01 1.340000E+01
    endloop
  endfacet
  facet normal 4.647282E-01 8.854533E-01 0.000000E+00
    outer loop
      vertex -3.668168E+01 5.901242E+01 1.500000E+01
      vertex -3.642553E+01 5.887798E+01 1.500000E+01
      vertex -3.668168E+01 5.901242E+01 1.340000E+01
    endloop
  endfacet
  facet normal 2.393106E-01 9.709431E-01 0.000000E+00
    outer loop
      vertex -3.642553E+01 5.887798E+01 1.340000E+01
      vertex -3.614465E+01 5.880875E+01 1.500000E+01
      vertex -3.614465E+01 5.880875E+01 1.340000E+01
    endloop
  endfacet
  facet normal 2.393106E-01 9.709431E-01 0.000000E+00
    outer loop
      vertex -3.642553E+01 5.887798E+01 1.500000E+01
      vertex -3.614465E+01 5.880875E+01 1.500000E+01
      vertex -3.642553E+01 5.887798E+01 1.340000E+01
    endloop
  endfacet
  facet normal 0.000000E+00 1.000000E+00 0.000000E+00
    outer loop
      vertex -3.614465E+01 5.880875E+01 1.340000E+01
      vertex -3.585535E+01 5.880875E+01 1.500000E+01
      vertex -3.585535E+01 5.880875E+01 1.340000E+01
    endloop
  endfacet
  facet normal -0.000000E+00 1.000000E+00 0.000000E+00
    outer loop
      vertex -3.614465E+01 5.880875E+01 1.500000E+01
      vertex -3.585535E+01 5.880875E+01 1.500000E+01
      vertex -3.614465E+01 5.880875E+01 1.340000E+01
    endloop
  endfacet
  facet normal -2.393106E-01 9.709431E-01 0.000000E+00
    outer loop
      vertex -3.585535E+01 5.880875E+01 1.340000E+01
      vertex -3.557447E+01 5.887798E+01 1.500000E+01
      vertex -3.557447E+01 5.887798E+01 1.340000E+01
    endloop
  endfacet
  facet normal -2.393106E-01 9.709431E-01 0.000000E+00
    outer loop
      vertex -3.585535E+01 5.880875E+01 1.500000E+01
      vertex -3.557447E+01 5.887798E+01 1.500000E+01
      vertex -3.585535E+01 5.880875E+01 1.340000E+01
    endloop
  endfacet
  facet normal -4.647282E-01 8.854533E-01 0.000000E+00
    outer loop
      vertex -3.557447E+01 5.887798E+01 1.340000E+01
      vertex -3.531832E+01 5.901242E+01 1.500000E+01
      vertex -3.531832E+01 5.901242E+01 1.340000E+01
    endloop
  endfacet
  facet normal -4.647282E-01 8.854533E-01 0.000000E+00
    outer loop
      vertex -3.557447E+01 5.887798E+01 1.500000E+01
      vertex -3.531832E+01 5.901242E+01 1.500000E+01
      vertex -3.557447E+01 5.887798E+01 1.340000E+01
    endloop
  endfacet
  facet normal -6.631254E-01 7.485083E-01 0.000000E+00
    outer loop
      vertex -3.531832E+01 5.901242E+01 1.340000E+01
      vertex -3.510179E+01 5.920425E+01 1.500000E+01
      vertex -3.510179E+01 5.920425E+01 1.340000E+01
    endloop
  endfacet
  facet normal -6.631254E-01 7.485083E-01 0.000000E+00
    outer loop
      vertex -3.531832E+01 5.901242E+01 1.500000E+01
      vertex -3.510179E+01 5.920425E+01 1.500000E+01
      vertex -3.531832E+01 5.901242E+01 1.340000E+01
    endloop
  endfacet
  facet normal -8.229851E-01 5.680629E-01 0.000000E+00
    outer loop
      vertex -3.510179E+01 5.920425E+01 1.340000E+01
      vertex -3.493745E+01 5.944233E+01 1.500000E+01
      vertex -3.493745E+01 5.944233E+01 1.340000E+01
    endloop
  endfacet
  facet normal -8.229851E-01 5.680629E-01 0.000000E+00
    outer loop
      vertex -3.510179E+01 5.920425E+01 1.500000E+01
      vertex -3.493745E+01 5.944233E+01 1.500000E+01
      vertex -3.510179E+01 5.920425E+01 1.340000E+01
    endloop
  endfacet
  facet normal -9.350139E-01 3.546109E-01 0.000000E+00
    outer loop
      vertex -3.493745E+01 5.944233E+01 1.340000E+01
      vertex -3.483487E+01 5.971282E+01 1.500000E+01
      vertex -3.483487E+01 5.971282E+01 1.340000E+01
    endloop
  endfacet
  facet normal -9.350139E-01 3.546109E-01 0.000000E+00
    outer loop
      vertex -3.493745E+01 5.944233E+01 1.500000E+01
      vertex -3.483487E+01 5.971282E+01 1.500000E+01
      vertex -3.493745E+01 5.944233E+01 1.340000E+01
    endloop
  endfacet
  facet normal -9.927087E-01 1.205381E-01 0.000000E+00
    outer loop
      vertex -3.483487E+01 5.971282E+01 1.340000E+01
      vertex -3.480000E+01 6.000000E+01 1.500000E+01
      vertex -3.480000E+01 6.000000E+01 1.340000E+01
    endloop
  endfacet
  facet normal -9.927087E-01 1.205381E-01 0.000000E+00
    outer loop
      vertex -3.483487E+01 5.971282E+01 1.500000E+01
      vertex -3.480000E+01 6.000000E+01 1.500000E+01
      vertex -3.483487E+01 5.971282E+01 1.340000E+01
    endloop
  endfacet
  facet normal 9.927087E-01 1.205377E-01 0.000000E+00
    outer loop
      vertex 3.230000E+01 4.500000E+00 1.500000E+01
      vertex 3.233487E+01 4.212821E+00 1.500000E+01
      vertex 3.230000E+01 4.500000E+00 1.340000E+01
    endloop
  endfacet
  facet normal 9.927087E-01 1.205377E-01 0.000000E+00
    outer loop
      vertex 3.230000E+01 4.500000E+00 1.340000E+01
      vertex 3.233487E+01 4.212821E+00 1.500000E+01
      vertex 3.233487E+01 4.212821E+00 1.340000E+01
    endloop
  endfacet
  facet normal 9.350139E-01 3.546109E-01 0.000000E+00
    outer loop
      vertex 3.233487E+01 4.212821E+00 1.340000E+01
      vertex 3.243745E+01 3.942332E+00 1.500000E+01
      vertex 3.243745E+01 3.942332E+00 1.340000E+01
    endloop
  endfacet
  facet normal 9.350139E-01 3.546109E-01 0.000000E+00
    outer loop
      vertex 3.233487E+01 4.212821E+00 1.500000E+01
      vertex 3.243745E+01 3.942332E+00 1.500000E+01
      vertex 3.233487E+01 4.212821E+00 1.340000E+01
    endloop
  endfacet
  facet normal 8.229856E-01 5.680622E-01 0.000000E+00
    outer loop
      vertex 3.243745E+01 3.942332E+00 1.340000E+01
      vertex 3.260179E+01 3.704253E+00 1.500000E+01
      vertex 3.260179E+01 3.704253E+00 1.340000E+01
    endloop
  endfacet
  facet normal 8.229856E-01 5.680622E-01 0.000000E+00
    outer loop
      vertex 3.243745E+01 3.942332E+00 1.500000E+01
      vertex 3.260179E+01 3.704253E+00 1.500000E+01
      vertex 3.243745E+01 3.942332E+00 1.340000E+01
    endloop
  endfacet
  facet normal 6.631249E-01 7.485087E-01 0.000000E+00
    outer loop
      vertex 3.260179E+01 3.704253E+00 1.340000E+01
      vertex 3.281832E+01 3.512419E+00 1.500000E+01
      vertex 3.281832E+01 3.512419E+00 1.340000E+01
    endloop
  endfacet
  facet normal 6.631249E-01 7.485087E-01 0.000000E+00
    outer loop
      vertex 3.260179E+01 3.704253E+00 1.500000E+01
      vertex 3.281832E+01 3.512419E+00 1.500000E+01
      vertex 3.260179E+01 3.704253E+00 1.340000E+01
    endloop
  endfacet
  facet normal 4.647217E-01 8.854568E-01 0.000000E+00
    outer loop
      vertex 3.281832E+01 3.512419E+00 1.340000E+01
      vertex 3.307447E+01 3.377980E+00 1.500000E+01
      vertex 3.307447E+01 3.377980E+00 1.340000E+01
    endloop
  endfacet
  facet normal 4.647217E-01 8.854568E-01 0.000000E+00
    outer loop
      vertex 3.281832E+01 3.512419E+00 1.500000E+01
      vertex 3.307447E+01 3.377980E+00 1.500000E+01
      vertex 3.281832E+01 3.512419E+00 1.340000E+01
    endloop
  endfacet
  facet normal 2.393168E-01 9.709415E-01 0.000000E+00
    outer loop
      vertex 3.307447E+01 3.377980E+00 1.340000E+01
      vertex 3.335535E+01 3.308749E+00 1.500000E+01
      vertex 3.335535E+01 3.308749E+00 1.340000E+01
    endloop
  endfacet
  facet normal 2.393168E-01 9.709415E-01 0.000000E+00
    outer loop
      vertex 3.307447E+01 3.377980E+00 1.500000E+01
      vertex 3.335535E+01 3.308749E+00 1.500000E+01
      vertex 3.307447E+01 3.377980E+00 1.340000E+01
    endloop
  endfacet
  facet normal 0.000000E+00 1.000000E+00 0.000000E+00
    outer loop
      vertex 3.335535E+01 3.308749E+00 1.340000E+01
      vertex 3.364465E+01 3.308749E+00 1.500000E+01
      vertex 3.364465E+01 3.308749E+00 1.340000E+01
    endloop
  endfacet
  facet normal -0.000000E+00 1.000000E+00 0.000000E+00
    outer loop
      vertex 3.335535E+01 3.308749E+00 1.500000E+01
      vertex 3.364465E+01 3.308749E+00 1.500000E+01
      vertex 3.335535E+01 3.308749E+00 1.340000E+01
    endloop
  endfacet
  facet normal -2.393168E-01 9.709415E-01 0.000000E+00
    outer loop
      vertex 3.364465E+01 3.308749E+00 1.340000E+01
      vertex 3.392553E+01 3.377980E+00 1.500000E+01
      vertex 3.392553E+01 3.377980E+00 1.340000E+01
    endloop
  endfacet
  facet normal -2.393168E-01 9.709415E-01 0.000000E+00
    outer loop
      vertex 3.364465E+01 3.308749E+00 1.500000E+01
      vertex 3.392553E+01 3.377980E+00 1.500000E+01
      vertex 3.364465E+01 3.308749E+00 1.340000E+01
    endloop
  endfacet
  facet normal -4.647217E-01 8.854568E-01 0.000000E+00
    outer loop
      vertex 3.392553E+01 3.377980E+00 1.340000E+01
      vertex 3.418168E+01 3.512419E+00 1.500000E+01
      vertex 3.418168E+01 3.512419E+00 1.340000E+01
    endloop
  endfacet
  facet normal -4.647217E-01 8.854568E-01 0.000000E+00
    outer loop
      vertex 3.392553E+01 3.377980E+00 1.500000E+01
      vertex 3.418168E+01 3.512419E+00 1.500000E+01
      vertex 3.392553E+01 3.377980E+00 1.340000E+01
    endloop
  endfacet
  facet normal -6.631249E-01 7.485087E-01 0.000000E+00
    outer loop
      vertex 3.418168E+01 3.512419E+00 1.340000E+01
      vertex 3.439821E+01 3.704253E+00 1.500000E+01
      vertex 3.439821E+01 3.704253E+00 1.340000E+01
    endloop
  endfacet
  facet normal -6.631249E-01 7.485087E-01 0.000000E+00
    outer loop
      vertex 3.418168E+01 3.512419E+00 1.500000E+01
      vertex 3.439821E+01 3.704253E+00 1.500000E+01
      vertex 3.418168E+01 3.512419E+00 1.340000E+01
    endloop
  endfacet
  facet normal -8.229856E-01 5.680622E-01 0.000000E+00
    outer loop
      vertex 3.439821E+01 3.704253E+00 1.340000E+01
      vertex 3.456255E+01 3.942332E+00 1.500000E+01
      vertex 3.456255E+01 3.942332E+00 1.340000E+01
    endloop
  endfacet
  facet normal -8.229856E-01 5.680622E-01 0.000000E+00
    outer loop
      vertex 3.439821E+01 3.704253E+00 1.500000E+01
      vertex 3.456255E+01 3.942332E+00 1.500000E+01
      vertex 3.439821E+01 3.704253E+00 1.340000E+01
    endloop
  endfacet
  facet normal -9.350139E-01 3.546109E-01 0.000000E+00
    outer loop
      vertex 3.456255E+01 3.942332E+00 1.340000E+01
      vertex 3.466513E+01 4.212821E+00 1.500000E+01
      vertex 3.466513E+01 4.212821E+00 1.340000E+01
    endloop
  endfacet
  facet normal -9.350139E-01 3.546109E-01 0.000000E+00
    outer loop
      vertex 3.456255E+01 3.942332E+00 1.500000E+01
      vertex 3.466513E+01 4.212821E+00 1.500000E+01
      vertex 3.456255E+01 3.942332E+00 1.340000E+01
    endloop
  endfacet
  facet normal -9.927087E-01 1.205377E-01 0.000000E+00
    outer loop
      vertex 3.466513E+01 4.212821E+00 1.340000E+01
      vertex 3.470000E+01 4.500000E+00 1.500000E+01
      vertex 3.470000E+01 4.500000E+00 1.340000E+01
    endloop
  endfacet
  facet normal -9.927087E-01 1.205377E-01 0.000000E+00
    outer loop
      vertex 3.466513E+01 4.212821E+00 1.500000E+01
      vertex 3.470000E+01 4.500000E+00 1.500000E+01
      vertex 3.466513E+01 4.212821E+00 1.340000E+01
    endloop
  endfacet
  facet normal 9.932701E-01 1.158211E-01 0.000000E+00
    outer loop
      vertex 3.230000E+01 6.550000E+01 1.500000E+01
      vertex 3.233219E+01 6.522392E+01 1.500000E+01
      vertex 3.230000E+01 6.550000E+01 1.340000E+01
    endloop
  endfacet
  facet normal 9.932701E-01 1.158211E-01 0.000000E+00
    outer loop
      vertex 3.230000E+01 6.550000E+01 1.340000E+01
      vertex 3.233219E+01 6.522392E+01 1.500000E+01
      vertex 3.233219E+01 6.522392E+01 1.340000E+01
    endloop
  endfacet
  facet normal 9.399848E-01 3.412163E-01 0.000000E+00
    outer loop
      vertex 3.233219E+01 6.522392E+01 1.340000E+01
      vertex 3.242703E+01 6.496265E+01 1.500000E+01
      vertex 3.242703E+01 6.496265E+01 1.340000E+01
    endloop
  endfacet
  facet normal 9.399848E-01 3.412163E-01 0.000000E+00
    outer loop
      vertex 3.233219E+01 6.522392E+01 1.500000E+01
      vertex 3.242703E+01 6.496265E+01 1.500000E+01
      vertex 3.233219E+01 6.522392E+01 1.340000E+01
    endloop
  endfacet
  facet normal 8.362659E-01 5.483242E-01 0.000000E+00
    outer loop
      vertex 3.242703E+01 6.496265E+01 1.340000E+01
      vertex 3.257944E+01 6.473022E+01 1.500000E+01
      vertex 3.257944E+01 6.473022E+01 1.340000E+01
    endloop
  endfacet
  facet normal 8.362659E-01 5.483242E-01 0.000000E+00
    outer loop
      vertex 3.242703E+01 6.496265E+01 1.500000E+01
      vertex 3.257944E+01 6.473022E+01 1.500000E+01
      vertex 3.242703E+01 6.496265E+01 1.340000E+01
    endloop
  endfacet
  facet normal 6.876807E-01 7.260132E-01 0.000000E+00
    outer loop
      vertex 3.257944E+01 6.473022E+01 1.340000E+01
      vertex 3.278123E+01 6.453908E+01 1.500000E+01
      vertex 3.278123E+01 6.453908E+01 1.340000E+01
    endloop
  endfacet
  facet normal 6.876807E-01 7.260132E-01 0.000000E+00
    outer loop
      vertex 3.257944E+01 6.473022E+01 1.500000E+01
      vertex 3.278123E+01 6.453908E+01 1.500000E+01
      vertex 3.257944E+01 6.473022E+01 1.340000E+01
    endloop
  endfacet
  facet normal 5.022044E-01 8.647490E-01 0.000000E+00
    outer loop
      vertex 3.278123E+01 6.453908E+01 1.340000E+01
      vertex 3.302159E+01 6.439949E+01 1.500000E+01
      vertex 3.302159E+01 6.439949E+01 1.340000E+01
    endloop
  endfacet
  facet normal 5.022044E-01 8.647490E-01 0.000000E+00
    outer loop
      vertex 3.278123E+01 6.453908E+01 1.500000E+01
      vertex 3.302159E+01 6.439949E+01 1.500000E+01
      vertex 3.278123E+01 6.453908E+01 1.340000E+01
    endloop
  endfacet
  facet normal 2.897796E-01 9.570934E-01 0.000000E+00
    outer loop
      vertex 3.302159E+01 6.439949E+01 1.340000E+01
      vertex 3.328761E+01 6.431895E+01 1.500000E+01
      vertex 3.328761E+01 6.431895E+01 1.340000E+01
    endloop
  endfacet
  facet normal 2.897796E-01 9.570934E-01 0.000000E+00
    outer loop
      vertex 3.302159E+01 6.439949E+01 1.500000E+01
      vertex 3.328761E+01 6.431895E+01 1.500000E+01
      vertex 3.302159E+01 6.439949E+01 1.340000E+01
    endloop
  endfacet
  facet normal 6.181520E-02 9.980876E-01 0.000000E+00
    outer loop
      vertex 3.328761E+01 6.431895E+01 1.340000E+01
      vertex 3.356503E+01 6.430177E+01 1.500000E+01
      vertex 3.356503E+01 6.430177E+01 1.340000E+01
    endloop
  endfacet
  facet normal 6.181520E-02 9.980876E-01 0.000000E+00
    outer loop
      vertex 3.328761E+01 6.431895E+01 1.500000E+01
      vertex 3.356503E+01 6.430177E+01 1.500000E+01
      vertex 3.328761E+01 6.431895E+01 1.340000E+01
    endloop
  endfacet
  facet normal -1.694689E-01 9.855355E-01 0.000000E+00
    outer loop
      vertex 3.356503E+01 6.430177E+01 1.340000E+01
      vertex 3.383895E+01 6.434887E+01 1.500000E+01
      vertex 3.383895E+01 6.434887E+01 1.340000E+01
    endloop
  endfacet
  facet normal -1.694689E-01 9.855355E-01 0.000000E+00
    outer loop
      vertex 3.356503E+01 6.430177E+01 1.500000E+01
      vertex 3.383895E+01 6.434887E+01 1.500000E+01
      vertex 3.356503E+01 6.430177E+01 1.340000E+01
    endloop
  endfacet
  facet normal -3.916422E-01 9.201176E-01 0.000000E+00
    outer loop
      vertex 3.383895E+01 6.434887E+01 1.340000E+01
      vertex 3.409470E+01 6.445773E+01 1.500000E+01
      vertex 3.409470E+01 6.445773E+01 1.340000E+01
    endloop
  endfacet
  facet normal -3.916422E-01 9.201176E-01 0.000000E+00
    outer loop
      vertex 3.383895E+01 6.434887E+01 1.500000E+01
      vertex 3.409470E+01 6.445773E+01 1.500000E+01
      vertex 3.383895E+01 6.434887E+01 1.340000E+01
    endloop
  endfacet
  facet normal -7.622075E-01 6.473328E-01 0.000000E+00
    outer loop
      vertex 3.431853E+01 6.462251E+01 1.340000E+01
      vertex 3.431853E+01 6.462251E+01 1.500000E+01
      vertex 3.449846E+01 6.483436E+01 1.340000E+01
    endloop
  endfacet
  facet normal -5.928460E-01 8.053159E-01 0.000000E+00
    outer loop
      vertex 3.409470E+01 6.445773E+01 1.340000E+01
      vertex 3.431853E+01 6.462251E+01 1.500000E+01
      vertex 3.431853E+01 6.462251E+01 1.340000E+01
    endloop
  endfacet
  facet normal -5.928460E-01 8.053159E-01 0.000000E+00
    outer loop
      vertex 3.409470E+01 6.445773E+01 1.500000E+01
      vertex 3.431853E+01 6.462251E+01 1.500000E+01
      vertex 3.409470E+01 6.445773E+01 1.340000E+01
    endloop
  endfacet
  facet normal -8.823291E-01 4.706329E-01 0.000000E+00
    outer loop
      vertex 3.449846E+01 6.483436E+01 1.340000E+01
      vertex 3.449846E+01 6.483436E+01 1.500000E+01
      vertex 3.460897E+01 6.504155E+01 1.340000E+01
    endloop
  endfacet
  facet normal -7.622075E-01 6.473328E-01 0.000000E+00
    outer loop
      vertex 3.431853E+01 6.462251E+01 1.500000E+01
      vertex 3.449846E+01 6.483436E+01 1.500000E+01
      vertex 3.449846E+01 6.483436E+01 1.340000E+01
    endloop
  endfacet
  facet normal -8.823291E-01 4.706329E-01 0.000000E+00
    outer loop
      vertex 3.449846E+01 6.483436E+01 1.500000E+01
      vertex 3.460897E+01 6.504155E+01 1.500000E+01
      vertex 3.460897E+01 6.504155E+01 1.340000E+01
    endloop
  endfacet
  facet normal -9.570917E-01 2.897851E-01 0.000000E+00
    outer loop
      vertex 3.460897E+01 6.504155E+01 1.340000E+01
      vertex 3.467702E+01 6.526630E+01 1.500000E+01
      vertex 3.467702E+01 6.526630E+01 1.340000E+01
    endloop
  endfacet
  facet normal -9.570917E-01 2.897851E-01 0.000000E+00
    outer loop
      vertex 3.460897E+01 6.504155E+01 1.500000E+01
      vertex 3.467702E+01 6.526630E+01 1.500000E+01
      vertex 3.460897E+01 6.504155E+01 1.340000E+01
    endloop
  endfacet
  facet normal -9.952018E-01 9.784369E-02 0.000000E+00
    outer loop
      vertex 3.467702E+01 6.526630E+01 1.340000E+01
      vertex 3.470000E+01 6.550000E+01 1.500000E+01
      vertex 3.470000E+01 6.550000E+01 1.340000E+01
    endloop
  endfacet
  facet normal -9.952018E-01 9.784369E-02 0.000000E+00
    outer loop
      vertex 3.467702E+01 6.526630E+01 1.500000E+01
      vertex 3.470000E+01 6.550000E+01 1.500000E+01
      vertex 3.467702E+01 6.526630E+01 1.340000E+01
    endloop
  endfacet
  facet normal 9.927087E-01 1.205377E-01 0.000000E+00
    outer loop
      vertex -3.720000E+01 1.000000E+01 1.500000E+01
      vertex -3.716513E+01 9.712821E+00 1.500000E+01
      vertex -3.720000E+01 1.000000E+01 1.340000E+01
    endloop
  endfacet
  facet normal 9.927087E-01 1.205377E-01 0.000000E+00
    outer loop
      vertex -3.720000E+01 1.000000E+01 1.340000E+01
      vertex -3.716513E+01 9.712821E+00 1.500000E+01
      vertex -3.716513E+01 9.712821E+00 1.340000E+01
    endloop
  endfacet
  facet normal 9.350139E-01 3.546109E-01 0.000000E+00
    outer loop
      vertex -3.716513E+01 9.712821E+00 1.340000E+01
      vertex -3.706255E+01 9.442332E+00 1.500000E+01
      vertex -3.706255E+01 9.442332E+00 1.340000E+01
    endloop
  endfacet
  facet normal 9.350139E-01 3.546109E-01 0.000000E+00
    outer loop
      vertex -3.716513E+01 9.712821E+00 1.500000E+01
      vertex -3.706255E+01 9.442332E+00 1.500000E+01
      vertex -3.716513E+01 9.712821E+00 1.340000E+01
    endloop
  endfacet
  facet normal 8.229851E-01 5.680629E-01 0.000000E+00
    outer loop
      vertex -3.706255E+01 9.442332E+00 1.340000E+01
      vertex -3.689821E+01 9.204253E+00 1.500000E+01
      vertex -3.689821E+01 9.204253E+00 1.340000E+01
    endloop
  endfacet
  facet normal 8.229851E-01 5.680629E-01 0.000000E+00
    outer loop
      vertex -3.706255E+01 9.442332E+00 1.500000E+01
      vertex -3.689821E+01 9.204253E+00 1.500000E+01
      vertex -3.706255E+01 9.442332E+00 1.340000E+01
    endloop
  endfacet
  facet normal 6.631254E-01 7.485083E-01 0.000000E+00
    outer loop
      vertex -3.689821E+01 9.204253E+00 1.340000E+01
      vertex -3.668168E+01 9.012420E+00 1.500000E+01
      vertex -3.668168E+01 9.012420E+00 1.340000E+01
    endloop
  endfacet
  facet normal 6.631254E-01 7.485083E-01 0.000000E+00
    outer loop
      vertex -3.689821E+01 9.204253E+00 1.500000E+01
      vertex -3.668168E+01 9.012420E+00 1.500000E+01
      vertex -3.689821E+01 9.204253E+00 1.340000E+01
    endloop
  endfacet
  facet normal 4.647230E-01 8.854561E-01 0.000000E+00
    outer loop
      vertex -3.668168E+01 9.012420E+00 1.340000E+01
      vertex -3.642553E+01 8.877980E+00 1.500000E+01
      vertex -3.642553E+01 8.877980E+00 1.340000E+01
    endloop
  endfacet
  facet normal 4.647230E-01 8.854561E-01 0.000000E+00
    outer loop
      vertex -3.668168E+01 9.012420E+00 1.500000E+01
      vertex -3.642553E+01 8.877980E+00 1.500000E+01
      vertex -3.668168E+01 9.012420E+00 1.340000E+01
    endloop
  endfacet
  facet normal 2.393168E-01 9.709415E-01 0.000000E+00
    outer loop
      vertex -3.642553E+01 8.877980E+00 1.340000E+01
      vertex -3.614465E+01 8.808749E+00 1.500000E+01
      vertex -3.614465E+01 8.808749E+00 1.340000E+01
    endloop
  endfacet
  facet normal 2.393168E-01 9.709415E-01 0.000000E+00
    outer loop
      vertex -3.642553E+01 8.877980E+00 1.500000E+01
      vertex -3.614465E+01 8.808749E+00 1.500000E+01
      vertex -3.642553E+01 8.877980E+00 1.340000E+01
    endloop
  endfacet
  facet normal 0.000000E+00 1.000000E+00 0.000000E+00
    outer loop
      vertex -3.614465E+01 8.808749E+00 1.340000E+01
      vertex -3.585535E+01 8.808749E+00 1.500000E+01
      vertex -3.585535E+01 8.808749E+00 1.340000E+01
    endloop
  endfacet
  facet normal -0.000000E+00 1.000000E+00 0.000000E+00
    outer loop
      vertex -3.614465E+01 8.808749E+00 1.500000E+01
      vertex -3.585535E+01 8.808749E+00 1.500000E+01
      vertex -3.614465E+01 8.808749E+00 1.340000E+01
    endloop
  endfacet
  facet normal -2.393168E-01 9.709415E-01 0.000000E+00
    outer loop
      vertex -3.585535E+01 8.808749E+00 1.340000E+01
      vertex -3.557447E+01 8.877980E+00 1.500000E+01
      vertex -3.557447E+01 8.877980E+00 1.340000E+01
    endloop
  endfacet
  facet normal -2.393168E-01 9.709415E-01 0.000000E+00
    outer loop
      vertex -3.585535E+01 8.808749E+00 1.500000E+01
      vertex -3.557447E+01 8.877980E+00 1.500000E+01
      vertex -3.585535E+01 8.808749E+00 1.340000E+01
    endloop
  endfacet
  facet normal -4.647230E-01 8.854561E-01 0.000000E+00
    outer loop
      vertex -3.557447E+01 8.877980E+00 1.340000E+01
      vertex -3.531832E+01 9.012420E+00 1.500000E+01
      vertex -3.531832E+01 9.012420E+00 1.340000E+01
    endloop
  endfacet
  facet normal -4.647230E-01 8.854561E-01 0.000000E+00
    outer loop
      vertex -3.557447E+01 8.877980E+00 1.500000E+01
      vertex -3.531832E+01 9.012420E+00 1.500000E+01
      vertex -3.557447E+01 8.877980E+00 1.340000E+01
    endloop
  endfacet
  facet normal -6.631254E-01 7.485083E-01 0.000000E+00
    outer loop
      vertex -3.531832E+01 9.012420E+00 1.340000E+01
      vertex -3.510179E+01 9.204253E+00 1.500000E+01
      vertex -3.510179E+01 9.204253E+00 1.340000E+01
    endloop
  endfacet
  facet normal -6.631254E-01 7.485083E-01 0.000000E+00
    outer loop
      vertex -3.531832E+01 9.012420E+00 1.500000E+01
      vertex -3.510179E+01 9.204253E+00 1.500000E+01
      vertex -3.531832E+01 9.012420E+00 1.340000E+01
    endloop
  endfacet
  facet normal -8.229851E-01 5.680629E-01 0.000000E+00
    outer loop
      vertex -3.510179E+01 9.204253E+00 1.340000E+01
      vertex -3.493745E+01 9.442332E+00 1.500000E+01
      vertex -3.493745E+01 9.442332E+00 1.340000E+01
    endloop
  endfacet
  facet normal -8.229851E-01 5.680629E-01 0.000000E+00
    outer loop
      vertex -3.510179E+01 9.204253E+00 1.500000E+01
      vertex -3.493745E+01 9.442332E+00 1.500000E+01
      vertex -3.510179E+01 9.204253E+00 1.340000E+01
    endloop
  endfacet
  facet normal -9.350139E-01 3.546109E-01 0.000000E+00
    outer loop
      vertex -3.493745E+01 9.442332E+00 1.340000E+01
      vertex -3.483487E+01 9.712821E+00 1.500000E+01
      vertex -3.483487E+01 9.712821E+00 1.340000E+01
    endloop
  endfacet
  facet normal -9.350139E-01 3.546109E-01 0.000000E+00
    outer loop
      vertex -3.493745E+01 9.442332E+00 1.500000E+01
      vertex -3.483487E+01 9.712821E+00 1.500000E+01
      vertex -3.493745E+01 9.442332E+00 1.340000E+01
    endloop
  endfacet
  facet normal -9.927087E-01 1.205377E-01 0.000000E+00
    outer loop
      vertex -3.483487E+01 9.712821E+00 1.340000E+01
      vertex -3.480000E+01 1.000000E+01 1.500000E+01
      vertex -3.480000E+01 1.000000E+01 1.340000E+01
    endloop
  endfacet
  facet normal -9.927087E-01 1.205377E-01 0.000000E+00
    outer loop
      vertex -3.483487E+01 9.712821E+00 1.500000E+01
      vertex -3.480000E+01 1.000000E+01 1.500000E+01
      vertex -3.483487E+01 9.712821E+00 1.340000E+01
    endloop
  endfacet
  facet normal 9.927104E-01 1.205247E-01 0.000000E+00
    outer loop
      vertex 8.780000E+01 1.000000E+01 1.500000E+01
      vertex 8.783487E+01 9.712821E+00 1.500000E+01
      vertex 8.780000E+01 1.000000E+01 1.340000E+01
    endloop
  endfacet
  facet normal 9.927104E-01 1.205247E-01 0.000000E+00
    outer loop
      vertex 8.780000E+01 1.000000E+01 1.340000E+01
      vertex 8.783487E+01 9.712821E+00 1.500000E+01
      vertex 8.783487E+01 9.712821E+00 1.340000E+01
    endloop
  endfacet
  facet normal 9.350139E-01 3.546109E-01 0.000000E+00
    outer loop
      vertex 8.783487E+01 9.712821E+00 1.340000E+01
      vertex 8.793745E+01 9.442332E+00 1.500000E+01
      vertex 8.793745E+01 9.442332E+00 1.340000E+01
    endloop
  endfacet
  facet normal 9.350139E-01 3.546109E-01 0.000000E+00
    outer loop
      vertex 8.783487E+01 9.712821E+00 1.500000E+01
      vertex 8.793745E+01 9.442332E+00 1.500000E+01
      vertex 8.783487E+01 9.712821E+00 1.340000E+01
    endloop
  endfacet
  facet normal 8.229913E-01 5.680540E-01 0.000000E+00
    outer loop
      vertex 8.793745E+01 9.442332E+00 1.340000E+01
      vertex 8.810178E+01 9.204253E+00 1.500000E+01
      vertex 8.810178E+01 9.204253E+00 1.340000E+01
    endloop
  endfacet
  facet normal 8.229913E-01 5.680540E-01 0.000000E+00
    outer loop
      vertex 8.793745E+01 9.442332E+00 1.500000E+01
      vertex 8.810178E+01 9.204253E+00 1.500000E+01
      vertex 8.793745E+01 9.442332E+00 1.340000E+01
    endloop
  endfacet
  facet normal 6.631188E-01 7.485141E-01 0.000000E+00
    outer loop
      vertex 8.810178E+01 9.204253E+00 1.340000E+01
      vertex 8.831832E+01 9.012420E+00 1.500000E+01
      vertex 8.831832E+01 9.012420E+00 1.340000E+01
    endloop
  endfacet
  facet normal 6.631188E-01 7.485141E-01 0.000000E+00
    outer loop
      vertex 8.810178E+01 9.204253E+00 1.500000E+01
      vertex 8.831832E+01 9.012420E+00 1.500000E+01
      vertex 8.810178E+01 9.204253E+00 1.340000E+01
    endloop
  endfacet
  facet normal 4.647284E-01 8.854532E-01 0.000000E+00
    outer loop
      vertex 8.831832E+01 9.012420E+00 1.340000E+01
      vertex 8.857447E+01 8.877980E+00 1.500000E+01
      vertex 8.857447E+01 8.877980E+00 1.340000E+01
    endloop
  endfacet
  facet normal 4.647284E-01 8.854532E-01 0.000000E+00
    outer loop
      vertex 8.831832E+01 9.012420E+00 1.500000E+01
      vertex 8.857447E+01 8.877980E+00 1.500000E+01
      vertex 8.831832E+01 9.012420E+00 1.340000E+01
    endloop
  endfacet
  facet normal 2.393137E-01 9.709423E-01 0.000000E+00
    outer loop
      vertex 8.857447E+01 8.877980E+00 1.340000E+01
      vertex 8.885535E+01 8.808749E+00 1.500000E+01
      vertex 8.885535E+01 8.808749E+00 1.340000E+01
    endloop
  endfacet
  facet normal 2.393137E-01 9.709423E-01 0.000000E+00
    outer loop
      vertex 8.857447E+01 8.877980E+00 1.500000E+01
      vertex 8.885535E+01 8.808749E+00 1.500000E+01
      vertex 8.857447E+01 8.877980E+00 1.340000E+01
    endloop
  endfacet
  facet normal 0.000000E+00 1.000000E+00 0.000000E+00
    outer loop
      vertex 8.885535E+01 8.808749E+00 1.340000E+01
      vertex 8.914465E+01 8.808749E+00 1.500000E+01
      vertex 8.914465E+01 8.808749E+00 1.340000E+01
    endloop
  endfacet
  facet normal -0.000000E+00 1.000000E+00 0.000000E+00
    outer loop
      vertex 8.885535E+01 8.808749E+00 1.500000E+01
      vertex 8.914465E+01 8.808749E+00 1.500000E+01
      vertex 8.885535E+01 8.808749E+00 1.340000E+01
    endloop
  endfacet
  facet normal -2.393137E-01 9.709423E-01 0.000000E+00
    outer loop
      vertex 8.914465E+01 8.808749E+00 1.340000E+01
      vertex 8.942553E+01 8.877980E+00 1.500000E+01
      vertex 8.942553E+01 8.877980E+00 1.340000E+01
    endloop
  endfacet
  facet normal -2.393137E-01 9.709423E-01 0.000000E+00
    outer loop
      vertex 8.914465E+01 8.808749E+00 1.500000E+01
      vertex 8.942553E+01 8.877980E+00 1.500000E+01
      vertex 8.914465E+01 8.808749E+00 1.340000E+01
    endloop
  endfacet
  facet normal -4.647284E-01 8.854532E-01 0.000000E+00
    outer loop
      vertex 8.942553E+01 8.877980E+00 1.340000E+01
      vertex 8.968168E+01 9.012420E+00 1.500000E+01
      vertex 8.968168E+01 9.012420E+00 1.340000E+01
    endloop
  endfacet
  facet normal -4.647284E-01 8.854532E-01 0.000000E+00
    outer loop
      vertex 8.942553E+01 8.877980E+00 1.500000E+01
      vertex 8.968168E+01 9.012420E+00 1.500000E+01
      vertex 8.942553E+01 8.877980E+00 1.340000E+01
    endloop
  endfacet
  facet normal -6.631188E-01 7.485141E-01 0.000000E+00
    outer loop
      vertex 8.968168E+01 9.012420E+00 1.340000E+01
      vertex 8.989822E+01 9.204253E+00 1.500000E+01
      vertex 8.989822E+01 9.204253E+00 1.340000E+01
    endloop
  endfacet
  facet normal -6.631188E-01 7.485141E-01 0.000000E+00
    outer loop
      vertex 8.968168E+01 9.012420E+00 1.500000E+01
      vertex 8.989822E+01 9.204253E+00 1.500000E+01
      vertex 8.968168E+01 9.012420E+00 1.340000E+01
    endloop
  endfacet
  facet normal -8.229913E-01 5.680540E-01 0.000000E+00
    outer loop
      vertex 8.989822E+01 9.204253E+00 1.340000E+01
      vertex 9.006255E+01 9.442332E+00 1.500000E+01
      vertex 9.006255E+01 9.442332E+00 1.340000E+01
    endloop
  endfacet
  facet normal -8.229913E-01 5.680540E-01 0.000000E+00
    outer loop
      vertex 8.989822E+01 9.204253E+00 1.500000E+01
      vertex 9.006255E+01 9.442332E+00 1.500000E+01
      vertex 8.989822E+01 9.204253E+00 1.340000E+01
    endloop
  endfacet
  facet normal -9.350139E-01 3.546109E-01 0.000000E+00
    outer loop
      vertex 9.006255E+01 9.442332E+00 1.340000E+01
      vertex 9.016513E+01 9.712821E+00 1.500000E+01
      vertex 9.016513E+01 9.712821E+00 1.340000E+01
    endloop
  endfacet
  facet normal -9.350139E-01 3.546109E-01 0.000000E+00
    outer loop
      vertex 9.006255E+01 9.442332E+00 1.500000E+01
      vertex 9.016513E+01 9.712821E+00 1.500000E+01
      vertex 9.006255E+01 9.442332E+00 1.340000E+01
    endloop
  endfacet
  facet normal -9.927104E-01 1.205247E-01 0.000000E+00
    outer loop
      vertex 9.016513E+01 9.712821E+00 1.340000E+01
      vertex 9.020000E+01 1.000000E+01 1.500000E+01
      vertex 9.020000E+01 1.000000E+01 1.340000E+01
    endloop
  endfacet
  facet normal -9.927104E-01 1.205247E-01 0.000000E+00
    outer loop
      vertex 9.016513E+01 9.712821E+00 1.500000E+01
      vertex 9.020000E+01 1.000000E+01 1.500000E+01
      vertex 9.016513E+01 9.712821E+00 1.340000E+01
    endloop
  endfacet
  facet normal -7.045149E-01 8.554275E-02 7.045149E-01
    outer loop
      vertex 7.700000E+01 5.400000E+01 1.500000E+01
      vertex 7.800000E+01 5.400000E+01 1.600000E+01
      vertex 7.808717E+01 5.471795E+01 1.600000E+01
    endloop
  endfacet
  facet normal -6.635701E-01 2.516631E-01 7.045143E-01
    outer loop
      vertex 7.711623E+01 5.495726E+01 1.500000E+01
      vertex 7.808717E+01 5.471795E+01 1.600000E+01
      vertex 7.834364E+01 5.539417E+01 1.600000E+01
    endloop
  endfacet
  facet normal -7.045153E-01 8.554434E-02 7.045142E-01
    outer loop
      vertex 7.711623E+01 5.495726E+01 1.500000E+01
      vertex 7.700000E+01 5.400000E+01 1.500000E+01
      vertex 7.808717E+01 5.471795E+01 1.600000E+01
    endloop
  endfacet
  facet normal -5.840620E-01 4.031476E-01 7.045165E-01
    outer loop
      vertex 7.745818E+01 5.585889E+01 1.500000E+01
      vertex 7.834364E+01 5.539417E+01 1.600000E+01
      vertex 7.875447E+01 5.598937E+01 1.600000E+01
    endloop
  endfacet
  facet normal -6.635699E-01 2.516578E-01 7.045164E-01
    outer loop
      vertex 7.745818E+01 5.585889E+01 1.500000E+01
      vertex 7.711623E+01 5.495726E+01 1.500000E+01
      vertex 7.834364E+01 5.539417E+01 1.600000E+01
    endloop
  endfacet
  facet normal -4.706115E-01 5.312086E-01 7.045157E-01
    outer loop
      vertex 7.800596E+01 5.665249E+01 1.500000E+01
      vertex 7.875447E+01 5.598937E+01 1.600000E+01
      vertex 7.929581E+01 5.646895E+01 1.600000E+01
    endloop
  endfacet
  facet normal -5.840616E-01 4.031498E-01 7.045156E-01
    outer loop
      vertex 7.800596E+01 5.665249E+01 1.500000E+01
      vertex 7.745818E+01 5.585889E+01 1.500000E+01
      vertex 7.875447E+01 5.598937E+01 1.600000E+01
    endloop
  endfacet
  facet normal -3.298088E-01 6.283984E-01 7.045153E-01
    outer loop
      vertex 7.872774E+01 5.729193E+01 1.500000E+01
      vertex 7.929581E+01 5.646895E+01 1.600000E+01
      vertex 7.993619E+01 5.680505E+01 1.600000E+01
    endloop
  endfacet
  facet normal -4.706115E-01 5.312087E-01 7.045156E-01
    outer loop
      vertex 7.872774E+01 5.729193E+01 1.500000E+01
      vertex 7.800596E+01 5.665249E+01 1.500000E+01
      vertex 7.929581E+01 5.646895E+01 1.600000E+01
    endloop
  endfacet
  facet normal -1.698392E-01 6.890669E-01 7.045151E-01
    outer loop
      vertex 7.958158E+01 5.774007E+01 1.500000E+01
      vertex 7.993619E+01 5.680505E+01 1.600000E+01
      vertex 8.063839E+01 5.697813E+01 1.600000E+01
    endloop
  endfacet
  facet normal -3.298087E-01 6.283983E-01 7.045152E-01
    outer loop
      vertex 7.958158E+01 5.774007E+01 1.500000E+01
      vertex 7.872774E+01 5.729193E+01 1.500000E+01
      vertex 7.993619E+01 5.680505E+01 1.600000E+01
    endloop
  endfacet
  facet normal 0.000000E+00 7.096888E-01 7.045153E-01
    outer loop
      vertex 8.051785E+01 5.797084E+01 1.500000E+01
      vertex 8.063839E+01 5.697813E+01 1.600000E+01
      vertex 8.136161E+01 5.697813E+01 1.600000E+01
    endloop
  endfacet
  facet normal -1.698396E-01 6.890666E-01 7.045153E-01
    outer loop
      vertex 8.051785E+01 5.797084E+01 1.500000E+01
      vertex 7.958158E+01 5.774007E+01 1.500000E+01
      vertex 8.063839E+01 5.697813E+01 1.600000E+01
    endloop
  endfacet
  facet normal 1.698391E-01 6.890666E-01 7.045153E-01
    outer loop
      vertex 8.148215E+01 5.797084E+01 1.500000E+01
      vertex 8.136161E+01 5.697813E+01 1.600000E+01
      vertex 8.206381E+01 5.680505E+01 1.600000E+01
    endloop
  endfacet
  facet normal 0.000000E+00 7.096888E-01 7.045153E-01
    outer loop
      vertex 8.148215E+01 5.797084E+01 1.500000E+01
      vertex 8.051785E+01 5.797084E+01 1.500000E+01
      vertex 8.136161E+01 5.697813E+01 1.600000E+01
    endloop
  endfacet
  facet normal 3.298088E-01 6.283984E-01 7.045153E-01
    outer loop
      vertex 8.241842E+01 5.774007E+01 1.500000E+01
      vertex 8.206381E+01 5.680505E+01 1.600000E+01
      vertex 8.270419E+01 5.646895E+01 1.600000E+01
    endloop
  endfacet
  facet normal 1.698396E-01 6.890668E-01 7.045151E-01
    outer loop
      vertex 8.241842E+01 5.774007E+01 1.500000E+01
      vertex 8.148215E+01 5.797084E+01 1.500000E+01
      vertex 8.206381E+01 5.680505E+01 1.600000E+01
    endloop
  endfacet
  facet normal 4.706116E-01 5.312086E-01 7.045156E-01
    outer loop
      vertex 8.327226E+01 5.729193E+01 1.500000E+01
      vertex 8.270419E+01 5.646895E+01 1.600000E+01
      vertex 8.324553E+01 5.598937E+01 1.600000E+01
    endloop
  endfacet
  facet normal 3.298087E-01 6.283983E-01 7.045152E-01
    outer loop
      vertex 8.327226E+01 5.729193E+01 1.500000E+01
      vertex 8.241842E+01 5.774007E+01 1.500000E+01
      vertex 8.270419E+01 5.646895E+01 1.600000E+01
    endloop
  endfacet
  facet normal 5.840629E-01 4.031482E-01 7.045155E-01
    outer loop
      vertex 8.399404E+01 5.665249E+01 1.500000E+01
      vertex 8.324553E+01 5.598937E+01 1.600000E+01
      vertex 8.365636E+01 5.539417E+01 1.600000E+01
    endloop
  endfacet
  facet normal 4.706114E-01 5.312086E-01 7.045157E-01
    outer loop
      vertex 8.399404E+01 5.665249E+01 1.500000E+01
      vertex 8.327226E+01 5.729193E+01 1.500000E+01
      vertex 8.324553E+01 5.598937E+01 1.600000E+01
    endloop
  endfacet
  facet normal 6.635679E-01 2.516623E-01 7.045166E-01
    outer loop
      vertex 8.454182E+01 5.585889E+01 1.500000E+01
      vertex 8.365636E+01 5.539417E+01 1.600000E+01
      vertex 8.391283E+01 5.471795E+01 1.600000E+01
    endloop
  endfacet
  facet normal 5.840610E-01 4.031494E-01 7.045164E-01
    outer loop
      vertex 8.454182E+01 5.585889E+01 1.500000E+01
      vertex 8.399404E+01 5.665249E+01 1.500000E+01
      vertex 8.365636E+01 5.539417E+01 1.600000E+01
    endloop
  endfacet
  facet normal 6.635717E-01 2.516584E-01 7.045146E-01
    outer loop
      vertex 8.488377E+01 5.495726E+01 1.500000E+01
      vertex 8.454182E+01 5.585889E+01 1.500000E+01
      vertex 8.391283E+01 5.471795E+01 1.600000E+01
    endloop
  endfacet
  facet normal 7.045149E-01 8.554275E-02 7.045149E-01
    outer loop
      vertex 8.500000E+01 5.400000E+01 1.500000E+01
      vertex 8.391283E+01 5.471795E+01 1.600000E+01
      vertex 8.400000E+01 5.400000E+01 1.600000E+01
    endloop
  endfacet
  facet normal 7.045153E-01 8.554434E-02 7.045143E-01
    outer loop
      vertex 8.500000E+01 5.400000E+01 1.500000E+01
      vertex 8.488377E+01 5.495726E+01 1.500000E+01
      vertex 8.391283E+01 5.471795E+01 1.600000E+01
    endloop
  endfacet
  facet normal -7.045149E-01 8.554253E-02 7.045149E-01
    outer loop
      vertex 3.900000E+01 1.600000E+01 1.500000E+01
      vertex 4.000000E+01 1.600000E+01 1.600000E+01
      vertex 4.008717E+01 1.671795E+01 1.600000E+01
    endloop
  endfacet
  facet normal -6.635714E-01 2.516606E-01 7.045138E-01
    outer loop
      vertex 3.911623E+01 1.695726E+01 1.500000E+01
      vertex 4.008717E+01 1.671795E+01 1.600000E+01
      vertex 4.034363E+01 1.739417E+01 1.600000E+01
    endloop
  endfacet
  facet normal -7.045155E-01 8.554453E-02 7.045140E-01
    outer loop
      vertex 3.911623E+01 1.695726E+01 1.500000E+01
      vertex 3.900000E+01 1.600000E+01 1.500000E+01
      vertex 4.008717E+01 1.671795E+01 1.600000E+01
    endloop
  endfacet
  facet normal -5.840633E-01 4.031485E-01 7.045150E-01
    outer loop
      vertex 3.945818E+01 1.785889E+01 1.500000E+01
      vertex 4.034363E+01 1.739417E+01 1.600000E+01
      vertex 4.075447E+01 1.798937E+01 1.600000E+01
    endloop
  endfacet
  facet normal -6.635714E-01 2.516583E-01 7.045149E-01
    outer loop
      vertex 3.945818E+01 1.785889E+01 1.500000E+01
      vertex 3.911623E+01 1.695726E+01 1.500000E+01
      vertex 4.034363E+01 1.739417E+01 1.600000E+01
    endloop
  endfacet
  facet normal -4.706107E-01 5.312114E-01 7.045141E-01
    outer loop
      vertex 4.000596E+01 1.865249E+01 1.500000E+01
      vertex 4.075447E+01 1.798937E+01 1.600000E+01
      vertex 4.129581E+01 1.846895E+01 1.600000E+01
    endloop
  endfacet
  facet normal -5.840629E-01 4.031507E-01 7.045141E-01
    outer loop
      vertex 4.000596E+01 1.865249E+01 1.500000E+01
      vertex 3.945818E+01 1.785889E+01 1.500000E+01
      vertex 4.075447E+01 1.798937E+01 1.600000E+01
    endloop
  endfacet
  facet normal -3.298091E-01 6.283988E-01 7.045146E-01
    outer loop
      vertex 4.072774E+01 1.929193E+01 1.500000E+01
      vertex 4.129581E+01 1.846895E+01 1.600000E+01
      vertex 4.193618E+01 1.880505E+01 1.600000E+01
    endloop
  endfacet
  facet normal -4.706114E-01 5.312099E-01 7.045147E-01
    outer loop
      vertex 4.072774E+01 1.929193E+01 1.500000E+01
      vertex 4.000596E+01 1.865249E+01 1.500000E+01
      vertex 4.129581E+01 1.846895E+01 1.600000E+01
    endloop
  endfacet
  facet normal -1.698401E-01 6.890669E-01 7.045148E-01
    outer loop
      vertex 4.158158E+01 1.974006E+01 1.500000E+01
      vertex 4.193618E+01 1.880505E+01 1.600000E+01
      vertex 4.263839E+01 1.897813E+01 1.600000E+01
    endloop
  endfacet
  facet normal -3.298091E-01 6.283989E-01 7.045146E-01
    outer loop
      vertex 4.158158E+01 1.974006E+01 1.500000E+01
      vertex 4.072774E+01 1.929193E+01 1.500000E+01
      vertex 4.193618E+01 1.880505E+01 1.600000E+01
    endloop
  endfacet
  facet normal 0.000000E+00 7.096895E-01 7.045146E-01
    outer loop
      vertex 4.251785E+01 1.997083E+01 1.500000E+01
      vertex 4.263839E+01 1.897813E+01 1.600000E+01
      vertex 4.336161E+01 1.897813E+01 1.600000E+01
    endloop
  endfacet
  facet normal -1.698397E-01 6.890672E-01 7.045146E-01
    outer loop
      vertex 4.251785E+01 1.997083E+01 1.500000E+01
      vertex 4.158158E+01 1.974006E+01 1.500000E+01
      vertex 4.263839E+01 1.897813E+01 1.600000E+01
    endloop
  endfacet
  facet normal 1.698402E-01 6.890671E-01 7.045146E-01
    outer loop
      vertex 4.348215E+01 1.997083E+01 1.500000E+01
      vertex 4.336161E+01 1.897813E+01 1.600000E+01
      vertex 4.406382E+01 1.880505E+01 1.600000E+01
    endloop
  endfacet
  facet normal 0.000000E+00 7.096895E-01 7.045146E-01
    outer loop
      vertex 4.348215E+01 1.997083E+01 1.500000E+01
      vertex 4.251785E+01 1.997083E+01 1.500000E+01
      vertex 4.336161E+01 1.897813E+01 1.600000E+01
    endloop
  endfacet
  facet normal 3.298092E-01 6.283988E-01 7.045146E-01
    outer loop
      vertex 4.441842E+01 1.974006E+01 1.500000E+01
      vertex 4.406382E+01 1.880505E+01 1.600000E+01
      vertex 4.470419E+01 1.846895E+01 1.600000E+01
    endloop
  endfacet
  facet normal 1.698397E-01 6.890671E-01 7.045148E-01
    outer loop
      vertex 4.441842E+01 1.974006E+01 1.500000E+01
      vertex 4.348215E+01 1.997083E+01 1.500000E+01
      vertex 4.406382E+01 1.880505E+01 1.600000E+01
    endloop
  endfacet
  facet normal 4.706102E-01 5.312108E-01 7.045148E-01
    outer loop
      vertex 4.527226E+01 1.929193E+01 1.500000E+01
      vertex 4.470419E+01 1.846895E+01 1.600000E+01
      vertex 4.524553E+01 1.798937E+01 1.600000E+01
    endloop
  endfacet
  facet normal 3.298091E-01 6.283988E-01 7.045147E-01
    outer loop
      vertex 4.527226E+01 1.929193E+01 1.500000E+01
      vertex 4.441842E+01 1.974006E+01 1.500000E+01
      vertex 4.470419E+01 1.846895E+01 1.600000E+01
    endloop
  endfacet
  facet normal 5.840641E-01 4.031490E-01 7.045140E-01
    outer loop
      vertex 4.599404E+01 1.865249E+01 1.500000E+01
      vertex 4.524553E+01 1.798937E+01 1.600000E+01
      vertex 4.565637E+01 1.739417E+01 1.600000E+01
    endloop
  endfacet
  facet normal 4.706118E-01 5.312103E-01 7.045142E-01
    outer loop
      vertex 4.599404E+01 1.865249E+01 1.500000E+01
      vertex 4.527226E+01 1.929193E+01 1.500000E+01
      vertex 4.524553E+01 1.798937E+01 1.600000E+01
    endloop
  endfacet
  facet normal 6.635705E-01 2.516602E-01 7.045150E-01
    outer loop
      vertex 4.654182E+01 1.785889E+01 1.500000E+01
      vertex 4.565637E+01 1.739417E+01 1.600000E+01
      vertex 4.591283E+01 1.671795E+01 1.600000E+01
    endloop
  endfacet
  facet normal 5.840622E-01 4.031503E-01 7.045149E-01
    outer loop
      vertex 4.654182E+01 1.785889E+01 1.500000E+01
      vertex 4.599404E+01 1.865249E+01 1.500000E+01
      vertex 4.565637E+01 1.739417E+01 1.600000E+01
    endloop
  endfacet
  facet normal 6.635720E-01 2.516586E-01 7.045141E-01
    outer loop
      vertex 4.688377E+01 1.695726E+01 1.500000E+01
      vertex 4.654182E+01 1.785889E+01 1.500000E+01
      vertex 4.591283E+01 1.671795E+01 1.600000E+01
    endloop
  endfacet
  facet normal 7.045149E-01 8.554253E-02 7.045149E-01
    outer loop
      vertex 4.700000E+01 1.600000E+01 1.500000E+01
      vertex 4.591283E+01 1.671795E+01 1.600000E+01
      vertex 4.600000E+01 1.600000E+01 1.600000E+01
    endloop
  endfacet
  facet normal 7.045155E-01 8.554453E-02 7.045140E-01
    outer loop
      vertex 4.700000E+01 1.600000E+01 1.500000E+01
      vertex 4.688377E+01 1.695726E+01 1.500000E+01
      vertex 4.591283E+01 1.671795E+01 1.600000E+01
    endloop
  endfacet
  facet normal -7.045149E-01 8.554253E-02 7.045149E-01
    outer loop
      vertex 7.700000E+01 1.600000E+01 1.500000E+01
      vertex 7.800000E+01 1.600000E+01 1.600000E+01
      vertex 7.808717E+01 1.671795E+01 1.600000E+01
    endloop
  endfacet
  facet normal -6.635704E-01 2.516640E-01 7.045137E-01
    outer loop
      vertex 7.711623E+01 1.695726E+01 1.500000E+01
      vertex 7.808717E+01 1.671795E+01 1.600000E+01
      vertex 7.834364E+01 1.739417E+01 1.600000E+01
    endloop
  endfacet
  facet normal -7.045155E-01 8.554453E-02 7.045140E-01
    outer loop
      vertex 7.711623E+01 1.695726E+01 1.500000E+01
      vertex 7.700000E+01 1.600000E+01 1.500000E+01
      vertex 7.808717E+01 1.671795E+01 1.600000E+01
    endloop
  endfacet
  facet normal -5.840624E-01 4.031478E-01 7.045162E-01
    outer loop
      vertex 7.745818E+01 1.785889E+01 1.500000E+01
      vertex 7.834364E+01 1.739417E+01 1.600000E+01
      vertex 7.875447E+01 1.798937E+01 1.600000E+01
    endloop
  endfacet
  facet normal -6.635702E-01 2.516579E-01 7.045161E-01
    outer loop
      vertex 7.745818E+01 1.785889E+01 1.500000E+01
      vertex 7.711623E+01 1.695726E+01 1.500000E+01
      vertex 7.834364E+01 1.739417E+01 1.600000E+01
    endloop
  endfacet
  facet normal -4.706118E-01 5.312089E-01 7.045152E-01
    outer loop
      vertex 7.800596E+01 1.865249E+01 1.500000E+01
      vertex 7.875447E+01 1.798937E+01 1.600000E+01
      vertex 7.929581E+01 1.846895E+01 1.600000E+01
    endloop
  endfacet
  facet normal -5.840619E-01 4.031501E-01 7.045153E-01
    outer loop
      vertex 7.800596E+01 1.865249E+01 1.500000E+01
      vertex 7.745818E+01 1.785889E+01 1.500000E+01
      vertex 7.875447E+01 1.798937E+01 1.600000E+01
    endloop
  endfacet
  facet normal -3.298074E-01 6.283991E-01 7.045152E-01
    outer loop
      vertex 7.872774E+01 1.929193E+01 1.500000E+01
      vertex 7.929581E+01 1.846895E+01 1.600000E+01
      vertex 7.993619E+01 1.880505E+01 1.600000E+01
    endloop
  endfacet
  facet normal -4.706123E-01 5.312080E-01 7.045155E-01
    outer loop
      vertex 7.872774E+01 1.929193E+01 1.500000E+01
      vertex 7.800596E+01 1.865249E+01 1.500000E+01
      vertex 7.929581E+01 1.846895E+01 1.600000E+01
    endloop
  endfacet
  facet normal -1.698409E-01 6.890664E-01 7.045152E-01
    outer loop
      vertex 7.958158E+01 1.974006E+01 1.500000E+01
      vertex 7.993619E+01 1.880505E+01 1.600000E+01
      vertex 8.063839E+01 1.897813E+01 1.600000E+01
    endloop
  endfacet
  facet normal -3.298076E-01 6.283988E-01 7.045153E-01
    outer loop
      vertex 7.958158E+01 1.974006E+01 1.500000E+01
      vertex 7.872774E+01 1.929193E+01 1.500000E+01
      vertex 7.993619E+01 1.880505E+01 1.600000E+01
    endloop
  endfacet
  facet normal 0.000000E+00 7.096895E-01 7.045146E-01
    outer loop
      vertex 8.051785E+01 1.997083E+01 1.500000E+01
      vertex 8.063839E+01 1.897813E+01 1.600000E+01
      vertex 8.136161E+01 1.897813E+01 1.600000E+01
    endloop
  endfacet
  facet normal -1.698397E-01 6.890672E-01 7.045146E-01
    outer loop
      vertex 8.051785E+01 1.997083E+01 1.500000E+01
      vertex 7.958158E+01 1.974006E+01 1.500000E+01
      vertex 8.063839E+01 1.897813E+01 1.600000E+01
    endloop
  endfacet
  facet normal 1.698411E-01 6.890670E-01 7.045145E-01
    outer loop
      vertex 8.148215E+01 1.997083E+01 1.500000E+01
      vertex 8.136161E+01 1.897813E+01 1.600000E+01
      vertex 8.206381E+01 1.880505E+01 1.600000E+01
    endloop
  endfacet
  facet normal 0.000000E+00 7.096895E-01 7.045146E-01
    outer loop
      vertex 8.148215E+01 1.997083E+01 1.500000E+01
      vertex 8.051785E+01 1.997083E+01 1.500000E+01
      vertex 8.136161E+01 1.897813E+01 1.600000E+01
    endloop
  endfacet
  facet normal 3.298073E-01 6.283990E-01 7.045153E-01
    outer loop
      vertex 8.241842E+01 1.974006E+01 1.500000E+01
      vertex 8.206381E+01 1.880505E+01 1.600000E+01
      vertex 8.270419E+01 1.846895E+01 1.600000E+01
    endloop
  endfacet
  facet normal 1.698396E-01 6.890668E-01 7.045151E-01
    outer loop
      vertex 8.241842E+01 1.974006E+01 1.500000E+01
      vertex 8.148215E+01 1.997083E+01 1.500000E+01
      vertex 8.206381E+01 1.880505E+01 1.600000E+01
    endloop
  endfacet
  facet normal 4.706116E-01 5.312086E-01 7.045156E-01
    outer loop
      vertex 8.327226E+01 1.929193E+01 1.500000E+01
      vertex 8.270419E+01 1.846895E+01 1.600000E+01
      vertex 8.324553E+01 1.798937E+01 1.600000E+01
    endloop
  endfacet
  facet normal 3.298077E-01 6.283990E-01 7.045152E-01
    outer loop
      vertex 8.327226E+01 1.929193E+01 1.500000E+01
      vertex 8.241842E+01 1.974006E+01 1.500000E+01
      vertex 8.270419E+01 1.846895E+01 1.600000E+01
    endloop
  endfacet
  facet normal 5.840632E-01 4.031484E-01 7.045151E-01
    outer loop
      vertex 8.399404E+01 1.865249E+01 1.500000E+01
      vertex 8.324553E+01 1.798937E+01 1.600000E+01
      vertex 8.365636E+01 1.739417E+01 1.600000E+01
    endloop
  endfacet
  facet normal 4.706125E-01 5.312083E-01 7.045152E-01
    outer loop
      vertex 8.399404E+01 1.865249E+01 1.500000E+01
      vertex 8.327226E+01 1.929193E+01 1.500000E+01
      vertex 8.324553E+01 1.798937E+01 1.600000E+01
    endloop
  endfacet
  facet normal 6.635678E-01 2.516630E-01 7.045164E-01
    outer loop
      vertex 8.454182E+01 1.785889E+01 1.500000E+01
      vertex 8.365636E+01 1.739417E+01 1.600000E+01
      vertex 8.391283E+01 1.671795E+01 1.600000E+01
    endloop
  endfacet
  facet normal 5.840613E-01 4.031496E-01 7.045160E-01
    outer loop
      vertex 8.454182E+01 1.785889E+01 1.500000E+01
      vertex 8.399404E+01 1.865249E+01 1.500000E+01
      vertex 8.365636E+01 1.739417E+01 1.600000E+01
    endloop
  endfacet
  facet normal 7.045158E-01 8.554264E-02 7.045140E-01
    outer loop
      vertex 8.488377E+01 1.695726E+01 1.500000E+01
      vertex 8.391283E+01 1.671795E+01 1.600000E+01
      vertex 8.400000E+01 1.600000E+01 1.600000E+01
    endloop
  endfacet
  facet normal 6.635720E-01 2.516586E-01 7.045141E-01
    outer loop
      vertex 8.488377E+01 1.695726E+01 1.500000E+01
      vertex 8.454182E+01 1.785889E+01 1.500000E+01
      vertex 8.391283E+01 1.671795E+01 1.600000E+01
    endloop
  endfacet
  facet normal 7.045147E-01 8.554444E-02 7.045147E-01
    outer loop
      vertex 8.500000E+01 1.600000E+01 1.500000E+01
      vertex 8.488377E+01 1.695726E+01 1.500000E+01
      vertex 8.400000E+01 1.600000E+01 1.600000E+01
    endloop
  endfacet
  facet normal -7.045149E-01 8.554275E-02 7.045149E-01
    outer loop
      vertex 3.900000E+01 5.400000E+01 1.500000E+01
      vertex 4.000000E+01 5.400000E+01 1.600000E+01
      vertex 4.008717E+01 5.471795E+01 1.600000E+01
    endloop
  endfacet
  facet normal -6.635712E-01 2.516598E-01 7.045144E-01
    outer loop
      vertex 3.911623E+01 5.495726E+01 1.500000E+01
      vertex 4.008717E+01 5.471795E+01 1.600000E+01
      vertex 4.034363E+01 5.539417E+01 1.600000E+01
    endloop
  endfacet
  facet normal -7.045153E-01 8.554434E-02 7.045142E-01
    outer loop
      vertex 3.911623E+01 5.495726E+01 1.500000E+01
      vertex 3.900000E+01 5.400000E+01 1.500000E+01
      vertex 4.008717E+01 5.471795E+01 1.600000E+01
    endloop
  endfacet
  facet normal -5.840630E-01 4.031483E-01 7.045154E-01
    outer loop
      vertex 3.945818E+01 5.585889E+01 1.500000E+01
      vertex 4.034363E+01 5.539417E+01 1.600000E+01
      vertex 4.075447E+01 5.598937E+01 1.600000E+01
    endloop
  endfacet
  facet normal -6.635711E-01 2.516582E-01 7.045151E-01
    outer loop
      vertex 3.945818E+01 5.585889E+01 1.500000E+01
      vertex 3.911623E+01 5.495726E+01 1.500000E+01
      vertex 4.034363E+01 5.539417E+01 1.600000E+01
    endloop
  endfacet
  facet normal -4.706103E-01 5.312110E-01 7.045146E-01
    outer loop
      vertex 4.000596E+01 5.665249E+01 1.500000E+01
      vertex 4.075447E+01 5.598937E+01 1.600000E+01
      vertex 4.129581E+01 5.646895E+01 1.600000E+01
    endloop
  endfacet
  facet normal -5.840625E-01 4.031504E-01 7.045145E-01
    outer loop
      vertex 4.000596E+01 5.665249E+01 1.500000E+01
      vertex 3.945818E+01 5.585889E+01 1.500000E+01
      vertex 4.075447E+01 5.598937E+01 1.600000E+01
    endloop
  endfacet
  facet normal -3.298106E-01 6.283980E-01 7.045148E-01
    outer loop
      vertex 4.072774E+01 5.729193E+01 1.500000E+01
      vertex 4.129581E+01 5.646895E+01 1.600000E+01
      vertex 4.193618E+01 5.680505E+01 1.600000E+01
    endloop
  endfacet
  facet normal -4.706106E-01 5.312105E-01 7.045148E-01
    outer loop
      vertex 4.072774E+01 5.729193E+01 1.500000E+01
      vertex 4.000596E+01 5.665249E+01 1.500000E+01
      vertex 4.129581E+01 5.646895E+01 1.600000E+01
    endloop
  endfacet
  facet normal -1.698384E-01 6.890675E-01 7.045147E-01
    outer loop
      vertex 4.158158E+01 5.774007E+01 1.500000E+01
      vertex 4.193618E+01 5.680505E+01 1.600000E+01
      vertex 4.263839E+01 5.697813E+01 1.600000E+01
    endloop
  endfacet
  facet normal -3.298102E-01 6.283983E-01 7.045146E-01
    outer loop
      vertex 4.158158E+01 5.774007E+01 1.500000E+01
      vertex 4.072774E+01 5.729193E+01 1.500000E+01
      vertex 4.193618E+01 5.680505E+01 1.600000E+01
    endloop
  endfacet
  facet normal 0.000000E+00 7.096888E-01 7.045153E-01
    outer loop
      vertex 4.251785E+01 5.797084E+01 1.500000E+01
      vertex 4.263839E+01 5.697813E+01 1.600000E+01
      vertex 4.336161E+01 5.697813E+01 1.600000E+01
    endloop
  endfacet
  facet normal -1.698396E-01 6.890666E-01 7.045153E-01
    outer loop
      vertex 4.251785E+01 5.797084E+01 1.500000E+01
      vertex 4.158158E+01 5.774007E+01 1.500000E+01
      vertex 4.263839E+01 5.697813E+01 1.600000E+01
    endloop
  endfacet
  facet normal 1.698382E-01 6.890668E-01 7.045153E-01
    outer loop
      vertex 4.348215E+01 5.797084E+01 1.500000E+01
      vertex 4.336161E+01 5.697813E+01 1.600000E+01
      vertex 4.406382E+01 5.680505E+01 1.600000E+01
    endloop
  endfacet
  facet normal 0.000000E+00 7.096888E-01 7.045153E-01
    outer loop
      vertex 4.348215E+01 5.797084E+01 1.500000E+01
      vertex 4.251785E+01 5.797084E+01 1.500000E+01
      vertex 4.336161E+01 5.697813E+01 1.600000E+01
    endloop
  endfacet
  facet normal 3.298106E-01 6.283981E-01 7.045145E-01
    outer loop
      vertex 4.441842E+01 5.774007E+01 1.500000E+01
      vertex 4.406382E+01 5.680505E+01 1.600000E+01
      vertex 4.470419E+01 5.646895E+01 1.600000E+01
    endloop
  endfacet
  facet normal 1.698397E-01 6.890671E-01 7.045148E-01
    outer loop
      vertex 4.441842E+01 5.774007E+01 1.500000E+01
      vertex 4.348215E+01 5.797084E+01 1.500000E+01
      vertex 4.406382E+01 5.680505E+01 1.600000E+01
    endloop
  endfacet
  facet normal 4.706102E-01 5.312108E-01 7.045148E-01
    outer loop
      vertex 4.527226E+01 5.729193E+01 1.500000E+01
      vertex 4.470419E+01 5.646895E+01 1.600000E+01
      vertex 4.524553E+01 5.598937E+01 1.600000E+01
    endloop
  endfacet
  facet normal 3.298101E-01 6.283982E-01 7.045147E-01
    outer loop
      vertex 4.527226E+01 5.729193E+01 1.500000E+01
      vertex 4.441842E+01 5.774007E+01 1.500000E+01
      vertex 4.470419E+01 5.646895E+01 1.600000E+01
    endloop
  endfacet
  facet normal 5.840638E-01 4.031488E-01 7.045144E-01
    outer loop
      vertex 4.599404E+01 5.665249E+01 1.500000E+01
      vertex 4.524553E+01 5.598937E+01 1.600000E+01
      vertex 4.565637E+01 5.539417E+01 1.600000E+01
    endloop
  endfacet
  facet normal 4.706106E-01 5.312106E-01 7.045146E-01
    outer loop
      vertex 4.599404E+01 5.665249E+01 1.500000E+01
      vertex 4.527226E+01 5.729193E+01 1.500000E+01
      vertex 4.524553E+01 5.598937E+01 1.600000E+01
    endloop
  endfacet
  facet normal 6.635705E-01 2.516595E-01 7.045152E-01
    outer loop
      vertex 4.654182E+01 5.585889E+01 1.500000E+01
      vertex 4.565637E+01 5.539417E+01 1.600000E+01
      vertex 4.591283E+01 5.471795E+01 1.600000E+01
    endloop
  endfacet
  facet normal 5.840619E-01 4.031500E-01 7.045152E-01
    outer loop
      vertex 4.654182E+01 5.585889E+01 1.500000E+01
      vertex 4.599404E+01 5.665249E+01 1.500000E+01
      vertex 4.565637E+01 5.539417E+01 1.600000E+01
    endloop
  endfacet
  facet normal 7.045156E-01 8.554284E-02 7.045141E-01
    outer loop
      vertex 4.688377E+01 5.495726E+01 1.500000E+01
      vertex 4.591283E+01 5.471795E+01 1.600000E+01
      vertex 4.600000E+01 5.400000E+01 1.600000E+01
    endloop
  endfacet
  facet normal 6.635717E-01 2.516584E-01 7.045146E-01
    outer loop
      vertex 4.688377E+01 5.495726E+01 1.500000E+01
      vertex 4.654182E+01 5.585889E+01 1.500000E+01
      vertex 4.591283E+01 5.471795E+01 1.600000E+01
    endloop
  endfacet
  facet normal 7.045148E-01 8.554428E-02 7.045148E-01
    outer loop
      vertex 4.700000E+01 5.400000E+01 1.500000E+01
      vertex 4.688377E+01 5.495726E+01 1.500000E+01
      vertex 4.600000E+01 5.400000E+01 1.600000E+01
    endloop
  endfacet
  facet normal -9.927090E-01 -1.205355E-01 0.000000E+00
    outer loop
      vertex 7.808717E+01 5.328205E+01 2.000000E+01
      vertex 7.800000E+01 5.400000E+01 2.000000E+01
      vertex 7.800000E+01 5.400000E+01 1.600000E+01
    endloop
  endfacet
  facet normal -9.927090E-01 -1.205355E-01 -0.000000E+00
    outer loop
      vertex 7.808717E+01 5.328205E+01 2.000000E+01
      vertex 7.800000E+01 5.400000E+01 1.600000E+01
      vertex 7.808717E+01 5.328205E+01 1.600000E+01
    endloop
  endfacet
  facet normal -9.350143E-01 -3.546100E-01 -0.000000E+00
    outer loop
      vertex 7.834364E+01 5.260583E+01 2.000000E+01
      vertex 7.808717E+01 5.328205E+01 1.600000E+01
      vertex 7.834364E+01 5.260583E+01 1.600000E+01
    endloop
  endfacet
  facet normal -9.350143E-01 -3.546100E-01 0.000000E+00
    outer loop
      vertex 7.834364E+01 5.260583E+01 2.000000E+01
      vertex 7.808717E+01 5.328205E+01 2.000000E+01
      vertex 7.808717E+01 5.328205E+01 1.600000E+01
    endloop
  endfacet
  facet normal -8.229847E-01 -5.680635E-01 -0.000000E+00
    outer loop
      vertex 7.875447E+01 5.201063E+01 2.000000E+01
      vertex 7.834364E+01 5.260583E+01 1.600000E+01
      vertex 7.875447E+01 5.201063E+01 1.600000E+01
    endloop
  endfacet
  facet normal -8.229847E-01 -5.680635E-01 0.000000E+00
    outer loop
      vertex 7.875447E+01 5.201063E+01 2.000000E+01
      vertex 7.834364E+01 5.260583E+01 2.000000E+01
      vertex 7.834364E+01 5.260583E+01 1.600000E+01
    endloop
  endfacet
  facet normal -6.631240E-01 -7.485095E-01 -0.000000E+00
    outer loop
      vertex 7.929581E+01 5.153105E+01 2.000000E+01
      vertex 7.875447E+01 5.201063E+01 1.600000E+01
      vertex 7.929581E+01 5.153105E+01 1.600000E+01
    endloop
  endfacet
  facet normal -6.631240E-01 -7.485095E-01 0.000000E+00
    outer loop
      vertex 7.929581E+01 5.153105E+01 2.000000E+01
      vertex 7.875447E+01 5.201063E+01 2.000000E+01
      vertex 7.875447E+01 5.201063E+01 1.600000E+01
    endloop
  endfacet
  facet normal -4.647231E-01 -8.854561E-01 -0.000000E+00
    outer loop
      vertex 7.993619E+01 5.119495E+01 2.000000E+01
      vertex 7.929581E+01 5.153105E+01 1.600000E+01
      vertex 7.993619E+01 5.119495E+01 1.600000E+01
    endloop
  endfacet
  facet normal -4.647231E-01 -8.854561E-01 0.000000E+00
    outer loop
      vertex 7.993619E+01 5.119495E+01 2.000000E+01
      vertex 7.929581E+01 5.153105E+01 2.000000E+01
      vertex 7.929581E+01 5.153105E+01 1.600000E+01
    endloop
  endfacet
  facet normal -2.393149E-01 -9.709420E-01 -0.000000E+00
    outer loop
      vertex 8.063839E+01 5.102187E+01 2.000000E+01
      vertex 7.993619E+01 5.119495E+01 1.600000E+01
      vertex 8.063839E+01 5.102187E+01 1.600000E+01
    endloop
  endfacet
  facet normal -2.393149E-01 -9.709420E-01 0.000000E+00
    outer loop
      vertex 8.063839E+01 5.102187E+01 2.000000E+01
      vertex 7.993619E+01 5.119495E+01 2.000000E+01
      vertex 7.993619E+01 5.119495E+01 1.600000E+01
    endloop
  endfacet
  facet normal 0.000000E+00 -1.000000E+00 -0.000000E+00
    outer loop
      vertex 8.136161E+01 5.102187E+01 2.000000E+01
      vertex 8.063839E+01 5.102187E+01 1.600000E+01
      vertex 8.136161E+01 5.102187E+01 1.600000E+01
    endloop
  endfacet
  facet normal -0.000000E+00 -1.000000E+00 0.000000E+00
    outer loop
      vertex 8.136161E+01 5.102187E+01 2.000000E+01
      vertex 8.063839E+01 5.102187E+01 2.000000E+01
      vertex 8.063839E+01 5.102187E+01 1.600000E+01
    endloop
  endfacet
  facet normal 2.393149E-01 -9.709420E-01 0.000000E+00
    outer loop
      vertex 8.206381E+01 5.119495E+01 2.000000E+01
      vertex 8.136161E+01 5.102187E+01 1.600000E+01
      vertex 8.206381E+01 5.119495E+01 1.600000E+01
    endloop
  endfacet
  facet normal 2.393149E-01 -9.709420E-01 0.000000E+00
    outer loop
      vertex 8.206381E+01 5.119495E+01 2.000000E+01
      vertex 8.136161E+01 5.102187E+01 2.000000E+01
      vertex 8.136161E+01 5.102187E+01 1.600000E+01
    endloop
  endfacet
  facet normal 4.647231E-01 -8.854561E-01 0.000000E+00
    outer loop
      vertex 8.270419E+01 5.153105E+01 2.000000E+01
      vertex 8.206381E+01 5.119495E+01 1.600000E+01
      vertex 8.270419E+01 5.153105E+01 1.600000E+01
    endloop
  endfacet
  facet normal 4.647231E-01 -8.854561E-01 0.000000E+00
    outer loop
      vertex 8.270419E+01 5.153105E+01 2.000000E+01
      vertex 8.206381E+01 5.119495E+01 2.000000E+01
      vertex 8.206381E+01 5.119495E+01 1.600000E+01
    endloop
  endfacet
  facet normal 6.631240E-01 -7.485095E-01 0.000000E+00
    outer loop
      vertex 8.324553E+01 5.201063E+01 2.000000E+01
      vertex 8.270419E+01 5.153105E+01 1.600000E+01
      vertex 8.324553E+01 5.201063E+01 1.600000E+01
    endloop
  endfacet
  facet normal 6.631240E-01 -7.485095E-01 0.000000E+00
    outer loop
      vertex 8.324553E+01 5.201063E+01 2.000000E+01
      vertex 8.270419E+01 5.153105E+01 2.000000E+01
      vertex 8.270419E+01 5.153105E+01 1.600000E+01
    endloop
  endfacet
  facet normal 8.229847E-01 -5.680635E-01 0.000000E+00
    outer loop
      vertex 8.365636E+01 5.260583E+01 2.000000E+01
      vertex 8.324553E+01 5.201063E+01 1.600000E+01
      vertex 8.365636E+01 5.260583E+01 1.600000E+01
    endloop
  endfacet
  facet normal 8.229847E-01 -5.680635E-01 0.000000E+00
    outer loop
      vertex 8.365636E+01 5.260583E+01 2.000000E+01
      vertex 8.324553E+01 5.201063E+01 2.000000E+01
      vertex 8.324553E+01 5.201063E+01 1.600000E+01
    endloop
  endfacet
  facet normal 9.350143E-01 -3.546100E-01 0.000000E+00
    outer loop
      vertex 8.391283E+01 5.328205E+01 2.000000E+01
      vertex 8.365636E+01 5.260583E+01 1.600000E+01
      vertex 8.391283E+01 5.328205E+01 1.600000E+01
    endloop
  endfacet
  facet normal 9.350143E-01 -3.546100E-01 0.000000E+00
    outer loop
      vertex 8.391283E+01 5.328205E+01 2.000000E+01
      vertex 8.365636E+01 5.260583E+01 2.000000E+01
      vertex 8.365636E+01 5.260583E+01 1.600000E+01
    endloop
  endfacet
  facet normal 9.927090E-01 -1.205355E-01 0.000000E+00
    outer loop
      vertex 8.400000E+01 5.400000E+01 2.000000E+01
      vertex 8.391283E+01 5.328205E+01 1.600000E+01
      vertex 8.400000E+01 5.400000E+01 1.600000E+01
    endloop
  endfacet
  facet normal 9.927090E-01 -1.205355E-01 0.000000E+00
    outer loop
      vertex 8.400000E+01 5.400000E+01 2.000000E+01
      vertex 8.391283E+01 5.328205E+01 2.000000E+01
      vertex 8.391283E+01 5.328205E+01 1.600000E+01
    endloop
  endfacet
  facet normal -9.927090E-01 -1.205352E-01 0.000000E+00
    outer loop
      vertex 4.008717E+01 1.528205E+01 2.000000E+01
      vertex 4.000000E+01 1.600000E+01 2.000000E+01
      vertex 4.000000E+01 1.600000E+01 1.600000E+01
    endloop
  endfacet
  facet normal -9.927090E-01 -1.205352E-01 -0.000000E+00
    outer loop
      vertex 4.008717E+01 1.528205E+01 2.000000E+01
      vertex 4.000000E+01 1.600000E+01 1.600000E+01
      vertex 4.008717E+01 1.528205E+01 1.600000E+01
    endloop
  endfacet
  facet normal -9.350159E-01 -3.546059E-01 -0.000000E+00
    outer loop
      vertex 4.034363E+01 1.460583E+01 2.000000E+01
      vertex 4.008717E+01 1.528205E+01 1.600000E+01
      vertex 4.034363E+01 1.460583E+01 1.600000E+01
    endloop
  endfacet
  facet normal -9.350159E-01 -3.546059E-01 0.000000E+00
    outer loop
      vertex 4.034363E+01 1.460583E+01 2.000000E+01
      vertex 4.008717E+01 1.528205E+01 2.000000E+01
      vertex 4.008717E+01 1.528205E+01 1.600000E+01
    endloop
  endfacet
  facet normal -8.229843E-01 -5.680641E-01 -0.000000E+00
    outer loop
      vertex 4.075447E+01 1.401063E+01 2.000000E+01
      vertex 4.034363E+01 1.460583E+01 1.600000E+01
      vertex 4.075447E+01 1.401063E+01 1.600000E+01
    endloop
  endfacet
  facet normal -8.229843E-01 -5.680641E-01 0.000000E+00
    outer loop
      vertex 4.075447E+01 1.401063E+01 2.000000E+01
      vertex 4.034363E+01 1.460583E+01 2.000000E+01
      vertex 4.034363E+01 1.460583E+01 1.600000E+01
    endloop
  endfacet
  facet normal -6.631207E-01 -7.485124E-01 -0.000000E+00
    outer loop
      vertex 4.129581E+01 1.353105E+01 2.000000E+01
      vertex 4.075447E+01 1.401063E+01 1.600000E+01
      vertex 4.129581E+01 1.353105E+01 1.600000E+01
    endloop
  endfacet
  facet normal -6.631207E-01 -7.485124E-01 0.000000E+00
    outer loop
      vertex 4.129581E+01 1.353105E+01 2.000000E+01
      vertex 4.075447E+01 1.401063E+01 2.000000E+01
      vertex 4.075447E+01 1.401063E+01 1.600000E+01
    endloop
  endfacet
  facet normal -4.647253E-01 -8.854550E-01 -0.000000E+00
    outer loop
      vertex 4.193618E+01 1.319495E+01 2.000000E+01
      vertex 4.129581E+01 1.353105E+01 1.600000E+01
      vertex 4.193618E+01 1.319495E+01 1.600000E+01
    endloop
  endfacet
  facet normal -4.647253E-01 -8.854550E-01 0.000000E+00
    outer loop
      vertex 4.193618E+01 1.319495E+01 2.000000E+01
      vertex 4.129581E+01 1.353105E+01 2.000000E+01
      vertex 4.129581E+01 1.353105E+01 1.600000E+01
    endloop
  endfacet
  facet normal -2.393149E-01 -9.709420E-01 -0.000000E+00
    outer loop
      vertex 4.263839E+01 1.302187E+01 2.000000E+01
      vertex 4.193618E+01 1.319495E+01 1.600000E+01
      vertex 4.263839E+01 1.302187E+01 1.600000E+01
    endloop
  endfacet
  facet normal -2.393149E-01 -9.709420E-01 0.000000E+00
    outer loop
      vertex 4.263839E+01 1.302187E+01 2.000000E+01
      vertex 4.193618E+01 1.319495E+01 2.000000E+01
      vertex 4.193618E+01 1.319495E+01 1.600000E+01
    endloop
  endfacet
  facet normal 0.000000E+00 -1.000000E+00 -0.000000E+00
    outer loop
      vertex 4.336161E+01 1.302187E+01 2.000000E+01
      vertex 4.263839E+01 1.302187E+01 1.600000E+01
      vertex 4.336161E+01 1.302187E+01 1.600000E+01
    endloop
  endfacet
  facet normal -0.000000E+00 -1.000000E+00 0.000000E+00
    outer loop
      vertex 4.336161E+01 1.302187E+01 2.000000E+01
      vertex 4.263839E+01 1.302187E+01 2.000000E+01
      vertex 4.263839E+01 1.302187E+01 1.600000E+01
    endloop
  endfacet
  facet normal 2.393149E-01 -9.709420E-01 0.000000E+00
    outer loop
      vertex 4.406382E+01 1.319495E+01 2.000000E+01
      vertex 4.336161E+01 1.302187E+01 1.600000E+01
      vertex 4.406382E+01 1.319495E+01 1.600000E+01
    endloop
  endfacet
  facet normal 2.393149E-01 -9.709420E-01 0.000000E+00
    outer loop
      vertex 4.406382E+01 1.319495E+01 2.000000E+01
      vertex 4.336161E+01 1.302187E+01 2.000000E+01
      vertex 4.336161E+01 1.302187E+01 1.600000E+01
    endloop
  endfacet
  facet normal 4.647253E-01 -8.854550E-01 0.000000E+00
    outer loop
      vertex 4.470419E+01 1.353105E+01 2.000000E+01
      vertex 4.406382E+01 1.319495E+01 1.600000E+01
      vertex 4.470419E+01 1.353105E+01 1.600000E+01
    endloop
  endfacet
  facet normal 4.647253E-01 -8.854550E-01 0.000000E+00
    outer loop
      vertex 4.470419E+01 1.353105E+01 2.000000E+01
      vertex 4.406382E+01 1.319495E+01 2.000000E+01
      vertex 4.406382E+01 1.319495E+01 1.600000E+01
    endloop
  endfacet
  facet normal 6.631207E-01 -7.485124E-01 0.000000E+00
    outer loop
      vertex 4.524553E+01 1.401063E+01 2.000000E+01
      vertex 4.470419E+01 1.353105E+01 1.600000E+01
      vertex 4.524553E+01 1.401063E+01 1.600000E+01
    endloop
  endfacet
  facet normal 6.631207E-01 -7.485124E-01 0.000000E+00
    outer loop
      vertex 4.524553E+01 1.401063E+01 2.000000E+01
      vertex 4.470419E+01 1.353105E+01 2.000000E+01
      vertex 4.470419E+01 1.353105E+01 1.600000E+01
    endloop
  endfacet
  facet normal 8.229843E-01 -5.680641E-01 0.000000E+00
    outer loop
      vertex 4.565637E+01 1.460583E+01 2.000000E+01
      vertex 4.524553E+01 1.401063E+01 1.600000E+01
      vertex 4.565637E+01 1.460583E+01 1.600000E+01
    endloop
  endfacet
  facet normal 8.229843E-01 -5.680641E-01 0.000000E+00
    outer loop
      vertex 4.565637E+01 1.460583E+01 2.000000E+01
      vertex 4.524553E+01 1.401063E+01 2.000000E+01
      vertex 4.524553E+01 1.401063E+01 1.600000E+01
    endloop
  endfacet
  facet normal 9.350159E-01 -3.546059E-01 0.000000E+00
    outer loop
      vertex 4.591283E+01 1.528205E+01 2.000000E+01
      vertex 4.565637E+01 1.460583E+01 1.600000E+01
      vertex 4.591283E+01 1.528205E+01 1.600000E+01
    endloop
  endfacet
  facet normal 9.350159E-01 -3.546059E-01 0.000000E+00
    outer loop
      vertex 4.591283E+01 1.528205E+01 2.000000E+01
      vertex 4.565637E+01 1.460583E+01 2.000000E+01
      vertex 4.565637E+01 1.460583E+01 1.600000E+01
    endloop
  endfacet
  facet normal 9.927090E-01 -1.205352E-01 0.000000E+00
    outer loop
      vertex 4.600000E+01 1.600000E+01 2.000000E+01
      vertex 4.591283E+01 1.528205E+01 1.600000E+01
      vertex 4.600000E+01 1.600000E+01 1.600000E+01
    endloop
  endfacet
  facet normal 9.927090E-01 -1.205352E-01 0.000000E+00
    outer loop
      vertex 4.600000E+01 1.600000E+01 2.000000E+01
      vertex 4.591283E+01 1.528205E+01 2.000000E+01
      vertex 4.591283E+01 1.528205E+01 1.600000E+01
    endloop
  endfacet
  facet normal -9.927090E-01 -1.205352E-01 0.000000E+00
    outer loop
      vertex 7.808717E+01 1.528205E+01 2.000000E+01
      vertex 7.800000E+01 1.600000E+01 2.000000E+01
      vertex 7.800000E+01 1.600000E+01 1.600000E+01
    endloop
  endfacet
  facet normal -9.927090E-01 -1.205352E-01 -0.000000E+00
    outer loop
      vertex 7.808717E+01 1.528205E+01 2.000000E+01
      vertex 7.800000E+01 1.600000E+01 1.600000E+01
      vertex 7.808717E+01 1.528205E+01 1.600000E+01
    endloop
  endfacet
  facet normal -9.350141E-01 -3.546105E-01 -0.000000E+00
    outer loop
      vertex 7.834364E+01 1.460583E+01 2.000000E+01
      vertex 7.808717E+01 1.528205E+01 1.600000E+01
      vertex 7.834364E+01 1.460583E+01 1.600000E+01
    endloop
  endfacet
  facet normal -9.350141E-01 -3.546105E-01 0.000000E+00
    outer loop
      vertex 7.834364E+01 1.460583E+01 2.000000E+01
      vertex 7.808717E+01 1.528205E+01 2.000000E+01
      vertex 7.808717E+01 1.528205E+01 1.600000E+01
    endloop
  endfacet
  facet normal -8.229843E-01 -5.680641E-01 -0.000000E+00
    outer loop
      vertex 7.875447E+01 1.401063E+01 2.000000E+01
      vertex 7.834364E+01 1.460583E+01 1.600000E+01
      vertex 7.875447E+01 1.401063E+01 1.600000E+01
    endloop
  endfacet
  facet normal -8.229843E-01 -5.680641E-01 0.000000E+00
    outer loop
      vertex 7.875447E+01 1.401063E+01 2.000000E+01
      vertex 7.834364E+01 1.460583E+01 2.000000E+01
      vertex 7.834364E+01 1.460583E+01 1.600000E+01
    endloop
  endfacet
  facet normal -6.631234E-01 -7.485102E-01 -0.000000E+00
    outer loop
      vertex 7.929581E+01 1.353105E+01 2.000000E+01
      vertex 7.875447E+01 1.401063E+01 1.600000E+01
      vertex 7.929581E+01 1.353105E+01 1.600000E+01
    endloop
  endfacet
  facet normal -6.631234E-01 -7.485102E-01 0.000000E+00
    outer loop
      vertex 7.929581E+01 1.353105E+01 2.000000E+01
      vertex 7.875447E+01 1.401063E+01 2.000000E+01
      vertex 7.875447E+01 1.401063E+01 1.600000E+01
    endloop
  endfacet
  facet normal -4.647231E-01 -8.854561E-01 -0.000000E+00
    outer loop
      vertex 7.993619E+01 1.319495E+01 2.000000E+01
      vertex 7.929581E+01 1.353105E+01 1.600000E+01
      vertex 7.993619E+01 1.319495E+01 1.600000E+01
    endloop
  endfacet
  facet normal -4.647231E-01 -8.854561E-01 0.000000E+00
    outer loop
      vertex 7.993619E+01 1.319495E+01 2.000000E+01
      vertex 7.929581E+01 1.353105E+01 2.000000E+01
      vertex 7.929581E+01 1.353105E+01 1.600000E+01
    endloop
  endfacet
  facet normal -2.393162E-01 -9.709417E-01 -0.000000E+00
    outer loop
      vertex 8.063839E+01 1.302187E+01 2.000000E+01
      vertex 7.993619E+01 1.319495E+01 1.600000E+01
      vertex 8.063839E+01 1.302187E+01 1.600000E+01
    endloop
  endfacet
  facet normal -2.393162E-01 -9.709417E-01 0.000000E+00
    outer loop
      vertex 8.063839E+01 1.302187E+01 2.000000E+01
      vertex 7.993619E+01 1.319495E+01 2.000000E+01
      vertex 7.993619E+01 1.319495E+01 1.600000E+01
    endloop
  endfacet
  facet normal 0.000000E+00 -1.000000E+00 -0.000000E+00
    outer loop
      vertex 8.136161E+01 1.302187E+01 2.000000E+01
      vertex 8.063839E+01 1.302187E+01 1.600000E+01
      vertex 8.136161E+01 1.302187E+01 1.600000E+01
    endloop
  endfacet
  facet normal -0.000000E+00 -1.000000E+00 0.000000E+00
    outer loop
      vertex 8.136161E+01 1.302187E+01 2.000000E+01
      vertex 8.063839E+01 1.302187E+01 2.000000E+01
      vertex 8.063839E+01 1.302187E+01 1.600000E+01
    endloop
  endfacet
  facet normal 2.393162E-01 -9.709417E-01 0.000000E+00
    outer loop
      vertex 8.206381E+01 1.319495E+01 2.000000E+01
      vertex 8.136161E+01 1.302187E+01 1.600000E+01
      vertex 8.206381E+01 1.319495E+01 1.600000E+01
    endloop
  endfacet
  facet normal 2.393162E-01 -9.709417E-01 0.000000E+00
    outer loop
      vertex 8.206381E+01 1.319495E+01 2.000000E+01
      vertex 8.136161E+01 1.302187E+01 2.000000E+01
      vertex 8.136161E+01 1.302187E+01 1.600000E+01
    endloop
  endfacet
  facet normal 4.647231E-01 -8.854561E-01 0.000000E+00
    outer loop
      vertex 8.270419E+01 1.353105E+01 2.000000E+01
      vertex 8.206381E+01 1.319495E+01 1.600000E+01
      vertex 8.270419E+01 1.353105E+01 1.600000E+01
    endloop
  endfacet
  facet normal 4.647231E-01 -8.854561E-01 0.000000E+00
    outer loop
      vertex 8.270419E+01 1.353105E+01 2.000000E+01
      vertex 8.206381E+01 1.319495E+01 2.000000E+01
      vertex 8.206381E+01 1.319495E+01 1.600000E+01
    endloop
  endfacet
  facet normal 6.631234E-01 -7.485102E-01 0.000000E+00
    outer loop
      vertex 8.324553E+01 1.401063E+01 2.000000E+01
      vertex 8.270419E+01 1.353105E+01 1.600000E+01
      vertex 8.324553E+01 1.401063E+01 1.600000E+01
    endloop
  endfacet
  facet normal 6.631234E-01 -7.485102E-01 0.000000E+00
    outer loop
      vertex 8.324553E+01 1.401063E+01 2.000000E+01
      vertex 8.270419E+01 1.353105E+01 2.000000E+01
      vertex 8.270419E+01 1.353105E+01 1.600000E+01
    endloop
  endfacet
  facet normal 8.229843E-01 -5.680641E-01 0.000000E+00
    outer loop
      vertex 8.365636E+01 1.460583E+01 2.000000E+01
      vertex 8.324553E+01 1.401063E+01 1.600000E+01
      vertex 8.365636E+01 1.460583E+01 1.600000E+01
    endloop
  endfacet
  facet normal 8.229843E-01 -5.680641E-01 0.000000E+00
    outer loop
      vertex 8.365636E+01 1.460583E+01 2.000000E+01
      vertex 8.324553E+01 1.401063E+01 2.000000E+01
      vertex 8.324553E+01 1.401063E+01 1.600000E+01
    endloop
  endfacet
  facet normal 9.350141E-01 -3.546105E-01 0.000000E+00
    outer loop
      vertex 8.391283E+01 1.528205E+01 2.000000E+01
      vertex 8.365636E+01 1.460583E+01 1.600000E+01
      vertex 8.391283E+01 1.528205E+01 1.600000E+01
    endloop
  endfacet
  facet normal 9.350141E-01 -3.546105E-01 0.000000E+00
    outer loop
      vertex 8.391283E+01 1.528205E+01 2.000000E+01
      vertex 8.365636E+01 1.460583E+01 2.000000E+01
      vertex 8.365636E+01 1.460583E+01 1.600000E+01
    endloop
  endfacet
  facet normal 9.927090E-01 -1.205352E-01 0.000000E+00
    outer loop
      vertex 8.400000E+01 1.600000E+01 2.000000E+01
      vertex 8.391283E+01 1.528205E+01 1.600000E+01
      vertex 8.400000E+01 1.600000E+01 1.600000E+01
    endloop
  endfacet
  facet normal 9.927090E-01 -1.205352E-01 0.000000E+00
    outer loop
      vertex 8.400000E+01 1.600000E+01 2.000000E+01
      vertex 8.391283E+01 1.528205E+01 2.000000E+01
      vertex 8.391283E+01 1.528205E+01 1.600000E+01
    endloop
  endfacet
  facet normal -9.927090E-01 -1.205355E-01 0.000000E+00
    outer loop
      vertex 4.008717E+01 5.328205E+01 2.000000E+01
      vertex 4.000000E+01 5.400000E+01 2.000000E+01
      vertex 4.000000E+01 5.400000E+01 1.600000E+01
    endloop
  endfacet
  facet normal -9.927090E-01 -1.205355E-01 -0.000000E+00
    outer loop
      vertex 4.008717E+01 5.328205E+01 2.000000E+01
      vertex 4.000000E+01 5.400000E+01 1.600000E+01
      vertex 4.008717E+01 5.328205E+01 1.600000E+01
    endloop
  endfacet
  facet normal -9.350160E-01 -3.546054E-01 -0.000000E+00
    outer loop
      vertex 4.034363E+01 5.260583E+01 2.000000E+01
      vertex 4.008717E+01 5.328205E+01 1.600000E+01
      vertex 4.034363E+01 5.260583E+01 1.600000E+01
    endloop
  endfacet
  facet normal -9.350160E-01 -3.546054E-01 0.000000E+00
    outer loop
      vertex 4.034363E+01 5.260583E+01 2.000000E+01
      vertex 4.008717E+01 5.328205E+01 2.000000E+01
      vertex 4.008717E+01 5.328205E+01 1.600000E+01
    endloop
  endfacet
  facet normal -8.229847E-01 -5.680635E-01 -0.000000E+00
    outer loop
      vertex 4.075447E+01 5.201063E+01 2.000000E+01
      vertex 4.034363E+01 5.260583E+01 1.600000E+01
      vertex 4.075447E+01 5.201063E+01 1.600000E+01
    endloop
  endfacet
  facet normal -8.229847E-01 -5.680635E-01 0.000000E+00
    outer loop
      vertex 4.075447E+01 5.201063E+01 2.000000E+01
      vertex 4.034363E+01 5.260583E+01 2.000000E+01
      vertex 4.034363E+01 5.260583E+01 1.600000E+01
    endloop
  endfacet
  facet normal -6.631215E-01 -7.485119E-01 -0.000000E+00
    outer loop
      vertex 4.129581E+01 5.153105E+01 2.000000E+01
      vertex 4.075447E+01 5.201063E+01 1.600000E+01
      vertex 4.129581E+01 5.153105E+01 1.600000E+01
    endloop
  endfacet
  facet normal -6.631215E-01 -7.485119E-01 0.000000E+00
    outer loop
      vertex 4.129581E+01 5.153105E+01 2.000000E+01
      vertex 4.075447E+01 5.201063E+01 2.000000E+01
      vertex 4.075447E+01 5.201063E+01 1.600000E+01
    endloop
  endfacet
  facet normal -4.647253E-01 -8.854550E-01 -0.000000E+00
    outer loop
      vertex 4.193618E+01 5.119495E+01 2.000000E+01
      vertex 4.129581E+01 5.153105E+01 1.600000E+01
      vertex 4.193618E+01 5.119495E+01 1.600000E+01
    endloop
  endfacet
  facet normal -4.647253E-01 -8.854550E-01 0.000000E+00
    outer loop
      vertex 4.193618E+01 5.119495E+01 2.000000E+01
      vertex 4.129581E+01 5.153105E+01 2.000000E+01
      vertex 4.129581E+01 5.153105E+01 1.600000E+01
    endloop
  endfacet
  facet normal -2.393137E-01 -9.709423E-01 -0.000000E+00
    outer loop
      vertex 4.263839E+01 5.102187E+01 2.000000E+01
      vertex 4.193618E+01 5.119495E+01 1.600000E+01
      vertex 4.263839E+01 5.102187E+01 1.600000E+01
    endloop
  endfacet
  facet normal -2.393137E-01 -9.709423E-01 0.000000E+00
    outer loop
      vertex 4.263839E+01 5.102187E+01 2.000000E+01
      vertex 4.193618E+01 5.119495E+01 2.000000E+01
      vertex 4.193618E+01 5.119495E+01 1.600000E+01
    endloop
  endfacet
  facet normal 0.000000E+00 -1.000000E+00 -0.000000E+00
    outer loop
      vertex 4.336161E+01 5.102187E+01 2.000000E+01
      vertex 4.263839E+01 5.102187E+01 1.600000E+01
      vertex 4.336161E+01 5.102187E+01 1.600000E+01
    endloop
  endfacet
  facet normal -0.000000E+00 -1.000000E+00 0.000000E+00
    outer loop
      vertex 4.336161E+01 5.102187E+01 2.000000E+01
      vertex 4.263839E+01 5.102187E+01 2.000000E+01
      vertex 4.263839E+01 5.102187E+01 1.600000E+01
    endloop
  endfacet
  facet normal 2.393137E-01 -9.709423E-01 0.000000E+00
    outer loop
      vertex 4.406382E+01 5.119495E+01 2.000000E+01
      vertex 4.336161E+01 5.102187E+01 1.600000E+01
      vertex 4.406382E+01 5.119495E+01 1.600000E+01
    endloop
  endfacet
  facet normal 2.393137E-01 -9.709423E-01 0.000000E+00
    outer loop
      vertex 4.406382E+01 5.119495E+01 2.000000E+01
      vertex 4.336161E+01 5.102187E+01 2.000000E+01
      vertex 4.336161E+01 5.102187E+01 1.600000E+01
    endloop
  endfacet
  facet normal 4.647253E-01 -8.854550E-01 0.000000E+00
    outer loop
      vertex 4.470419E+01 5.153105E+01 2.000000E+01
      vertex 4.406382E+01 5.119495E+01 1.600000E+01
      vertex 4.470419E+01 5.153105E+01 1.600000E+01
    endloop
  endfacet
  facet normal 4.647253E-01 -8.854550E-01 0.000000E+00
    outer loop
      vertex 4.470419E+01 5.153105E+01 2.000000E+01
      vertex 4.406382E+01 5.119495E+01 2.000000E+01
      vertex 4.406382E+01 5.119495E+01 1.600000E+01
    endloop
  endfacet
  facet normal 6.631215E-01 -7.485119E-01 0.000000E+00
    outer loop
      vertex 4.524553E+01 5.201063E+01 2.000000E+01
      vertex 4.470419E+01 5.153105E+01 1.600000E+01
      vertex 4.524553E+01 5.201063E+01 1.600000E+01
    endloop
  endfacet
  facet normal 6.631215E-01 -7.485119E-01 0.000000E+00
    outer loop
      vertex 4.524553E+01 5.201063E+01 2.000000E+01
      vertex 4.470419E+01 5.153105E+01 2.000000E+01
      vertex 4.470419E+01 5.153105E+01 1.600000E+01
    endloop
  endfacet
  facet normal 8.229847E-01 -5.680635E-01 0.000000E+00
    outer loop
      vertex 4.565637E+01 5.260583E+01 2.000000E+01
      vertex 4.524553E+01 5.201063E+01 1.600000E+01
      vertex 4.565637E+01 5.260583E+01 1.600000E+01
    endloop
  endfacet
  facet normal 8.229847E-01 -5.680635E-01 0.000000E+00
    outer loop
      vertex 4.565637E+01 5.260583E+01 2.000000E+01
      vertex 4.524553E+01 5.201063E+01 2.000000E+01
      vertex 4.524553E+01 5.201063E+01 1.600000E+01
    endloop
  endfacet
  facet normal 9.350160E-01 -3.546054E-01 0.000000E+00
    outer loop
      vertex 4.591283E+01 5.328205E+01 2.000000E+01
      vertex 4.565637E+01 5.260583E+01 1.600000E+01
      vertex 4.591283E+01 5.328205E+01 1.600000E+01
    endloop
  endfacet
  facet normal 9.350160E-01 -3.546054E-01 0.000000E+00
    outer loop
      vertex 4.591283E+01 5.328205E+01 2.000000E+01
      vertex 4.565637E+01 5.260583E+01 2.000000E+01
      vertex 4.565637E+01 5.260583E+01 1.600000E+01
    endloop
  endfacet
  facet normal 9.927090E-01 -1.205355E-01 0.000000E+00
    outer loop
      vertex 4.600000E+01 5.400000E+01 2.000000E+01
      vertex 4.591283E+01 5.328205E+01 1.600000E+01
      vertex 4.600000E+01 5.400000E+01 1.600000E+01
    endloop
  endfacet
  facet normal 9.927090E-01 -1.205355E-01 0.000000E+00
    outer loop
      vertex 4.600000E+01 5.400000E+01 2.000000E+01
      vertex 4.591283E+01 5.328205E+01 2.000000E+01
      vertex 4.591283E+01 5.328205E+01 1.600000E+01
    endloop
  endfacet
  facet normal 0.000000E+00 0.000000E+00 1.000000E+00
    outer loop
      vertex 8.176543E+01 5.350785E+01 2.000000E+01
      vertex 8.163069E+01 5.334400E+01 2.000000E+01
      vertex 8.324553E+01 5.201063E+01 2.000000E+01
    endloop
  endfacet
  facet normal 0.000000E+00 0.000000E+00 1.000000E+00
    outer loop
      vertex 7.929581E+01 5.646895E+01 2.000000E+01
      vertex 7.875447E+01 5.598937E+01 2.000000E+01
      vertex 8.031886E+01 5.460344E+01 2.000000E+01
    endloop
  endfacet
  facet normal 0.000000E+00 0.000000E+00 1.000000E+00
    outer loop
      vertex 7.929581E+01 5.646895E+01 2.000000E+01
      vertex 8.031886E+01 5.460344E+01 2.000000E+01
      vertex 8.048306E+01 5.474892E+01 2.000000E+01
    endloop
  endfacet
  facet normal 0.000000E+00 0.000000E+00 1.000000E+00
    outer loop
      vertex 8.030456E+01 5.341309E+01 2.000000E+01
      vertex 7.834364E+01 5.260583E+01 2.000000E+01
      vertex 7.875447E+01 5.201063E+01 2.000000E+01
    endloop
  endfacet
  facet normal 0.000000E+00 0.000000E+00 1.000000E+00
    outer loop
      vertex 8.045934E+01 5.326802E+01 2.000000E+01
      vertex 7.875447E+01 5.201063E+01 2.000000E+01
      vertex 7.929581E+01 5.153105E+01 2.000000E+01
    endloop
  endfacet
  facet normal 0.000000E+00 0.000000E+00 1.000000E+00
    outer loop
      vertex 8.045934E+01 5.326802E+01 2.000000E+01
      vertex 8.030456E+01 5.341309E+01 2.000000E+01
      vertex 7.875447E+01 5.201063E+01 2.000000E+01
    endloop
  endfacet
  facet normal 0.000000E+00 0.000000E+00 1.000000E+00
    outer loop
      vertex 8.018757E+01 5.359006E+01 2.000000E+01
      vertex 7.808717E+01 5.328205E+01 2.000000E+01
      vertex 7.834364E+01 5.260583E+01 2.000000E+01
    endloop
  endfacet
  facet normal 0.000000E+00 0.000000E+00 1.000000E+00
    outer loop
      vertex 8.018757E+01 5.359006E+01 2.000000E+01
      vertex 7.834364E+01 5.260583E+01 2.000000E+01
      vertex 8.030456E+01 5.341309E+01 2.000000E+01
    endloop
  endfacet
  facet normal 0.000000E+00 0.000000E+00 1.000000E+00
    outer loop
      vertex 8.365636E+01 5.260583E+01 2.000000E+01
      vertex 8.176543E+01 5.350785E+01 2.000000E+01
      vertex 8.324553E+01 5.201063E+01 2.000000E+01
    endloop
  endfacet
  facet normal 0.000000E+00 0.000000E+00 1.000000E+00
    outer loop
      vertex 8.365636E+01 5.260583E+01 2.000000E+01
      vertex 8.184476E+01 5.366167E+01 2.000000E+01
      vertex 8.176543E+01 5.350785E+01 2.000000E+01
    endloop
  endfacet
  facet normal 0.000000E+00 0.000000E+00 1.000000E+00
    outer loop
      vertex 8.064351E+01 5.316273E+01 2.000000E+01
      vertex 7.929581E+01 5.153105E+01 2.000000E+01
      vertex 7.993619E+01 5.119495E+01 2.000000E+01
    endloop
  endfacet
  facet normal 0.000000E+00 0.000000E+00 1.000000E+00
    outer loop
      vertex 8.064351E+01 5.316273E+01 2.000000E+01
      vertex 8.045934E+01 5.326802E+01 2.000000E+01
      vertex 7.929581E+01 5.153105E+01 2.000000E+01
    endloop
  endfacet
  facet normal 0.000000E+00 0.000000E+00 1.000000E+00
    outer loop
      vertex 8.011473E+01 5.378931E+01 2.000000E+01
      vertex 7.800000E+01 5.400000E+01 2.000000E+01
      vertex 7.808717E+01 5.328205E+01 2.000000E+01
    endloop
  endfacet
  facet normal 0.000000E+00 0.000000E+00 1.000000E+00
    outer loop
      vertex 8.011473E+01 5.378931E+01 2.000000E+01
      vertex 7.808717E+01 5.328205E+01 2.000000E+01
      vertex 8.018757E+01 5.359006E+01 2.000000E+01
    endloop
  endfacet
  facet normal 0.000000E+00 0.000000E+00 1.000000E+00
    outer loop
      vertex 8.084705E+01 5.310295E+01 2.000000E+01
      vertex 7.993619E+01 5.119495E+01 2.000000E+01
      vertex 8.063839E+01 5.102187E+01 2.000000E+01
    endloop
  endfacet
  facet normal 0.000000E+00 0.000000E+00 1.000000E+00
    outer loop
      vertex 8.084705E+01 5.310295E+01 2.000000E+01
      vertex 8.064351E+01 5.316273E+01 2.000000E+01
      vertex 7.993619E+01 5.119495E+01 2.000000E+01
    endloop
  endfacet
  facet normal 0.000000E+00 0.000000E+00 1.000000E+00
    outer loop
      vertex 7.993619E+01 5.680505E+01 2.000000E+01
      vertex 8.048306E+01 5.474892E+01 2.000000E+01
      vertex 8.067731E+01 5.485086E+01 2.000000E+01
    endloop
  endfacet
  facet normal 0.000000E+00 0.000000E+00 1.000000E+00
    outer loop
      vertex 8.009000E+01 5.400000E+01 2.000000E+01
      vertex 7.808717E+01 5.471795E+01 2.000000E+01
      vertex 7.800000E+01 5.400000E+01 2.000000E+01
    endloop
  endfacet
  facet normal 0.000000E+00 0.000000E+00 1.000000E+00
    outer loop
      vertex 8.009000E+01 5.400000E+01 2.000000E+01
      vertex 7.800000E+01 5.400000E+01 2.000000E+01
      vertex 8.011473E+01 5.378931E+01 2.000000E+01
    endloop
  endfacet
  facet normal 0.000000E+00 0.000000E+00 1.000000E+00
    outer loop
      vertex 7.993619E+01 5.680505E+01 2.000000E+01
      vertex 7.929581E+01 5.646895E+01 2.000000E+01
      vertex 8.048306E+01 5.474892E+01 2.000000E+01
    endloop
  endfacet
  facet normal 0.000000E+00 0.000000E+00 1.000000E+00
    outer loop
      vertex 8.391283E+01 5.328205E+01 2.000000E+01
      vertex 8.189354E+01 5.382772E+01 2.000000E+01
      vertex 8.184476E+01 5.366167E+01 2.000000E+01
    endloop
  endfacet
  facet normal 0.000000E+00 0.000000E+00 1.000000E+00
    outer loop
      vertex 8.105890E+01 5.309191E+01 2.000000E+01
      vertex 8.063839E+01 5.102187E+01 2.000000E+01
      vertex 8.136161E+01 5.102187E+01 2.000000E+01
    endloop
  endfacet
  facet normal 0.000000E+00 0.000000E+00 1.000000E+00
    outer loop
      vertex 8.391283E+01 5.328205E+01 2.000000E+01
      vertex 8.184476E+01 5.366167E+01 2.000000E+01
      vertex 8.365636E+01 5.260583E+01 2.000000E+01
    endloop
  endfacet
  facet normal 0.000000E+00 0.000000E+00 1.000000E+00
    outer loop
      vertex 8.105890E+01 5.309191E+01 2.000000E+01
      vertex 8.084705E+01 5.310295E+01 2.000000E+01
      vertex 8.063839E+01 5.102187E+01 2.000000E+01
    endloop
  endfacet
  facet normal 0.000000E+00 0.000000E+00 1.000000E+00
    outer loop
      vertex 8.063839E+01 5.697813E+01 2.000000E+01
      vertex 8.067731E+01 5.485086E+01 2.000000E+01
      vertex 8.089031E+01 5.490337E+01 2.000000E+01
    endloop
  endfacet
  facet normal 0.000000E+00 0.000000E+00 1.000000E+00
    outer loop
      vertex 8.063839E+01 5.697813E+01 2.000000E+01
      vertex 8.089031E+01 5.490337E+01 2.000000E+01
      vertex 8.110969E+01 5.490337E+01 2.000000E+01
    endloop
  endfacet
  facet normal 0.000000E+00 0.000000E+00 1.000000E+00
    outer loop
      vertex 8.063839E+01 5.697813E+01 2.000000E+01
      vertex 7.993619E+01 5.680505E+01 2.000000E+01
      vertex 8.067731E+01 5.485086E+01 2.000000E+01
    endloop
  endfacet
  facet normal 0.000000E+00 0.000000E+00 1.000000E+00
    outer loop
      vertex 8.011644E+01 5.421778E+01 2.000000E+01
      vertex 7.808717E+01 5.471795E+01 2.000000E+01
      vertex 8.009000E+01 5.400000E+01 2.000000E+01
    endloop
  endfacet
  facet normal 0.000000E+00 0.000000E+00 1.000000E+00
    outer loop
      vertex 8.400000E+01 5.400000E+01 2.000000E+01
      vertex 8.188356E+01 5.421778E+01 2.000000E+01
      vertex 8.191000E+01 5.400000E+01 2.000000E+01
    endloop
  endfacet
  facet normal 0.000000E+00 0.000000E+00 1.000000E+00
    outer loop
      vertex 8.126756E+01 5.313022E+01 2.000000E+01
      vertex 8.136161E+01 5.102187E+01 2.000000E+01
      vertex 8.206381E+01 5.119495E+01 2.000000E+01
    endloop
  endfacet
  facet normal 0.000000E+00 0.000000E+00 1.000000E+00
    outer loop
      vertex 8.400000E+01 5.400000E+01 2.000000E+01
      vertex 8.191000E+01 5.400000E+01 2.000000E+01
      vertex 8.189354E+01 5.382772E+01 2.000000E+01
    endloop
  endfacet
  facet normal 0.000000E+00 0.000000E+00 1.000000E+00
    outer loop
      vertex 8.126756E+01 5.313022E+01 2.000000E+01
      vertex 8.105890E+01 5.309191E+01 2.000000E+01
      vertex 8.136161E+01 5.102187E+01 2.000000E+01
    endloop
  endfacet
  facet normal 0.000000E+00 0.000000E+00 1.000000E+00
    outer loop
      vertex 8.400000E+01 5.400000E+01 2.000000E+01
      vertex 8.189354E+01 5.382772E+01 2.000000E+01
      vertex 8.391283E+01 5.328205E+01 2.000000E+01
    endloop
  endfacet
  facet normal 0.000000E+00 0.000000E+00 1.000000E+00
    outer loop
      vertex 8.136161E+01 5.697813E+01 2.000000E+01
      vertex 8.110969E+01 5.490337E+01 2.000000E+01
      vertex 8.132269E+01 5.485086E+01 2.000000E+01
    endloop
  endfacet
  facet normal 0.000000E+00 0.000000E+00 1.000000E+00
    outer loop
      vertex 8.019424E+01 5.442290E+01 2.000000E+01
      vertex 7.834364E+01 5.539417E+01 2.000000E+01
      vertex 7.808717E+01 5.471795E+01 2.000000E+01
    endloop
  endfacet
  facet normal 0.000000E+00 0.000000E+00 1.000000E+00
    outer loop
      vertex 8.019424E+01 5.442290E+01 2.000000E+01
      vertex 7.808717E+01 5.471795E+01 2.000000E+01
      vertex 8.011644E+01 5.421778E+01 2.000000E+01
    endloop
  endfacet
  facet normal 0.000000E+00 0.000000E+00 1.000000E+00
    outer loop
      vertex 8.136161E+01 5.697813E+01 2.000000E+01
      vertex 8.063839E+01 5.697813E+01 2.000000E+01
      vertex 8.110969E+01 5.490337E+01 2.000000E+01
    endloop
  endfacet
  facet normal 0.000000E+00 0.000000E+00 1.000000E+00
    outer loop
      vertex 8.146167E+01 5.321581E+01 2.000000E+01
      vertex 8.206381E+01 5.119495E+01 2.000000E+01
      vertex 8.270419E+01 5.153105E+01 2.000000E+01
    endloop
  endfacet
  facet normal 0.000000E+00 0.000000E+00 1.000000E+00
    outer loop
      vertex 8.391283E+01 5.471795E+01 2.000000E+01
      vertex 8.188356E+01 5.421778E+01 2.000000E+01
      vertex 8.400000E+01 5.400000E+01 2.000000E+01
    endloop
  endfacet
  facet normal 0.000000E+00 0.000000E+00 1.000000E+00
    outer loop
      vertex 8.146167E+01 5.321581E+01 2.000000E+01
      vertex 8.126756E+01 5.313022E+01 2.000000E+01
      vertex 8.206381E+01 5.119495E+01 2.000000E+01
    endloop
  endfacet
  facet normal 0.000000E+00 0.000000E+00 1.000000E+00
    outer loop
      vertex 8.206381E+01 5.680505E+01 2.000000E+01
      vertex 8.136161E+01 5.697813E+01 2.000000E+01
      vertex 8.132269E+01 5.485086E+01 2.000000E+01
    endloop
  endfacet
  facet normal 0.000000E+00 0.000000E+00 1.000000E+00
    outer loop
      vertex 8.031886E+01 5.460344E+01 2.000000E+01
      vertex 7.875447E+01 5.598937E+01 2.000000E+01
      vertex 7.834364E+01 5.539417E+01 2.000000E+01
    endloop
  endfacet
  facet normal 0.000000E+00 0.000000E+00 1.000000E+00
    outer loop
      vertex 8.365636E+01 5.539417E+01 2.000000E+01
      vertex 8.188356E+01 5.421778E+01 2.000000E+01
      vertex 8.391283E+01 5.471795E+01 2.000000E+01
    endloop
  endfacet
  facet normal 0.000000E+00 0.000000E+00 1.000000E+00
    outer loop
      vertex 8.031886E+01 5.460344E+01 2.000000E+01
      vertex 7.834364E+01 5.539417E+01 2.000000E+01
      vertex 8.019424E+01 5.442290E+01 2.000000E+01
    endloop
  endfacet
  facet normal 0.000000E+00 0.000000E+00 1.000000E+00
    outer loop
      vertex 8.365636E+01 5.539417E+01 2.000000E+01
      vertex 8.168114E+01 5.460344E+01 2.000000E+01
      vertex 8.180576E+01 5.442290E+01 2.000000E+01
    endloop
  endfacet
  facet normal 0.000000E+00 0.000000E+00 1.000000E+00
    outer loop
      vertex 8.365636E+01 5.539417E+01 2.000000E+01
      vertex 8.180576E+01 5.442290E+01 2.000000E+01
      vertex 8.188356E+01 5.421778E+01 2.000000E+01
    endloop
  endfacet
  facet normal 0.000000E+00 0.000000E+00 1.000000E+00
    outer loop
      vertex 8.163069E+01 5.334400E+01 2.000000E+01
      vertex 8.146167E+01 5.321581E+01 2.000000E+01
      vertex 8.270419E+01 5.153105E+01 2.000000E+01
    endloop
  endfacet
  facet normal 0.000000E+00 0.000000E+00 1.000000E+00
    outer loop
      vertex 8.270419E+01 5.646895E+01 2.000000E+01
      vertex 8.132269E+01 5.485086E+01 2.000000E+01
      vertex 8.151694E+01 5.474892E+01 2.000000E+01
    endloop
  endfacet
  facet normal 0.000000E+00 0.000000E+00 1.000000E+00
    outer loop
      vertex 8.270419E+01 5.646895E+01 2.000000E+01
      vertex 8.206381E+01 5.680505E+01 2.000000E+01
      vertex 8.132269E+01 5.485086E+01 2.000000E+01
    endloop
  endfacet
  facet normal 0.000000E+00 0.000000E+00 1.000000E+00
    outer loop
      vertex 8.324553E+01 5.598937E+01 2.000000E+01
      vertex 8.151694E+01 5.474892E+01 2.000000E+01
      vertex 8.168114E+01 5.460344E+01 2.000000E+01
    endloop
  endfacet
  facet normal 0.000000E+00 0.000000E+00 1.000000E+00
    outer loop
      vertex 8.324553E+01 5.598937E+01 2.000000E+01
      vertex 8.270419E+01 5.646895E+01 2.000000E+01
      vertex 8.151694E+01 5.474892E+01 2.000000E+01
    endloop
  endfacet
  facet normal 0.000000E+00 0.000000E+00 1.000000E+00
    outer loop
      vertex 8.324553E+01 5.598937E+01 2.000000E+01
      vertex 8.168114E+01 5.460344E+01 2.000000E+01
      vertex 8.365636E+01 5.539417E+01 2.000000E+01
    endloop
  endfacet
  facet normal 0.000000E+00 0.000000E+00 1.000000E+00
    outer loop
      vertex 8.324553E+01 5.201063E+01 2.000000E+01
      vertex 8.163069E+01 5.334400E+01 2.000000E+01
      vertex 8.270419E+01 5.153105E+01 2.000000E+01
    endloop
  endfacet
  facet normal 0.000000E+00 0.000000E+00 1.000000E+00
    outer loop
      vertex 4.470419E+01 1.846895E+01 2.000000E+01
      vertex 4.406382E+01 1.880505E+01 2.000000E+01
      vertex 4.332269E+01 1.685086E+01 2.000000E+01
    endloop
  endfacet
  facet normal 0.000000E+00 0.000000E+00 1.000000E+00
    outer loop
      vertex 4.524553E+01 1.798937E+01 2.000000E+01
      vertex 4.351694E+01 1.674891E+01 2.000000E+01
      vertex 4.368114E+01 1.660344E+01 2.000000E+01
    endloop
  endfacet
  facet normal 0.000000E+00 0.000000E+00 1.000000E+00
    outer loop
      vertex 4.524553E+01 1.798937E+01 2.000000E+01
      vertex 4.368114E+01 1.660344E+01 2.000000E+01
      vertex 4.565637E+01 1.739417E+01 2.000000E+01
    endloop
  endfacet
  facet normal 0.000000E+00 0.000000E+00 1.000000E+00
    outer loop
      vertex 4.524553E+01 1.798937E+01 2.000000E+01
      vertex 4.470419E+01 1.846895E+01 2.000000E+01
      vertex 4.351694E+01 1.674891E+01 2.000000E+01
    endloop
  endfacet
  facet normal 0.000000E+00 0.000000E+00 1.000000E+00
    outer loop
      vertex 4.524553E+01 1.401063E+01 2.000000E+01
      vertex 4.369183E+01 1.540884E+01 2.000000E+01
      vertex 4.352893E+01 1.525950E+01 2.000000E+01
    endloop
  endfacet
  facet normal 0.000000E+00 0.000000E+00 1.000000E+00
    outer loop
      vertex 4.524553E+01 1.401063E+01 2.000000E+01
      vertex 4.352893E+01 1.525950E+01 2.000000E+01
      vertex 4.470419E+01 1.353105E+01 2.000000E+01
    endloop
  endfacet
  facet normal 0.000000E+00 0.000000E+00 1.000000E+00
    outer loop
      vertex 4.129581E+01 1.846895E+01 2.000000E+01
      vertex 4.075447E+01 1.798937E+01 2.000000E+01
      vertex 4.231886E+01 1.660344E+01 2.000000E+01
    endloop
  endfacet
  facet normal 0.000000E+00 0.000000E+00 1.000000E+00
    outer loop
      vertex 4.129581E+01 1.846895E+01 2.000000E+01
      vertex 4.231886E+01 1.660344E+01 2.000000E+01
      vertex 4.248306E+01 1.674891E+01 2.000000E+01
    endloop
  endfacet
  facet normal 0.000000E+00 0.000000E+00 1.000000E+00
    outer loop
      vertex 4.232210E+01 1.539291E+01 2.000000E+01
      vertex 4.075447E+01 1.401063E+01 2.000000E+01
      vertex 4.129581E+01 1.353105E+01 2.000000E+01
    endloop
  endfacet
  facet normal 0.000000E+00 0.000000E+00 1.000000E+00
    outer loop
      vertex 4.248843E+01 1.524741E+01 2.000000E+01
      vertex 4.129581E+01 1.353105E+01 2.000000E+01
      vertex 4.193618E+01 1.319495E+01 2.000000E+01
    endloop
  endfacet
  facet normal 0.000000E+00 0.000000E+00 1.000000E+00
    outer loop
      vertex 4.248843E+01 1.524741E+01 2.000000E+01
      vertex 4.232210E+01 1.539291E+01 2.000000E+01
      vertex 4.129581E+01 1.353105E+01 2.000000E+01
    endloop
  endfacet
  facet normal 0.000000E+00 0.000000E+00 1.000000E+00
    outer loop
      vertex 4.219575E+01 1.557422E+01 2.000000E+01
      vertex 4.034363E+01 1.460583E+01 2.000000E+01
      vertex 4.075447E+01 1.401063E+01 2.000000E+01
    endloop
  endfacet
  facet normal 0.000000E+00 0.000000E+00 1.000000E+00
    outer loop
      vertex 4.219575E+01 1.557422E+01 2.000000E+01
      vertex 4.075447E+01 1.401063E+01 2.000000E+01
      vertex 4.232210E+01 1.539291E+01 2.000000E+01
    endloop
  endfacet
  facet normal 0.000000E+00 0.000000E+00 1.000000E+00
    outer loop
      vertex 4.268493E+01 1.514628E+01 2.000000E+01
      vertex 4.193618E+01 1.319495E+01 2.000000E+01
      vertex 4.263839E+01 1.302187E+01 2.000000E+01
    endloop
  endfacet
  facet normal 0.000000E+00 0.000000E+00 1.000000E+00
    outer loop
      vertex 4.268493E+01 1.514628E+01 2.000000E+01
      vertex 4.248843E+01 1.524741E+01 2.000000E+01
      vertex 4.193618E+01 1.319495E+01 2.000000E+01
    endloop
  endfacet
  facet normal 0.000000E+00 0.000000E+00 1.000000E+00
    outer loop
      vertex 4.211683E+01 1.578064E+01 2.000000E+01
      vertex 4.008717E+01 1.528205E+01 2.000000E+01
      vertex 4.034363E+01 1.460583E+01 2.000000E+01
    endloop
  endfacet
  facet normal 0.000000E+00 0.000000E+00 1.000000E+00
    outer loop
      vertex 4.211683E+01 1.578064E+01 2.000000E+01
      vertex 4.034363E+01 1.460583E+01 2.000000E+01
      vertex 4.219575E+01 1.557422E+01 2.000000E+01
    endloop
  endfacet
  facet normal 0.000000E+00 0.000000E+00 1.000000E+00
    outer loop
      vertex 4.565637E+01 1.460583E+01 2.000000E+01
      vertex 4.381393E+01 1.559304E+01 2.000000E+01
      vertex 4.369183E+01 1.540884E+01 2.000000E+01
    endloop
  endfacet
  facet normal 0.000000E+00 0.000000E+00 1.000000E+00
    outer loop
      vertex 4.290001E+01 1.509551E+01 2.000000E+01
      vertex 4.263839E+01 1.302187E+01 2.000000E+01
      vertex 4.336161E+01 1.302187E+01 2.000000E+01
    endloop
  endfacet
  facet normal 0.000000E+00 0.000000E+00 1.000000E+00
    outer loop
      vertex 4.565637E+01 1.460583E+01 2.000000E+01
      vertex 4.386687E+01 1.572318E+01 2.000000E+01
      vertex 4.381393E+01 1.559304E+01 2.000000E+01
    endloop
  endfacet
  facet normal 0.000000E+00 0.000000E+00 1.000000E+00
    outer loop
      vertex 4.290001E+01 1.509551E+01 2.000000E+01
      vertex 4.268493E+01 1.514628E+01 2.000000E+01
      vertex 4.263839E+01 1.302187E+01 2.000000E+01
    endloop
  endfacet
  facet normal 0.000000E+00 0.000000E+00 1.000000E+00
    outer loop
      vertex 4.565637E+01 1.460583E+01 2.000000E+01
      vertex 4.369183E+01 1.540884E+01 2.000000E+01
      vertex 4.524553E+01 1.401063E+01 2.000000E+01
    endloop
  endfacet
  facet normal 0.000000E+00 0.000000E+00 1.000000E+00
    outer loop
      vertex 4.209000E+01 1.600000E+01 2.000000E+01
      vertex 4.000000E+01 1.600000E+01 2.000000E+01
      vertex 4.008717E+01 1.528205E+01 2.000000E+01
    endloop
  endfacet
  facet normal 0.000000E+00 0.000000E+00 1.000000E+00
    outer loop
      vertex 4.209000E+01 1.600000E+01 2.000000E+01
      vertex 4.008717E+01 1.528205E+01 2.000000E+01
      vertex 4.211683E+01 1.578064E+01 2.000000E+01
    endloop
  endfacet
  facet normal 0.000000E+00 0.000000E+00 1.000000E+00
    outer loop
      vertex 4.312099E+01 1.509808E+01 2.000000E+01
      vertex 4.336161E+01 1.302187E+01 2.000000E+01
      vertex 4.406382E+01 1.319495E+01 2.000000E+01
    endloop
  endfacet
  facet normal 0.000000E+00 0.000000E+00 1.000000E+00
    outer loop
      vertex 4.193618E+01 1.880505E+01 2.000000E+01
      vertex 4.248306E+01 1.674891E+01 2.000000E+01
      vertex 4.267731E+01 1.685086E+01 2.000000E+01
    endloop
  endfacet
  facet normal 0.000000E+00 0.000000E+00 1.000000E+00
    outer loop
      vertex 4.312099E+01 1.509808E+01 2.000000E+01
      vertex 4.290001E+01 1.509551E+01 2.000000E+01
      vertex 4.336161E+01 1.302187E+01 2.000000E+01
    endloop
  endfacet
  facet normal 0.000000E+00 0.000000E+00 1.000000E+00
    outer loop
      vertex 4.193618E+01 1.880505E+01 2.000000E+01
      vertex 4.129581E+01 1.846895E+01 2.000000E+01
      vertex 4.248306E+01 1.674891E+01 2.000000E+01
    endloop
  endfacet
  facet normal 0.000000E+00 0.000000E+00 1.000000E+00
    outer loop
      vertex 4.211644E+01 1.621778E+01 2.000000E+01
      vertex 4.008717E+01 1.671795E+01 2.000000E+01
      vertex 4.000000E+01 1.600000E+01 2.000000E+01
    endloop
  endfacet
  facet normal 0.000000E+00 0.000000E+00 1.000000E+00
    outer loop
      vertex 4.591283E+01 1.528205E+01 2.000000E+01
      vertex 4.389915E+01 1.585992E+01 2.000000E+01
      vertex 4.386687E+01 1.572318E+01 2.000000E+01
    endloop
  endfacet
  facet normal 0.000000E+00 0.000000E+00 1.000000E+00
    outer loop
      vertex 4.591283E+01 1.528205E+01 2.000000E+01
      vertex 4.386687E+01 1.572318E+01 2.000000E+01
      vertex 4.565637E+01 1.460583E+01 2.000000E+01
    endloop
  endfacet
  facet normal 0.000000E+00 0.000000E+00 1.000000E+00
    outer loop
      vertex 4.211644E+01 1.621778E+01 2.000000E+01
      vertex 4.000000E+01 1.600000E+01 2.000000E+01
      vertex 4.209000E+01 1.600000E+01 2.000000E+01
    endloop
  endfacet
  facet normal 0.000000E+00 0.000000E+00 1.000000E+00
    outer loop
      vertex 4.263839E+01 1.897813E+01 2.000000E+01
      vertex 4.267731E+01 1.685086E+01 2.000000E+01
      vertex 4.289031E+01 1.690336E+01 2.000000E+01
    endloop
  endfacet
  facet normal 0.000000E+00 0.000000E+00 1.000000E+00
    outer loop
      vertex 4.263839E+01 1.897813E+01 2.000000E+01
      vertex 4.289031E+01 1.690336E+01 2.000000E+01
      vertex 4.310969E+01 1.690336E+01 2.000000E+01
    endloop
  endfacet
  facet normal 0.000000E+00 0.000000E+00 1.000000E+00
    outer loop
      vertex 4.333483E+01 1.515384E+01 2.000000E+01
      vertex 4.406382E+01 1.319495E+01 2.000000E+01
      vertex 4.470419E+01 1.353105E+01 2.000000E+01
    endloop
  endfacet
  facet normal 0.000000E+00 0.000000E+00 1.000000E+00
    outer loop
      vertex 4.263839E+01 1.897813E+01 2.000000E+01
      vertex 4.193618E+01 1.880505E+01 2.000000E+01
      vertex 4.267731E+01 1.685086E+01 2.000000E+01
    endloop
  endfacet
  facet normal 0.000000E+00 0.000000E+00 1.000000E+00
    outer loop
      vertex 4.333483E+01 1.515384E+01 2.000000E+01
      vertex 4.312099E+01 1.509808E+01 2.000000E+01
      vertex 4.406382E+01 1.319495E+01 2.000000E+01
    endloop
  endfacet
  facet normal 0.000000E+00 0.000000E+00 1.000000E+00
    outer loop
      vertex 4.600000E+01 1.600000E+01 2.000000E+01
      vertex 4.388356E+01 1.621778E+01 2.000000E+01
      vertex 4.391000E+01 1.600000E+01 2.000000E+01
    endloop
  endfacet
  facet normal 0.000000E+00 0.000000E+00 1.000000E+00
    outer loop
      vertex 4.219424E+01 1.642290E+01 2.000000E+01
      vertex 4.034363E+01 1.739417E+01 2.000000E+01
      vertex 4.008717E+01 1.671795E+01 2.000000E+01
    endloop
  endfacet
  facet normal 0.000000E+00 0.000000E+00 1.000000E+00
    outer loop
      vertex 4.600000E+01 1.600000E+01 2.000000E+01
      vertex 4.391000E+01 1.600000E+01 2.000000E+01
      vertex 4.389915E+01 1.585992E+01 2.000000E+01
    endloop
  endfacet
  facet normal 0.000000E+00 0.000000E+00 1.000000E+00
    outer loop
      vertex 4.600000E+01 1.600000E+01 2.000000E+01
      vertex 4.389915E+01 1.585992E+01 2.000000E+01
      vertex 4.591283E+01 1.528205E+01 2.000000E+01
    endloop
  endfacet
  facet normal 0.000000E+00 0.000000E+00 1.000000E+00
    outer loop
      vertex 4.219424E+01 1.642290E+01 2.000000E+01
      vertex 4.008717E+01 1.671795E+01 2.000000E+01
      vertex 4.211644E+01 1.621778E+01 2.000000E+01
    endloop
  endfacet
  facet normal 0.000000E+00 0.000000E+00 1.000000E+00
    outer loop
      vertex 4.336161E+01 1.897813E+01 2.000000E+01
      vertex 4.310969E+01 1.690336E+01 2.000000E+01
      vertex 4.332269E+01 1.685086E+01 2.000000E+01
    endloop
  endfacet
  facet normal 0.000000E+00 0.000000E+00 1.000000E+00
    outer loop
      vertex 4.336161E+01 1.897813E+01 2.000000E+01
      vertex 4.263839E+01 1.897813E+01 2.000000E+01
      vertex 4.310969E+01 1.690336E+01 2.000000E+01
    endloop
  endfacet
  facet normal 0.000000E+00 0.000000E+00 1.000000E+00
    outer loop
      vertex 4.591283E+01 1.671795E+01 2.000000E+01
      vertex 4.388356E+01 1.621778E+01 2.000000E+01
      vertex 4.600000E+01 1.600000E+01 2.000000E+01
    endloop
  endfacet
  facet normal 0.000000E+00 0.000000E+00 1.000000E+00
    outer loop
      vertex 4.352893E+01 1.525950E+01 2.000000E+01
      vertex 4.333483E+01 1.515384E+01 2.000000E+01
      vertex 4.470419E+01 1.353105E+01 2.000000E+01
    endloop
  endfacet
  facet normal 0.000000E+00 0.000000E+00 1.000000E+00
    outer loop
      vertex 4.231886E+01 1.660344E+01 2.000000E+01
      vertex 4.034363E+01 1.739417E+01 2.000000E+01
      vertex 4.219424E+01 1.642290E+01 2.000000E+01
    endloop
  endfacet
  facet normal 0.000000E+00 0.000000E+00 1.000000E+00
    outer loop
      vertex 4.406382E+01 1.880505E+01 2.000000E+01
      vertex 4.336161E+01 1.897813E+01 2.000000E+01
      vertex 4.332269E+01 1.685086E+01 2.000000E+01
    endloop
  endfacet
  facet normal 0.000000E+00 0.000000E+00 1.000000E+00
    outer loop
      vertex 4.231886E+01 1.660344E+01 2.000000E+01
      vertex 4.075447E+01 1.798937E+01 2.000000E+01
      vertex 4.034363E+01 1.739417E+01 2.000000E+01
    endloop
  endfacet
  facet normal 0.000000E+00 0.000000E+00 1.000000E+00
    outer loop
      vertex 4.565637E+01 1.739417E+01 2.000000E+01
      vertex 4.368114E+01 1.660344E+01 2.000000E+01
      vertex 4.380576E+01 1.642290E+01 2.000000E+01
    endloop
  endfacet
  facet normal 0.000000E+00 0.000000E+00 1.000000E+00
    outer loop
      vertex 4.565637E+01 1.739417E+01 2.000000E+01
      vertex 4.380576E+01 1.642290E+01 2.000000E+01
      vertex 4.388356E+01 1.621778E+01 2.000000E+01
    endloop
  endfacet
  facet normal 0.000000E+00 0.000000E+00 1.000000E+00
    outer loop
      vertex 4.565637E+01 1.739417E+01 2.000000E+01
      vertex 4.388356E+01 1.621778E+01 2.000000E+01
      vertex 4.591283E+01 1.671795E+01 2.000000E+01
    endloop
  endfacet
  facet normal 0.000000E+00 0.000000E+00 1.000000E+00
    outer loop
      vertex 4.470419E+01 1.846895E+01 2.000000E+01
      vertex 4.332269E+01 1.685086E+01 2.000000E+01
      vertex 4.351694E+01 1.674891E+01 2.000000E+01
    endloop
  endfacet
  facet normal 0.000000E+00 0.000000E+00 1.000000E+00
    outer loop
      vertex 7.929581E+01 1.846895E+01 2.000000E+01
      vertex 7.875447E+01 1.798937E+01 2.000000E+01
      vertex 8.031886E+01 1.660344E+01 2.000000E+01
    endloop
  endfacet
  facet normal 0.000000E+00 0.000000E+00 1.000000E+00
    outer loop
      vertex 7.929581E+01 1.846895E+01 2.000000E+01
      vertex 8.031886E+01 1.660344E+01 2.000000E+01
      vertex 8.048306E+01 1.674891E+01 2.000000E+01
    endloop
  endfacet
  facet normal 0.000000E+00 0.000000E+00 1.000000E+00
    outer loop
      vertex 8.032565E+01 1.538898E+01 2.000000E+01
      vertex 7.875447E+01 1.401063E+01 2.000000E+01
      vertex 7.929581E+01 1.353105E+01 2.000000E+01
    endloop
  endfacet
  facet normal 0.000000E+00 0.000000E+00 1.000000E+00
    outer loop
      vertex 8.049429E+01 1.524346E+01 2.000000E+01
      vertex 7.929581E+01 1.353105E+01 2.000000E+01
      vertex 7.993619E+01 1.319495E+01 2.000000E+01
    endloop
  endfacet
  facet normal 0.000000E+00 0.000000E+00 1.000000E+00
    outer loop
      vertex 8.049429E+01 1.524346E+01 2.000000E+01
      vertex 8.032565E+01 1.538898E+01 2.000000E+01
      vertex 7.929581E+01 1.353105E+01 2.000000E+01
    endloop
  endfacet
  facet normal 0.000000E+00 0.000000E+00 1.000000E+00
    outer loop
      vertex 8.365636E+01 1.460583E+01 2.000000E+01
      vertex 8.181602E+01 1.559726E+01 2.000000E+01
      vertex 8.170316E+01 1.542237E+01 2.000000E+01
    endloop
  endfacet
  facet normal 0.000000E+00 0.000000E+00 1.000000E+00
    outer loop
      vertex 8.365636E+01 1.460583E+01 2.000000E+01
      vertex 8.170316E+01 1.542237E+01 2.000000E+01
      vertex 8.324553E+01 1.401063E+01 2.000000E+01
    endloop
  endfacet
  facet normal 0.000000E+00 0.000000E+00 1.000000E+00
    outer loop
      vertex 8.019741E+01 1.557111E+01 2.000000E+01
      vertex 7.834364E+01 1.460583E+01 2.000000E+01
      vertex 7.875447E+01 1.401063E+01 2.000000E+01
    endloop
  endfacet
  facet normal 0.000000E+00 0.000000E+00 1.000000E+00
    outer loop
      vertex 8.019741E+01 1.557111E+01 2.000000E+01
      vertex 7.875447E+01 1.401063E+01 2.000000E+01
      vertex 8.032565E+01 1.538898E+01 2.000000E+01
    endloop
  endfacet
  facet normal 0.000000E+00 0.000000E+00 1.000000E+00
    outer loop
      vertex 8.069322E+01 1.514327E+01 2.000000E+01
      vertex 7.993619E+01 1.319495E+01 2.000000E+01
      vertex 8.063839E+01 1.302187E+01 2.000000E+01
    endloop
  endfacet
  facet normal 0.000000E+00 0.000000E+00 1.000000E+00
    outer loop
      vertex 8.069322E+01 1.514327E+01 2.000000E+01
      vertex 8.049429E+01 1.524346E+01 2.000000E+01
      vertex 7.993619E+01 1.319495E+01 2.000000E+01
    endloop
  endfacet
  facet normal 0.000000E+00 0.000000E+00 1.000000E+00
    outer loop
      vertex 7.993619E+01 1.880505E+01 2.000000E+01
      vertex 8.048306E+01 1.674891E+01 2.000000E+01
      vertex 8.067731E+01 1.685086E+01 2.000000E+01
    endloop
  endfacet
  facet normal 0.000000E+00 0.000000E+00 1.000000E+00
    outer loop
      vertex 8.011726E+01 1.577893E+01 2.000000E+01
      vertex 7.808717E+01 1.528205E+01 2.000000E+01
      vertex 7.834364E+01 1.460583E+01 2.000000E+01
    endloop
  endfacet
  facet normal 0.000000E+00 0.000000E+00 1.000000E+00
    outer loop
      vertex 8.011726E+01 1.577893E+01 2.000000E+01
      vertex 7.834364E+01 1.460583E+01 2.000000E+01
      vertex 8.019741E+01 1.557111E+01 2.000000E+01
    endloop
  endfacet
  facet normal 0.000000E+00 0.000000E+00 1.000000E+00
    outer loop
      vertex 7.993619E+01 1.880505E+01 2.000000E+01
      vertex 7.929581E+01 1.846895E+01 2.000000E+01
      vertex 8.048306E+01 1.674891E+01 2.000000E+01
    endloop
  endfacet
  facet normal 0.000000E+00 0.000000E+00 1.000000E+00
    outer loop
      vertex 8.391283E+01 1.528205E+01 2.000000E+01
      vertex 8.181602E+01 1.559726E+01 2.000000E+01
      vertex 8.365636E+01 1.460583E+01 2.000000E+01
    endloop
  endfacet
  facet normal 0.000000E+00 0.000000E+00 1.000000E+00
    outer loop
      vertex 8.091055E+01 1.509441E+01 2.000000E+01
      vertex 8.063839E+01 1.302187E+01 2.000000E+01
      vertex 8.136161E+01 1.302187E+01 2.000000E+01
    endloop
  endfacet
  facet normal 0.000000E+00 0.000000E+00 1.000000E+00
    outer loop
      vertex 8.091055E+01 1.509441E+01 2.000000E+01
      vertex 8.069322E+01 1.514327E+01 2.000000E+01
      vertex 8.063839E+01 1.302187E+01 2.000000E+01
    endloop
  endfacet
  facet normal 0.000000E+00 0.000000E+00 1.000000E+00
    outer loop
      vertex 8.391283E+01 1.528205E+01 2.000000E+01
      vertex 8.188619E+01 1.579322E+01 2.000000E+01
      vertex 8.181602E+01 1.559726E+01 2.000000E+01
    endloop
  endfacet
  facet normal 0.000000E+00 0.000000E+00 1.000000E+00
    outer loop
      vertex 8.063839E+01 1.897813E+01 2.000000E+01
      vertex 8.067731E+01 1.685086E+01 2.000000E+01
      vertex 8.089031E+01 1.690336E+01 2.000000E+01
    endloop
  endfacet
  facet normal 0.000000E+00 0.000000E+00 1.000000E+00
    outer loop
      vertex 8.063839E+01 1.897813E+01 2.000000E+01
      vertex 8.089031E+01 1.690336E+01 2.000000E+01
      vertex 8.110969E+01 1.690336E+01 2.000000E+01
    endloop
  endfacet
  facet normal 0.000000E+00 0.000000E+00 1.000000E+00
    outer loop
      vertex 8.009000E+01 1.600000E+01 2.000000E+01
      vertex 7.800000E+01 1.600000E+01 2.000000E+01
      vertex 7.808717E+01 1.528205E+01 2.000000E+01
    endloop
  endfacet
  facet normal 0.000000E+00 0.000000E+00 1.000000E+00
    outer loop
      vertex 8.009000E+01 1.600000E+01 2.000000E+01
      vertex 7.808717E+01 1.528205E+01 2.000000E+01
      vertex 8.011726E+01 1.577893E+01 2.000000E+01
    endloop
  endfacet
  facet normal 0.000000E+00 0.000000E+00 1.000000E+00
    outer loop
      vertex 8.063839E+01 1.897813E+01 2.000000E+01
      vertex 7.993619E+01 1.880505E+01 2.000000E+01
      vertex 8.067731E+01 1.685086E+01 2.000000E+01
    endloop
  endfacet
  facet normal 0.000000E+00 0.000000E+00 1.000000E+00
    outer loop
      vertex 8.113322E+01 1.509980E+01 2.000000E+01
      vertex 8.136161E+01 1.302187E+01 2.000000E+01
      vertex 8.206381E+01 1.319495E+01 2.000000E+01
    endloop
  endfacet
  facet normal 0.000000E+00 0.000000E+00 1.000000E+00
    outer loop
      vertex 8.113322E+01 1.509980E+01 2.000000E+01
      vertex 8.091055E+01 1.509441E+01 2.000000E+01
      vertex 8.136161E+01 1.302187E+01 2.000000E+01
    endloop
  endfacet
  facet normal 0.000000E+00 0.000000E+00 1.000000E+00
    outer loop
      vertex 8.400000E+01 1.600000E+01 2.000000E+01
      vertex 8.188356E+01 1.621778E+01 2.000000E+01
      vertex 8.191000E+01 1.600000E+01 2.000000E+01
    endloop
  endfacet
  facet normal 0.000000E+00 0.000000E+00 1.000000E+00
    outer loop
      vertex 8.400000E+01 1.600000E+01 2.000000E+01
      vertex 8.191000E+01 1.600000E+01 2.000000E+01
      vertex 8.188619E+01 1.579322E+01 2.000000E+01
    endloop
  endfacet
  facet normal 0.000000E+00 0.000000E+00 1.000000E+00
    outer loop
      vertex 8.400000E+01 1.600000E+01 2.000000E+01
      vertex 8.188619E+01 1.579322E+01 2.000000E+01
      vertex 8.391283E+01 1.528205E+01 2.000000E+01
    endloop
  endfacet
  facet normal 0.000000E+00 0.000000E+00 1.000000E+00
    outer loop
      vertex 8.136161E+01 1.897813E+01 2.000000E+01
      vertex 8.110969E+01 1.690336E+01 2.000000E+01
      vertex 8.132269E+01 1.685086E+01 2.000000E+01
    endloop
  endfacet
  facet normal 0.000000E+00 0.000000E+00 1.000000E+00
    outer loop
      vertex 8.011644E+01 1.621778E+01 2.000000E+01
      vertex 7.808717E+01 1.671795E+01 2.000000E+01
      vertex 7.800000E+01 1.600000E+01 2.000000E+01
    endloop
  endfacet
  facet normal 0.000000E+00 0.000000E+00 1.000000E+00
    outer loop
      vertex 8.136161E+01 1.897813E+01 2.000000E+01
      vertex 8.063839E+01 1.897813E+01 2.000000E+01
      vertex 8.110969E+01 1.690336E+01 2.000000E+01
    endloop
  endfacet
  facet normal 0.000000E+00 0.000000E+00 1.000000E+00
    outer loop
      vertex 8.011644E+01 1.621778E+01 2.000000E+01
      vertex 7.800000E+01 1.600000E+01 2.000000E+01
      vertex 8.009000E+01 1.600000E+01 2.000000E+01
    endloop
  endfacet
  facet normal 0.000000E+00 0.000000E+00 1.000000E+00
    outer loop
      vertex 8.134792E+01 1.515914E+01 2.000000E+01
      vertex 8.206381E+01 1.319495E+01 2.000000E+01
      vertex 8.270419E+01 1.353105E+01 2.000000E+01
    endloop
  endfacet
  facet normal 0.000000E+00 0.000000E+00 1.000000E+00
    outer loop
      vertex 8.134792E+01 1.515914E+01 2.000000E+01
      vertex 8.113322E+01 1.509980E+01 2.000000E+01
      vertex 8.206381E+01 1.319495E+01 2.000000E+01
    endloop
  endfacet
  facet normal 0.000000E+00 0.000000E+00 1.000000E+00
    outer loop
      vertex 8.391283E+01 1.671795E+01 2.000000E+01
      vertex 8.188356E+01 1.621778E+01 2.000000E+01
      vertex 8.400000E+01 1.600000E+01 2.000000E+01
    endloop
  endfacet
  facet normal 0.000000E+00 0.000000E+00 1.000000E+00
    outer loop
      vertex 8.206381E+01 1.880505E+01 2.000000E+01
      vertex 8.136161E+01 1.897813E+01 2.000000E+01
      vertex 8.132269E+01 1.685086E+01 2.000000E+01
    endloop
  endfacet
  facet normal 0.000000E+00 0.000000E+00 1.000000E+00
    outer loop
      vertex 8.019424E+01 1.642290E+01 2.000000E+01
      vertex 7.834364E+01 1.739417E+01 2.000000E+01
      vertex 7.808717E+01 1.671795E+01 2.000000E+01
    endloop
  endfacet
  facet normal 0.000000E+00 0.000000E+00 1.000000E+00
    outer loop
      vertex 8.019424E+01 1.642290E+01 2.000000E+01
      vertex 7.808717E+01 1.671795E+01 2.000000E+01
      vertex 8.011644E+01 1.621778E+01 2.000000E+01
    endloop
  endfacet
  facet normal 0.000000E+00 0.000000E+00 1.000000E+00
    outer loop
      vertex 8.365636E+01 1.739417E+01 2.000000E+01
      vertex 8.168114E+01 1.660344E+01 2.000000E+01
      vertex 8.180576E+01 1.642290E+01 2.000000E+01
    endloop
  endfacet
  facet normal 0.000000E+00 0.000000E+00 1.000000E+00
    outer loop
      vertex 8.365636E+01 1.739417E+01 2.000000E+01
      vertex 8.180576E+01 1.642290E+01 2.000000E+01
      vertex 8.188356E+01 1.621778E+01 2.000000E+01
    endloop
  endfacet
  facet normal 0.000000E+00 0.000000E+00 1.000000E+00
    outer loop
      vertex 8.365636E+01 1.739417E+01 2.000000E+01
      vertex 8.188356E+01 1.621778E+01 2.000000E+01
      vertex 8.391283E+01 1.671795E+01 2.000000E+01
    endloop
  endfacet
  facet normal 0.000000E+00 0.000000E+00 1.000000E+00
    outer loop
      vertex 8.270419E+01 1.846895E+01 2.000000E+01
      vertex 8.132269E+01 1.685086E+01 2.000000E+01
      vertex 8.151694E+01 1.674891E+01 2.000000E+01
    endloop
  endfacet
  facet normal 0.000000E+00 0.000000E+00 1.000000E+00
    outer loop
      vertex 8.154177E+01 1.526885E+01 2.000000E+01
      vertex 8.134792E+01 1.515914E+01 2.000000E+01
      vertex 8.270419E+01 1.353105E+01 2.000000E+01
    endloop
  endfacet
  facet normal 0.000000E+00 0.000000E+00 1.000000E+00
    outer loop
      vertex 8.031886E+01 1.660344E+01 2.000000E+01
      vertex 7.834364E+01 1.739417E+01 2.000000E+01
      vertex 8.019424E+01 1.642290E+01 2.000000E+01
    endloop
  endfacet
  facet normal 0.000000E+00 0.000000E+00 1.000000E+00
    outer loop
      vertex 8.270419E+01 1.846895E+01 2.000000E+01
      vertex 8.206381E+01 1.880505E+01 2.000000E+01
      vertex 8.132269E+01 1.685086E+01 2.000000E+01
    endloop
  endfacet
  facet normal 0.000000E+00 0.000000E+00 1.000000E+00
    outer loop
      vertex 8.324553E+01 1.798937E+01 2.000000E+01
      vertex 8.151694E+01 1.674891E+01 2.000000E+01
      vertex 8.168114E+01 1.660344E+01 2.000000E+01
    endloop
  endfacet
  facet normal 0.000000E+00 0.000000E+00 1.000000E+00
    outer loop
      vertex 8.324553E+01 1.798937E+01 2.000000E+01
      vertex 8.168114E+01 1.660344E+01 2.000000E+01
      vertex 8.365636E+01 1.739417E+01 2.000000E+01
    endloop
  endfacet
  facet normal 0.000000E+00 0.000000E+00 1.000000E+00
    outer loop
      vertex 8.031886E+01 1.660344E+01 2.000000E+01
      vertex 7.875447E+01 1.798937E+01 2.000000E+01
      vertex 7.834364E+01 1.739417E+01 2.000000E+01
    endloop
  endfacet
  facet normal 0.000000E+00 0.000000E+00 1.000000E+00
    outer loop
      vertex 8.324553E+01 1.798937E+01 2.000000E+01
      vertex 8.270419E+01 1.846895E+01 2.000000E+01
      vertex 8.151694E+01 1.674891E+01 2.000000E+01
    endloop
  endfacet
  facet normal 0.000000E+00 0.000000E+00 1.000000E+00
    outer loop
      vertex 8.324553E+01 1.401063E+01 2.000000E+01
      vertex 8.170316E+01 1.542237E+01 2.000000E+01
      vertex 8.154177E+01 1.526885E+01 2.000000E+01
    endloop
  endfacet
  facet normal 0.000000E+00 0.000000E+00 1.000000E+00
    outer loop
      vertex 8.324553E+01 1.401063E+01 2.000000E+01
      vertex 8.154177E+01 1.526885E+01 2.000000E+01
      vertex 8.270419E+01 1.353105E+01 2.000000E+01
    endloop
  endfacet
  facet normal 0.000000E+00 0.000000E+00 1.000000E+00
    outer loop
      vertex 4.129581E+01 5.646895E+01 2.000000E+01
      vertex 4.231886E+01 5.460344E+01 2.000000E+01
      vertex 4.248306E+01 5.474892E+01 2.000000E+01
    endloop
  endfacet
  facet normal 0.000000E+00 0.000000E+00 1.000000E+00
    outer loop
      vertex 4.129581E+01 5.646895E+01 2.000000E+01
      vertex 4.075447E+01 5.598937E+01 2.000000E+01
      vertex 4.231886E+01 5.460344E+01 2.000000E+01
    endloop
  endfacet
  facet normal 0.000000E+00 0.000000E+00 1.000000E+00
    outer loop
      vertex 4.232999E+01 5.338422E+01 2.000000E+01
      vertex 4.075447E+01 5.201063E+01 2.000000E+01
      vertex 4.129581E+01 5.153105E+01 2.000000E+01
    endloop
  endfacet
  facet normal 0.000000E+00 0.000000E+00 1.000000E+00
    outer loop
      vertex 4.250145E+01 5.323872E+01 2.000000E+01
      vertex 4.129581E+01 5.153105E+01 2.000000E+01
      vertex 4.193618E+01 5.119495E+01 2.000000E+01
    endloop
  endfacet
  facet normal 0.000000E+00 0.000000E+00 1.000000E+00
    outer loop
      vertex 4.250145E+01 5.323872E+01 2.000000E+01
      vertex 4.232999E+01 5.338422E+01 2.000000E+01
      vertex 4.129581E+01 5.153105E+01 2.000000E+01
    endloop
  endfacet
  facet normal 0.000000E+00 0.000000E+00 1.000000E+00
    outer loop
      vertex 4.219944E+01 5.356732E+01 2.000000E+01
      vertex 4.034363E+01 5.260583E+01 2.000000E+01
      vertex 4.075447E+01 5.201063E+01 2.000000E+01
    endloop
  endfacet
  facet normal 0.000000E+00 0.000000E+00 1.000000E+00
    outer loop
      vertex 4.565637E+01 5.260583E+01 2.000000E+01
      vertex 4.382226E+01 5.361015E+01 2.000000E+01
      vertex 4.371660E+01 5.343913E+01 2.000000E+01
    endloop
  endfacet
  facet normal 0.000000E+00 0.000000E+00 1.000000E+00
    outer loop
      vertex 4.219944E+01 5.356732E+01 2.000000E+01
      vertex 4.075447E+01 5.201063E+01 2.000000E+01
      vertex 4.232999E+01 5.338422E+01 2.000000E+01
    endloop
  endfacet
  facet normal 0.000000E+00 0.000000E+00 1.000000E+00
    outer loop
      vertex 4.565637E+01 5.260583E+01 2.000000E+01
      vertex 4.371660E+01 5.343913E+01 2.000000E+01
      vertex 4.524553E+01 5.201063E+01 2.000000E+01
    endloop
  endfacet
  facet normal 0.000000E+00 0.000000E+00 1.000000E+00
    outer loop
      vertex 4.270336E+01 5.313971E+01 2.000000E+01
      vertex 4.193618E+01 5.119495E+01 2.000000E+01
      vertex 4.263839E+01 5.102187E+01 2.000000E+01
    endloop
  endfacet
  facet normal 0.000000E+00 0.000000E+00 1.000000E+00
    outer loop
      vertex 4.270336E+01 5.313971E+01 2.000000E+01
      vertex 4.250145E+01 5.323872E+01 2.000000E+01
      vertex 4.193618E+01 5.119495E+01 2.000000E+01
    endloop
  endfacet
  facet normal 0.000000E+00 0.000000E+00 1.000000E+00
    outer loop
      vertex 4.211779E+01 5.377685E+01 2.000000E+01
      vertex 4.008717E+01 5.328205E+01 2.000000E+01
      vertex 4.034363E+01 5.260583E+01 2.000000E+01
    endloop
  endfacet
  facet normal 0.000000E+00 0.000000E+00 1.000000E+00
    outer loop
      vertex 4.211779E+01 5.377685E+01 2.000000E+01
      vertex 4.034363E+01 5.260583E+01 2.000000E+01
      vertex 4.219944E+01 5.356732E+01 2.000000E+01
    endloop
  endfacet
  facet normal 0.000000E+00 0.000000E+00 1.000000E+00
    outer loop
      vertex 4.193618E+01 5.680505E+01 2.000000E+01
      vertex 4.248306E+01 5.474892E+01 2.000000E+01
      vertex 4.267731E+01 5.485086E+01 2.000000E+01
    endloop
  endfacet
  facet normal 0.000000E+00 0.000000E+00 1.000000E+00
    outer loop
      vertex 4.292338E+01 5.309323E+01 2.000000E+01
      vertex 4.263839E+01 5.102187E+01 2.000000E+01
      vertex 4.336161E+01 5.102187E+01 2.000000E+01
    endloop
  endfacet
  facet normal 0.000000E+00 0.000000E+00 1.000000E+00
    outer loop
      vertex 4.292338E+01 5.309323E+01 2.000000E+01
      vertex 4.270336E+01 5.313971E+01 2.000000E+01
      vertex 4.263839E+01 5.102187E+01 2.000000E+01
    endloop
  endfacet
  facet normal 0.000000E+00 0.000000E+00 1.000000E+00
    outer loop
      vertex 4.193618E+01 5.680505E+01 2.000000E+01
      vertex 4.129581E+01 5.646895E+01 2.000000E+01
      vertex 4.248306E+01 5.474892E+01 2.000000E+01
    endloop
  endfacet
  facet normal 0.000000E+00 0.000000E+00 1.000000E+00
    outer loop
      vertex 4.591283E+01 5.328205E+01 2.000000E+01
      vertex 4.382226E+01 5.361015E+01 2.000000E+01
      vertex 4.565637E+01 5.260583E+01 2.000000E+01
    endloop
  endfacet
  facet normal 0.000000E+00 0.000000E+00 1.000000E+00
    outer loop
      vertex 4.209000E+01 5.400000E+01 2.000000E+01
      vertex 4.000000E+01 5.400000E+01 2.000000E+01
      vertex 4.008717E+01 5.328205E+01 2.000000E+01
    endloop
  endfacet
  facet normal 0.000000E+00 0.000000E+00 1.000000E+00
    outer loop
      vertex 4.591283E+01 5.328205E+01 2.000000E+01
      vertex 4.388779E+01 5.380020E+01 2.000000E+01
      vertex 4.382226E+01 5.361015E+01 2.000000E+01
    endloop
  endfacet
  facet normal 0.000000E+00 0.000000E+00 1.000000E+00
    outer loop
      vertex 4.209000E+01 5.400000E+01 2.000000E+01
      vertex 4.008717E+01 5.328205E+01 2.000000E+01
      vertex 4.211779E+01 5.377685E+01 2.000000E+01
    endloop
  endfacet
  facet normal 0.000000E+00 0.000000E+00 1.000000E+00
    outer loop
      vertex 4.263839E+01 5.697813E+01 2.000000E+01
      vertex 4.267731E+01 5.485086E+01 2.000000E+01
      vertex 4.289031E+01 5.490337E+01 2.000000E+01
    endloop
  endfacet
  facet normal 0.000000E+00 0.000000E+00 1.000000E+00
    outer loop
      vertex 4.263839E+01 5.697813E+01 2.000000E+01
      vertex 4.289031E+01 5.490337E+01 2.000000E+01
      vertex 4.310969E+01 5.490337E+01 2.000000E+01
    endloop
  endfacet
  facet normal 0.000000E+00 0.000000E+00 1.000000E+00
    outer loop
      vertex 4.314808E+01 5.310213E+01 2.000000E+01
      vertex 4.336161E+01 5.102187E+01 2.000000E+01
      vertex 4.406382E+01 5.119495E+01 2.000000E+01
    endloop
  endfacet
  facet normal 0.000000E+00 0.000000E+00 1.000000E+00
    outer loop
      vertex 4.263839E+01 5.697813E+01 2.000000E+01
      vertex 4.193618E+01 5.680505E+01 2.000000E+01
      vertex 4.267731E+01 5.485086E+01 2.000000E+01
    endloop
  endfacet
  facet normal 0.000000E+00 0.000000E+00 1.000000E+00
    outer loop
      vertex 4.314808E+01 5.310213E+01 2.000000E+01
      vertex 4.292338E+01 5.309323E+01 2.000000E+01
      vertex 4.336161E+01 5.102187E+01 2.000000E+01
    endloop
  endfacet
  facet normal 0.000000E+00 0.000000E+00 1.000000E+00
    outer loop
      vertex 4.211644E+01 5.421778E+01 2.000000E+01
      vertex 4.008717E+01 5.471795E+01 2.000000E+01
      vertex 4.000000E+01 5.400000E+01 2.000000E+01
    endloop
  endfacet
  facet normal 0.000000E+00 0.000000E+00 1.000000E+00
    outer loop
      vertex 4.600000E+01 5.400000E+01 2.000000E+01
      vertex 4.391000E+01 5.400000E+01 2.000000E+01
      vertex 4.388779E+01 5.380020E+01 2.000000E+01
    endloop
  endfacet
  facet normal 0.000000E+00 0.000000E+00 1.000000E+00
    outer loop
      vertex 4.211644E+01 5.421778E+01 2.000000E+01
      vertex 4.000000E+01 5.400000E+01 2.000000E+01
      vertex 4.209000E+01 5.400000E+01 2.000000E+01
    endloop
  endfacet
  facet normal 0.000000E+00 0.000000E+00 1.000000E+00
    outer loop
      vertex 4.600000E+01 5.400000E+01 2.000000E+01
      vertex 4.388779E+01 5.380020E+01 2.000000E+01
      vertex 4.591283E+01 5.328205E+01 2.000000E+01
    endloop
  endfacet
  facet normal 0.000000E+00 0.000000E+00 1.000000E+00
    outer loop
      vertex 4.336161E+01 5.697813E+01 2.000000E+01
      vertex 4.263839E+01 5.697813E+01 2.000000E+01
      vertex 4.310969E+01 5.490337E+01 2.000000E+01
    endloop
  endfacet
  facet normal 0.000000E+00 0.000000E+00 1.000000E+00
    outer loop
      vertex 4.336161E+01 5.697813E+01 2.000000E+01
      vertex 4.310969E+01 5.490337E+01 2.000000E+01
      vertex 4.332269E+01 5.485086E+01 2.000000E+01
    endloop
  endfacet
  facet normal 0.000000E+00 0.000000E+00 1.000000E+00
    outer loop
      vertex 4.336374E+01 5.316586E+01 2.000000E+01
      vertex 4.406382E+01 5.119495E+01 2.000000E+01
      vertex 4.470419E+01 5.153105E+01 2.000000E+01
    endloop
  endfacet
  facet normal 0.000000E+00 0.000000E+00 1.000000E+00
    outer loop
      vertex 4.336374E+01 5.316586E+01 2.000000E+01
      vertex 4.314808E+01 5.310213E+01 2.000000E+01
      vertex 4.406382E+01 5.119495E+01 2.000000E+01
    endloop
  endfacet
  facet normal 0.000000E+00 0.000000E+00 1.000000E+00
    outer loop
      vertex 4.591283E+01 5.471795E+01 2.000000E+01
      vertex 4.388356E+01 5.421778E+01 2.000000E+01
      vertex 4.391000E+01 5.400000E+01 2.000000E+01
    endloop
  endfacet
  facet normal 0.000000E+00 0.000000E+00 1.000000E+00
    outer loop
      vertex 4.219424E+01 5.442290E+01 2.000000E+01
      vertex 4.034363E+01 5.539417E+01 2.000000E+01
      vertex 4.008717E+01 5.471795E+01 2.000000E+01
    endloop
  endfacet
  facet normal 0.000000E+00 0.000000E+00 1.000000E+00
    outer loop
      vertex 4.219424E+01 5.442290E+01 2.000000E+01
      vertex 4.008717E+01 5.471795E+01 2.000000E+01
      vertex 4.211644E+01 5.421778E+01 2.000000E+01
    endloop
  endfacet
  facet normal 0.000000E+00 0.000000E+00 1.000000E+00
    outer loop
      vertex 4.591283E+01 5.471795E+01 2.000000E+01
      vertex 4.391000E+01 5.400000E+01 2.000000E+01
      vertex 4.600000E+01 5.400000E+01 2.000000E+01
    endloop
  endfacet
  facet normal 0.000000E+00 0.000000E+00 1.000000E+00
    outer loop
      vertex 4.406382E+01 5.680505E+01 2.000000E+01
      vertex 4.336161E+01 5.697813E+01 2.000000E+01
      vertex 4.332269E+01 5.485086E+01 2.000000E+01
    endloop
  endfacet
  facet normal 0.000000E+00 0.000000E+00 1.000000E+00
    outer loop
      vertex 4.355718E+01 5.328052E+01 2.000000E+01
      vertex 4.336374E+01 5.316586E+01 2.000000E+01
      vertex 4.470419E+01 5.153105E+01 2.000000E+01
    endloop
  endfacet
  facet normal 0.000000E+00 0.000000E+00 1.000000E+00
    outer loop
      vertex 4.565637E+01 5.539417E+01 2.000000E+01
      vertex 4.368114E+01 5.460344E+01 2.000000E+01
      vertex 4.380576E+01 5.442290E+01 2.000000E+01
    endloop
  endfacet
  facet normal 0.000000E+00 0.000000E+00 1.000000E+00
    outer loop
      vertex 4.565637E+01 5.539417E+01 2.000000E+01
      vertex 4.380576E+01 5.442290E+01 2.000000E+01
      vertex 4.388356E+01 5.421778E+01 2.000000E+01
    endloop
  endfacet
  facet normal 0.000000E+00 0.000000E+00 1.000000E+00
    outer loop
      vertex 4.565637E+01 5.539417E+01 2.000000E+01
      vertex 4.388356E+01 5.421778E+01 2.000000E+01
      vertex 4.591283E+01 5.471795E+01 2.000000E+01
    endloop
  endfacet
  facet normal 0.000000E+00 0.000000E+00 1.000000E+00
    outer loop
      vertex 4.231886E+01 5.460344E+01 2.000000E+01
      vertex 4.075447E+01 5.598937E+01 2.000000E+01
      vertex 4.034363E+01 5.539417E+01 2.000000E+01
    endloop
  endfacet
  facet normal 0.000000E+00 0.000000E+00 1.000000E+00
    outer loop
      vertex 4.470419E+01 5.646895E+01 2.000000E+01
      vertex 4.332269E+01 5.485086E+01 2.000000E+01
      vertex 4.351694E+01 5.474892E+01 2.000000E+01
    endloop
  endfacet
  facet normal 0.000000E+00 0.000000E+00 1.000000E+00
    outer loop
      vertex 4.231886E+01 5.460344E+01 2.000000E+01
      vertex 4.034363E+01 5.539417E+01 2.000000E+01
      vertex 4.219424E+01 5.442290E+01 2.000000E+01
    endloop
  endfacet
  facet normal 0.000000E+00 0.000000E+00 1.000000E+00
    outer loop
      vertex 4.470419E+01 5.646895E+01 2.000000E+01
      vertex 4.406382E+01 5.680505E+01 2.000000E+01
      vertex 4.332269E+01 5.485086E+01 2.000000E+01
    endloop
  endfacet
  facet normal 0.000000E+00 0.000000E+00 1.000000E+00
    outer loop
      vertex 4.524553E+01 5.598937E+01 2.000000E+01
      vertex 4.351694E+01 5.474892E+01 2.000000E+01
      vertex 4.368114E+01 5.460344E+01 2.000000E+01
    endloop
  endfacet
  facet normal 0.000000E+00 0.000000E+00 1.000000E+00
    outer loop
      vertex 4.524553E+01 5.598937E+01 2.000000E+01
      vertex 4.368114E+01 5.460344E+01 2.000000E+01
      vertex 4.565637E+01 5.539417E+01 2.000000E+01
    endloop
  endfacet
  facet normal 0.000000E+00 0.000000E+00 1.000000E+00
    outer loop
      vertex 4.524553E+01 5.598937E+01 2.000000E+01
      vertex 4.470419E+01 5.646895E+01 2.000000E+01
      vertex 4.351694E+01 5.474892E+01 2.000000E+01
    endloop
  endfacet
  facet normal 0.000000E+00 0.000000E+00 1.000000E+00
    outer loop
      vertex 4.524553E+01 5.201063E+01 2.000000E+01
      vertex 4.371660E+01 5.343913E+01 2.000000E+01
      vertex 4.355718E+01 5.328052E+01 2.000000E+01
    endloop
  endfacet
  facet normal 0.000000E+00 0.000000E+00 1.000000E+00
    outer loop
      vertex 4.524553E+01 5.201063E+01 2.000000E+01
      vertex 4.355718E+01 5.328052E+01 2.000000E+01
      vertex 4.470419E+01 5.153105E+01 2.000000E+01
    endloop
  endfacet
  facet normal 1.000000E+00 0.000000E+00 0.000000E+00
    outer loop
      vertex 9.300000E+01 7.000000E+01 1.500000E+01
      vertex 9.300000E+01 3.330669E-15 1.500000E+01
      vertex 9.300000E+01 2.775558E-15 1.250000E+01
    endloop
  endfacet
  facet normal 1.000000E+00 0.000000E+00 -0.000000E+00
    outer loop
      vertex 9.300000E+01 7.000000E+01 1.250000E+01
      vertex 9.300000E+01 7.000000E+01 1.500000E+01
      vertex 9.300000E+01 2.775558E-15 1.250000E+01
    endloop
  endfacet
  facet normal 0.000000E+00 -1.000000E+00 2.220446E-16
    outer loop
      vertex -3.900000E+01 3.330669E-15 1.500000E+01
      vertex 9.300000E+01 2.775558E-15 1.250000E+01
      vertex 9.300000E+01 3.330669E-15 1.500000E+01
    endloop
  endfacet
  facet normal 0.000000E+00 -1.000000E+00 2.220446E-16
    outer loop
      vertex -3.900000E+01 2.775558E-15 1.250000E+01
      vertex 9.300000E+01 2.775558E-15 1.250000E+01
      vertex -3.900000E+01 3.330669E-15 1.500000E+01
    endloop
  endfacet
endsolid 
