solid 
  facet normal -5.839615E-01 -8.117814E-01 0.000000E+00
    outer loop
      vertex -4.448363E+01 -5.527088E+00 1.000000E+00
      vertex -4.448363E+01 -5.527088E+00 1.500000E+01
      vertex -4.509763E+01 -5.085403E+00 1.500000E+01
    endloop
  endfacet
  facet normal -7.406834E-01 -6.718542E-01 0.000000E+00
    outer loop
      vertex -4.509763E+01 -5.085403E+00 1.000000E+00
      vertex -4.509763E+01 -5.085403E+00 1.500000E+01
      vertex -4.560579E+01 -4.525180E+00 1.500000E+01
    endloop
  endfacet
  facet normal -5.839615E-01 -8.117814E-01 0.000000E+00
    outer loop
      vertex -4.509763E+01 -5.085403E+00 1.000000E+00
      vertex -4.448363E+01 -5.527088E+00 1.000000E+00
      vertex -4.509763E+01 -5.085403E+00 1.500000E+01
    endloop
  endfacet
  facet normal -8.647125E-01 -5.022672E-01 0.000000E+00
    outer loop
      vertex -4.560579E+01 -4.525180E+00 1.000000E+00
      vertex -4.560579E+01 -4.525180E+00 1.500000E+01
      vertex -4.598568E+01 -3.871147E+00 1.500000E+01
    endloop
  endfacet
  facet normal -7.406834E-01 -6.718542E-01 0.000000E+00
    outer loop
      vertex -4.560579E+01 -4.525180E+00 1.000000E+00
      vertex -4.509763E+01 -5.085403E+00 1.000000E+00
      vertex -4.560579E+01 -4.525180E+00 1.500000E+01
    endloop
  endfacet
  facet normal -9.505692E-01 -3.105129E-01 0.000000E+00
    outer loop
      vertex -4.598568E+01 -3.871147E+00 1.000000E+00
      vertex -4.598568E+01 -3.871147E+00 1.500000E+01
      vertex -4.622054E+01 -3.152175E+00 1.500000E+01
    endloop
  endfacet
  facet normal -8.647125E-01 -5.022672E-01 0.000000E+00
    outer loop
      vertex -4.598568E+01 -3.871147E+00 1.000000E+00
      vertex -4.560579E+01 -4.525180E+00 1.000000E+00
      vertex -4.598568E+01 -3.871147E+00 1.500000E+01
    endloop
  endfacet
  facet normal -9.944668E-01 -1.050510E-01 0.000000E+00
    outer loop
      vertex -4.622054E+01 -3.152175E+00 1.000000E+00
      vertex -4.622054E+01 -3.152175E+00 1.500000E+01
      vertex -4.630000E+01 -2.400000E+00 1.500000E+01
    endloop
  endfacet
  facet normal -9.505692E-01 -3.105129E-01 0.000000E+00
    outer loop
      vertex -4.622054E+01 -3.152175E+00 1.000000E+00
      vertex -4.598568E+01 -3.871147E+00 1.000000E+00
      vertex -4.622054E+01 -3.152175E+00 1.500000E+01
    endloop
  endfacet
  facet normal -9.944668E-01 -1.050510E-01 0.000000E+00
    outer loop
      vertex -4.630000E+01 -2.400000E+00 1.000000E+00
      vertex -4.622054E+01 -3.152175E+00 1.000000E+00
      vertex -4.630000E+01 -2.400000E+00 1.500000E+01
    endloop
  endfacet
  facet normal 9.944668E-01 -1.050510E-01 0.000000E+00
    outer loop
      vertex 1.302054E+01 -3.152175E+00 1.000000E+00
      vertex 1.310000E+01 -2.400000E+00 1.000000E+00
      vertex 1.310000E+01 -2.400000E+00 1.500000E+01
    endloop
  endfacet
  facet normal 9.944668E-01 -1.050510E-01 0.000000E+00
    outer loop
      vertex 1.302054E+01 -3.152175E+00 1.000000E+00
      vertex 1.310000E+01 -2.400000E+00 1.500000E+01
      vertex 1.302054E+01 -3.152175E+00 1.500000E+01
    endloop
  endfacet
  facet normal 9.505692E-01 -3.105129E-01 0.000000E+00
    outer loop
      vertex 1.278568E+01 -3.871147E+00 1.000000E+00
      vertex 1.302054E+01 -3.152175E+00 1.500000E+01
      vertex 1.278568E+01 -3.871147E+00 1.500000E+01
    endloop
  endfacet
  facet normal 9.505692E-01 -3.105129E-01 0.000000E+00
    outer loop
      vertex 1.278568E+01 -3.871147E+00 1.000000E+00
      vertex 1.302054E+01 -3.152175E+00 1.000000E+00
      vertex 1.302054E+01 -3.152175E+00 1.500000E+01
    endloop
  endfacet
  facet normal 8.647114E-01 -5.022690E-01 0.000000E+00
    outer loop
      vertex 1.240579E+01 -4.525180E+00 1.000000E+00
      vertex 1.278568E+01 -3.871147E+00 1.500000E+01
      vertex 1.240579E+01 -4.525180E+00 1.500000E+01
    endloop
  endfacet
  facet normal 8.647114E-01 -5.022690E-01 0.000000E+00
    outer loop
      vertex 1.240579E+01 -4.525180E+00 1.000000E+00
      vertex 1.278568E+01 -3.871147E+00 1.000000E+00
      vertex 1.278568E+01 -3.871147E+00 1.500000E+01
    endloop
  endfacet
  facet normal 5.839605E-01 -8.117821E-01 0.000000E+00
    outer loop
      vertex 1.189762E+01 -5.085403E+00 1.000000E+00
      vertex 1.189762E+01 -5.085403E+00 1.500000E+01
      vertex 1.128363E+01 -5.527088E+00 1.500000E+01
    endloop
  endfacet
  facet normal 7.406834E-01 -6.718542E-01 0.000000E+00
    outer loop
      vertex 1.189762E+01 -5.085403E+00 1.000000E+00
      vertex 1.240579E+01 -4.525180E+00 1.500000E+01
      vertex 1.189762E+01 -5.085403E+00 1.500000E+01
    endloop
  endfacet
  facet normal 7.406834E-01 -6.718542E-01 0.000000E+00
    outer loop
      vertex 1.189762E+01 -5.085403E+00 1.000000E+00
      vertex 1.240579E+01 -4.525180E+00 1.000000E+00
      vertex 1.240579E+01 -4.525180E+00 1.500000E+01
    endloop
  endfacet
  facet normal 5.839605E-01 -8.117821E-01 0.000000E+00
    outer loop
      vertex 1.128363E+01 -5.527088E+00 1.000000E+00
      vertex 1.189762E+01 -5.085403E+00 1.000000E+00
      vertex 1.128363E+01 -5.527088E+00 1.500000E+01
    endloop
  endfacet
  facet normal -9.935769E-01 1.131587E-01 0.000000E+00
    outer loop
      vertex -4.180000E+01 -2.400000E+00 1.500000E+01
      vertex -4.182305E+01 -2.602374E+00 5.000000E+00
      vertex -4.182305E+01 -2.602374E+00 1.500000E+01
    endloop
  endfacet
  facet normal -9.935769E-01 1.131587E-01 0.000000E+00
    outer loop
      vertex -4.180000E+01 -2.400000E+00 5.000000E+00
      vertex -4.182305E+01 -2.602374E+00 5.000000E+00
      vertex -4.180000E+01 -2.400000E+00 1.500000E+01
    endloop
  endfacet
  facet normal -9.426898E-01 3.336703E-01 0.000000E+00
    outer loop
      vertex -4.182305E+01 -2.602374E+00 1.500000E+01
      vertex -4.189101E+01 -2.794383E+00 5.000000E+00
      vertex -4.189101E+01 -2.794383E+00 1.500000E+01
    endloop
  endfacet
  facet normal -9.426898E-01 3.336703E-01 0.000000E+00
    outer loop
      vertex -4.182305E+01 -2.602374E+00 5.000000E+00
      vertex -4.189101E+01 -2.794383E+00 5.000000E+00
      vertex -4.182305E+01 -2.602374E+00 1.500000E+01
    endloop
  endfacet
  facet normal -8.435178E-01 5.371013E-01 0.000000E+00
    outer loop
      vertex -4.189101E+01 -2.794383E+00 1.500000E+01
      vertex -4.200041E+01 -2.966192E+00 5.000000E+00
      vertex -4.200041E+01 -2.966192E+00 1.500000E+01
    endloop
  endfacet
  facet normal -8.435178E-01 5.371013E-01 0.000000E+00
    outer loop
      vertex -4.189101E+01 -2.794383E+00 5.000000E+00
      vertex -4.200041E+01 -2.966192E+00 5.000000E+00
      vertex -4.189101E+01 -2.794383E+00 1.500000E+01
    endloop
  endfacet
  facet normal -7.011337E-01 7.130298E-01 0.000000E+00
    outer loop
      vertex -4.200041E+01 -2.966192E+00 1.500000E+01
      vertex -4.214564E+01 -3.109002E+00 5.000000E+00
      vertex -4.214564E+01 -3.109002E+00 1.500000E+01
    endloop
  endfacet
  facet normal -7.011337E-01 7.130298E-01 0.000000E+00
    outer loop
      vertex -4.200041E+01 -2.966192E+00 5.000000E+00
      vertex -4.214564E+01 -3.109002E+00 5.000000E+00
      vertex -4.200041E+01 -2.966192E+00 1.500000E+01
    endloop
  endfacet
  facet normal -5.228591E-01 8.524191E-01 0.000000E+00
    outer loop
      vertex -4.214564E+01 -3.109002E+00 1.500000E+01
      vertex -4.231926E+01 -3.215499E+00 5.000000E+00
      vertex -4.231926E+01 -3.215499E+00 1.500000E+01
    endloop
  endfacet
  facet normal -3.195617E-01 9.475654E-01 0.000000E+00
    outer loop
      vertex -4.231926E+01 -3.215499E+00 1.500000E+01
      vertex -4.231926E+01 -3.215499E+00 5.000000E+00
      vertex -4.250910E+01 -3.279521E+00 1.500000E+01
    endloop
  endfacet
  facet normal -5.228591E-01 8.524191E-01 0.000000E+00
    outer loop
      vertex -4.214564E+01 -3.109002E+00 5.000000E+00
      vertex -4.231926E+01 -3.215499E+00 5.000000E+00
      vertex -4.214564E+01 -3.109002E+00 1.500000E+01
    endloop
  endfacet
  facet normal -1.020225E-01 9.947821E-01 0.000000E+00
    outer loop
      vertex -4.250910E+01 -3.279521E+00 1.500000E+01
      vertex -4.250910E+01 -3.279521E+00 5.000000E+00
      vertex -4.270840E+01 -3.299961E+00 1.500000E+01
    endloop
  endfacet
  facet normal -3.195617E-01 9.475654E-01 0.000000E+00
    outer loop
      vertex -4.231926E+01 -3.215499E+00 5.000000E+00
      vertex -4.250910E+01 -3.279521E+00 5.000000E+00
      vertex -4.250910E+01 -3.279521E+00 1.500000E+01
    endloop
  endfacet
  facet normal 1.205738E-01 9.927045E-01 0.000000E+00
    outer loop
      vertex -4.270840E+01 -3.299961E+00 1.500000E+01
      vertex -4.270840E+01 -3.299961E+00 5.000000E+00
      vertex -4.290728E+01 -3.275805E+00 1.500000E+01
    endloop
  endfacet
  facet normal -1.020225E-01 9.947821E-01 0.000000E+00
    outer loop
      vertex -4.250910E+01 -3.279521E+00 5.000000E+00
      vertex -4.270840E+01 -3.299961E+00 5.000000E+00
      vertex -4.270840E+01 -3.299961E+00 1.500000E+01
    endloop
  endfacet
  facet normal 3.371868E-01 9.414378E-01 0.000000E+00
    outer loop
      vertex -4.290728E+01 -3.275805E+00 1.500000E+01
      vertex -4.290728E+01 -3.275805E+00 5.000000E+00
      vertex -4.309589E+01 -3.208251E+00 1.500000E+01
    endloop
  endfacet
  facet normal 1.205738E-01 9.927045E-01 0.000000E+00
    outer loop
      vertex -4.270840E+01 -3.299961E+00 5.000000E+00
      vertex -4.290728E+01 -3.275805E+00 5.000000E+00
      vertex -4.290728E+01 -3.275805E+00 1.500000E+01
    endloop
  endfacet
  facet normal 5.371071E-01 8.435141E-01 0.000000E+00
    outer loop
      vertex -4.309589E+01 -3.208251E+00 1.500000E+01
      vertex -4.309589E+01 -3.208251E+00 5.000000E+00
      vertex -4.326488E+01 -3.100646E+00 1.500000E+01
    endloop
  endfacet
  facet normal 3.371868E-01 9.414378E-01 0.000000E+00
    outer loop
      vertex -4.290728E+01 -3.275805E+00 5.000000E+00
      vertex -4.309589E+01 -3.208251E+00 5.000000E+00
      vertex -4.309589E+01 -3.208251E+00 1.500000E+01
    endloop
  endfacet
  facet normal 7.103961E-01 7.038020E-01 0.000000E+00
    outer loop
      vertex -4.326488E+01 -3.100646E+00 1.500000E+01
      vertex -4.326488E+01 -3.100646E+00 5.000000E+00
      vertex -4.340589E+01 -2.958322E+00 1.500000E+01
    endloop
  endfacet
  facet normal 5.371071E-01 8.435141E-01 0.000000E+00
    outer loop
      vertex -4.309589E+01 -3.208251E+00 5.000000E+00
      vertex -4.326488E+01 -3.100646E+00 5.000000E+00
      vertex -4.326488E+01 -3.100646E+00 1.500000E+01
    endloop
  endfacet
  facet normal 8.484961E-01 5.292017E-01 0.000000E+00
    outer loop
      vertex -4.340589E+01 -2.958322E+00 1.500000E+01
      vertex -4.340589E+01 -2.958322E+00 5.000000E+00
      vertex -4.351191E+01 -2.788332E+00 1.500000E+01
    endloop
  endfacet
  facet normal 7.103961E-01 7.038020E-01 0.000000E+00
    outer loop
      vertex -4.326488E+01 -3.100646E+00 5.000000E+00
      vertex -4.340589E+01 -2.958322E+00 5.000000E+00
      vertex -4.340589E+01 -2.958322E+00 1.500000E+01
    endloop
  endfacet
  facet normal 9.445403E-01 3.283958E-01 0.000000E+00
    outer loop
      vertex -4.351191E+01 -2.788332E+00 1.500000E+01
      vertex -4.351191E+01 -2.788332E+00 5.000000E+00
      vertex -4.357770E+01 -2.599099E+00 1.500000E+01
    endloop
  endfacet
  facet normal 8.484961E-01 5.292017E-01 0.000000E+00
    outer loop
      vertex -4.340589E+01 -2.958322E+00 5.000000E+00
      vertex -4.351191E+01 -2.788332E+00 5.000000E+00
      vertex -4.351191E+01 -2.788332E+00 1.500000E+01
    endloop
  endfacet
  facet normal 9.937876E-01 1.112934E-01 0.000000E+00
    outer loop
      vertex -4.357770E+01 -2.599099E+00 1.500000E+01
      vertex -4.357770E+01 -2.599099E+00 5.000000E+00
      vertex -4.360000E+01 -2.400000E+00 1.500000E+01
    endloop
  endfacet
  facet normal 9.445403E-01 3.283958E-01 0.000000E+00
    outer loop
      vertex -4.351191E+01 -2.788332E+00 5.000000E+00
      vertex -4.357770E+01 -2.599099E+00 5.000000E+00
      vertex -4.357770E+01 -2.599099E+00 1.500000E+01
    endloop
  endfacet
  facet normal 9.937876E-01 1.112934E-01 0.000000E+00
    outer loop
      vertex -4.357770E+01 -2.599099E+00 5.000000E+00
      vertex -4.360000E+01 -2.400000E+00 5.000000E+00
      vertex -4.360000E+01 -2.400000E+00 1.500000E+01
    endloop
  endfacet
  facet normal -9.941629E-01 1.078890E-01 0.000000E+00
    outer loop
      vertex 1.040000E+01 -2.400000E+00 1.500000E+01
      vertex 1.040000E+01 -2.400000E+00 5.000000E+00
      vertex 1.037905E+01 -2.593068E+00 1.500000E+01
    endloop
  endfacet
  facet normal -9.478746E-01 3.186435E-01 0.000000E+00
    outer loop
      vertex 1.037905E+01 -2.593068E+00 1.500000E+01
      vertex 1.037905E+01 -2.593068E+00 5.000000E+00
      vertex 1.031717E+01 -2.777147E+00 1.500000E+01
    endloop
  endfacet
  facet normal -9.941629E-01 1.078890E-01 0.000000E+00
    outer loop
      vertex 1.040000E+01 -2.400000E+00 5.000000E+00
      vertex 1.037905E+01 -2.593068E+00 5.000000E+00
      vertex 1.037905E+01 -2.593068E+00 1.500000E+01
    endloop
  endfacet
  facet normal -8.574504E-01 5.145667E-01 0.000000E+00
    outer loop
      vertex 1.031717E+01 -2.777147E+00 1.500000E+01
      vertex 1.031717E+01 -2.777147E+00 5.000000E+00
      vertex 1.021724E+01 -2.943665E+00 1.500000E+01
    endloop
  endfacet
  facet normal -9.478746E-01 3.186435E-01 0.000000E+00
    outer loop
      vertex 1.037905E+01 -2.593068E+00 5.000000E+00
      vertex 1.031717E+01 -2.777147E+00 5.000000E+00
      vertex 1.031717E+01 -2.777147E+00 1.500000E+01
    endloop
  endfacet
  facet normal -7.271050E-01 6.865263E-01 0.000000E+00
    outer loop
      vertex 1.021724E+01 -2.943665E+00 1.500000E+01
      vertex 1.021724E+01 -2.943665E+00 5.000000E+00
      vertex 1.008391E+01 -3.084870E+00 1.500000E+01
    endloop
  endfacet
  facet normal -8.574504E-01 5.145667E-01 0.000000E+00
    outer loop
      vertex 1.031717E+01 -2.777147E+00 5.000000E+00
      vertex 1.021724E+01 -2.943665E+00 5.000000E+00
      vertex 1.021724E+01 -2.943665E+00 1.500000E+01
    endloop
  endfacet
  facet normal -5.629007E-01 8.265245E-01 0.000000E+00
    outer loop
      vertex 1.008391E+01 -3.084870E+00 1.500000E+01
      vertex 1.008391E+01 -3.084870E+00 5.000000E+00
      vertex 9.923399E+00 -3.194187E+00 1.500000E+01
    endloop
  endfacet
  facet normal -7.271050E-01 6.865263E-01 0.000000E+00
    outer loop
      vertex 1.021724E+01 -2.943665E+00 5.000000E+00
      vertex 1.008391E+01 -3.084870E+00 5.000000E+00
      vertex 1.008391E+01 -3.084870E+00 1.500000E+01
    endloop
  endfacet
  facet normal -3.665680E-01 9.303913E-01 0.000000E+00
    outer loop
      vertex 9.923399E+00 -3.194187E+00 1.500000E+01
      vertex 9.923399E+00 -3.194187E+00 5.000000E+00
      vertex 9.732102E+00 -3.269557E+00 1.500000E+01
    endloop
  endfacet
  facet normal -5.629007E-01 8.265245E-01 0.000000E+00
    outer loop
      vertex 1.008391E+01 -3.084870E+00 5.000000E+00
      vertex 9.923399E+00 -3.194187E+00 5.000000E+00
      vertex 9.923399E+00 -3.194187E+00 1.500000E+01
    endloop
  endfacet
  facet normal -1.458403E-01 9.893082E-01 0.000000E+00
    outer loop
      vertex 9.732102E+00 -3.269557E+00 1.500000E+01
      vertex 9.732102E+00 -3.269557E+00 5.000000E+00
      vertex 9.528691E+00 -3.299543E+00 1.500000E+01
    endloop
  endfacet
  facet normal -3.665680E-01 9.303913E-01 0.000000E+00
    outer loop
      vertex 9.923399E+00 -3.194187E+00 5.000000E+00
      vertex 9.732102E+00 -3.269557E+00 5.000000E+00
      vertex 9.732102E+00 -3.269557E+00 1.500000E+01
    endloop
  endfacet
  facet normal 8.249886E-02 9.965912E-01 0.000000E+00
    outer loop
      vertex 9.528691E+00 -3.299543E+00 1.500000E+01
      vertex 9.528691E+00 -3.299543E+00 5.000000E+00
      vertex 9.323783E+00 -3.282580E+00 1.500000E+01
    endloop
  endfacet
  facet normal -1.458403E-01 9.893082E-01 0.000000E+00
    outer loop
      vertex 9.732102E+00 -3.269557E+00 5.000000E+00
      vertex 9.528691E+00 -3.299543E+00 5.000000E+00
      vertex 9.528691E+00 -3.299543E+00 1.500000E+01
    endloop
  endfacet
  facet normal 3.065318E-01 9.518604E-01 0.000000E+00
    outer loop
      vertex 9.323783E+00 -3.282580E+00 1.500000E+01
      vertex 9.323783E+00 -3.282580E+00 5.000000E+00
      vertex 9.128072E+00 -3.219554E+00 1.500000E+01
    endloop
  endfacet
  facet normal 8.249886E-02 9.965912E-01 0.000000E+00
    outer loop
      vertex 9.528691E+00 -3.299543E+00 5.000000E+00
      vertex 9.323783E+00 -3.282580E+00 5.000000E+00
      vertex 9.323783E+00 -3.282580E+00 1.500000E+01
    endloop
  endfacet
  facet normal 5.145651E-01 8.574513E-01 0.000000E+00
    outer loop
      vertex 9.128072E+00 -3.219554E+00 1.500000E+01
      vertex 9.128072E+00 -3.219554E+00 5.000000E+00
      vertex 8.951772E+00 -3.113755E+00 1.500000E+01
    endloop
  endfacet
  facet normal 3.065318E-01 9.518604E-01 0.000000E+00
    outer loop
      vertex 9.323783E+00 -3.282580E+00 5.000000E+00
      vertex 9.128072E+00 -3.219554E+00 5.000000E+00
      vertex 9.128072E+00 -3.219554E+00 1.500000E+01
    endloop
  endfacet
  facet normal 6.957448E-01 7.182891E-01 0.000000E+00
    outer loop
      vertex 8.951772E+00 -3.113755E+00 1.500000E+01
      vertex 8.951772E+00 -3.113755E+00 5.000000E+00
      vertex 8.804085E+00 -2.970703E+00 1.500000E+01
    endloop
  endfacet
  facet normal 5.145651E-01 8.574513E-01 0.000000E+00
    outer loop
      vertex 9.128072E+00 -3.219554E+00 5.000000E+00
      vertex 8.951772E+00 -3.113755E+00 5.000000E+00
      vertex 8.951772E+00 -3.113755E+00 1.500000E+01
    endloop
  endfacet
  facet normal 8.406125E-01 5.416371E-01 0.000000E+00
    outer loop
      vertex 8.804085E+00 -2.970703E+00 1.500000E+01
      vertex 8.804085E+00 -2.970703E+00 5.000000E+00
      vertex 8.692719E+00 -2.797866E+00 1.500000E+01
    endloop
  endfacet
  facet normal 6.957448E-01 7.182891E-01 0.000000E+00
    outer loop
      vertex 8.951772E+00 -3.113755E+00 5.000000E+00
      vertex 8.804085E+00 -2.970703E+00 5.000000E+00
      vertex 8.804085E+00 -2.970703E+00 1.500000E+01
    endloop
  endfacet
  facet normal 9.416044E-01 3.367210E-01 0.000000E+00
    outer loop
      vertex 8.692719E+00 -2.797866E+00 1.500000E+01
      vertex 8.692719E+00 -2.797866E+00 5.000000E+00
      vertex 8.623487E+00 -2.604264E+00 1.500000E+01
    endloop
  endfacet
  facet normal 8.406125E-01 5.416371E-01 0.000000E+00
    outer loop
      vertex 8.804085E+00 -2.970703E+00 5.000000E+00
      vertex 8.692719E+00 -2.797866E+00 5.000000E+00
      vertex 8.692719E+00 -2.797866E+00 1.500000E+01
    endloop
  endfacet
  facet normal 9.934547E-01 1.142271E-01 0.000000E+00
    outer loop
      vertex 8.623487E+00 -2.604264E+00 1.500000E+01
      vertex 8.623487E+00 -2.604264E+00 5.000000E+00
      vertex 8.600000E+00 -2.400000E+00 1.500000E+01
    endloop
  endfacet
  facet normal 9.416044E-01 3.367210E-01 0.000000E+00
    outer loop
      vertex 8.692719E+00 -2.797866E+00 5.000000E+00
      vertex 8.623487E+00 -2.604264E+00 5.000000E+00
      vertex 8.623487E+00 -2.604264E+00 1.500000E+01
    endloop
  endfacet
  facet normal 9.934547E-01 1.142271E-01 0.000000E+00
    outer loop
      vertex 8.623487E+00 -2.604264E+00 5.000000E+00
      vertex 8.600000E+00 -2.400000E+00 5.000000E+00
      vertex 8.600000E+00 -2.400000E+00 1.500000E+01
    endloop
  endfacet
  facet normal -9.951854E-01 0.000000E+00 -9.801044E-02
    outer loop
      vertex -2.870000E+01 1.320000E+01 9.000000E+00
      vertex -2.871729E+01 8.600000E+00 9.175581E+00
      vertex -2.871729E+01 1.320000E+01 9.175581E+00
    endloop
  endfacet
  facet normal -9.951854E-01 0.000000E+00 -9.801044E-02
    outer loop
      vertex -2.870000E+01 8.600000E+00 9.000000E+00
      vertex -2.871729E+01 8.600000E+00 9.175581E+00
      vertex -2.870000E+01 1.320000E+01 9.000000E+00
    endloop
  endfacet
  facet normal -9.569387E-01 0.000000E+00 -2.902897E-01
    outer loop
      vertex -2.871729E+01 1.320000E+01 9.175581E+00
      vertex -2.876851E+01 8.600000E+00 9.344415E+00
      vertex -2.876851E+01 1.320000E+01 9.344415E+00
    endloop
  endfacet
  facet normal -9.569387E-01 0.000000E+00 -2.902897E-01
    outer loop
      vertex -2.871729E+01 8.600000E+00 9.175581E+00
      vertex -2.876851E+01 8.600000E+00 9.344415E+00
      vertex -2.871729E+01 1.320000E+01 9.175581E+00
    endloop
  endfacet
  facet normal -8.819240E-01 0.000000E+00 -4.713915E-01
    outer loop
      vertex -2.876851E+01 1.320000E+01 9.344415E+00
      vertex -2.885168E+01 8.600000E+00 9.500013E+00
      vertex -2.885168E+01 1.320000E+01 9.500013E+00
    endloop
  endfacet
  facet normal -8.819240E-01 0.000000E+00 -4.713915E-01
    outer loop
      vertex -2.876851E+01 8.600000E+00 9.344415E+00
      vertex -2.885168E+01 8.600000E+00 9.500013E+00
      vertex -2.876851E+01 1.320000E+01 9.344415E+00
    endloop
  endfacet
  facet normal -7.730094E-01 0.000000E+00 -6.343945E-01
    outer loop
      vertex -2.885168E+01 1.320000E+01 9.500013E+00
      vertex -2.896360E+01 8.600000E+00 9.636396E+00
      vertex -2.896360E+01 1.320000E+01 9.636396E+00
    endloop
  endfacet
  facet normal -7.730094E-01 0.000000E+00 -6.343945E-01
    outer loop
      vertex -2.885168E+01 8.600000E+00 9.500013E+00
      vertex -2.896360E+01 8.600000E+00 9.636396E+00
      vertex -2.885168E+01 1.320000E+01 9.500013E+00
    endloop
  endfacet
  facet normal -6.190929E-01 0.000000E+00 -7.853178E-01
    outer loop
      vertex -2.896360E+01 1.320000E+01 9.636396E+00
      vertex -2.912975E+01 8.600000E+00 9.767376E+00
      vertex -2.912975E+01 1.320000E+01 9.767376E+00
    endloop
  endfacet
  facet normal -6.190929E-01 0.000000E+00 -7.853178E-01
    outer loop
      vertex -2.896360E+01 8.600000E+00 9.636396E+00
      vertex -2.912975E+01 8.600000E+00 9.767376E+00
      vertex -2.896360E+01 1.320000E+01 9.636396E+00
    endloop
  endfacet
  facet normal -4.186631E-01 0.000000E+00 -9.081416E-01
    outer loop
      vertex -2.912975E+01 1.320000E+01 9.767376E+00
      vertex -2.932188E+01 8.600000E+00 9.855951E+00
      vertex -2.932188E+01 1.320000E+01 9.855951E+00
    endloop
  endfacet
  facet normal -4.186631E-01 0.000000E+00 -9.081416E-01
    outer loop
      vertex -2.912975E+01 8.600000E+00 9.767376E+00
      vertex -2.932188E+01 8.600000E+00 9.855951E+00
      vertex -2.912975E+01 1.320000E+01 9.767376E+00
    endloop
  endfacet
  facet normal -1.950871E-01 0.000000E+00 -9.807859E-01
    outer loop
      vertex -2.932188E+01 1.320000E+01 9.855951E+00
      vertex -2.952939E+01 8.600000E+00 9.897225E+00
      vertex -2.952939E+01 1.320000E+01 9.897225E+00
    endloop
  endfacet
  facet normal -1.950871E-01 0.000000E+00 -9.807859E-01
    outer loop
      vertex -2.932188E+01 8.600000E+00 9.855951E+00
      vertex -2.952939E+01 8.600000E+00 9.897225E+00
      vertex -2.932188E+01 1.320000E+01 9.855951E+00
    endloop
  endfacet
  facet normal 3.925714E-02 0.000000E+00 -9.992292E-01
    outer loop
      vertex -2.952939E+01 1.320000E+01 9.897225E+00
      vertex -2.974079E+01 8.600000E+00 9.888920E+00
      vertex -2.974079E+01 1.320000E+01 9.888920E+00
    endloop
  endfacet
  facet normal 3.925714E-02 0.000000E+00 -9.992292E-01
    outer loop
      vertex -2.952939E+01 8.600000E+00 9.897225E+00
      vertex -2.974079E+01 8.600000E+00 9.888920E+00
      vertex -2.952939E+01 1.320000E+01 9.897225E+00
    endloop
  endfacet
  facet normal 2.714439E-01 0.000000E+00 -9.624543E-01
    outer loop
      vertex -2.974079E+01 1.320000E+01 9.888920E+00
      vertex -2.994441E+01 8.600000E+00 9.831491E+00
      vertex -2.994441E+01 1.320000E+01 9.831491E+00
    endloop
  endfacet
  facet normal 2.714439E-01 0.000000E+00 -9.624543E-01
    outer loop
      vertex -2.974079E+01 8.600000E+00 9.888920E+00
      vertex -2.994441E+01 8.600000E+00 9.831491E+00
      vertex -2.974079E+01 1.320000E+01 9.888920E+00
    endloop
  endfacet
  facet normal 4.886185E-01 0.000000E+00 -8.724975E-01
    outer loop
      vertex -2.994441E+01 1.320000E+01 9.831491E+00
      vertex -3.012901E+01 8.600000E+00 9.728115E+00
      vertex -3.012901E+01 1.320000E+01 9.728115E+00
    endloop
  endfacet
  facet normal 6.788034E-01 0.000000E+00 -7.343201E-01
    outer loop
      vertex -3.012901E+01 1.320000E+01 9.728115E+00
      vertex -3.012901E+01 8.600000E+00 9.728115E+00
      vertex -3.028436E+01 1.320000E+01 9.584503E+00
    endloop
  endfacet
  facet normal 4.886185E-01 0.000000E+00 -8.724975E-01
    outer loop
      vertex -2.994441E+01 8.600000E+00 9.831491E+00
      vertex -3.012901E+01 8.600000E+00 9.728115E+00
      vertex -2.994441E+01 1.320000E+01 9.831491E+00
    endloop
  endfacet
  facet normal 8.314701E-01 0.000000E+00 -5.555695E-01
    outer loop
      vertex -3.028436E+01 1.320000E+01 9.584503E+00
      vertex -3.028436E+01 8.600000E+00 9.584503E+00
      vertex -3.040191E+01 1.320000E+01 9.408591E+00
    endloop
  endfacet
  facet normal 6.788034E-01 0.000000E+00 -7.343201E-01
    outer loop
      vertex -3.012901E+01 8.600000E+00 9.728115E+00
      vertex -3.028436E+01 8.600000E+00 9.584503E+00
      vertex -3.028436E+01 1.320000E+01 9.584503E+00
    endloop
  endfacet
  facet normal 9.381912E-01 0.000000E+00 -3.461173E-01
    outer loop
      vertex -3.040191E+01 1.320000E+01 9.408591E+00
      vertex -3.040191E+01 8.600000E+00 9.408591E+00
      vertex -3.047513E+01 1.320000E+01 9.210101E+00
    endloop
  endfacet
  facet normal 8.314701E-01 0.000000E+00 -5.555695E-01
    outer loop
      vertex -3.028436E+01 8.600000E+00 9.584503E+00
      vertex -3.040191E+01 8.600000E+00 9.408591E+00
      vertex -3.040191E+01 1.320000E+01 9.408591E+00
    endloop
  endfacet
  facet normal 9.381912E-01 0.000000E+00 -3.461173E-01
    outer loop
      vertex -3.040191E+01 8.600000E+00 9.408591E+00
      vertex -3.047513E+01 8.600000E+00 9.210101E+00
      vertex -3.047513E+01 1.320000E+01 9.210101E+00
    endloop
  endfacet
  facet normal 9.930679E-01 0.000000E+00 -1.175416E-01
    outer loop
      vertex -3.047513E+01 1.320000E+01 9.210101E+00
      vertex -3.050000E+01 8.600000E+00 9.000000E+00
      vertex -3.050000E+01 1.320000E+01 9.000000E+00
    endloop
  endfacet
  facet normal 9.930679E-01 0.000000E+00 -1.175416E-01
    outer loop
      vertex -3.047513E+01 8.600000E+00 9.210101E+00
      vertex -3.050000E+01 8.600000E+00 9.000000E+00
      vertex -3.047513E+01 1.320000E+01 9.210101E+00
    endloop
  endfacet
  facet normal -9.932712E-01 0.000000E+00 -1.158116E-01
    outer loop
      vertex -2.700000E+00 1.320000E+01 9.000000E+00
      vertex -2.724142E+00 8.600000E+00 9.207059E+00
      vertex -2.724142E+00 1.320000E+01 9.207059E+00
    endloop
  endfacet
  facet normal -9.932712E-01 0.000000E+00 -1.158116E-01
    outer loop
      vertex -2.700000E+00 8.600000E+00 9.000000E+00
      vertex -2.724142E+00 8.600000E+00 9.207059E+00
      vertex -2.700000E+00 1.320000E+01 9.000000E+00
    endloop
  endfacet
  facet normal -9.399827E-01 0.000000E+00 -3.412222E-01
    outer loop
      vertex -2.724142E+00 1.320000E+01 9.207059E+00
      vertex -2.795274E+00 8.600000E+00 9.403008E+00
      vertex -2.795274E+00 1.320000E+01 9.403008E+00
    endloop
  endfacet
  facet normal -9.399827E-01 0.000000E+00 -3.412222E-01
    outer loop
      vertex -2.724142E+00 8.600000E+00 9.207059E+00
      vertex -2.795274E+00 8.600000E+00 9.403008E+00
      vertex -2.724142E+00 1.320000E+01 9.207059E+00
    endloop
  endfacet
  facet normal -8.362646E-01 0.000000E+00 -5.483261E-01
    outer loop
      vertex -2.795274E+00 1.320000E+01 9.403008E+00
      vertex -2.909579E+00 8.600000E+00 9.577337E+00
      vertex -2.909579E+00 1.320000E+01 9.577337E+00
    endloop
  endfacet
  facet normal -8.362646E-01 0.000000E+00 -5.483261E-01
    outer loop
      vertex -2.795274E+00 8.600000E+00 9.403008E+00
      vertex -2.909579E+00 8.600000E+00 9.577337E+00
      vertex -2.795274E+00 1.320000E+01 9.403008E+00
    endloop
  endfacet
  facet normal -6.876820E-01 0.000000E+00 -7.260121E-01
    outer loop
      vertex -2.909579E+00 1.320000E+01 9.577337E+00
      vertex -3.060924E+00 8.600000E+00 9.720693E+00
      vertex -3.060924E+00 1.320000E+01 9.720693E+00
    endloop
  endfacet
  facet normal -6.876820E-01 0.000000E+00 -7.260121E-01
    outer loop
      vertex -2.909579E+00 8.600000E+00 9.577337E+00
      vertex -3.060924E+00 8.600000E+00 9.720693E+00
      vertex -2.909579E+00 1.320000E+01 9.577337E+00
    endloop
  endfacet
  facet normal -5.022025E-01 0.000000E+00 -8.647501E-01
    outer loop
      vertex -3.060924E+00 1.320000E+01 9.720693E+00
      vertex -3.241191E+00 8.600000E+00 9.825382E+00
      vertex -3.241191E+00 1.320000E+01 9.825382E+00
    endloop
  endfacet
  facet normal -5.022025E-01 0.000000E+00 -8.647501E-01
    outer loop
      vertex -3.060924E+00 8.600000E+00 9.720693E+00
      vertex -3.241191E+00 8.600000E+00 9.825382E+00
      vertex -3.060924E+00 1.320000E+01 9.720693E+00
    endloop
  endfacet
  facet normal -2.897835E-01 0.000000E+00 -9.570922E-01
    outer loop
      vertex -3.241191E+00 1.320000E+01 9.825382E+00
      vertex -3.440707E+00 8.600000E+00 9.885791E+00
      vertex -3.440707E+00 1.320000E+01 9.885791E+00
    endloop
  endfacet
  facet normal -2.897835E-01 0.000000E+00 -9.570922E-01
    outer loop
      vertex -3.241191E+00 8.600000E+00 9.825382E+00
      vertex -3.440707E+00 8.600000E+00 9.885791E+00
      vertex -3.241191E+00 1.320000E+01 9.825382E+00
    endloop
  endfacet
  facet normal -6.181962E-02 0.000000E+00 -9.980873E-01
    outer loop
      vertex -3.440707E+00 1.320000E+01 9.885791E+00
      vertex -3.648770E+00 8.600000E+00 9.898678E+00
      vertex -3.648770E+00 1.320000E+01 9.898678E+00
    endloop
  endfacet
  facet normal -6.181962E-02 0.000000E+00 -9.980873E-01
    outer loop
      vertex -3.440707E+00 8.600000E+00 9.885791E+00
      vertex -3.648770E+00 8.600000E+00 9.898678E+00
      vertex -3.440707E+00 1.320000E+01 9.885791E+00
    endloop
  endfacet
  facet normal 1.694654E-01 0.000000E+00 -9.855362E-01
    outer loop
      vertex -3.648770E+00 1.320000E+01 9.898678E+00
      vertex -3.854216E+00 8.600000E+00 9.863351E+00
      vertex -3.854216E+00 1.320000E+01 9.863351E+00
    endloop
  endfacet
  facet normal 1.694654E-01 0.000000E+00 -9.855362E-01
    outer loop
      vertex -3.648770E+00 8.600000E+00 9.898678E+00
      vertex -3.854216E+00 8.600000E+00 9.863351E+00
      vertex -3.648770E+00 1.320000E+01 9.898678E+00
    endloop
  endfacet
  facet normal 3.916593E-01 0.000000E+00 -9.201103E-01
    outer loop
      vertex -3.854216E+00 1.320000E+01 9.863351E+00
      vertex -4.046024E+00 8.600000E+00 9.781705E+00
      vertex -4.046024E+00 1.320000E+01 9.781705E+00
    endloop
  endfacet
  facet normal 3.916593E-01 0.000000E+00 -9.201103E-01
    outer loop
      vertex -3.854216E+00 8.600000E+00 9.863351E+00
      vertex -4.046024E+00 8.600000E+00 9.781705E+00
      vertex -3.854216E+00 1.320000E+01 9.863351E+00
    endloop
  endfacet
  facet normal 5.928346E-01 0.000000E+00 -8.053243E-01
    outer loop
      vertex -4.046024E+00 1.320000E+01 9.781705E+00
      vertex -4.213902E+00 8.600000E+00 9.658122E+00
      vertex -4.213902E+00 1.320000E+01 9.658122E+00
    endloop
  endfacet
  facet normal 5.928346E-01 0.000000E+00 -8.053243E-01
    outer loop
      vertex -4.046024E+00 8.600000E+00 9.781705E+00
      vertex -4.213902E+00 8.600000E+00 9.658122E+00
      vertex -4.046024E+00 1.320000E+01 9.781705E+00
    endloop
  endfacet
  facet normal 7.622113E-01 0.000000E+00 -6.473284E-01
    outer loop
      vertex -4.213902E+00 1.320000E+01 9.658122E+00
      vertex -4.348845E+00 8.600000E+00 9.499230E+00
      vertex -4.348845E+00 1.320000E+01 9.499230E+00
    endloop
  endfacet
  facet normal 8.823327E-01 0.000000E+00 -4.706263E-01
    outer loop
      vertex -4.348845E+00 1.320000E+01 9.499230E+00
      vertex -4.348845E+00 8.600000E+00 9.499230E+00
      vertex -4.431732E+00 1.320000E+01 9.343835E+00
    endloop
  endfacet
  facet normal 7.622113E-01 0.000000E+00 -6.473284E-01
    outer loop
      vertex -4.213902E+00 8.600000E+00 9.658122E+00
      vertex -4.348845E+00 8.600000E+00 9.499230E+00
      vertex -4.213902E+00 1.320000E+01 9.658122E+00
    endloop
  endfacet
  facet normal 9.570917E-01 0.000000E+00 -2.897852E-01
    outer loop
      vertex -4.431732E+00 1.320000E+01 9.343835E+00
      vertex -4.431732E+00 8.600000E+00 9.343835E+00
      vertex -4.482768E+00 1.320000E+01 9.175274E+00
    endloop
  endfacet
  facet normal 8.823327E-01 0.000000E+00 -4.706263E-01
    outer loop
      vertex -4.348845E+00 8.600000E+00 9.499230E+00
      vertex -4.431732E+00 8.600000E+00 9.343835E+00
      vertex -4.431732E+00 1.320000E+01 9.343835E+00
    endloop
  endfacet
  facet normal 9.952019E-01 0.000000E+00 -9.784264E-02
    outer loop
      vertex -4.482768E+00 1.320000E+01 9.175274E+00
      vertex -4.482768E+00 8.600000E+00 9.175274E+00
      vertex -4.500000E+00 1.320000E+01 9.000000E+00
    endloop
  endfacet
  facet normal 9.570917E-01 0.000000E+00 -2.897852E-01
    outer loop
      vertex -4.431732E+00 8.600000E+00 9.343835E+00
      vertex -4.482768E+00 8.600000E+00 9.175274E+00
      vertex -4.482768E+00 1.320000E+01 9.175274E+00
    endloop
  endfacet
  facet normal 9.952019E-01 0.000000E+00 -9.784264E-02
    outer loop
      vertex -4.482768E+00 8.600000E+00 9.175274E+00
      vertex -4.500000E+00 8.600000E+00 9.000000E+00
      vertex -4.500000E+00 1.320000E+01 9.000000E+00
    endloop
  endfacet
  facet normal 0.000000E+00 7.532050E-01 -6.577858E-01
    outer loop
      vertex 1.607107E+00 1.290711E+01 2.928932E-01
      vertex -3.480711E+01 1.290711E+01 2.928932E-01
      vertex -3.489587E+01 1.299587E+01 3.945358E-01
    endloop
  endfacet
  facet normal -4.721732E-05 8.348983E-01 -5.504043E-01
    outer loop
      vertex 1.752640E+00 1.305264E+01 4.775014E-01
      vertex -3.489587E+01 1.299587E+01 3.945358E-01
      vertex -3.497015E+01 1.307014E+01 5.072043E-01
    endloop
  endfacet
  facet normal 1.853996E-04 7.852455E-01 -6.191846E-01
    outer loop
      vertex 1.752640E+00 1.305264E+01 4.775014E-01
      vertex 1.607107E+00 1.290711E+01 2.928932E-01
      vertex -3.489587E+01 1.299587E+01 3.945358E-01
    endloop
  endfacet
  facet normal -3.262108E-05 9.092034E-01 -4.163525E-01
    outer loop
      vertex 1.836274E+00 1.313627E+01 6.487302E-01
      vertex -3.497015E+01 1.307014E+01 5.072043E-01
      vertex -3.504157E+01 1.314157E+01 6.631841E-01
    endloop
  endfacet
  facet normal 7.329478E-05 8.985306E-01 -4.389109E-01
    outer loop
      vertex 1.836274E+00 1.313627E+01 6.487302E-01
      vertex 1.752640E+00 1.305264E+01 4.775014E-01
      vertex -3.497015E+01 1.307014E+01 5.072043E-01
    endloop
  endfacet
  facet normal -2.275643E-05 9.669890E-01 -2.548181E-01
    outer loop
      vertex 1.883445E+00 1.318344E+01 8.187943E-01
      vertex -3.504157E+01 1.314157E+01 6.631841E-01
      vertex -3.508529E+01 1.318528E+01 8.290768E-01
    endloop
  endfacet
  facet normal 3.361725E-05 9.636168E-01 -2.672876E-01
    outer loop
      vertex 1.883445E+00 1.318344E+01 8.187943E-01
      vertex 1.836274E+00 1.313627E+01 6.487302E-01
      vertex -3.504157E+01 1.314157E+01 6.631841E-01
    endloop
  endfacet
  facet normal -9.926450E-05 9.963138E-01 -8.578364E-02
    outer loop
      vertex 1.895853E+00 1.319585E+01 9.090198E-01
      vertex -3.508529E+01 1.318528E+01 8.290768E-01
      vertex -3.510000E+01 1.320000E+01 1.000000E+00
    endloop
  endfacet
  facet normal 1.140562E-05 9.906767E-01 -1.362338E-01
    outer loop
      vertex 1.895853E+00 1.319585E+01 9.090198E-01
      vertex 1.883445E+00 1.318344E+01 8.187943E-01
      vertex -3.508529E+01 1.318528E+01 8.290768E-01
    endloop
  endfacet
  facet normal 0.000000E+00 9.989626E-01 -4.553986E-02
    outer loop
      vertex 1.900000E+00 1.320000E+01 1.000000E+00
      vertex 1.895853E+00 1.319585E+01 9.090198E-01
      vertex -3.510000E+01 1.320000E+01 1.000000E+00
    endloop
  endfacet
  facet normal -7.531980E-01 -0.000000E+00 -6.577938E-01
    outer loop
      vertex -3.480711E+01 1.290711E+01 2.928932E-01
      vertex -3.480711E+01 9.907106E+00 2.928932E-01
      vertex -3.489587E+01 9.995872E+00 3.945358E-01
    endloop
  endfacet
  facet normal -8.349126E-01 -0.000000E+00 -5.503826E-01
    outer loop
      vertex -3.489587E+01 1.299587E+01 3.945358E-01
      vertex -3.489587E+01 9.995872E+00 3.945358E-01
      vertex -3.497015E+01 1.007014E+01 5.072043E-01
    endloop
  endfacet
  facet normal -7.531980E-01 -0.000000E+00 -6.577938E-01
    outer loop
      vertex -3.489587E+01 1.299587E+01 3.945358E-01
      vertex -3.480711E+01 1.290711E+01 2.928932E-01
      vertex -3.489587E+01 9.995872E+00 3.945358E-01
    endloop
  endfacet
  facet normal -9.092153E-01 -0.000000E+00 -4.163263E-01
    outer loop
      vertex -3.497015E+01 1.307014E+01 5.072043E-01
      vertex -3.497015E+01 1.007014E+01 5.072043E-01
      vertex -3.504157E+01 1.014157E+01 6.631841E-01
    endloop
  endfacet
  facet normal -8.349126E-01 -0.000000E+00 -5.503826E-01
    outer loop
      vertex -3.497015E+01 1.307014E+01 5.072043E-01
      vertex -3.489587E+01 1.299587E+01 3.945358E-01
      vertex -3.497015E+01 1.007014E+01 5.072043E-01
    endloop
  endfacet
  facet normal -9.669877E-01 -0.000000E+00 -2.548228E-01
    outer loop
      vertex -3.504157E+01 1.314157E+01 6.631841E-01
      vertex -3.504157E+01 1.014157E+01 6.631841E-01
      vertex -3.508529E+01 1.018528E+01 8.290768E-01
    endloop
  endfacet
  facet normal -9.092153E-01 -0.000000E+00 -4.163263E-01
    outer loop
      vertex -3.504157E+01 1.314157E+01 6.631841E-01
      vertex -3.497015E+01 1.307014E+01 5.072043E-01
      vertex -3.504157E+01 1.014157E+01 6.631841E-01
    endloop
  endfacet
  facet normal -9.963155E-01 -0.000000E+00 -8.576412E-02
    outer loop
      vertex -3.508529E+01 1.318528E+01 8.290768E-01
      vertex -3.508529E+01 1.018528E+01 8.290768E-01
      vertex -3.510000E+01 1.020000E+01 1.000000E+00
    endloop
  endfacet
  facet normal -9.669877E-01 -0.000000E+00 -2.548228E-01
    outer loop
      vertex -3.508529E+01 1.318528E+01 8.290768E-01
      vertex -3.504157E+01 1.314157E+01 6.631841E-01
      vertex -3.508529E+01 1.018528E+01 8.290768E-01
    endloop
  endfacet
  facet normal -9.963155E-01 -0.000000E+00 -8.576412E-02
    outer loop
      vertex -3.510000E+01 1.320000E+01 1.000000E+00
      vertex -3.508529E+01 1.318528E+01 8.290768E-01
      vertex -3.510000E+01 1.020000E+01 1.000000E+00
    endloop
  endfacet
  facet normal -3.143097E-01 -5.510538E-01 -7.730130E-01
    outer loop
      vertex -4.090711E+01 -7.229873E+00 2.928932E-01
      vertex -4.433851E+01 -5.272670E+00 2.928932E-01
      vertex -4.426343E+01 -5.141040E+00 1.685304E-01
    endloop
  endfacet
  facet normal -2.344686E-01 -4.089526E-01 -8.819197E-01
    outer loop
      vertex -4.070000E+01 -7.109574E+00 1.339746E-01
      vertex -4.426343E+01 -5.141040E+00 1.685304E-01
      vertex -4.417778E+01 -4.990864E+00 7.612047E-02
    endloop
  endfacet
  facet normal -3.005198E-01 -5.300807E-01 -7.929075E-01
    outer loop
      vertex -4.070000E+01 -7.109574E+00 1.339746E-01
      vertex -4.090711E+01 -7.229873E+00 2.928932E-01
      vertex -4.426343E+01 -5.141040E+00 1.685304E-01
    endloop
  endfacet
  facet normal -1.447043E-01 -2.516467E-01 -9.569402E-01
    outer loop
      vertex -4.045882E+01 -6.969484E+00 3.407417E-02
      vertex -4.417778E+01 -4.990864E+00 7.612047E-02
      vertex -4.408483E+01 -4.827914E+00 1.921472E-02
    endloop
  endfacet
  facet normal -1.883136E-01 -3.343251E-01 -9.234526E-01
    outer loop
      vertex -4.045882E+01 -6.969484E+00 3.407417E-02
      vertex -4.070000E+01 -7.109574E+00 1.339746E-01
      vertex -4.417778E+01 -4.990864E+00 7.612047E-02
    endloop
  endfacet
  facet normal -4.856291E-02 -8.514141E-02 -9.951847E-01
    outer loop
      vertex -4.020000E+01 -6.819149E+00 0.000000E+00
      vertex -4.408483E+01 -4.827914E+00 1.921472E-02
      vertex -4.398817E+01 -4.658452E+00 0.000000E+00
    endloop
  endfacet
  facet normal -6.378493E-02 -1.148762E-01 -9.913298E-01
    outer loop
      vertex -4.020000E+01 -6.819149E+00 0.000000E+00
      vertex -4.045882E+01 -6.969484E+00 3.407417E-02
      vertex -4.408483E+01 -4.827914E+00 1.921472E-02
    endloop
  endfacet
  facet normal -3.506646E-01 3.180795E-01 -8.808290E-01
    outer loop
      vertex -4.524706E+01 -5.371793E-01 1.685304E-01
      vertex -4.480163E+01 -4.611712E-02 1.685304E-01
      vertex -4.468649E+01 -1.750812E-01 7.612047E-02
    endloop
  endfacet
  facet normal -4.524145E-01 6.289147E-01 -6.322874E-01
    outer loop
      vertex -4.498538E+01 1.596887E-01 4.444298E-01
      vertex -4.440013E+01 5.806960E-01 4.444298E-01
      vertex -4.433851E+01 4.726700E-01 2.928932E-01
    endloop
  endfacet
  facet normal -4.524148E-01 6.289164E-01 -6.322855E-01
    outer loop
      vertex -4.498538E+01 1.596887E-01 4.444298E-01
      vertex -4.433851E+01 4.726700E-01 2.928932E-01
      vertex -4.490256E+01 6.692086E-02 2.928932E-01
    endloop
  endfacet
  facet normal -2.522899E-01 1.465428E-01 -9.564910E-01
    outer loop
      vertex -4.542227E+01 -1.181121E+00 7.612047E-02
      vertex -4.495610E+01 -7.499806E-01 1.921472E-02
      vertex -4.525105E+01 -1.257781E+00 1.921472E-02
    endloop
  endfacet
  facet normal -2.522917E-01 1.465449E-01 -9.564902E-01
    outer loop
      vertex -4.542227E+01 -1.181121E+00 7.612047E-02
      vertex -4.510751E+01 -6.392392E-01 7.612047E-02
      vertex -4.495610E+01 -7.499806E-01 1.921472E-02
    endloop
  endfacet
  facet normal -4.714402E-01 4.276308E-01 -7.712821E-01
    outer loop
      vertex -4.536938E+01 -4.477231E-01 2.928932E-01
      vertex -4.490256E+01 6.692086E-02 2.928932E-01
      vertex -4.480163E+01 -4.611712E-02 1.685304E-01
    endloop
  endfacet
  facet normal -4.714415E-01 4.276333E-01 -7.712799E-01
    outer loop
      vertex -4.536938E+01 -4.477231E-01 2.928932E-01
      vertex -4.480163E+01 -4.611712E-02 1.685304E-01
      vertex -4.524706E+01 -5.371793E-01 1.685304E-01
    endloop
  endfacet
  facet normal -1.119607E-01 7.119634E-03 -9.936872E-01
    outer loop
      vertex -4.543340E+01 -1.816001E+00 1.921472E-02
      vertex -4.530000E+01 -2.400000E+00 0.000000E+00
      vertex -4.552252E+01 -2.400000E+00 2.507209E-02
    endloop
  endfacet
  facet normal -9.368547E-02 3.060325E-02 -9.951314E-01
    outer loop
      vertex -4.543340E+01 -1.816001E+00 1.921472E-02
      vertex -4.507299E+01 -1.337505E+00 0.000000E+00
      vertex -4.524261E+01 -1.856763E+00 0.000000E+00
    endloop
  endfacet
  facet normal -9.801192E-02 1.035342E-02 -9.951314E-01
    outer loop
      vertex -4.543340E+01 -1.816001E+00 1.921472E-02
      vertex -4.524261E+01 -1.856763E+00 0.000000E+00
      vertex -4.530000E+01 -2.400000E+00 0.000000E+00
    endloop
  endfacet
  facet normal -9.368484E-02 3.060278E-02 -9.951315E-01
    outer loop
      vertex -4.543340E+01 -1.816001E+00 1.921472E-02
      vertex -4.525105E+01 -1.257781E+00 1.921472E-02
      vertex -4.507299E+01 -1.337505E+00 0.000000E+00
    endloop
  endfacet
  facet normal -5.156400E-01 7.168081E-01 -4.693629E-01
    outer loop
      vertex -4.504693E+01 2.286215E-01 6.173165E-01
      vertex -4.444591E+01 6.609665E-01 6.173165E-01
      vertex -4.440013E+01 5.806960E-01 4.444298E-01
    endloop
  endfacet
  facet normal -5.156398E-01 7.168062E-01 -4.693659E-01
    outer loop
      vertex -4.504693E+01 2.286215E-01 6.173165E-01
      vertex -4.440013E+01 5.806960E-01 4.444298E-01
      vertex -4.498538E+01 1.596887E-01 4.444298E-01
    endloop
  endfacet
  facet normal -4.093809E-01 2.377892E-01 -8.808312E-01
    outer loop
      vertex -4.558006E+01 -1.110470E+00 1.685304E-01
      vertex -4.524706E+01 -5.371793E-01 1.685304E-01
      vertex -4.510751E+01 -6.392392E-01 7.612047E-02
    endloop
  endfacet
  facet normal -4.093838E-01 2.377926E-01 -8.808289E-01
    outer loop
      vertex -4.558006E+01 -1.110470E+00 1.685304E-01
      vertex -4.510751E+01 -6.392392E-01 7.612047E-02
      vertex -4.542227E+01 -1.181121E+00 7.612047E-02
    endloop
  endfacet
  facet normal -5.738338E-01 5.205100E-01 -6.322848E-01
    outer loop
      vertex -4.546976E+01 -3.743083E-01 4.444298E-01
      vertex -4.498538E+01 1.596887E-01 4.444298E-01
      vertex -4.490256E+01 6.692086E-02 2.928932E-01
    endloop
  endfacet
  facet normal -5.738333E-01 5.205089E-01 -6.322861E-01
    outer loop
      vertex -4.546976E+01 -3.743083E-01 4.444298E-01
      vertex -4.490256E+01 6.692086E-02 2.928932E-01
      vertex -4.536938E+01 -4.477231E-01 2.928932E-01
    endloop
  endfacet
  facet normal -3.301584E-01 2.731394E-02 -9.435302E-01
    outer loop
      vertex -4.561685E+01 -1.776806E+00 7.612047E-02
      vertex -4.552252E+01 -2.400000E+00 2.507209E-02
      vertex -4.573388E+01 -2.400000E+00 9.903114E-02
    endloop
  endfacet
  facet normal -2.893466E-01 3.456206E-02 -9.566002E-01
    outer loop
      vertex -4.561685E+01 -1.776806E+00 7.612047E-02
      vertex -4.543340E+01 -1.816001E+00 1.921472E-02
      vertex -4.552252E+01 -2.400000E+00 2.507209E-02
    endloop
  endfacet
  facet normal -2.773402E-01 9.059474E-02 -9.564910E-01
    outer loop
      vertex -4.561685E+01 -1.776806E+00 7.612047E-02
      vertex -4.542227E+01 -1.181121E+00 7.612047E-02
      vertex -4.525105E+01 -1.257781E+00 1.921472E-02
    endloop
  endfacet
  facet normal -2.773409E-01 9.059525E-02 -9.564908E-01
    outer loop
      vertex -4.561685E+01 -1.776806E+00 7.612047E-02
      vertex -4.525105E+01 -1.257781E+00 1.921472E-02
      vertex -4.543340E+01 -1.816001E+00 1.921472E-02
    endloop
  endfacet
  facet normal -5.590756E-01 7.771879E-01 -2.888138E-01
    outer loop
      vertex -4.508483E+01 2.710701E-01 8.049097E-01
      vertex -4.447411E+01 7.103969E-01 8.049097E-01
      vertex -4.444591E+01 6.609665E-01 6.173165E-01
    endloop
  endfacet
  facet normal -5.590754E-01 7.771891E-01 -2.888111E-01
    outer loop
      vertex -4.508483E+01 2.710701E-01 8.049097E-01
      vertex -4.444591E+01 6.609665E-01 6.173165E-01
      vertex -4.504693E+01 2.286215E-01 6.173165E-01
    endloop
  endfacet
  facet normal -5.811796E-01 8.079154E-01 -9.748343E-02
    outer loop
      vertex -4.508483E+01 2.710701E-01 8.049097E-01
      vertex -4.509763E+01 2.854032E-01 1.000000E+00
      vertex -4.447411E+01 7.103969E-01 8.049097E-01
    endloop
  endfacet
  facet normal -5.811797E-01 8.079152E-01 -9.748438E-02
    outer loop
      vertex -4.509763E+01 2.854032E-01 1.000000E+00
      vertex -4.448363E+01 7.270874E-01 1.000000E+00
      vertex -4.447411E+01 7.103969E-01 8.049097E-01
    endloop
  endfacet
  facet normal -5.503857E-01 3.196920E-01 -7.712799E-01
    outer loop
      vertex -4.571836E+01 -1.048544E+00 2.928932E-01
      vertex -4.536938E+01 -4.477231E-01 2.928932E-01
      vertex -4.524706E+01 -5.371793E-01 1.685304E-01
    endloop
  endfacet
  facet normal -5.503855E-01 3.196919E-01 -7.712799E-01
    outer loop
      vertex -4.571836E+01 -1.048544E+00 2.928932E-01
      vertex -4.524706E+01 -5.371793E-01 1.685304E-01
      vertex -4.558006E+01 -1.110470E+00 1.685304E-01
    endloop
  endfacet
  facet normal -6.540269E-01 5.932488E-01 -4.693664E-01
    outer loop
      vertex -4.554435E+01 -3.197561E-01 6.173165E-01
      vertex -4.504693E+01 2.286215E-01 6.173165E-01
      vertex -4.498538E+01 1.596887E-01 4.444298E-01
    endloop
  endfacet
  facet normal -6.540279E-01 5.932519E-01 -4.693609E-01
    outer loop
      vertex -4.554435E+01 -3.197561E-01 6.173165E-01
      vertex -4.498538E+01 1.596887E-01 4.444298E-01
      vertex -4.546976E+01 -3.743083E-01 4.444298E-01
    endloop
  endfacet
  facet normal -5.314396E-01 4.720780E-02 -8.457798E-01
    outer loop
      vertex -4.578592E+01 -1.740683E+00 1.685304E-01
      vertex -4.573388E+01 -2.400000E+00 9.903114E-02
      vertex -4.592349E+01 -2.400000E+00 2.181685E-01
    endloop
  endfacet
  facet normal -4.696549E-01 5.580601E-02 -8.810846E-01
    outer loop
      vertex -4.578592E+01 -1.740683E+00 1.685304E-01
      vertex -4.561685E+01 -1.776806E+00 7.612047E-02
      vertex -4.573388E+01 -2.400000E+00 9.903114E-02
    endloop
  endfacet
  facet normal -4.500329E-01 1.470067E-01 -8.808288E-01
    outer loop
      vertex -4.578592E+01 -1.740683E+00 1.685304E-01
      vertex -4.558006E+01 -1.110470E+00 1.685304E-01
      vertex -4.542227E+01 -1.181121E+00 7.612047E-02
    endloop
  endfacet
  facet normal -4.500309E-01 1.470051E-01 -8.808301E-01
    outer loop
      vertex -4.578592E+01 -1.740683E+00 1.685304E-01
      vertex -4.542227E+01 -1.181121E+00 7.612047E-02
      vertex -4.561685E+01 -1.776806E+00 7.612047E-02
    endloop
  endfacet
  facet normal -6.699232E-01 3.891244E-01 -6.322855E-01
    outer loop
      vertex -4.583187E+01 -9.977233E-01 4.444298E-01
      vertex -4.546976E+01 -3.743083E-01 4.444298E-01
      vertex -4.536938E+01 -4.477231E-01 2.928932E-01
    endloop
  endfacet
  facet normal -6.699246E-01 3.891263E-01 -6.322830E-01
    outer loop
      vertex -4.583187E+01 -9.977233E-01 4.444298E-01
      vertex -4.536938E+01 -4.477231E-01 2.928932E-01
      vertex -4.571836E+01 -1.048544E+00 2.928932E-01
    endloop
  endfacet
  facet normal -7.091201E-01 6.432223E-01 -2.888146E-01
    outer loop
      vertex -4.559028E+01 -2.861631E-01 8.049097E-01
      vertex -4.504693E+01 2.286215E-01 6.173165E-01
      vertex -4.554435E+01 -3.197561E-01 6.173165E-01
    endloop
  endfacet
  facet normal -7.371557E-01 6.686541E-01 -9.748420E-02
    outer loop
      vertex -4.559028E+01 -2.861631E-01 8.049097E-01
      vertex -4.560579E+01 -2.748201E-01 1.000000E+00
      vertex -4.509763E+01 2.854032E-01 1.000000E+00
    endloop
  endfacet
  facet normal -7.371556E-01 6.686541E-01 -9.748438E-02
    outer loop
      vertex -4.559028E+01 -2.861631E-01 8.049097E-01
      vertex -4.509763E+01 2.854032E-01 1.000000E+00
      vertex -4.508483E+01 2.710701E-01 8.049097E-01
    endloop
  endfacet
  facet normal -7.091202E-01 6.432239E-01 -2.888105E-01
    outer loop
      vertex -4.559028E+01 -2.861631E-01 8.049097E-01
      vertex -4.508483E+01 2.710701E-01 8.049097E-01
      vertex -4.504693E+01 2.286215E-01 6.173165E-01
    endloop
  endfacet
  facet normal -7.055847E-01 6.545313E-02 -7.055962E-01
    outer loop
      vertex -4.593412E+01 -1.709022E+00 2.928932E-01
      vertex -4.592349E+01 -2.400000E+00 2.181685E-01
      vertex -4.608183E+01 -2.400000E+00 3.765102E-01
    endloop
  endfacet
  facet normal -6.050300E-01 1.976376E-01 -7.712834E-01
    outer loop
      vertex -4.593412E+01 -1.709022E+00 2.928932E-01
      vertex -4.558006E+01 -1.110470E+00 1.685304E-01
      vertex -4.578592E+01 -1.740683E+00 1.685304E-01
    endloop
  endfacet
  facet normal -6.317902E-01 7.372872E-02 -7.716251E-01
    outer loop
      vertex -4.593412E+01 -1.709022E+00 2.928932E-01
      vertex -4.578592E+01 -1.740683E+00 1.685304E-01
      vertex -4.592349E+01 -2.400000E+00 2.181685E-01
    endloop
  endfacet
  facet normal -6.050335E-01 1.976404E-01 -7.712800E-01
    outer loop
      vertex -4.593412E+01 -1.709022E+00 2.928932E-01
      vertex -4.571836E+01 -1.048544E+00 2.928932E-01
      vertex -4.558006E+01 -1.110470E+00 1.685304E-01
    endloop
  endfacet
  facet normal -7.635429E-01 4.435033E-01 -4.693689E-01
    outer loop
      vertex -4.591621E+01 -9.599598E-01 6.173165E-01
      vertex -4.546976E+01 -3.743083E-01 4.444298E-01
      vertex -4.583187E+01 -9.977233E-01 4.444298E-01
    endloop
  endfacet
  facet normal -7.635454E-01 4.435077E-01 -4.693606E-01
    outer loop
      vertex -4.591621E+01 -9.599598E-01 6.173165E-01
      vertex -4.554435E+01 -3.197561E-01 6.173165E-01
      vertex -4.546976E+01 -3.743083E-01 4.444298E-01
    endloop
  endfacet
  facet normal -5.755358E-02 8.000729E-02 -9.951314E-01
    outer loop
      vertex -4.456155E+01 -3.150154E-01 1.921472E-02
      vertex -4.408483E+01 2.791434E-02 1.921472E-02
      vertex -4.398817E+01 -1.415480E-01 0.000000E+00
    endloop
  endfacet
  facet normal -8.439460E-01 8.095787E-02 -5.302838E-01
    outer loop
      vertex -4.605573E+01 -1.683038E+00 4.444298E-01
      vertex -4.608183E+01 -2.400000E+00 3.765102E-01
      vertex -4.620097E+01 -2.400000E+00 5.661163E-01
    endloop
  endfacet
  facet normal -7.694594E-01 8.794012E-02 -6.326125E-01
    outer loop
      vertex -4.605573E+01 -1.683038E+00 4.444298E-01
      vertex -4.593412E+01 -1.709022E+00 2.928932E-01
      vertex -4.608183E+01 -2.400000E+00 3.765102E-01
    endloop
  endfacet
  facet normal -5.755341E-02 8.000670E-02 -9.951314E-01
    outer loop
      vertex -4.456155E+01 -3.150154E-01 1.921472E-02
      vertex -4.398817E+01 -1.415480E-01 0.000000E+00
      vertex -4.443162E+01 -4.605422E-01 0.000000E+00
    endloop
  endfacet
  facet normal -7.364407E-01 2.405659E-01 -6.322840E-01
    outer loop
      vertex -4.605573E+01 -1.683038E+00 4.444298E-01
      vertex -4.571836E+01 -1.048544E+00 2.928932E-01
      vertex -4.593412E+01 -1.709022E+00 2.928932E-01
    endloop
  endfacet
  facet normal -7.364419E-01 2.405669E-01 -6.322824E-01
    outer loop
      vertex -4.605573E+01 -1.683038E+00 4.444298E-01
      vertex -4.583187E+01 -9.977233E-01 4.444298E-01
      vertex -4.571836E+01 -1.048544E+00 2.928932E-01
    endloop
  endfacet
  facet normal -8.605926E-01 4.998770E-01 -9.748489E-02
    outer loop
      vertex -4.596815E+01 -9.367051E-01 8.049097E-01
      vertex -4.560579E+01 -2.748201E-01 1.000000E+00
      vertex -4.559028E+01 -2.861631E-01 8.049097E-01
    endloop
  endfacet
  facet normal -8.605946E-01 4.998754E-01 -9.747583E-02
    outer loop
      vertex -4.596815E+01 -9.367051E-01 8.049097E-01
      vertex -4.598568E+01 -9.288530E-01 1.000000E+00
      vertex -4.560579E+01 -2.748201E-01 1.000000E+00
    endloop
  endfacet
  facet normal -8.278620E-01 4.808663E-01 -2.888120E-01
    outer loop
      vertex -4.596815E+01 -9.367051E-01 8.049097E-01
      vertex -4.554435E+01 -3.197561E-01 6.173165E-01
      vertex -4.591621E+01 -9.599598E-01 6.173165E-01
    endloop
  endfacet
  facet normal -1.703770E-01 2.368465E-01 -9.564912E-01
    outer loop
      vertex -4.468649E+01 -1.750812E-01 7.612047E-02
      vertex -4.417778E+01 1.908644E-01 7.612047E-02
      vertex -4.408483E+01 2.791434E-02 1.921472E-02
    endloop
  endfacet
  facet normal -8.278615E-01 4.808651E-01 -2.888149E-01
    outer loop
      vertex -4.596815E+01 -9.367051E-01 8.049097E-01
      vertex -4.559028E+01 -2.861631E-01 8.049097E-01
      vertex -4.554435E+01 -3.197561E-01 6.173165E-01
    endloop
  endfacet
  facet normal -9.398008E-01 9.290223E-02 -3.288519E-01
    outer loop
      vertex -4.614610E+01 -1.663730E+00 6.173165E-01
      vertex -4.620097E+01 -2.400000E+00 5.661163E-01
      vertex -4.627493E+01 -2.400000E+00 7.774791E-01
    endloop
  endfacet
  facet normal -8.774241E-01 9.804087E-02 -4.695902E-01
    outer loop
      vertex -4.614610E+01 -1.663730E+00 6.173165E-01
      vertex -4.605573E+01 -1.683038E+00 4.444298E-01
      vertex -4.620097E+01 -2.400000E+00 5.661163E-01
    endloop
  endfacet
  facet normal -8.393570E-01 2.741853E-01 -4.693636E-01
    outer loop
      vertex -4.614610E+01 -1.663730E+00 6.173165E-01
      vertex -4.583187E+01 -9.977233E-01 4.444298E-01
      vertex -4.605573E+01 -1.683038E+00 4.444298E-01
    endloop
  endfacet
  facet normal -1.703773E-01 2.368475E-01 -9.564909E-01
    outer loop
      vertex -4.468649E+01 -1.750812E-01 7.612047E-02
      vertex -4.408483E+01 2.791434E-02 1.921472E-02
      vertex -4.456155E+01 -3.150154E-01 1.921472E-02
    endloop
  endfacet
  facet normal -8.393547E-01 2.741827E-01 -4.693693E-01
    outer loop
      vertex -4.614610E+01 -1.663730E+00 6.173165E-01
      vertex -4.591621E+01 -9.599598E-01 6.173165E-01
      vertex -4.583187E+01 -9.977233E-01 4.444298E-01
    endloop
  endfacet
  facet normal -9.886540E-01 1.007788E-01 -1.113861E-01
    outer loop
      vertex -4.620176E+01 -1.651840E+00 8.049097E-01
      vertex -4.627493E+01 -2.400000E+00 7.774791E-01
      vertex -4.630000E+01 -2.400000E+00 1.000000E+00
    endloop
  endfacet
  facet normal -9.897322E-01 1.045508E-01 -9.746370E-02
    outer loop
      vertex -4.620176E+01 -1.651840E+00 8.049097E-01
      vertex -4.630000E+01 -2.400000E+00 1.000000E+00
      vertex -4.622054E+01 -1.647825E+00 1.000000E+00
    endloop
  endfacet
  facet normal -9.460435E-01 3.090346E-01 -9.746448E-02
    outer loop
      vertex -4.620176E+01 -1.651840E+00 8.049097E-01
      vertex -4.622054E+01 -1.647825E+00 1.000000E+00
      vertex -4.598568E+01 -9.288530E-01 1.000000E+00
    endloop
  endfacet
  facet normal -7.299934E-02 6.621596E-02 -9.951314E-01
    outer loop
      vertex -4.495610E+01 -7.499806E-01 1.921472E-02
      vertex -4.443162E+01 -4.605422E-01 0.000000E+00
      vertex -4.479863E+01 -8.651479E-01 0.000000E+00
    endloop
  endfacet
  facet normal -9.517243E-01 1.036759E-01 -2.889158E-01
    outer loop
      vertex -4.620176E+01 -1.651840E+00 8.049097E-01
      vertex -4.614610E+01 -1.663730E+00 6.173165E-01
      vertex -4.627493E+01 -2.400000E+00 7.774791E-01
    endloop
  endfacet
  facet normal -9.100606E-01 2.972833E-01 -2.888119E-01
    outer loop
      vertex -4.620176E+01 -1.651840E+00 8.049097E-01
      vertex -4.596815E+01 -9.367051E-01 8.049097E-01
      vertex -4.591621E+01 -9.599598E-01 6.173165E-01
    endloop
  endfacet
  facet normal -9.100580E-01 2.972786E-01 -2.888254E-01
    outer loop
      vertex -4.620176E+01 -1.651840E+00 8.049097E-01
      vertex -4.591621E+01 -9.599598E-01 6.173165E-01
      vertex -4.614610E+01 -1.663730E+00 6.173165E-01
    endloop
  endfacet
  facet normal -9.460416E-01 3.090370E-01 -9.747548E-02
    outer loop
      vertex -4.620176E+01 -1.651840E+00 8.049097E-01
      vertex -4.598568E+01 -9.288530E-01 1.000000E+00
      vertex -4.596815E+01 -9.367051E-01 8.049097E-01
    endloop
  endfacet
  facet normal -7.299933E-02 6.621594E-02 -9.951314E-01
    outer loop
      vertex -4.495610E+01 -7.499806E-01 1.921472E-02
      vertex -4.456155E+01 -3.150154E-01 1.921472E-02
      vertex -4.443162E+01 -4.605422E-01 0.000000E+00
    endloop
  endfacet
  facet normal -2.764671E-01 3.843264E-01 -8.808287E-01
    outer loop
      vertex -4.480163E+01 -4.611712E-02 1.685304E-01
      vertex -4.426343E+01 3.410400E-01 1.685304E-01
      vertex -4.417778E+01 1.908644E-01 7.612047E-02
    endloop
  endfacet
  facet normal -2.764668E-01 3.843255E-01 -8.808292E-01
    outer loop
      vertex -4.480163E+01 -4.611712E-02 1.685304E-01
      vertex -4.417778E+01 1.908644E-01 7.612047E-02
      vertex -4.468649E+01 -1.750812E-01 7.612047E-02
    endloop
  endfacet
  facet normal -2.161035E-01 1.960213E-01 -9.564909E-01
    outer loop
      vertex -4.510751E+01 -6.392392E-01 7.612047E-02
      vertex -4.468649E+01 -1.750812E-01 7.612047E-02
      vertex -4.456155E+01 -3.150154E-01 1.921472E-02
    endloop
  endfacet
  facet normal -2.161047E-01 1.960234E-01 -9.564902E-01
    outer loop
      vertex -4.510751E+01 -6.392392E-01 7.612047E-02
      vertex -4.456155E+01 -3.150154E-01 1.921472E-02
      vertex -4.495610E+01 -7.499806E-01 1.921472E-02
    endloop
  endfacet
  facet normal -3.716865E-01 5.166935E-01 -7.712827E-01
    outer loop
      vertex -4.490256E+01 6.692086E-02 2.928932E-01
      vertex -4.433851E+01 4.726700E-01 2.928932E-01
      vertex -4.426343E+01 3.410400E-01 1.685304E-01
    endloop
  endfacet
  facet normal -3.716869E-01 5.166947E-01 -7.712818E-01
    outer loop
      vertex -4.490256E+01 6.692086E-02 2.928932E-01
      vertex -4.426343E+01 3.410400E-01 1.685304E-01
      vertex -4.480163E+01 -4.611712E-02 1.685304E-01
    endloop
  endfacet
  facet normal -8.522300E-02 4.950173E-02 -9.951314E-01
    outer loop
      vertex -4.525105E+01 -1.257781E+00 1.921472E-02
      vertex -4.479863E+01 -8.651479E-01 0.000000E+00
      vertex -4.507299E+01 -1.337505E+00 0.000000E+00
    endloop
  endfacet
  facet normal -8.522323E-02 4.950198E-02 -9.951314E-01
    outer loop
      vertex -4.525105E+01 -1.257781E+00 1.921472E-02
      vertex -4.495610E+01 -7.499806E-01 1.921472E-02
      vertex -4.479863E+01 -8.651479E-01 0.000000E+00
    endloop
  endfacet
  facet normal -3.506627E-01 3.180760E-01 -8.808311E-01
    outer loop
      vertex -4.524706E+01 -5.371793E-01 1.685304E-01
      vertex -4.468649E+01 -1.750812E-01 7.612047E-02
      vertex -4.510751E+01 -6.392392E-01 7.612047E-02
    endloop
  endfacet
  facet normal -3.143102E-01 5.510545E-01 -7.730123E-01
    outer loop
      vertex -4.426343E+01 3.410400E-01 1.685304E-01
      vertex -4.433851E+01 4.726700E-01 2.928932E-01
      vertex -4.090711E+01 2.429873E+00 2.928932E-01
    endloop
  endfacet
  facet normal -3.005197E-01 5.300805E-01 -7.929077E-01
    outer loop
      vertex -4.426343E+01 3.410400E-01 1.685304E-01
      vertex -4.090711E+01 2.429873E+00 2.928932E-01
      vertex -4.070000E+01 2.309574E+00 1.339746E-01
    endloop
  endfacet
  facet normal -1.883137E-01 3.343253E-01 -9.234524E-01
    outer loop
      vertex -4.417778E+01 1.908644E-01 7.612047E-02
      vertex -4.070000E+01 2.309574E+00 1.339746E-01
      vertex -4.045882E+01 2.169484E+00 3.407417E-02
    endloop
  endfacet
  facet normal -2.344685E-01 4.089524E-01 -8.819197E-01
    outer loop
      vertex -4.417778E+01 1.908644E-01 7.612047E-02
      vertex -4.426343E+01 3.410400E-01 1.685304E-01
      vertex -4.070000E+01 2.309574E+00 1.339746E-01
    endloop
  endfacet
  facet normal -6.378490E-02 1.148762E-01 -9.913298E-01
    outer loop
      vertex -4.408483E+01 2.791434E-02 1.921472E-02
      vertex -4.045882E+01 2.169484E+00 3.407417E-02
      vertex -4.020000E+01 2.019148E+00 0.000000E+00
    endloop
  endfacet
  facet normal -1.447043E-01 2.516467E-01 -9.569402E-01
    outer loop
      vertex -4.408483E+01 2.791434E-02 1.921472E-02
      vertex -4.417778E+01 1.908644E-01 7.612047E-02
      vertex -4.045882E+01 2.169484E+00 3.407417E-02
    endloop
  endfacet
  facet normal -4.856290E-02 8.514139E-02 -9.951847E-01
    outer loop
      vertex -4.398817E+01 -1.415480E-01 0.000000E+00
      vertex -4.408483E+01 2.791434E-02 1.921472E-02
      vertex -4.020000E+01 2.019148E+00 0.000000E+00
    endloop
  endfacet
  facet normal -6.087601E-01 0.000000E+00 -7.933544E-01
    outer loop
      vertex -4.070000E+01 -1.450000E+01 1.339746E-01
      vertex -4.090711E+01 -1.470711E+01 2.928932E-01
      vertex -4.090711E+01 -7.229873E+00 2.928932E-01
    endloop
  endfacet
  facet normal -6.087601E-01 0.000000E+00 -7.933544E-01
    outer loop
      vertex -4.070000E+01 -1.450000E+01 1.339746E-01
      vertex -4.090711E+01 -7.229873E+00 2.928932E-01
      vertex -4.070000E+01 -7.109574E+00 1.339746E-01
    endloop
  endfacet
  facet normal -3.826842E-01 0.000000E+00 -9.238793E-01
    outer loop
      vertex -4.045882E+01 -1.425882E+01 3.407417E-02
      vertex -4.070000E+01 -7.109574E+00 1.339746E-01
      vertex -4.045882E+01 -6.969484E+00 3.407417E-02
    endloop
  endfacet
  facet normal -3.826842E-01 0.000000E+00 -9.238793E-01
    outer loop
      vertex -4.045882E+01 -1.425882E+01 3.407417E-02
      vertex -4.070000E+01 -1.450000E+01 1.339746E-01
      vertex -4.070000E+01 -7.109574E+00 1.339746E-01
    endloop
  endfacet
  facet normal -1.305259E-01 0.000000E+00 -9.914449E-01
    outer loop
      vertex -4.020000E+01 -1.400000E+01 0.000000E+00
      vertex -4.045882E+01 -6.969484E+00 3.407417E-02
      vertex -4.020000E+01 -6.819149E+00 0.000000E+00
    endloop
  endfacet
  facet normal -1.305259E-01 0.000000E+00 -9.914449E-01
    outer loop
      vertex -4.020000E+01 -1.400000E+01 0.000000E+00
      vertex -4.045882E+01 -1.425882E+01 3.407417E-02
      vertex -4.045882E+01 -6.969484E+00 3.407417E-02
    endloop
  endfacet
  facet normal 3.143114E-01 -5.510567E-01 -7.730103E-01
    outer loop
      vertex 1.106343E+01 -5.141040E+00 1.685304E-01
      vertex 1.113851E+01 -5.272670E+00 2.928932E-01
      vertex 7.707107E+00 -7.229873E+00 2.928932E-01
    endloop
  endfacet
  facet normal 3.005200E-01 -5.300815E-01 -7.929069E-01
    outer loop
      vertex 1.106343E+01 -5.141040E+00 1.685304E-01
      vertex 7.707107E+00 -7.229873E+00 2.928932E-01
      vertex 7.500000E+00 -7.109574E+00 1.339746E-01
    endloop
  endfacet
  facet normal 1.883134E-01 -3.343248E-01 -9.234528E-01
    outer loop
      vertex 1.097778E+01 -4.990865E+00 7.612047E-02
      vertex 7.500000E+00 -7.109574E+00 1.339746E-01
      vertex 7.258819E+00 -6.969484E+00 3.407417E-02
    endloop
  endfacet
  facet normal 2.344675E-01 -4.089508E-01 -8.819208E-01
    outer loop
      vertex 1.097778E+01 -4.990865E+00 7.612047E-02
      vertex 1.106343E+01 -5.141040E+00 1.685304E-01
      vertex 7.500000E+00 -7.109574E+00 1.339746E-01
    endloop
  endfacet
  facet normal 6.378494E-02 -1.148764E-01 -9.913298E-01
    outer loop
      vertex 1.088483E+01 -4.827915E+00 1.921472E-02
      vertex 7.258819E+00 -6.969484E+00 3.407417E-02
      vertex 7.000000E+00 -6.819149E+00 0.000000E+00
    endloop
  endfacet
  facet normal 1.447049E-01 -2.516479E-01 -9.569398E-01
    outer loop
      vertex 1.088483E+01 -4.827915E+00 1.921472E-02
      vertex 1.097778E+01 -4.990865E+00 7.612047E-02
      vertex 7.258819E+00 -6.969484E+00 3.407417E-02
    endloop
  endfacet
  facet normal 4.856280E-02 -8.514126E-02 -9.951847E-01
    outer loop
      vertex 1.078817E+01 -4.658453E+00 0.000000E+00
      vertex 1.088483E+01 -4.827915E+00 1.921472E-02
      vertex 7.000000E+00 -6.819149E+00 0.000000E+00
    endloop
  endfacet
  facet normal 8.439443E-01 8.095473E-02 -5.302870E-01
    outer loop
      vertex 1.285573E+01 -1.683037E+00 4.444298E-01
      vertex 1.300097E+01 -2.400000E+00 5.661163E-01
      vertex 1.288183E+01 -2.400000E+00 3.765102E-01
    endloop
  endfacet
  facet normal 7.694551E-01 8.793741E-02 -6.326182E-01
    outer loop
      vertex 1.285573E+01 -1.683037E+00 4.444298E-01
      vertex 1.288183E+01 -2.400000E+00 3.765102E-01
      vertex 1.273412E+01 -1.709021E+00 2.928932E-01
    endloop
  endfacet
  facet normal 2.522900E-01 1.465433E-01 -9.564909E-01
    outer loop
      vertex 1.190751E+01 -6.392389E-01 7.612047E-02
      vertex 1.205105E+01 -1.257781E+00 1.921472E-02
      vertex 1.175609E+01 -7.499803E-01 1.921472E-02
    endloop
  endfacet
  facet normal 2.522908E-01 1.465435E-01 -9.564906E-01
    outer loop
      vertex 1.190751E+01 -6.392389E-01 7.612047E-02
      vertex 1.222227E+01 -1.181120E+00 7.612047E-02
      vertex 1.205105E+01 -1.257781E+00 1.921472E-02
    endloop
  endfacet
  facet normal 6.050318E-01 1.976398E-01 -7.712814E-01
    outer loop
      vertex 1.251836E+01 -1.048544E+00 2.928932E-01
      vertex 1.273412E+01 -1.709021E+00 2.928932E-01
      vertex 1.258592E+01 -1.740683E+00 1.685304E-01
    endloop
  endfacet
  facet normal 6.050338E-01 1.976397E-01 -7.712799E-01
    outer loop
      vertex 1.251836E+01 -1.048544E+00 2.928932E-01
      vertex 1.258592E+01 -1.740683E+00 1.685304E-01
      vertex 1.238006E+01 -1.110470E+00 1.685304E-01
    endloop
  endfacet
  facet normal 7.299943E-02 6.621587E-02 -9.951314E-01
    outer loop
      vertex 1.136155E+01 -3.150151E-01 1.921472E-02
      vertex 1.159863E+01 -8.651476E-01 0.000000E+00
      vertex 1.123162E+01 -4.605419E-01 0.000000E+00
    endloop
  endfacet
  facet normal 5.755342E-02 8.000672E-02 -9.951314E-01
    outer loop
      vertex 1.136155E+01 -3.150151E-01 1.921472E-02
      vertex 1.123162E+01 -4.605419E-01 0.000000E+00
      vertex 1.078817E+01 -1.415477E-01 0.000000E+00
    endloop
  endfacet
  facet normal 5.755350E-02 8.000701E-02 -9.951314E-01
    outer loop
      vertex 1.136155E+01 -3.150151E-01 1.921472E-02
      vertex 1.078817E+01 -1.415477E-01 0.000000E+00
      vertex 1.088483E+01 2.791469E-02 1.921472E-02
    endloop
  endfacet
  facet normal 7.299976E-02 6.621601E-02 -9.951314E-01
    outer loop
      vertex 1.136155E+01 -3.150151E-01 1.921472E-02
      vertex 1.175609E+01 -7.499803E-01 1.921472E-02
      vertex 1.159863E+01 -8.651476E-01 0.000000E+00
    endloop
  endfacet
  facet normal 9.398010E-01 9.289980E-02 -3.288520E-01
    outer loop
      vertex 1.294610E+01 -1.663730E+00 6.173165E-01
      vertex 1.307493E+01 -2.400000E+00 7.774791E-01
      vertex 1.300097E+01 -2.400000E+00 5.661163E-01
    endloop
  endfacet
  facet normal 8.774244E-01 9.803859E-02 -4.695901E-01
    outer loop
      vertex 1.294610E+01 -1.663730E+00 6.173165E-01
      vertex 1.300097E+01 -2.400000E+00 5.661163E-01
      vertex 1.285573E+01 -1.683037E+00 4.444298E-01
    endloop
  endfacet
  facet normal 4.093827E-01 2.377909E-01 -8.808298E-01
    outer loop
      vertex 1.204706E+01 -5.371790E-01 1.685304E-01
      vertex 1.238006E+01 -1.110470E+00 1.685304E-01
      vertex 1.222227E+01 -1.181120E+00 7.612047E-02
    endloop
  endfacet
  facet normal 4.093838E-01 2.377911E-01 -8.808293E-01
    outer loop
      vertex 1.204706E+01 -5.371790E-01 1.685304E-01
      vertex 1.222227E+01 -1.181120E+00 7.612047E-02
      vertex 1.190751E+01 -6.392389E-01 7.612047E-02
    endloop
  endfacet
  facet normal 7.364355E-01 2.405642E-01 -6.322907E-01
    outer loop
      vertex 1.263187E+01 -9.977230E-01 4.444298E-01
      vertex 1.273412E+01 -1.709021E+00 2.928932E-01
      vertex 1.251836E+01 -1.048544E+00 2.928932E-01
    endloop
  endfacet
  facet normal 7.364365E-01 2.405641E-01 -6.322896E-01
    outer loop
      vertex 1.263187E+01 -9.977230E-01 4.444298E-01
      vertex 1.285573E+01 -1.683037E+00 4.444298E-01
      vertex 1.273412E+01 -1.709021E+00 2.928932E-01
    endloop
  endfacet
  facet normal 1.703779E-01 2.368478E-01 -9.564908E-01
    outer loop
      vertex 1.148649E+01 -1.750809E-01 7.612047E-02
      vertex 1.088483E+01 2.791469E-02 1.921472E-02
      vertex 1.097778E+01 1.908647E-01 7.612047E-02
    endloop
  endfacet
  facet normal 2.161035E-01 1.960217E-01 -9.564909E-01
    outer loop
      vertex 1.148649E+01 -1.750809E-01 7.612047E-02
      vertex 1.190751E+01 -6.392389E-01 7.612047E-02
      vertex 1.175609E+01 -7.499803E-01 1.921472E-02
    endloop
  endfacet
  facet normal 1.703779E-01 2.368480E-01 -9.564906E-01
    outer loop
      vertex 1.148649E+01 -1.750809E-01 7.612047E-02
      vertex 1.136155E+01 -3.150151E-01 1.921472E-02
      vertex 1.088483E+01 2.791469E-02 1.921472E-02
    endloop
  endfacet
  facet normal 2.161042E-01 1.960220E-01 -9.564906E-01
    outer loop
      vertex 1.148649E+01 -1.750809E-01 7.612047E-02
      vertex 1.175609E+01 -7.499803E-01 1.921472E-02
      vertex 1.136155E+01 -3.150151E-01 1.921472E-02
    endloop
  endfacet
  facet normal 9.886529E-01 1.007803E-01 -1.113945E-01
    outer loop
      vertex 1.300175E+01 -1.651840E+00 8.049097E-01
      vertex 1.310000E+01 -2.400000E+00 1.000000E+00
      vertex 1.307493E+01 -2.400000E+00 7.774791E-01
    endloop
  endfacet
  facet normal 9.897308E-01 1.045507E-01 -9.747808E-02
    outer loop
      vertex 1.300175E+01 -1.651840E+00 8.049097E-01
      vertex 1.302054E+01 -1.647825E+00 1.000000E+00
      vertex 1.310000E+01 -2.400000E+00 1.000000E+00
    endloop
  endfacet
  facet normal 9.517282E-01 1.036770E-01 -2.889025E-01
    outer loop
      vertex 1.300175E+01 -1.651840E+00 8.049097E-01
      vertex 1.307493E+01 -2.400000E+00 7.774791E-01
      vertex 1.294610E+01 -1.663730E+00 6.173165E-01
    endloop
  endfacet
  facet normal 5.503856E-01 3.196919E-01 -7.712799E-01
    outer loop
      vertex 1.216938E+01 -4.477228E-01 2.928932E-01
      vertex 1.251836E+01 -1.048544E+00 2.928932E-01
      vertex 1.238006E+01 -1.110470E+00 1.685304E-01
    endloop
  endfacet
  facet normal 5.503834E-01 3.196916E-01 -7.712817E-01
    outer loop
      vertex 1.216938E+01 -4.477228E-01 2.928932E-01
      vertex 1.238006E+01 -1.110470E+00 1.685304E-01
      vertex 1.204706E+01 -5.371790E-01 1.685304E-01
    endloop
  endfacet
  facet normal 8.393572E-01 2.741846E-01 -4.693636E-01
    outer loop
      vertex 1.271621E+01 -9.599595E-01 6.173165E-01
      vertex 1.294610E+01 -1.663730E+00 6.173165E-01
      vertex 1.285573E+01 -1.683037E+00 4.444298E-01
    endloop
  endfacet
  facet normal 8.393582E-01 2.741845E-01 -4.693622E-01
    outer loop
      vertex 1.271621E+01 -9.599595E-01 6.173165E-01
      vertex 1.285573E+01 -1.683037E+00 4.444298E-01
      vertex 1.263187E+01 -9.977230E-01 4.444298E-01
    endloop
  endfacet
  facet normal 2.764661E-01 3.843243E-01 -8.808300E-01
    outer loop
      vertex 1.160163E+01 -4.611679E-02 1.685304E-01
      vertex 1.097778E+01 1.908647E-01 7.612047E-02
      vertex 1.106343E+01 3.410403E-01 1.685304E-01
    endloop
  endfacet
  facet normal 3.506647E-01 3.180782E-01 -8.808295E-01
    outer loop
      vertex 1.160163E+01 -4.611679E-02 1.685304E-01
      vertex 1.204706E+01 -5.371790E-01 1.685304E-01
      vertex 1.190751E+01 -6.392389E-01 7.612047E-02
    endloop
  endfacet
  facet normal 2.764661E-01 3.843244E-01 -8.808298E-01
    outer loop
      vertex 1.160163E+01 -4.611679E-02 1.685304E-01
      vertex 1.148649E+01 -1.750809E-01 7.612047E-02
      vertex 1.097778E+01 1.908647E-01 7.612047E-02
    endloop
  endfacet
  facet normal 3.506640E-01 3.180779E-01 -8.808298E-01
    outer loop
      vertex 1.160163E+01 -4.611679E-02 1.685304E-01
      vertex 1.190751E+01 -6.392389E-01 7.612047E-02
      vertex 1.148649E+01 -1.750809E-01 7.612047E-02
    endloop
  endfacet
  facet normal 6.699189E-01 3.891239E-01 -6.322905E-01
    outer loop
      vertex 1.226976E+01 -3.743079E-01 4.444298E-01
      vertex 1.263187E+01 -9.977230E-01 4.444298E-01
      vertex 1.251836E+01 -1.048544E+00 2.928932E-01
    endloop
  endfacet
  facet normal 6.699210E-01 3.891241E-01 -6.322882E-01
    outer loop
      vertex 1.226976E+01 -3.743079E-01 4.444298E-01
      vertex 1.251836E+01 -1.048544E+00 2.928932E-01
      vertex 1.216938E+01 -4.477228E-01 2.928932E-01
    endloop
  endfacet
  facet normal 9.100615E-01 2.972809E-01 -2.888118E-01
    outer loop
      vertex 1.276815E+01 -9.367049E-01 8.049097E-01
      vertex 1.294610E+01 -1.663730E+00 6.173165E-01
      vertex 1.271621E+01 -9.599595E-01 6.173165E-01
    endloop
  endfacet
  facet normal 9.460421E-01 3.090340E-01 -9.748014E-02
    outer loop
      vertex 1.276815E+01 -9.367049E-01 8.049097E-01
      vertex 1.278568E+01 -9.288527E-01 1.000000E+00
      vertex 1.302054E+01 -1.647825E+00 1.000000E+00
    endloop
  endfacet
  facet normal 9.460421E-01 3.090346E-01 -9.747825E-02
    outer loop
      vertex 1.276815E+01 -9.367049E-01 8.049097E-01
      vertex 1.302054E+01 -1.647825E+00 1.000000E+00
      vertex 1.300175E+01 -1.651840E+00 8.049097E-01
    endloop
  endfacet
  facet normal 9.100612E-01 2.972810E-01 -2.888126E-01
    outer loop
      vertex 1.276815E+01 -9.367049E-01 8.049097E-01
      vertex 1.300175E+01 -1.651840E+00 8.049097E-01
      vertex 1.294610E+01 -1.663730E+00 6.173165E-01
    endloop
  endfacet
  facet normal 4.714407E-01 4.276312E-01 -7.712815E-01
    outer loop
      vertex 1.170256E+01 6.692120E-02 2.928932E-01
      vertex 1.216938E+01 -4.477228E-01 2.928932E-01
      vertex 1.204706E+01 -5.371790E-01 1.685304E-01
    endloop
  endfacet
  facet normal 3.716881E-01 5.166956E-01 -7.712805E-01
    outer loop
      vertex 1.170256E+01 6.692120E-02 2.928932E-01
      vertex 1.106343E+01 3.410403E-01 1.685304E-01
      vertex 1.113851E+01 4.726704E-01 2.928932E-01
    endloop
  endfacet
  facet normal 3.716881E-01 5.166954E-01 -7.712806E-01
    outer loop
      vertex 1.170256E+01 6.692120E-02 2.928932E-01
      vertex 1.160163E+01 -4.611679E-02 1.685304E-01
      vertex 1.106343E+01 3.410403E-01 1.685304E-01
    endloop
  endfacet
  facet normal 4.714418E-01 4.276316E-01 -7.712805E-01
    outer loop
      vertex 1.170256E+01 6.692120E-02 2.928932E-01
      vertex 1.204706E+01 -5.371790E-01 1.685304E-01
      vertex 1.160163E+01 -4.611679E-02 1.685304E-01
    endloop
  endfacet
  facet normal 5.811794E-01 8.079160E-01 -9.747870E-02
    outer loop
      vertex 1.128363E+01 7.270878E-01 1.000000E+00
      vertex 1.189762E+01 2.854035E-01 1.000000E+00
      vertex 1.127411E+01 7.103972E-01 8.049097E-01
    endloop
  endfacet
  facet normal 1.119617E-01 7.119413E-03 -9.936870E-01
    outer loop
      vertex 1.223340E+01 -1.816001E+00 1.921472E-02
      vertex 1.232252E+01 -2.400000E+00 2.507209E-02
      vertex 1.210000E+01 -2.400000E+00 0.000000E+00
    endloop
  endfacet
  facet normal 7.635443E-01 4.435064E-01 -4.693637E-01
    outer loop
      vertex 1.234435E+01 -3.197558E-01 6.173165E-01
      vertex 1.263187E+01 -9.977230E-01 4.444298E-01
      vertex 1.226976E+01 -3.743079E-01 4.444298E-01
    endloop
  endfacet
  facet normal 9.801140E-02 1.035354E-02 -9.951314E-01
    outer loop
      vertex 1.223340E+01 -1.816001E+00 1.921472E-02
      vertex 1.210000E+01 -2.400000E+00 0.000000E+00
      vertex 1.204261E+01 -1.856763E+00 0.000000E+00
    endloop
  endfacet
  facet normal 7.635450E-01 4.435063E-01 -4.693625E-01
    outer loop
      vertex 1.234435E+01 -3.197558E-01 6.173165E-01
      vertex 1.271621E+01 -9.599595E-01 6.173165E-01
      vertex 1.263187E+01 -9.977230E-01 4.444298E-01
    endloop
  endfacet
  facet normal 5.738322E-01 5.205075E-01 -6.322884E-01
    outer loop
      vertex 1.178538E+01 1.596891E-01 4.444298E-01
      vertex 1.226976E+01 -3.743079E-01 4.444298E-01
      vertex 1.216938E+01 -4.477228E-01 2.928932E-01
    endloop
  endfacet
  facet normal 4.524131E-01 6.289139E-01 -6.322892E-01
    outer loop
      vertex 1.178538E+01 1.596891E-01 4.444298E-01
      vertex 1.113851E+01 4.726704E-01 2.928932E-01
      vertex 1.120013E+01 5.806963E-01 4.444298E-01
    endloop
  endfacet
  facet normal 3.301558E-01 2.731341E-02 -9.435312E-01
    outer loop
      vertex 1.241685E+01 -1.776806E+00 7.612047E-02
      vertex 1.253388E+01 -2.400000E+00 9.903114E-02
      vertex 1.232252E+01 -2.400000E+00 2.507209E-02
    endloop
  endfacet
  facet normal 5.738316E-01 5.205073E-01 -6.322891E-01
    outer loop
      vertex 1.178538E+01 1.596891E-01 4.444298E-01
      vertex 1.216938E+01 -4.477228E-01 2.928932E-01
      vertex 1.170256E+01 6.692120E-02 2.928932E-01
    endloop
  endfacet
  facet normal 4.524132E-01 6.289141E-01 -6.322890E-01
    outer loop
      vertex 1.178538E+01 1.596891E-01 4.444298E-01
      vertex 1.170256E+01 6.692120E-02 2.928932E-01
      vertex 1.113851E+01 4.726704E-01 2.928932E-01
    endloop
  endfacet
  facet normal 8.278617E-01 4.808648E-01 -2.888149E-01
    outer loop
      vertex 1.239028E+01 -2.861627E-01 8.049097E-01
      vertex 1.271621E+01 -9.599595E-01 6.173165E-01
      vertex 1.234435E+01 -3.197558E-01 6.173165E-01
    endloop
  endfacet
  facet normal 2.893467E-01 3.456113E-02 -9.566002E-01
    outer loop
      vertex 1.241685E+01 -1.776806E+00 7.612047E-02
      vertex 1.232252E+01 -2.400000E+00 2.507209E-02
      vertex 1.223340E+01 -1.816001E+00 1.921472E-02
    endloop
  endfacet
  facet normal 8.605935E-01 4.998772E-01 -9.747659E-02
    outer loop
      vertex 1.239028E+01 -2.861627E-01 8.049097E-01
      vertex 1.240579E+01 -2.748198E-01 1.000000E+00
      vertex 1.278568E+01 -9.288527E-01 1.000000E+00
    endloop
  endfacet
  facet normal 8.278629E-01 4.808645E-01 -2.888119E-01
    outer loop
      vertex 1.239028E+01 -2.861627E-01 8.049097E-01
      vertex 1.276815E+01 -9.367049E-01 8.049097E-01
      vertex 1.271621E+01 -9.599595E-01 6.173165E-01
    endloop
  endfacet
  facet normal 8.605936E-01 4.998762E-01 -9.748002E-02
    outer loop
      vertex 1.239028E+01 -2.861627E-01 8.049097E-01
      vertex 1.278568E+01 -9.288527E-01 1.000000E+00
      vertex 1.276815E+01 -9.367049E-01 8.049097E-01
    endloop
  endfacet
  facet normal 9.368517E-02 3.060315E-02 -9.951314E-01
    outer loop
      vertex 1.205105E+01 -1.257781E+00 1.921472E-02
      vertex 1.204261E+01 -1.856763E+00 0.000000E+00
      vertex 1.187299E+01 -1.337505E+00 0.000000E+00
    endloop
  endfacet
  facet normal 6.540273E-01 5.932503E-01 -4.693638E-01
    outer loop
      vertex 1.184693E+01 2.286219E-01 6.173165E-01
      vertex 1.234435E+01 -3.197558E-01 6.173165E-01
      vertex 1.226976E+01 -3.743079E-01 4.444298E-01
    endloop
  endfacet
  facet normal 5.156400E-01 7.168076E-01 -4.693638E-01
    outer loop
      vertex 1.184693E+01 2.286219E-01 6.173165E-01
      vertex 1.178538E+01 1.596891E-01 4.444298E-01
      vertex 1.120013E+01 5.806963E-01 4.444298E-01
    endloop
  endfacet
  facet normal 9.368502E-02 3.060315E-02 -9.951314E-01
    outer loop
      vertex 1.205105E+01 -1.257781E+00 1.921472E-02
      vertex 1.223340E+01 -1.816001E+00 1.921472E-02
      vertex 1.204261E+01 -1.856763E+00 0.000000E+00
    endloop
  endfacet
  facet normal 5.156400E-01 7.168081E-01 -4.693629E-01
    outer loop
      vertex 1.184693E+01 2.286219E-01 6.173165E-01
      vertex 1.120013E+01 5.806963E-01 4.444298E-01
      vertex 1.124591E+01 6.609669E-01 6.173165E-01
    endloop
  endfacet
  facet normal 6.540274E-01 5.932503E-01 -4.693635E-01
    outer loop
      vertex 1.184693E+01 2.286219E-01 6.173165E-01
      vertex 1.226976E+01 -3.743079E-01 4.444298E-01
      vertex 1.178538E+01 1.596891E-01 4.444298E-01
    endloop
  endfacet
  facet normal 5.314395E-01 4.720856E-02 -8.457797E-01
    outer loop
      vertex 1.258592E+01 -1.740683E+00 1.685304E-01
      vertex 1.272349E+01 -2.400000E+00 2.181685E-01
      vertex 1.253388E+01 -2.400000E+00 9.903114E-02
    endloop
  endfacet
  facet normal 7.091196E-01 6.432230E-01 -2.888139E-01
    outer loop
      vertex 1.188483E+01 2.710704E-01 8.049097E-01
      vertex 1.234435E+01 -3.197558E-01 6.173165E-01
      vertex 1.184693E+01 2.286219E-01 6.173165E-01
    endloop
  endfacet
  facet normal 7.091193E-01 6.432230E-01 -2.888146E-01
    outer loop
      vertex 1.188483E+01 2.710704E-01 8.049097E-01
      vertex 1.239028E+01 -2.861627E-01 8.049097E-01
      vertex 1.234435E+01 -3.197558E-01 6.173165E-01
    endloop
  endfacet
  facet normal 5.590750E-01 7.771884E-01 -2.888138E-01
    outer loop
      vertex 1.188483E+01 2.710704E-01 8.049097E-01
      vertex 1.124591E+01 6.609669E-01 6.173165E-01
      vertex 1.127411E+01 7.103972E-01 8.049097E-01
    endloop
  endfacet
  facet normal 7.371563E-01 6.686546E-01 -9.747697E-02
    outer loop
      vertex 1.188483E+01 2.710704E-01 8.049097E-01
      vertex 1.240579E+01 -2.748198E-01 1.000000E+00
      vertex 1.239028E+01 -2.861627E-01 8.049097E-01
    endloop
  endfacet
  facet normal 7.371563E-01 6.686546E-01 -9.747722E-02
    outer loop
      vertex 1.188483E+01 2.710704E-01 8.049097E-01
      vertex 1.189762E+01 2.854035E-01 1.000000E+00
      vertex 1.240579E+01 -2.748198E-01 1.000000E+00
    endloop
  endfacet
  facet normal 5.590749E-01 7.771884E-01 -2.888136E-01
    outer loop
      vertex 1.188483E+01 2.710704E-01 8.049097E-01
      vertex 1.184693E+01 2.286219E-01 6.173165E-01
      vertex 1.124591E+01 6.609669E-01 6.173165E-01
    endloop
  endfacet
  facet normal 5.811793E-01 8.079163E-01 -9.747780E-02
    outer loop
      vertex 1.188483E+01 2.710704E-01 8.049097E-01
      vertex 1.127411E+01 7.103972E-01 8.049097E-01
      vertex 1.189762E+01 2.854035E-01 1.000000E+00
    endloop
  endfacet
  facet normal 4.696568E-01 5.580640E-02 -8.810835E-01
    outer loop
      vertex 1.258592E+01 -1.740683E+00 1.685304E-01
      vertex 1.253388E+01 -2.400000E+00 9.903114E-02
      vertex 1.241685E+01 -1.776806E+00 7.612047E-02
    endloop
  endfacet
  facet normal 2.773409E-01 9.059621E-02 -9.564906E-01
    outer loop
      vertex 1.222227E+01 -1.181120E+00 7.612047E-02
      vertex 1.223340E+01 -1.816001E+00 1.921472E-02
      vertex 1.205105E+01 -1.257781E+00 1.921472E-02
    endloop
  endfacet
  facet normal 2.773407E-01 9.059621E-02 -9.564908E-01
    outer loop
      vertex 1.222227E+01 -1.181120E+00 7.612047E-02
      vertex 1.241685E+01 -1.776806E+00 7.612047E-02
      vertex 1.223340E+01 -1.816001E+00 1.921472E-02
    endloop
  endfacet
  facet normal 7.055911E-01 6.545427E-02 -7.055898E-01
    outer loop
      vertex 1.273412E+01 -1.709021E+00 2.928932E-01
      vertex 1.288183E+01 -2.400000E+00 3.765102E-01
      vertex 1.272349E+01 -2.400000E+00 2.181685E-01
    endloop
  endfacet
  facet normal 6.317924E-01 7.373022E-02 -7.716232E-01
    outer loop
      vertex 1.273412E+01 -1.709021E+00 2.928932E-01
      vertex 1.272349E+01 -2.400000E+00 2.181685E-01
      vertex 1.258592E+01 -1.740683E+00 1.685304E-01
    endloop
  endfacet
  facet normal 8.522358E-02 4.950222E-02 -9.951314E-01
    outer loop
      vertex 1.175609E+01 -7.499803E-01 1.921472E-02
      vertex 1.187299E+01 -1.337505E+00 0.000000E+00
      vertex 1.159863E+01 -8.651476E-01 0.000000E+00
    endloop
  endfacet
  facet normal 8.522327E-02 4.950216E-02 -9.951314E-01
    outer loop
      vertex 1.175609E+01 -7.499803E-01 1.921472E-02
      vertex 1.205105E+01 -1.257781E+00 1.921472E-02
      vertex 1.187299E+01 -1.337505E+00 0.000000E+00
    endloop
  endfacet
  facet normal 4.500307E-01 1.470072E-01 -8.808299E-01
    outer loop
      vertex 1.238006E+01 -1.110470E+00 1.685304E-01
      vertex 1.241685E+01 -1.776806E+00 7.612047E-02
      vertex 1.222227E+01 -1.181120E+00 7.612047E-02
    endloop
  endfacet
  facet normal 4.500324E-01 1.470072E-01 -8.808290E-01
    outer loop
      vertex 1.238006E+01 -1.110470E+00 1.685304E-01
      vertex 1.258592E+01 -1.740683E+00 1.685304E-01
      vertex 1.241685E+01 -1.776806E+00 7.612047E-02
    endloop
  endfacet
  facet normal 3.143114E-01 5.510567E-01 -7.730103E-01
    outer loop
      vertex 7.707107E+00 2.429873E+00 2.928932E-01
      vertex 1.113851E+01 4.726704E-01 2.928932E-01
      vertex 1.106343E+01 3.410403E-01 1.685304E-01
    endloop
  endfacet
  facet normal 2.344674E-01 4.089507E-01 -8.819208E-01
    outer loop
      vertex 7.500000E+00 2.309574E+00 1.339746E-01
      vertex 1.106343E+01 3.410403E-01 1.685304E-01
      vertex 1.097778E+01 1.908647E-01 7.612047E-02
    endloop
  endfacet
  facet normal 3.005201E-01 5.300816E-01 -7.929067E-01
    outer loop
      vertex 7.500000E+00 2.309574E+00 1.339746E-01
      vertex 7.707107E+00 2.429873E+00 2.928932E-01
      vertex 1.106343E+01 3.410403E-01 1.685304E-01
    endloop
  endfacet
  facet normal 1.447050E-01 2.516481E-01 -9.569398E-01
    outer loop
      vertex 7.258819E+00 2.169484E+00 3.407417E-02
      vertex 1.097778E+01 1.908647E-01 7.612047E-02
      vertex 1.088483E+01 2.791469E-02 1.921472E-02
    endloop
  endfacet
  facet normal 1.883135E-01 3.343251E-01 -9.234526E-01
    outer loop
      vertex 7.258819E+00 2.169484E+00 3.407417E-02
      vertex 7.500000E+00 2.309574E+00 1.339746E-01
      vertex 1.097778E+01 1.908647E-01 7.612047E-02
    endloop
  endfacet
  facet normal 4.856277E-02 8.514120E-02 -9.951847E-01
    outer loop
      vertex 7.000000E+00 2.019148E+00 0.000000E+00
      vertex 1.088483E+01 2.791469E-02 1.921472E-02
      vertex 1.078817E+01 -1.415477E-01 0.000000E+00
    endloop
  endfacet
  facet normal 6.378492E-02 1.148763E-01 -9.913298E-01
    outer loop
      vertex 7.000000E+00 2.019148E+00 0.000000E+00
      vertex 7.258819E+00 2.169484E+00 3.407417E-02
      vertex 1.088483E+01 2.791469E-02 1.921472E-02
    endloop
  endfacet
  facet normal 6.087618E-01 0.000000E+00 -7.933531E-01
    outer loop
      vertex 7.500000E+00 9.700000E+00 1.339746E-01
      vertex 7.707107E+00 9.907106E+00 2.928932E-01
      vertex 7.707107E+00 2.429873E+00 2.928932E-01
    endloop
  endfacet
  facet normal 6.087618E-01 0.000000E+00 -7.933531E-01
    outer loop
      vertex 7.500000E+00 9.700000E+00 1.339746E-01
      vertex 7.707107E+00 2.429873E+00 2.928932E-01
      vertex 7.500000E+00 2.309574E+00 1.339746E-01
    endloop
  endfacet
  facet normal 3.826835E-01 0.000000E+00 -9.238795E-01
    outer loop
      vertex 7.258819E+00 9.458819E+00 3.407417E-02
      vertex 7.500000E+00 2.309574E+00 1.339746E-01
      vertex 7.258819E+00 2.169484E+00 3.407417E-02
    endloop
  endfacet
  facet normal 3.826835E-01 0.000000E+00 -9.238794E-01
    outer loop
      vertex 7.258819E+00 9.458819E+00 3.407417E-02
      vertex 7.500000E+00 9.700000E+00 1.339746E-01
      vertex 7.500000E+00 2.309574E+00 1.339746E-01
    endloop
  endfacet
  facet normal 1.305262E-01 0.000000E+00 -9.914449E-01
    outer loop
      vertex 7.000000E+00 9.200000E+00 0.000000E+00
      vertex 7.258819E+00 2.169484E+00 3.407417E-02
      vertex 7.000000E+00 2.019148E+00 0.000000E+00
    endloop
  endfacet
  facet normal 1.305262E-01 0.000000E+00 -9.914448E-01
    outer loop
      vertex 7.000000E+00 9.200000E+00 0.000000E+00
      vertex 7.258819E+00 9.458819E+00 3.407417E-02
      vertex 7.258819E+00 2.169484E+00 3.407417E-02
    endloop
  endfacet
  facet normal 6.087614E-01 0.000000E+00 -7.933534E-01
    outer loop
      vertex 1.400000E+00 1.270000E+01 1.339746E-01
      vertex 1.607107E+00 1.290711E+01 2.928932E-01
      vertex 1.607107E+00 9.907106E+00 2.928932E-01
    endloop
  endfacet
  facet normal 6.087614E-01 0.000000E+00 -7.933534E-01
    outer loop
      vertex 1.400000E+00 1.270000E+01 1.339746E-01
      vertex 1.607107E+00 9.907106E+00 2.928932E-01
      vertex 1.400000E+00 9.700000E+00 1.339746E-01
    endloop
  endfacet
  facet normal 3.826835E-01 0.000000E+00 -9.238795E-01
    outer loop
      vertex 1.158819E+00 1.245882E+01 3.407417E-02
      vertex 1.400000E+00 9.700000E+00 1.339746E-01
      vertex 1.158819E+00 9.458819E+00 3.407417E-02
    endloop
  endfacet
  facet normal 3.826835E-01 0.000000E+00 -9.238795E-01
    outer loop
      vertex 1.158819E+00 1.245882E+01 3.407417E-02
      vertex 1.400000E+00 1.270000E+01 1.339746E-01
      vertex 1.400000E+00 9.700000E+00 1.339746E-01
    endloop
  endfacet
  facet normal 1.305262E-01 0.000000E+00 -9.914448E-01
    outer loop
      vertex 9.000000E-01 1.220000E+01 0.000000E+00
      vertex 1.158819E+00 9.458819E+00 3.407417E-02
      vertex 9.000000E-01 9.200000E+00 0.000000E+00
    endloop
  endfacet
  facet normal 1.305262E-01 0.000000E+00 -9.914448E-01
    outer loop
      vertex 9.000000E-01 1.220000E+01 0.000000E+00
      vertex 1.158819E+00 1.245882E+01 3.407417E-02
      vertex 1.158819E+00 9.458819E+00 3.407417E-02
    endloop
  endfacet
  facet normal -9.970158E-01 7.719766E-02 0.000000E+00
    outer loop
      vertex 4.900000E+00 -2.400000E+00 6.000000E+00
      vertex 4.798689E+00 -3.708445E+00 1.000000E+00
      vertex 4.798689E+00 -3.708445E+00 6.000000E+00
    endloop
  endfacet
  facet normal -9.970158E-01 7.719766E-02 0.000000E+00
    outer loop
      vertex 4.900000E+00 -2.400000E+00 1.000000E+00
      vertex 4.798689E+00 -3.708445E+00 1.000000E+00
      vertex 4.900000E+00 -2.400000E+00 6.000000E+00
    endloop
  endfacet
  facet normal -9.732490E-01 2.297530E-01 0.000000E+00
    outer loop
      vertex 4.798689E+00 -3.708445E+00 6.000000E+00
      vertex 4.497170E+00 -4.985699E+00 1.000000E+00
      vertex 4.497170E+00 -4.985699E+00 6.000000E+00
    endloop
  endfacet
  facet normal -9.732490E-01 2.297530E-01 0.000000E+00
    outer loop
      vertex 4.798689E+00 -3.708445E+00 1.000000E+00
      vertex 4.497170E+00 -4.985699E+00 1.000000E+00
      vertex 4.798689E+00 -3.708445E+00 6.000000E+00
    endloop
  endfacet
  facet normal -9.262819E-01 3.768314E-01 0.000000E+00
    outer loop
      vertex 4.497170E+00 -4.985699E+00 6.000000E+00
      vertex 4.002631E+00 -6.201315E+00 1.000000E+00
      vertex 4.002631E+00 -6.201315E+00 6.000000E+00
    endloop
  endfacet
  facet normal -8.494206E-01 5.277163E-01 0.000000E+00
    outer loop
      vertex 4.002631E+00 -6.201315E+00 6.000000E+00
      vertex 4.002631E+00 -6.201315E+00 1.000000E+00
      vertex 3.176102E+00 -7.531709E+00 6.000000E+00
    endloop
  endfacet
  facet normal -9.262819E-01 3.768314E-01 0.000000E+00
    outer loop
      vertex 4.497170E+00 -4.985699E+00 1.000000E+00
      vertex 4.002631E+00 -6.201315E+00 1.000000E+00
      vertex 4.497170E+00 -4.985699E+00 6.000000E+00
    endloop
  endfacet
  facet normal -7.381720E-01 6.746060E-01 -2.972363E-03
    outer loop
      vertex 3.176102E+00 -7.531709E+00 6.000000E+00
      vertex 3.064366E+00 -7.676004E+00 1.000000E+00
      vertex 2.119505E+00 -8.687866E+00 6.000000E+00
    endloop
  endfacet
  facet normal -8.437017E-01 5.368019E-01 3.362834E-03
    outer loop
      vertex 4.002631E+00 -6.201315E+00 1.000000E+00
      vertex 3.064366E+00 -7.676004E+00 1.000000E+00
      vertex 3.176102E+00 -7.531709E+00 6.000000E+00
    endloop
  endfacet
  facet normal -6.018590E-01 7.985857E-01 -5.163068E-03
    outer loop
      vertex 2.119505E+00 -8.687866E+00 6.000000E+00
      vertex 1.844302E+00 -8.927601E+00 1.000000E+00
      vertex 8.687145E-01 -9.630532E+00 6.000000E+00
    endloop
  endfacet
  facet normal -7.160568E-01 6.980165E-01 5.944420E-03
    outer loop
      vertex 3.064366E+00 -7.676004E+00 1.000000E+00
      vertex 1.844302E+00 -8.927601E+00 1.000000E+00
      vertex 2.119505E+00 -8.687866E+00 6.000000E+00
    endloop
  endfacet
  facet normal -4.451137E-01 8.954499E-01 -6.570899E-03
    outer loop
      vertex 8.687145E-01 -9.630532E+00 6.000000E+00
      vertex 3.940293E-01 -9.903181E+00 1.000000E+00
      vertex -5.338022E-01 -1.032770E+01 6.000000E+00
    endloop
  endfacet
  facet normal -5.581371E-01 8.297126E-01 7.743848E-03
    outer loop
      vertex 1.844302E+00 -8.927601E+00 1.000000E+00
      vertex 3.940293E-01 -9.903181E+00 1.000000E+00
      vertex 8.687145E-01 -9.630532E+00 6.000000E+00
    endloop
  endfacet
  facet normal -2.732592E-01 9.619135E-01 -7.195505E-03
    outer loop
      vertex -5.338022E-01 -1.032770E+01 6.000000E+00
      vertex -1.225129E+00 -1.056149E+01 1.000000E+00
      vertex -2.040425E+00 -1.075570E+01 6.000000E+00
    endloop
  endfacet
  facet normal -3.766227E-01 9.263253E-01 8.760152E-03
    outer loop
      vertex 3.940293E-01 -9.903181E+00 1.000000E+00
      vertex -1.225129E+00 -1.056149E+01 1.000000E+00
      vertex -5.338022E-01 -1.032770E+01 6.000000E+00
    endloop
  endfacet
  facet normal -1.791877E-01 9.837738E-01 8.992785E-03
    outer loop
      vertex -1.225129E+00 -1.056149E+01 1.000000E+00
      vertex -2.944707E+00 -1.087470E+01 1.000000E+00
      vertex -2.040425E+00 -1.075570E+01 6.000000E+00
    endloop
  endfacet
  facet normal -9.213138E-02 9.957469E-01 0.000000E+00
    outer loop
      vertex -2.040425E+00 -1.075570E+01 6.000000E+00
      vertex -3.600000E+00 -1.090000E+01 2.000000E+00
      vertex -3.600000E+00 -1.090000E+01 6.000000E+00
    endloop
  endfacet
  facet normal -5.861180E-02 9.981941E-01 -1.315736E-02
    outer loop
      vertex -2.944707E+00 -1.087470E+01 1.000000E+00
      vertex -3.600000E+00 -1.090000E+01 2.000000E+00
      vertex -2.040425E+00 -1.075570E+01 6.000000E+00
    endloop
  endfacet
  facet normal 2.580235E-02 9.987772E-01 4.217337E-02
    outer loop
      vertex -2.944707E+00 -1.087470E+01 1.000000E+00
      vertex -4.691994E+00 -1.082956E+01 1.000000E+00
      vertex -3.600000E+00 -1.090000E+01 2.000000E+00
    endloop
  endfacet
  facet normal 1.052363E-01 9.934311E-01 -4.494456E-02
    outer loop
      vertex -4.691994E+00 -1.082956E+01 1.000000E+00
      vertex -5.380867E+00 -1.071135E+01 2.000000E+00
      vertex -3.600000E+00 -1.090000E+01 2.000000E+00
    endloop
  endfacet
  facet normal 2.295386E-01 9.723414E-01 4.317711E-02
    outer loop
      vertex -4.691994E+00 -1.082956E+01 1.000000E+00
      vertex -6.393106E+00 -1.042799E+01 1.000000E+00
      vertex -5.380867E+00 -1.071135E+01 2.000000E+00
    endloop
  endfacet
  facet normal 3.110259E-01 9.492955E-01 -4.583785E-02
    outer loop
      vertex -6.393106E+00 -1.042799E+01 1.000000E+00
      vertex -7.082685E+00 -1.015377E+01 2.000000E+00
      vertex -5.380867E+00 -1.071135E+01 2.000000E+00
    endloop
  endfacet
  facet normal 4.235560E-01 9.048026E-01 4.396132E-02
    outer loop
      vertex -6.393106E+00 -1.042799E+01 1.000000E+00
      vertex -7.976114E+00 -9.686949E+00 1.000000E+00
      vertex -7.082685E+00 -1.015377E+01 2.000000E+00
    endloop
  endfacet
  facet normal 5.029976E-01 8.630354E-01 -4.651184E-02
    outer loop
      vertex -7.976114E+00 -9.686949E+00 1.000000E+00
      vertex -8.629910E+00 -9.252007E+00 2.000000E+00
      vertex -7.082685E+00 -1.015377E+01 2.000000E+00
    endloop
  endfacet
  facet normal 5.996559E-01 7.990183E-01 4.452671E-02
    outer loop
      vertex -7.976114E+00 -9.686949E+00 1.000000E+00
      vertex -9.374081E+00 -8.637788E+00 1.000000E+00
      vertex -8.629910E+00 -9.252007E+00 2.000000E+00
    endloop
  endfacet
  facet normal 6.726376E-01 7.384800E-01 -4.696791E-02
    outer loop
      vertex -9.374081E+00 -8.637788E+00 1.000000E+00
      vertex -9.953865E+00 -8.046096E+00 2.000000E+00
      vertex -8.629910E+00 -9.252007E+00 2.000000E+00
    endloop
  endfacet
  facet normal 7.503992E-01 6.594601E-01 4.487256E-02
    outer loop
      vertex -9.374081E+00 -8.637788E+00 1.000000E+00
      vertex -1.052789E+01 -7.324865E+00 1.000000E+00
      vertex -9.953865E+00 -8.046096E+00 2.000000E+00
    endloop
  endfacet
  facet normal 8.124215E-01 5.811567E-01 -4.720480E-02
    outer loop
      vertex -1.052789E+01 -7.324865E+00 1.000000E+00
      vertex -1.099578E+01 -6.589562E+00 2.000000E+00
      vertex -9.953865E+00 -8.046096E+00 2.000000E+00
    endloop
  endfacet
  facet normal 8.694165E-01 4.920265E-01 4.500005E-02
    outer loop
      vertex -1.052789E+01 -7.324865E+00 1.000000E+00
      vertex -1.138876E+01 -5.803698E+00 1.000000E+00
      vertex -1.099578E+01 -6.589562E+00 2.000000E+00
    endloop
  endfacet
  facet normal 9.161499E-01 3.980446E-01 -4.722249E-02
    outer loop
      vertex -1.138876E+01 -5.803698E+00 1.000000E+00
      vertex -1.170941E+01 -4.947060E+00 2.000000E+00
      vertex -1.099578E+01 -6.589562E+00 2.000000E+00
    endloop
  endfacet
  facet normal 9.680133E-01 2.508989E-01 0.000000E+00
    outer loop
      vertex -1.170941E+01 -4.947060E+00 6.000000E+00
      vertex -1.170941E+01 -4.947060E+00 2.000000E+00
      vertex -1.192566E+01 -4.112731E+00 6.000000E+00
    endloop
  endfacet
  facet normal 9.516789E-01 3.037934E-01 4.490875E-02
    outer loop
      vertex -1.138876E+01 -5.803698E+00 1.000000E+00
      vertex -1.192029E+01 -4.138607E+00 1.000000E+00
      vertex -1.170941E+01 -4.947060E+00 2.000000E+00
    endloop
  endfacet
  facet normal 9.677025E-01 2.520948E-01 -2.662518E-04
    outer loop
      vertex -1.170941E+01 -4.947060E+00 2.000000E+00
      vertex -1.192029E+01 -4.138607E+00 1.000000E+00
      vertex -1.192566E+01 -4.112731E+00 6.000000E+00
    endloop
  endfacet
  facet normal 9.884452E-01 1.515789E-01 2.762080E-04
    outer loop
      vertex -1.192566E+01 -4.112731E+00 6.000000E+00
      vertex -1.192029E+01 -4.138607E+00 1.000000E+00
      vertex -1.205630E+01 -3.260791E+00 6.000000E+00
    endloop
  endfacet
  facet normal 9.946600E-01 1.028121E-01 9.006937E-03
    outer loop
      vertex -1.192029E+01 -4.138607E+00 1.000000E+00
      vertex -1.210000E+01 -2.400000E+00 1.000000E+00
      vertex -1.205630E+01 -3.260791E+00 6.000000E+00
    endloop
  endfacet
  facet normal 9.987139E-01 5.070004E-02 0.000000E+00
    outer loop
      vertex -1.205630E+01 -3.260791E+00 6.000000E+00
      vertex -1.210000E+01 -2.400000E+00 1.000000E+00
      vertex -1.210000E+01 -2.400000E+00 6.000000E+00
    endloop
  endfacet
  facet normal 6.302140E-01 -5.674472E-01 -5.299377E-01
    outer loop
      vertex -1.065315E+01 2.724411E+00 3.765102E-01
      vertex -9.433594E+00 4.078862E+00 3.765102E-01
      vertex -9.353875E+00 3.990325E+00 5.661163E-01
    endloop
  endfacet
  facet normal 6.302142E-01 -5.674475E-01 -5.299371E-01
    outer loop
      vertex -1.065315E+01 2.724411E+00 3.765102E-01
      vertex -9.353875E+00 3.990325E+00 5.661163E-01
      vertex -1.055676E+01 2.654384E+00 5.661163E-01
    endloop
  endfacet
  facet normal 2.032409E-01 -2.613095E-01 -9.436156E-01
    outer loop
      vertex -9.807845E+00 4.494511E+00 2.507209E-02
      vertex -8.754292E+00 5.313942E+00 2.507209E-02
      vertex -8.636865E+00 5.138200E+00 9.903114E-02
    endloop
  endfacet
  facet normal 6.891590E-02 -8.860608E-02 -9.936798E-01
    outer loop
      vertex -9.807845E+00 4.494511E+00 2.507209E-02
      vertex -8.877917E+00 5.498961E+00 0.000000E+00
      vertex -8.754292E+00 5.313942E+00 2.507209E-02
    endloop
  endfacet
  facet normal 2.032408E-01 -2.613094E-01 -9.436158E-01
    outer loop
      vertex -9.807845E+00 4.494511E+00 2.507209E-02
      vertex -8.636865E+00 5.138200E+00 9.903114E-02
      vertex -9.666416E+00 4.337437E+00 9.903114E-02
    endloop
  endfacet
  facet normal 8.451932E-02 -1.029871E-01 -9.910854E-01
    outer loop
      vertex -9.807845E+00 4.494511E+00 2.507209E-02
      vertex -1.031751E+01 4.317514E+00 0.000000E+00
      vertex -8.877917E+00 5.498961E+00 0.000000E+00
    endloop
  endfacet
  facet normal 8.606391E-01 -4.968900E-01 -1.113581E-01
    outer loop
      vertex -1.138804E+01 1.067459E+00 7.774791E-01
      vertex -1.049693E+01 2.610912E+00 7.774791E-01
      vertex -1.047664E+01 2.596175E+00 1.000000E+00
    endloop
  endfacet
  facet normal 8.606391E-01 -4.968900E-01 -1.113584E-01
    outer loop
      vertex -1.138804E+01 1.067459E+00 7.774791E-01
      vertex -1.047664E+01 2.596175E+00 1.000000E+00
      vertex -1.136514E+01 1.057261E+00 1.000000E+00
    endloop
  endfacet
  facet normal 5.269248E-01 -4.744452E-01 -7.051609E-01
    outer loop
      vertex -1.078125E+01 2.817482E+00 2.181685E-01
      vertex -9.433594E+00 4.078862E+00 3.765102E-01
      vertex -1.065315E+01 2.724411E+00 3.765102E-01
    endloop
  endfacet
  facet normal 5.269239E-01 -4.744440E-01 -7.051624E-01
    outer loop
      vertex -1.078125E+01 2.817482E+00 2.181685E-01
      vertex -9.539545E+00 4.196533E+00 2.181685E-01
      vertex -9.433594E+00 4.078862E+00 3.765102E-01
    endloop
  endfacet
  facet normal 8.179142E-01 -4.722227E-01 -3.286670E-01
    outer loop
      vertex -1.145561E+01 1.097541E+00 5.661163E-01
      vertex -1.055676E+01 2.654384E+00 5.661163E-01
      vertex -1.049693E+01 2.610912E+00 7.774791E-01
    endloop
  endfacet
  facet normal 8.179145E-01 -4.722230E-01 -3.286658E-01
    outer loop
      vertex -1.145561E+01 1.097541E+00 5.661163E-01
      vertex -1.049693E+01 2.610912E+00 7.774791E-01
      vertex -1.138804E+01 1.067459E+00 7.774791E-01
    endloop
  endfacet
  facet normal 3.969351E-01 -3.574019E-01 -8.454031E-01
    outer loop
      vertex -1.093464E+01 2.928929E+00 9.903114E-02
      vertex -9.666416E+00 4.337437E+00 9.903114E-02
      vertex -9.539545E+00 4.196533E+00 2.181685E-01
    endloop
  endfacet
  facet normal 3.969346E-01 -3.574012E-01 -8.454036E-01
    outer loop
      vertex -1.093464E+01 2.928929E+00 9.903114E-02
      vertex -9.539545E+00 4.196533E+00 2.181685E-01
      vertex -1.078125E+01 2.817482E+00 2.181685E-01
    endloop
  endfacet
  facet normal 7.344204E-01 -4.240175E-01 -5.299395E-01
    outer loop
      vertex -1.156444E+01 1.145999E+00 3.765102E-01
      vertex -1.055676E+01 2.654384E+00 5.661163E-01
      vertex -1.145561E+01 1.097541E+00 5.661163E-01
    endloop
  endfacet
  facet normal 7.344216E-01 -4.240185E-01 -5.299371E-01
    outer loop
      vertex -1.156444E+01 1.145999E+00 3.765102E-01
      vertex -1.065315E+01 2.724411E+00 3.765102E-01
      vertex -1.055676E+01 2.654384E+00 5.661163E-01
    endloop
  endfacet
  facet normal 2.466486E-01 -2.220835E-01 -9.433150E-01
    outer loop
      vertex -1.110564E+01 3.053165E+00 2.507209E-02
      vertex -9.807845E+00 4.494511E+00 2.507209E-02
      vertex -9.666416E+00 4.337437E+00 9.903114E-02
    endloop
  endfacet
  facet normal 9.965066E-02 -8.178119E-02 -9.916560E-01
    outer loop
      vertex -1.110564E+01 3.053165E+00 2.507209E-02
      vertex -1.149896E+01 2.877917E+00 0.000000E+00
      vertex -1.031751E+01 4.317514E+00 0.000000E+00
    endloop
  endfacet
  facet normal 7.124331E-02 -6.414778E-02 -9.953942E-01
    outer loop
      vertex -1.110564E+01 3.053165E+00 2.507209E-02
      vertex -1.031751E+01 4.317514E+00 0.000000E+00
      vertex -9.807845E+00 4.494511E+00 2.507209E-02
    endloop
  endfacet
  facet normal 2.466481E-01 -2.220829E-01 -9.433154E-01
    outer loop
      vertex -1.110564E+01 3.053165E+00 2.507209E-02
      vertex -9.666416E+00 4.337437E+00 9.903114E-02
      vertex -1.093464E+01 2.928929E+00 9.903114E-02
    endloop
  endfacet
  facet normal 9.451410E-01 -3.070948E-01 -1.113608E-01
    outer loop
      vertex -1.193878E+01 -6.275378E-01 7.774791E-01
      vertex -1.136514E+01 1.057261E+00 1.000000E+00
      vertex -1.191425E+01 -6.327506E-01 1.000000E+00
    endloop
  endfacet
  facet normal 9.883359E-01 -1.038787E-01 -1.113609E-01
    outer loop
      vertex -1.193878E+01 -6.275378E-01 7.774791E-01
      vertex -1.191425E+01 -6.327506E-01 1.000000E+00
      vertex -1.210000E+01 -2.400000E+00 1.000000E+00
    endloop
  endfacet
  facet normal 9.451411E-01 -3.070952E-01 -1.113584E-01
    outer loop
      vertex -1.193878E+01 -6.275378E-01 7.774791E-01
      vertex -1.138804E+01 1.067459E+00 7.774791E-01
      vertex -1.136514E+01 1.057261E+00 1.000000E+00
    endloop
  endfacet
  facet normal 9.883363E-01 -1.038785E-01 -1.113588E-01
    outer loop
      vertex -1.193878E+01 -6.275378E-01 7.774791E-01
      vertex -1.210000E+01 -2.400000E+00 1.000000E+00
      vertex -1.212507E+01 -2.400000E+00 7.774791E-01
    endloop
  endfacet
  facet normal 6.140531E-01 -3.545240E-01 -7.051607E-01
    outer loop
      vertex -1.170910E+01 1.210402E+00 2.181685E-01
      vertex -1.078125E+01 2.817482E+00 2.181685E-01
      vertex -1.065315E+01 2.724411E+00 3.765102E-01
    endloop
  endfacet
  facet normal 6.140519E-01 -3.545231E-01 -7.051621E-01
    outer loop
      vertex -1.170910E+01 1.210402E+00 2.181685E-01
      vertex -1.065315E+01 2.724411E+00 3.765102E-01
      vertex -1.156444E+01 1.145999E+00 3.765102E-01
    endloop
  endfacet
  facet normal 8.982217E-01 -2.918501E-01 -3.286657E-01
    outer loop
      vertex -1.201112E+01 -6.121609E-01 5.661163E-01
      vertex -1.138804E+01 1.067459E+00 7.774791E-01
      vertex -1.193878E+01 -6.275378E-01 7.774791E-01
    endloop
  endfacet
  facet normal 8.982217E-01 -2.918501E-01 -3.286657E-01
    outer loop
      vertex -1.201112E+01 -6.121609E-01 5.661163E-01
      vertex -1.145561E+01 1.097541E+00 5.661163E-01
      vertex -1.138804E+01 1.067459E+00 7.774791E-01
    endloop
  endfacet
  facet normal 9.392734E-01 -9.872144E-02 -3.286631E-01
    outer loop
      vertex -1.201112E+01 -6.121609E-01 5.661163E-01
      vertex -1.212507E+01 -2.400000E+00 7.774791E-01
      vertex -1.219903E+01 -2.400000E+00 5.661163E-01
    endloop
  endfacet
  facet normal 9.392725E-01 -9.872168E-02 -3.286657E-01
    outer loop
      vertex -1.201112E+01 -6.121609E-01 5.661163E-01
      vertex -1.193878E+01 -6.275378E-01 7.774791E-01
      vertex -1.212507E+01 -2.400000E+00 7.774791E-01
    endloop
  endfacet
  facet normal 4.625697E-01 -2.670650E-01 -8.454026E-01
    outer loop
      vertex -1.188231E+01 1.287522E+00 9.903114E-02
      vertex -1.078125E+01 2.817482E+00 2.181685E-01
      vertex -1.170910E+01 1.210402E+00 2.181685E-01
    endloop
  endfacet
  facet normal 4.625684E-01 -2.670640E-01 -8.454036E-01
    outer loop
      vertex -1.188231E+01 1.287522E+00 9.903114E-02
      vertex -1.093464E+01 2.928929E+00 9.903114E-02
      vertex -1.078125E+01 2.817482E+00 2.181685E-01
    endloop
  endfacet
  facet normal 8.433902E-01 -8.864377E-02 -5.299389E-01
    outer loop
      vertex -1.212766E+01 -5.873908E-01 3.765102E-01
      vertex -1.219903E+01 -2.400000E+00 5.661163E-01
      vertex -1.231817E+01 -2.400000E+00 3.765102E-01
    endloop
  endfacet
  facet normal 8.065297E-01 -2.620574E-01 -5.299394E-01
    outer loop
      vertex -1.212766E+01 -5.873908E-01 3.765102E-01
      vertex -1.156444E+01 1.145999E+00 3.765102E-01
      vertex -1.145561E+01 1.097541E+00 5.661163E-01
    endloop
  endfacet
  facet normal 8.433904E-01 -8.864374E-02 -5.299386E-01
    outer loop
      vertex -1.212766E+01 -5.873908E-01 3.765102E-01
      vertex -1.201112E+01 -6.121609E-01 5.661163E-01
      vertex -1.219903E+01 -2.400000E+00 5.661163E-01
    endloop
  endfacet
  facet normal 8.065301E-01 -2.620577E-01 -5.299385E-01
    outer loop
      vertex -1.212766E+01 -5.873908E-01 3.765102E-01
      vertex -1.145561E+01 1.097541E+00 5.661163E-01
      vertex -1.201112E+01 -6.121609E-01 5.661163E-01
    endloop
  endfacet
  facet normal 8.540284E-02 -4.930731E-02 -9.951257E-01
    outer loop
      vertex -1.207540E+01 1.373491E+00 2.507209E-02
      vertex -1.149896E+01 2.877917E+00 0.000000E+00
      vertex -1.110564E+01 3.053165E+00 2.507209E-02
    endloop
  endfacet
  facet normal 1.092638E-01 -5.840275E-02 -9.922956E-01
    outer loop
      vertex -1.207540E+01 1.373491E+00 2.507209E-02
      vertex -1.237686E+01 1.235493E+00 0.000000E+00
      vertex -1.149896E+01 2.877917E+00 0.000000E+00
    endloop
  endfacet
  facet normal 2.874319E-01 -1.659487E-01 -9.433154E-01
    outer loop
      vertex -1.207540E+01 1.373491E+00 2.507209E-02
      vertex -1.110564E+01 3.053165E+00 2.507209E-02
      vertex -1.093464E+01 2.928929E+00 9.903114E-02
    endloop
  endfacet
  facet normal 2.874326E-01 -1.659493E-01 -9.433151E-01
    outer loop
      vertex -1.207540E+01 1.373491E+00 2.507209E-02
      vertex -1.093464E+01 2.928929E+00 9.903114E-02
      vertex -1.188231E+01 1.287522E+00 9.903114E-02
    endloop
  endfacet
  facet normal 7.051626E-01 -7.411540E-02 -7.051614E-01
    outer loop
      vertex -1.228254E+01 -5.544698E-01 2.181685E-01
      vertex -1.231817E+01 -2.400000E+00 3.765102E-01
      vertex -1.247651E+01 -2.400000E+00 2.181685E-01
    endloop
  endfacet
  facet normal 6.743432E-01 -2.191074E-01 -7.051619E-01
    outer loop
      vertex -1.228254E+01 -5.544698E-01 2.181685E-01
      vertex -1.156444E+01 1.145999E+00 3.765102E-01
      vertex -1.212766E+01 -5.873908E-01 3.765102E-01
    endloop
  endfacet
  facet normal 6.743429E-01 -2.191072E-01 -7.051621E-01
    outer loop
      vertex -1.228254E+01 -5.544698E-01 2.181685E-01
      vertex -1.170910E+01 1.210402E+00 2.181685E-01
      vertex -1.156444E+01 1.145999E+00 3.765102E-01
    endloop
  endfacet
  facet normal 7.051622E-01 -7.411544E-02 -7.051619E-01
    outer loop
      vertex -1.228254E+01 -5.544698E-01 2.181685E-01
      vertex -1.212766E+01 -5.873908E-01 3.765102E-01
      vertex -1.231817E+01 -2.400000E+00 3.765102E-01
    endloop
  endfacet
  facet normal 5.312010E-01 -5.583171E-02 -8.454042E-01
    outer loop
      vertex -1.246800E+01 -5.150484E-01 9.903114E-02
      vertex -1.247651E+01 -2.400000E+00 2.181685E-01
      vertex -1.266612E+01 -2.400000E+00 9.903114E-02
    endloop
  endfacet
  facet normal 5.312037E-01 -5.583162E-02 -8.454025E-01
    outer loop
      vertex -1.246800E+01 -5.150484E-01 9.903114E-02
      vertex -1.228254E+01 -5.544698E-01 2.181685E-01
      vertex -1.247651E+01 -2.400000E+00 2.181685E-01
    endloop
  endfacet
  facet normal 5.079875E-01 -1.650551E-01 -8.454025E-01
    outer loop
      vertex -1.246800E+01 -5.150484E-01 9.903114E-02
      vertex -1.188231E+01 1.287522E+00 9.903114E-02
      vertex -1.170910E+01 1.210402E+00 2.181685E-01
    endloop
  endfacet
  facet normal 5.079874E-01 -1.650551E-01 -8.454026E-01
    outer loop
      vertex -1.246800E+01 -5.150484E-01 9.903114E-02
      vertex -1.170910E+01 1.210402E+00 2.181685E-01
      vertex -1.228254E+01 -5.544698E-01 2.181685E-01
    endloop
  endfacet
  facet normal 3.300815E-01 -3.469293E-02 -9.433147E-01
    outer loop
      vertex -1.267474E+01 -4.711036E-01 2.507209E-02
      vertex -1.266612E+01 -2.400000E+00 9.903114E-02
      vertex -1.287748E+01 -2.400000E+00 2.507209E-02
    endloop
  endfacet
  facet normal 1.132646E-01 -3.435845E-02 -9.929706E-01
    outer loop
      vertex -1.267474E+01 -4.711036E-01 2.507209E-02
      vertex -1.291746E+01 -5.466419E-01 0.000000E+00
      vertex -1.237686E+01 1.235493E+00 0.000000E+00
    endloop
  endfacet
  facet normal 1.061805E-01 -1.116001E-02 -9.942843E-01
    outer loop
      vertex -1.267474E+01 -4.711036E-01 2.507209E-02
      vertex -1.287748E+01 -2.400000E+00 2.507209E-02
      vertex -1.291746E+01 -5.466419E-01 0.000000E+00
    endloop
  endfacet
  facet normal 3.300800E-01 -3.469295E-02 -9.433152E-01
    outer loop
      vertex -1.267474E+01 -4.711036E-01 2.507209E-02
      vertex -1.246800E+01 -5.150484E-01 9.903114E-02
      vertex -1.266612E+01 -2.400000E+00 9.903114E-02
    endloop
  endfacet
  facet normal 9.719008E-02 -3.157898E-02 -9.947647E-01
    outer loop
      vertex -1.267474E+01 -4.711036E-01 2.507209E-02
      vertex -1.237686E+01 1.235493E+00 0.000000E+00
      vertex -1.207540E+01 1.373491E+00 2.507209E-02
    endloop
  endfacet
  facet normal 3.156542E-01 -1.025623E-01 -9.433151E-01
    outer loop
      vertex -1.267474E+01 -4.711036E-01 2.507209E-02
      vertex -1.207540E+01 1.373491E+00 2.507209E-02
      vertex -1.188231E+01 1.287522E+00 9.903114E-02
    endloop
  endfacet
  facet normal 3.156539E-01 -1.025622E-01 -9.433152E-01
    outer loop
      vertex -1.267474E+01 -4.711036E-01 2.507209E-02
      vertex -1.188231E+01 1.287522E+00 9.903114E-02
      vertex -1.246800E+01 -5.150484E-01 9.903114E-02
    endloop
  endfacet
  facet normal 1.119573E-01 -1.102683E-02 -9.936518E-01
    outer loop
      vertex -1.310000E+01 -2.400000E+00 0.000000E+00
      vertex -1.291746E+01 -5.466419E-01 0.000000E+00
      vertex -1.287748E+01 -2.400000E+00 2.507209E-02
    endloop
  endfacet
  facet normal -9.889868E-01 -9.740672E-02 -1.114321E-01
    outer loop
      vertex 4.761265E+00 -7.368410E-01 7.774791E-01
      vertex 4.925072E+00 -2.400000E+00 7.774791E-01
      vertex 4.900000E+00 -2.400000E+00 1.000000E+00
    endloop
  endfacet
  facet normal -9.818451E-01 -1.031962E-01 -1.591567E-01
    outer loop
      vertex 4.761265E+00 -7.368410E-01 7.774791E-01
      vertex 4.900000E+00 -2.400000E+00 1.000000E+00
      vertex 4.714254E+00 -6.327506E-01 1.000000E+00
    endloop
  endfacet
  facet normal -9.398311E-01 -9.256523E-02 -3.288604E-01
    outer loop
      vertex 4.833803E+00 -7.224122E-01 5.661163E-01
      vertex 4.999031E+00 -2.400000E+00 5.661163E-01
      vertex 4.925072E+00 -2.400000E+00 7.774791E-01
    endloop
  endfacet
  facet normal -9.398309E-01 -9.256528E-02 -3.288609E-01
    outer loop
      vertex 4.833803E+00 -7.224122E-01 5.661163E-01
      vertex 4.925072E+00 -2.400000E+00 7.774791E-01
      vertex 4.761265E+00 -7.368410E-01 7.774791E-01
    endloop
  endfacet
  facet normal -8.437953E-01 -8.310659E-02 -5.301913E-01
    outer loop
      vertex 4.950651E+00 -6.991697E-01 3.765102E-01
      vertex 5.118168E+00 -2.400000E+00 3.765102E-01
      vertex 4.999031E+00 -2.400000E+00 5.661163E-01
    endloop
  endfacet
  facet normal -8.437955E-01 -8.310656E-02 -5.301909E-01
    outer loop
      vertex 4.950651E+00 -6.991697E-01 3.765102E-01
      vertex 4.999031E+00 -2.400000E+00 5.661163E-01
      vertex 4.833803E+00 -7.224122E-01 5.661163E-01
    endloop
  endfacet
  facet normal -9.318952E-01 -3.027910E-01 -1.997223E-01
    outer loop
      vertex 4.276140E+00 8.624039E-01 7.774791E-01
      vertex 4.714254E+00 -6.327506E-01 1.000000E+00
      vertex 4.165136E+00 1.057261E+00 1.000000E+00
    endloop
  endfacet
  facet normal -9.548390E-01 -2.896472E-01 -6.623352E-02
    outer loop
      vertex 4.276140E+00 8.624039E-01 7.774791E-01
      vertex 4.761265E+00 -7.368410E-01 7.774791E-01
      vertex 4.714254E+00 -6.327506E-01 1.000000E+00
    endloop
  endfacet
  facet normal -7.053977E-01 -6.947570E-02 -7.053986E-01
    outer loop
      vertex 5.105950E+00 -6.682788E-01 2.181685E-01
      vertex 5.276510E+00 -2.400000E+00 2.181685E-01
      vertex 5.118168E+00 -2.400000E+00 3.765102E-01
    endloop
  endfacet
  facet normal -7.053981E-01 -6.947566E-02 -7.053981E-01
    outer loop
      vertex 5.105950E+00 -6.682788E-01 2.181685E-01
      vertex 5.118168E+00 -2.400000E+00 3.765102E-01
      vertex 4.950651E+00 -6.991697E-01 3.765102E-01
    endloop
  endfacet
  facet normal -9.037136E-01 -2.741385E-01 -3.288614E-01
    outer loop
      vertex 4.344469E+00 8.907068E-01 5.661163E-01
      vertex 4.761265E+00 -7.368410E-01 7.774791E-01
      vertex 4.276140E+00 8.624039E-01 7.774791E-01
    endloop
  endfacet
  facet normal -9.037138E-01 -2.741385E-01 -3.288610E-01
    outer loop
      vertex 4.344469E+00 8.907068E-01 5.661163E-01
      vertex 4.833803E+00 -7.224122E-01 5.661163E-01
      vertex 4.761265E+00 -7.368410E-01 7.774791E-01
    endloop
  endfacet
  facet normal -5.313025E-01 -5.232879E-02 -8.455645E-01
    outer loop
      vertex 5.291914E+00 -6.312885E-01 9.903114E-02
      vertex 5.276510E+00 -2.400000E+00 2.181685E-01
      vertex 5.105950E+00 -6.682788E-01 2.181685E-01
    endloop
  endfacet
  facet normal -5.313029E-01 -5.232877E-02 -8.455642E-01
    outer loop
      vertex 5.291914E+00 -6.312885E-01 9.903114E-02
      vertex 5.466116E+00 -2.400000E+00 9.903114E-02
      vertex 5.276510E+00 -2.400000E+00 2.181685E-01
    endloop
  endfacet
  facet normal -8.113689E-01 -2.461260E-01 -5.301911E-01
    outer loop
      vertex 4.454537E+00 9.362987E-01 3.765102E-01
      vertex 4.950651E+00 -6.991697E-01 3.765102E-01
      vertex 4.833803E+00 -7.224122E-01 5.661163E-01
    endloop
  endfacet
  facet normal -8.113691E-01 -2.461260E-01 -5.301907E-01
    outer loop
      vertex 4.454537E+00 9.362987E-01 3.765102E-01
      vertex 4.833803E+00 -7.224122E-01 5.661163E-01
      vertex 4.344469E+00 8.907068E-01 5.661163E-01
    endloop
  endfacet
  facet normal -3.301044E-01 -3.251244E-02 -9.433843E-01
    outer loop
      vertex 5.499215E+00 -5.900536E-01 2.507209E-02
      vertex 5.677479E+00 -2.400000E+00 2.507209E-02
      vertex 5.466116E+00 -2.400000E+00 9.903114E-02
    endloop
  endfacet
  facet normal -1.119577E-01 -1.102687E-02 -9.936517E-01
    outer loop
      vertex 5.499215E+00 -5.900536E-01 2.507209E-02
      vertex 5.900000E+00 -2.400000E+00 0.000000E+00
      vertex 5.677479E+00 -2.400000E+00 2.507209E-02
    endloop
  endfacet
  facet normal -1.119578E-01 -1.102688E-02 -9.936518E-01
    outer loop
      vertex 5.499215E+00 -5.900536E-01 2.507209E-02
      vertex 5.717460E+00 -5.466419E-01 0.000000E+00
      vertex 5.900000E+00 -2.400000E+00 0.000000E+00
    endloop
  endfacet
  facet normal -3.301043E-01 -3.251245E-02 -9.433843E-01
    outer loop
      vertex 5.499215E+00 -5.900536E-01 2.507209E-02
      vertex 5.466116E+00 -2.400000E+00 9.903114E-02
      vertex 5.291914E+00 -6.312885E-01 9.903114E-02
    endloop
  endfacet
  facet normal -8.421308E-01 -4.862044E-01 -2.332827E-01
    outer loop
      vertex 3.488338E+00 2.336276E+00 7.774791E-01
      vertex 4.165136E+00 1.057261E+00 1.000000E+00
      vertex 3.276644E+00 2.596175E+00 1.000000E+00
    endloop
  endfacet
  facet normal -8.815964E-01 -4.712231E-01 -2.713805E-02
    outer loop
      vertex 3.488338E+00 2.336276E+00 7.774791E-01
      vertex 4.276140E+00 8.624039E-01 7.774791E-01
      vertex 4.165136E+00 1.057261E+00 1.000000E+00
    endloop
  endfacet
  facet normal -6.782897E-01 -2.057569E-01 -7.053987E-01
    outer loop
      vertex 4.600826E+00 9.968934E-01 2.181685E-01
      vertex 4.950651E+00 -6.991697E-01 3.765102E-01
      vertex 4.454537E+00 9.362987E-01 3.765102E-01
    endloop
  endfacet
  facet normal -6.782902E-01 -2.057569E-01 -7.053981E-01
    outer loop
      vertex 4.600826E+00 9.968934E-01 2.181685E-01
      vertex 5.105950E+00 -6.682788E-01 2.181685E-01
      vertex 4.950651E+00 -6.991697E-01 3.765102E-01
    endloop
  endfacet
  facet normal -8.328674E-01 -4.451769E-01 -3.288608E-01
    outer loop
      vertex 3.549833E+00 2.377366E+00 5.661163E-01
      vertex 4.276140E+00 8.624039E-01 7.774791E-01
      vertex 3.488338E+00 2.336276E+00 7.774791E-01
    endloop
  endfacet
  facet normal -8.328671E-01 -4.451769E-01 -3.288613E-01
    outer loop
      vertex 3.549833E+00 2.377366E+00 5.661163E-01
      vertex 4.344469E+00 8.907068E-01 5.661163E-01
      vertex 4.276140E+00 8.624039E-01 7.774791E-01
    endloop
  endfacet
  facet normal -5.108849E-01 -1.549753E-01 -8.455644E-01
    outer loop
      vertex 4.775999E+00 1.069453E+00 9.903114E-02
      vertex 5.291914E+00 -6.312885E-01 9.903114E-02
      vertex 5.105950E+00 -6.682788E-01 2.181685E-01
    endloop
  endfacet
  facet normal -5.108861E-01 -1.549755E-01 -8.455637E-01
    outer loop
      vertex 4.775999E+00 1.069453E+00 9.903114E-02
      vertex 5.105950E+00 -6.682788E-01 2.181685E-01
      vertex 4.600826E+00 9.968934E-01 2.181685E-01
    endloop
  endfacet
  facet normal -7.477621E-01 -3.996872E-01 -5.301906E-01
    outer loop
      vertex 3.648892E+00 2.443555E+00 3.765102E-01
      vertex 4.454537E+00 9.362987E-01 3.765102E-01
      vertex 4.344469E+00 8.907068E-01 5.661163E-01
    endloop
  endfacet
  facet normal -7.477616E-01 -3.996871E-01 -5.301914E-01
    outer loop
      vertex 3.648892E+00 2.443555E+00 3.765102E-01
      vertex 4.344469E+00 8.907068E-01 5.661163E-01
      vertex 3.549833E+00 2.377366E+00 5.661163E-01
    endloop
  endfacet
  facet normal -1.076553E-01 -3.265690E-02 -9.936518E-01
    outer loop
      vertex 4.971273E+00 1.150338E+00 2.507209E-02
      vertex 5.717460E+00 -5.466419E-01 0.000000E+00
      vertex 5.499215E+00 -5.900536E-01 2.507209E-02
    endloop
  endfacet
  facet normal -1.076552E-01 -3.265683E-02 -9.936518E-01
    outer loop
      vertex 4.971273E+00 1.150338E+00 2.507209E-02
      vertex 5.176856E+00 1.235493E+00 0.000000E+00
      vertex 5.717460E+00 -5.466419E-01 0.000000E+00
    endloop
  endfacet
  facet normal -3.174186E-01 -9.628794E-02 -9.433843E-01
    outer loop
      vertex 4.971273E+00 1.150338E+00 2.507209E-02
      vertex 5.499215E+00 -5.900536E-01 2.507209E-02
      vertex 5.291914E+00 -6.312885E-01 9.903114E-02
    endloop
  endfacet
  facet normal -3.174186E-01 -9.628794E-02 -9.433844E-01
    outer loop
      vertex 4.971273E+00 1.150338E+00 2.507209E-02
      vertex 5.291914E+00 -6.312885E-01 9.903114E-02
      vertex 4.775999E+00 1.069453E+00 9.903114E-02
    endloop
  endfacet
  facet normal -7.175574E-01 -6.460915E-01 -2.601482E-01
    outer loop
      vertex 2.428136E+00 3.628136E+00 7.774791E-01
      vertex 3.276644E+00 2.596175E+00 1.000000E+00
      vertex 2.087610E+00 3.916731E+00 1.000000E+00
    endloop
  endfacet
  facet normal -7.729986E-01 -6.343835E-01 5.554896E-03
    outer loop
      vertex 2.428136E+00 3.628136E+00 7.774791E-01
      vertex 3.488338E+00 2.336276E+00 7.774791E-01
      vertex 3.276644E+00 2.596175E+00 1.000000E+00
    endloop
  endfacet
  facet normal -6.251155E-01 -3.341312E-01 -7.053984E-01
    outer loop
      vertex 3.780549E+00 2.531525E+00 2.181685E-01
      vertex 4.454537E+00 9.362987E-01 3.765102E-01
      vertex 3.648892E+00 2.443555E+00 3.765102E-01
    endloop
  endfacet
  facet normal -6.251152E-01 -3.341311E-01 -7.053987E-01
    outer loop
      vertex 3.780549E+00 2.531525E+00 2.181685E-01
      vertex 4.600826E+00 9.968934E-01 2.181685E-01
      vertex 4.454537E+00 9.362987E-01 3.765102E-01
    endloop
  endfacet
  facet normal -6.840291E-01 -7.208167E-01 -1.119260E-01
    outer loop
      vertex 2.104387E+00 3.935363E+00 7.774791E-01
      vertex 2.428136E+00 3.628136E+00 7.774791E-01
      vertex 2.087610E+00 3.916731E+00 1.000000E+00
    endloop
  endfacet
  facet normal -7.300144E-01 -5.991073E-01 -3.288608E-01
    outer loop
      vertex 2.480433E+00 3.680433E+00 5.661163E-01
      vertex 3.549833E+00 2.377366E+00 5.661163E-01
      vertex 3.488338E+00 2.336276E+00 7.774791E-01
    endloop
  endfacet
  facet normal -7.300145E-01 -5.991073E-01 -3.288608E-01
    outer loop
      vertex 2.480433E+00 3.680433E+00 5.661163E-01
      vertex 3.488338E+00 2.336276E+00 7.774791E-01
      vertex 2.428136E+00 3.628136E+00 7.774791E-01
    endloop
  endfacet
  facet normal -4.708347E-01 -2.516664E-01 -8.455641E-01
    outer loop
      vertex 3.938200E+00 2.636864E+00 9.903114E-02
      vertex 4.600826E+00 9.968934E-01 2.181685E-01
      vertex 3.780549E+00 2.531525E+00 2.181685E-01
    endloop
  endfacet
  facet normal -4.708353E-01 -2.516666E-01 -8.455638E-01
    outer loop
      vertex 3.938200E+00 2.636864E+00 9.903114E-02
      vertex 4.775999E+00 1.069453E+00 9.903114E-02
      vertex 4.600826E+00 9.968934E-01 2.181685E-01
    endloop
  endfacet
  facet normal -6.497505E-01 -6.846945E-01 -3.301780E-01
    outer loop
      vertex 2.153875E+00 3.990325E+00 5.661163E-01
      vertex 2.428136E+00 3.628136E+00 7.774791E-01
      vertex 2.104387E+00 3.935363E+00 7.774791E-01
    endloop
  endfacet
  facet normal -6.497506E-01 -6.846946E-01 -3.301779E-01
    outer loop
      vertex 2.153875E+00 3.990325E+00 5.661163E-01
      vertex 2.480433E+00 3.680433E+00 5.661163E-01
      vertex 2.428136E+00 3.628136E+00 7.774791E-01
    endloop
  endfacet
  facet normal -6.554185E-01 -5.378881E-01 -5.301914E-01
    outer loop
      vertex 2.564676E+00 3.764676E+00 3.765102E-01
      vertex 3.549833E+00 2.377366E+00 5.661163E-01
      vertex 2.480433E+00 3.680433E+00 5.661163E-01
    endloop
  endfacet
  facet normal -6.554186E-01 -5.378882E-01 -5.301912E-01
    outer loop
      vertex 2.564676E+00 3.764676E+00 3.765102E-01
      vertex 3.648892E+00 2.443555E+00 3.765102E-01
      vertex 3.549833E+00 2.377366E+00 5.661163E-01
    endloop
  endfacet
  facet normal -2.925347E-01 -1.563630E-01 -9.433843E-01
    outer loop
      vertex 4.113942E+00 2.754291E+00 2.507209E-02
      vertex 4.971273E+00 1.150338E+00 2.507209E-02
      vertex 4.775999E+00 1.069453E+00 9.903114E-02
    endloop
  endfacet
  facet normal -9.921575E-02 -5.303193E-02 -9.936518E-01
    outer loop
      vertex 4.113942E+00 2.754291E+00 2.507209E-02
      vertex 4.298961E+00 2.877917E+00 0.000000E+00
      vertex 5.176856E+00 1.235493E+00 0.000000E+00
    endloop
  endfacet
  facet normal -9.921559E-02 -5.303182E-02 -9.936517E-01
    outer loop
      vertex 4.113942E+00 2.754291E+00 2.507209E-02
      vertex 5.176856E+00 1.235493E+00 0.000000E+00
      vertex 4.971273E+00 1.150338E+00 2.507209E-02
    endloop
  endfacet
  facet normal -2.925346E-01 -1.563630E-01 -9.433844E-01
    outer loop
      vertex 4.113942E+00 2.754291E+00 2.507209E-02
      vertex 4.775999E+00 1.069453E+00 9.903114E-02
      vertex 3.938200E+00 2.636864E+00 9.903114E-02
    endloop
  endfacet
  facet normal -5.641637E-01 -7.765048E-01 -2.806413E-01
    outer loop
      vertex 1.136276E+00 4.688338E+00 7.774791E-01
      vertex 2.087610E+00 3.916731E+00 1.000000E+00
      vertex 6.500000E-01 4.961216E+00 1.000000E+00
    endloop
  endfacet
  facet normal -6.101003E-01 -7.844143E-01 -1.116775E-01
    outer loop
      vertex 1.136276E+00 4.688338E+00 7.774791E-01
      vertex 2.104387E+00 3.935363E+00 7.774791E-01
      vertex 2.087610E+00 3.916731E+00 1.000000E+00
    endloop
  endfacet
  facet normal -5.829028E-01 -6.142517E-01 -5.319015E-01
    outer loop
      vertex 2.233593E+00 4.078862E+00 3.765102E-01
      vertex 2.480433E+00 3.680433E+00 5.661163E-01
      vertex 2.153875E+00 3.990325E+00 5.661163E-01
    endloop
  endfacet
  facet normal -5.829030E-01 -6.142517E-01 -5.319012E-01
    outer loop
      vertex 2.233593E+00 4.078862E+00 3.765102E-01
      vertex 2.564676E+00 3.764676E+00 3.765102E-01
      vertex 2.480433E+00 3.680433E+00 5.661163E-01
    endloop
  endfacet
  facet normal -5.479181E-01 -4.496649E-01 -7.053986E-01
    outer loop
      vertex 2.676641E+00 3.876641E+00 2.181685E-01
      vertex 3.780549E+00 2.531525E+00 2.181685E-01
      vertex 3.648892E+00 2.443555E+00 3.765102E-01
    endloop
  endfacet
  facet normal -5.479186E-01 -4.496651E-01 -7.053981E-01
    outer loop
      vertex 2.676641E+00 3.876641E+00 2.181685E-01
      vertex 3.648892E+00 2.443555E+00 3.765102E-01
      vertex 2.564676E+00 3.764676E+00 3.765102E-01
    endloop
  endfacet
  facet normal -5.247514E-01 -8.438679E-01 -1.119060E-01
    outer loop
      vertex 6.625360E-01 4.982929E+00 7.774791E-01
      vertex 1.136276E+00 4.688338E+00 7.774791E-01
      vertex 6.500000E-01 4.961216E+00 1.000000E+00
    endloop
  endfacet
  facet normal -5.796522E-01 -7.452666E-01 -3.295163E-01
    outer loop
      vertex 1.177366E+00 4.749833E+00 5.661163E-01
      vertex 2.153875E+00 3.990325E+00 5.661163E-01
      vertex 2.104387E+00 3.935363E+00 7.774791E-01
    endloop
  endfacet
  facet normal -5.796520E-01 -7.452666E-01 -3.295172E-01
    outer loop
      vertex 1.177366E+00 4.749833E+00 5.661163E-01
      vertex 2.104387E+00 3.935363E+00 7.774791E-01
      vertex 1.136276E+00 4.688338E+00 7.774791E-01
    endloop
  endfacet
  facet normal -4.868236E-01 -5.130051E-01 -7.069856E-01
    outer loop
      vertex 2.339545E+00 4.196533E+00 2.181685E-01
      vertex 2.676641E+00 3.876641E+00 2.181685E-01
      vertex 2.564676E+00 3.764676E+00 3.765102E-01
    endloop
  endfacet
  facet normal -4.868236E-01 -5.130050E-01 -7.069856E-01
    outer loop
      vertex 2.339545E+00 4.196533E+00 2.181685E-01
      vertex 2.564676E+00 3.764676E+00 3.765102E-01
      vertex 2.233593E+00 4.078862E+00 3.765102E-01
    endloop
  endfacet
  facet normal -4.126900E-01 -3.386860E-01 -8.455641E-01
    outer loop
      vertex 2.810712E+00 4.010712E+00 9.903114E-02
      vertex 3.780549E+00 2.531525E+00 2.181685E-01
      vertex 2.676641E+00 3.876641E+00 2.181685E-01
    endloop
  endfacet
  facet normal -4.126901E-01 -3.386860E-01 -8.455641E-01
    outer loop
      vertex 2.810712E+00 4.010712E+00 9.903114E-02
      vertex 3.938200E+00 2.636864E+00 9.903114E-02
      vertex 3.780549E+00 2.531525E+00 2.181685E-01
    endloop
  endfacet
  facet normal -4.984641E-01 -8.015945E-01 -3.301209E-01
    outer loop
      vertex 6.995156E-01 5.046979E+00 5.661163E-01
      vertex 1.136276E+00 4.688338E+00 7.774791E-01
      vertex 6.625360E-01 4.982929E+00 7.774791E-01
    endloop
  endfacet
  facet normal -4.984634E-01 -8.015944E-01 -3.301222E-01
    outer loop
      vertex 6.995156E-01 5.046979E+00 5.661163E-01
      vertex 1.177366E+00 4.749833E+00 5.661163E-01
      vertex 1.136276E+00 4.688338E+00 7.774791E-01
    endloop
  endfacet
  facet normal -5.202197E-01 -6.688535E-01 -5.310429E-01
    outer loop
      vertex 1.243555E+00 4.848892E+00 3.765102E-01
      vertex 2.233593E+00 4.078862E+00 3.765102E-01
      vertex 2.153875E+00 3.990325E+00 5.661163E-01
    endloop
  endfacet
  facet normal -5.202197E-01 -6.688535E-01 -5.310428E-01
    outer loop
      vertex 1.243555E+00 4.848892E+00 3.765102E-01
      vertex 2.153875E+00 3.990325E+00 5.661163E-01
      vertex 1.177366E+00 4.749833E+00 5.661163E-01
    endloop
  endfacet
  facet normal -3.663169E-01 -3.860174E-01 -8.466418E-01
    outer loop
      vertex 2.466416E+00 4.337437E+00 9.903114E-02
      vertex 2.676641E+00 3.876641E+00 2.181685E-01
      vertex 2.339545E+00 4.196533E+00 2.181685E-01
    endloop
  endfacet
  facet normal -3.663167E-01 -3.860174E-01 -8.466421E-01
    outer loop
      vertex 2.466416E+00 4.337437E+00 9.903114E-02
      vertex 2.810712E+00 4.010712E+00 9.903114E-02
      vertex 2.676641E+00 3.876641E+00 2.181685E-01
    endloop
  endfacet
  facet normal -8.696318E-02 -7.136884E-02 -9.936518E-01
    outer loop
      vertex 2.960168E+00 4.160168E+00 2.507209E-02
      vertex 3.117514E+00 4.317514E+00 0.000000E+00
      vertex 4.298961E+00 2.877917E+00 0.000000E+00
    endloop
  endfacet
  facet normal -8.696331E-02 -7.136897E-02 -9.936518E-01
    outer loop
      vertex 2.960168E+00 4.160168E+00 2.507209E-02
      vertex 4.298961E+00 2.877917E+00 0.000000E+00
      vertex 4.113942E+00 2.754291E+00 2.507209E-02
    endloop
  endfacet
  facet normal -2.564087E-01 -2.104293E-01 -9.433845E-01
    outer loop
      vertex 2.960168E+00 4.160168E+00 2.507209E-02
      vertex 4.113942E+00 2.754291E+00 2.507209E-02
      vertex 3.938200E+00 2.636864E+00 9.903114E-02
    endloop
  endfacet
  facet normal -2.564090E-01 -2.104294E-01 -9.433843E-01
    outer loop
      vertex 2.960168E+00 4.160168E+00 2.507209E-02
      vertex 3.938200E+00 2.636864E+00 9.903114E-02
      vertex 2.810712E+00 4.010712E+00 9.903114E-02
    endloop
  endfacet
  facet normal -3.886291E-01 -8.728753E-01 -2.950527E-01
    outer loop
      vertex -3.375961E-01 5.476140E+00 7.774791E-01
      vertex 6.500000E-01 4.961216E+00 1.000000E+00
      vertex -9.733555E-01 5.683980E+00 1.000000E+00
    endloop
  endfacet
  facet normal -4.395192E-01 -8.912573E-01 -1.117285E-01
    outer loop
      vertex -3.375961E-01 5.476140E+00 7.774791E-01
      vertex 6.625360E-01 4.982929E+00 7.774791E-01
      vertex 6.500000E-01 4.961216E+00 1.000000E+00
    endloop
  endfacet
  facet normal -4.471955E-01 -7.191489E-01 -5.318281E-01
    outer loop
      vertex 7.590843E-01 5.150156E+00 3.765102E-01
      vertex 1.177366E+00 4.749833E+00 5.661163E-01
      vertex 6.995156E-01 5.046979E+00 5.661163E-01
    endloop
  endfacet
  facet normal -4.471957E-01 -7.191490E-01 -5.318278E-01
    outer loop
      vertex 7.590843E-01 5.150156E+00 3.765102E-01
      vertex 1.243555E+00 4.848892E+00 3.765102E-01
      vertex 1.177366E+00 4.749833E+00 5.661163E-01
    endloop
  endfacet
  facet normal -4.346846E-01 -5.588799E-01 -7.061889E-01
    outer loop
      vertex 1.331525E+00 4.980548E+00 2.181685E-01
      vertex 2.233593E+00 4.078862E+00 3.765102E-01
      vertex 1.243555E+00 4.848892E+00 3.765102E-01
    endloop
  endfacet
  facet normal -4.346843E-01 -5.588796E-01 -7.061892E-01
    outer loop
      vertex 1.331525E+00 4.980548E+00 2.181685E-01
      vertex 2.339545E+00 4.196533E+00 2.181685E-01
      vertex 2.233593E+00 4.078862E+00 3.765102E-01
    endloop
  endfacet
  facet normal -8.451938E-02 -1.029871E-01 -9.910853E-01
    outer loop
      vertex 2.607845E+00 4.494511E+00 2.507209E-02
      vertex 1.677917E+00 5.498961E+00 0.000000E+00
      vertex 3.117514E+00 4.317514E+00 0.000000E+00
    endloop
  endfacet
  facet normal -7.709736E-02 -8.124357E-02 -9.937080E-01
    outer loop
      vertex 2.607845E+00 4.494511E+00 2.507209E-02
      vertex 3.117514E+00 4.317514E+00 0.000000E+00
      vertex 2.960168E+00 4.160168E+00 2.507209E-02
    endloop
  endfacet
  facet normal -2.274182E-01 -2.396489E-01 -9.438482E-01
    outer loop
      vertex 2.607845E+00 4.494511E+00 2.507209E-02
      vertex 2.810712E+00 4.010712E+00 9.903114E-02
      vertex 2.466416E+00 4.337437E+00 9.903114E-02
    endloop
  endfacet
  facet normal -2.274187E-01 -2.396491E-01 -9.438480E-01
    outer loop
      vertex 2.607845E+00 4.494511E+00 2.507209E-02
      vertex 2.960168E+00 4.160168E+00 2.507209E-02
      vertex 2.810712E+00 4.010712E+00 9.903114E-02
    endloop
  endfacet
  facet normal -4.175664E-01 -8.467410E-01 -3.296482E-01
    outer loop
      vertex -3.092932E-01 5.544469E+00 5.661163E-01
      vertex 6.995156E-01 5.046979E+00 5.661163E-01
      vertex 6.625360E-01 4.982929E+00 7.774791E-01
    endloop
  endfacet
  facet normal -4.175661E-01 -8.467408E-01 -3.296492E-01
    outer loop
      vertex -3.092932E-01 5.544469E+00 5.661163E-01
      vertex 6.625360E-01 4.982929E+00 7.774791E-01
      vertex -3.375961E-01 5.476140E+00 7.774791E-01
    endloop
  endfacet
  facet normal -3.439440E-01 -9.323014E-01 -1.118782E-01
    outer loop
      vertex -9.656078E-01 5.707825E+00 7.774791E-01
      vertex -3.375961E-01 5.476140E+00 7.774791E-01
      vertex -9.733555E-01 5.683980E+00 1.000000E+00
    endloop
  endfacet
  facet normal -3.735005E-01 -6.006374E-01 -7.069173E-01
    outer loop
      vertex 8.382551E-01 5.287283E+00 2.181685E-01
      vertex 1.243555E+00 4.848892E+00 3.765102E-01
      vertex 7.590843E-01 5.150156E+00 3.765102E-01
    endloop
  endfacet
  facet normal -3.735007E-01 -6.006376E-01 -7.069171E-01
    outer loop
      vertex 8.382551E-01 5.287283E+00 2.181685E-01
      vertex 1.331525E+00 4.980548E+00 2.181685E-01
      vertex 1.243555E+00 4.848892E+00 3.765102E-01
    endloop
  endfacet
  facet normal -3.272440E-01 -4.207419E-01 -8.461013E-01
    outer loop
      vertex 1.436864E+00 5.138200E+00 9.903114E-02
      vertex 2.466416E+00 4.337437E+00 9.903114E-02
      vertex 2.339545E+00 4.196533E+00 2.181685E-01
    endloop
  endfacet
  facet normal -3.272435E-01 -4.207414E-01 -8.461019E-01
    outer loop
      vertex 1.436864E+00 5.138200E+00 9.903114E-02
      vertex 2.339545E+00 4.196533E+00 2.181685E-01
      vertex 1.331525E+00 4.980548E+00 2.181685E-01
    endloop
  endfacet
  facet normal -3.747233E-01 -7.598637E-01 -5.312153E-01
    outer loop
      vertex -2.637013E-01 5.654538E+00 3.765102E-01
      vertex 6.995156E-01 5.046979E+00 5.661163E-01
      vertex -3.092932E-01 5.544469E+00 5.661163E-01
    endloop
  endfacet
  facet normal -3.747234E-01 -7.598638E-01 -5.312151E-01
    outer loop
      vertex -2.637013E-01 5.654538E+00 3.765102E-01
      vertex 7.590843E-01 5.150156E+00 3.765102E-01
      vertex 6.995156E-01 5.046979E+00 5.661163E-01
    endloop
  endfacet
  facet normal -3.267215E-01 -8.856177E-01 -3.300521E-01
    outer loop
      vertex -9.427533E-01 5.778164E+00 5.661163E-01
      vertex -3.375961E-01 5.476140E+00 7.774791E-01
      vertex -9.656078E-01 5.707825E+00 7.774791E-01
    endloop
  endfacet
  facet normal -3.267213E-01 -8.856176E-01 -3.300525E-01
    outer loop
      vertex -9.427533E-01 5.778164E+00 5.661163E-01
      vertex -3.092932E-01 5.544469E+00 5.661163E-01
      vertex -3.375961E-01 5.476140E+00 7.774791E-01
    endloop
  endfacet
  facet normal -2.810570E-01 -4.519762E-01 -8.465958E-01
    outer loop
      vertex 9.330581E-01 5.451487E+00 9.903114E-02
      vertex 1.331525E+00 4.980548E+00 2.181685E-01
      vertex 8.382551E-01 5.287283E+00 2.181685E-01
    endloop
  endfacet
  facet normal -2.810566E-01 -4.519759E-01 -8.465961E-01
    outer loop
      vertex 9.330581E-01 5.451487E+00 9.903114E-02
      vertex 1.436864E+00 5.138200E+00 9.903114E-02
      vertex 1.331525E+00 4.980548E+00 2.181685E-01
    endloop
  endfacet
  facet normal -2.032409E-01 -2.613095E-01 -9.436156E-01
    outer loop
      vertex 1.554291E+00 5.313942E+00 2.507209E-02
      vertex 2.466416E+00 4.337437E+00 9.903114E-02
      vertex 1.436864E+00 5.138200E+00 9.903114E-02
    endloop
  endfacet
  facet normal -6.891584E-02 -8.860603E-02 -9.936798E-01
    outer loop
      vertex 1.554291E+00 5.313942E+00 2.507209E-02
      vertex 1.677917E+00 5.498961E+00 0.000000E+00
      vertex 2.607845E+00 4.494511E+00 2.507209E-02
    endloop
  endfacet
  facet normal -2.032405E-01 -2.613091E-01 -9.436158E-01
    outer loop
      vertex 1.554291E+00 5.313942E+00 2.507209E-02
      vertex 2.607845E+00 4.494511E+00 2.507209E-02
      vertex 2.466416E+00 4.337437E+00 9.903114E-02
    endloop
  endfacet
  facet normal -1.980979E-01 -9.319770E-01 -3.036051E-01
    outer loop
      vertex -1.936841E+00 5.961265E+00 7.774791E-01
      vertex -9.733555E-01 5.683980E+00 1.000000E+00
      vertex -2.711508E+00 6.053436E+00 1.000000E+00
    endloop
  endfacet
  facet normal -2.509095E-01 -9.615360E-01 -1.117716E-01
    outer loop
      vertex -1.936841E+00 5.961265E+00 7.774791E-01
      vertex -9.656078E-01 5.707825E+00 7.774791E-01
      vertex -9.733555E-01 5.683980E+00 1.000000E+00
    endloop
  endfacet
  facet normal -3.130806E-01 -6.348646E-01 -7.063481E-01
    outer loop
      vertex -2.031066E-01 5.800826E+00 2.181685E-01
      vertex 7.590843E-01 5.150156E+00 3.765102E-01
      vertex -2.637013E-01 5.654538E+00 3.765102E-01
    endloop
  endfacet
  facet normal -3.130803E-01 -6.348643E-01 -7.063484E-01
    outer loop
      vertex -2.031066E-01 5.800826E+00 2.181685E-01
      vertex 8.382551E-01 5.287283E+00 2.181685E-01
      vertex 7.590843E-01 5.150156E+00 3.765102E-01
    endloop
  endfacet
  facet normal -2.931292E-01 -7.945624E-01 -5.317385E-01
    outer loop
      vertex -9.059378E-01 5.891471E+00 3.765102E-01
      vertex -2.637013E-01 5.654538E+00 3.765102E-01
      vertex -3.092932E-01 5.544469E+00 5.661163E-01
    endloop
  endfacet
  facet normal -2.931293E-01 -7.945625E-01 -5.317383E-01
    outer loop
      vertex -9.059378E-01 5.891471E+00 3.765102E-01
      vertex -3.092932E-01 5.544469E+00 5.661163E-01
      vertex -9.427533E-01 5.778164E+00 5.661163E-01
    endloop
  endfacet
  facet normal -1.744931E-01 -2.806077E-01 -9.438281E-01
    outer loop
      vertex 1.038740E+00 5.634532E+00 2.507209E-02
      vertex 1.436864E+00 5.138200E+00 9.903114E-02
      vertex 9.330581E-01 5.451487E+00 9.903114E-02
    endloop
  endfacet
  facet normal -5.915608E-02 -9.513075E-02 -9.937055E-01
    outer loop
      vertex 1.038740E+00 5.634532E+00 2.507209E-02
      vertex 1.677917E+00 5.498961E+00 0.000000E+00
      vertex 1.554291E+00 5.313942E+00 2.507209E-02
    endloop
  endfacet
  facet normal -6.442063E-02 -1.205226E-01 -9.906181E-01
    outer loop
      vertex 1.038740E+00 5.634532E+00 2.507209E-02
      vertex 3.549261E-02 6.376855E+00 0.000000E+00
      vertex 1.677917E+00 5.498961E+00 0.000000E+00
    endloop
  endfacet
  facet normal -1.744930E-01 -2.806077E-01 -9.438282E-01
    outer loop
      vertex 1.038740E+00 5.634532E+00 2.507209E-02
      vertex 1.554291E+00 5.313942E+00 2.507209E-02
      vertex 1.436864E+00 5.138200E+00 9.903114E-02
    endloop
  endfacet
  facet normal -2.383677E-01 -9.134734E-01 -3.297684E-01
    outer loop
      vertex -1.922412E+00 6.033803E+00 5.661163E-01
      vertex -9.656078E-01 5.707825E+00 7.774791E-01
      vertex -1.936841E+00 5.961265E+00 7.774791E-01
    endloop
  endfacet
  facet normal -2.383677E-01 -9.134734E-01 -3.297684E-01
    outer loop
      vertex -1.922412E+00 6.033803E+00 5.661163E-01
      vertex -9.427533E-01 5.778164E+00 5.661163E-01
      vertex -9.656078E-01 5.707825E+00 7.774791E-01
    endloop
  endfacet
  facet normal -1.490262E-01 -9.824872E-01 -1.118485E-01
    outer loop
      vertex -2.708887E+00 6.078371E+00 7.774791E-01
      vertex -1.936841E+00 5.961265E+00 7.774791E-01
      vertex -2.711508E+00 6.053436E+00 1.000000E+00
    endloop
  endfacet
  facet normal -2.356732E-01 -4.778982E-01 -8.462100E-01
    outer loop
      vertex -1.305475E-01 5.975999E+00 9.903114E-02
      vertex 8.382551E-01 5.287283E+00 2.181685E-01
      vertex -2.031066E-01 5.800826E+00 2.181685E-01
    endloop
  endfacet
  facet normal -2.356734E-01 -4.778984E-01 -8.462098E-01
    outer loop
      vertex -1.305475E-01 5.975999E+00 9.903114E-02
      vertex 9.330581E-01 5.451487E+00 9.903114E-02
      vertex 8.382551E-01 5.287283E+00 2.181685E-01
    endloop
  endfacet
  facet normal -2.448358E-01 -6.636574E-01 -7.068340E-01
    outer loop
      vertex -8.570075E-01 6.042063E+00 2.181685E-01
      vertex -2.637013E-01 5.654538E+00 3.765102E-01
      vertex -9.059378E-01 5.891471E+00 3.765102E-01
    endloop
  endfacet
  facet normal -2.448362E-01 -6.636578E-01 -7.068334E-01
    outer loop
      vertex -8.570075E-01 6.042063E+00 2.181685E-01
      vertex -2.031066E-01 5.800826E+00 2.181685E-01
      vertex -2.637013E-01 5.654538E+00 3.765102E-01
    endloop
  endfacet
  facet normal -2.138956E-01 -8.196912E-01 -5.313709E-01
    outer loop
      vertex -1.899170E+00 6.150651E+00 3.765102E-01
      vertex -9.427533E-01 5.778164E+00 5.661163E-01
      vertex -1.922412E+00 6.033803E+00 5.661163E-01
    endloop
  endfacet
  facet normal -2.138957E-01 -8.196915E-01 -5.313704E-01
    outer loop
      vertex -1.899170E+00 6.150651E+00 3.765102E-01
      vertex -9.059378E-01 5.891471E+00 3.765102E-01
      vertex -9.427533E-01 5.778164E+00 5.661163E-01
    endloop
  endfacet
  facet normal -1.415674E-01 -9.333158E-01 -3.299701E-01
    outer loop
      vertex -2.701156E+00 6.151925E+00 5.661163E-01
      vertex -1.922412E+00 6.033803E+00 5.661163E-01
      vertex -1.936841E+00 5.961265E+00 7.774791E-01
    endloop
  endfacet
  facet normal -1.415678E-01 -9.333161E-01 -3.299691E-01
    outer loop
      vertex -2.701156E+00 6.151925E+00 5.661163E-01
      vertex -1.936841E+00 5.961265E+00 7.774791E-01
      vertex -2.708887E+00 6.078371E+00 7.774791E-01
    endloop
  endfacet
  facet normal -1.463580E-01 -2.967845E-01 -9.436622E-01
    outer loop
      vertex -4.966247E-02 6.171273E+00 2.507209E-02
      vertex 1.038740E+00 5.634532E+00 2.507209E-02
      vertex 9.330581E-01 5.451487E+00 9.903114E-02
    endloop
  endfacet
  facet normal -1.463578E-01 -2.967842E-01 -9.436623E-01
    outer loop
      vertex -4.966247E-02 6.171273E+00 2.507209E-02
      vertex 9.330581E-01 5.451487E+00 9.903114E-02
      vertex -1.305475E-01 5.975999E+00 9.903114E-02
    endloop
  endfacet
  facet normal -4.962564E-02 -1.006308E-01 -9.936854E-01
    outer loop
      vertex -4.966247E-02 6.171273E+00 2.507209E-02
      vertex 3.549261E-02 6.376855E+00 0.000000E+00
      vertex 1.038740E+00 5.634532E+00 2.507209E-02
    endloop
  endfacet
  facet normal -1.842472E-01 -4.994241E-01 -8.465392E-01
    outer loop
      vertex -7.984160E-01 6.222389E+00 9.903114E-02
      vertex -2.031066E-01 5.800826E+00 2.181685E-01
      vertex -8.570075E-01 6.042063E+00 2.181685E-01
    endloop
  endfacet
  facet normal -1.842469E-01 -4.994237E-01 -8.465395E-01
    outer loop
      vertex -7.984160E-01 6.222389E+00 9.903114E-02
      vertex -1.305475E-01 5.975999E+00 9.903114E-02
      vertex -2.031066E-01 5.800826E+00 2.181685E-01
    endloop
  endfacet
  facet normal 0.000000E+00 -9.518900E-01 -3.064400E-01
    outer loop
      vertex -3.600000E+00 6.125072E+00 7.774791E-01
      vertex -2.711508E+00 6.053436E+00 1.000000E+00
      vertex -4.488492E+00 6.053436E+00 1.000000E+00
    endloop
  endfacet
  facet normal -5.200747E-02 -9.923674E-01 -1.118131E-01
    outer loop
      vertex -3.600000E+00 6.125072E+00 7.774791E-01
      vertex -2.708887E+00 6.078371E+00 7.774791E-01
      vertex -2.711508E+00 6.053436E+00 1.000000E+00
    endloop
  endfacet
  facet normal -1.786936E-01 -6.847895E-01 -7.064927E-01
    outer loop
      vertex -1.868279E+00 6.305951E+00 2.181685E-01
      vertex -8.570075E-01 6.042063E+00 2.181685E-01
      vertex -9.059378E-01 5.891471E+00 3.765102E-01
    endloop
  endfacet
  facet normal -1.786935E-01 -6.847895E-01 -7.064928E-01
    outer loop
      vertex -1.868279E+00 6.305951E+00 2.181685E-01
      vertex -9.059378E-01 5.891471E+00 3.765102E-01
      vertex -1.899170E+00 6.150651E+00 3.765102E-01
    endloop
  endfacet
  facet normal -1.270182E-01 -8.373969E-01 -5.316323E-01
    outer loop
      vertex -2.688703E+00 6.270410E+00 3.765102E-01
      vertex -1.922412E+00 6.033803E+00 5.661163E-01
      vertex -2.701156E+00 6.151925E+00 5.661163E-01
    endloop
  endfacet
  facet normal -1.270181E-01 -8.373967E-01 -5.316325E-01
    outer loop
      vertex -2.688703E+00 6.270410E+00 3.765102E-01
      vertex -1.899170E+00 6.150651E+00 3.765102E-01
      vertex -1.922412E+00 6.033803E+00 5.661163E-01
    endloop
  endfacet
  facet normal -1.143937E-01 -3.100778E-01 -9.438039E-01
    outer loop
      vertex -7.331013E-01 6.423407E+00 2.507209E-02
      vertex -4.966247E-02 6.171273E+00 2.507209E-02
      vertex -1.305475E-01 5.975999E+00 9.903114E-02
    endloop
  endfacet
  facet normal -4.036284E-02 -1.330585E-01 -9.902859E-01
    outer loop
      vertex -7.331013E-01 6.423407E+00 2.507209E-02
      vertex -1.746642E+00 6.917460E+00 0.000000E+00
      vertex 3.549261E-02 6.376855E+00 0.000000E+00
    endloop
  endfacet
  facet normal -1.143935E-01 -3.100775E-01 -9.438040E-01
    outer loop
      vertex -7.331013E-01 6.423407E+00 2.507209E-02
      vertex -1.305475E-01 5.975999E+00 9.903114E-02
      vertex -7.984160E-01 6.222389E+00 9.903114E-02
    endloop
  endfacet
  facet normal -3.878240E-02 -1.051243E-01 -9.937025E-01
    outer loop
      vertex -7.331013E-01 6.423407E+00 2.507209E-02
      vertex 3.549261E-02 6.376855E+00 0.000000E+00
      vertex -4.966247E-02 6.171273E+00 2.507209E-02
    endloop
  endfacet
  facet normal -4.940681E-02 -9.427311E-01 -3.298745E-01
    outer loop
      vertex -3.600000E+00 6.199031E+00 5.661163E-01
      vertex -2.701156E+00 6.151925E+00 5.661163E-01
      vertex -2.708887E+00 6.078371E+00 7.774791E-01
    endloop
  endfacet
  facet normal -4.940611E-02 -9.427302E-01 -3.298770E-01
    outer loop
      vertex -3.600000E+00 6.199031E+00 5.661163E-01
      vertex -2.708887E+00 6.078371E+00 7.774791E-01
      vertex -3.600000E+00 6.125072E+00 7.774791E-01
    endloop
  endfacet
  facet normal -1.345010E-01 -5.154347E-01 -8.463076E-01
    outer loop
      vertex -1.831288E+00 6.491913E+00 9.903114E-02
      vertex -8.570075E-01 6.042063E+00 2.181685E-01
      vertex -1.868279E+00 6.305951E+00 2.181685E-01
    endloop
  endfacet
  facet normal -1.345009E-01 -5.154347E-01 -8.463076E-01
    outer loop
      vertex -1.831288E+00 6.491913E+00 9.903114E-02
      vertex -7.984160E-01 6.222389E+00 9.903114E-02
      vertex -8.570075E-01 6.042063E+00 2.181685E-01
    endloop
  endfacet
  facet normal 5.200745E-02 -9.923674E-01 -1.118131E-01
    outer loop
      vertex -4.491113E+00 6.078371E+00 7.774791E-01
      vertex -3.600000E+00 6.125072E+00 7.774791E-01
      vertex -4.488492E+00 6.053436E+00 1.000000E+00
    endloop
  endfacet
  facet normal -1.060982E-01 -6.994776E-01 -7.067350E-01
    outer loop
      vertex -2.672152E+00 6.427884E+00 2.181685E-01
      vertex -1.899170E+00 6.150651E+00 3.765102E-01
      vertex -2.688703E+00 6.270410E+00 3.765102E-01
    endloop
  endfacet
  facet normal -1.060980E-01 -6.994770E-01 -7.067355E-01
    outer loop
      vertex -2.672152E+00 6.427884E+00 2.181685E-01
      vertex -1.868279E+00 6.305951E+00 2.181685E-01
      vertex -1.899170E+00 6.150651E+00 3.765102E-01
    endloop
  endfacet
  facet normal -4.433131E-02 -8.458914E-01 -5.315097E-01
    outer loop
      vertex -3.600000E+00 6.318169E+00 3.765102E-01
      vertex -2.688703E+00 6.270410E+00 3.765102E-01
      vertex -2.701156E+00 6.151925E+00 5.661163E-01
    endloop
  endfacet
  facet normal -4.433165E-02 -8.458920E-01 -5.315087E-01
    outer loop
      vertex -3.600000E+00 6.318169E+00 3.765102E-01
      vertex -2.701156E+00 6.151925E+00 5.661163E-01
      vertex -3.600000E+00 6.199031E+00 5.661163E-01
    endloop
  endfacet
  facet normal -2.831860E-02 -1.085227E-01 -9.936905E-01
    outer loop
      vertex -1.790054E+00 6.699215E+00 2.507209E-02
      vertex -1.746642E+00 6.917460E+00 0.000000E+00
      vertex -7.331013E-01 6.423407E+00 2.507209E-02
    endloop
  endfacet
  facet normal -8.352158E-02 -3.200718E-01 -9.437045E-01
    outer loop
      vertex -1.790054E+00 6.699215E+00 2.507209E-02
      vertex -7.331013E-01 6.423407E+00 2.507209E-02
      vertex -7.984160E-01 6.222389E+00 9.903114E-02
    endloop
  endfacet
  facet normal -8.352173E-02 -3.200721E-01 -9.437044E-01
    outer loop
      vertex -1.790054E+00 6.699215E+00 2.507209E-02
      vertex -7.984160E-01 6.222389E+00 9.903114E-02
      vertex -1.831288E+00 6.491913E+00 9.903114E-02
    endloop
  endfacet
  facet normal 4.940675E-02 -9.427302E-01 -3.298770E-01
    outer loop
      vertex -4.498844E+00 6.151925E+00 5.661163E-01
      vertex -3.600000E+00 6.199031E+00 5.661163E-01
      vertex -3.600000E+00 6.125072E+00 7.774791E-01
    endloop
  endfacet
  facet normal 4.940613E-02 -9.427311E-01 -3.298745E-01
    outer loop
      vertex -4.498844E+00 6.151925E+00 5.661163E-01
      vertex -3.600000E+00 6.125072E+00 7.774791E-01
      vertex -4.491113E+00 6.078371E+00 7.774791E-01
    endloop
  endfacet
  facet normal -7.984734E-02 -5.264115E-01 -8.464723E-01
    outer loop
      vertex -2.652333E+00 6.616451E+00 9.903114E-02
      vertex -1.831288E+00 6.491913E+00 9.903114E-02
      vertex -1.868279E+00 6.305951E+00 2.181685E-01
    endloop
  endfacet
  facet normal -7.984695E-02 -5.264108E-01 -8.464728E-01
    outer loop
      vertex -2.652333E+00 6.616451E+00 9.903114E-02
      vertex -1.868279E+00 6.305951E+00 2.181685E-01
      vertex -2.672152E+00 6.427884E+00 2.181685E-01
    endloop
  endfacet
  facet normal 1.980979E-01 -9.319770E-01 -3.036052E-01
    outer loop
      vertex -5.263159E+00 5.961265E+00 7.774791E-01
      vertex -4.488492E+00 6.053436E+00 1.000000E+00
      vertex -6.226645E+00 5.683980E+00 1.000000E+00
    endloop
  endfacet
  facet normal 1.490261E-01 -9.824872E-01 -1.118486E-01
    outer loop
      vertex -5.263159E+00 5.961265E+00 7.774791E-01
      vertex -4.491113E+00 6.078371E+00 7.774791E-01
      vertex -4.488492E+00 6.053436E+00 1.000000E+00
    endloop
  endfacet
  facet normal -3.703253E-02 -7.066224E-01 -7.066212E-01
    outer loop
      vertex -3.600000E+00 6.476510E+00 2.181685E-01
      vertex -2.688703E+00 6.270410E+00 3.765102E-01
      vertex -3.600000E+00 6.318169E+00 3.765102E-01
    endloop
  endfacet
  facet normal -3.703249E-02 -7.066223E-01 -7.066212E-01
    outer loop
      vertex -3.600000E+00 6.476510E+00 2.181685E-01
      vertex -2.672152E+00 6.427884E+00 2.181685E-01
      vertex -2.688703E+00 6.270410E+00 3.765102E-01
    endloop
  endfacet
  facet normal 4.433133E-02 -8.458920E-01 -5.315087E-01
    outer loop
      vertex -4.511297E+00 6.270410E+00 3.765102E-01
      vertex -3.600000E+00 6.318169E+00 3.765102E-01
      vertex -3.600000E+00 6.199031E+00 5.661163E-01
    endloop
  endfacet
  facet normal 4.433161E-02 -8.458913E-01 -5.315098E-01
    outer loop
      vertex -4.511297E+00 6.270410E+00 3.765102E-01
      vertex -3.600000E+00 6.199031E+00 5.661163E-01
      vertex -4.498844E+00 6.151925E+00 5.661163E-01
    endloop
  endfacet
  facet normal -1.374886E-02 -1.395945E-01 -9.901133E-01
    outer loop
      vertex -2.630239E+00 6.826656E+00 2.507209E-02
      vertex -3.600000E+00 7.100000E+00 0.000000E+00
      vertex -1.746642E+00 6.917460E+00 0.000000E+00
    endloop
  endfacet
  facet normal -1.680835E-02 -1.108132E-01 -9.936991E-01
    outer loop
      vertex -2.630239E+00 6.826656E+00 2.507209E-02
      vertex -1.746642E+00 6.917460E+00 0.000000E+00
      vertex -1.790054E+00 6.699215E+00 2.507209E-02
    endloop
  endfacet
  facet normal -4.957712E-02 -3.268494E-01 -9.437752E-01
    outer loop
      vertex -2.630239E+00 6.826656E+00 2.507209E-02
      vertex -1.790054E+00 6.699215E+00 2.507209E-02
      vertex -1.831288E+00 6.491913E+00 9.903114E-02
    endloop
  endfacet
  facet normal -4.957738E-02 -3.268500E-01 -9.437749E-01
    outer loop
      vertex -2.630239E+00 6.826656E+00 2.507209E-02
      vertex -1.831288E+00 6.491913E+00 9.903114E-02
      vertex -2.652333E+00 6.616451E+00 9.903114E-02
    endloop
  endfacet
  facet normal 1.415674E-01 -9.333162E-01 -3.299691E-01
    outer loop
      vertex -5.277588E+00 6.033803E+00 5.661163E-01
      vertex -4.498844E+00 6.151925E+00 5.661163E-01
      vertex -4.491113E+00 6.078371E+00 7.774791E-01
    endloop
  endfacet
  facet normal 1.415677E-01 -9.333158E-01 -3.299700E-01
    outer loop
      vertex -5.277588E+00 6.033803E+00 5.661163E-01
      vertex -4.491113E+00 6.078371E+00 7.774791E-01
      vertex -5.263159E+00 5.961265E+00 7.774791E-01
    endloop
  endfacet
  facet normal -2.787167E-02 -5.318248E-01 -8.463956E-01
    outer loop
      vertex -3.600000E+00 6.666116E+00 9.903114E-02
      vertex -2.652333E+00 6.616451E+00 9.903114E-02
      vertex -2.672152E+00 6.427884E+00 2.181685E-01
    endloop
  endfacet
  facet normal -2.787176E-02 -5.318251E-01 -8.463955E-01
    outer loop
      vertex -3.600000E+00 6.666116E+00 9.903114E-02
      vertex -2.672152E+00 6.427884E+00 2.181685E-01
      vertex -3.600000E+00 6.476510E+00 2.181685E-01
    endloop
  endfacet
  facet normal 2.509095E-01 -9.615360E-01 -1.117716E-01
    outer loop
      vertex -6.234392E+00 5.707825E+00 7.774791E-01
      vertex -5.263159E+00 5.961265E+00 7.774791E-01
      vertex -6.226645E+00 5.683980E+00 1.000000E+00
    endloop
  endfacet
  facet normal 3.703252E-02 -7.066224E-01 -7.066212E-01
    outer loop
      vertex -4.527848E+00 6.427884E+00 2.181685E-01
      vertex -3.600000E+00 6.318169E+00 3.765102E-01
      vertex -4.511297E+00 6.270410E+00 3.765102E-01
    endloop
  endfacet
  facet normal 3.703249E-02 -7.066224E-01 -7.066211E-01
    outer loop
      vertex -4.527848E+00 6.427884E+00 2.181685E-01
      vertex -3.600000E+00 6.476510E+00 2.181685E-01
      vertex -3.600000E+00 6.318169E+00 3.765102E-01
    endloop
  endfacet
  facet normal 1.270182E-01 -8.373967E-01 -5.316324E-01
    outer loop
      vertex -5.300830E+00 6.150651E+00 3.765102E-01
      vertex -4.498844E+00 6.151925E+00 5.661163E-01
      vertex -5.277588E+00 6.033803E+00 5.661163E-01
    endloop
  endfacet
  facet normal 1.270181E-01 -8.373968E-01 -5.316323E-01
    outer loop
      vertex -5.300830E+00 6.150651E+00 3.765102E-01
      vertex -4.511297E+00 6.270410E+00 3.765102E-01
      vertex -4.498844E+00 6.151925E+00 5.661163E-01
    endloop
  endfacet
  facet normal -1.730670E-02 -3.302301E-01 -9.437418E-01
    outer loop
      vertex -3.600000E+00 6.877479E+00 2.507209E-02
      vertex -2.630239E+00 6.826656E+00 2.507209E-02
      vertex -2.652333E+00 6.616451E+00 9.903114E-02
    endloop
  endfacet
  facet normal -1.730654E-02 -3.302296E-01 -9.437420E-01
    outer loop
      vertex -3.600000E+00 6.877479E+00 2.507209E-02
      vertex -2.652333E+00 6.616451E+00 9.903114E-02
      vertex -3.600000E+00 6.666116E+00 9.903114E-02
    endloop
  endfacet
  facet normal -5.867737E-03 -1.119626E-01 -9.936951E-01
    outer loop
      vertex -3.600000E+00 6.877479E+00 2.507209E-02
      vertex -3.600000E+00 7.100000E+00 0.000000E+00
      vertex -2.630239E+00 6.826656E+00 2.507209E-02
    endloop
  endfacet
  facet normal 2.383677E-01 -9.134734E-01 -3.297683E-01
    outer loop
      vertex -6.257247E+00 5.778164E+00 5.661163E-01
      vertex -5.277588E+00 6.033803E+00 5.661163E-01
      vertex -5.263159E+00 5.961265E+00 7.774791E-01
    endloop
  endfacet
  facet normal 2.383677E-01 -9.134732E-01 -3.297687E-01
    outer loop
      vertex -6.257247E+00 5.778164E+00 5.661163E-01
      vertex -5.263159E+00 5.961265E+00 7.774791E-01
      vertex -6.234392E+00 5.707825E+00 7.774791E-01
    endloop
  endfacet
  facet normal 3.439440E-01 -9.323014E-01 -1.118781E-01
    outer loop
      vertex -6.862404E+00 5.476140E+00 7.774791E-01
      vertex -6.234392E+00 5.707825E+00 7.774791E-01
      vertex -6.226645E+00 5.683980E+00 1.000000E+00
    endloop
  endfacet
  facet normal 3.886292E-01 -8.728753E-01 -2.950528E-01
    outer loop
      vertex -6.862404E+00 5.476140E+00 7.774791E-01
      vertex -6.226645E+00 5.683980E+00 1.000000E+00
      vertex -7.850000E+00 4.961216E+00 1.000000E+00
    endloop
  endfacet
  facet normal 2.787175E-02 -5.318249E-01 -8.463956E-01
    outer loop
      vertex -4.547667E+00 6.616451E+00 9.903114E-02
      vertex -3.600000E+00 6.476510E+00 2.181685E-01
      vertex -4.527848E+00 6.427884E+00 2.181685E-01
    endloop
  endfacet
  facet normal 2.787169E-02 -5.318251E-01 -8.463954E-01
    outer loop
      vertex -4.547667E+00 6.616451E+00 9.903114E-02
      vertex -3.600000E+00 6.666116E+00 9.903114E-02
      vertex -3.600000E+00 6.476510E+00 2.181685E-01
    endloop
  endfacet
  facet normal 1.060980E-01 -6.994777E-01 -7.067349E-01
    outer loop
      vertex -5.331721E+00 6.305951E+00 2.181685E-01
      vertex -4.527848E+00 6.427884E+00 2.181685E-01
      vertex -4.511297E+00 6.270410E+00 3.765102E-01
    endloop
  endfacet
  facet normal 1.060982E-01 -6.994771E-01 -7.067354E-01
    outer loop
      vertex -5.331721E+00 6.305951E+00 2.181685E-01
      vertex -4.511297E+00 6.270410E+00 3.765102E-01
      vertex -5.300830E+00 6.150651E+00 3.765102E-01
    endloop
  endfacet
  facet normal 2.138957E-01 -8.196912E-01 -5.313708E-01
    outer loop
      vertex -6.294062E+00 5.891471E+00 3.765102E-01
      vertex -5.300830E+00 6.150651E+00 3.765102E-01
      vertex -5.277588E+00 6.033803E+00 5.661163E-01
    endloop
  endfacet
  facet normal 2.138957E-01 -8.196916E-01 -5.313702E-01
    outer loop
      vertex -6.294062E+00 5.891471E+00 3.765102E-01
      vertex -5.277588E+00 6.033803E+00 5.661163E-01
      vertex -6.257247E+00 5.778164E+00 5.661163E-01
    endloop
  endfacet
  facet normal 3.267215E-01 -8.856176E-01 -3.300524E-01
    outer loop
      vertex -6.890707E+00 5.544469E+00 5.661163E-01
      vertex -6.257247E+00 5.778164E+00 5.661163E-01
      vertex -6.234392E+00 5.707825E+00 7.774791E-01
    endloop
  endfacet
  facet normal 3.267215E-01 -8.856177E-01 -3.300523E-01
    outer loop
      vertex -6.890707E+00 5.544469E+00 5.661163E-01
      vertex -6.234392E+00 5.707825E+00 7.774791E-01
      vertex -6.862404E+00 5.476140E+00 7.774791E-01
    endloop
  endfacet
  facet normal 5.867734E-03 -1.119626E-01 -9.936951E-01
    outer loop
      vertex -4.569761E+00 6.826656E+00 2.507209E-02
      vertex -3.600000E+00 7.100000E+00 0.000000E+00
      vertex -3.600000E+00 6.877479E+00 2.507209E-02
    endloop
  endfacet
  facet normal 1.730666E-02 -3.302296E-01 -9.437420E-01
    outer loop
      vertex -4.569761E+00 6.826656E+00 2.507209E-02
      vertex -3.600000E+00 6.877479E+00 2.507209E-02
      vertex -3.600000E+00 6.666116E+00 9.903114E-02
    endloop
  endfacet
  facet normal 1.730657E-02 -3.302301E-01 -9.437418E-01
    outer loop
      vertex -4.569761E+00 6.826656E+00 2.507209E-02
      vertex -3.600000E+00 6.666116E+00 9.903114E-02
      vertex -4.547667E+00 6.616451E+00 9.903114E-02
    endloop
  endfacet
  facet normal 1.374886E-02 -1.395945E-01 -9.901133E-01
    outer loop
      vertex -4.569761E+00 6.826656E+00 2.507209E-02
      vertex -5.453358E+00 6.917460E+00 0.000000E+00
      vertex -3.600000E+00 7.100000E+00 0.000000E+00
    endloop
  endfacet
  facet normal 7.984722E-02 -5.264108E-01 -8.464728E-01
    outer loop
      vertex -5.368711E+00 6.491913E+00 9.903114E-02
      vertex -4.547667E+00 6.616451E+00 9.903114E-02
      vertex -4.527848E+00 6.427884E+00 2.181685E-01
    endloop
  endfacet
  facet normal 7.984708E-02 -5.264117E-01 -8.464722E-01
    outer loop
      vertex -5.368711E+00 6.491913E+00 9.903114E-02
      vertex -4.527848E+00 6.427884E+00 2.181685E-01
      vertex -5.331721E+00 6.305951E+00 2.181685E-01
    endloop
  endfacet
  facet normal 4.395193E-01 -8.912573E-01 -1.117285E-01
    outer loop
      vertex -7.862536E+00 4.982929E+00 7.774791E-01
      vertex -6.862404E+00 5.476140E+00 7.774791E-01
      vertex -7.850000E+00 4.961216E+00 1.000000E+00
    endloop
  endfacet
  facet normal 1.786936E-01 -6.847895E-01 -7.064926E-01
    outer loop
      vertex -6.342992E+00 6.042063E+00 2.181685E-01
      vertex -5.300830E+00 6.150651E+00 3.765102E-01
      vertex -6.294062E+00 5.891471E+00 3.765102E-01
    endloop
  endfacet
  facet normal 1.786936E-01 -6.847895E-01 -7.064927E-01
    outer loop
      vertex -6.342992E+00 6.042063E+00 2.181685E-01
      vertex -5.331721E+00 6.305951E+00 2.181685E-01
      vertex -5.300830E+00 6.150651E+00 3.765102E-01
    endloop
  endfacet
  facet normal 2.931292E-01 -7.945628E-01 -5.317380E-01
    outer loop
      vertex -6.936299E+00 5.654538E+00 3.765102E-01
      vertex -6.294062E+00 5.891471E+00 3.765102E-01
      vertex -6.257247E+00 5.778164E+00 5.661163E-01
    endloop
  endfacet
  facet normal 2.931294E-01 -7.945621E-01 -5.317390E-01
    outer loop
      vertex -6.936299E+00 5.654538E+00 3.765102E-01
      vertex -6.257247E+00 5.778164E+00 5.661163E-01
      vertex -6.890707E+00 5.544469E+00 5.661163E-01
    endloop
  endfacet
  facet normal 4.957720E-02 -3.268499E-01 -9.437750E-01
    outer loop
      vertex -5.409946E+00 6.699215E+00 2.507209E-02
      vertex -4.569761E+00 6.826656E+00 2.507209E-02
      vertex -4.547667E+00 6.616451E+00 9.903114E-02
    endloop
  endfacet
  facet normal 1.680836E-02 -1.108132E-01 -9.936991E-01
    outer loop
      vertex -5.409946E+00 6.699215E+00 2.507209E-02
      vertex -5.453358E+00 6.917460E+00 0.000000E+00
      vertex -4.569761E+00 6.826656E+00 2.507209E-02
    endloop
  endfacet
  facet normal 4.957727E-02 -3.268493E-01 -9.437752E-01
    outer loop
      vertex -5.409946E+00 6.699215E+00 2.507209E-02
      vertex -4.547667E+00 6.616451E+00 9.903114E-02
      vertex -5.368711E+00 6.491913E+00 9.903114E-02
    endloop
  endfacet
  facet normal 5.247515E-01 -8.438678E-01 -1.119060E-01
    outer loop
      vertex -8.336276E+00 4.688338E+00 7.774791E-01
      vertex -7.862536E+00 4.982929E+00 7.774791E-01
      vertex -7.850000E+00 4.961216E+00 1.000000E+00
    endloop
  endfacet
  facet normal 5.641638E-01 -7.765049E-01 -2.806411E-01
    outer loop
      vertex -8.336276E+00 4.688338E+00 7.774791E-01
      vertex -7.850000E+00 4.961216E+00 1.000000E+00
      vertex -9.287610E+00 3.916731E+00 1.000000E+00
    endloop
  endfacet
  facet normal 4.175663E-01 -8.467408E-01 -3.296488E-01
    outer loop
      vertex -7.899516E+00 5.046979E+00 5.661163E-01
      vertex -6.890707E+00 5.544469E+00 5.661163E-01
      vertex -6.862404E+00 5.476140E+00 7.774791E-01
    endloop
  endfacet
  facet normal 4.175662E-01 -8.467410E-01 -3.296483E-01
    outer loop
      vertex -7.899516E+00 5.046979E+00 5.661163E-01
      vertex -6.862404E+00 5.476140E+00 7.774791E-01
      vertex -7.862536E+00 4.982929E+00 7.774791E-01
    endloop
  endfacet
  facet normal 1.345009E-01 -5.154349E-01 -8.463075E-01
    outer loop
      vertex -6.401584E+00 6.222389E+00 9.903114E-02
      vertex -5.368711E+00 6.491913E+00 9.903114E-02
      vertex -5.331721E+00 6.305951E+00 2.181685E-01
    endloop
  endfacet
  facet normal 1.345010E-01 -5.154345E-01 -8.463078E-01
    outer loop
      vertex -6.401584E+00 6.222389E+00 9.903114E-02
      vertex -5.331721E+00 6.305951E+00 2.181685E-01
      vertex -6.342992E+00 6.042063E+00 2.181685E-01
    endloop
  endfacet
  facet normal 2.448360E-01 -6.636574E-01 -7.068338E-01
    outer loop
      vertex -6.996893E+00 5.800826E+00 2.181685E-01
      vertex -6.342992E+00 6.042063E+00 2.181685E-01
      vertex -6.294062E+00 5.891471E+00 3.765102E-01
    endloop
  endfacet
  facet normal 2.448359E-01 -6.636580E-01 -7.068334E-01
    outer loop
      vertex -6.996893E+00 5.800826E+00 2.181685E-01
      vertex -6.294062E+00 5.891471E+00 3.765102E-01
      vertex -6.936299E+00 5.654538E+00 3.765102E-01
    endloop
  endfacet
  facet normal 4.984637E-01 -8.015938E-01 -3.301232E-01
    outer loop
      vertex -8.377366E+00 4.749833E+00 5.661163E-01
      vertex -7.862536E+00 4.982929E+00 7.774791E-01
      vertex -8.336276E+00 4.688338E+00 7.774791E-01
    endloop
  endfacet
  facet normal 4.984634E-01 -8.015947E-01 -3.301212E-01
    outer loop
      vertex -8.377366E+00 4.749833E+00 5.661163E-01
      vertex -7.899516E+00 5.046979E+00 5.661163E-01
      vertex -7.862536E+00 4.982929E+00 7.774791E-01
    endloop
  endfacet
  facet normal 3.747233E-01 -7.598633E-01 -5.312157E-01
    outer loop
      vertex -7.959084E+00 5.150156E+00 3.765102E-01
      vertex -6.936299E+00 5.654538E+00 3.765102E-01
      vertex -6.890707E+00 5.544469E+00 5.661163E-01
    endloop
  endfacet
  facet normal 3.747234E-01 -7.598641E-01 -5.312145E-01
    outer loop
      vertex -7.959084E+00 5.150156E+00 3.765102E-01
      vertex -6.890707E+00 5.544469E+00 5.661163E-01
      vertex -7.899516E+00 5.046979E+00 5.661163E-01
    endloop
  endfacet
  facet normal 2.831859E-02 -1.085227E-01 -9.936905E-01
    outer loop
      vertex -6.466899E+00 6.423407E+00 2.507209E-02
      vertex -5.453358E+00 6.917460E+00 0.000000E+00
      vertex -5.409946E+00 6.699215E+00 2.507209E-02
    endloop
  endfacet
  facet normal 4.036285E-02 -1.330585E-01 -9.902859E-01
    outer loop
      vertex -6.466899E+00 6.423407E+00 2.507209E-02
      vertex -7.235493E+00 6.376855E+00 0.000000E+00
      vertex -5.453358E+00 6.917460E+00 0.000000E+00
    endloop
  endfacet
  facet normal 8.352164E-02 -3.200721E-01 -9.437044E-01
    outer loop
      vertex -6.466899E+00 6.423407E+00 2.507209E-02
      vertex -5.409946E+00 6.699215E+00 2.507209E-02
      vertex -5.368711E+00 6.491913E+00 9.903114E-02
    endloop
  endfacet
  facet normal 8.352162E-02 -3.200717E-01 -9.437045E-01
    outer loop
      vertex -6.466899E+00 6.423407E+00 2.507209E-02
      vertex -5.368711E+00 6.491913E+00 9.903114E-02
      vertex -6.401584E+00 6.222389E+00 9.903114E-02
    endloop
  endfacet
  facet normal 1.842470E-01 -4.994239E-01 -8.465394E-01
    outer loop
      vertex -7.069452E+00 5.975999E+00 9.903114E-02
      vertex -6.401584E+00 6.222389E+00 9.903114E-02
      vertex -6.342992E+00 6.042063E+00 2.181685E-01
    endloop
  endfacet
  facet normal 1.842471E-01 -4.994239E-01 -8.465393E-01
    outer loop
      vertex -7.069452E+00 5.975999E+00 9.903114E-02
      vertex -6.342992E+00 6.042063E+00 2.181685E-01
      vertex -6.996893E+00 5.800826E+00 2.181685E-01
    endloop
  endfacet
  facet normal 6.100999E-01 -7.844144E-01 -1.116794E-01
    outer loop
      vertex -9.304387E+00 3.935363E+00 7.774791E-01
      vertex -8.336276E+00 4.688338E+00 7.774791E-01
      vertex -9.287610E+00 3.916731E+00 1.000000E+00
    endloop
  endfacet
  facet normal 4.471956E-01 -7.191495E-01 -5.318272E-01
    outer loop
      vertex -8.443555E+00 4.848892E+00 3.765102E-01
      vertex -7.899516E+00 5.046979E+00 5.661163E-01
      vertex -8.377366E+00 4.749833E+00 5.661163E-01
    endloop
  endfacet
  facet normal 4.471956E-01 -7.191491E-01 -5.318276E-01
    outer loop
      vertex -8.443555E+00 4.848892E+00 3.765102E-01
      vertex -7.959084E+00 5.150156E+00 3.765102E-01
      vertex -7.899516E+00 5.046979E+00 5.661163E-01
    endloop
  endfacet
  facet normal 3.130807E-01 -6.348647E-01 -7.063479E-01
    outer loop
      vertex -8.038255E+00 5.287283E+00 2.181685E-01
      vertex -6.996893E+00 5.800826E+00 2.181685E-01
      vertex -6.936299E+00 5.654538E+00 3.765102E-01
    endloop
  endfacet
  facet normal 3.130805E-01 -6.348643E-01 -7.063484E-01
    outer loop
      vertex -8.038255E+00 5.287283E+00 2.181685E-01
      vertex -6.936299E+00 5.654538E+00 3.765102E-01
      vertex -7.959084E+00 5.150156E+00 3.765102E-01
    endloop
  endfacet
  facet normal 3.878240E-02 -1.051243E-01 -9.937025E-01
    outer loop
      vertex -7.150338E+00 6.171273E+00 2.507209E-02
      vertex -7.235493E+00 6.376855E+00 0.000000E+00
      vertex -6.466899E+00 6.423407E+00 2.507209E-02
    endloop
  endfacet
  facet normal 1.143936E-01 -3.100775E-01 -9.438040E-01
    outer loop
      vertex -7.150338E+00 6.171273E+00 2.507209E-02
      vertex -6.466899E+00 6.423407E+00 2.507209E-02
      vertex -6.401584E+00 6.222389E+00 9.903114E-02
    endloop
  endfacet
  facet normal 1.143936E-01 -3.100776E-01 -9.438039E-01
    outer loop
      vertex -7.150338E+00 6.171273E+00 2.507209E-02
      vertex -6.401584E+00 6.222389E+00 9.903114E-02
      vertex -7.069452E+00 5.975999E+00 9.903114E-02
    endloop
  endfacet
  facet normal 5.796518E-01 -7.452661E-01 -3.295182E-01
    outer loop
      vertex -9.353875E+00 3.990325E+00 5.661163E-01
      vertex -8.377366E+00 4.749833E+00 5.661163E-01
      vertex -8.336276E+00 4.688338E+00 7.774791E-01
    endloop
  endfacet
  facet normal 5.796520E-01 -7.452671E-01 -3.295156E-01
    outer loop
      vertex -9.353875E+00 3.990325E+00 5.661163E-01
      vertex -8.336276E+00 4.688338E+00 7.774791E-01
      vertex -9.304387E+00 3.935363E+00 7.774791E-01
    endloop
  endfacet
  facet normal 3.735006E-01 -6.006377E-01 -7.069170E-01
    outer loop
      vertex -8.531525E+00 4.980548E+00 2.181685E-01
      vertex -7.959084E+00 5.150156E+00 3.765102E-01
      vertex -8.443555E+00 4.848892E+00 3.765102E-01
    endloop
  endfacet
  facet normal 3.735006E-01 -6.006376E-01 -7.069171E-01
    outer loop
      vertex -8.531525E+00 4.980548E+00 2.181685E-01
      vertex -8.038255E+00 5.287283E+00 2.181685E-01
      vertex -7.959084E+00 5.150156E+00 3.765102E-01
    endloop
  endfacet
  facet normal 2.356732E-01 -4.778978E-01 -8.462103E-01
    outer loop
      vertex -8.133059E+00 5.451487E+00 9.903114E-02
      vertex -6.996893E+00 5.800826E+00 2.181685E-01
      vertex -8.038255E+00 5.287283E+00 2.181685E-01
    endloop
  endfacet
  facet normal 2.356733E-01 -4.778984E-01 -8.462099E-01
    outer loop
      vertex -8.133059E+00 5.451487E+00 9.903114E-02
      vertex -7.069452E+00 5.975999E+00 9.903114E-02
      vertex -6.996893E+00 5.800826E+00 2.181685E-01
    endloop
  endfacet
  facet normal 5.202197E-01 -6.688535E-01 -5.310429E-01
    outer loop
      vertex -9.433594E+00 4.078862E+00 3.765102E-01
      vertex -8.377366E+00 4.749833E+00 5.661163E-01
      vertex -9.353875E+00 3.990325E+00 5.661163E-01
    endloop
  endfacet
  facet normal 5.202199E-01 -6.688539E-01 -5.310422E-01
    outer loop
      vertex -9.433594E+00 4.078862E+00 3.765102E-01
      vertex -8.443555E+00 4.848892E+00 3.765102E-01
      vertex -8.377366E+00 4.749833E+00 5.661163E-01
    endloop
  endfacet
  facet normal 2.810565E-01 -4.519755E-01 -8.465964E-01
    outer loop
      vertex -8.636865E+00 5.138200E+00 9.903114E-02
      vertex -8.038255E+00 5.287283E+00 2.181685E-01
      vertex -8.531525E+00 4.980548E+00 2.181685E-01
    endloop
  endfacet
  facet normal 2.810565E-01 -4.519756E-01 -8.465963E-01
    outer loop
      vertex -8.636865E+00 5.138200E+00 9.903114E-02
      vertex -8.133059E+00 5.451487E+00 9.903114E-02
      vertex -8.038255E+00 5.287283E+00 2.181685E-01
    endloop
  endfacet
  facet normal 1.463579E-01 -2.967846E-01 -9.436622E-01
    outer loop
      vertex -8.238740E+00 5.634532E+00 2.507209E-02
      vertex -7.069452E+00 5.975999E+00 9.903114E-02
      vertex -8.133059E+00 5.451487E+00 9.903114E-02
    endloop
  endfacet
  facet normal 6.442069E-02 -1.205227E-01 -9.906181E-01
    outer loop
      vertex -8.238740E+00 5.634532E+00 2.507209E-02
      vertex -8.877917E+00 5.498961E+00 0.000000E+00
      vertex -7.235493E+00 6.376855E+00 0.000000E+00
    endloop
  endfacet
  facet normal 4.962564E-02 -1.006308E-01 -9.936854E-01
    outer loop
      vertex -8.238740E+00 5.634532E+00 2.507209E-02
      vertex -7.235493E+00 6.376855E+00 0.000000E+00
      vertex -7.150338E+00 6.171273E+00 2.507209E-02
    endloop
  endfacet
  facet normal 1.463577E-01 -2.967840E-01 -9.436623E-01
    outer loop
      vertex -8.238740E+00 5.634532E+00 2.507209E-02
      vertex -7.150338E+00 6.171273E+00 2.507209E-02
      vertex -7.069452E+00 5.975999E+00 9.903114E-02
    endloop
  endfacet
  facet normal 7.385227E-01 -6.649686E-01 -1.113605E-01
    outer loop
      vertex -1.049693E+01 2.610912E+00 7.774791E-01
      vertex -9.304387E+00 3.935363E+00 7.774791E-01
      vertex -9.287610E+00 3.916731E+00 1.000000E+00
    endloop
  endfacet
  facet normal 7.385227E-01 -6.649688E-01 -1.113583E-01
    outer loop
      vertex -1.049693E+01 2.610912E+00 7.774791E-01
      vertex -9.287610E+00 3.916731E+00 1.000000E+00
      vertex -1.047664E+01 2.596175E+00 1.000000E+00
    endloop
  endfacet
  facet normal 4.346841E-01 -5.588793E-01 -7.061895E-01
    outer loop
      vertex -9.539545E+00 4.196533E+00 2.181685E-01
      vertex -8.443555E+00 4.848892E+00 3.765102E-01
      vertex -9.433594E+00 4.078862E+00 3.765102E-01
    endloop
  endfacet
  facet normal 4.346844E-01 -5.588802E-01 -7.061887E-01
    outer loop
      vertex -9.539545E+00 4.196533E+00 2.181685E-01
      vertex -8.531525E+00 4.980548E+00 2.181685E-01
      vertex -8.443555E+00 4.848892E+00 3.765102E-01
    endloop
  endfacet
  facet normal 1.744931E-01 -2.806077E-01 -9.438280E-01
    outer loop
      vertex -8.754292E+00 5.313942E+00 2.507209E-02
      vertex -8.238740E+00 5.634532E+00 2.507209E-02
      vertex -8.133059E+00 5.451487E+00 9.903114E-02
    endloop
  endfacet
  facet normal 1.744930E-01 -2.806076E-01 -9.438281E-01
    outer loop
      vertex -8.754292E+00 5.313942E+00 2.507209E-02
      vertex -8.133059E+00 5.451487E+00 9.903114E-02
      vertex -8.636865E+00 5.138200E+00 9.903114E-02
    endloop
  endfacet
  facet normal 5.915612E-02 -9.513080E-02 -9.937055E-01
    outer loop
      vertex -8.754292E+00 5.313942E+00 2.507209E-02
      vertex -8.877917E+00 5.498961E+00 0.000000E+00
      vertex -8.238740E+00 5.634532E+00 2.507209E-02
    endloop
  endfacet
  facet normal 7.018602E-01 -6.319575E-01 -3.286668E-01
    outer loop
      vertex -1.055676E+01 2.654384E+00 5.661163E-01
      vertex -9.304387E+00 3.935363E+00 7.774791E-01
      vertex -1.049693E+01 2.610912E+00 7.774791E-01
    endloop
  endfacet
  facet normal 7.018606E-01 -6.319582E-01 -3.286648E-01
    outer loop
      vertex -1.055676E+01 2.654384E+00 5.661163E-01
      vertex -9.353875E+00 3.990325E+00 5.661163E-01
      vertex -9.304387E+00 3.935363E+00 7.774791E-01
    endloop
  endfacet
  facet normal 3.272440E-01 -4.207424E-01 -8.461011E-01
    outer loop
      vertex -9.666416E+00 4.337437E+00 9.903114E-02
      vertex -8.531525E+00 4.980548E+00 2.181685E-01
      vertex -9.539545E+00 4.196533E+00 2.181685E-01
    endloop
  endfacet
  facet normal 3.272432E-01 -4.207409E-01 -8.461023E-01
    outer loop
      vertex -9.666416E+00 4.337437E+00 9.903114E-02
      vertex -8.636865E+00 5.138200E+00 9.903114E-02
      vertex -8.531525E+00 4.980548E+00 2.181685E-01
    endloop
  endfacet
  facet normal -9.987139E-01 5.069894E-02 0.000000E+00
    outer loop
      vertex -2.110000E+01 -2.400000E+00 6.000000E+00
      vertex -2.110000E+01 -2.400000E+00 1.000000E+00
      vertex -2.114370E+01 -3.260791E+00 6.000000E+00
    endloop
  endfacet
  facet normal -9.884428E-01 1.515786E-01 -2.181455E-03
    outer loop
      vertex -2.114370E+01 -3.260791E+00 6.000000E+00
      vertex -2.120131E+01 -3.708445E+00 1.000000E+00
      vertex -2.127434E+01 -4.112731E+00 6.000000E+00
    endloop
  endfacet
  facet normal -9.970054E-01 7.719649E-02 4.576701E-03
    outer loop
      vertex -2.110000E+01 -2.400000E+00 1.000000E+00
      vertex -2.120131E+01 -3.708445E+00 1.000000E+00
      vertex -2.114370E+01 -3.260791E+00 6.000000E+00
    endloop
  endfacet
  facet normal -9.680133E-01 2.508989E-01 0.000000E+00
    outer loop
      vertex -2.127434E+01 -4.112731E+00 6.000000E+00
      vertex -2.149059E+01 -4.947060E+00 2.000000E+00
      vertex -2.149059E+01 -4.947060E+00 6.000000E+00
    endloop
  endfacet
  facet normal -9.729820E-01 2.308377E-01 4.453034E-03
    outer loop
      vertex -2.120131E+01 -3.708445E+00 1.000000E+00
      vertex -2.149059E+01 -4.947060E+00 2.000000E+00
      vertex -2.127434E+01 -4.112731E+00 6.000000E+00
    endloop
  endfacet
  facet normal -9.732445E-01 2.297523E-01 3.032718E-03
    outer loop
      vertex -2.120131E+01 -3.708445E+00 1.000000E+00
      vertex -2.150283E+01 -4.985699E+00 1.000000E+00
      vertex -2.149059E+01 -4.947060E+00 2.000000E+00
    endloop
  endfacet
  facet normal -9.166116E-01 3.982452E-01 -3.498364E-02
    outer loop
      vertex -2.149059E+01 -4.947060E+00 2.000000E+00
      vertex -2.199737E+01 -6.201315E+00 1.000000E+00
      vertex -2.220422E+01 -6.589562E+00 2.000000E+00
    endloop
  endfacet
  facet normal -9.262769E-01 3.768297E-01 -3.224989E-03
    outer loop
      vertex -2.150283E+01 -4.985699E+00 1.000000E+00
      vertex -2.199737E+01 -6.201315E+00 1.000000E+00
      vertex -2.149059E+01 -4.947060E+00 2.000000E+00
    endloop
  endfacet
  facet normal -8.127652E-01 5.814031E-01 -3.719214E-02
    outer loop
      vertex -2.220422E+01 -6.589562E+00 2.000000E+00
      vertex -2.293563E+01 -7.676004E+00 1.000000E+00
      vertex -2.324614E+01 -8.046096E+00 2.000000E+00
    endloop
  endfacet
  facet normal -8.432224E-01 5.364968E-01 3.387268E-02
    outer loop
      vertex -2.199737E+01 -6.201315E+00 1.000000E+00
      vertex -2.293563E+01 -7.676004E+00 1.000000E+00
      vertex -2.220422E+01 -6.589562E+00 2.000000E+00
    endloop
  endfacet
  facet normal -7.156066E-01 6.975768E-01 3.597055E-02
    outer loop
      vertex -2.293563E+01 -7.676004E+00 1.000000E+00
      vertex -2.415570E+01 -8.927601E+00 1.000000E+00
      vertex -2.324614E+01 -8.046096E+00 2.000000E+00
    endloop
  endfacet
  facet normal -6.728639E-01 7.387279E-01 -3.918150E-02
    outer loop
      vertex -2.415570E+01 -8.927601E+00 1.000000E+00
      vertex -2.457009E+01 -9.252007E+00 2.000000E+00
      vertex -2.324614E+01 -8.046096E+00 2.000000E+00
    endloop
  endfacet
  facet normal -5.577538E-01 8.291430E-01 3.785052E-02
    outer loop
      vertex -2.415570E+01 -8.927601E+00 1.000000E+00
      vertex -2.560597E+01 -9.903181E+00 1.000000E+00
      vertex -2.457009E+01 -9.252007E+00 2.000000E+00
    endloop
  endfacet
  facet normal -5.031201E-01 8.632457E-01 -4.095021E-02
    outer loop
      vertex -2.560597E+01 -9.903181E+00 1.000000E+00
      vertex -2.611732E+01 -1.015377E+01 2.000000E+00
      vertex -2.457009E+01 -9.252007E+00 2.000000E+00
    endloop
  endfacet
  facet normal -3.763432E-01 9.256374E-01 3.951110E-02
    outer loop
      vertex -2.560597E+01 -9.903181E+00 1.000000E+00
      vertex -2.722513E+01 -1.056149E+01 1.000000E+00
      vertex -2.611732E+01 -1.015377E+01 2.000000E+00
    endloop
  endfacet
  facet normal -3.110718E-01 9.494357E-01 -4.250047E-02
    outer loop
      vertex -2.722513E+01 -1.056149E+01 1.000000E+00
      vertex -2.781913E+01 -1.071135E+01 2.000000E+00
      vertex -2.611732E+01 -1.015377E+01 2.000000E+00
    endloop
  endfacet
  facet normal -1.790445E-01 9.829884E-01 4.095228E-02
    outer loop
      vertex -2.722513E+01 -1.056149E+01 1.000000E+00
      vertex -2.894471E+01 -1.087470E+01 1.000000E+00
      vertex -2.781913E+01 -1.071135E+01 2.000000E+00
    endloop
  endfacet
  facet normal 9.801668E-02 9.951848E-01 0.000000E+00
    outer loop
      vertex -2.960000E+01 -1.090000E+01 6.000000E+00
      vertex -2.960000E+01 -1.090000E+01 2.000000E+00
      vertex -3.125827E+01 -1.073668E+01 6.000000E+00
    endloop
  endfacet
  facet normal -1.052414E-01 9.934803E-01 -4.383262E-02
    outer loop
      vertex -2.894471E+01 -1.087470E+01 1.000000E+00
      vertex -2.960000E+01 -1.090000E+01 2.000000E+00
      vertex -2.781913E+01 -1.071135E+01 2.000000E+00
    endloop
  endfacet
  facet normal 7.365031E-02 9.972321E-01 -1.018508E-02
    outer loop
      vertex -2.960000E+01 -1.090000E+01 2.000000E+00
      vertex -3.069199E+01 -1.082956E+01 1.000000E+00
      vertex -3.125827E+01 -1.073668E+01 6.000000E+00
    endloop
  endfacet
  facet normal 2.580237E-02 9.987770E-01 4.217337E-02
    outer loop
      vertex -2.894471E+01 -1.087470E+01 1.000000E+00
      vertex -3.069199E+01 -1.082956E+01 1.000000E+00
      vertex -2.960000E+01 -1.090000E+01 2.000000E+00
    endloop
  endfacet
  facet normal 2.902779E-01 9.569181E-01 -6.805756E-03
    outer loop
      vertex -3.125827E+01 -1.073668E+01 6.000000E+00
      vertex -3.239311E+01 -1.042799E+01 1.000000E+00
      vertex -3.285281E+01 -1.025298E+01 6.000000E+00
    endloop
  endfacet
  facet normal 2.297453E-01 9.732184E-01 7.939561E-03
    outer loop
      vertex -3.069199E+01 -1.082956E+01 1.000000E+00
      vertex -3.239311E+01 -1.042799E+01 1.000000E+00
      vertex -3.125827E+01 -1.073668E+01 6.000000E+00
    endloop
  endfacet
  facet normal 4.713886E-01 8.819048E-01 -6.065886E-03
    outer loop
      vertex -3.285281E+01 -1.025298E+01 6.000000E+00
      vertex -3.397611E+01 -9.686949E+00 1.000000E+00
      vertex -3.432235E+01 -9.467492E+00 6.000000E+00
    endloop
  endfacet
  facet normal 4.239555E-01 9.056538E-01 7.278956E-03
    outer loop
      vertex -3.239311E+01 -1.042799E+01 1.000000E+00
      vertex -3.397611E+01 -9.686949E+00 1.000000E+00
      vertex -3.285281E+01 -1.025298E+01 6.000000E+00
    endloop
  endfacet
  facet normal 6.343842E-01 7.730007E-01 -5.168397E-03
    outer loop
      vertex -3.432235E+01 -9.467492E+00 6.000000E+00
      vertex -3.537408E+01 -8.637788E+00 1.000000E+00
      vertex -3.561041E+01 -8.410408E+00 6.000000E+00
    endloop
  endfacet
  facet normal 6.002381E-01 7.997952E-01 6.460413E-03
    outer loop
      vertex -3.397611E+01 -9.686949E+00 1.000000E+00
      vertex -3.537408E+01 -8.637788E+00 1.000000E+00
      vertex -3.432235E+01 -9.467492E+00 6.000000E+00
    endloop
  endfacet
  facet normal 7.730043E-01 6.343874E-01 -4.112925E-03
    outer loop
      vertex -3.561041E+01 -8.410408E+00 6.000000E+00
      vertex -3.652789E+01 -7.324865E+00 1.000000E+00
      vertex -3.666749E+01 -7.122347E+00 6.000000E+00
    endloop
  endfacet
  facet normal 7.511445E-01 6.601150E-01 5.483950E-03
    outer loop
      vertex -3.537408E+01 -8.637788E+00 1.000000E+00
      vertex -3.652789E+01 -7.324865E+00 1.000000E+00
      vertex -3.561041E+01 -8.410408E+00 6.000000E+00
    endloop
  endfacet
  facet normal 8.702898E-01 4.925207E-01 4.349381E-03
    outer loop
      vertex -3.652789E+01 -7.324865E+00 1.000000E+00
      vertex -3.738876E+01 -5.803698E+00 1.000000E+00
      vertex -3.666749E+01 -7.122347E+00 6.000000E+00
    endloop
  endfacet
  facet normal 8.819175E-01 4.713948E-01 -2.899529E-03
    outer loop
      vertex -3.666749E+01 -7.122347E+00 6.000000E+00
      vertex -3.738876E+01 -5.803698E+00 1.000000E+00
      vertex -3.745298E+01 -5.652809E+00 6.000000E+00
    endloop
  endfacet
  facet normal 9.526354E-01 3.040993E-01 3.057263E-03
    outer loop
      vertex -3.738876E+01 -5.803698E+00 1.000000E+00
      vertex -3.792029E+01 -4.138607E+00 1.000000E+00
      vertex -3.745298E+01 -5.652809E+00 6.000000E+00
    endloop
  endfacet
  facet normal 9.569390E-01 2.902848E-01 -1.528543E-03
    outer loop
      vertex -3.745298E+01 -5.652809E+00 6.000000E+00
      vertex -3.792029E+01 -4.138607E+00 1.000000E+00
      vertex -3.793668E+01 -4.058268E+00 6.000000E+00
    endloop
  endfacet
  facet normal 9.946992E-01 1.028145E-01 1.607444E-03
    outer loop
      vertex -3.792029E+01 -4.138607E+00 1.000000E+00
      vertex -3.810000E+01 -2.400000E+00 1.000000E+00
      vertex -3.793668E+01 -4.058268E+00 6.000000E+00
    endloop
  endfacet
  facet normal 9.951848E-01 9.801556E-02 0.000000E+00
    outer loop
      vertex -3.793668E+01 -4.058268E+00 6.000000E+00
      vertex -3.810000E+01 -2.400000E+00 1.000000E+00
      vertex -3.810000E+01 -2.400000E+00 6.000000E+00
    endloop
  endfacet
  facet normal 6.302135E-01 -5.674458E-01 -5.299399E-01
    outer loop
      vertex -3.665314E+01 2.724411E+00 3.765102E-01
      vertex -3.543359E+01 4.078862E+00 3.765102E-01
      vertex -3.535387E+01 3.990325E+00 5.661163E-01
    endloop
  endfacet
  facet normal 6.302161E-01 -5.674497E-01 -5.299326E-01
    outer loop
      vertex -3.665314E+01 2.724411E+00 3.765102E-01
      vertex -3.535387E+01 3.990325E+00 5.661163E-01
      vertex -3.655676E+01 2.654384E+00 5.661163E-01
    endloop
  endfacet
  facet normal 2.032403E-01 -2.613089E-01 -9.436159E-01
    outer loop
      vertex -3.580785E+01 4.494511E+00 2.507209E-02
      vertex -3.475429E+01 5.313942E+00 2.507209E-02
      vertex -3.463686E+01 5.138200E+00 9.903114E-02
    endloop
  endfacet
  facet normal 6.891566E-02 -8.860584E-02 -9.936799E-01
    outer loop
      vertex -3.580785E+01 4.494511E+00 2.507209E-02
      vertex -3.487792E+01 5.498961E+00 0.000000E+00
      vertex -3.475429E+01 5.313942E+00 2.507209E-02
    endloop
  endfacet
  facet normal 2.032402E-01 -2.613088E-01 -9.436160E-01
    outer loop
      vertex -3.580785E+01 4.494511E+00 2.507209E-02
      vertex -3.463686E+01 5.138200E+00 9.903114E-02
      vertex -3.566642E+01 4.337437E+00 9.903114E-02
    endloop
  endfacet
  facet normal 8.451910E-02 -1.029869E-01 -9.910854E-01
    outer loop
      vertex -3.580785E+01 4.494511E+00 2.507209E-02
      vertex -3.631752E+01 4.317514E+00 0.000000E+00
      vertex -3.487792E+01 5.498961E+00 0.000000E+00
    endloop
  endfacet
  facet normal 8.606378E-01 -4.968898E-01 -1.113693E-01
    outer loop
      vertex -3.738804E+01 1.067459E+00 7.774791E-01
      vertex -3.649693E+01 2.610912E+00 7.774791E-01
      vertex -3.647664E+01 2.596175E+00 1.000000E+00
    endloop
  endfacet
  facet normal 8.606378E-01 -4.968898E-01 -1.113694E-01
    outer loop
      vertex -3.738804E+01 1.067459E+00 7.774791E-01
      vertex -3.647664E+01 2.596175E+00 1.000000E+00
      vertex -3.736514E+01 1.057261E+00 1.000000E+00
    endloop
  endfacet
  facet normal 5.269240E-01 -4.744437E-01 -7.051625E-01
    outer loop
      vertex -3.678125E+01 2.817482E+00 2.181685E-01
      vertex -3.543359E+01 4.078862E+00 3.765102E-01
      vertex -3.665314E+01 2.724411E+00 3.765102E-01
    endloop
  endfacet
  facet normal 5.269260E-01 -4.744464E-01 -7.051592E-01
    outer loop
      vertex -3.678125E+01 2.817482E+00 2.181685E-01
      vertex -3.553954E+01 4.196533E+00 2.181685E-01
      vertex -3.543359E+01 4.078862E+00 3.765102E-01
    endloop
  endfacet
  facet normal 8.179155E-01 -4.722229E-01 -3.286636E-01
    outer loop
      vertex -3.745560E+01 1.097541E+00 5.661163E-01
      vertex -3.655676E+01 2.654384E+00 5.661163E-01
      vertex -3.649693E+01 2.610912E+00 7.774791E-01
    endloop
  endfacet
  facet normal 8.179173E-01 -4.722251E-01 -3.286559E-01
    outer loop
      vertex -3.745560E+01 1.097541E+00 5.661163E-01
      vertex -3.649693E+01 2.610912E+00 7.774791E-01
      vertex -3.738804E+01 1.067459E+00 7.774791E-01
    endloop
  endfacet
  facet normal 3.969328E-01 -3.574001E-01 -8.454050E-01
    outer loop
      vertex -3.693464E+01 2.928929E+00 9.903114E-02
      vertex -3.566642E+01 4.337437E+00 9.903114E-02
      vertex -3.553954E+01 4.196533E+00 2.181685E-01
    endloop
  endfacet
  facet normal 3.969324E-01 -3.573995E-01 -8.454054E-01
    outer loop
      vertex -3.693464E+01 2.928929E+00 9.903114E-02
      vertex -3.553954E+01 4.196533E+00 2.181685E-01
      vertex -3.678125E+01 2.817482E+00 2.181685E-01
    endloop
  endfacet
  facet normal 7.344220E-01 -4.240179E-01 -5.299368E-01
    outer loop
      vertex -3.756444E+01 1.145999E+00 3.765102E-01
      vertex -3.655676E+01 2.654384E+00 5.661163E-01
      vertex -3.745560E+01 1.097541E+00 5.661163E-01
    endloop
  endfacet
  facet normal 7.344244E-01 -4.240202E-01 -5.299318E-01
    outer loop
      vertex -3.756444E+01 1.145999E+00 3.765102E-01
      vertex -3.665314E+01 2.724411E+00 3.765102E-01
      vertex -3.655676E+01 2.654384E+00 5.661163E-01
    endloop
  endfacet
  facet normal 2.466481E-01 -2.220825E-01 -9.433154E-01
    outer loop
      vertex -3.710564E+01 3.053165E+00 2.507209E-02
      vertex -3.580785E+01 4.494511E+00 2.507209E-02
      vertex -3.566642E+01 4.337437E+00 9.903114E-02
    endloop
  endfacet
  facet normal 9.964950E-02 -8.178017E-02 -9.916562E-01
    outer loop
      vertex -3.710564E+01 3.053165E+00 2.507209E-02
      vertex -3.749896E+01 2.877917E+00 0.000000E+00
      vertex -3.631752E+01 4.317514E+00 0.000000E+00
    endloop
  endfacet
  facet normal 7.124306E-02 -6.414741E-02 -9.953942E-01
    outer loop
      vertex -3.710564E+01 3.053165E+00 2.507209E-02
      vertex -3.631752E+01 4.317514E+00 0.000000E+00
      vertex -3.580785E+01 4.494511E+00 2.507209E-02
    endloop
  endfacet
  facet normal 2.466502E-01 -2.220849E-01 -9.433144E-01
    outer loop
      vertex -3.710564E+01 3.053165E+00 2.507209E-02
      vertex -3.566642E+01 4.337437E+00 9.903114E-02
      vertex -3.693464E+01 2.928929E+00 9.903114E-02
    endloop
  endfacet
  facet normal 9.451410E-01 -3.070948E-01 -1.113608E-01
    outer loop
      vertex -3.793878E+01 -6.275378E-01 7.774791E-01
      vertex -3.736514E+01 1.057261E+00 1.000000E+00
      vertex -3.791425E+01 -6.327506E-01 1.000000E+00
    endloop
  endfacet
  facet normal 9.883360E-01 -1.038782E-01 -1.113609E-01
    outer loop
      vertex -3.793878E+01 -6.275378E-01 7.774791E-01
      vertex -3.791425E+01 -6.327506E-01 1.000000E+00
      vertex -3.810000E+01 -2.400000E+00 1.000000E+00
    endloop
  endfacet
  facet normal 9.451403E-01 -3.070934E-01 -1.113704E-01
    outer loop
      vertex -3.793878E+01 -6.275378E-01 7.774791E-01
      vertex -3.738804E+01 1.067459E+00 7.774791E-01
      vertex -3.736514E+01 1.057261E+00 1.000000E+00
    endloop
  endfacet
  facet normal 9.883351E-01 -1.038789E-01 -1.113672E-01
    outer loop
      vertex -3.793878E+01 -6.275378E-01 7.774791E-01
      vertex -3.810000E+01 -2.400000E+00 1.000000E+00
      vertex -3.812507E+01 -2.400000E+00 7.774791E-01
    endloop
  endfacet
  facet normal 6.140514E-01 -3.545231E-01 -7.051625E-01
    outer loop
      vertex -3.770910E+01 1.210402E+00 2.181685E-01
      vertex -3.678125E+01 2.817482E+00 2.181685E-01
      vertex -3.665314E+01 2.724411E+00 3.765102E-01
    endloop
  endfacet
  facet normal 6.140503E-01 -3.545222E-01 -7.051640E-01
    outer loop
      vertex -3.770910E+01 1.210402E+00 2.181685E-01
      vertex -3.665314E+01 2.724411E+00 3.765102E-01
      vertex -3.756444E+01 1.145999E+00 3.765102E-01
    endloop
  endfacet
  facet normal 8.982234E-01 -2.918492E-01 -3.286622E-01
    outer loop
      vertex -3.801112E+01 -6.121609E-01 5.661163E-01
      vertex -3.738804E+01 1.067459E+00 7.774791E-01
      vertex -3.793878E+01 -6.275378E-01 7.774791E-01
    endloop
  endfacet
  facet normal 8.982255E-01 -2.918509E-01 -3.286548E-01
    outer loop
      vertex -3.801112E+01 -6.121609E-01 5.661163E-01
      vertex -3.745560E+01 1.097541E+00 5.661163E-01
      vertex -3.738804E+01 1.067459E+00 7.774791E-01
    endloop
  endfacet
  facet normal 9.392720E-01 -9.872279E-02 -3.286669E-01
    outer loop
      vertex -3.801112E+01 -6.121609E-01 5.661163E-01
      vertex -3.812507E+01 -2.400000E+00 7.774791E-01
      vertex -3.819903E+01 -2.400000E+00 5.661163E-01
    endloop
  endfacet
  facet normal 9.392738E-01 -9.872233E-02 -3.286620E-01
    outer loop
      vertex -3.801112E+01 -6.121609E-01 5.661163E-01
      vertex -3.793878E+01 -6.275378E-01 7.774791E-01
      vertex -3.812507E+01 -2.400000E+00 7.774791E-01
    endloop
  endfacet
  facet normal 4.625682E-01 -2.670641E-01 -8.454037E-01
    outer loop
      vertex -3.788231E+01 1.287522E+00 9.903114E-02
      vertex -3.678125E+01 2.817482E+00 2.181685E-01
      vertex -3.770910E+01 1.210402E+00 2.181685E-01
    endloop
  endfacet
  facet normal 4.625656E-01 -2.670621E-01 -8.454058E-01
    outer loop
      vertex -3.788231E+01 1.287522E+00 9.903114E-02
      vertex -3.693464E+01 2.928929E+00 9.903114E-02
      vertex -3.678125E+01 2.817482E+00 2.181685E-01
    endloop
  endfacet
  facet normal 8.433921E-01 -8.864442E-02 -5.299358E-01
    outer loop
      vertex -3.812766E+01 -5.873908E-01 3.765102E-01
      vertex -3.819903E+01 -2.400000E+00 5.661163E-01
      vertex -3.831817E+01 -2.400000E+00 3.765102E-01
    endloop
  endfacet
  facet normal 8.065313E-01 -2.620584E-01 -5.299365E-01
    outer loop
      vertex -3.812766E+01 -5.873908E-01 3.765102E-01
      vertex -3.756444E+01 1.145999E+00 3.765102E-01
      vertex -3.745560E+01 1.097541E+00 5.661163E-01
    endloop
  endfacet
  facet normal 8.433884E-01 -8.864488E-02 -5.299417E-01
    outer loop
      vertex -3.812766E+01 -5.873908E-01 3.765102E-01
      vertex -3.801112E+01 -6.121609E-01 5.661163E-01
      vertex -3.819903E+01 -2.400000E+00 5.661163E-01
    endloop
  endfacet
  facet normal 8.065286E-01 -2.620568E-01 -5.299415E-01
    outer loop
      vertex -3.812766E+01 -5.873908E-01 3.765102E-01
      vertex -3.745560E+01 1.097541E+00 5.661163E-01
      vertex -3.801112E+01 -6.121609E-01 5.661163E-01
    endloop
  endfacet
  facet normal 8.540203E-02 -4.930690E-02 -9.951258E-01
    outer loop
      vertex -3.807540E+01 1.373491E+00 2.507209E-02
      vertex -3.749896E+01 2.877917E+00 0.000000E+00
      vertex -3.710564E+01 3.053165E+00 2.507209E-02
    endloop
  endfacet
  facet normal 1.092642E-01 -5.840273E-02 -9.922956E-01
    outer loop
      vertex -3.807540E+01 1.373491E+00 2.507209E-02
      vertex -3.837685E+01 1.235493E+00 0.000000E+00
      vertex -3.749896E+01 2.877917E+00 0.000000E+00
    endloop
  endfacet
  facet normal 2.874348E-01 -1.659506E-01 -9.433142E-01
    outer loop
      vertex -3.807540E+01 1.373491E+00 2.507209E-02
      vertex -3.710564E+01 3.053165E+00 2.507209E-02
      vertex -3.693464E+01 2.928929E+00 9.903114E-02
    endloop
  endfacet
  facet normal 2.874336E-01 -1.659497E-01 -9.433147E-01
    outer loop
      vertex -3.807540E+01 1.373491E+00 2.507209E-02
      vertex -3.693464E+01 2.928929E+00 9.903114E-02
      vertex -3.788231E+01 1.287522E+00 9.903114E-02
    endloop
  endfacet
  facet normal 7.051647E-01 -7.411599E-02 -7.051592E-01
    outer loop
      vertex -3.828254E+01 -5.544698E-01 2.181685E-01
      vertex -3.831817E+01 -2.400000E+00 3.765102E-01
      vertex -3.847651E+01 -2.400000E+00 2.181685E-01
    endloop
  endfacet
  facet normal 6.743450E-01 -2.191084E-01 -7.051597E-01
    outer loop
      vertex -3.828254E+01 -5.544698E-01 2.181685E-01
      vertex -3.756444E+01 1.145999E+00 3.765102E-01
      vertex -3.812766E+01 -5.873908E-01 3.765102E-01
    endloop
  endfacet
  facet normal 6.743411E-01 -2.191063E-01 -7.051642E-01
    outer loop
      vertex -3.828254E+01 -5.544698E-01 2.181685E-01
      vertex -3.770910E+01 1.210402E+00 2.181685E-01
      vertex -3.756444E+01 1.145999E+00 3.765102E-01
    endloop
  endfacet
  facet normal 7.051642E-01 -7.411603E-02 -7.051598E-01
    outer loop
      vertex -3.828254E+01 -5.544698E-01 2.181685E-01
      vertex -3.812766E+01 -5.873908E-01 3.765102E-01
      vertex -3.831817E+01 -2.400000E+00 3.765102E-01
    endloop
  endfacet
  facet normal 5.312029E-01 -5.583164E-02 -8.454031E-01
    outer loop
      vertex -3.846800E+01 -5.150484E-01 9.903114E-02
      vertex -3.847651E+01 -2.400000E+00 2.181685E-01
      vertex -3.866611E+01 -2.400000E+00 9.903114E-02
    endloop
  endfacet
  facet normal 5.312017E-01 -5.583169E-02 -8.454038E-01
    outer loop
      vertex -3.846800E+01 -5.150484E-01 9.903114E-02
      vertex -3.828254E+01 -5.544698E-01 2.181685E-01
      vertex -3.847651E+01 -2.400000E+00 2.181685E-01
    endloop
  endfacet
  facet normal 5.079859E-01 -1.650543E-01 -8.454037E-01
    outer loop
      vertex -3.846800E+01 -5.150484E-01 9.903114E-02
      vertex -3.788231E+01 1.287522E+00 9.903114E-02
      vertex -3.770910E+01 1.210402E+00 2.181685E-01
    endloop
  endfacet
  facet normal 5.079857E-01 -1.650543E-01 -8.454038E-01
    outer loop
      vertex -3.846800E+01 -5.150484E-01 9.903114E-02
      vertex -3.770910E+01 1.210402E+00 2.181685E-01
      vertex -3.828254E+01 -5.544698E-01 2.181685E-01
    endloop
  endfacet
  facet normal 3.300775E-01 -3.469267E-02 -9.433161E-01
    outer loop
      vertex -3.867474E+01 -4.711036E-01 2.507209E-02
      vertex -3.866611E+01 -2.400000E+00 9.903114E-02
      vertex -3.887748E+01 -2.400000E+00 2.507209E-02
    endloop
  endfacet
  facet normal 1.132642E-01 -3.435850E-02 -9.929706E-01
    outer loop
      vertex -3.867474E+01 -4.711036E-01 2.507209E-02
      vertex -3.891746E+01 -5.466419E-01 0.000000E+00
      vertex -3.837685E+01 1.235493E+00 0.000000E+00
    endloop
  endfacet
  facet normal 1.061801E-01 -1.116002E-02 -9.942843E-01
    outer loop
      vertex -3.867474E+01 -4.711036E-01 2.507209E-02
      vertex -3.887748E+01 -2.400000E+00 2.507209E-02
      vertex -3.891746E+01 -5.466419E-01 0.000000E+00
    endloop
  endfacet
  facet normal 3.300787E-01 -3.469265E-02 -9.433157E-01
    outer loop
      vertex -3.867474E+01 -4.711036E-01 2.507209E-02
      vertex -3.846800E+01 -5.150484E-01 9.903114E-02
      vertex -3.866611E+01 -2.400000E+00 9.903114E-02
    endloop
  endfacet
  facet normal 9.719046E-02 -3.157916E-02 -9.947647E-01
    outer loop
      vertex -3.867474E+01 -4.711036E-01 2.507209E-02
      vertex -3.837685E+01 1.235493E+00 0.000000E+00
      vertex -3.807540E+01 1.373491E+00 2.507209E-02
    endloop
  endfacet
  facet normal 3.156554E-01 -1.025628E-01 -9.433146E-01
    outer loop
      vertex -3.867474E+01 -4.711036E-01 2.507209E-02
      vertex -3.807540E+01 1.373491E+00 2.507209E-02
      vertex -3.788231E+01 1.287522E+00 9.903114E-02
    endloop
  endfacet
  facet normal 3.156528E-01 -1.025616E-01 -9.433156E-01
    outer loop
      vertex -3.867474E+01 -4.711036E-01 2.507209E-02
      vertex -3.788231E+01 1.287522E+00 9.903114E-02
      vertex -3.846800E+01 -5.150484E-01 9.903114E-02
    endloop
  endfacet
  facet normal 1.119587E-01 -1.102680E-02 -9.936517E-01
    outer loop
      vertex -3.910000E+01 -2.400000E+00 0.000000E+00
      vertex -3.891746E+01 -5.466419E-01 0.000000E+00
      vertex -3.887748E+01 -2.400000E+00 2.507209E-02
    endloop
  endfacet
  facet normal -9.889868E-01 -9.740672E-02 -1.114321E-01
    outer loop
      vertex -2.123874E+01 -7.368410E-01 7.774791E-01
      vertex -2.107493E+01 -2.400000E+00 7.774791E-01
      vertex -2.110000E+01 -2.400000E+00 1.000000E+00
    endloop
  endfacet
  facet normal -9.818454E-01 -1.031960E-01 -1.591547E-01
    outer loop
      vertex -2.123874E+01 -7.368410E-01 7.774791E-01
      vertex -2.110000E+01 -2.400000E+00 1.000000E+00
      vertex -2.128575E+01 -6.327506E-01 1.000000E+00
    endloop
  endfacet
  facet normal -9.398305E-01 -9.256516E-02 -3.288623E-01
    outer loop
      vertex -2.116620E+01 -7.224122E-01 5.661163E-01
      vertex -2.100097E+01 -2.400000E+00 5.661163E-01
      vertex -2.107493E+01 -2.400000E+00 7.774791E-01
    endloop
  endfacet
  facet normal -9.398303E-01 -9.256522E-02 -3.288628E-01
    outer loop
      vertex -2.116620E+01 -7.224122E-01 5.661163E-01
      vertex -2.107493E+01 -2.400000E+00 7.774791E-01
      vertex -2.123874E+01 -7.368410E-01 7.774791E-01
    endloop
  endfacet
  facet normal -8.437962E-01 -8.310644E-02 -5.301898E-01
    outer loop
      vertex -2.104935E+01 -6.991697E-01 3.765102E-01
      vertex -2.088183E+01 -2.400000E+00 3.765102E-01
      vertex -2.100097E+01 -2.400000E+00 5.661163E-01
    endloop
  endfacet
  facet normal -8.437955E-01 -8.310656E-02 -5.301909E-01
    outer loop
      vertex -2.104935E+01 -6.991697E-01 3.765102E-01
      vertex -2.100097E+01 -2.400000E+00 5.661163E-01
      vertex -2.116620E+01 -7.224122E-01 5.661163E-01
    endloop
  endfacet
  facet normal -9.318948E-01 -3.027909E-01 -1.997242E-01
    outer loop
      vertex -2.172386E+01 8.624039E-01 7.774791E-01
      vertex -2.128575E+01 -6.327506E-01 1.000000E+00
      vertex -2.183486E+01 1.057261E+00 1.000000E+00
    endloop
  endfacet
  facet normal -9.548393E-01 -2.896467E-01 -6.623179E-02
    outer loop
      vertex -2.172386E+01 8.624039E-01 7.774791E-01
      vertex -2.123874E+01 -7.368410E-01 7.774791E-01
      vertex -2.128575E+01 -6.327506E-01 1.000000E+00
    endloop
  endfacet
  facet normal -7.053967E-01 -6.947521E-02 -7.053997E-01
    outer loop
      vertex -2.089405E+01 -6.682788E-01 2.181685E-01
      vertex -2.072349E+01 -2.400000E+00 2.181685E-01
      vertex -2.088183E+01 -2.400000E+00 3.765102E-01
    endloop
  endfacet
  facet normal -7.053961E-01 -6.947526E-02 -7.054003E-01
    outer loop
      vertex -2.089405E+01 -6.682788E-01 2.181685E-01
      vertex -2.088183E+01 -2.400000E+00 3.765102E-01
      vertex -2.104935E+01 -6.991697E-01 3.765102E-01
    endloop
  endfacet
  facet normal -9.037144E-01 -2.741382E-01 -3.288596E-01
    outer loop
      vertex -2.165553E+01 8.907068E-01 5.661163E-01
      vertex -2.123874E+01 -7.368410E-01 7.774791E-01
      vertex -2.172386E+01 8.624039E-01 7.774791E-01
    endloop
  endfacet
  facet normal -9.037131E-01 -2.741383E-01 -3.288628E-01
    outer loop
      vertex -2.165553E+01 8.907068E-01 5.661163E-01
      vertex -2.116620E+01 -7.224122E-01 5.661163E-01
      vertex -2.123874E+01 -7.368410E-01 7.774791E-01
    endloop
  endfacet
  facet normal -5.313035E-01 -5.232860E-02 -8.455639E-01
    outer loop
      vertex -2.070809E+01 -6.312885E-01 9.903114E-02
      vertex -2.072349E+01 -2.400000E+00 2.181685E-01
      vertex -2.089405E+01 -6.682788E-01 2.181685E-01
    endloop
  endfacet
  facet normal -5.313038E-01 -5.232858E-02 -8.455637E-01
    outer loop
      vertex -2.070809E+01 -6.312885E-01 9.903114E-02
      vertex -2.053388E+01 -2.400000E+00 9.903114E-02
      vertex -2.072349E+01 -2.400000E+00 2.181685E-01
    endloop
  endfacet
  facet normal -8.113690E-01 -2.461255E-01 -5.301911E-01
    outer loop
      vertex -2.154546E+01 9.362987E-01 3.765102E-01
      vertex -2.104935E+01 -6.991697E-01 3.765102E-01
      vertex -2.116620E+01 -7.224122E-01 5.661163E-01
    endloop
  endfacet
  facet normal -8.113673E-01 -2.461255E-01 -5.301936E-01
    outer loop
      vertex -2.154546E+01 9.362987E-01 3.765102E-01
      vertex -2.116620E+01 -7.224122E-01 5.661163E-01
      vertex -2.165553E+01 8.907068E-01 5.661163E-01
    endloop
  endfacet
  facet normal -3.301044E-01 -3.251253E-02 -9.433843E-01
    outer loop
      vertex -2.050079E+01 -5.900536E-01 2.507209E-02
      vertex -2.032252E+01 -2.400000E+00 2.507209E-02
      vertex -2.053388E+01 -2.400000E+00 9.903114E-02
    endloop
  endfacet
  facet normal -1.119577E-01 -1.102690E-02 -9.936517E-01
    outer loop
      vertex -2.050079E+01 -5.900536E-01 2.507209E-02
      vertex -2.010000E+01 -2.400000E+00 0.000000E+00
      vertex -2.032252E+01 -2.400000E+00 2.507209E-02
    endloop
  endfacet
  facet normal -1.119571E-01 -1.102676E-02 -9.936519E-01
    outer loop
      vertex -2.050079E+01 -5.900536E-01 2.507209E-02
      vertex -2.028254E+01 -5.466419E-01 0.000000E+00
      vertex -2.010000E+01 -2.400000E+00 0.000000E+00
    endloop
  endfacet
  facet normal -3.301063E-01 -3.251246E-02 -9.433836E-01
    outer loop
      vertex -2.050079E+01 -5.900536E-01 2.507209E-02
      vertex -2.053388E+01 -2.400000E+00 9.903114E-02
      vertex -2.070809E+01 -6.312885E-01 9.903114E-02
    endloop
  endfacet
  facet normal -8.421302E-01 -4.862044E-01 -2.332848E-01
    outer loop
      vertex -2.251166E+01 2.336276E+00 7.774791E-01
      vertex -2.183486E+01 1.057261E+00 1.000000E+00
      vertex -2.272336E+01 2.596175E+00 1.000000E+00
    endloop
  endfacet
  facet normal -8.815962E-01 -4.712233E-01 -2.713965E-02
    outer loop
      vertex -2.251166E+01 2.336276E+00 7.774791E-01
      vertex -2.172386E+01 8.624039E-01 7.774791E-01
      vertex -2.183486E+01 1.057261E+00 1.000000E+00
    endloop
  endfacet
  facet normal -6.782917E-01 -2.057571E-01 -7.053965E-01
    outer loop
      vertex -2.139917E+01 9.968934E-01 2.181685E-01
      vertex -2.104935E+01 -6.991697E-01 3.765102E-01
      vertex -2.154546E+01 9.362987E-01 3.765102E-01
    endloop
  endfacet
  facet normal -6.782882E-01 -2.057567E-01 -7.054002E-01
    outer loop
      vertex -2.139917E+01 9.968934E-01 2.181685E-01
      vertex -2.089405E+01 -6.682788E-01 2.181685E-01
      vertex -2.104935E+01 -6.991697E-01 3.765102E-01
    endloop
  endfacet
  facet normal -8.328670E-01 -4.451769E-01 -3.288617E-01
    outer loop
      vertex -2.245017E+01 2.377366E+00 5.661163E-01
      vertex -2.172386E+01 8.624039E-01 7.774791E-01
      vertex -2.251166E+01 2.336276E+00 7.774791E-01
    endloop
  endfacet
  facet normal -8.328677E-01 -4.451770E-01 -3.288597E-01
    outer loop
      vertex -2.245017E+01 2.377366E+00 5.661163E-01
      vertex -2.165553E+01 8.907068E-01 5.661163E-01
      vertex -2.172386E+01 8.624039E-01 7.774791E-01
    endloop
  endfacet
  facet normal -5.108858E-01 -1.549757E-01 -8.455639E-01
    outer loop
      vertex -2.122400E+01 1.069453E+00 9.903114E-02
      vertex -2.070809E+01 -6.312885E-01 9.903114E-02
      vertex -2.089405E+01 -6.682788E-01 2.181685E-01
    endloop
  endfacet
  facet normal -5.108860E-01 -1.549758E-01 -8.455637E-01
    outer loop
      vertex -2.122400E+01 1.069453E+00 9.903114E-02
      vertex -2.089405E+01 -6.682788E-01 2.181685E-01
      vertex -2.139917E+01 9.968934E-01 2.181685E-01
    endloop
  endfacet
  facet normal -7.477602E-01 -3.996870E-01 -5.301933E-01
    outer loop
      vertex -2.235111E+01 2.443555E+00 3.765102E-01
      vertex -2.154546E+01 9.362987E-01 3.765102E-01
      vertex -2.165553E+01 8.907068E-01 5.661163E-01
    endloop
  endfacet
  facet normal -7.477632E-01 -3.996877E-01 -5.301887E-01
    outer loop
      vertex -2.235111E+01 2.443555E+00 3.765102E-01
      vertex -2.165553E+01 8.907068E-01 5.661163E-01
      vertex -2.245017E+01 2.377366E+00 5.661163E-01
    endloop
  endfacet
  facet normal -1.076547E-01 -3.265662E-02 -9.936519E-01
    outer loop
      vertex -2.102873E+01 1.150338E+00 2.507209E-02
      vertex -2.028254E+01 -5.466419E-01 0.000000E+00
      vertex -2.050079E+01 -5.900536E-01 2.507209E-02
    endloop
  endfacet
  facet normal -1.076556E-01 -3.265702E-02 -9.936517E-01
    outer loop
      vertex -2.102873E+01 1.150338E+00 2.507209E-02
      vertex -2.082314E+01 1.235493E+00 0.000000E+00
      vertex -2.028254E+01 -5.466419E-01 0.000000E+00
    endloop
  endfacet
  facet normal -3.174205E-01 -9.628826E-02 -9.433838E-01
    outer loop
      vertex -2.102873E+01 1.150338E+00 2.507209E-02
      vertex -2.050079E+01 -5.900536E-01 2.507209E-02
      vertex -2.070809E+01 -6.312885E-01 9.903114E-02
    endloop
  endfacet
  facet normal -3.174179E-01 -9.628782E-02 -9.433846E-01
    outer loop
      vertex -2.102873E+01 1.150338E+00 2.507209E-02
      vertex -2.070809E+01 -6.312885E-01 9.903114E-02
      vertex -2.122400E+01 1.069453E+00 9.903114E-02
    endloop
  endfacet
  facet normal -7.175572E-01 -6.460910E-01 -2.601502E-01
    outer loop
      vertex -2.357186E+01 3.628136E+00 7.774791E-01
      vertex -2.272336E+01 2.596175E+00 1.000000E+00
      vertex -2.391239E+01 3.916731E+00 1.000000E+00
    endloop
  endfacet
  facet normal -7.729987E-01 -6.343833E-01 5.552332E-03
    outer loop
      vertex -2.357186E+01 3.628136E+00 7.774791E-01
      vertex -2.251166E+01 2.336276E+00 7.774791E-01
      vertex -2.272336E+01 2.596175E+00 1.000000E+00
    endloop
  endfacet
  facet normal -6.251148E-01 -3.341315E-01 -7.053990E-01
    outer loop
      vertex -2.221945E+01 2.531525E+00 2.181685E-01
      vertex -2.154546E+01 9.362987E-01 3.765102E-01
      vertex -2.235111E+01 2.443555E+00 3.765102E-01
    endloop
  endfacet
  facet normal -6.251169E-01 -3.341322E-01 -7.053967E-01
    outer loop
      vertex -2.221945E+01 2.531525E+00 2.181685E-01
      vertex -2.139917E+01 9.968934E-01 2.181685E-01
      vertex -2.154546E+01 9.362987E-01 3.765102E-01
    endloop
  endfacet
  facet normal -6.840292E-01 -7.208163E-01 -1.119282E-01
    outer loop
      vertex -2.389561E+01 3.935363E+00 7.774791E-01
      vertex -2.357186E+01 3.628136E+00 7.774791E-01
      vertex -2.391239E+01 3.916731E+00 1.000000E+00
    endloop
  endfacet
  facet normal -7.300138E-01 -5.991074E-01 -3.288618E-01
    outer loop
      vertex -2.351957E+01 3.680433E+00 5.661163E-01
      vertex -2.245017E+01 2.377366E+00 5.661163E-01
      vertex -2.251166E+01 2.336276E+00 7.774791E-01
    endloop
  endfacet
  facet normal -7.300155E-01 -5.991080E-01 -3.288570E-01
    outer loop
      vertex -2.351957E+01 3.680433E+00 5.661163E-01
      vertex -2.251166E+01 2.336276E+00 7.774791E-01
      vertex -2.357186E+01 3.628136E+00 7.774791E-01
    endloop
  endfacet
  facet normal -4.708343E-01 -2.516663E-01 -8.455644E-01
    outer loop
      vertex -2.206180E+01 2.636864E+00 9.903114E-02
      vertex -2.139917E+01 9.968934E-01 2.181685E-01
      vertex -2.221945E+01 2.531525E+00 2.181685E-01
    endloop
  endfacet
  facet normal -4.708352E-01 -2.516667E-01 -8.455637E-01
    outer loop
      vertex -2.206180E+01 2.636864E+00 9.903114E-02
      vertex -2.122400E+01 1.069453E+00 9.903114E-02
      vertex -2.139917E+01 9.968934E-01 2.181685E-01
    endloop
  endfacet
  facet normal -6.497509E-01 -6.846945E-01 -3.301774E-01
    outer loop
      vertex -2.384612E+01 3.990325E+00 5.661163E-01
      vertex -2.357186E+01 3.628136E+00 7.774791E-01
      vertex -2.389561E+01 3.935363E+00 7.774791E-01
    endloop
  endfacet
  facet normal -6.497527E-01 -6.846942E-01 -3.301746E-01
    outer loop
      vertex -2.384612E+01 3.990325E+00 5.661163E-01
      vertex -2.351957E+01 3.680433E+00 5.661163E-01
      vertex -2.357186E+01 3.628136E+00 7.774791E-01
    endloop
  endfacet
  facet normal -6.554171E-01 -5.378874E-01 -5.301938E-01
    outer loop
      vertex -2.343532E+01 3.764676E+00 3.765102E-01
      vertex -2.245017E+01 2.377366E+00 5.661163E-01
      vertex -2.351957E+01 3.680433E+00 5.661163E-01
    endloop
  endfacet
  facet normal -6.554199E-01 -5.378888E-01 -5.301889E-01
    outer loop
      vertex -2.343532E+01 3.764676E+00 3.765102E-01
      vertex -2.235111E+01 2.443555E+00 3.765102E-01
      vertex -2.245017E+01 2.377366E+00 5.661163E-01
    endloop
  endfacet
  facet normal -2.925340E-01 -1.563629E-01 -9.433846E-01
    outer loop
      vertex -2.188606E+01 2.754291E+00 2.507209E-02
      vertex -2.102873E+01 1.150338E+00 2.507209E-02
      vertex -2.122400E+01 1.069453E+00 9.903114E-02
    endloop
  endfacet
  facet normal -9.921522E-02 -5.303159E-02 -9.936519E-01
    outer loop
      vertex -2.188606E+01 2.754291E+00 2.507209E-02
      vertex -2.170104E+01 2.877917E+00 0.000000E+00
      vertex -2.082314E+01 1.235493E+00 0.000000E+00
    endloop
  endfacet
  facet normal -9.921591E-02 -5.303208E-02 -9.936517E-01
    outer loop
      vertex -2.188606E+01 2.754291E+00 2.507209E-02
      vertex -2.082314E+01 1.235493E+00 0.000000E+00
      vertex -2.102873E+01 1.150338E+00 2.507209E-02
    endloop
  endfacet
  facet normal -2.925354E-01 -1.563634E-01 -9.433841E-01
    outer loop
      vertex -2.188606E+01 2.754291E+00 2.507209E-02
      vertex -2.122400E+01 1.069453E+00 9.903114E-02
      vertex -2.206180E+01 2.636864E+00 9.903114E-02
    endloop
  endfacet
  facet normal -5.641635E-01 -7.765048E-01 -2.806419E-01
    outer loop
      vertex -2.486372E+01 4.688338E+00 7.774791E-01
      vertex -2.391239E+01 3.916731E+00 1.000000E+00
      vertex -2.535000E+01 4.961216E+00 1.000000E+00
    endloop
  endfacet
  facet normal -6.100999E-01 -7.844144E-01 -1.116794E-01
    outer loop
      vertex -2.486372E+01 4.688338E+00 7.774791E-01
      vertex -2.389561E+01 3.935363E+00 7.774791E-01
      vertex -2.391239E+01 3.916731E+00 1.000000E+00
    endloop
  endfacet
  facet normal -5.829049E-01 -6.142516E-01 -5.318993E-01
    outer loop
      vertex -2.376641E+01 4.078862E+00 3.765102E-01
      vertex -2.351957E+01 3.680433E+00 5.661163E-01
      vertex -2.384612E+01 3.990325E+00 5.661163E-01
    endloop
  endfacet
  facet normal -5.829015E-01 -6.142513E-01 -5.319033E-01
    outer loop
      vertex -2.376641E+01 4.078862E+00 3.765102E-01
      vertex -2.343532E+01 3.764676E+00 3.765102E-01
      vertex -2.351957E+01 3.680433E+00 5.661163E-01
    endloop
  endfacet
  facet normal -5.479183E-01 -4.496644E-01 -7.053988E-01
    outer loop
      vertex -2.332336E+01 3.876641E+00 2.181685E-01
      vertex -2.221945E+01 2.531525E+00 2.181685E-01
      vertex -2.235111E+01 2.443555E+00 3.765102E-01
    endloop
  endfacet
  facet normal -5.479178E-01 -4.496642E-01 -7.053993E-01
    outer loop
      vertex -2.332336E+01 3.876641E+00 2.181685E-01
      vertex -2.235111E+01 2.443555E+00 3.765102E-01
      vertex -2.343532E+01 3.764676E+00 3.765102E-01
    endloop
  endfacet
  facet normal -5.247518E-01 -8.438674E-01 -1.119082E-01
    outer loop
      vertex -2.533746E+01 4.982929E+00 7.774791E-01
      vertex -2.486372E+01 4.688338E+00 7.774791E-01
      vertex -2.535000E+01 4.961216E+00 1.000000E+00
    endloop
  endfacet
  facet normal -5.796524E-01 -7.452668E-01 -3.295157E-01
    outer loop
      vertex -2.482263E+01 4.749833E+00 5.661163E-01
      vertex -2.384612E+01 3.990325E+00 5.661163E-01
      vertex -2.389561E+01 3.935363E+00 7.774791E-01
    endloop
  endfacet
  facet normal -5.796514E-01 -7.452663E-01 -3.295183E-01
    outer loop
      vertex -2.482263E+01 4.749833E+00 5.661163E-01
      vertex -2.389561E+01 3.935363E+00 7.774791E-01
      vertex -2.486372E+01 4.688338E+00 7.774791E-01
    endloop
  endfacet
  facet normal -4.868220E-01 -5.130051E-01 -7.069867E-01
    outer loop
      vertex -2.366046E+01 4.196533E+00 2.181685E-01
      vertex -2.332336E+01 3.876641E+00 2.181685E-01
      vertex -2.343532E+01 3.764676E+00 3.765102E-01
    endloop
  endfacet
  facet normal -4.868228E-01 -5.130053E-01 -7.069860E-01
    outer loop
      vertex -2.366046E+01 4.196533E+00 2.181685E-01
      vertex -2.343532E+01 3.764676E+00 3.765102E-01
      vertex -2.376641E+01 4.078862E+00 3.765102E-01
    endloop
  endfacet
  facet normal -4.126908E-01 -3.386863E-01 -8.455636E-01
    outer loop
      vertex -2.318929E+01 4.010712E+00 9.903114E-02
      vertex -2.221945E+01 2.531525E+00 2.181685E-01
      vertex -2.332336E+01 3.876641E+00 2.181685E-01
    endloop
  endfacet
  facet normal -4.126899E-01 -3.386857E-01 -8.455644E-01
    outer loop
      vertex -2.318929E+01 4.010712E+00 9.903114E-02
      vertex -2.206180E+01 2.636864E+00 9.903114E-02
      vertex -2.221945E+01 2.531525E+00 2.181685E-01
    endloop
  endfacet
  facet normal -4.984645E-01 -8.015941E-01 -3.301211E-01
    outer loop
      vertex -2.530048E+01 5.046979E+00 5.661163E-01
      vertex -2.486372E+01 4.688338E+00 7.774791E-01
      vertex -2.533746E+01 4.982929E+00 7.774791E-01
    endloop
  endfacet
  facet normal -4.984634E-01 -8.015940E-01 -3.301231E-01
    outer loop
      vertex -2.530048E+01 5.046979E+00 5.661163E-01
      vertex -2.482263E+01 4.749833E+00 5.661163E-01
      vertex -2.486372E+01 4.688338E+00 7.774791E-01
    endloop
  endfacet
  facet normal -5.202206E-01 -6.688542E-01 -5.310411E-01
    outer loop
      vertex -2.475644E+01 4.848892E+00 3.765102E-01
      vertex -2.376641E+01 4.078862E+00 3.765102E-01
      vertex -2.384612E+01 3.990325E+00 5.661163E-01
    endloop
  endfacet
  facet normal -5.202200E-01 -6.688538E-01 -5.310421E-01
    outer loop
      vertex -2.475644E+01 4.848892E+00 3.765102E-01
      vertex -2.384612E+01 3.990325E+00 5.661163E-01
      vertex -2.482263E+01 4.749833E+00 5.661163E-01
    endloop
  endfacet
  facet normal -3.663165E-01 -3.860183E-01 -8.466417E-01
    outer loop
      vertex -2.353358E+01 4.337437E+00 9.903114E-02
      vertex -2.332336E+01 3.876641E+00 2.181685E-01
      vertex -2.366046E+01 4.196533E+00 2.181685E-01
    endloop
  endfacet
  facet normal -3.663166E-01 -3.860184E-01 -8.466416E-01
    outer loop
      vertex -2.353358E+01 4.337437E+00 9.903114E-02
      vertex -2.318929E+01 4.010712E+00 9.903114E-02
      vertex -2.332336E+01 3.876641E+00 2.181685E-01
    endloop
  endfacet
  facet normal -8.696350E-02 -7.136917E-02 -9.936518E-01
    outer loop
      vertex -2.303983E+01 4.160168E+00 2.507209E-02
      vertex -2.288249E+01 4.317514E+00 0.000000E+00
      vertex -2.170104E+01 2.877917E+00 0.000000E+00
    endloop
  endfacet
  facet normal -8.696292E-02 -7.136857E-02 -9.936518E-01
    outer loop
      vertex -2.303983E+01 4.160168E+00 2.507209E-02
      vertex -2.170104E+01 2.877917E+00 0.000000E+00
      vertex -2.188606E+01 2.754291E+00 2.507209E-02
    endloop
  endfacet
  facet normal -2.564095E-01 -2.104296E-01 -9.433841E-01
    outer loop
      vertex -2.303983E+01 4.160168E+00 2.507209E-02
      vertex -2.188606E+01 2.754291E+00 2.507209E-02
      vertex -2.206180E+01 2.636864E+00 9.903114E-02
    endloop
  endfacet
  facet normal -2.564090E-01 -2.104293E-01 -9.433843E-01
    outer loop
      vertex -2.303983E+01 4.160168E+00 2.507209E-02
      vertex -2.206180E+01 2.636864E+00 9.903114E-02
      vertex -2.318929E+01 4.010712E+00 9.903114E-02
    endloop
  endfacet
  facet normal -3.886291E-01 -8.728754E-01 -2.950525E-01
    outer loop
      vertex -2.633760E+01 5.476140E+00 7.774791E-01
      vertex -2.535000E+01 4.961216E+00 1.000000E+00
      vertex -2.697336E+01 5.683980E+00 1.000000E+00
    endloop
  endfacet
  facet normal -4.395187E-01 -8.912574E-01 -1.117302E-01
    outer loop
      vertex -2.633760E+01 5.476140E+00 7.774791E-01
      vertex -2.533746E+01 4.982929E+00 7.774791E-01
      vertex -2.535000E+01 4.961216E+00 1.000000E+00
    endloop
  endfacet
  facet normal -4.471958E-01 -7.191490E-01 -5.318276E-01
    outer loop
      vertex -2.524092E+01 5.150156E+00 3.765102E-01
      vertex -2.482263E+01 4.749833E+00 5.661163E-01
      vertex -2.530048E+01 5.046979E+00 5.661163E-01
    endloop
  endfacet
  facet normal -4.471961E-01 -7.191491E-01 -5.318272E-01
    outer loop
      vertex -2.524092E+01 5.150156E+00 3.765102E-01
      vertex -2.475644E+01 4.848892E+00 3.765102E-01
      vertex -2.482263E+01 4.749833E+00 5.661163E-01
    endloop
  endfacet
  facet normal -4.346857E-01 -5.588808E-01 -7.061874E-01
    outer loop
      vertex -2.466848E+01 4.980548E+00 2.181685E-01
      vertex -2.376641E+01 4.078862E+00 3.765102E-01
      vertex -2.475644E+01 4.848892E+00 3.765102E-01
    endloop
  endfacet
  facet normal -4.346839E-01 -5.588795E-01 -7.061896E-01
    outer loop
      vertex -2.466848E+01 4.980548E+00 2.181685E-01
      vertex -2.366046E+01 4.196533E+00 2.181685E-01
      vertex -2.376641E+01 4.078862E+00 3.765102E-01
    endloop
  endfacet
  facet normal -8.451954E-02 -1.029873E-01 -9.910852E-01
    outer loop
      vertex -2.339215E+01 4.494511E+00 2.507209E-02
      vertex -2.432208E+01 5.498961E+00 0.000000E+00
      vertex -2.288249E+01 4.317514E+00 0.000000E+00
    endloop
  endfacet
  facet normal -7.709759E-02 -8.124392E-02 -9.937079E-01
    outer loop
      vertex -2.339215E+01 4.494511E+00 2.507209E-02
      vertex -2.288249E+01 4.317514E+00 0.000000E+00
      vertex -2.303983E+01 4.160168E+00 2.507209E-02
    endloop
  endfacet
  facet normal -2.274175E-01 -2.396488E-01 -9.438484E-01
    outer loop
      vertex -2.339215E+01 4.494511E+00 2.507209E-02
      vertex -2.318929E+01 4.010712E+00 9.903114E-02
      vertex -2.353358E+01 4.337437E+00 9.903114E-02
    endloop
  endfacet
  facet normal -2.274186E-01 -2.396492E-01 -9.438480E-01
    outer loop
      vertex -2.339215E+01 4.494511E+00 2.507209E-02
      vertex -2.303983E+01 4.160168E+00 2.507209E-02
      vertex -2.318929E+01 4.010712E+00 9.903114E-02
    endloop
  endfacet
  facet normal -4.175660E-01 -8.467411E-01 -3.296483E-01
    outer loop
      vertex -2.630929E+01 5.544469E+00 5.661163E-01
      vertex -2.530048E+01 5.046979E+00 5.661163E-01
      vertex -2.533746E+01 4.982929E+00 7.774791E-01
    endloop
  endfacet
  facet normal -4.175656E-01 -8.467408E-01 -3.296496E-01
    outer loop
      vertex -2.630929E+01 5.544469E+00 5.661163E-01
      vertex -2.533746E+01 4.982929E+00 7.774791E-01
      vertex -2.633760E+01 5.476140E+00 7.774791E-01
    endloop
  endfacet
  facet normal -3.439440E-01 -9.323014E-01 -1.118781E-01
    outer loop
      vertex -2.696561E+01 5.707825E+00 7.774791E-01
      vertex -2.633760E+01 5.476140E+00 7.774791E-01
      vertex -2.697336E+01 5.683980E+00 1.000000E+00
    endloop
  endfacet
  facet normal -3.735011E-01 -6.006379E-01 -7.069166E-01
    outer loop
      vertex -2.516175E+01 5.287283E+00 2.181685E-01
      vertex -2.475644E+01 4.848892E+00 3.765102E-01
      vertex -2.524092E+01 5.150156E+00 3.765102E-01
    endloop
  endfacet
  facet normal -3.735017E-01 -6.006383E-01 -7.069158E-01
    outer loop
      vertex -2.516175E+01 5.287283E+00 2.181685E-01
      vertex -2.466848E+01 4.980548E+00 2.181685E-01
      vertex -2.475644E+01 4.848892E+00 3.765102E-01
    endloop
  endfacet
  facet normal -3.272445E-01 -4.207420E-01 -8.461011E-01
    outer loop
      vertex -2.456314E+01 5.138200E+00 9.903114E-02
      vertex -2.353358E+01 4.337437E+00 9.903114E-02
      vertex -2.366046E+01 4.196533E+00 2.181685E-01
    endloop
  endfacet
  facet normal -3.272423E-01 -4.207402E-01 -8.461030E-01
    outer loop
      vertex -2.456314E+01 5.138200E+00 9.903114E-02
      vertex -2.366046E+01 4.196533E+00 2.181685E-01
      vertex -2.466848E+01 4.980548E+00 2.181685E-01
    endloop
  endfacet
  facet normal -3.747224E-01 -7.598627E-01 -5.312172E-01
    outer loop
      vertex -2.626370E+01 5.654538E+00 3.765102E-01
      vertex -2.530048E+01 5.046979E+00 5.661163E-01
      vertex -2.630929E+01 5.544469E+00 5.661163E-01
    endloop
  endfacet
  facet normal -3.747236E-01 -7.598639E-01 -5.312147E-01
    outer loop
      vertex -2.626370E+01 5.654538E+00 3.765102E-01
      vertex -2.524092E+01 5.150156E+00 3.765102E-01
      vertex -2.530048E+01 5.046979E+00 5.661163E-01
    endloop
  endfacet
  facet normal -3.267213E-01 -8.856171E-01 -3.300537E-01
    outer loop
      vertex -2.694275E+01 5.778164E+00 5.661163E-01
      vertex -2.633760E+01 5.476140E+00 7.774791E-01
      vertex -2.696561E+01 5.707825E+00 7.774791E-01
    endloop
  endfacet
  facet normal -3.267216E-01 -8.856174E-01 -3.300528E-01
    outer loop
      vertex -2.694275E+01 5.778164E+00 5.661163E-01
      vertex -2.630929E+01 5.544469E+00 5.661163E-01
      vertex -2.633760E+01 5.476140E+00 7.774791E-01
    endloop
  endfacet
  facet normal -2.810575E-01 -4.519762E-01 -8.465957E-01
    outer loop
      vertex -2.506694E+01 5.451487E+00 9.903114E-02
      vertex -2.466848E+01 4.980548E+00 2.181685E-01
      vertex -2.516175E+01 5.287283E+00 2.181685E-01
    endloop
  endfacet
  facet normal -2.810555E-01 -4.519749E-01 -8.465970E-01
    outer loop
      vertex -2.506694E+01 5.451487E+00 9.903114E-02
      vertex -2.456314E+01 5.138200E+00 9.903114E-02
      vertex -2.466848E+01 4.980548E+00 2.181685E-01
    endloop
  endfacet
  facet normal -2.032415E-01 -2.613100E-01 -9.436154E-01
    outer loop
      vertex -2.444571E+01 5.313942E+00 2.507209E-02
      vertex -2.353358E+01 4.337437E+00 9.903114E-02
      vertex -2.456314E+01 5.138200E+00 9.903114E-02
    endloop
  endfacet
  facet normal -6.891567E-02 -8.860586E-02 -9.936799E-01
    outer loop
      vertex -2.444571E+01 5.313942E+00 2.507209E-02
      vertex -2.432208E+01 5.498961E+00 0.000000E+00
      vertex -2.339215E+01 4.494511E+00 2.507209E-02
    endloop
  endfacet
  facet normal -2.032402E-01 -2.613088E-01 -9.436160E-01
    outer loop
      vertex -2.444571E+01 5.313942E+00 2.507209E-02
      vertex -2.339215E+01 4.494511E+00 2.507209E-02
      vertex -2.353358E+01 4.337437E+00 9.903114E-02
    endloop
  endfacet
  facet normal -1.980979E-01 -9.319767E-01 -3.036059E-01
    outer loop
      vertex -2.793684E+01 5.961265E+00 7.774791E-01
      vertex -2.697336E+01 5.683980E+00 1.000000E+00
      vertex -2.871151E+01 6.053436E+00 1.000000E+00
    endloop
  endfacet
  facet normal -2.509099E-01 -9.615359E-01 -1.117716E-01
    outer loop
      vertex -2.793684E+01 5.961265E+00 7.774791E-01
      vertex -2.696561E+01 5.707825E+00 7.774791E-01
      vertex -2.697336E+01 5.683980E+00 1.000000E+00
    endloop
  endfacet
  facet normal -3.130808E-01 -6.348646E-01 -7.063479E-01
    outer loop
      vertex -2.620311E+01 5.800826E+00 2.181685E-01
      vertex -2.524092E+01 5.150156E+00 3.765102E-01
      vertex -2.626370E+01 5.654538E+00 3.765102E-01
    endloop
  endfacet
  facet normal -3.130808E-01 -6.348647E-01 -7.063478E-01
    outer loop
      vertex -2.620311E+01 5.800826E+00 2.181685E-01
      vertex -2.516175E+01 5.287283E+00 2.181685E-01
      vertex -2.524092E+01 5.150156E+00 3.765102E-01
    endloop
  endfacet
  facet normal -2.931288E-01 -7.945616E-01 -5.317400E-01
    outer loop
      vertex -2.690594E+01 5.891471E+00 3.765102E-01
      vertex -2.626370E+01 5.654538E+00 3.765102E-01
      vertex -2.630929E+01 5.544469E+00 5.661163E-01
    endloop
  endfacet
  facet normal -2.931297E-01 -7.945622E-01 -5.317385E-01
    outer loop
      vertex -2.690594E+01 5.891471E+00 3.765102E-01
      vertex -2.630929E+01 5.544469E+00 5.661163E-01
      vertex -2.694275E+01 5.778164E+00 5.661163E-01
    endloop
  endfacet
  facet normal -1.744925E-01 -2.806073E-01 -9.438283E-01
    outer loop
      vertex -2.496126E+01 5.634532E+00 2.507209E-02
      vertex -2.456314E+01 5.138200E+00 9.903114E-02
      vertex -2.506694E+01 5.451487E+00 9.903114E-02
    endloop
  endfacet
  facet normal -5.915606E-02 -9.513053E-02 -9.937055E-01
    outer loop
      vertex -2.496126E+01 5.634532E+00 2.507209E-02
      vertex -2.432208E+01 5.498961E+00 0.000000E+00
      vertex -2.444571E+01 5.313942E+00 2.507209E-02
    endloop
  endfacet
  facet normal -6.442071E-02 -1.205228E-01 -9.906181E-01
    outer loop
      vertex -2.496126E+01 5.634532E+00 2.507209E-02
      vertex -2.596451E+01 6.376855E+00 0.000000E+00
      vertex -2.432208E+01 5.498961E+00 0.000000E+00
    endloop
  endfacet
  facet normal -1.744936E-01 -2.806081E-01 -9.438279E-01
    outer loop
      vertex -2.496126E+01 5.634532E+00 2.507209E-02
      vertex -2.444571E+01 5.313942E+00 2.507209E-02
      vertex -2.456314E+01 5.138200E+00 9.903114E-02
    endloop
  endfacet
  facet normal -2.383682E-01 -9.134738E-01 -3.297669E-01
    outer loop
      vertex -2.792241E+01 6.033803E+00 5.661163E-01
      vertex -2.696561E+01 5.707825E+00 7.774791E-01
      vertex -2.793684E+01 5.961265E+00 7.774791E-01
    endloop
  endfacet
  facet normal -2.383674E-01 -9.134731E-01 -3.297696E-01
    outer loop
      vertex -2.792241E+01 6.033803E+00 5.661163E-01
      vertex -2.694275E+01 5.778164E+00 5.661163E-01
      vertex -2.696561E+01 5.707825E+00 7.774791E-01
    endloop
  endfacet
  facet normal -1.490260E-01 -9.824873E-01 -1.118485E-01
    outer loop
      vertex -2.870889E+01 6.078371E+00 7.774791E-01
      vertex -2.793684E+01 5.961265E+00 7.774791E-01
      vertex -2.871151E+01 6.053436E+00 1.000000E+00
    endloop
  endfacet
  facet normal -2.356733E-01 -4.778980E-01 -8.462102E-01
    outer loop
      vertex -2.613055E+01 5.975999E+00 9.903114E-02
      vertex -2.516175E+01 5.287283E+00 2.181685E-01
      vertex -2.620311E+01 5.800826E+00 2.181685E-01
    endloop
  endfacet
  facet normal -2.356737E-01 -4.778984E-01 -8.462098E-01
    outer loop
      vertex -2.613055E+01 5.975999E+00 9.903114E-02
      vertex -2.506694E+01 5.451487E+00 9.903114E-02
      vertex -2.516175E+01 5.287283E+00 2.181685E-01
    endloop
  endfacet
  facet normal -2.448360E-01 -6.636582E-01 -7.068332E-01
    outer loop
      vertex -2.685701E+01 6.042063E+00 2.181685E-01
      vertex -2.626370E+01 5.654538E+00 3.765102E-01
      vertex -2.690594E+01 5.891471E+00 3.765102E-01
    endloop
  endfacet
  facet normal -2.448359E-01 -6.636580E-01 -7.068334E-01
    outer loop
      vertex -2.685701E+01 6.042063E+00 2.181685E-01
      vertex -2.620311E+01 5.800826E+00 2.181685E-01
      vertex -2.626370E+01 5.654538E+00 3.765102E-01
    endloop
  endfacet
  facet normal -2.138953E-01 -8.196911E-01 -5.313712E-01
    outer loop
      vertex -2.789917E+01 6.150651E+00 3.765102E-01
      vertex -2.694275E+01 5.778164E+00 5.661163E-01
      vertex -2.792241E+01 6.033803E+00 5.661163E-01
    endloop
  endfacet
  facet normal -2.138955E-01 -8.196914E-01 -5.313706E-01
    outer loop
      vertex -2.789917E+01 6.150651E+00 3.765102E-01
      vertex -2.690594E+01 5.891471E+00 3.765102E-01
      vertex -2.694275E+01 5.778164E+00 5.661163E-01
    endloop
  endfacet
  facet normal -1.415675E-01 -9.333161E-01 -3.299693E-01
    outer loop
      vertex -2.870116E+01 6.151925E+00 5.661163E-01
      vertex -2.792241E+01 6.033803E+00 5.661163E-01
      vertex -2.793684E+01 5.961265E+00 7.774791E-01
    endloop
  endfacet
  facet normal -1.415677E-01 -9.333163E-01 -3.299688E-01
    outer loop
      vertex -2.870116E+01 6.151925E+00 5.661163E-01
      vertex -2.793684E+01 5.961265E+00 7.774791E-01
      vertex -2.870889E+01 6.078371E+00 7.774791E-01
    endloop
  endfacet
  facet normal -1.463577E-01 -2.967839E-01 -9.436623E-01
    outer loop
      vertex -2.604966E+01 6.171273E+00 2.507209E-02
      vertex -2.496126E+01 5.634532E+00 2.507209E-02
      vertex -2.506694E+01 5.451487E+00 9.903114E-02
    endloop
  endfacet
  facet normal -1.463580E-01 -2.967842E-01 -9.436622E-01
    outer loop
      vertex -2.604966E+01 6.171273E+00 2.507209E-02
      vertex -2.506694E+01 5.451487E+00 9.903114E-02
      vertex -2.613055E+01 5.975999E+00 9.903114E-02
    endloop
  endfacet
  facet normal -4.962580E-02 -1.006311E-01 -9.936854E-01
    outer loop
      vertex -2.604966E+01 6.171273E+00 2.507209E-02
      vertex -2.596451E+01 6.376855E+00 0.000000E+00
      vertex -2.496126E+01 5.634532E+00 2.507209E-02
    endloop
  endfacet
  facet normal -1.842468E-01 -4.994239E-01 -8.465394E-01
    outer loop
      vertex -2.679842E+01 6.222389E+00 9.903114E-02
      vertex -2.620311E+01 5.800826E+00 2.181685E-01
      vertex -2.685701E+01 6.042063E+00 2.181685E-01
    endloop
  endfacet
  facet normal -1.842466E-01 -4.994237E-01 -8.465396E-01
    outer loop
      vertex -2.679842E+01 6.222389E+00 9.903114E-02
      vertex -2.613055E+01 5.975999E+00 9.903114E-02
      vertex -2.620311E+01 5.800826E+00 2.181685E-01
    endloop
  endfacet
  facet normal 0.000000E+00 -9.518900E-01 -3.064401E-01
    outer loop
      vertex -2.960000E+01 6.125072E+00 7.774791E-01
      vertex -2.871151E+01 6.053436E+00 1.000000E+00
      vertex -3.048849E+01 6.053436E+00 1.000000E+00
    endloop
  endfacet
  facet normal -5.200742E-02 -9.923674E-01 -1.118131E-01
    outer loop
      vertex -2.960000E+01 6.125072E+00 7.774791E-01
      vertex -2.870889E+01 6.078371E+00 7.774791E-01
      vertex -2.871151E+01 6.053436E+00 1.000000E+00
    endloop
  endfacet
  facet normal -1.786938E-01 -6.847901E-01 -7.064921E-01
    outer loop
      vertex -2.786828E+01 6.305951E+00 2.181685E-01
      vertex -2.685701E+01 6.042063E+00 2.181685E-01
      vertex -2.690594E+01 5.891471E+00 3.765102E-01
    endloop
  endfacet
  facet normal -1.786933E-01 -6.847892E-01 -7.064930E-01
    outer loop
      vertex -2.786828E+01 6.305951E+00 2.181685E-01
      vertex -2.690594E+01 5.891471E+00 3.765102E-01
      vertex -2.789917E+01 6.150651E+00 3.765102E-01
    endloop
  endfacet
  facet normal -1.270183E-01 -8.373968E-01 -5.316323E-01
    outer loop
      vertex -2.868870E+01 6.270410E+00 3.765102E-01
      vertex -2.792241E+01 6.033803E+00 5.661163E-01
      vertex -2.870116E+01 6.151925E+00 5.661163E-01
    endloop
  endfacet
  facet normal -1.270181E-01 -8.373966E-01 -5.316327E-01
    outer loop
      vertex -2.868870E+01 6.270410E+00 3.765102E-01
      vertex -2.789917E+01 6.150651E+00 3.765102E-01
      vertex -2.792241E+01 6.033803E+00 5.661163E-01
    endloop
  endfacet
  facet normal -1.143937E-01 -3.100779E-01 -9.438039E-01
    outer loop
      vertex -2.673310E+01 6.423407E+00 2.507209E-02
      vertex -2.604966E+01 6.171273E+00 2.507209E-02
      vertex -2.613055E+01 5.975999E+00 9.903114E-02
    endloop
  endfacet
  facet normal -4.036290E-02 -1.330585E-01 -9.902859E-01
    outer loop
      vertex -2.673310E+01 6.423407E+00 2.507209E-02
      vertex -2.774664E+01 6.917460E+00 0.000000E+00
      vertex -2.596451E+01 6.376855E+00 0.000000E+00
    endloop
  endfacet
  facet normal -1.143932E-01 -3.100773E-01 -9.438041E-01
    outer loop
      vertex -2.673310E+01 6.423407E+00 2.507209E-02
      vertex -2.613055E+01 5.975999E+00 9.903114E-02
      vertex -2.679842E+01 6.222389E+00 9.903114E-02
    endloop
  endfacet
  facet normal -3.878247E-02 -1.051246E-01 -9.937025E-01
    outer loop
      vertex -2.673310E+01 6.423407E+00 2.507209E-02
      vertex -2.596451E+01 6.376855E+00 0.000000E+00
      vertex -2.604966E+01 6.171273E+00 2.507209E-02
    endloop
  endfacet
  facet normal -4.940680E-02 -9.427311E-01 -3.298744E-01
    outer loop
      vertex -2.960000E+01 6.199031E+00 5.661163E-01
      vertex -2.870116E+01 6.151925E+00 5.661163E-01
      vertex -2.870889E+01 6.078371E+00 7.774791E-01
    endloop
  endfacet
  facet normal -4.940607E-02 -9.427302E-01 -3.298770E-01
    outer loop
      vertex -2.960000E+01 6.199031E+00 5.661163E-01
      vertex -2.870889E+01 6.078371E+00 7.774791E-01
      vertex -2.960000E+01 6.125072E+00 7.774791E-01
    endloop
  endfacet
  facet normal -1.345012E-01 -5.154353E-01 -8.463072E-01
    outer loop
      vertex -2.783129E+01 6.491913E+00 9.903114E-02
      vertex -2.685701E+01 6.042063E+00 2.181685E-01
      vertex -2.786828E+01 6.305951E+00 2.181685E-01
    endloop
  endfacet
  facet normal -1.345008E-01 -5.154345E-01 -8.463077E-01
    outer loop
      vertex -2.783129E+01 6.491913E+00 9.903114E-02
      vertex -2.679842E+01 6.222389E+00 9.903114E-02
      vertex -2.685701E+01 6.042063E+00 2.181685E-01
    endloop
  endfacet
  facet normal 5.200753E-02 -9.923674E-01 -1.118131E-01
    outer loop
      vertex -3.049111E+01 6.078371E+00 7.774791E-01
      vertex -2.960000E+01 6.125072E+00 7.774791E-01
      vertex -3.048849E+01 6.053436E+00 1.000000E+00
    endloop
  endfacet
  facet normal -1.060982E-01 -6.994773E-01 -7.067353E-01
    outer loop
      vertex -2.867215E+01 6.427884E+00 2.181685E-01
      vertex -2.789917E+01 6.150651E+00 3.765102E-01
      vertex -2.868870E+01 6.270410E+00 3.765102E-01
    endloop
  endfacet
  facet normal -1.060980E-01 -6.994769E-01 -7.067356E-01
    outer loop
      vertex -2.867215E+01 6.427884E+00 2.181685E-01
      vertex -2.786828E+01 6.305951E+00 2.181685E-01
      vertex -2.789917E+01 6.150651E+00 3.765102E-01
    endloop
  endfacet
  facet normal -4.433130E-02 -8.458913E-01 -5.315098E-01
    outer loop
      vertex -2.960000E+01 6.318169E+00 3.765102E-01
      vertex -2.868870E+01 6.270410E+00 3.765102E-01
      vertex -2.870116E+01 6.151925E+00 5.661163E-01
    endloop
  endfacet
  facet normal -4.433164E-02 -8.458920E-01 -5.315087E-01
    outer loop
      vertex -2.960000E+01 6.318169E+00 3.765102E-01
      vertex -2.870116E+01 6.151925E+00 5.661163E-01
      vertex -2.960000E+01 6.199031E+00 5.661163E-01
    endloop
  endfacet
  facet normal -2.831853E-02 -1.085225E-01 -9.936906E-01
    outer loop
      vertex -2.779005E+01 6.699215E+00 2.507209E-02
      vertex -2.774664E+01 6.917460E+00 0.000000E+00
      vertex -2.673310E+01 6.423407E+00 2.507209E-02
    endloop
  endfacet
  facet normal -8.352144E-02 -3.200716E-01 -9.437045E-01
    outer loop
      vertex -2.779005E+01 6.699215E+00 2.507209E-02
      vertex -2.673310E+01 6.423407E+00 2.507209E-02
      vertex -2.679842E+01 6.222389E+00 9.903114E-02
    endloop
  endfacet
  facet normal -8.352167E-02 -3.200721E-01 -9.437044E-01
    outer loop
      vertex -2.779005E+01 6.699215E+00 2.507209E-02
      vertex -2.679842E+01 6.222389E+00 9.903114E-02
      vertex -2.783129E+01 6.491913E+00 9.903114E-02
    endloop
  endfacet
  facet normal 4.940675E-02 -9.427302E-01 -3.298770E-01
    outer loop
      vertex -3.049884E+01 6.151925E+00 5.661163E-01
      vertex -2.960000E+01 6.199031E+00 5.661163E-01
      vertex -2.960000E+01 6.125072E+00 7.774791E-01
    endloop
  endfacet
  facet normal 4.940621E-02 -9.427310E-01 -3.298748E-01
    outer loop
      vertex -3.049884E+01 6.151925E+00 5.661163E-01
      vertex -2.960000E+01 6.125072E+00 7.774791E-01
      vertex -3.049111E+01 6.078371E+00 7.774791E-01
    endloop
  endfacet
  facet normal -7.984753E-02 -5.264119E-01 -8.464721E-01
    outer loop
      vertex -2.865233E+01 6.616451E+00 9.903114E-02
      vertex -2.783129E+01 6.491913E+00 9.903114E-02
      vertex -2.786828E+01 6.305951E+00 2.181685E-01
    endloop
  endfacet
  facet normal -7.984697E-02 -5.264108E-01 -8.464727E-01
    outer loop
      vertex -2.865233E+01 6.616451E+00 9.903114E-02
      vertex -2.786828E+01 6.305951E+00 2.181685E-01
      vertex -2.867215E+01 6.427884E+00 2.181685E-01
    endloop
  endfacet
  facet normal 1.980979E-01 -9.319767E-01 -3.036059E-01
    outer loop
      vertex -3.126316E+01 5.961265E+00 7.774791E-01
      vertex -3.048849E+01 6.053436E+00 1.000000E+00
      vertex -3.222664E+01 5.683980E+00 1.000000E+00
    endloop
  endfacet
  facet normal 1.490260E-01 -9.824873E-01 -1.118485E-01
    outer loop
      vertex -3.126316E+01 5.961265E+00 7.774791E-01
      vertex -3.049111E+01 6.078371E+00 7.774791E-01
      vertex -3.048849E+01 6.053436E+00 1.000000E+00
    endloop
  endfacet
  facet normal -3.703252E-02 -7.066224E-01 -7.066211E-01
    outer loop
      vertex -2.960000E+01 6.476510E+00 2.181685E-01
      vertex -2.868870E+01 6.270410E+00 3.765102E-01
      vertex -2.960000E+01 6.318169E+00 3.765102E-01
    endloop
  endfacet
  facet normal -3.703244E-02 -7.066222E-01 -7.066213E-01
    outer loop
      vertex -2.960000E+01 6.476510E+00 2.181685E-01
      vertex -2.867215E+01 6.427884E+00 2.181685E-01
      vertex -2.868870E+01 6.270410E+00 3.765102E-01
    endloop
  endfacet
  facet normal 4.433133E-02 -8.458920E-01 -5.315087E-01
    outer loop
      vertex -3.051130E+01 6.270410E+00 3.765102E-01
      vertex -2.960000E+01 6.318169E+00 3.765102E-01
      vertex -2.960000E+01 6.199031E+00 5.661163E-01
    endloop
  endfacet
  facet normal 4.433161E-02 -8.458913E-01 -5.315098E-01
    outer loop
      vertex -3.051130E+01 6.270410E+00 3.765102E-01
      vertex -2.960000E+01 6.199031E+00 5.661163E-01
      vertex -3.049884E+01 6.151925E+00 5.661163E-01
    endloop
  endfacet
  facet normal -1.374885E-02 -1.395944E-01 -9.901133E-01
    outer loop
      vertex -2.863024E+01 6.826656E+00 2.507209E-02
      vertex -2.960000E+01 7.100000E+00 0.000000E+00
      vertex -2.774664E+01 6.917460E+00 0.000000E+00
    endloop
  endfacet
  facet normal -1.680835E-02 -1.108131E-01 -9.936991E-01
    outer loop
      vertex -2.863024E+01 6.826656E+00 2.507209E-02
      vertex -2.774664E+01 6.917460E+00 0.000000E+00
      vertex -2.779005E+01 6.699215E+00 2.507209E-02
    endloop
  endfacet
  facet normal -4.957715E-02 -3.268493E-01 -9.437752E-01
    outer loop
      vertex -2.863024E+01 6.826656E+00 2.507209E-02
      vertex -2.779005E+01 6.699215E+00 2.507209E-02
      vertex -2.783129E+01 6.491913E+00 9.903114E-02
    endloop
  endfacet
  facet normal -4.957748E-02 -3.268501E-01 -9.437749E-01
    outer loop
      vertex -2.863024E+01 6.826656E+00 2.507209E-02
      vertex -2.783129E+01 6.491913E+00 9.903114E-02
      vertex -2.865233E+01 6.616451E+00 9.903114E-02
    endloop
  endfacet
  facet normal 1.415675E-01 -9.333158E-01 -3.299699E-01
    outer loop
      vertex -3.127759E+01 6.033803E+00 5.661163E-01
      vertex -3.049884E+01 6.151925E+00 5.661163E-01
      vertex -3.049111E+01 6.078371E+00 7.774791E-01
    endloop
  endfacet
  facet normal 1.415676E-01 -9.333157E-01 -3.299704E-01
    outer loop
      vertex -3.127759E+01 6.033803E+00 5.661163E-01
      vertex -3.049111E+01 6.078371E+00 7.774791E-01
      vertex -3.126316E+01 5.961265E+00 7.774791E-01
    endloop
  endfacet
  facet normal -2.787165E-02 -5.318249E-01 -8.463956E-01
    outer loop
      vertex -2.960000E+01 6.666116E+00 9.903114E-02
      vertex -2.865233E+01 6.616451E+00 9.903114E-02
      vertex -2.867215E+01 6.427884E+00 2.181685E-01
    endloop
  endfacet
  facet normal -2.787174E-02 -5.318251E-01 -8.463955E-01
    outer loop
      vertex -2.960000E+01 6.666116E+00 9.903114E-02
      vertex -2.867215E+01 6.427884E+00 2.181685E-01
      vertex -2.960000E+01 6.476510E+00 2.181685E-01
    endloop
  endfacet
  facet normal 2.509099E-01 -9.615359E-01 -1.117716E-01
    outer loop
      vertex -3.223439E+01 5.707825E+00 7.774791E-01
      vertex -3.126316E+01 5.961265E+00 7.774791E-01
      vertex -3.222664E+01 5.683980E+00 1.000000E+00
    endloop
  endfacet
  facet normal 3.703252E-02 -7.066225E-01 -7.066211E-01
    outer loop
      vertex -3.052785E+01 6.427884E+00 2.181685E-01
      vertex -2.960000E+01 6.318169E+00 3.765102E-01
      vertex -3.051130E+01 6.270410E+00 3.765102E-01
    endloop
  endfacet
  facet normal 3.703253E-02 -7.066224E-01 -7.066211E-01
    outer loop
      vertex -3.052785E+01 6.427884E+00 2.181685E-01
      vertex -2.960000E+01 6.476510E+00 2.181685E-01
      vertex -2.960000E+01 6.318169E+00 3.765102E-01
    endloop
  endfacet
  facet normal 1.270182E-01 -8.373966E-01 -5.316327E-01
    outer loop
      vertex -3.130083E+01 6.150651E+00 3.765102E-01
      vertex -3.049884E+01 6.151925E+00 5.661163E-01
      vertex -3.127759E+01 6.033803E+00 5.661163E-01
    endloop
  endfacet
  facet normal 1.270181E-01 -8.373968E-01 -5.316323E-01
    outer loop
      vertex -3.130083E+01 6.150651E+00 3.765102E-01
      vertex -3.051130E+01 6.270410E+00 3.765102E-01
      vertex -3.049884E+01 6.151925E+00 5.661163E-01
    endloop
  endfacet
  facet normal -1.730669E-02 -3.302301E-01 -9.437417E-01
    outer loop
      vertex -2.960000E+01 6.877479E+00 2.507209E-02
      vertex -2.863024E+01 6.826656E+00 2.507209E-02
      vertex -2.865233E+01 6.616451E+00 9.903114E-02
    endloop
  endfacet
  facet normal -1.730652E-02 -3.302296E-01 -9.437420E-01
    outer loop
      vertex -2.960000E+01 6.877479E+00 2.507209E-02
      vertex -2.865233E+01 6.616451E+00 9.903114E-02
      vertex -2.960000E+01 6.666116E+00 9.903114E-02
    endloop
  endfacet
  facet normal -5.867734E-03 -1.119626E-01 -9.936951E-01
    outer loop
      vertex -2.960000E+01 6.877479E+00 2.507209E-02
      vertex -2.960000E+01 7.100000E+00 0.000000E+00
      vertex -2.863024E+01 6.826656E+00 2.507209E-02
    endloop
  endfacet
  facet normal 2.383674E-01 -9.134732E-01 -3.297689E-01
    outer loop
      vertex -3.225725E+01 5.778164E+00 5.661163E-01
      vertex -3.127759E+01 6.033803E+00 5.661163E-01
      vertex -3.126316E+01 5.961265E+00 7.774791E-01
    endloop
  endfacet
  facet normal 2.383678E-01 -9.134722E-01 -3.297716E-01
    outer loop
      vertex -3.225725E+01 5.778164E+00 5.661163E-01
      vertex -3.126316E+01 5.961265E+00 7.774791E-01
      vertex -3.223439E+01 5.707825E+00 7.774791E-01
    endloop
  endfacet
  facet normal 3.439430E-01 -9.323016E-01 -1.118781E-01
    outer loop
      vertex -3.286240E+01 5.476140E+00 7.774791E-01
      vertex -3.223439E+01 5.707825E+00 7.774791E-01
      vertex -3.222664E+01 5.683980E+00 1.000000E+00
    endloop
  endfacet
  facet normal 3.886287E-01 -8.728746E-01 -2.950556E-01
    outer loop
      vertex -3.286240E+01 5.476140E+00 7.774791E-01
      vertex -3.222664E+01 5.683980E+00 1.000000E+00
      vertex -3.385000E+01 4.961216E+00 1.000000E+00
    endloop
  endfacet
  facet normal 2.787178E-02 -5.318248E-01 -8.463956E-01
    outer loop
      vertex -3.054767E+01 6.616451E+00 9.903114E-02
      vertex -2.960000E+01 6.476510E+00 2.181685E-01
      vertex -3.052785E+01 6.427884E+00 2.181685E-01
    endloop
  endfacet
  facet normal 2.787172E-02 -5.318251E-01 -8.463954E-01
    outer loop
      vertex -3.054767E+01 6.616451E+00 9.903114E-02
      vertex -2.960000E+01 6.666116E+00 9.903114E-02
      vertex -2.960000E+01 6.476510E+00 2.181685E-01
    endloop
  endfacet
  facet normal 1.060981E-01 -6.994779E-01 -7.067346E-01
    outer loop
      vertex -3.133172E+01 6.305951E+00 2.181685E-01
      vertex -3.052785E+01 6.427884E+00 2.181685E-01
      vertex -3.051130E+01 6.270410E+00 3.765102E-01
    endloop
  endfacet
  facet normal 1.060982E-01 -6.994776E-01 -7.067350E-01
    outer loop
      vertex -3.133172E+01 6.305951E+00 2.181685E-01
      vertex -3.051130E+01 6.270410E+00 3.765102E-01
      vertex -3.130083E+01 6.150651E+00 3.765102E-01
    endloop
  endfacet
  facet normal 2.138955E-01 -8.196911E-01 -5.313711E-01
    outer loop
      vertex -3.229406E+01 5.891471E+00 3.765102E-01
      vertex -3.130083E+01 6.150651E+00 3.765102E-01
      vertex -3.127759E+01 6.033803E+00 5.661163E-01
    endloop
  endfacet
  facet normal 2.138954E-01 -8.196914E-01 -5.313705E-01
    outer loop
      vertex -3.229406E+01 5.891471E+00 3.765102E-01
      vertex -3.127759E+01 6.033803E+00 5.661163E-01
      vertex -3.225725E+01 5.778164E+00 5.661163E-01
    endloop
  endfacet
  facet normal 3.267221E-01 -8.856159E-01 -3.300563E-01
    outer loop
      vertex -3.289071E+01 5.544469E+00 5.661163E-01
      vertex -3.225725E+01 5.778164E+00 5.661163E-01
      vertex -3.223439E+01 5.707825E+00 7.774791E-01
    endloop
  endfacet
  facet normal 3.267208E-01 -8.856186E-01 -3.300502E-01
    outer loop
      vertex -3.289071E+01 5.544469E+00 5.661163E-01
      vertex -3.223439E+01 5.707825E+00 7.774791E-01
      vertex -3.286240E+01 5.476140E+00 7.774791E-01
    endloop
  endfacet
  facet normal 5.867734E-03 -1.119626E-01 -9.936951E-01
    outer loop
      vertex -3.056976E+01 6.826656E+00 2.507209E-02
      vertex -2.960000E+01 7.100000E+00 0.000000E+00
      vertex -2.960000E+01 6.877479E+00 2.507209E-02
    endloop
  endfacet
  facet normal 1.730666E-02 -3.302296E-01 -9.437420E-01
    outer loop
      vertex -3.056976E+01 6.826656E+00 2.507209E-02
      vertex -2.960000E+01 6.877479E+00 2.507209E-02
      vertex -2.960000E+01 6.666116E+00 9.903114E-02
    endloop
  endfacet
  facet normal 1.730658E-02 -3.302300E-01 -9.437419E-01
    outer loop
      vertex -3.056976E+01 6.826656E+00 2.507209E-02
      vertex -2.960000E+01 6.666116E+00 9.903114E-02
      vertex -3.054767E+01 6.616451E+00 9.903114E-02
    endloop
  endfacet
  facet normal 1.374887E-02 -1.395945E-01 -9.901133E-01
    outer loop
      vertex -3.056976E+01 6.826656E+00 2.507209E-02
      vertex -3.145336E+01 6.917460E+00 0.000000E+00
      vertex -2.960000E+01 7.100000E+00 0.000000E+00
    endloop
  endfacet
  facet normal 7.984716E-02 -5.264107E-01 -8.464727E-01
    outer loop
      vertex -3.136871E+01 6.491913E+00 9.903114E-02
      vertex -3.054767E+01 6.616451E+00 9.903114E-02
      vertex -3.052785E+01 6.427884E+00 2.181685E-01
    endloop
  endfacet
  facet normal 7.984708E-02 -5.264114E-01 -8.464724E-01
    outer loop
      vertex -3.136871E+01 6.491913E+00 9.903114E-02
      vertex -3.052785E+01 6.427884E+00 2.181685E-01
      vertex -3.133172E+01 6.305951E+00 2.181685E-01
    endloop
  endfacet
  facet normal 4.395185E-01 -8.912570E-01 -1.117341E-01
    outer loop
      vertex -3.386254E+01 4.982929E+00 7.774791E-01
      vertex -3.286240E+01 5.476140E+00 7.774791E-01
      vertex -3.385000E+01 4.961216E+00 1.000000E+00
    endloop
  endfacet
  facet normal 1.786938E-01 -6.847912E-01 -7.064910E-01
    outer loop
      vertex -3.234299E+01 6.042063E+00 2.181685E-01
      vertex -3.130083E+01 6.150651E+00 3.765102E-01
      vertex -3.229406E+01 5.891471E+00 3.765102E-01
    endloop
  endfacet
  facet normal 1.786939E-01 -6.847902E-01 -7.064919E-01
    outer loop
      vertex -3.234299E+01 6.042063E+00 2.181685E-01
      vertex -3.133172E+01 6.305951E+00 2.181685E-01
      vertex -3.130083E+01 6.150651E+00 3.765102E-01
    endloop
  endfacet
  facet normal 2.931299E-01 -7.945622E-01 -5.317385E-01
    outer loop
      vertex -3.293630E+01 5.654538E+00 3.765102E-01
      vertex -3.229406E+01 5.891471E+00 3.765102E-01
      vertex -3.225725E+01 5.778164E+00 5.661163E-01
    endloop
  endfacet
  facet normal 2.931301E-01 -7.945611E-01 -5.317401E-01
    outer loop
      vertex -3.293630E+01 5.654538E+00 3.765102E-01
      vertex -3.225725E+01 5.778164E+00 5.661163E-01
      vertex -3.289071E+01 5.544469E+00 5.661163E-01
    endloop
  endfacet
  facet normal 4.957720E-02 -3.268497E-01 -9.437751E-01
    outer loop
      vertex -3.140995E+01 6.699215E+00 2.507209E-02
      vertex -3.056976E+01 6.826656E+00 2.507209E-02
      vertex -3.054767E+01 6.616451E+00 9.903114E-02
    endloop
  endfacet
  facet normal 1.680837E-02 -1.108132E-01 -9.936991E-01
    outer loop
      vertex -3.140995E+01 6.699215E+00 2.507209E-02
      vertex -3.145336E+01 6.917460E+00 0.000000E+00
      vertex -3.056976E+01 6.826656E+00 2.507209E-02
    endloop
  endfacet
  facet normal 4.957724E-02 -3.268493E-01 -9.437752E-01
    outer loop
      vertex -3.140995E+01 6.699215E+00 2.507209E-02
      vertex -3.054767E+01 6.616451E+00 9.903114E-02
      vertex -3.136871E+01 6.491913E+00 9.903114E-02
    endloop
  endfacet
  facet normal 5.247515E-01 -8.438669E-01 -1.119126E-01
    outer loop
      vertex -3.433628E+01 4.688338E+00 7.774791E-01
      vertex -3.386254E+01 4.982929E+00 7.774791E-01
      vertex -3.385000E+01 4.961216E+00 1.000000E+00
    endloop
  endfacet
  facet normal 5.641628E-01 -7.765037E-01 -2.806464E-01
    outer loop
      vertex -3.433628E+01 4.688338E+00 7.774791E-01
      vertex -3.385000E+01 4.961216E+00 1.000000E+00
      vertex -3.528761E+01 3.916731E+00 1.000000E+00
    endloop
  endfacet
  facet normal 4.175657E-01 -8.467420E-01 -3.296463E-01
    outer loop
      vertex -3.389952E+01 5.046979E+00 5.661163E-01
      vertex -3.289071E+01 5.544469E+00 5.661163E-01
      vertex -3.286240E+01 5.476140E+00 7.774791E-01
    endloop
  endfacet
  facet normal 4.175658E-01 -8.467413E-01 -3.296483E-01
    outer loop
      vertex -3.389952E+01 5.046979E+00 5.661163E-01
      vertex -3.286240E+01 5.476140E+00 7.774791E-01
      vertex -3.386254E+01 4.982929E+00 7.774791E-01
    endloop
  endfacet
  facet normal 1.345008E-01 -5.154344E-01 -8.463079E-01
    outer loop
      vertex -3.240158E+01 6.222389E+00 9.903114E-02
      vertex -3.136871E+01 6.491913E+00 9.903114E-02
      vertex -3.133172E+01 6.305951E+00 2.181685E-01
    endloop
  endfacet
  facet normal 1.345008E-01 -5.154335E-01 -8.463084E-01
    outer loop
      vertex -3.240158E+01 6.222389E+00 9.903114E-02
      vertex -3.133172E+01 6.305951E+00 2.181685E-01
      vertex -3.234299E+01 6.042063E+00 2.181685E-01
    endloop
  endfacet
  facet normal 2.448358E-01 -6.636598E-01 -7.068316E-01
    outer loop
      vertex -3.299689E+01 5.800826E+00 2.181685E-01
      vertex -3.234299E+01 6.042063E+00 2.181685E-01
      vertex -3.229406E+01 5.891471E+00 3.765102E-01
    endloop
  endfacet
  facet normal 2.448361E-01 -6.636564E-01 -7.068349E-01
    outer loop
      vertex -3.299689E+01 5.800826E+00 2.181685E-01
      vertex -3.229406E+01 5.891471E+00 3.765102E-01
      vertex -3.293630E+01 5.654538E+00 3.765102E-01
    endloop
  endfacet
  facet normal 4.984649E-01 -8.015947E-01 -3.301192E-01
    outer loop
      vertex -3.437737E+01 4.749833E+00 5.661163E-01
      vertex -3.386254E+01 4.982929E+00 7.774791E-01
      vertex -3.433628E+01 4.688338E+00 7.774791E-01
    endloop
  endfacet
  facet normal 4.984652E-01 -8.015937E-01 -3.301211E-01
    outer loop
      vertex -3.437737E+01 4.749833E+00 5.661163E-01
      vertex -3.389952E+01 5.046979E+00 5.661163E-01
      vertex -3.386254E+01 4.982929E+00 7.774791E-01
    endloop
  endfacet
  facet normal 3.747230E-01 -7.598625E-01 -5.312171E-01
    outer loop
      vertex -3.395908E+01 5.150156E+00 3.765102E-01
      vertex -3.293630E+01 5.654538E+00 3.765102E-01
      vertex -3.289071E+01 5.544469E+00 5.661163E-01
    endloop
  endfacet
  facet normal 3.747233E-01 -7.598661E-01 -5.312118E-01
    outer loop
      vertex -3.395908E+01 5.150156E+00 3.765102E-01
      vertex -3.289071E+01 5.544469E+00 5.661163E-01
      vertex -3.389952E+01 5.046979E+00 5.661163E-01
    endloop
  endfacet
  facet normal 2.831859E-02 -1.085228E-01 -9.936905E-01
    outer loop
      vertex -3.246690E+01 6.423407E+00 2.507209E-02
      vertex -3.145336E+01 6.917460E+00 0.000000E+00
      vertex -3.140995E+01 6.699215E+00 2.507209E-02
    endloop
  endfacet
  facet normal 4.036291E-02 -1.330587E-01 -9.902859E-01
    outer loop
      vertex -3.246690E+01 6.423407E+00 2.507209E-02
      vertex -3.323549E+01 6.376855E+00 0.000000E+00
      vertex -3.145336E+01 6.917460E+00 0.000000E+00
    endloop
  endfacet
  facet normal 8.352156E-02 -3.200721E-01 -9.437044E-01
    outer loop
      vertex -3.246690E+01 6.423407E+00 2.507209E-02
      vertex -3.140995E+01 6.699215E+00 2.507209E-02
      vertex -3.136871E+01 6.491913E+00 9.903114E-02
    endloop
  endfacet
  facet normal 8.352154E-02 -3.200716E-01 -9.437045E-01
    outer loop
      vertex -3.246690E+01 6.423407E+00 2.507209E-02
      vertex -3.136871E+01 6.491913E+00 9.903114E-02
      vertex -3.240158E+01 6.222389E+00 9.903114E-02
    endloop
  endfacet
  facet normal 1.842462E-01 -4.994227E-01 -8.465401E-01
    outer loop
      vertex -3.306945E+01 5.975999E+00 9.903114E-02
      vertex -3.240158E+01 6.222389E+00 9.903114E-02
      vertex -3.234299E+01 6.042063E+00 2.181685E-01
    endloop
  endfacet
  facet normal 1.842462E-01 -4.994238E-01 -8.465396E-01
    outer loop
      vertex -3.306945E+01 5.975999E+00 9.903114E-02
      vertex -3.234299E+01 6.042063E+00 2.181685E-01
      vertex -3.299689E+01 5.800826E+00 2.181685E-01
    endloop
  endfacet
  facet normal 6.101006E-01 -7.844138E-01 -1.116794E-01
    outer loop
      vertex -3.530439E+01 3.935363E+00 7.774791E-01
      vertex -3.433628E+01 4.688338E+00 7.774791E-01
      vertex -3.528761E+01 3.916731E+00 1.000000E+00
    endloop
  endfacet
  facet normal 4.471972E-01 -7.191485E-01 -5.318272E-01
    outer loop
      vertex -3.444355E+01 4.848892E+00 3.765102E-01
      vertex -3.389952E+01 5.046979E+00 5.661163E-01
      vertex -3.437737E+01 4.749833E+00 5.661163E-01
    endloop
  endfacet
  facet normal 4.471970E-01 -7.191506E-01 -5.318244E-01
    outer loop
      vertex -3.444355E+01 4.848892E+00 3.765102E-01
      vertex -3.395908E+01 5.150156E+00 3.765102E-01
      vertex -3.389952E+01 5.046979E+00 5.661163E-01
    endloop
  endfacet
  facet normal 3.130804E-01 -6.348627E-01 -7.063497E-01
    outer loop
      vertex -3.403825E+01 5.287283E+00 2.181685E-01
      vertex -3.299689E+01 5.800826E+00 2.181685E-01
      vertex -3.293630E+01 5.654538E+00 3.765102E-01
    endloop
  endfacet
  facet normal 3.130808E-01 -6.348647E-01 -7.063479E-01
    outer loop
      vertex -3.403825E+01 5.287283E+00 2.181685E-01
      vertex -3.293630E+01 5.654538E+00 3.765102E-01
      vertex -3.395908E+01 5.150156E+00 3.765102E-01
    endloop
  endfacet
  facet normal 3.878244E-02 -1.051242E-01 -9.937025E-01
    outer loop
      vertex -3.315034E+01 6.171273E+00 2.507209E-02
      vertex -3.323549E+01 6.376855E+00 0.000000E+00
      vertex -3.246690E+01 6.423407E+00 2.507209E-02
    endloop
  endfacet
  facet normal 1.143937E-01 -3.100772E-01 -9.438041E-01
    outer loop
      vertex -3.315034E+01 6.171273E+00 2.507209E-02
      vertex -3.246690E+01 6.423407E+00 2.507209E-02
      vertex -3.240158E+01 6.222389E+00 9.903114E-02
    endloop
  endfacet
  facet normal 1.143938E-01 -3.100788E-01 -9.438035E-01
    outer loop
      vertex -3.315034E+01 6.171273E+00 2.507209E-02
      vertex -3.240158E+01 6.222389E+00 9.903114E-02
      vertex -3.306945E+01 5.975999E+00 9.903114E-02
    endloop
  endfacet
  facet normal 5.796528E-01 -7.452673E-01 -3.295136E-01
    outer loop
      vertex -3.535387E+01 3.990325E+00 5.661163E-01
      vertex -3.437737E+01 4.749833E+00 5.661163E-01
      vertex -3.433628E+01 4.688338E+00 7.774791E-01
    endloop
  endfacet
  facet normal 5.796527E-01 -7.452665E-01 -3.295156E-01
    outer loop
      vertex -3.535387E+01 3.990325E+00 5.661163E-01
      vertex -3.433628E+01 4.688338E+00 7.774791E-01
      vertex -3.530439E+01 3.935363E+00 7.774791E-01
    endloop
  endfacet
  facet normal 3.735002E-01 -6.006366E-01 -7.069181E-01
    outer loop
      vertex -3.453152E+01 4.980548E+00 2.181685E-01
      vertex -3.395908E+01 5.150156E+00 3.765102E-01
      vertex -3.444355E+01 4.848892E+00 3.765102E-01
    endloop
  endfacet
  facet normal 3.735003E-01 -6.006384E-01 -7.069166E-01
    outer loop
      vertex -3.453152E+01 4.980548E+00 2.181685E-01
      vertex -3.403825E+01 5.287283E+00 2.181685E-01
      vertex -3.395908E+01 5.150156E+00 3.765102E-01
    endloop
  endfacet
  facet normal 2.356739E-01 -4.778983E-01 -8.462098E-01
    outer loop
      vertex -3.413306E+01 5.451487E+00 9.903114E-02
      vertex -3.299689E+01 5.800826E+00 2.181685E-01
      vertex -3.403825E+01 5.287283E+00 2.181685E-01
    endloop
  endfacet
  facet normal 2.356738E-01 -4.778978E-01 -8.462101E-01
    outer loop
      vertex -3.413306E+01 5.451487E+00 9.903114E-02
      vertex -3.306945E+01 5.975999E+00 9.903114E-02
      vertex -3.299689E+01 5.800826E+00 2.181685E-01
    endloop
  endfacet
  facet normal 5.202190E-01 -6.688525E-01 -5.310448E-01
    outer loop
      vertex -3.543359E+01 4.078862E+00 3.765102E-01
      vertex -3.437737E+01 4.749833E+00 5.661163E-01
      vertex -3.535387E+01 3.990325E+00 5.661163E-01
    endloop
  endfacet
  facet normal 5.202196E-01 -6.688541E-01 -5.310422E-01
    outer loop
      vertex -3.543359E+01 4.078862E+00 3.765102E-01
      vertex -3.444355E+01 4.848892E+00 3.765102E-01
      vertex -3.437737E+01 4.749833E+00 5.661163E-01
    endloop
  endfacet
  facet normal 2.810566E-01 -4.519766E-01 -8.465958E-01
    outer loop
      vertex -3.463686E+01 5.138200E+00 9.903114E-02
      vertex -3.403825E+01 5.287283E+00 2.181685E-01
      vertex -3.453152E+01 4.980548E+00 2.181685E-01
    endloop
  endfacet
  facet normal 2.810566E-01 -4.519767E-01 -8.465957E-01
    outer loop
      vertex -3.463686E+01 5.138200E+00 9.903114E-02
      vertex -3.413306E+01 5.451487E+00 9.903114E-02
      vertex -3.403825E+01 5.287283E+00 2.181685E-01
    endloop
  endfacet
  facet normal 1.463580E-01 -2.967838E-01 -9.436624E-01
    outer loop
      vertex -3.423874E+01 5.634532E+00 2.507209E-02
      vertex -3.306945E+01 5.975999E+00 9.903114E-02
      vertex -3.413306E+01 5.451487E+00 9.903114E-02
    endloop
  endfacet
  facet normal 6.442040E-02 -1.205222E-01 -9.906182E-01
    outer loop
      vertex -3.423874E+01 5.634532E+00 2.507209E-02
      vertex -3.487792E+01 5.498961E+00 0.000000E+00
      vertex -3.323549E+01 6.376855E+00 0.000000E+00
    endloop
  endfacet
  facet normal 4.962561E-02 -1.006307E-01 -9.936854E-01
    outer loop
      vertex -3.423874E+01 5.634532E+00 2.507209E-02
      vertex -3.323549E+01 6.376855E+00 0.000000E+00
      vertex -3.315034E+01 6.171273E+00 2.507209E-02
    endloop
  endfacet
  facet normal 1.463584E-01 -2.967853E-01 -9.436619E-01
    outer loop
      vertex -3.423874E+01 5.634532E+00 2.507209E-02
      vertex -3.315034E+01 6.171273E+00 2.507209E-02
      vertex -3.306945E+01 5.975999E+00 9.903114E-02
    endloop
  endfacet
  facet normal 7.385221E-01 -6.649691E-01 -1.113604E-01
    outer loop
      vertex -3.649693E+01 2.610912E+00 7.774791E-01
      vertex -3.530439E+01 3.935363E+00 7.774791E-01
      vertex -3.528761E+01 3.916731E+00 1.000000E+00
    endloop
  endfacet
  facet normal 7.385222E-01 -6.649679E-01 -1.113676E-01
    outer loop
      vertex -3.649693E+01 2.610912E+00 7.774791E-01
      vertex -3.528761E+01 3.916731E+00 1.000000E+00
      vertex -3.647664E+01 2.596175E+00 1.000000E+00
    endloop
  endfacet
  facet normal 4.346854E-01 -5.588816E-01 -7.061869E-01
    outer loop
      vertex -3.553954E+01 4.196533E+00 2.181685E-01
      vertex -3.444355E+01 4.848892E+00 3.765102E-01
      vertex -3.543359E+01 4.078862E+00 3.765102E-01
    endloop
  endfacet
  facet normal 4.346842E-01 -5.588787E-01 -7.061899E-01
    outer loop
      vertex -3.553954E+01 4.196533E+00 2.181685E-01
      vertex -3.453152E+01 4.980548E+00 2.181685E-01
      vertex -3.444355E+01 4.848892E+00 3.765102E-01
    endloop
  endfacet
  facet normal 1.744925E-01 -2.806073E-01 -9.438283E-01
    outer loop
      vertex -3.475429E+01 5.313942E+00 2.507209E-02
      vertex -3.423874E+01 5.634532E+00 2.507209E-02
      vertex -3.413306E+01 5.451487E+00 9.903114E-02
    endloop
  endfacet
  facet normal 1.744924E-01 -2.806072E-01 -9.438284E-01
    outer loop
      vertex -3.475429E+01 5.313942E+00 2.507209E-02
      vertex -3.413306E+01 5.451487E+00 9.903114E-02
      vertex -3.463686E+01 5.138200E+00 9.903114E-02
    endloop
  endfacet
  facet normal 5.915591E-02 -9.513064E-02 -9.937055E-01
    outer loop
      vertex -3.475429E+01 5.313942E+00 2.507209E-02
      vertex -3.487792E+01 5.498961E+00 0.000000E+00
      vertex -3.423874E+01 5.634532E+00 2.507209E-02
    endloop
  endfacet
  facet normal 7.018605E-01 -6.319587E-01 -3.286640E-01
    outer loop
      vertex -3.655676E+01 2.654384E+00 5.661163E-01
      vertex -3.530439E+01 3.935363E+00 7.774791E-01
      vertex -3.649693E+01 2.610912E+00 7.774791E-01
    endloop
  endfacet
  facet normal 7.018604E-01 -6.319585E-01 -3.286647E-01
    outer loop
      vertex -3.655676E+01 2.654384E+00 5.661163E-01
      vertex -3.535387E+01 3.990325E+00 5.661163E-01
      vertex -3.530439E+01 3.935363E+00 7.774791E-01
    endloop
  endfacet
  facet normal 3.272429E-01 -4.207402E-01 -8.461027E-01
    outer loop
      vertex -3.566642E+01 4.337437E+00 9.903114E-02
      vertex -3.453152E+01 4.980548E+00 2.181685E-01
      vertex -3.553954E+01 4.196533E+00 2.181685E-01
    endloop
  endfacet
  facet normal 3.272438E-01 -4.207420E-01 -8.461015E-01
    outer loop
      vertex -3.566642E+01 4.337437E+00 9.903114E-02
      vertex -3.463686E+01 5.138200E+00 9.903114E-02
      vertex -3.453152E+01 4.980548E+00 2.181685E-01
    endloop
  endfacet
  facet normal 0.000000E+00 6.087618E-01 -7.933530E-01
    outer loop
      vertex 1.607107E+00 9.907106E+00 2.928932E-01
      vertex 7.707107E+00 9.907106E+00 2.928932E-01
      vertex 7.500000E+00 9.700000E+00 1.339746E-01
    endloop
  endfacet
  facet normal 0.000000E+00 3.826842E-01 -9.238793E-01
    outer loop
      vertex 1.400000E+00 9.700000E+00 1.339746E-01
      vertex 7.500000E+00 9.700000E+00 1.339746E-01
      vertex 7.258819E+00 9.458819E+00 3.407417E-02
    endloop
  endfacet
  facet normal 0.000000E+00 6.087618E-01 -7.933530E-01
    outer loop
      vertex 1.400000E+00 9.700000E+00 1.339746E-01
      vertex 1.607107E+00 9.907106E+00 2.928932E-01
      vertex 7.500000E+00 9.700000E+00 1.339746E-01
    endloop
  endfacet
  facet normal 0.000000E+00 1.305259E-01 -9.914449E-01
    outer loop
      vertex 1.158819E+00 9.458819E+00 3.407417E-02
      vertex 7.258819E+00 9.458819E+00 3.407417E-02
      vertex 7.000000E+00 9.200000E+00 0.000000E+00
    endloop
  endfacet
  facet normal 0.000000E+00 3.826842E-01 -9.238793E-01
    outer loop
      vertex 1.158819E+00 9.458819E+00 3.407417E-02
      vertex 1.400000E+00 9.700000E+00 1.339746E-01
      vertex 7.258819E+00 9.458819E+00 3.407417E-02
    endloop
  endfacet
  facet normal 0.000000E+00 1.305259E-01 -9.914449E-01
    outer loop
      vertex 9.000000E-01 9.200000E+00 0.000000E+00
      vertex 1.158819E+00 9.458819E+00 3.407417E-02
      vertex 7.000000E+00 9.200000E+00 0.000000E+00
    endloop
  endfacet
  facet normal 6.343938E-01 7.730100E-01 0.000000E+00
    outer loop
      vertex 7.555570E+00 1.003147E+01 1.500000E+01
      vertex 7.707107E+00 9.907106E+00 1.500000E+01
      vertex 7.707107E+00 9.907106E+00 2.928932E-01
    endloop
  endfacet
  facet normal 6.084860E-01 7.935645E-01 -4.407532E-04
    outer loop
      vertex 7.555570E+00 1.003147E+01 1.500000E+01
      vertex 7.707107E+00 9.907106E+00 2.928932E-01
      vertex 7.500000E+00 1.006603E+01 5.000000E-01
    endloop
  endfacet
  facet normal 3.821750E-01 9.240897E-01 -5.949305E-04
    outer loop
      vertex 7.382683E+00 1.012388E+01 1.500000E+01
      vertex 7.500000E+00 1.006603E+01 5.000000E-01
      vertex 7.258819E+00 1.016593E+01 7.411810E-01
    endloop
  endfacet
  facet normal 4.713973E-01 8.819209E-01 2.951997E-04
    outer loop
      vertex 7.382683E+00 1.012388E+01 1.500000E+01
      vertex 7.555570E+00 1.003147E+01 1.500000E+01
      vertex 7.500000E+00 1.006603E+01 5.000000E-01
    endloop
  endfacet
  facet normal 1.300807E-01 9.915033E-01 -4.518648E-04
    outer loop
      vertex 7.195090E+00 1.018079E+01 1.500000E+01
      vertex 7.258819E+00 1.016593E+01 7.411810E-01
      vertex 7.000000E+00 1.020000E+01 1.000000E+00
    endloop
  endfacet
  facet normal 2.902848E-01 9.569402E-01 3.001750E-04
    outer loop
      vertex 7.195090E+00 1.018079E+01 1.500000E+01
      vertex 7.382683E+00 1.012388E+01 1.500000E+01
      vertex 7.258819E+00 1.016593E+01 7.411810E-01
    endloop
  endfacet
  facet normal 9.801670E-02 9.951848E-01 0.000000E+00
    outer loop
      vertex 7.000000E+00 1.020000E+01 1.500000E+01
      vertex 7.195090E+00 1.018079E+01 1.500000E+01
      vertex 7.000000E+00 1.020000E+01 1.000000E+00
    endloop
  endfacet
  facet normal 0.000000E+00 6.087618E-01 -7.933530E-01
    outer loop
      vertex -4.070000E+01 9.700000E+00 1.339746E-01
      vertex -4.090711E+01 9.907106E+00 2.928932E-01
      vertex -3.480711E+01 9.907106E+00 2.928932E-01
    endloop
  endfacet
  facet normal 0.000000E+00 6.087618E-01 -7.933531E-01
    outer loop
      vertex -4.070000E+01 9.700000E+00 1.339746E-01
      vertex -3.480711E+01 9.907106E+00 2.928932E-01
      vertex -3.460000E+01 9.700000E+00 1.339746E-01
    endloop
  endfacet
  facet normal 0.000000E+00 3.826842E-01 -9.238792E-01
    outer loop
      vertex -4.045882E+01 9.458819E+00 3.407417E-02
      vertex -3.460000E+01 9.700000E+00 1.339746E-01
      vertex -3.435882E+01 9.458819E+00 3.407417E-02
    endloop
  endfacet
  facet normal 0.000000E+00 3.826841E-01 -9.238792E-01
    outer loop
      vertex -4.045882E+01 9.458819E+00 3.407417E-02
      vertex -4.070000E+01 9.700000E+00 1.339746E-01
      vertex -3.460000E+01 9.700000E+00 1.339746E-01
    endloop
  endfacet
  facet normal 0.000000E+00 1.305259E-01 -9.914449E-01
    outer loop
      vertex -4.020000E+01 9.200000E+00 0.000000E+00
      vertex -3.435882E+01 9.458819E+00 3.407417E-02
      vertex -3.410000E+01 9.200000E+00 0.000000E+00
    endloop
  endfacet
  facet normal 0.000000E+00 1.305259E-01 -9.914449E-01
    outer loop
      vertex -4.020000E+01 9.200000E+00 0.000000E+00
      vertex -4.045882E+01 9.458819E+00 3.407417E-02
      vertex -3.435882E+01 9.458819E+00 3.407417E-02
    endloop
  endfacet
  facet normal -6.087601E-01 0.000000E+00 -7.933544E-01
    outer loop
      vertex -4.090711E+01 2.429873E+00 2.928932E-01
      vertex -4.090711E+01 9.907106E+00 2.928932E-01
      vertex -4.070000E+01 9.700000E+00 1.339746E-01
    endloop
  endfacet
  facet normal -3.826842E-01 0.000000E+00 -9.238793E-01
    outer loop
      vertex -4.070000E+01 2.309574E+00 1.339746E-01
      vertex -4.070000E+01 9.700000E+00 1.339746E-01
      vertex -4.045882E+01 9.458819E+00 3.407417E-02
    endloop
  endfacet
  facet normal -6.087601E-01 0.000000E+00 -7.933544E-01
    outer loop
      vertex -4.070000E+01 2.309574E+00 1.339746E-01
      vertex -4.090711E+01 2.429873E+00 2.928932E-01
      vertex -4.070000E+01 9.700000E+00 1.339746E-01
    endloop
  endfacet
  facet normal -1.305259E-01 0.000000E+00 -9.914449E-01
    outer loop
      vertex -4.045882E+01 2.169484E+00 3.407417E-02
      vertex -4.045882E+01 9.458819E+00 3.407417E-02
      vertex -4.020000E+01 9.200000E+00 0.000000E+00
    endloop
  endfacet
  facet normal -3.826841E-01 0.000000E+00 -9.238792E-01
    outer loop
      vertex -4.045882E+01 2.169484E+00 3.407417E-02
      vertex -4.070000E+01 2.309574E+00 1.339746E-01
      vertex -4.045882E+01 9.458819E+00 3.407417E-02
    endloop
  endfacet
  facet normal -1.305259E-01 0.000000E+00 -9.914449E-01
    outer loop
      vertex -4.020000E+01 2.019148E+00 0.000000E+00
      vertex -4.045882E+01 2.169484E+00 3.407417E-02
      vertex -4.020000E+01 9.200000E+00 0.000000E+00
    endloop
  endfacet
  facet normal -7.730090E-01 6.343951E-01 0.000000E+00
    outer loop
      vertex -4.103147E+01 9.755570E+00 1.500000E+01
      vertex -4.090711E+01 9.907106E+00 1.500000E+01
      vertex -4.090711E+01 9.907106E+00 2.928932E-01
    endloop
  endfacet
  facet normal -7.935699E-01 6.084790E-01 -4.408901E-04
    outer loop
      vertex -4.103147E+01 9.755570E+00 1.500000E+01
      vertex -4.090711E+01 9.907106E+00 2.928932E-01
      vertex -4.106602E+01 9.700000E+00 5.000000E-01
    endloop
  endfacet
  facet normal -9.240908E-01 3.821725E-01 -5.949675E-04
    outer loop
      vertex -4.112388E+01 9.582684E+00 1.500000E+01
      vertex -4.106602E+01 9.700000E+00 5.000000E-01
      vertex -4.116592E+01 9.458819E+00 7.411810E-01
    endloop
  endfacet
  facet normal -8.819270E-01 4.713859E-01 2.950681E-04
    outer loop
      vertex -4.112388E+01 9.582684E+00 1.500000E+01
      vertex -4.103147E+01 9.755570E+00 1.500000E+01
      vertex -4.106602E+01 9.700000E+00 5.000000E-01
    endloop
  endfacet
  facet normal -9.915019E-01 1.300911E-01 -4.520116E-04
    outer loop
      vertex -4.118079E+01 9.395090E+00 1.500000E+01
      vertex -4.116592E+01 9.458819E+00 7.411810E-01
      vertex -4.120000E+01 9.200000E+00 1.000000E+00
    endloop
  endfacet
  facet normal -9.569377E-01 2.902931E-01 3.000321E-04
    outer loop
      vertex -4.118079E+01 9.395090E+00 1.500000E+01
      vertex -4.112388E+01 9.582684E+00 1.500000E+01
      vertex -4.116592E+01 9.458819E+00 7.411810E-01
    endloop
  endfacet
  facet normal -9.951848E-01 9.801670E-02 0.000000E+00
    outer loop
      vertex -4.120000E+01 9.200000E+00 1.500000E+01
      vertex -4.118079E+01 9.395090E+00 1.500000E+01
      vertex -4.120000E+01 9.200000E+00 1.000000E+00
    endloop
  endfacet
  facet normal 6.087618E-01 0.000000E+00 -7.933531E-01
    outer loop
      vertex 7.707107E+00 -7.229873E+00 2.928932E-01
      vertex 7.707107E+00 -1.470711E+01 2.928932E-01
      vertex 7.500000E+00 -1.450000E+01 1.339746E-01
    endloop
  endfacet
  facet normal 3.826835E-01 0.000000E+00 -9.238795E-01
    outer loop
      vertex 7.500000E+00 -7.109574E+00 1.339746E-01
      vertex 7.500000E+00 -1.450000E+01 1.339746E-01
      vertex 7.258819E+00 -1.425882E+01 3.407417E-02
    endloop
  endfacet
  facet normal 6.087618E-01 0.000000E+00 -7.933531E-01
    outer loop
      vertex 7.500000E+00 -7.109574E+00 1.339746E-01
      vertex 7.707107E+00 -7.229873E+00 2.928932E-01
      vertex 7.500000E+00 -1.450000E+01 1.339746E-01
    endloop
  endfacet
  facet normal 1.305262E-01 0.000000E+00 -9.914448E-01
    outer loop
      vertex 7.258819E+00 -6.969484E+00 3.407417E-02
      vertex 7.258819E+00 -1.425882E+01 3.407417E-02
      vertex 7.000000E+00 -1.400000E+01 0.000000E+00
    endloop
  endfacet
  facet normal 3.826835E-01 0.000000E+00 -9.238795E-01
    outer loop
      vertex 7.258819E+00 -6.969484E+00 3.407417E-02
      vertex 7.500000E+00 -7.109574E+00 1.339746E-01
      vertex 7.258819E+00 -1.425882E+01 3.407417E-02
    endloop
  endfacet
  facet normal 1.305262E-01 0.000000E+00 -9.914449E-01
    outer loop
      vertex 7.000000E+00 -6.819149E+00 0.000000E+00
      vertex 7.258819E+00 -6.969484E+00 3.407417E-02
      vertex 7.000000E+00 -1.400000E+01 0.000000E+00
    endloop
  endfacet
  facet normal 7.730090E-01 -6.343951E-01 0.000000E+00
    outer loop
      vertex 7.831470E+00 -1.455557E+01 1.500000E+01
      vertex 7.707107E+00 -1.470711E+01 1.500000E+01
      vertex 7.707107E+00 -1.470711E+01 2.928932E-01
    endloop
  endfacet
  facet normal 7.935654E-01 -6.084848E-01 -4.407926E-04
    outer loop
      vertex 7.831470E+00 -1.455557E+01 1.500000E+01
      vertex 7.707107E+00 -1.470711E+01 2.928932E-01
      vertex 7.866025E+00 -1.450000E+01 5.000000E-01
    endloop
  endfacet
  facet normal 9.240901E-01 -3.821743E-01 -5.949801E-04
    outer loop
      vertex 7.923880E+00 -1.438268E+01 1.500000E+01
      vertex 7.866025E+00 -1.450000E+01 5.000000E-01
      vertex 7.965926E+00 -1.425882E+01 7.411810E-01
    endloop
  endfacet
  facet normal 8.819209E-01 -4.713973E-01 2.951555E-04
    outer loop
      vertex 7.923880E+00 -1.438268E+01 1.500000E+01
      vertex 7.831470E+00 -1.455557E+01 1.500000E+01
      vertex 7.866025E+00 -1.450000E+01 5.000000E-01
    endloop
  endfacet
  facet normal 9.915031E-01 -1.300827E-01 -4.518931E-04
    outer loop
      vertex 7.980785E+00 -1.419509E+01 1.500000E+01
      vertex 7.965926E+00 -1.425882E+01 7.411810E-01
      vertex 8.000000E+00 -1.400000E+01 1.000000E+00
    endloop
  endfacet
  facet normal 9.569404E-01 -2.902841E-01 3.001301E-04
    outer loop
      vertex 7.980785E+00 -1.419509E+01 1.500000E+01
      vertex 7.923880E+00 -1.438268E+01 1.500000E+01
      vertex 7.965926E+00 -1.425882E+01 7.411810E-01
    endloop
  endfacet
  facet normal 9.951848E-01 -9.801670E-02 0.000000E+00
    outer loop
      vertex 8.000000E+00 -1.400000E+01 1.500000E+01
      vertex 7.980785E+00 -1.419509E+01 1.500000E+01
      vertex 8.000000E+00 -1.400000E+01 1.000000E+00
    endloop
  endfacet
  facet normal 0.000000E+00 -6.087618E-01 -7.933531E-01
    outer loop
      vertex 7.500000E+00 -1.450000E+01 1.339746E-01
      vertex 7.707107E+00 -1.470711E+01 2.928932E-01
      vertex -4.090711E+01 -1.470711E+01 2.928932E-01
    endloop
  endfacet
  facet normal -0.000000E+00 -6.087618E-01 -7.933531E-01
    outer loop
      vertex 7.500000E+00 -1.450000E+01 1.339746E-01
      vertex -4.090711E+01 -1.470711E+01 2.928932E-01
      vertex -4.070000E+01 -1.450000E+01 1.339746E-01
    endloop
  endfacet
  facet normal -0.000000E+00 -3.826829E-01 -9.238797E-01
    outer loop
      vertex 7.258819E+00 -1.425882E+01 3.407417E-02
      vertex -4.070000E+01 -1.450000E+01 1.339746E-01
      vertex -4.045882E+01 -1.425882E+01 3.407417E-02
    endloop
  endfacet
  facet normal 0.000000E+00 -3.826829E-01 -9.238797E-01
    outer loop
      vertex 7.258819E+00 -1.425882E+01 3.407417E-02
      vertex 7.500000E+00 -1.450000E+01 1.339746E-01
      vertex -4.070000E+01 -1.450000E+01 1.339746E-01
    endloop
  endfacet
  facet normal -0.000000E+00 -1.305264E-01 -9.914449E-01
    outer loop
      vertex 7.000000E+00 -1.400000E+01 0.000000E+00
      vertex -4.045882E+01 -1.425882E+01 3.407417E-02
      vertex -4.020000E+01 -1.400000E+01 0.000000E+00
    endloop
  endfacet
  facet normal 0.000000E+00 -1.305264E-01 -9.914448E-01
    outer loop
      vertex 7.000000E+00 -1.400000E+01 0.000000E+00
      vertex 7.258819E+00 -1.425882E+01 3.407417E-02
      vertex -4.045882E+01 -1.425882E+01 3.407417E-02
    endloop
  endfacet
  facet normal -6.343879E-01 -7.730149E-01 0.000000E+00
    outer loop
      vertex -4.075557E+01 -1.483147E+01 1.500000E+01
      vertex -4.090711E+01 -1.470711E+01 1.500000E+01
      vertex -4.090711E+01 -1.470711E+01 2.928932E-01
    endloop
  endfacet
  facet normal -6.084819E-01 -7.935676E-01 -4.407222E-04
    outer loop
      vertex -4.075557E+01 -1.483147E+01 1.500000E+01
      vertex -4.090711E+01 -1.470711E+01 2.928932E-01
      vertex -4.070000E+01 -1.486602E+01 5.000000E-01
    endloop
  endfacet
  facet normal -3.821788E-01 -9.240882E-01 -5.949421E-04
    outer loop
      vertex -4.058268E+01 -1.492388E+01 1.500000E+01
      vertex -4.070000E+01 -1.486602E+01 5.000000E-01
      vertex -4.045882E+01 -1.496593E+01 7.411810E-01
    endloop
  endfacet
  facet normal -4.713993E-01 -8.819198E-01 2.951777E-04
    outer loop
      vertex -4.058268E+01 -1.492388E+01 1.500000E+01
      vertex -4.075557E+01 -1.483147E+01 1.500000E+01
      vertex -4.070000E+01 -1.486602E+01 5.000000E-01
    endloop
  endfacet
  facet normal -1.300804E-01 -9.915034E-01 -4.518703E-04
    outer loop
      vertex -4.039509E+01 -1.498079E+01 1.500000E+01
      vertex -4.045882E+01 -1.496593E+01 7.411810E-01
      vertex -4.020000E+01 -1.500000E+01 1.000000E+00
    endloop
  endfacet
  facet normal -2.902869E-01 -9.569397E-01 3.001750E-04
    outer loop
      vertex -4.039509E+01 -1.498079E+01 1.500000E+01
      vertex -4.058268E+01 -1.492388E+01 1.500000E+01
      vertex -4.045882E+01 -1.496593E+01 7.411810E-01
    endloop
  endfacet
  facet normal -9.801622E-02 -9.951848E-01 -0.000000E+00
    outer loop
      vertex -4.020000E+01 -1.500000E+01 1.500000E+01
      vertex -4.039509E+01 -1.498079E+01 1.500000E+01
      vertex -4.020000E+01 -1.500000E+01 1.000000E+00
    endloop
  endfacet
  facet normal -9.951848E-01 -9.801670E-02 0.000000E+00
    outer loop
      vertex -4.118079E+01 -1.419509E+01 1.500000E+01
      vertex -4.120000E+01 -1.400000E+01 1.500000E+01
      vertex -4.120000E+01 -1.400000E+01 1.000000E+00
    endloop
  endfacet
  facet normal -9.915019E-01 -1.300915E-01 -4.520181E-04
    outer loop
      vertex -4.118079E+01 -1.419509E+01 1.500000E+01
      vertex -4.120000E+01 -1.400000E+01 1.000000E+00
      vertex -4.116592E+01 -1.425882E+01 7.411810E-01
    endloop
  endfacet
  facet normal -9.240913E-01 -3.821712E-01 -5.949803E-04
    outer loop
      vertex -4.112388E+01 -1.438268E+01 1.500000E+01
      vertex -4.116592E+01 -1.425882E+01 7.411810E-01
      vertex -4.106602E+01 -1.450000E+01 5.000000E-01
    endloop
  endfacet
  facet normal -9.569377E-01 -2.902931E-01 3.000126E-04
    outer loop
      vertex -4.112388E+01 -1.438268E+01 1.500000E+01
      vertex -4.118079E+01 -1.419509E+01 1.500000E+01
      vertex -4.116592E+01 -1.425882E+01 7.411810E-01
    endloop
  endfacet
  facet normal -7.935699E-01 -6.084790E-01 -4.408901E-04
    outer loop
      vertex -4.103147E+01 -1.455557E+01 1.500000E+01
      vertex -4.106602E+01 -1.450000E+01 5.000000E-01
      vertex -4.090711E+01 -1.470711E+01 2.928932E-01
    endloop
  endfacet
  facet normal -8.819270E-01 -4.713859E-01 2.950681E-04
    outer loop
      vertex -4.103147E+01 -1.455557E+01 1.500000E+01
      vertex -4.112388E+01 -1.438268E+01 1.500000E+01
      vertex -4.106602E+01 -1.450000E+01 5.000000E-01
    endloop
  endfacet
  facet normal -7.730090E-01 -6.343951E-01 -0.000000E+00
    outer loop
      vertex -4.090711E+01 -1.470711E+01 1.500000E+01
      vertex -4.103147E+01 -1.455557E+01 1.500000E+01
      vertex -4.090711E+01 -1.470711E+01 2.928932E-01
    endloop
  endfacet
  facet normal 0.000000E+00 0.000000E+00 1.000000E+00
    outer loop
      vertex -3.960000E+01 -1.340000E+01 1.500000E+01
      vertex -4.039509E+01 -1.498079E+01 1.500000E+01
      vertex -4.020000E+01 -1.500000E+01 1.500000E+01
    endloop
  endfacet
  facet normal 0.000000E+00 0.000000E+00 1.000000E+00
    outer loop
      vertex -3.960000E+01 -1.340000E+01 1.500000E+01
      vertex -4.058268E+01 -1.492388E+01 1.500000E+01
      vertex -4.039509E+01 -1.498079E+01 1.500000E+01
    endloop
  endfacet
  facet normal 0.000000E+00 0.000000E+00 1.000000E+00
    outer loop
      vertex -3.960000E+01 -1.340000E+01 1.500000E+01
      vertex -4.075557E+01 -1.483147E+01 1.500000E+01
      vertex -4.058268E+01 -1.492388E+01 1.500000E+01
    endloop
  endfacet
  facet normal 0.000000E+00 0.000000E+00 1.000000E+00
    outer loop
      vertex -3.960000E+01 -1.340000E+01 1.500000E+01
      vertex -4.090711E+01 -1.470711E+01 1.500000E+01
      vertex -4.075557E+01 -1.483147E+01 1.500000E+01
    endloop
  endfacet
  facet normal 0.000000E+00 0.000000E+00 1.000000E+00
    outer loop
      vertex -3.960000E+01 -1.340000E+01 1.500000E+01
      vertex -4.103147E+01 -1.455557E+01 1.500000E+01
      vertex -4.090711E+01 -1.470711E+01 1.500000E+01
    endloop
  endfacet
  facet normal 0.000000E+00 0.000000E+00 1.000000E+00
    outer loop
      vertex -3.960000E+01 -1.340000E+01 1.500000E+01
      vertex -4.112388E+01 -1.438268E+01 1.500000E+01
      vertex -4.103147E+01 -1.455557E+01 1.500000E+01
    endloop
  endfacet
  facet normal 0.000000E+00 0.000000E+00 1.000000E+00
    outer loop
      vertex -3.960000E+01 -1.340000E+01 1.500000E+01
      vertex -4.118079E+01 -1.419509E+01 1.500000E+01
      vertex -4.112388E+01 -1.438268E+01 1.500000E+01
    endloop
  endfacet
  facet normal 0.000000E+00 0.000000E+00 1.000000E+00
    outer loop
      vertex -3.960000E+01 -1.340000E+01 1.500000E+01
      vertex -4.120000E+01 -1.400000E+01 1.500000E+01
      vertex -4.118079E+01 -1.419509E+01 1.500000E+01
    endloop
  endfacet
  facet normal 0.000000E+00 0.000000E+00 1.000000E+00
    outer loop
      vertex -4.120000E+01 -7.400000E+00 1.500000E+01
      vertex -4.120000E+01 -1.400000E+01 1.500000E+01
      vertex -3.960000E+01 -1.340000E+01 1.500000E+01
    endloop
  endfacet
  facet normal 0.000000E+00 0.000000E+00 1.000000E+00
    outer loop
      vertex -4.326488E+01 -3.100646E+00 1.500000E+01
      vertex -4.509763E+01 -5.085403E+00 1.500000E+01
      vertex -4.448363E+01 -5.527088E+00 1.500000E+01
    endloop
  endfacet
  facet normal 0.000000E+00 0.000000E+00 1.000000E+00
    outer loop
      vertex -4.340589E+01 -2.958322E+00 1.500000E+01
      vertex -4.560579E+01 -4.525180E+00 1.500000E+01
      vertex -4.509763E+01 -5.085403E+00 1.500000E+01
    endloop
  endfacet
  facet normal 0.000000E+00 0.000000E+00 1.000000E+00
    outer loop
      vertex -4.340589E+01 -2.958322E+00 1.500000E+01
      vertex -4.509763E+01 -5.085403E+00 1.500000E+01
      vertex -4.326488E+01 -3.100646E+00 1.500000E+01
    endloop
  endfacet
  facet normal 0.000000E+00 0.000000E+00 1.000000E+00
    outer loop
      vertex -4.309589E+01 -3.208251E+00 1.500000E+01
      vertex -4.326488E+01 -3.100646E+00 1.500000E+01
      vertex -4.448363E+01 -5.527088E+00 1.500000E+01
    endloop
  endfacet
  facet normal 0.000000E+00 0.000000E+00 1.000000E+00
    outer loop
      vertex -4.351191E+01 -2.788332E+00 1.500000E+01
      vertex -4.598568E+01 -3.871147E+00 1.500000E+01
      vertex -4.560579E+01 -4.525180E+00 1.500000E+01
    endloop
  endfacet
  facet normal 0.000000E+00 0.000000E+00 1.000000E+00
    outer loop
      vertex -4.351191E+01 -2.788332E+00 1.500000E+01
      vertex -4.560579E+01 -4.525180E+00 1.500000E+01
      vertex -4.340589E+01 -2.958322E+00 1.500000E+01
    endloop
  endfacet
  facet normal 0.000000E+00 0.000000E+00 1.000000E+00
    outer loop
      vertex -4.290728E+01 -3.275805E+00 1.500000E+01
      vertex -4.309589E+01 -3.208251E+00 1.500000E+01
      vertex -4.448363E+01 -5.527088E+00 1.500000E+01
    endloop
  endfacet
  facet normal 0.000000E+00 0.000000E+00 1.000000E+00
    outer loop
      vertex -4.357770E+01 -2.599099E+00 1.500000E+01
      vertex -4.598568E+01 -3.871147E+00 1.500000E+01
      vertex -4.351191E+01 -2.788332E+00 1.500000E+01
    endloop
  endfacet
  facet normal 0.000000E+00 0.000000E+00 1.000000E+00
    outer loop
      vertex -4.357770E+01 -2.599099E+00 1.500000E+01
      vertex -4.622054E+01 -3.152175E+00 1.500000E+01
      vertex -4.598568E+01 -3.871147E+00 1.500000E+01
    endloop
  endfacet
  facet normal 0.000000E+00 0.000000E+00 1.000000E+00
    outer loop
      vertex -4.270840E+01 -3.299961E+00 1.500000E+01
      vertex -4.290728E+01 -3.275805E+00 1.500000E+01
      vertex -4.448363E+01 -5.527088E+00 1.500000E+01
    endloop
  endfacet
  facet normal 0.000000E+00 0.000000E+00 1.000000E+00
    outer loop
      vertex -4.360000E+01 -2.400000E+00 1.500000E+01
      vertex -4.622054E+01 -1.647825E+00 1.500000E+01
      vertex -4.630000E+01 -2.400000E+00 1.500000E+01
    endloop
  endfacet
  facet normal 0.000000E+00 0.000000E+00 1.000000E+00
    outer loop
      vertex -4.360000E+01 -2.400000E+00 1.500000E+01
      vertex -4.630000E+01 -2.400000E+00 1.500000E+01
      vertex -4.622054E+01 -3.152175E+00 1.500000E+01
    endloop
  endfacet
  facet normal 0.000000E+00 0.000000E+00 1.000000E+00
    outer loop
      vertex -4.360000E+01 -2.400000E+00 1.500000E+01
      vertex -4.622054E+01 -3.152175E+00 1.500000E+01
      vertex -4.357770E+01 -2.599099E+00 1.500000E+01
    endloop
  endfacet
  facet normal 0.000000E+00 0.000000E+00 1.000000E+00
    outer loop
      vertex -4.250910E+01 -3.279521E+00 1.500000E+01
      vertex -4.448363E+01 -5.527088E+00 1.500000E+01
      vertex -4.120000E+01 -7.400000E+00 1.500000E+01
    endloop
  endfacet
  facet normal 0.000000E+00 0.000000E+00 1.000000E+00
    outer loop
      vertex -4.250910E+01 -3.279521E+00 1.500000E+01
      vertex -4.270840E+01 -3.299961E+00 1.500000E+01
      vertex -4.448363E+01 -5.527088E+00 1.500000E+01
    endloop
  endfacet
  facet normal 0.000000E+00 0.000000E+00 1.000000E+00
    outer loop
      vertex -4.357385E+01 -2.184616E+00 1.500000E+01
      vertex -4.598568E+01 -9.288530E-01 1.500000E+01
      vertex -4.622054E+01 -1.647825E+00 1.500000E+01
    endloop
  endfacet
  facet normal 0.000000E+00 0.000000E+00 1.000000E+00
    outer loop
      vertex -4.357385E+01 -2.184616E+00 1.500000E+01
      vertex -4.622054E+01 -1.647825E+00 1.500000E+01
      vertex -4.360000E+01 -2.400000E+00 1.500000E+01
    endloop
  endfacet
  facet normal 0.000000E+00 0.000000E+00 1.000000E+00
    outer loop
      vertex -4.231926E+01 -3.215499E+00 1.500000E+01
      vertex -4.250910E+01 -3.279521E+00 1.500000E+01
      vertex -4.120000E+01 -7.400000E+00 1.500000E+01
    endloop
  endfacet
  facet normal 0.000000E+00 0.000000E+00 1.000000E+00
    outer loop
      vertex -4.349691E+01 -1.981749E+00 1.500000E+01
      vertex -4.560579E+01 -2.748201E-01 1.500000E+01
      vertex -4.598568E+01 -9.288530E-01 1.500000E+01
    endloop
  endfacet
  facet normal 0.000000E+00 0.000000E+00 1.000000E+00
    outer loop
      vertex -4.349691E+01 -1.981749E+00 1.500000E+01
      vertex -4.598568E+01 -9.288530E-01 1.500000E+01
      vertex -4.357385E+01 -2.184616E+00 1.500000E+01
    endloop
  endfacet
  facet normal 0.000000E+00 0.000000E+00 1.000000E+00
    outer loop
      vertex -4.214564E+01 -3.109002E+00 1.500000E+01
      vertex -4.231926E+01 -3.215499E+00 1.500000E+01
      vertex -4.120000E+01 -7.400000E+00 1.500000E+01
    endloop
  endfacet
  facet normal 0.000000E+00 0.000000E+00 1.000000E+00
    outer loop
      vertex -4.337366E+01 -1.803190E+00 1.500000E+01
      vertex -4.560579E+01 -2.748201E-01 1.500000E+01
      vertex -4.349691E+01 -1.981749E+00 1.500000E+01
    endloop
  endfacet
  facet normal 0.000000E+00 0.000000E+00 1.000000E+00
    outer loop
      vertex -4.200041E+01 -2.966192E+00 1.500000E+01
      vertex -4.214564E+01 -3.109002E+00 1.500000E+01
      vertex -4.120000E+01 -7.400000E+00 1.500000E+01
    endloop
  endfacet
  facet normal 0.000000E+00 0.000000E+00 1.000000E+00
    outer loop
      vertex -4.509763E+01 2.854032E-01 1.500000E+01
      vertex -4.337366E+01 -1.803190E+00 1.500000E+01
      vertex -4.321126E+01 -1.659315E+00 1.500000E+01
    endloop
  endfacet
  facet normal 0.000000E+00 0.000000E+00 1.000000E+00
    outer loop
      vertex -4.509763E+01 2.854032E-01 1.500000E+01
      vertex -4.560579E+01 -2.748201E-01 1.500000E+01
      vertex -4.337366E+01 -1.803190E+00 1.500000E+01
    endloop
  endfacet
  facet normal 0.000000E+00 0.000000E+00 1.000000E+00
    outer loop
      vertex -4.189101E+01 -2.794383E+00 1.500000E+01
      vertex -4.200041E+01 -2.966192E+00 1.500000E+01
      vertex -4.120000E+01 -7.400000E+00 1.500000E+01
    endloop
  endfacet
  facet normal 0.000000E+00 0.000000E+00 1.000000E+00
    outer loop
      vertex -4.182305E+01 -2.602374E+00 1.500000E+01
      vertex -4.189101E+01 -2.794383E+00 1.500000E+01
      vertex -4.120000E+01 -7.400000E+00 1.500000E+01
    endloop
  endfacet
  facet normal 0.000000E+00 0.000000E+00 1.000000E+00
    outer loop
      vertex -4.180000E+01 -2.400000E+00 1.500000E+01
      vertex -4.182305E+01 -2.602374E+00 1.500000E+01
      vertex -4.120000E+01 -7.400000E+00 1.500000E+01
    endloop
  endfacet
  facet normal 0.000000E+00 0.000000E+00 1.000000E+00
    outer loop
      vertex -4.448363E+01 7.270874E-01 1.500000E+01
      vertex -4.509763E+01 2.854032E-01 1.500000E+01
      vertex -4.321126E+01 -1.659315E+00 1.500000E+01
    endloop
  endfacet
  facet normal 0.000000E+00 0.000000E+00 1.000000E+00
    outer loop
      vertex -4.448363E+01 7.270874E-01 1.500000E+01
      vertex -4.321126E+01 -1.659315E+00 1.500000E+01
      vertex -4.301915E+01 -1.558485E+00 1.500000E+01
    endloop
  endfacet
  facet normal 0.000000E+00 0.000000E+00 1.000000E+00
    outer loop
      vertex -4.448363E+01 7.270874E-01 1.500000E+01
      vertex -4.301915E+01 -1.558485E+00 1.500000E+01
      vertex -4.280848E+01 -1.506562E+00 1.500000E+01
    endloop
  endfacet
  facet normal 0.000000E+00 0.000000E+00 1.000000E+00
    outer loop
      vertex -4.448363E+01 7.270874E-01 1.500000E+01
      vertex -4.280848E+01 -1.506562E+00 1.500000E+01
      vertex -4.259152E+01 -1.506562E+00 1.500000E+01
    endloop
  endfacet
  facet normal 0.000000E+00 0.000000E+00 1.000000E+00
    outer loop
      vertex -4.120000E+01 2.600000E+00 1.500000E+01
      vertex -4.259152E+01 -1.506562E+00 1.500000E+01
      vertex -4.238086E+01 -1.558485E+00 1.500000E+01
    endloop
  endfacet
  facet normal 0.000000E+00 0.000000E+00 1.000000E+00
    outer loop
      vertex -4.120000E+01 2.600000E+00 1.500000E+01
      vertex -4.238086E+01 -1.558485E+00 1.500000E+01
      vertex -4.218874E+01 -1.659315E+00 1.500000E+01
    endloop
  endfacet
  facet normal 0.000000E+00 0.000000E+00 1.000000E+00
    outer loop
      vertex -4.120000E+01 2.600000E+00 1.500000E+01
      vertex -4.218874E+01 -1.659315E+00 1.500000E+01
      vertex -4.202634E+01 -1.803190E+00 1.500000E+01
    endloop
  endfacet
  facet normal 0.000000E+00 0.000000E+00 1.000000E+00
    outer loop
      vertex -4.120000E+01 2.600000E+00 1.500000E+01
      vertex -4.202634E+01 -1.803190E+00 1.500000E+01
      vertex -4.190309E+01 -1.981749E+00 1.500000E+01
    endloop
  endfacet
  facet normal 0.000000E+00 0.000000E+00 1.000000E+00
    outer loop
      vertex -4.120000E+01 2.600000E+00 1.500000E+01
      vertex -4.190309E+01 -1.981749E+00 1.500000E+01
      vertex -4.182615E+01 -2.184616E+00 1.500000E+01
    endloop
  endfacet
  facet normal 0.000000E+00 0.000000E+00 1.000000E+00
    outer loop
      vertex -4.120000E+01 2.600000E+00 1.500000E+01
      vertex -4.182615E+01 -2.184616E+00 1.500000E+01
      vertex -4.180000E+01 -2.400000E+00 1.500000E+01
    endloop
  endfacet
  facet normal 0.000000E+00 0.000000E+00 1.000000E+00
    outer loop
      vertex -4.120000E+01 2.600000E+00 1.500000E+01
      vertex -4.448363E+01 7.270874E-01 1.500000E+01
      vertex -4.259152E+01 -1.506562E+00 1.500000E+01
    endloop
  endfacet
  facet normal 0.000000E+00 0.000000E+00 1.000000E+00
    outer loop
      vertex -3.960000E+01 8.600000E+00 1.500000E+01
      vertex -4.118079E+01 9.395090E+00 1.500000E+01
      vertex -4.120000E+01 9.200000E+00 1.500000E+01
    endloop
  endfacet
  facet normal 0.000000E+00 0.000000E+00 1.000000E+00
    outer loop
      vertex -3.960000E+01 8.600000E+00 1.500000E+01
      vertex -4.112388E+01 9.582684E+00 1.500000E+01
      vertex -4.118079E+01 9.395090E+00 1.500000E+01
    endloop
  endfacet
  facet normal 0.000000E+00 0.000000E+00 1.000000E+00
    outer loop
      vertex -3.960000E+01 8.600000E+00 1.500000E+01
      vertex -4.103147E+01 9.755570E+00 1.500000E+01
      vertex -4.112388E+01 9.582684E+00 1.500000E+01
    endloop
  endfacet
  facet normal 0.000000E+00 0.000000E+00 1.000000E+00
    outer loop
      vertex -3.960000E+01 8.600000E+00 1.500000E+01
      vertex -4.120000E+01 9.200000E+00 1.500000E+01
      vertex -4.120000E+01 2.600000E+00 1.500000E+01
    endloop
  endfacet
  facet normal 0.000000E+00 0.000000E+00 1.000000E+00
    outer loop
      vertex -4.090711E+01 9.907106E+00 1.500000E+01
      vertex -4.103147E+01 9.755570E+00 1.500000E+01
      vertex -3.960000E+01 8.600000E+00 1.500000E+01
    endloop
  endfacet
  facet normal 0.000000E+00 0.000000E+00 1.000000E+00
    outer loop
      vertex -4.075557E+01 1.003147E+01 1.500000E+01
      vertex -4.090711E+01 9.907106E+00 1.500000E+01
      vertex -3.960000E+01 8.600000E+00 1.500000E+01
    endloop
  endfacet
  facet normal 0.000000E+00 0.000000E+00 1.000000E+00
    outer loop
      vertex -4.058268E+01 1.012388E+01 1.500000E+01
      vertex -4.075557E+01 1.003147E+01 1.500000E+01
      vertex -3.960000E+01 8.600000E+00 1.500000E+01
    endloop
  endfacet
  facet normal 0.000000E+00 0.000000E+00 1.000000E+00
    outer loop
      vertex -4.039509E+01 1.018079E+01 1.500000E+01
      vertex -4.058268E+01 1.012388E+01 1.500000E+01
      vertex -3.960000E+01 8.600000E+00 1.500000E+01
    endloop
  endfacet
  facet normal 0.000000E+00 0.000000E+00 1.000000E+00
    outer loop
      vertex -4.020000E+01 1.020000E+01 1.500000E+01
      vertex -4.039509E+01 1.018079E+01 1.500000E+01
      vertex -3.960000E+01 8.600000E+00 1.500000E+01
    endloop
  endfacet
  facet normal 0.000000E+00 0.000000E+00 1.000000E+00
    outer loop
      vertex -3.510000E+01 1.020000E+01 1.500000E+01
      vertex -4.020000E+01 1.020000E+01 1.500000E+01
      vertex -3.960000E+01 8.600000E+00 1.500000E+01
    endloop
  endfacet
  facet normal 0.000000E+00 0.000000E+00 1.000000E+00
    outer loop
      vertex 6.400000E+00 -1.340000E+01 1.500000E+01
      vertex -4.020000E+01 -1.500000E+01 1.500000E+01
      vertex 7.000000E+00 -1.500000E+01 1.500000E+01
    endloop
  endfacet
  facet normal 0.000000E+00 0.000000E+00 1.000000E+00
    outer loop
      vertex 6.400000E+00 -1.340000E+01 1.500000E+01
      vertex 7.382683E+00 -1.492388E+01 1.500000E+01
      vertex 7.555570E+00 -1.483147E+01 1.500000E+01
    endloop
  endfacet
  facet normal 0.000000E+00 0.000000E+00 1.000000E+00
    outer loop
      vertex 6.400000E+00 -1.340000E+01 1.500000E+01
      vertex 7.195090E+00 -1.498079E+01 1.500000E+01
      vertex 7.382683E+00 -1.492388E+01 1.500000E+01
    endloop
  endfacet
  facet normal 0.000000E+00 0.000000E+00 1.000000E+00
    outer loop
      vertex 6.400000E+00 -1.340000E+01 1.500000E+01
      vertex 7.000000E+00 -1.500000E+01 1.500000E+01
      vertex 7.195090E+00 -1.498079E+01 1.500000E+01
    endloop
  endfacet
  facet normal 0.000000E+00 0.000000E+00 1.000000E+00
    outer loop
      vertex 6.400000E+00 -1.340000E+01 1.500000E+01
      vertex -3.960000E+01 -1.340000E+01 1.500000E+01
      vertex -4.020000E+01 -1.500000E+01 1.500000E+01
    endloop
  endfacet
  facet normal 0.000000E+00 0.000000E+00 1.000000E+00
    outer loop
      vertex 7.707107E+00 -1.470711E+01 1.500000E+01
      vertex 6.400000E+00 -1.340000E+01 1.500000E+01
      vertex 7.555570E+00 -1.483147E+01 1.500000E+01
    endloop
  endfacet
  facet normal 0.000000E+00 0.000000E+00 1.000000E+00
    outer loop
      vertex 7.831470E+00 -1.455557E+01 1.500000E+01
      vertex 6.400000E+00 -1.340000E+01 1.500000E+01
      vertex 7.707107E+00 -1.470711E+01 1.500000E+01
    endloop
  endfacet
  facet normal 0.000000E+00 0.000000E+00 1.000000E+00
    outer loop
      vertex 7.923880E+00 -1.438268E+01 1.500000E+01
      vertex 6.400000E+00 -1.340000E+01 1.500000E+01
      vertex 7.831470E+00 -1.455557E+01 1.500000E+01
    endloop
  endfacet
  facet normal 0.000000E+00 0.000000E+00 1.000000E+00
    outer loop
      vertex 7.980785E+00 -1.419509E+01 1.500000E+01
      vertex 6.400000E+00 -1.340000E+01 1.500000E+01
      vertex 7.923880E+00 -1.438268E+01 1.500000E+01
    endloop
  endfacet
  facet normal 0.000000E+00 0.000000E+00 1.000000E+00
    outer loop
      vertex 8.000000E+00 -1.400000E+01 1.500000E+01
      vertex 6.400000E+00 -1.340000E+01 1.500000E+01
      vertex 7.980785E+00 -1.419509E+01 1.500000E+01
    endloop
  endfacet
  facet normal 0.000000E+00 0.000000E+00 1.000000E+00
    outer loop
      vertex 8.000000E+00 -7.400000E+00 1.500000E+01
      vertex 6.400000E+00 -1.340000E+01 1.500000E+01
      vertex 8.000000E+00 -1.400000E+01 1.500000E+01
    endloop
  endfacet
  facet normal 0.000000E+00 0.000000E+00 1.000000E+00
    outer loop
      vertex 8.951772E+00 -3.113755E+00 1.500000E+01
      vertex 8.804085E+00 -2.970703E+00 1.500000E+01
      vertex 8.000000E+00 -7.400000E+00 1.500000E+01
    endloop
  endfacet
  facet normal 0.000000E+00 0.000000E+00 1.000000E+00
    outer loop
      vertex 8.692719E+00 -2.797866E+00 1.500000E+01
      vertex 8.000000E+00 -7.400000E+00 1.500000E+01
      vertex 8.804085E+00 -2.970703E+00 1.500000E+01
    endloop
  endfacet
  facet normal 0.000000E+00 0.000000E+00 1.000000E+00
    outer loop
      vertex 9.128072E+00 -3.219554E+00 1.500000E+01
      vertex 8.951772E+00 -3.113755E+00 1.500000E+01
      vertex 8.000000E+00 -7.400000E+00 1.500000E+01
    endloop
  endfacet
  facet normal 0.000000E+00 0.000000E+00 1.000000E+00
    outer loop
      vertex 8.623487E+00 -2.604264E+00 1.500000E+01
      vertex 8.000000E+00 -7.400000E+00 1.500000E+01
      vertex 8.692719E+00 -2.797866E+00 1.500000E+01
    endloop
  endfacet
  facet normal 0.000000E+00 0.000000E+00 1.000000E+00
    outer loop
      vertex 9.323783E+00 -3.282580E+00 1.500000E+01
      vertex 8.000000E+00 -7.400000E+00 1.500000E+01
      vertex 1.128363E+01 -5.527088E+00 1.500000E+01
    endloop
  endfacet
  facet normal 0.000000E+00 0.000000E+00 1.000000E+00
    outer loop
      vertex 9.323783E+00 -3.282580E+00 1.500000E+01
      vertex 9.128072E+00 -3.219554E+00 1.500000E+01
      vertex 8.000000E+00 -7.400000E+00 1.500000E+01
    endloop
  endfacet
  facet normal 0.000000E+00 0.000000E+00 1.000000E+00
    outer loop
      vertex 8.600000E+00 -2.400000E+00 1.500000E+01
      vertex 8.000000E+00 -7.400000E+00 1.500000E+01
      vertex 8.623487E+00 -2.604264E+00 1.500000E+01
    endloop
  endfacet
  facet normal 0.000000E+00 0.000000E+00 1.000000E+00
    outer loop
      vertex 9.528691E+00 -3.299543E+00 1.500000E+01
      vertex 9.323783E+00 -3.282580E+00 1.500000E+01
      vertex 1.128363E+01 -5.527088E+00 1.500000E+01
    endloop
  endfacet
  facet normal 0.000000E+00 0.000000E+00 1.000000E+00
    outer loop
      vertex 9.732102E+00 -3.269557E+00 1.500000E+01
      vertex 9.528691E+00 -3.299543E+00 1.500000E+01
      vertex 1.128363E+01 -5.527088E+00 1.500000E+01
    endloop
  endfacet
  facet normal 0.000000E+00 0.000000E+00 1.000000E+00
    outer loop
      vertex 9.923399E+00 -3.194187E+00 1.500000E+01
      vertex 9.732102E+00 -3.269557E+00 1.500000E+01
      vertex 1.128363E+01 -5.527088E+00 1.500000E+01
    endloop
  endfacet
  facet normal 0.000000E+00 0.000000E+00 1.000000E+00
    outer loop
      vertex 1.008391E+01 -3.084870E+00 1.500000E+01
      vertex 1.128363E+01 -5.527088E+00 1.500000E+01
      vertex 1.189762E+01 -5.085403E+00 1.500000E+01
    endloop
  endfacet
  facet normal 0.000000E+00 0.000000E+00 1.000000E+00
    outer loop
      vertex 1.008391E+01 -3.084870E+00 1.500000E+01
      vertex 9.923399E+00 -3.194187E+00 1.500000E+01
      vertex 1.128363E+01 -5.527088E+00 1.500000E+01
    endloop
  endfacet
  facet normal 0.000000E+00 0.000000E+00 1.000000E+00
    outer loop
      vertex 1.021724E+01 -2.943665E+00 1.500000E+01
      vertex 1.008391E+01 -3.084870E+00 1.500000E+01
      vertex 1.189762E+01 -5.085403E+00 1.500000E+01
    endloop
  endfacet
  facet normal 0.000000E+00 0.000000E+00 1.000000E+00
    outer loop
      vertex 1.240579E+01 -4.525180E+00 1.500000E+01
      vertex 1.031717E+01 -2.777147E+00 1.500000E+01
      vertex 1.021724E+01 -2.943665E+00 1.500000E+01
    endloop
  endfacet
  facet normal 0.000000E+00 0.000000E+00 1.000000E+00
    outer loop
      vertex 1.240579E+01 -4.525180E+00 1.500000E+01
      vertex 1.021724E+01 -2.943665E+00 1.500000E+01
      vertex 1.189762E+01 -5.085403E+00 1.500000E+01
    endloop
  endfacet
  facet normal 0.000000E+00 0.000000E+00 1.000000E+00
    outer loop
      vertex 1.278568E+01 -3.871147E+00 1.500000E+01
      vertex 1.031717E+01 -2.777147E+00 1.500000E+01
      vertex 1.240579E+01 -4.525180E+00 1.500000E+01
    endloop
  endfacet
  facet normal 0.000000E+00 0.000000E+00 1.000000E+00
    outer loop
      vertex 1.278568E+01 -3.871147E+00 1.500000E+01
      vertex 1.037905E+01 -2.593068E+00 1.500000E+01
      vertex 1.031717E+01 -2.777147E+00 1.500000E+01
    endloop
  endfacet
  facet normal 0.000000E+00 0.000000E+00 1.000000E+00
    outer loop
      vertex 1.302054E+01 -3.152175E+00 1.500000E+01
      vertex 1.037905E+01 -2.593068E+00 1.500000E+01
      vertex 1.278568E+01 -3.871147E+00 1.500000E+01
    endloop
  endfacet
  facet normal 0.000000E+00 0.000000E+00 1.000000E+00
    outer loop
      vertex 1.302054E+01 -3.152175E+00 1.500000E+01
      vertex 1.040000E+01 -2.400000E+00 1.500000E+01
      vertex 1.037905E+01 -2.593068E+00 1.500000E+01
    endloop
  endfacet
  facet normal 0.000000E+00 0.000000E+00 1.000000E+00
    outer loop
      vertex 8.000000E+00 2.600000E+00 1.500000E+01
      vertex 8.600000E+00 -2.400000E+00 1.500000E+01
      vertex 8.626152E+00 -2.184616E+00 1.500000E+01
    endloop
  endfacet
  facet normal 0.000000E+00 0.000000E+00 1.000000E+00
    outer loop
      vertex 8.000000E+00 2.600000E+00 1.500000E+01
      vertex 8.626152E+00 -2.184616E+00 1.500000E+01
      vertex 8.703090E+00 -1.981749E+00 1.500000E+01
    endloop
  endfacet
  facet normal 0.000000E+00 0.000000E+00 1.000000E+00
    outer loop
      vertex 8.000000E+00 2.600000E+00 1.500000E+01
      vertex 8.703090E+00 -1.981749E+00 1.500000E+01
      vertex 8.826341E+00 -1.803190E+00 1.500000E+01
    endloop
  endfacet
  facet normal 0.000000E+00 0.000000E+00 1.000000E+00
    outer loop
      vertex 8.000000E+00 2.600000E+00 1.500000E+01
      vertex 8.826341E+00 -1.803190E+00 1.500000E+01
      vertex 8.988742E+00 -1.659315E+00 1.500000E+01
    endloop
  endfacet
  facet normal 0.000000E+00 0.000000E+00 1.000000E+00
    outer loop
      vertex 8.000000E+00 2.600000E+00 1.500000E+01
      vertex 8.988742E+00 -1.659315E+00 1.500000E+01
      vertex 9.180856E+00 -1.558485E+00 1.500000E+01
    endloop
  endfacet
  facet normal 0.000000E+00 0.000000E+00 1.000000E+00
    outer loop
      vertex 8.000000E+00 2.600000E+00 1.500000E+01
      vertex 9.180856E+00 -1.558485E+00 1.500000E+01
      vertex 9.391517E+00 -1.506562E+00 1.500000E+01
    endloop
  endfacet
  facet normal 0.000000E+00 0.000000E+00 1.000000E+00
    outer loop
      vertex 1.310000E+01 -2.400000E+00 1.500000E+01
      vertex 1.040000E+01 -2.400000E+00 1.500000E+01
      vertex 1.302054E+01 -3.152175E+00 1.500000E+01
    endloop
  endfacet
  facet normal 0.000000E+00 0.000000E+00 1.000000E+00
    outer loop
      vertex 1.302054E+01 -1.647825E+00 1.500000E+01
      vertex 1.040000E+01 -2.400000E+00 1.500000E+01
      vertex 1.310000E+01 -2.400000E+00 1.500000E+01
    endloop
  endfacet
  facet normal 0.000000E+00 0.000000E+00 1.000000E+00
    outer loop
      vertex 1.302054E+01 -1.647825E+00 1.500000E+01
      vertex 1.037385E+01 -2.184616E+00 1.500000E+01
      vertex 1.040000E+01 -2.400000E+00 1.500000E+01
    endloop
  endfacet
  facet normal 0.000000E+00 0.000000E+00 1.000000E+00
    outer loop
      vertex 1.278568E+01 -9.288527E-01 1.500000E+01
      vertex 1.037385E+01 -2.184616E+00 1.500000E+01
      vertex 1.302054E+01 -1.647825E+00 1.500000E+01
    endloop
  endfacet
  facet normal 0.000000E+00 0.000000E+00 1.000000E+00
    outer loop
      vertex 1.278568E+01 -9.288527E-01 1.500000E+01
      vertex 1.029691E+01 -1.981749E+00 1.500000E+01
      vertex 1.037385E+01 -2.184616E+00 1.500000E+01
    endloop
  endfacet
  facet normal 0.000000E+00 0.000000E+00 1.000000E+00
    outer loop
      vertex 1.128363E+01 7.270878E-01 1.500000E+01
      vertex 8.000000E+00 2.600000E+00 1.500000E+01
      vertex 9.391517E+00 -1.506562E+00 1.500000E+01
    endloop
  endfacet
  facet normal 0.000000E+00 0.000000E+00 1.000000E+00
    outer loop
      vertex 1.128363E+01 7.270878E-01 1.500000E+01
      vertex 9.391517E+00 -1.506562E+00 1.500000E+01
      vertex 9.608483E+00 -1.506562E+00 1.500000E+01
    endloop
  endfacet
  facet normal 0.000000E+00 0.000000E+00 1.000000E+00
    outer loop
      vertex 1.128363E+01 7.270878E-01 1.500000E+01
      vertex 9.608483E+00 -1.506562E+00 1.500000E+01
      vertex 9.819144E+00 -1.558485E+00 1.500000E+01
    endloop
  endfacet
  facet normal 0.000000E+00 0.000000E+00 1.000000E+00
    outer loop
      vertex 1.128363E+01 7.270878E-01 1.500000E+01
      vertex 9.819144E+00 -1.558485E+00 1.500000E+01
      vertex 1.001126E+01 -1.659315E+00 1.500000E+01
    endloop
  endfacet
  facet normal 0.000000E+00 0.000000E+00 1.000000E+00
    outer loop
      vertex 1.900000E+00 1.020000E+01 1.500000E+01
      vertex -3.510000E+01 1.320000E+01 1.500000E+01
      vertex -3.510000E+01 1.020000E+01 1.500000E+01
    endloop
  endfacet
  facet normal 0.000000E+00 0.000000E+00 1.000000E+00
    outer loop
      vertex 1.240579E+01 -2.748198E-01 1.500000E+01
      vertex 1.029691E+01 -1.981749E+00 1.500000E+01
      vertex 1.278568E+01 -9.288527E-01 1.500000E+01
    endloop
  endfacet
  facet normal 0.000000E+00 0.000000E+00 1.000000E+00
    outer loop
      vertex 1.240579E+01 -2.748198E-01 1.500000E+01
      vertex 1.017366E+01 -1.803190E+00 1.500000E+01
      vertex 1.029691E+01 -1.981749E+00 1.500000E+01
    endloop
  endfacet
  facet normal 0.000000E+00 0.000000E+00 1.000000E+00
    outer loop
      vertex 1.189762E+01 2.854035E-01 1.500000E+01
      vertex 1.128363E+01 7.270878E-01 1.500000E+01
      vertex 1.001126E+01 -1.659315E+00 1.500000E+01
    endloop
  endfacet
  facet normal 0.000000E+00 0.000000E+00 1.000000E+00
    outer loop
      vertex 1.189762E+01 2.854035E-01 1.500000E+01
      vertex 1.017366E+01 -1.803190E+00 1.500000E+01
      vertex 1.240579E+01 -2.748198E-01 1.500000E+01
    endloop
  endfacet
  facet normal 0.000000E+00 0.000000E+00 1.000000E+00
    outer loop
      vertex 1.189762E+01 2.854035E-01 1.500000E+01
      vertex 1.001126E+01 -1.659315E+00 1.500000E+01
      vertex 1.017366E+01 -1.803190E+00 1.500000E+01
    endloop
  endfacet
  facet normal 0.000000E+00 0.000000E+00 1.000000E+00
    outer loop
      vertex 1.900000E+00 1.320000E+01 1.500000E+01
      vertex -3.510000E+01 1.320000E+01 1.500000E+01
      vertex 1.900000E+00 1.020000E+01 1.500000E+01
    endloop
  endfacet
  facet normal 0.000000E+00 0.000000E+00 1.000000E+00
    outer loop
      vertex 7.000000E+00 1.020000E+01 1.500000E+01
      vertex 1.900000E+00 1.020000E+01 1.500000E+01
      vertex 6.400000E+00 8.600000E+00 1.500000E+01
    endloop
  endfacet
  facet normal 0.000000E+00 0.000000E+00 1.000000E+00
    outer loop
      vertex 8.000000E+00 9.200000E+00 1.500000E+01
      vertex 6.400000E+00 8.600000E+00 1.500000E+01
      vertex 8.000000E+00 2.600000E+00 1.500000E+01
    endloop
  endfacet
  facet normal 0.000000E+00 0.000000E+00 1.000000E+00
    outer loop
      vertex 7.980785E+00 9.395090E+00 1.500000E+01
      vertex 6.400000E+00 8.600000E+00 1.500000E+01
      vertex 8.000000E+00 9.200000E+00 1.500000E+01
    endloop
  endfacet
  facet normal 0.000000E+00 0.000000E+00 1.000000E+00
    outer loop
      vertex 7.195090E+00 1.018079E+01 1.500000E+01
      vertex 7.000000E+00 1.020000E+01 1.500000E+01
      vertex 6.400000E+00 8.600000E+00 1.500000E+01
    endloop
  endfacet
  facet normal 0.000000E+00 0.000000E+00 1.000000E+00
    outer loop
      vertex 7.923880E+00 9.582684E+00 1.500000E+01
      vertex 6.400000E+00 8.600000E+00 1.500000E+01
      vertex 7.980785E+00 9.395090E+00 1.500000E+01
    endloop
  endfacet
  facet normal 0.000000E+00 0.000000E+00 1.000000E+00
    outer loop
      vertex 7.382683E+00 1.012388E+01 1.500000E+01
      vertex 7.195090E+00 1.018079E+01 1.500000E+01
      vertex 6.400000E+00 8.600000E+00 1.500000E+01
    endloop
  endfacet
  facet normal 0.000000E+00 0.000000E+00 1.000000E+00
    outer loop
      vertex 7.555570E+00 1.003147E+01 1.500000E+01
      vertex 7.382683E+00 1.012388E+01 1.500000E+01
      vertex 6.400000E+00 8.600000E+00 1.500000E+01
    endloop
  endfacet
  facet normal 0.000000E+00 0.000000E+00 1.000000E+00
    outer loop
      vertex 7.831470E+00 9.755570E+00 1.500000E+01
      vertex 6.400000E+00 8.600000E+00 1.500000E+01
      vertex 7.923880E+00 9.582684E+00 1.500000E+01
    endloop
  endfacet
  facet normal 0.000000E+00 0.000000E+00 1.000000E+00
    outer loop
      vertex 7.707107E+00 9.907106E+00 1.500000E+01
      vertex 7.555570E+00 1.003147E+01 1.500000E+01
      vertex 6.400000E+00 8.600000E+00 1.500000E+01
    endloop
  endfacet
  facet normal 0.000000E+00 0.000000E+00 1.000000E+00
    outer loop
      vertex 7.707107E+00 9.907106E+00 1.500000E+01
      vertex 6.400000E+00 8.600000E+00 1.500000E+01
      vertex 7.831470E+00 9.755570E+00 1.500000E+01
    endloop
  endfacet
  facet normal 0.000000E+00 -0.000000E+00 1.000000E+00
    outer loop
      vertex -3.960000E+01 -1.340000E+01 1.500000E+01
      vertex -3.960000E+01 8.600000E+00 1.500000E+01
      vertex -4.120000E+01 2.600000E+00 1.500000E+01
    endloop
  endfacet
  facet normal 0.000000E+00 0.000000E+00 1.000000E+00
    outer loop
      vertex -3.960000E+01 -1.340000E+01 1.500000E+01
      vertex -4.120000E+01 2.600000E+00 1.500000E+01
      vertex -4.120000E+01 -7.400000E+00 1.500000E+01
    endloop
  endfacet
  facet normal 0.000000E+00 -0.000000E+00 1.000000E+00
    outer loop
      vertex -4.120000E+01 -7.400000E+00 1.500000E+01
      vertex -4.120000E+01 2.600000E+00 1.500000E+01
      vertex -4.180000E+01 -2.400000E+00 1.500000E+01
    endloop
  endfacet
  facet normal 0.000000E+00 0.000000E+00 1.000000E+00
    outer loop
      vertex -3.960000E+01 8.600000E+00 1.500000E+01
      vertex 6.400000E+00 8.600000E+00 1.500000E+01
      vertex 1.900000E+00 1.020000E+01 1.500000E+01
    endloop
  endfacet
  facet normal 0.000000E+00 0.000000E+00 1.000000E+00
    outer loop
      vertex -3.960000E+01 8.600000E+00 1.500000E+01
      vertex 1.900000E+00 1.020000E+01 1.500000E+01
      vertex -3.510000E+01 1.020000E+01 1.500000E+01
    endloop
  endfacet
  facet normal 0.000000E+00 0.000000E+00 1.000000E+00
    outer loop
      vertex 6.400000E+00 8.600000E+00 1.500000E+01
      vertex 6.400000E+00 -1.340000E+01 1.500000E+01
      vertex 8.000000E+00 -7.400000E+00 1.500000E+01
    endloop
  endfacet
  facet normal 0.000000E+00 0.000000E+00 1.000000E+00
    outer loop
      vertex 6.400000E+00 8.600000E+00 1.500000E+01
      vertex 8.000000E+00 -7.400000E+00 1.500000E+01
      vertex 8.000000E+00 2.600000E+00 1.500000E+01
    endloop
  endfacet
  facet normal 0.000000E+00 0.000000E+00 1.000000E+00
    outer loop
      vertex 8.000000E+00 2.600000E+00 1.500000E+01
      vertex 8.000000E+00 -7.400000E+00 1.500000E+01
      vertex 8.600000E+00 -2.400000E+00 1.500000E+01
    endloop
  endfacet
  facet normal -0.000000E+00 -1.000000E+00 0.000000E+00
    outer loop
      vertex 7.000000E+00 -1.500000E+01 1.500000E+01
      vertex -4.020000E+01 -1.500000E+01 1.500000E+01
      vertex -4.020000E+01 -1.500000E+01 1.000000E+00
    endloop
  endfacet
  facet normal 0.000000E+00 -1.000000E+00 -0.000000E+00
    outer loop
      vertex 7.000000E+00 -1.500000E+01 1.500000E+01
      vertex -4.020000E+01 -1.500000E+01 1.000000E+00
      vertex 7.000000E+00 -1.500000E+01 1.000000E+00
    endloop
  endfacet
  facet normal -0.000000E+00 -9.914450E-01 -1.305249E-01
    outer loop
      vertex 7.000000E+00 -1.500000E+01 1.000000E+00
      vertex -4.020000E+01 -1.500000E+01 1.000000E+00
      vertex -4.045882E+01 -1.496593E+01 7.411810E-01
    endloop
  endfacet
  facet normal -0.000000E+00 -9.238784E-01 -3.826859E-01
    outer loop
      vertex 7.258819E+00 -1.496593E+01 7.411810E-01
      vertex -4.045882E+01 -1.496593E+01 7.411810E-01
      vertex -4.070000E+01 -1.486602E+01 5.000000E-01
    endloop
  endfacet
  facet normal -0.000000E+00 -9.914451E-01 -1.305249E-01
    outer loop
      vertex 7.258819E+00 -1.496593E+01 7.411810E-01
      vertex 7.000000E+00 -1.500000E+01 1.000000E+00
      vertex -4.045882E+01 -1.496593E+01 7.411810E-01
    endloop
  endfacet
  facet normal -0.000000E+00 -7.933538E-01 -6.087608E-01
    outer loop
      vertex 7.500000E+00 -1.486602E+01 5.000000E-01
      vertex -4.070000E+01 -1.486602E+01 5.000000E-01
      vertex -4.090711E+01 -1.470711E+01 2.928932E-01
    endloop
  endfacet
  facet normal -0.000000E+00 -9.238785E-01 -3.826860E-01
    outer loop
      vertex 7.500000E+00 -1.486602E+01 5.000000E-01
      vertex 7.258819E+00 -1.496593E+01 7.411810E-01
      vertex -4.070000E+01 -1.486602E+01 5.000000E-01
    endloop
  endfacet
  facet normal -0.000000E+00 -7.933538E-01 -6.087608E-01
    outer loop
      vertex 7.707107E+00 -1.470711E+01 2.928932E-01
      vertex 7.500000E+00 -1.486602E+01 5.000000E-01
      vertex -4.090711E+01 -1.470711E+01 2.928932E-01
    endloop
  endfacet
  facet normal 9.801670E-02 -9.951848E-01 0.000000E+00
    outer loop
      vertex 7.195090E+00 -1.498079E+01 1.500000E+01
      vertex 7.000000E+00 -1.500000E+01 1.500000E+01
      vertex 7.000000E+00 -1.500000E+01 1.000000E+00
    endloop
  endfacet
  facet normal 1.300807E-01 -9.915033E-01 -4.518648E-04
    outer loop
      vertex 7.195090E+00 -1.498079E+01 1.500000E+01
      vertex 7.000000E+00 -1.500000E+01 1.000000E+00
      vertex 7.258819E+00 -1.496593E+01 7.411810E-01
    endloop
  endfacet
  facet normal 3.821781E-01 -9.240885E-01 -5.949612E-04
    outer loop
      vertex 7.382683E+00 -1.492388E+01 1.500000E+01
      vertex 7.258819E+00 -1.496593E+01 7.411810E-01
      vertex 7.500000E+00 -1.486602E+01 5.000000E-01
    endloop
  endfacet
  facet normal 2.902848E-01 -9.569402E-01 3.001751E-04
    outer loop
      vertex 7.382683E+00 -1.492388E+01 1.500000E+01
      vertex 7.195090E+00 -1.498079E+01 1.500000E+01
      vertex 7.258819E+00 -1.496593E+01 7.411810E-01
    endloop
  endfacet
  facet normal 6.084837E-01 -7.935663E-01 -4.407921E-04
    outer loop
      vertex 7.555570E+00 -1.483147E+01 1.500000E+01
      vertex 7.500000E+00 -1.486602E+01 5.000000E-01
      vertex 7.707107E+00 -1.470711E+01 2.928932E-01
    endloop
  endfacet
  facet normal 4.713973E-01 -8.819209E-01 2.951417E-04
    outer loop
      vertex 7.555570E+00 -1.483147E+01 1.500000E+01
      vertex 7.382683E+00 -1.492388E+01 1.500000E+01
      vertex 7.500000E+00 -1.486602E+01 5.000000E-01
    endloop
  endfacet
  facet normal 6.343938E-01 -7.730100E-01 0.000000E+00
    outer loop
      vertex 7.707107E+00 -1.470711E+01 1.500000E+01
      vertex 7.555570E+00 -1.483147E+01 1.500000E+01
      vertex 7.707107E+00 -1.470711E+01 2.928932E-01
    endloop
  endfacet
  facet normal 1.000000E+00 0.000000E+00 0.000000E+00
    outer loop
      vertex 8.000000E+00 -7.400000E+00 1.500000E+01
      vertex 8.000000E+00 -1.400000E+01 1.500000E+01
      vertex 8.000000E+00 -1.400000E+01 1.000000E+00
    endloop
  endfacet
  facet normal 1.000000E+00 0.000000E+00 0.000000E+00
    outer loop
      vertex 8.000000E+00 -7.400000E+00 1.500000E+01
      vertex 8.000000E+00 -1.400000E+01 1.000000E+00
      vertex 8.000000E+00 -7.400000E+00 1.000000E+00
    endloop
  endfacet
  facet normal 9.943843E-01 0.000000E+00 -1.058295E-01
    outer loop
      vertex 7.977600E+00 -7.386989E+00 7.895283E-01
      vertex 8.000000E+00 -7.400000E+00 1.000000E+00
      vertex 8.000000E+00 -1.400000E+01 1.000000E+00
    endloop
  endfacet
  facet normal 9.915440E-01 -7.715183E-04 -1.297682E-01
    outer loop
      vertex 7.977600E+00 -7.386989E+00 7.895283E-01
      vertex 8.000000E+00 -1.400000E+01 1.000000E+00
      vertex 7.965926E+00 -1.425882E+01 7.411810E-01
    endloop
  endfacet
  facet normal 9.242824E-01 -1.141890E-03 -3.817078E-01
    outer loop
      vertex 7.911403E+00 -7.348538E+00 5.884857E-01
      vertex 7.965926E+00 -1.425882E+01 7.411810E-01
      vertex 7.866025E+00 -1.450000E+01 5.000000E-01
    endloop
  endfacet
  facet normal 9.498684E-01 5.859578E-04 -3.126493E-01
    outer loop
      vertex 7.911403E+00 -7.348538E+00 5.884857E-01
      vertex 7.977600E+00 -7.386989E+00 7.895283E-01
      vertex 7.965926E+00 -1.425882E+01 7.411810E-01
    endloop
  endfacet
  facet normal 7.938386E-01 -1.007029E-03 -6.081277E-01
    outer loop
      vertex 7.822640E+00 -7.296980E+00 4.314381E-01
      vertex 7.866025E+00 -1.450000E+01 5.000000E-01
      vertex 7.707107E+00 -1.470711E+01 2.928932E-01
    endloop
  endfacet
  facet normal 8.706494E-01 5.618911E-04 -4.919038E-01
    outer loop
      vertex 7.822640E+00 -7.296980E+00 4.314381E-01
      vertex 7.911403E+00 -7.348538E+00 5.884857E-01
      vertex 7.866025E+00 -1.450000E+01 5.000000E-01
    endloop
  endfacet
  facet normal 7.680038E-01 0.000000E+00 -6.404452E-01
    outer loop
      vertex 7.707107E+00 -7.229873E+00 2.928932E-01
      vertex 7.822640E+00 -7.296980E+00 4.314381E-01
      vertex 7.707107E+00 -1.470711E+01 2.928932E-01
    endloop
  endfacet
  facet normal -9.801622E-02 9.951848E-01 0.000000E+00
    outer loop
      vertex -4.039509E+01 1.018079E+01 1.500000E+01
      vertex -4.020000E+01 1.020000E+01 1.500000E+01
      vertex -4.020000E+01 1.020000E+01 1.000000E+00
    endloop
  endfacet
  facet normal -1.300804E-01 9.915034E-01 -4.518703E-04
    outer loop
      vertex -4.039509E+01 1.018079E+01 1.500000E+01
      vertex -4.020000E+01 1.020000E+01 1.000000E+00
      vertex -4.045882E+01 1.016593E+01 7.411810E-01
    endloop
  endfacet
  facet normal -3.821757E-01 9.240895E-01 -5.949116E-04
    outer loop
      vertex -4.058268E+01 1.012388E+01 1.500000E+01
      vertex -4.045882E+01 1.016593E+01 7.411810E-01
      vertex -4.070000E+01 1.006603E+01 5.000000E-01
    endloop
  endfacet
  facet normal -2.902869E-01 9.569397E-01 3.001749E-04
    outer loop
      vertex -4.058268E+01 1.012388E+01 1.500000E+01
      vertex -4.039509E+01 1.018079E+01 1.500000E+01
      vertex -4.045882E+01 1.016593E+01 7.411810E-01
    endloop
  endfacet
  facet normal -6.084843E-01 7.935658E-01 -4.406832E-04
    outer loop
      vertex -4.075557E+01 1.003147E+01 1.500000E+01
      vertex -4.070000E+01 1.006603E+01 5.000000E-01
      vertex -4.090711E+01 9.907106E+00 2.928932E-01
    endloop
  endfacet
  facet normal -4.713993E-01 8.819198E-01 2.952360E-04
    outer loop
      vertex -4.075557E+01 1.003147E+01 1.500000E+01
      vertex -4.058268E+01 1.012388E+01 1.500000E+01
      vertex -4.070000E+01 1.006603E+01 5.000000E-01
    endloop
  endfacet
  facet normal -6.343879E-01 7.730149E-01 0.000000E+00
    outer loop
      vertex -4.090711E+01 9.907106E+00 1.500000E+01
      vertex -4.075557E+01 1.003147E+01 1.500000E+01
      vertex -4.090711E+01 9.907106E+00 2.928932E-01
    endloop
  endfacet
  facet normal -1.000000E+00 0.000000E+00 0.000000E+00
    outer loop
      vertex -4.120000E+01 2.600000E+00 1.500000E+01
      vertex -4.120000E+01 9.200000E+00 1.500000E+01
      vertex -4.120000E+01 9.200000E+00 1.000000E+00
    endloop
  endfacet
  facet normal -1.000000E+00 0.000000E+00 0.000000E+00
    outer loop
      vertex -4.120000E+01 2.600000E+00 1.500000E+01
      vertex -4.120000E+01 9.200000E+00 1.000000E+00
      vertex -4.120000E+01 2.600000E+00 1.000000E+00
    endloop
  endfacet
  facet normal -9.943843E-01 0.000000E+00 -1.058295E-01
    outer loop
      vertex -4.117760E+01 2.586989E+00 7.895283E-01
      vertex -4.120000E+01 2.600000E+00 1.000000E+00
      vertex -4.120000E+01 9.200000E+00 1.000000E+00
    endloop
  endfacet
  facet normal -9.915429E-01 7.717991E-04 -1.297769E-01
    outer loop
      vertex -4.117760E+01 2.586989E+00 7.895283E-01
      vertex -4.120000E+01 9.200000E+00 1.000000E+00
      vertex -4.116592E+01 9.458819E+00 7.411810E-01
    endloop
  endfacet
  facet normal -9.242837E-01 1.142186E-03 -3.817043E-01
    outer loop
      vertex -4.111140E+01 2.548538E+00 5.884857E-01
      vertex -4.116592E+01 9.458819E+00 7.411810E-01
      vertex -4.106602E+01 9.700000E+00 5.000000E-01
    endloop
  endfacet
  facet normal -9.498691E-01 -5.856134E-04 -3.126473E-01
    outer loop
      vertex -4.111140E+01 2.548538E+00 5.884857E-01
      vertex -4.117760E+01 2.586989E+00 7.895283E-01
      vertex -4.116592E+01 9.458819E+00 7.411810E-01
    endloop
  endfacet
  facet normal -7.938430E-01 1.007001E-03 -6.081219E-01
    outer loop
      vertex -4.102264E+01 2.496980E+00 4.314381E-01
      vertex -4.106602E+01 9.700000E+00 5.000000E-01
      vertex -4.090711E+01 9.907106E+00 2.928932E-01
    endloop
  endfacet
  facet normal -8.706459E-01 -5.617552E-04 -4.919099E-01
    outer loop
      vertex -4.102264E+01 2.496980E+00 4.314381E-01
      vertex -4.111140E+01 2.548538E+00 5.884857E-01
      vertex -4.106602E+01 9.700000E+00 5.000000E-01
    endloop
  endfacet
  facet normal -7.680091E-01 0.000000E+00 -6.404390E-01
    outer loop
      vertex -4.090711E+01 2.429873E+00 2.928932E-01
      vertex -4.102264E+01 2.496980E+00 4.314381E-01
      vertex -4.090711E+01 9.907106E+00 2.928932E-01
    endloop
  endfacet
  facet normal 0.000000E+00 9.963145E-01 -8.577516E-02
    outer loop
      vertex -4.020000E+01 1.020000E+01 1.000000E+00
      vertex -3.510000E+01 1.020000E+01 1.000000E+00
      vertex -3.508529E+01 1.018528E+01 8.290768E-01
    endloop
  endfacet
  facet normal 6.814376E-04 9.670345E-01 -2.546445E-01
    outer loop
      vertex -4.045882E+01 1.016593E+01 7.411810E-01
      vertex -3.508529E+01 1.018528E+01 8.290768E-01
      vertex -3.504157E+01 1.014157E+01 6.631841E-01
    endloop
  endfacet
  facet normal -1.460917E-03 9.916320E-01 -1.290886E-01
    outer loop
      vertex -4.045882E+01 1.016593E+01 7.411810E-01
      vertex -4.020000E+01 1.020000E+01 1.000000E+00
      vertex -3.508529E+01 1.018528E+01 8.290768E-01
    endloop
  endfacet
  facet normal -1.300338E-04 9.091864E-01 -4.163893E-01
    outer loop
      vertex -4.070000E+01 1.006603E+01 5.000000E-01
      vertex -3.504157E+01 1.014157E+01 6.631841E-01
      vertex -3.497015E+01 1.007014E+01 5.072043E-01
    endloop
  endfacet
  facet normal 9.175841E-05 8.349403E-01 -5.503404E-01
    outer loop
      vertex -4.070000E+01 1.006603E+01 5.000000E-01
      vertex -3.497015E+01 1.007014E+01 5.072043E-01
      vertex -3.489587E+01 9.995872E+00 3.945358E-01
    endloop
  endfacet
  facet normal -1.337499E-03 9.243512E-01 -3.815406E-01
    outer loop
      vertex -4.070000E+01 1.006603E+01 5.000000E-01
      vertex -4.045882E+01 1.016593E+01 7.411810E-01
      vertex -3.504157E+01 1.014157E+01 6.631841E-01
    endloop
  endfacet
  facet normal 0.000000E+00 7.532051E-01 -6.577858E-01
    outer loop
      vertex -4.090711E+01 9.907106E+00 2.928932E-01
      vertex -3.489587E+01 9.995872E+00 3.945358E-01
      vertex -3.480711E+01 9.907106E+00 2.928932E-01
    endloop
  endfacet
  facet normal -1.447478E-03 7.940498E-01 -6.078511E-01
    outer loop
      vertex -4.090711E+01 9.907106E+00 2.928932E-01
      vertex -4.070000E+01 1.006603E+01 5.000000E-01
      vertex -3.489587E+01 9.995872E+00 3.945358E-01
    endloop
  endfacet
  facet normal 9.951848E-01 9.801670E-02 0.000000E+00
    outer loop
      vertex 7.980785E+00 9.395090E+00 1.500000E+01
      vertex 8.000000E+00 9.200000E+00 1.500000E+01
      vertex 8.000000E+00 9.200000E+00 1.000000E+00
    endloop
  endfacet
  facet normal 9.915031E-01 1.300822E-01 -4.518865E-04
    outer loop
      vertex 7.980785E+00 9.395090E+00 1.500000E+01
      vertex 8.000000E+00 9.200000E+00 1.000000E+00
      vertex 7.965926E+00 9.458819E+00 7.411810E-01
    endloop
  endfacet
  facet normal 9.240896E-01 3.821757E-01 -5.949676E-04
    outer loop
      vertex 7.923880E+00 9.582684E+00 1.500000E+01
      vertex 7.965926E+00 9.458819E+00 7.411810E-01
      vertex 7.866025E+00 9.700000E+00 5.000000E-01
    endloop
  endfacet
  facet normal 9.569404E-01 2.902841E-01 3.001494E-04
    outer loop
      vertex 7.923880E+00 9.582684E+00 1.500000E+01
      vertex 7.980785E+00 9.395090E+00 1.500000E+01
      vertex 7.965926E+00 9.458819E+00 7.411810E-01
    endloop
  endfacet
  facet normal 7.935654E-01 6.084848E-01 -4.407926E-04
    outer loop
      vertex 7.831470E+00 9.755570E+00 1.500000E+01
      vertex 7.866025E+00 9.700000E+00 5.000000E-01
      vertex 7.707107E+00 9.907106E+00 2.928932E-01
    endloop
  endfacet
  facet normal 8.819209E-01 4.713973E-01 2.951553E-04
    outer loop
      vertex 7.831470E+00 9.755570E+00 1.500000E+01
      vertex 7.923880E+00 9.582684E+00 1.500000E+01
      vertex 7.866025E+00 9.700000E+00 5.000000E-01
    endloop
  endfacet
  facet normal 7.730090E-01 6.343951E-01 0.000000E+00
    outer loop
      vertex 7.707107E+00 9.907106E+00 1.500000E+01
      vertex 7.831470E+00 9.755570E+00 1.500000E+01
      vertex 7.707107E+00 9.907106E+00 2.928932E-01
    endloop
  endfacet
  facet normal -0.000000E+00 1.000000E+00 0.000000E+00
    outer loop
      vertex 1.900000E+00 1.020000E+01 1.500000E+01
      vertex 7.000000E+00 1.020000E+01 1.500000E+01
      vertex 7.000000E+00 1.020000E+01 1.000000E+00
    endloop
  endfacet
  facet normal 0.000000E+00 1.000000E+00 0.000000E+00
    outer loop
      vertex 1.900000E+00 1.020000E+01 1.500000E+01
      vertex 7.000000E+00 1.020000E+01 1.000000E+00
      vertex 1.900000E+00 1.020000E+01 1.000000E+00
    endloop
  endfacet
  facet normal 0.000000E+00 9.963145E-01 -8.577516E-02
    outer loop
      vertex 1.885284E+00 1.018528E+01 8.290768E-01
      vertex 1.900000E+00 1.020000E+01 1.000000E+00
      vertex 7.000000E+00 1.020000E+01 1.000000E+00
    endloop
  endfacet
  facet normal 1.460917E-03 9.916320E-01 -1.290886E-01
    outer loop
      vertex 1.885284E+00 1.018528E+01 8.290768E-01
      vertex 7.000000E+00 1.020000E+01 1.000000E+00
      vertex 7.258819E+00 1.016593E+01 7.411810E-01
    endloop
  endfacet
  facet normal 1.337500E-03 9.243511E-01 -3.815406E-01
    outer loop
      vertex 1.841570E+00 1.014157E+01 6.631841E-01
      vertex 7.258819E+00 1.016593E+01 7.411810E-01
      vertex 7.500000E+00 1.006603E+01 5.000000E-01
    endloop
  endfacet
  facet normal -6.814378E-04 9.670345E-01 -2.546445E-01
    outer loop
      vertex 1.841570E+00 1.014157E+01 6.631841E-01
      vertex 1.885284E+00 1.018528E+01 8.290768E-01
      vertex 7.258819E+00 1.016593E+01 7.411810E-01
    endloop
  endfacet
  facet normal 1.300338E-04 9.091864E-01 -4.163893E-01
    outer loop
      vertex 1.770145E+00 1.007014E+01 5.072043E-01
      vertex 1.841570E+00 1.014157E+01 6.631841E-01
      vertex 7.500000E+00 1.006603E+01 5.000000E-01
    endloop
  endfacet
  facet normal 1.447478E-03 7.940497E-01 -6.078510E-01
    outer loop
      vertex 1.695873E+00 9.995872E+00 3.945358E-01
      vertex 7.500000E+00 1.006603E+01 5.000000E-01
      vertex 7.707107E+00 9.907106E+00 2.928932E-01
    endloop
  endfacet
  facet normal -9.175803E-05 8.349404E-01 -5.503404E-01
    outer loop
      vertex 1.695873E+00 9.995872E+00 3.945358E-01
      vertex 1.770145E+00 1.007014E+01 5.072043E-01
      vertex 7.500000E+00 1.006603E+01 5.000000E-01
    endloop
  endfacet
  facet normal 0.000000E+00 7.532050E-01 -6.577859E-01
    outer loop
      vertex 1.607107E+00 9.907106E+00 2.928932E-01
      vertex 1.695873E+00 9.995872E+00 3.945358E-01
      vertex 7.707107E+00 9.907106E+00 2.928932E-01
    endloop
  endfacet
  facet normal -5.076824E-01 4.948919E-01 -7.052238E-01
    outer loop
      vertex -2.264043E+01 -7.909707E+00 2.181685E-01
      vertex -2.401596E+01 -9.095144E+00 3.765102E-01
      vertex -2.276458E+01 -7.811423E+00 3.765102E-01
    endloop
  endfacet
  facet normal -5.076823E-01 4.948918E-01 -7.052239E-01
    outer loop
      vertex -2.264043E+01 -7.909707E+00 2.181685E-01
      vertex -2.391454E+01 -9.216743E+00 2.181685E-01
      vertex -2.401596E+01 -9.095144E+00 3.765102E-01
    endloop
  endfacet
  facet normal -7.968200E-01 5.069731E-01 -3.287191E-01
    outer loop
      vertex -2.190879E+01 -6.245604E+00 5.661163E-01
      vertex -2.285799E+01 -7.737474E+00 5.661163E-01
      vertex -2.291598E+01 -7.691567E+00 7.774791E-01
    endloop
  endfacet
  facet normal -7.968203E-01 5.069737E-01 -3.287170E-01
    outer loop
      vertex -2.190879E+01 -6.245604E+00 5.661163E-01
      vertex -2.291598E+01 -7.691567E+00 7.774791E-01
      vertex -2.197494E+01 -6.212528E+00 7.774791E-01
    endloop
  endfacet
  facet normal -3.824230E-01 3.727883E-01 -8.454475E-01
    outer loop
      vertex -2.249177E+01 -8.027396E+00 9.903114E-02
      vertex -2.391454E+01 -9.216743E+00 2.181685E-01
      vertex -2.264043E+01 -7.909707E+00 2.181685E-01
    endloop
  endfacet
  facet normal -3.824235E-01 3.727889E-01 -8.454471E-01
    outer loop
      vertex -2.249177E+01 -8.027396E+00 9.903114E-02
      vertex -2.379310E+01 -9.362351E+00 9.903114E-02
      vertex -2.391454E+01 -9.216743E+00 2.181685E-01
    endloop
  endfacet
  facet normal -7.154579E-01 4.552069E-01 -5.300062E-01
    outer loop
      vertex -2.180223E+01 -6.298883E+00 3.765102E-01
      vertex -2.285799E+01 -7.737474E+00 5.661163E-01
      vertex -2.190879E+01 -6.245604E+00 5.661163E-01
    endloop
  endfacet
  facet normal -7.154585E-01 4.552074E-01 -5.300053E-01
    outer loop
      vertex -2.180223E+01 -6.298883E+00 3.765102E-01
      vertex -2.276458E+01 -7.811423E+00 3.765102E-01
      vertex -2.285799E+01 -7.737474E+00 5.661163E-01
    endloop
  endfacet
  facet normal -9.204916E-01 3.744749E-01 -1.116408E-01
    outer loop
      vertex -2.147895E+01 -4.993326E+00 7.774791E-01
      vertex -2.197494E+01 -6.212528E+00 7.774791E-01
      vertex -2.199737E+01 -6.201315E+00 1.000000E+00
    endloop
  endfacet
  facet normal -9.204919E-01 3.744762E-01 -1.116344E-01
    outer loop
      vertex -2.147895E+01 -4.993326E+00 7.774791E-01
      vertex -2.199737E+01 -6.201315E+00 1.000000E+00
      vertex -2.150283E+01 -4.985699E+00 1.000000E+00
    endloop
  endfacet
  facet normal -8.691176E-02 8.105932E-02 -9.929128E-01
    outer loop
      vertex -2.232606E+01 -8.158591E+00 2.507209E-02
      vertex -2.206564E+01 -8.186481E+00 0.000000E+00
      vertex -2.330316E+01 -9.513357E+00 0.000000E+00
    endloop
  endfacet
  facet normal -7.260825E-02 7.077889E-02 -9.948459E-01
    outer loop
      vertex -2.232606E+01 -8.158591E+00 2.507209E-02
      vertex -2.330316E+01 -9.513357E+00 0.000000E+00
      vertex -2.365772E+01 -9.524669E+00 2.507209E-02
    endloop
  endfacet
  facet normal -2.376236E-01 2.316367E-01 -9.433342E-01
    outer loop
      vertex -2.232606E+01 -8.158591E+00 2.507209E-02
      vertex -2.365772E+01 -9.524669E+00 2.507209E-02
      vertex -2.379310E+01 -9.362351E+00 9.903114E-02
    endloop
  endfacet
  facet normal -2.376248E-01 2.316381E-01 -9.433336E-01
    outer loop
      vertex -2.232606E+01 -8.158591E+00 2.507209E-02
      vertex -2.379310E+01 -9.362351E+00 9.903114E-02
      vertex -2.249177E+01 -8.027396E+00 9.903114E-02
    endloop
  endfacet
  facet normal -5.981753E-01 3.805867E-01 -7.052234E-01
    outer loop
      vertex -2.166061E+01 -6.369696E+00 2.181685E-01
      vertex -2.264043E+01 -7.909707E+00 2.181685E-01
      vertex -2.276458E+01 -7.811423E+00 3.765102E-01
    endloop
  endfacet
  facet normal -5.981745E-01 3.805859E-01 -7.052245E-01
    outer loop
      vertex -2.166061E+01 -6.369696E+00 2.181685E-01
      vertex -2.276458E+01 -7.811423E+00 3.765102E-01
      vertex -2.180223E+01 -6.298883E+00 3.765102E-01
    endloop
  endfacet
  facet normal -8.745871E-01 3.558000E-01 -3.293992E-01
    outer loop
      vertex -2.140849E+01 -5.015824E+00 5.661163E-01
      vertex -2.190879E+01 -6.245604E+00 5.661163E-01
      vertex -2.197494E+01 -6.212528E+00 7.774791E-01
    endloop
  endfacet
  facet normal -8.745871E-01 3.558001E-01 -3.293990E-01
    outer loop
      vertex -2.140849E+01 -5.015824E+00 5.661163E-01
      vertex -2.197494E+01 -6.212528E+00 7.774791E-01
      vertex -2.147895E+01 -4.993326E+00 7.774791E-01
    endloop
  endfacet
  facet normal -4.505881E-01 2.866850E-01 -8.454478E-01
    outer loop
      vertex -2.149102E+01 -6.454491E+00 9.903114E-02
      vertex -2.249177E+01 -8.027396E+00 9.903114E-02
      vertex -2.264043E+01 -7.909707E+00 2.181685E-01
    endloop
  endfacet
  facet normal -4.505878E-01 2.866848E-01 -8.454481E-01
    outer loop
      vertex -2.149102E+01 -6.454491E+00 9.903114E-02
      vertex -2.264043E+01 -7.909707E+00 2.181685E-01
      vertex -2.166061E+01 -6.369696E+00 2.181685E-01
    endloop
  endfacet
  facet normal -7.849675E-01 3.193420E-01 -5.308924E-01
    outer loop
      vertex -2.129500E+01 -5.052066E+00 3.765102E-01
      vertex -2.180223E+01 -6.298883E+00 3.765102E-01
      vertex -2.190879E+01 -6.245604E+00 5.661163E-01
    endloop
  endfacet
  facet normal -7.849650E-01 3.193399E-01 -5.308974E-01
    outer loop
      vertex -2.129500E+01 -5.052066E+00 3.765102E-01
      vertex -2.190879E+01 -6.245604E+00 5.661163E-01
      vertex -2.140849E+01 -5.015824E+00 5.661163E-01
    endloop
  endfacet
  facet normal -9.907838E-01 7.671523E-02 -1.116346E-01
    outer loop
      vertex -2.117654E+01 -3.712304E+00 7.774791E-01
      vertex -2.110000E+01 -2.400000E+00 1.000000E+00
      vertex -2.107493E+01 -2.400000E+00 7.774791E-01
    endloop
  endfacet
  facet normal -9.671655E-01 2.283168E-01 -1.116344E-01
    outer loop
      vertex -2.117654E+01 -3.712304E+00 7.774791E-01
      vertex -2.147895E+01 -4.993326E+00 7.774791E-01
      vertex -2.150283E+01 -4.985699E+00 1.000000E+00
    endloop
  endfacet
  facet normal -9.671657E-01 2.283173E-01 -1.116320E-01
    outer loop
      vertex -2.117654E+01 -3.712304E+00 7.774791E-01
      vertex -2.150283E+01 -4.985699E+00 1.000000E+00
      vertex -2.120131E+01 -3.708445E+00 1.000000E+00
    endloop
  endfacet
  facet normal -9.907841E-01 7.671478E-02 -1.116318E-01
    outer loop
      vertex -2.117654E+01 -3.712304E+00 7.774791E-01
      vertex -2.120131E+01 -3.708445E+00 1.000000E+00
      vertex -2.110000E+01 -2.400000E+00 1.000000E+00
    endloop
  endfacet
  facet normal -9.533525E-02 5.967593E-02 -9.936549E-01
    outer loop
      vertex -2.130197E+01 -6.549015E+00 2.507209E-02
      vertex -2.110294E+01 -6.648529E+00 0.000000E+00
      vertex -2.206564E+01 -8.186481E+00 0.000000E+00
    endloop
  endfacet
  facet normal -8.962351E-02 5.702267E-02 -9.943420E-01
    outer loop
      vertex -2.130197E+01 -6.549015E+00 2.507209E-02
      vertex -2.206564E+01 -8.186481E+00 0.000000E+00
      vertex -2.232606E+01 -8.158591E+00 2.507209E-02
    endloop
  endfacet
  facet normal -2.799802E-01 1.781364E-01 -9.433337E-01
    outer loop
      vertex -2.130197E+01 -6.549015E+00 2.507209E-02
      vertex -2.249177E+01 -8.027396E+00 9.903114E-02
      vertex -2.149102E+01 -6.454491E+00 9.903114E-02
    endloop
  endfacet
  facet normal -2.799809E-01 1.781369E-01 -9.433334E-01
    outer loop
      vertex -2.130197E+01 -6.549015E+00 2.507209E-02
      vertex -2.232606E+01 -8.158591E+00 2.507209E-02
      vertex -2.249177E+01 -8.027396E+00 9.903114E-02
    endloop
  endfacet
  facet normal -6.559592E-01 2.668586E-01 -7.060481E-01
    outer loop
      vertex -2.114416E+01 -5.100234E+00 2.181685E-01
      vertex -2.180223E+01 -6.298883E+00 3.765102E-01
      vertex -2.129500E+01 -5.052066E+00 3.765102E-01
    endloop
  endfacet
  facet normal -6.559592E-01 2.668586E-01 -7.060481E-01
    outer loop
      vertex -2.114416E+01 -5.100234E+00 2.181685E-01
      vertex -2.166061E+01 -6.369696E+00 2.181685E-01
      vertex -2.180223E+01 -6.298883E+00 3.765102E-01
    endloop
  endfacet
  facet normal -9.413722E-01 7.288912E-02 -3.294018E-01
    outer loop
      vertex -2.110346E+01 -3.723689E+00 5.661163E-01
      vertex -2.107493E+01 -2.400000E+00 7.774791E-01
      vertex -2.100097E+01 -2.400000E+00 5.661163E-01
    endloop
  endfacet
  facet normal -9.189314E-01 2.169303E-01 -3.294031E-01
    outer loop
      vertex -2.110346E+01 -3.723689E+00 5.661163E-01
      vertex -2.147895E+01 -4.993326E+00 7.774791E-01
      vertex -2.117654E+01 -3.712304E+00 7.774791E-01
    endloop
  endfacet
  facet normal -9.189326E-01 2.169313E-01 -3.293991E-01
    outer loop
      vertex -2.110346E+01 -3.723689E+00 5.661163E-01
      vertex -2.140849E+01 -5.015824E+00 5.661163E-01
      vertex -2.147895E+01 -4.993326E+00 7.774791E-01
    endloop
  endfacet
  facet normal -9.413718E-01 7.288932E-02 -3.294031E-01
    outer loop
      vertex -2.110346E+01 -3.723689E+00 5.661163E-01
      vertex -2.117654E+01 -3.712304E+00 7.774791E-01
      vertex -2.107493E+01 -2.400000E+00 7.774791E-01
    endloop
  endfacet
  facet normal -4.938659E-01 2.009149E-01 -8.460081E-01
    outer loop
      vertex -2.096354E+01 -5.157912E+00 9.903114E-02
      vertex -2.149102E+01 -6.454491E+00 9.903114E-02
      vertex -2.166061E+01 -6.369696E+00 2.181685E-01
    endloop
  endfacet
  facet normal -4.938679E-01 2.009163E-01 -8.460066E-01
    outer loop
      vertex -2.096354E+01 -5.157912E+00 9.903114E-02
      vertex -2.166061E+01 -6.369696E+00 2.181685E-01
      vertex -2.114416E+01 -5.100234E+00 2.181685E-01
    endloop
  endfacet
  facet normal -8.449115E-01 6.541973E-02 -5.308905E-01
    outer loop
      vertex -2.098574E+01 -3.742028E+00 3.765102E-01
      vertex -2.100097E+01 -2.400000E+00 5.661163E-01
      vertex -2.088183E+01 -2.400000E+00 3.765102E-01
    endloop
  endfacet
  facet normal -8.449097E-01 6.542016E-02 -5.308934E-01
    outer loop
      vertex -2.098574E+01 -3.742028E+00 3.765102E-01
      vertex -2.110346E+01 -3.723689E+00 5.661163E-01
      vertex -2.100097E+01 -2.400000E+00 5.661163E-01
    endloop
  endfacet
  facet normal -8.247662E-01 1.947007E-01 -5.308977E-01
    outer loop
      vertex -2.098574E+01 -3.742028E+00 3.765102E-01
      vertex -2.129500E+01 -5.052066E+00 3.765102E-01
      vertex -2.140849E+01 -5.015824E+00 5.661163E-01
    endloop
  endfacet
  facet normal -8.247687E-01 1.947021E-01 -5.308933E-01
    outer loop
      vertex -2.098574E+01 -3.742028E+00 3.765102E-01
      vertex -2.140849E+01 -5.015824E+00 5.661163E-01
      vertex -2.110346E+01 -3.723689E+00 5.661163E-01
    endloop
  endfacet
  facet normal -1.040173E-01 4.231640E-02 -9.936748E-01
    outer loop
      vertex -2.076220E+01 -5.222208E+00 2.507209E-02
      vertex -2.055022E+01 -5.289899E+00 0.000000E+00
      vertex -2.110294E+01 -6.648529E+00 0.000000E+00
    endloop
  endfacet
  facet normal -1.040175E-01 4.231645E-02 -9.936748E-01
    outer loop
      vertex -2.076220E+01 -5.222208E+00 2.507209E-02
      vertex -2.110294E+01 -6.648529E+00 0.000000E+00
      vertex -2.130197E+01 -6.549015E+00 2.507209E-02
    endloop
  endfacet
  facet normal -3.067471E-01 1.247910E-01 -9.435748E-01
    outer loop
      vertex -2.076220E+01 -5.222208E+00 2.507209E-02
      vertex -2.130197E+01 -6.549015E+00 2.507209E-02
      vertex -2.149102E+01 -6.454491E+00 9.903114E-02
    endloop
  endfacet
  facet normal -3.067477E-01 1.247914E-01 -9.435745E-01
    outer loop
      vertex -2.076220E+01 -5.222208E+00 2.507209E-02
      vertex -2.149102E+01 -6.454491E+00 9.903114E-02
      vertex -2.096354E+01 -5.157912E+00 9.903114E-02
    endloop
  endfacet
  facet normal -7.060478E-01 5.466833E-02 -7.060509E-01
    outer loop
      vertex -2.082929E+01 -3.766403E+00 2.181685E-01
      vertex -2.088183E+01 -2.400000E+00 3.765102E-01
      vertex -2.072349E+01 -2.400000E+00 2.181685E-01
    endloop
  endfacet
  facet normal -7.060502E-01 5.466798E-02 -7.060487E-01
    outer loop
      vertex -2.082929E+01 -3.766403E+00 2.181685E-01
      vertex -2.098574E+01 -3.742028E+00 3.765102E-01
      vertex -2.088183E+01 -2.400000E+00 3.765102E-01
    endloop
  endfacet
  facet normal -6.892200E-01 1.627027E-01 -7.060480E-01
    outer loop
      vertex -2.082929E+01 -3.766403E+00 2.181685E-01
      vertex -2.114416E+01 -5.100234E+00 2.181685E-01
      vertex -2.129500E+01 -5.052066E+00 3.765102E-01
    endloop
  endfacet
  facet normal -6.892192E-01 1.627024E-01 -7.060487E-01
    outer loop
      vertex -2.082929E+01 -3.766403E+00 2.181685E-01
      vertex -2.129500E+01 -5.052066E+00 3.765102E-01
      vertex -2.098574E+01 -3.742028E+00 3.765102E-01
    endloop
  endfacet
  facet normal -5.315819E-01 4.115978E-02 -8.460063E-01
    outer loop
      vertex -2.064194E+01 -3.795590E+00 9.903114E-02
      vertex -2.072349E+01 -2.400000E+00 2.181685E-01
      vertex -2.053388E+01 -2.400000E+00 9.903114E-02
    endloop
  endfacet
  facet normal -5.315825E-01 4.115971E-02 -8.460059E-01
    outer loop
      vertex -2.064194E+01 -3.795590E+00 9.903114E-02
      vertex -2.082929E+01 -3.766403E+00 2.181685E-01
      vertex -2.072349E+01 -2.400000E+00 2.181685E-01
    endloop
  endfacet
  facet normal -5.189096E-01 1.224977E-01 -8.460066E-01
    outer loop
      vertex -2.064194E+01 -3.795590E+00 9.903114E-02
      vertex -2.096354E+01 -5.157912E+00 9.903114E-02
      vertex -2.114416E+01 -5.100234E+00 2.181685E-01
    endloop
  endfacet
  facet normal -5.189106E-01 1.224982E-01 -8.460059E-01
    outer loop
      vertex -2.064194E+01 -3.795590E+00 9.903114E-02
      vertex -2.114416E+01 -5.100234E+00 2.181685E-01
      vertex -2.082929E+01 -3.766403E+00 2.181685E-01
    endloop
  endfacet
  facet normal -3.301711E-01 2.556486E-02 -9.435749E-01
    outer loop
      vertex -2.043310E+01 -3.828126E+00 2.507209E-02
      vertex -2.053388E+01 -2.400000E+00 9.903114E-02
      vertex -2.032252E+01 -2.400000E+00 2.507209E-02
    endloop
  endfacet
  facet normal -1.119603E-01 8.668990E-03 -9.936749E-01
    outer loop
      vertex -2.043310E+01 -3.828126E+00 2.507209E-02
      vertex -2.032252E+01 -2.400000E+00 2.507209E-02
      vertex -2.010000E+01 -2.400000E+00 0.000000E+00
    endloop
  endfacet
  facet normal -1.119598E-01 8.668873E-03 -9.936749E-01
    outer loop
      vertex -2.043310E+01 -3.828126E+00 2.507209E-02
      vertex -2.010000E+01 -2.400000E+00 0.000000E+00
      vertex -2.021323E+01 -3.862380E+00 0.000000E+00
    endloop
  endfacet
  facet normal -1.092909E-01 2.580014E-02 -9.936749E-01
    outer loop
      vertex -2.043310E+01 -3.828126E+00 2.507209E-02
      vertex -2.021323E+01 -3.862380E+00 0.000000E+00
      vertex -2.055022E+01 -5.289899E+00 0.000000E+00
    endloop
  endfacet
  facet normal -1.092914E-01 2.580018E-02 -9.936748E-01
    outer loop
      vertex -2.043310E+01 -3.828126E+00 2.507209E-02
      vertex -2.055022E+01 -5.289899E+00 0.000000E+00
      vertex -2.076220E+01 -5.222208E+00 2.507209E-02
    endloop
  endfacet
  facet normal -3.301716E-01 2.556481E-02 -9.435746E-01
    outer loop
      vertex -2.043310E+01 -3.828126E+00 2.507209E-02
      vertex -2.064194E+01 -3.795590E+00 9.903114E-02
      vertex -2.053388E+01 -2.400000E+00 9.903114E-02
    endloop
  endfacet
  facet normal -3.223013E-01 7.608493E-02 -9.435745E-01
    outer loop
      vertex -2.043310E+01 -3.828126E+00 2.507209E-02
      vertex -2.076220E+01 -5.222208E+00 2.507209E-02
      vertex -2.096354E+01 -5.157912E+00 9.903114E-02
    endloop
  endfacet
  facet normal -3.223010E-01 7.608481E-02 -9.435747E-01
    outer loop
      vertex -2.043310E+01 -3.828126E+00 2.507209E-02
      vertex -2.096354E+01 -5.157912E+00 9.903114E-02
      vertex -2.064194E+01 -3.795590E+00 9.903114E-02
    endloop
  endfacet
  facet normal 9.892263E-01 9.490082E-02 -1.114675E-01
    outer loop
      vertex -3.796959E+01 -4.020765E+00 7.774791E-01
      vertex -3.812507E+01 -2.400000E+00 7.774791E-01
      vertex -3.810000E+01 -2.400000E+00 1.000000E+00
    endloop
  endfacet
  facet normal 9.812882E-01 1.014283E-01 -1.636637E-01
    outer loop
      vertex -3.796959E+01 -4.020765E+00 7.774791E-01
      vertex -3.810000E+01 -2.400000E+00 1.000000E+00
      vertex -3.792029E+01 -4.138607E+00 1.000000E+00
    endloop
  endfacet
  facet normal 9.400370E-01 9.018052E-02 -3.289346E-01
    outer loop
      vertex -3.804220E+01 -4.034826E+00 5.661163E-01
      vertex -3.819903E+01 -2.400000E+00 5.661163E-01
      vertex -3.812507E+01 -2.400000E+00 7.774791E-01
    endloop
  endfacet
  facet normal 9.400337E-01 9.018155E-02 -3.289439E-01
    outer loop
      vertex -3.804220E+01 -4.034826E+00 5.661163E-01
      vertex -3.812507E+01 -2.400000E+00 7.774791E-01
      vertex -3.796959E+01 -4.020765E+00 7.774791E-01
    endloop
  endfacet
  facet normal 8.439487E-01 8.096248E-02 -5.302790E-01
    outer loop
      vertex -3.815916E+01 -4.057476E+00 3.765102E-01
      vertex -3.819903E+01 -2.400000E+00 5.661163E-01
      vertex -3.804220E+01 -4.034826E+00 5.661163E-01
    endloop
  endfacet
  facet normal 8.439456E-01 8.096294E-02 -5.302836E-01
    outer loop
      vertex -3.815916E+01 -4.057476E+00 3.765102E-01
      vertex -3.831817E+01 -2.400000E+00 3.765102E-01
      vertex -3.819903E+01 -2.400000E+00 5.661163E-01
    endloop
  endfacet
  facet normal 9.572459E-01 2.824488E-01 -6.247339E-02
    outer loop
      vertex -3.750880E+01 -5.582409E+00 7.774791E-01
      vertex -3.796959E+01 -4.020765E+00 7.774791E-01
      vertex -3.792029E+01 -4.138607E+00 1.000000E+00
    endloop
  endfacet
  facet normal 9.320265E-01 2.975205E-01 -2.069010E-01
    outer loop
      vertex -3.750880E+01 -5.582409E+00 7.774791E-01
      vertex -3.792029E+01 -4.138607E+00 1.000000E+00
      vertex -3.738876E+01 -5.803698E+00 1.000000E+00
    endloop
  endfacet
  facet normal 7.054881E-01 6.768009E-02 -7.054827E-01
    outer loop
      vertex -3.831461E+01 -4.087580E+00 2.181685E-01
      vertex -3.847651E+01 -2.400000E+00 2.181685E-01
      vertex -3.831817E+01 -2.400000E+00 3.765102E-01
    endloop
  endfacet
  facet normal 7.054877E-01 6.768014E-02 -7.054832E-01
    outer loop
      vertex -3.831461E+01 -4.087580E+00 2.181685E-01
      vertex -3.831817E+01 -2.400000E+00 3.765102E-01
      vertex -3.815916E+01 -4.057476E+00 3.765102E-01
    endloop
  endfacet
  facet normal 9.057494E-01 2.672540E-01 -3.289277E-01
    outer loop
      vertex -3.757741E+01 -5.610018E+00 5.661163E-01
      vertex -3.796959E+01 -4.020765E+00 7.774791E-01
      vertex -3.750880E+01 -5.582409E+00 7.774791E-01
    endloop
  endfacet
  facet normal 9.057434E-01 2.672546E-01 -3.289434E-01
    outer loop
      vertex -3.757741E+01 -5.610018E+00 5.661163E-01
      vertex -3.804220E+01 -4.034826E+00 5.661163E-01
      vertex -3.796959E+01 -4.020765E+00 7.774791E-01
    endloop
  endfacet
  facet normal 5.313370E-01 5.097312E-02 -8.456257E-01
    outer loop
      vertex -3.850076E+01 -4.123627E+00 9.903114E-02
      vertex -3.847651E+01 -2.400000E+00 2.181685E-01
      vertex -3.831461E+01 -4.087580E+00 2.181685E-01
    endloop
  endfacet
  facet normal 5.313411E-01 5.097289E-02 -8.456231E-01
    outer loop
      vertex -3.850076E+01 -4.123627E+00 9.903114E-02
      vertex -3.866611E+01 -2.400000E+00 9.903114E-02
      vertex -3.847651E+01 -2.400000E+00 2.181685E-01
    endloop
  endfacet
  facet normal 8.131554E-01 2.399350E-01 -5.302919E-01
    outer loop
      vertex -3.768794E+01 -5.654492E+00 3.765102E-01
      vertex -3.804220E+01 -4.034826E+00 5.661163E-01
      vertex -3.757741E+01 -5.610018E+00 5.661163E-01
    endloop
  endfacet
  facet normal 8.131636E-01 2.399353E-01 -5.302792E-01
    outer loop
      vertex -3.768794E+01 -5.654492E+00 3.765102E-01
      vertex -3.815916E+01 -4.057476E+00 3.765102E-01
      vertex -3.804220E+01 -4.034826E+00 5.661163E-01
    endloop
  endfacet
  facet normal 1.119592E-01 1.074066E-02 -9.936548E-01
    outer loop
      vertex -3.870827E+01 -4.163811E+00 2.507209E-02
      vertex -3.892673E+01 -4.206116E+00 0.000000E+00
      vertex -3.910000E+01 -2.400000E+00 0.000000E+00
    endloop
  endfacet
  facet normal 1.119590E-01 1.074062E-02 -9.936548E-01
    outer loop
      vertex -3.870827E+01 -4.163811E+00 2.507209E-02
      vertex -3.910000E+01 -2.400000E+00 0.000000E+00
      vertex -3.887748E+01 -2.400000E+00 2.507209E-02
    endloop
  endfacet
  facet normal 3.301107E-01 3.166867E-02 -9.434108E-01
    outer loop
      vertex -3.870827E+01 -4.163811E+00 2.507209E-02
      vertex -3.887748E+01 -2.400000E+00 2.507209E-02
      vertex -3.866611E+01 -2.400000E+00 9.903114E-02
    endloop
  endfacet
  facet normal 3.301131E-01 3.166858E-02 -9.434099E-01
    outer loop
      vertex -3.870827E+01 -4.163811E+00 2.507209E-02
      vertex -3.866611E+01 -2.400000E+00 9.903114E-02
      vertex -3.850076E+01 -4.123627E+00 9.903114E-02
    endloop
  endfacet
  facet normal 8.445575E-01 4.779581E-01 -2.414098E-01
    outer loop
      vertex -3.675952E+01 -7.027967E+00 7.774791E-01
      vertex -3.738876E+01 -5.803698E+00 1.000000E+00
      vertex -3.652789E+01 -7.324865E+00 1.000000E+00
    endloop
  endfacet
  facet normal 8.876210E-01 4.600823E-01 -2.128526E-02
    outer loop
      vertex -3.675952E+01 -7.027967E+00 7.774791E-01
      vertex -3.750880E+01 -5.582409E+00 7.774791E-01
      vertex -3.738876E+01 -5.803698E+00 1.000000E+00
    endloop
  endfacet
  facet normal 6.797535E-01 2.005700E-01 -7.054834E-01
    outer loop
      vertex -3.783484E+01 -5.713601E+00 2.181685E-01
      vertex -3.831461E+01 -4.087580E+00 2.181685E-01
      vertex -3.815916E+01 -4.057476E+00 3.765102E-01
    endloop
  endfacet
  facet normal 6.797493E-01 2.005696E-01 -7.054877E-01
    outer loop
      vertex -3.783484E+01 -5.713601E+00 2.181685E-01
      vertex -3.815916E+01 -4.057476E+00 3.765102E-01
      vertex -3.768794E+01 -5.654492E+00 3.765102E-01
    endloop
  endfacet
  facet normal 8.384202E-01 4.345777E-01 -3.289283E-01
    outer loop
      vertex -3.682164E+01 -7.068117E+00 5.661163E-01
      vertex -3.757741E+01 -5.610018E+00 5.661163E-01
      vertex -3.750880E+01 -5.582409E+00 7.774791E-01
    endloop
  endfacet
  facet normal 8.384151E-01 4.345773E-01 -3.289418E-01
    outer loop
      vertex -3.682164E+01 -7.068117E+00 5.661163E-01
      vertex -3.750880E+01 -5.582409E+00 7.774791E-01
      vertex -3.675952E+01 -7.027967E+00 7.774791E-01
    endloop
  endfacet
  facet normal 5.119554E-01 1.510596E-01 -8.456256E-01
    outer loop
      vertex -3.801073E+01 -5.784381E+00 9.903114E-02
      vertex -3.850076E+01 -4.123627E+00 9.903114E-02
      vertex -3.831461E+01 -4.087580E+00 2.181685E-01
    endloop
  endfacet
  facet normal 5.119587E-01 1.510600E-01 -8.456235E-01
    outer loop
      vertex -3.801073E+01 -5.784381E+00 9.903114E-02
      vertex -3.831461E+01 -4.087580E+00 2.181685E-01
      vertex -3.783484E+01 -5.713601E+00 2.181685E-01
    endloop
  endfacet
  facet normal 7.527093E-01 3.901534E-01 -5.302914E-01
    outer loop
      vertex -3.692169E+01 -7.132792E+00 3.765102E-01
      vertex -3.768794E+01 -5.654492E+00 3.765102E-01
      vertex -3.757741E+01 -5.610018E+00 5.661163E-01
    endloop
  endfacet
  facet normal 7.527170E-01 3.901552E-01 -5.302793E-01
    outer loop
      vertex -3.692169E+01 -7.132792E+00 3.765102E-01
      vertex -3.757741E+01 -5.610018E+00 5.661163E-01
      vertex -3.682164E+01 -7.068117E+00 5.661163E-01
    endloop
  endfacet
  facet normal 1.078752E-01 3.183012E-02 -9.936548E-01
    outer loop
      vertex -3.820682E+01 -5.863283E+00 2.507209E-02
      vertex -3.892673E+01 -4.206116E+00 0.000000E+00
      vertex -3.870827E+01 -4.163811E+00 2.507209E-02
    endloop
  endfacet
  facet normal 1.078754E-01 3.183018E-02 -9.936548E-01
    outer loop
      vertex -3.820682E+01 -5.863283E+00 2.507209E-02
      vertex -3.841325E+01 -5.946350E+00 0.000000E+00
      vertex -3.892673E+01 -4.206116E+00 0.000000E+00
    endloop
  endfacet
  facet normal 3.180715E-01 9.385153E-02 -9.434100E-01
    outer loop
      vertex -3.820682E+01 -5.863283E+00 2.507209E-02
      vertex -3.870827E+01 -4.163811E+00 2.507209E-02
      vertex -3.850076E+01 -4.123627E+00 9.903114E-02
    endloop
  endfacet
  facet normal 3.180724E-01 9.385167E-02 -9.434097E-01
    outer loop
      vertex -3.820682E+01 -5.863283E+00 2.507209E-02
      vertex -3.850076E+01 -4.123627E+00 9.903114E-02
      vertex -3.801073E+01 -5.784381E+00 9.903114E-02
    endloop
  endfacet
  facet normal 7.237508E-01 6.360410E-01 -2.676501E-01
    outer loop
      vertex -3.574908E+01 -8.304709E+00 7.774791E-01
      vertex -3.652789E+01 -7.324865E+00 1.000000E+00
      vertex -3.537408E+01 -8.637788E+00 1.000000E+00
    endloop
  endfacet
  facet normal 7.840862E-01 6.205401E-01 1.177600E-02
    outer loop
      vertex -3.574908E+01 -8.304709E+00 7.774791E-01
      vertex -3.675952E+01 -7.027967E+00 7.774791E-01
      vertex -3.652789E+01 -7.324865E+00 1.000000E+00
    endloop
  endfacet
  facet normal 6.292176E-01 3.261437E-01 -7.054895E-01
    outer loop
      vertex -3.705467E+01 -7.218751E+00 2.181685E-01
      vertex -3.768794E+01 -5.654492E+00 3.765102E-01
      vertex -3.692169E+01 -7.132792E+00 3.765102E-01
    endloop
  endfacet
  facet normal 6.292198E-01 3.261443E-01 -7.054873E-01
    outer loop
      vertex -3.705467E+01 -7.218751E+00 2.181685E-01
      vertex -3.783484E+01 -5.713601E+00 2.181685E-01
      vertex -3.768794E+01 -5.654492E+00 3.765102E-01
    endloop
  endfacet
  facet normal 6.962036E-01 7.090660E-01 -1.119196E-01
    outer loop
      vertex -3.539111E+01 -8.656187E+00 7.774791E-01
      vertex -3.574908E+01 -8.304709E+00 7.774791E-01
      vertex -3.537408E+01 -8.637788E+00 1.000000E+00
    endloop
  endfacet
  facet normal 7.405036E-01 5.860479E-01 -3.289409E-01
    outer loop
      vertex -3.580243E+01 -8.355936E+00 5.661163E-01
      vertex -3.682164E+01 -7.068117E+00 5.661163E-01
      vertex -3.675952E+01 -7.027967E+00 7.774791E-01
    endloop
  endfacet
  facet normal 7.405033E-01 5.860479E-01 -3.289416E-01
    outer loop
      vertex -3.580243E+01 -8.355936E+00 5.661163E-01
      vertex -3.675952E+01 -7.027967E+00 7.774791E-01
      vertex -3.574908E+01 -8.304709E+00 7.774791E-01
    endloop
  endfacet
  facet normal 4.739014E-01 2.456385E-01 -8.456236E-01
    outer loop
      vertex -3.721390E+01 -7.321681E+00 9.903114E-02
      vertex -3.801073E+01 -5.784381E+00 9.903114E-02
      vertex -3.783484E+01 -5.713601E+00 2.181685E-01
    endloop
  endfacet
  facet normal 4.739046E-01 2.456396E-01 -8.456213E-01
    outer loop
      vertex -3.721390E+01 -7.321681E+00 9.903114E-02
      vertex -3.783484E+01 -5.713601E+00 2.181685E-01
      vertex -3.705467E+01 -7.218751E+00 2.181685E-01
    endloop
  endfacet
  facet normal 6.613215E-01 6.735395E-01 -3.301490E-01
    outer loop
      vertex -3.544135E+01 -8.710463E+00 5.661163E-01
      vertex -3.574908E+01 -8.304709E+00 7.774791E-01
      vertex -3.539111E+01 -8.656187E+00 7.774791E-01
    endloop
  endfacet
  facet normal 6.613155E-01 6.735403E-01 -3.301594E-01
    outer loop
      vertex -3.544135E+01 -8.710463E+00 5.661163E-01
      vertex -3.580243E+01 -8.355936E+00 5.661163E-01
      vertex -3.574908E+01 -8.304709E+00 7.774791E-01
    endloop
  endfacet
  facet normal 6.648092E-01 5.261420E-01 -5.302863E-01
    outer loop
      vertex -3.588837E+01 -8.438454E+00 3.765102E-01
      vertex -3.682164E+01 -7.068117E+00 5.661163E-01
      vertex -3.580243E+01 -8.355936E+00 5.661163E-01
    endloop
  endfacet
  facet normal 6.648129E-01 5.261437E-01 -5.302799E-01
    outer loop
      vertex -3.588837E+01 -8.438454E+00 3.765102E-01
      vertex -3.692169E+01 -7.132792E+00 3.765102E-01
      vertex -3.682164E+01 -7.068117E+00 5.661163E-01
    endloop
  endfacet
  facet normal 9.985640E-02 5.175865E-02 -9.936548E-01
    outer loop
      vertex -3.739141E+01 -7.436423E+00 2.507209E-02
      vertex -3.757829E+01 -7.557222E+00 0.000000E+00
      vertex -3.841325E+01 -5.946350E+00 0.000000E+00
    endloop
  endfacet
  facet normal 9.985631E-02 5.175859E-02 -9.936548E-01
    outer loop
      vertex -3.739141E+01 -7.436423E+00 2.507209E-02
      vertex -3.841325E+01 -5.946350E+00 0.000000E+00
      vertex -3.820682E+01 -5.863283E+00 2.507209E-02
    endloop
  endfacet
  facet normal 2.944246E-01 1.526099E-01 -9.434110E-01
    outer loop
      vertex -3.739141E+01 -7.436423E+00 2.507209E-02
      vertex -3.801073E+01 -5.784381E+00 9.903114E-02
      vertex -3.721390E+01 -7.321681E+00 9.903114E-02
    endloop
  endfacet
  facet normal 2.944282E-01 1.526112E-01 -9.434097E-01
    outer loop
      vertex -3.739141E+01 -7.436423E+00 2.507209E-02
      vertex -3.820682E+01 -5.863283E+00 2.507209E-02
      vertex -3.801073E+01 -5.784381E+00 9.903114E-02
    endloop
  endfacet
  facet normal 5.751687E-01 7.663910E-01 -2.860520E-01
    outer loop
      vertex -3.451435E+01 -9.366064E+00 7.774791E-01
      vertex -3.537408E+01 -8.637788E+00 1.000000E+00
      vertex -3.397611E+01 -9.686949E+00 1.000000E+00
    endloop
  endfacet
  facet normal 6.253195E-01 7.723296E-01 -1.117246E-01
    outer loop
      vertex -3.451435E+01 -9.366064E+00 7.774791E-01
      vertex -3.539111E+01 -8.656187E+00 7.774791E-01
      vertex -3.537408E+01 -8.637788E+00 1.000000E+00
    endloop
  endfacet
  facet normal 5.932905E-01 6.042578E-01 -5.318635E-01
    outer loop
      vertex -3.552228E+01 -8.797893E+00 3.765102E-01
      vertex -3.580243E+01 -8.355936E+00 5.661163E-01
      vertex -3.544135E+01 -8.710463E+00 5.661163E-01
    endloop
  endfacet
  facet normal 5.932874E-01 6.042575E-01 -5.318673E-01
    outer loop
      vertex -3.552228E+01 -8.797893E+00 3.765102E-01
      vertex -3.588837E+01 -8.438454E+00 3.765102E-01
      vertex -3.580243E+01 -8.355936E+00 5.661163E-01
    endloop
  endfacet
  facet normal 5.557433E-01 4.398243E-01 -7.054813E-01
    outer loop
      vertex -3.600257E+01 -8.548126E+00 2.181685E-01
      vertex -3.692169E+01 -7.132792E+00 3.765102E-01
      vertex -3.588837E+01 -8.438454E+00 3.765102E-01
    endloop
  endfacet
  facet normal 5.557364E-01 4.398206E-01 -7.054891E-01
    outer loop
      vertex -3.600257E+01 -8.548126E+00 2.181685E-01
      vertex -3.705467E+01 -7.218751E+00 2.181685E-01
      vertex -3.692169E+01 -7.132792E+00 3.765102E-01
    endloop
  endfacet
  facet normal 5.425871E-01 8.325140E-01 -1.118915E-01
    outer loop
      vertex -3.398902E+01 -9.708443E+00 7.774791E-01
      vertex -3.451435E+01 -9.366064E+00 7.774791E-01
      vertex -3.397611E+01 -9.686949E+00 1.000000E+00
    endloop
  endfacet
  facet normal 5.940897E-01 7.337576E-01 -3.296317E-01
    outer loop
      vertex -3.455698E+01 -9.426498E+00 5.661163E-01
      vertex -3.544135E+01 -8.710463E+00 5.661163E-01
      vertex -3.539111E+01 -8.656187E+00 7.774791E-01
    endloop
  endfacet
  facet normal 5.940895E-01 7.337576E-01 -3.296323E-01
    outer loop
      vertex -3.455698E+01 -9.426498E+00 5.661163E-01
      vertex -3.539111E+01 -8.656187E+00 7.774791E-01
      vertex -3.451435E+01 -9.366064E+00 7.774791E-01
    endloop
  endfacet
  facet normal 4.955060E-01 5.046681E-01 -7.069539E-01
    outer loop
      vertex -3.562984E+01 -8.914092E+00 2.181685E-01
      vertex -3.588837E+01 -8.438454E+00 3.765102E-01
      vertex -3.552228E+01 -8.797893E+00 3.765102E-01
    endloop
  endfacet
  facet normal 4.955103E-01 5.046691E-01 -7.069502E-01
    outer loop
      vertex -3.562984E+01 -8.914092E+00 2.181685E-01
      vertex -3.600257E+01 -8.548126E+00 2.181685E-01
      vertex -3.588837E+01 -8.438454E+00 3.765102E-01
    endloop
  endfacet
  facet normal 4.185547E-01 3.312523E-01 -8.456263E-01
    outer loop
      vertex -3.613934E+01 -8.679453E+00 9.903114E-02
      vertex -3.705467E+01 -7.218751E+00 2.181685E-01
      vertex -3.600257E+01 -8.548126E+00 2.181685E-01
    endloop
  endfacet
  facet normal 4.185612E-01 3.312560E-01 -8.456216E-01
    outer loop
      vertex -3.613934E+01 -8.679453E+00 9.903114E-02
      vertex -3.721390E+01 -7.321681E+00 9.903114E-02
      vertex -3.705467E+01 -7.218751E+00 2.181685E-01
    endloop
  endfacet
  facet normal 5.154127E-01 7.908193E-01 -3.300828E-01
    outer loop
      vertex -3.402710E+01 -9.771847E+00 5.661163E-01
      vertex -3.451435E+01 -9.366064E+00 7.774791E-01
      vertex -3.398902E+01 -9.708443E+00 7.774791E-01
    endloop
  endfacet
  facet normal 5.154147E-01 7.908196E-01 -3.300788E-01
    outer loop
      vertex -3.402710E+01 -9.771847E+00 5.661163E-01
      vertex -3.455698E+01 -9.426498E+00 5.661163E-01
      vertex -3.451435E+01 -9.366064E+00 7.774791E-01
    endloop
  endfacet
  facet normal 5.331380E-01 6.584765E-01 -5.311992E-01
    outer loop
      vertex -3.462566E+01 -9.523849E+00 3.765102E-01
      vertex -3.544135E+01 -8.710463E+00 5.661163E-01
      vertex -3.455698E+01 -9.426498E+00 5.661163E-01
    endloop
  endfacet
  facet normal 5.331419E-01 6.584787E-01 -5.311924E-01
    outer loop
      vertex -3.462566E+01 -9.523849E+00 3.765102E-01
      vertex -3.552228E+01 -8.797893E+00 3.765102E-01
      vertex -3.544135E+01 -8.710463E+00 5.661163E-01
    endloop
  endfacet
  facet normal 3.728591E-01 3.797509E-01 -8.466200E-01
    outer loop
      vertex -3.575864E+01 -9.053236E+00 9.903114E-02
      vertex -3.600257E+01 -8.548126E+00 2.181685E-01
      vertex -3.562984E+01 -8.914092E+00 2.181685E-01
    endloop
  endfacet
  facet normal 3.728542E-01 3.797492E-01 -8.466229E-01
    outer loop
      vertex -3.575864E+01 -9.053236E+00 9.903114E-02
      vertex -3.613934E+01 -8.679453E+00 9.903114E-02
      vertex -3.600257E+01 -8.548126E+00 2.181685E-01
    endloop
  endfacet
  facet normal 8.819393E-02 6.979810E-02 -9.936549E-01
    outer loop
      vertex -3.629179E+01 -8.825849E+00 2.507209E-02
      vertex -3.645230E+01 -8.979973E+00 0.000000E+00
      vertex -3.757829E+01 -7.557222E+00 0.000000E+00
    endloop
  endfacet
  facet normal 2.600416E-01 2.058017E-01 -9.434108E-01
    outer loop
      vertex -3.629179E+01 -8.825849E+00 2.507209E-02
      vertex -3.739141E+01 -7.436423E+00 2.507209E-02
      vertex -3.721390E+01 -7.321681E+00 9.903114E-02
    endloop
  endfacet
  facet normal 2.600446E-01 2.058035E-01 -9.434096E-01
    outer loop
      vertex -3.629179E+01 -8.825849E+00 2.507209E-02
      vertex -3.721390E+01 -7.321681E+00 9.903114E-02
      vertex -3.613934E+01 -8.679453E+00 9.903114E-02
    endloop
  endfacet
  facet normal 8.819478E-02 6.979897E-02 -9.936548E-01
    outer loop
      vertex -3.629179E+01 -8.825849E+00 2.507209E-02
      vertex -3.757829E+01 -7.557222E+00 0.000000E+00
      vertex -3.739141E+01 -7.436423E+00 2.507209E-02
    endloop
  endfacet
  facet normal 4.048445E-01 8.648286E-01 -2.969384E-01
    outer loop
      vertex -3.310035E+01 -1.017332E+01 7.774791E-01
      vertex -3.397611E+01 -9.686949E+00 1.000000E+00
      vertex -3.239311E+01 -1.042799E+01 1.000000E+00
    endloop
  endfacet
  facet normal 4.606145E-01 8.805344E-01 -1.117745E-01
    outer loop
      vertex -3.310035E+01 -1.017332E+01 7.774791E-01
      vertex -3.398902E+01 -9.708443E+00 7.774791E-01
      vertex -3.397611E+01 -9.686949E+00 1.000000E+00
    endloop
  endfacet
  facet normal 4.624130E-01 7.094980E-01 -5.317771E-01
    outer loop
      vertex -3.408844E+01 -9.873982E+00 3.765102E-01
      vertex -3.462566E+01 -9.523849E+00 3.765102E-01
      vertex -3.455698E+01 -9.426498E+00 5.661163E-01
    endloop
  endfacet
  facet normal 4.624138E-01 7.094983E-01 -5.317758E-01
    outer loop
      vertex -3.408844E+01 -9.873982E+00 3.765102E-01
      vertex -3.455698E+01 -9.426498E+00 5.661163E-01
      vertex -3.402710E+01 -9.771847E+00 5.661163E-01
    endloop
  endfacet
  facet normal 4.454413E-01 5.501626E-01 -7.063308E-01
    outer loop
      vertex -3.471693E+01 -9.653234E+00 2.181685E-01
      vertex -3.562984E+01 -8.914092E+00 2.181685E-01
      vertex -3.552228E+01 -8.797893E+00 3.765102E-01
    endloop
  endfacet
  facet normal 4.454453E-01 5.501655E-01 -7.063260E-01
    outer loop
      vertex -3.471693E+01 -9.653234E+00 2.181685E-01
      vertex -3.552228E+01 -8.797893E+00 3.765102E-01
      vertex -3.462566E+01 -9.523849E+00 3.765102E-01
    endloop
  endfacet
  facet normal 8.736539E-02 1.016377E-01 -9.909778E-01
    outer loop
      vertex -3.590223E+01 -9.208346E+00 2.507209E-02
      vertex -3.507635E+01 -1.016270E+01 0.000000E+00
      vertex -3.645230E+01 -8.979973E+00 0.000000E+00
    endloop
  endfacet
  facet normal 7.847603E-02 7.992668E-02 -9.937069E-01
    outer loop
      vertex -3.590223E+01 -9.208346E+00 2.507209E-02
      vertex -3.645230E+01 -8.979973E+00 0.000000E+00
      vertex -3.629179E+01 -8.825849E+00 2.507209E-02
    endloop
  endfacet
  facet normal 2.314811E-01 2.357618E-01 -9.438395E-01
    outer loop
      vertex -3.590223E+01 -9.208346E+00 2.507209E-02
      vertex -3.613934E+01 -8.679453E+00 9.903114E-02
      vertex -3.575864E+01 -9.053236E+00 9.903114E-02
    endloop
  endfacet
  facet normal 2.314838E-01 2.357629E-01 -9.438385E-01
    outer loop
      vertex -3.590223E+01 -9.208346E+00 2.507209E-02
      vertex -3.629179E+01 -8.825849E+00 2.507209E-02
      vertex -3.613934E+01 -8.679453E+00 9.903114E-02
    endloop
  endfacet
  facet normal 4.375888E-01 8.365205E-01 -3.297717E-01
    outer loop
      vertex -3.313071E+01 -1.024075E+01 5.661163E-01
      vertex -3.402710E+01 -9.771847E+00 5.661163E-01
      vertex -3.398902E+01 -9.708443E+00 7.774791E-01
    endloop
  endfacet
  facet normal 4.375912E-01 8.365219E-01 -3.297653E-01
    outer loop
      vertex -3.313071E+01 -1.024075E+01 5.661163E-01
      vertex -3.398902E+01 -9.708443E+00 7.774791E-01
      vertex -3.310035E+01 -1.017332E+01 7.774791E-01
    endloop
  endfacet
  facet normal 3.676357E-01 9.232188E-01 -1.118519E-01
    outer loop
      vertex -3.240134E+01 -1.045167E+01 7.774791E-01
      vertex -3.310035E+01 -1.017332E+01 7.774791E-01
      vertex -3.239311E+01 -1.042799E+01 1.000000E+00
    endloop
  endfacet
  facet normal 3.862264E-01 5.925989E-01 -7.068633E-01
    outer loop
      vertex -3.416996E+01 -1.000973E+01 2.181685E-01
      vertex -3.471693E+01 -9.653234E+00 2.181685E-01
      vertex -3.462566E+01 -9.523849E+00 3.765102E-01
    endloop
  endfacet
  facet normal 3.862231E-01 5.925969E-01 -7.068667E-01
    outer loop
      vertex -3.416996E+01 -1.000973E+01 2.181685E-01
      vertex -3.462566E+01 -9.523849E+00 3.765102E-01
      vertex -3.408844E+01 -9.873982E+00 3.765102E-01
    endloop
  endfacet
  facet normal 3.353139E-01 4.141430E-01 -8.461975E-01
    outer loop
      vertex -3.482624E+01 -9.808167E+00 9.903114E-02
      vertex -3.575864E+01 -9.053236E+00 9.903114E-02
      vertex -3.562984E+01 -8.914092E+00 2.181685E-01
    endloop
  endfacet
  facet normal 3.353099E-01 4.141398E-01 -8.462007E-01
    outer loop
      vertex -3.482624E+01 -9.808167E+00 9.903114E-02
      vertex -3.562984E+01 -8.914092E+00 2.181685E-01
      vertex -3.471693E+01 -9.653234E+00 2.181685E-01
    endloop
  endfacet
  facet normal 3.926633E-01 7.506382E-01 -5.313735E-01
    outer loop
      vertex -3.317963E+01 -1.034938E+01 3.765102E-01
      vertex -3.402710E+01 -9.771847E+00 5.661163E-01
      vertex -3.313071E+01 -1.024075E+01 5.661163E-01
    endloop
  endfacet
  facet normal 3.926635E-01 7.506384E-01 -5.313731E-01
    outer loop
      vertex -3.317963E+01 -1.034938E+01 3.765102E-01
      vertex -3.408844E+01 -9.873982E+00 3.765102E-01
      vertex -3.402710E+01 -9.771847E+00 5.661163E-01
    endloop
  endfacet
  facet normal 3.492350E-01 8.770074E-01 -3.299891E-01
    outer loop
      vertex -3.242565E+01 -1.052152E+01 5.661163E-01
      vertex -3.313071E+01 -1.024075E+01 5.661163E-01
      vertex -3.310035E+01 -1.017332E+01 7.774791E-01
    endloop
  endfacet
  facet normal 3.492335E-01 8.770068E-01 -3.299925E-01
    outer loop
      vertex -3.242565E+01 -1.052152E+01 5.661163E-01
      vertex -3.310035E+01 -1.017332E+01 7.774791E-01
      vertex -3.240134E+01 -1.045167E+01 7.774791E-01
    endloop
  endfacet
  facet normal 2.906361E-01 4.459362E-01 -8.465646E-01
    outer loop
      vertex -3.426757E+01 -1.017227E+01 9.903114E-02
      vertex -3.482624E+01 -9.808167E+00 9.903114E-02
      vertex -3.471693E+01 -9.653234E+00 2.181685E-01
    endloop
  endfacet
  facet normal 2.906415E-01 4.459400E-01 -8.465608E-01
    outer loop
      vertex -3.426757E+01 -1.017227E+01 9.903114E-02
      vertex -3.471693E+01 -9.653234E+00 2.181685E-01
      vertex -3.416996E+01 -1.000973E+01 2.181685E-01
    endloop
  endfacet
  facet normal 2.082366E-01 2.571919E-01 -9.436577E-01
    outer loop
      vertex -3.494808E+01 -9.980876E+00 2.507209E-02
      vertex -3.590223E+01 -9.208346E+00 2.507209E-02
      vertex -3.575864E+01 -9.053236E+00 9.903114E-02
    endloop
  endfacet
  facet normal 2.082389E-01 2.571939E-01 -9.436566E-01
    outer loop
      vertex -3.494808E+01 -9.980876E+00 2.507209E-02
      vertex -3.575864E+01 -9.053236E+00 9.903114E-02
      vertex -3.482624E+01 -9.808167E+00 9.903114E-02
    endloop
  endfacet
  facet normal 7.060752E-02 8.720699E-02 -9.936849E-01
    outer loop
      vertex -3.494808E+01 -9.980876E+00 2.507209E-02
      vertex -3.507635E+01 -1.016270E+01 0.000000E+00
      vertex -3.590223E+01 -9.208346E+00 2.507209E-02
    endloop
  endfacet
  facet normal 2.777944E-01 9.541110E-01 -1.118141E-01
    outer loop
      vertex -3.155866E+01 -1.069702E+01 7.774791E-01
      vertex -3.240134E+01 -1.045167E+01 7.774791E-01
      vertex -3.239311E+01 -1.042799E+01 1.000000E+00
    endloop
  endfacet
  facet normal 2.191308E-01 9.282548E-01 -3.005405E-01
    outer loop
      vertex -3.155866E+01 -1.069702E+01 7.774791E-01
      vertex -3.239311E+01 -1.042799E+01 1.000000E+00
      vertex -3.069199E+01 -1.082956E+01 1.000000E+00
    endloop
  endfacet
  facet normal 3.280414E-01 6.271017E-01 -7.064930E-01
    outer loop
      vertex -3.324464E+01 -1.049376E+01 2.181685E-01
      vertex -3.416996E+01 -1.000973E+01 2.181685E-01
      vertex -3.408844E+01 -9.873982E+00 3.765102E-01
    endloop
  endfacet
  facet normal 3.280399E-01 6.271001E-01 -7.064950E-01
    outer loop
      vertex -3.324464E+01 -1.049376E+01 2.181685E-01
      vertex -3.408844E+01 -9.873982E+00 3.765102E-01
      vertex -3.317963E+01 -1.034938E+01 3.765102E-01
    endloop
  endfacet
  facet normal 3.133389E-01 7.868642E-01 -5.316611E-01
    outer loop
      vertex -3.246480E+01 -1.063404E+01 3.765102E-01
      vertex -3.313071E+01 -1.024075E+01 5.661163E-01
      vertex -3.242565E+01 -1.052152E+01 5.661163E-01
    endloop
  endfacet
  facet normal 3.133384E-01 7.868639E-01 -5.316618E-01
    outer loop
      vertex -3.246480E+01 -1.063404E+01 3.765102E-01
      vertex -3.317963E+01 -1.034938E+01 3.765102E-01
      vertex -3.313071E+01 -1.024075E+01 5.661163E-01
    endloop
  endfacet
  facet normal 6.789321E-02 1.189234E-01 -9.905795E-01
    outer loop
      vertex -3.437639E+01 -1.035347E+01 2.507209E-02
      vertex -3.350064E+01 -1.106227E+01 0.000000E+00
      vertex -3.507635E+01 -1.016270E+01 0.000000E+00
    endloop
  endfacet
  facet normal 6.117532E-02 9.386365E-02 -9.937038E-01
    outer loop
      vertex -3.437639E+01 -1.035347E+01 2.507209E-02
      vertex -3.507635E+01 -1.016270E+01 0.000000E+00
      vertex -3.494808E+01 -9.980876E+00 2.507209E-02
    endloop
  endfacet
  facet normal 1.804472E-01 2.768672E-01 -9.438132E-01
    outer loop
      vertex -3.437639E+01 -1.035347E+01 2.507209E-02
      vertex -3.494808E+01 -9.980876E+00 2.507209E-02
      vertex -3.482624E+01 -9.808167E+00 9.903114E-02
    endloop
  endfacet
  facet normal 1.804456E-01 2.768659E-01 -9.438139E-01
    outer loop
      vertex -3.437639E+01 -1.035347E+01 2.507209E-02
      vertex -3.482624E+01 -9.808167E+00 9.903114E-02
      vertex -3.426757E+01 -1.017227E+01 9.903114E-02
    endloop
  endfacet
  facet normal 2.638983E-01 9.063835E-01 -3.298889E-01
    outer loop
      vertex -3.157565E+01 -1.076900E+01 5.661163E-01
      vertex -3.242565E+01 -1.052152E+01 5.661163E-01
      vertex -3.240134E+01 -1.045167E+01 7.774791E-01
    endloop
  endfacet
  facet normal 2.638983E-01 9.063835E-01 -3.298889E-01
    outer loop
      vertex -3.157565E+01 -1.076900E+01 5.661163E-01
      vertex -3.240134E+01 -1.045167E+01 7.774791E-01
      vertex -3.155866E+01 -1.069702E+01 7.774791E-01
    endloop
  endfacet
  facet normal 1.782245E-01 9.776159E-01 -1.118177E-01
    outer loop
      vertex -3.069522E+01 -1.085443E+01 7.774791E-01
      vertex -3.155866E+01 -1.069702E+01 7.774791E-01
      vertex -3.069199E+01 -1.082956E+01 1.000000E+00
    endloop
  endfacet
  facet normal 2.469138E-01 4.720138E-01 -8.463076E-01
    outer loop
      vertex -3.332249E+01 -1.066665E+01 9.903114E-02
      vertex -3.416996E+01 -1.000973E+01 2.181685E-01
      vertex -3.324464E+01 -1.049376E+01 2.181685E-01
    endloop
  endfacet
  facet normal 2.469140E-01 4.720140E-01 -8.463075E-01
    outer loop
      vertex -3.332249E+01 -1.066665E+01 9.903114E-02
      vertex -3.426757E+01 -1.017227E+01 9.903114E-02
      vertex -3.416996E+01 -1.000973E+01 2.181685E-01
    endloop
  endfacet
  facet normal 2.617275E-01 6.572571E-01 -7.067614E-01
    outer loop
      vertex -3.251683E+01 -1.078359E+01 2.181685E-01
      vertex -3.317963E+01 -1.034938E+01 3.765102E-01
      vertex -3.246480E+01 -1.063404E+01 3.765102E-01
    endloop
  endfacet
  facet normal 2.617260E-01 6.572555E-01 -7.067634E-01
    outer loop
      vertex -3.251683E+01 -1.078359E+01 2.181685E-01
      vertex -3.324464E+01 -1.049376E+01 2.181685E-01
      vertex -3.317963E+01 -1.034938E+01 3.765102E-01
    endloop
  endfacet
  facet normal 2.367885E-01 8.132718E-01 -5.315264E-01
    outer loop
      vertex -3.160303E+01 -1.088495E+01 3.765102E-01
      vertex -3.246480E+01 -1.063404E+01 3.765102E-01
      vertex -3.242565E+01 -1.052152E+01 5.661163E-01
    endloop
  endfacet
  facet normal 2.367882E-01 8.132714E-01 -5.315270E-01
    outer loop
      vertex -3.160303E+01 -1.088495E+01 3.765102E-01
      vertex -3.242565E+01 -1.052152E+01 5.661163E-01
      vertex -3.157565E+01 -1.076900E+01 5.661163E-01
    endloop
  endfacet
  facet normal 1.693091E-01 9.287130E-01 -3.298887E-01
    outer loop
      vertex -3.070472E+01 -1.092777E+01 5.661163E-01
      vertex -3.157565E+01 -1.076900E+01 5.661163E-01
      vertex -3.155866E+01 -1.069702E+01 7.774791E-01
    endloop
  endfacet
  facet normal 1.693093E-01 9.287132E-01 -3.298880E-01
    outer loop
      vertex -3.070472E+01 -1.092777E+01 5.661163E-01
      vertex -3.155866E+01 -1.069702E+01 7.774791E-01
      vertex -3.069522E+01 -1.085443E+01 7.774791E-01
    endloop
  endfacet
  facet normal 5.198638E-02 9.938011E-02 -9.936906E-01
    outer loop
      vertex -3.340928E+01 -1.085937E+01 2.507209E-02
      vertex -3.350064E+01 -1.106227E+01 0.000000E+00
      vertex -3.437639E+01 -1.035347E+01 2.507209E-02
    endloop
  endfacet
  facet normal 1.533265E-01 2.931076E-01 -9.437049E-01
    outer loop
      vertex -3.340928E+01 -1.085937E+01 2.507209E-02
      vertex -3.437639E+01 -1.035347E+01 2.507209E-02
      vertex -3.426757E+01 -1.017227E+01 9.903114E-02
    endloop
  endfacet
  facet normal 1.533272E-01 2.931084E-01 -9.437045E-01
    outer loop
      vertex -3.340928E+01 -1.085937E+01 2.507209E-02
      vertex -3.426757E+01 -1.017227E+01 9.903114E-02
      vertex -3.332249E+01 -1.066665E+01 9.903114E-02
    endloop
  endfacet
  facet normal 2.466054E-02 9.545785E-01 -2.969370E-01
    outer loop
      vertex -2.994553E+01 -1.091807E+01 7.774791E-01
      vertex -3.069199E+01 -1.082956E+01 1.000000E+00
      vertex -2.894471E+01 -1.087470E+01 1.000000E+00
    endloop
  endfacet
  facet normal 8.405198E-02 9.901633E-01 -1.118564E-01
    outer loop
      vertex -2.994553E+01 -1.091807E+01 7.774791E-01
      vertex -3.069522E+01 -1.085443E+01 7.774791E-01
      vertex -3.069199E+01 -1.082956E+01 1.000000E+00
    endloop
  endfacet
  facet normal 1.969671E-01 4.946304E-01 -8.464897E-01
    outer loop
      vertex -3.257913E+01 -1.096266E+01 9.903114E-02
      vertex -3.332249E+01 -1.066665E+01 9.903114E-02
      vertex -3.324464E+01 -1.049376E+01 2.181685E-01
    endloop
  endfacet
  facet normal 1.969668E-01 4.946301E-01 -8.464898E-01
    outer loop
      vertex -3.257913E+01 -1.096266E+01 9.903114E-02
      vertex -3.324464E+01 -1.049376E+01 2.181685E-01
      vertex -3.251683E+01 -1.078359E+01 2.181685E-01
    endloop
  endfacet
  facet normal 1.978012E-01 6.793660E-01 -7.066375E-01
    outer loop
      vertex -3.163940E+01 -1.103905E+01 2.181685E-01
      vertex -3.251683E+01 -1.078359E+01 2.181685E-01
      vertex -3.246480E+01 -1.063404E+01 3.765102E-01
    endloop
  endfacet
  facet normal 1.978011E-01 6.793658E-01 -7.066377E-01
    outer loop
      vertex -3.163940E+01 -1.103905E+01 2.181685E-01
      vertex -3.246480E+01 -1.063404E+01 3.765102E-01
      vertex -3.160303E+01 -1.088495E+01 3.765102E-01
    endloop
  endfacet
  facet normal 1.519156E-01 8.333071E-01 -5.315270E-01
    outer loop
      vertex -3.072002E+01 -1.104592E+01 3.765102E-01
      vertex -3.160303E+01 -1.088495E+01 3.765102E-01
      vertex -3.157565E+01 -1.076900E+01 5.661163E-01
    endloop
  endfacet
  facet normal 1.519163E-01 8.333080E-01 -5.315254E-01
    outer loop
      vertex -3.072002E+01 -1.104592E+01 3.765102E-01
      vertex -3.157565E+01 -1.076900E+01 5.661163E-01
      vertex -3.070472E+01 -1.092777E+01 5.661163E-01
    endloop
  endfacet
  facet normal 7.984506E-02 9.406009E-01 -3.299919E-01
    outer loop
      vertex -2.994853E+01 -1.099197E+01 5.661163E-01
      vertex -3.070472E+01 -1.092777E+01 5.661163E-01
      vertex -3.069522E+01 -1.085443E+01 7.774791E-01
    endloop
  endfacet
  facet normal 7.984474E-02 9.406006E-01 -3.299928E-01
    outer loop
      vertex -2.994853E+01 -1.099197E+01 5.661163E-01
      vertex -3.069522E+01 -1.085443E+01 7.774791E-01
      vertex -2.994553E+01 -1.091807E+01 7.774791E-01
    endloop
  endfacet
  facet normal 4.452935E-02 1.310865E-01 -9.903703E-01
    outer loop
      vertex -3.264859E+01 -1.116229E+01 2.507209E-02
      vertex -3.178265E+01 -1.164587E+01 0.000000E+00
      vertex -3.350064E+01 -1.106227E+01 0.000000E+00
    endloop
  endfacet
  facet normal 4.146196E-02 1.041205E-01 -9.937001E-01
    outer loop
      vertex -3.264859E+01 -1.116229E+01 2.507209E-02
      vertex -3.350064E+01 -1.106227E+01 0.000000E+00
      vertex -3.340928E+01 -1.085937E+01 2.507209E-02
    endloop
  endfacet
  facet normal 1.222950E-01 3.071113E-01 -9.437831E-01
    outer loop
      vertex -3.264859E+01 -1.116229E+01 2.507209E-02
      vertex -3.332249E+01 -1.066665E+01 9.903114E-02
      vertex -3.257913E+01 -1.096266E+01 9.903114E-02
    endloop
  endfacet
  facet normal 1.222955E-01 3.071120E-01 -9.437828E-01
    outer loop
      vertex -3.264859E+01 -1.116229E+01 2.507209E-02
      vertex -3.340928E+01 -1.085937E+01 2.507209E-02
      vertex -3.332249E+01 -1.066665E+01 9.903114E-02
    endloop
  endfacet
  facet normal 1.488705E-01 5.113078E-01 -8.464053E-01
    outer loop
      vertex -3.168297E+01 -1.122359E+01 9.903114E-02
      vertex -3.257913E+01 -1.096266E+01 9.903114E-02
      vertex -3.251683E+01 -1.078359E+01 2.181685E-01
    endloop
  endfacet
  facet normal 1.488699E-01 5.113068E-01 -8.464060E-01
    outer loop
      vertex -3.168297E+01 -1.122359E+01 9.903114E-02
      vertex -3.251683E+01 -1.078359E+01 2.181685E-01
      vertex -3.163940E+01 -1.103905E+01 2.181685E-01
    endloop
  endfacet
  facet normal -1.819855E-02 9.935675E-01 -1.117700E-01
    outer loop
      vertex -2.894277E+01 -1.089970E+01 7.774791E-01
      vertex -2.994553E+01 -1.091807E+01 7.774791E-01
      vertex -2.894471E+01 -1.087470E+01 1.000000E+00
    endloop
  endfacet
  facet normal 1.269029E-01 6.961024E-01 -7.066379E-01
    outer loop
      vertex -3.074036E+01 -1.120295E+01 2.181685E-01
      vertex -3.163940E+01 -1.103905E+01 2.181685E-01
      vertex -3.160303E+01 -1.088495E+01 3.765102E-01
    endloop
  endfacet
  facet normal 1.269025E-01 6.961017E-01 -7.066386E-01
    outer loop
      vertex -3.074036E+01 -1.120295E+01 2.181685E-01
      vertex -3.160303E+01 -1.088495E+01 3.765102E-01
      vertex -3.072002E+01 -1.104592E+01 3.765102E-01
    endloop
  endfacet
  facet normal 7.163879E-02 8.439231E-01 -5.316594E-01
    outer loop
      vertex -2.995336E+01 -1.111100E+01 3.765102E-01
      vertex -3.072002E+01 -1.104592E+01 3.765102E-01
      vertex -3.070472E+01 -1.092777E+01 5.661163E-01
    endloop
  endfacet
  facet normal 7.163827E-02 8.439224E-01 -5.316607E-01
    outer loop
      vertex -2.995336E+01 -1.111100E+01 3.765102E-01
      vertex -3.070472E+01 -1.092777E+01 5.661163E-01
      vertex -2.994853E+01 -1.099197E+01 5.661163E-01
    endloop
  endfacet
  facet normal 3.134050E-02 1.076417E-01 -9.936956E-01
    outer loop
      vertex -3.173153E+01 -1.142930E+01 2.507209E-02
      vertex -3.178265E+01 -1.164587E+01 0.000000E+00
      vertex -3.264859E+01 -1.116229E+01 2.507209E-02
    endloop
  endfacet
  facet normal 9.243779E-02 3.174858E-01 -9.437468E-01
    outer loop
      vertex -3.173153E+01 -1.142930E+01 2.507209E-02
      vertex -3.264859E+01 -1.116229E+01 2.507209E-02
      vertex -3.257913E+01 -1.096266E+01 9.903114E-02
    endloop
  endfacet
  facet normal 9.243822E-02 3.174866E-01 -9.437464E-01
    outer loop
      vertex -3.173153E+01 -1.142930E+01 2.507209E-02
      vertex -3.257913E+01 -1.096266E+01 9.903114E-02
      vertex -3.168297E+01 -1.122359E+01 9.903114E-02
    endloop
  endfacet
  facet normal -1.717073E-01 9.427055E-01 -2.860473E-01
    outer loop
      vertex -2.831979E+01 -1.082840E+01 7.774791E-01
      vertex -2.894471E+01 -1.087470E+01 1.000000E+00
      vertex -2.722513E+01 -1.056149E+01 1.000000E+00
    endloop
  endfacet
  facet normal -1.129944E-01 9.872758E-01 -1.118871E-01
    outer loop
      vertex -2.831979E+01 -1.082840E+01 7.774791E-01
      vertex -2.894277E+01 -1.089970E+01 7.774791E-01
      vertex -2.894471E+01 -1.087470E+01 1.000000E+00
    endloop
  endfacet
  facet normal -1.728880E-02 9.439031E-01 -3.297696E-01
    outer loop
      vertex -2.893707E+01 -1.097344E+01 5.661163E-01
      vertex -2.994853E+01 -1.099197E+01 5.661163E-01
      vertex -2.994553E+01 -1.091807E+01 7.774791E-01
    endloop
  endfacet
  facet normal -1.728887E-02 9.439030E-01 -3.297699E-01
    outer loop
      vertex -2.893707E+01 -1.097344E+01 5.661163E-01
      vertex -2.994553E+01 -1.091807E+01 7.774791E-01
      vertex -2.894277E+01 -1.089970E+01 7.774791E-01
    endloop
  endfacet
  facet normal 9.551016E-02 5.239032E-01 -8.464060E-01
    outer loop
      vertex -3.076472E+01 -1.139099E+01 9.903114E-02
      vertex -3.168297E+01 -1.122359E+01 9.903114E-02
      vertex -3.163940E+01 -1.103905E+01 2.181685E-01
    endloop
  endfacet
  facet normal 9.551007E-02 5.239030E-01 -8.464062E-01
    outer loop
      vertex -3.076472E+01 -1.139099E+01 9.903114E-02
      vertex -3.163940E+01 -1.103905E+01 2.181685E-01
      vertex -3.074036E+01 -1.120295E+01 2.181685E-01
    endloop
  endfacet
  facet normal 5.983824E-02 7.049150E-01 -7.067633E-01
    outer loop
      vertex -2.995977E+01 -1.126922E+01 2.181685E-01
      vertex -3.074036E+01 -1.120295E+01 2.181685E-01
      vertex -3.072002E+01 -1.104592E+01 3.765102E-01
    endloop
  endfacet
  facet normal 5.983878E-02 7.049160E-01 -7.067622E-01
    outer loop
      vertex -2.995977E+01 -1.126922E+01 2.181685E-01
      vertex -3.072002E+01 -1.104592E+01 3.765102E-01
      vertex -2.995336E+01 -1.111100E+01 3.765102E-01
    endloop
  endfacet
  facet normal -1.073353E-01 9.378297E-01 -3.300828E-01
    outer loop
      vertex -2.830869E+01 -1.090152E+01 5.661163E-01
      vertex -2.894277E+01 -1.089970E+01 7.774791E-01
      vertex -2.831979E+01 -1.082840E+01 7.774791E-01
    endloop
  endfacet
  facet normal -1.073344E-01 9.378307E-01 -3.300802E-01
    outer loop
      vertex -2.830869E+01 -1.090152E+01 5.661163E-01
      vertex -2.893707E+01 -1.097344E+01 5.661163E-01
      vertex -2.894277E+01 -1.089970E+01 7.774791E-01
    endloop
  endfacet
  facet normal -1.551370E-02 8.469970E-01 -5.313712E-01
    outer loop
      vertex -2.892789E+01 -1.109222E+01 3.765102E-01
      vertex -2.995336E+01 -1.111100E+01 3.765102E-01
      vertex -2.994853E+01 -1.099197E+01 5.661163E-01
    endloop
  endfacet
  facet normal -1.551384E-02 8.469967E-01 -5.313718E-01
    outer loop
      vertex -2.892789E+01 -1.109222E+01 3.765102E-01
      vertex -2.994853E+01 -1.099197E+01 5.661163E-01
      vertex -2.893707E+01 -1.097344E+01 5.661163E-01
    endloop
  endfacet
  facet normal 1.879539E-02 1.371613E-01 -9.903703E-01
    outer loop
      vertex -3.079188E+01 -1.160060E+01 2.507209E-02
      vertex -2.998504E+01 -1.189219E+01 0.000000E+00
      vertex -3.178265E+01 -1.164587E+01 0.000000E+00
    endloop
  endfacet
  facet normal 2.010703E-02 1.102936E-01 -9.936956E-01
    outer loop
      vertex -3.079188E+01 -1.160060E+01 2.507209E-02
      vertex -3.178265E+01 -1.164587E+01 0.000000E+00
      vertex -3.173153E+01 -1.142930E+01 2.507209E-02
    endloop
  endfacet
  facet normal 5.930539E-02 3.253087E-01 -9.437463E-01
    outer loop
      vertex -3.079188E+01 -1.160060E+01 2.507209E-02
      vertex -3.168297E+01 -1.122359E+01 9.903114E-02
      vertex -3.076472E+01 -1.139099E+01 9.903114E-02
    endloop
  endfacet
  facet normal 5.930519E-02 3.253082E-01 -9.437465E-01
    outer loop
      vertex -3.079188E+01 -1.160060E+01 2.507209E-02
      vertex -3.173153E+01 -1.142930E+01 2.507209E-02
      vertex -3.168297E+01 -1.122359E+01 9.903114E-02
    endloop
  endfacet
  facet normal 4.503228E-02 5.304956E-01 -8.464907E-01
    outer loop
      vertex -2.996746E+01 -1.145867E+01 9.903114E-02
      vertex -3.076472E+01 -1.139099E+01 9.903114E-02
      vertex -3.074036E+01 -1.120295E+01 2.181685E-01
    endloop
  endfacet
  facet normal 4.503227E-02 5.304956E-01 -8.464907E-01
    outer loop
      vertex -2.996746E+01 -1.145867E+01 9.903114E-02
      vertex -3.074036E+01 -1.120295E+01 2.181685E-01
      vertex -2.995977E+01 -1.126922E+01 2.181685E-01
    endloop
  endfacet
  facet normal -2.139073E-01 9.704443E-01 -1.117209E-01
    outer loop
      vertex -2.721812E+01 -1.058557E+01 7.774791E-01
      vertex -2.831979E+01 -1.082840E+01 7.774791E-01
      vertex -2.722513E+01 -1.056149E+01 1.000000E+00
    endloop
  endfacet
  facet normal -9.629750E-02 8.413931E-01 -5.317749E-01
    outer loop
      vertex -2.829080E+01 -1.101931E+01 3.765102E-01
      vertex -2.892789E+01 -1.109222E+01 3.765102E-01
      vertex -2.893707E+01 -1.097344E+01 5.661163E-01
    endloop
  endfacet
  facet normal -9.629718E-02 8.413936E-01 -5.317740E-01
    outer loop
      vertex -2.829080E+01 -1.101931E+01 3.765102E-01
      vertex -2.893707E+01 -1.097344E+01 5.661163E-01
      vertex -2.830869E+01 -1.090152E+01 5.661163E-01
    endloop
  endfacet
  facet normal -1.296050E-02 7.076009E-01 -7.064934E-01
    outer loop
      vertex -2.891568E+01 -1.125009E+01 2.181685E-01
      vertex -2.995336E+01 -1.111100E+01 3.765102E-01
      vertex -2.892789E+01 -1.109222E+01 3.765102E-01
    endloop
  endfacet
  facet normal -1.296070E-02 7.076002E-01 -7.064942E-01
    outer loop
      vertex -2.891568E+01 -1.125009E+01 2.181685E-01
      vertex -2.995977E+01 -1.126922E+01 2.181685E-01
      vertex -2.995336E+01 -1.111100E+01 3.765102E-01
    endloop
  endfacet
  facet normal 2.796051E-02 3.293819E-01 -9.437827E-01
    outer loop
      vertex -2.997602E+01 -1.166986E+01 2.507209E-02
      vertex -3.079188E+01 -1.160060E+01 2.507209E-02
      vertex -3.076472E+01 -1.139099E+01 9.903114E-02
    endloop
  endfacet
  facet normal 2.796024E-02 3.293812E-01 -9.437829E-01
    outer loop
      vertex -2.997602E+01 -1.166986E+01 2.507209E-02
      vertex -3.076472E+01 -1.139099E+01 9.903114E-02
      vertex -2.996746E+01 -1.145867E+01 9.903114E-02
    endloop
  endfacet
  facet normal 9.479491E-03 1.116708E-01 -9.937000E-01
    outer loop
      vertex -2.997602E+01 -1.166986E+01 2.507209E-02
      vertex -2.998504E+01 -1.189219E+01 0.000000E+00
      vertex -3.079188E+01 -1.160060E+01 2.507209E-02
    endloop
  endfacet
  facet normal -3.055948E-01 9.455616E-01 -1.119148E-01
    outer loop
      vertex -2.674076E+01 -1.043129E+01 7.774791E-01
      vertex -2.721812E+01 -1.058557E+01 7.774791E-01
      vertex -2.722513E+01 -1.056149E+01 1.000000E+00
    endloop
  endfacet
  facet normal -3.628955E-01 8.925622E-01 -2.676560E-01
    outer loop
      vertex -2.674076E+01 -1.043129E+01 7.774791E-01
      vertex -2.722513E+01 -1.056149E+01 1.000000E+00
      vertex -2.560597E+01 -9.903181E+00 1.000000E+00
    endloop
  endfacet
  facet normal -2.032237E-01 9.219759E-01 -3.296369E-01
    outer loop
      vertex -2.719746E+01 -1.065658E+01 5.661163E-01
      vertex -2.830869E+01 -1.090152E+01 5.661163E-01
      vertex -2.831979E+01 -1.082840E+01 7.774791E-01
    endloop
  endfacet
  facet normal -2.032238E-01 9.219759E-01 -3.296372E-01
    outer loop
      vertex -2.719746E+01 -1.065658E+01 5.661163E-01
      vertex -2.831979E+01 -1.082840E+01 7.774791E-01
      vertex -2.721812E+01 -1.058557E+01 7.774791E-01
    endloop
  endfacet
  facet normal -8.043129E-02 7.027586E-01 -7.068672E-01
    outer loop
      vertex -2.826702E+01 -1.117585E+01 2.181685E-01
      vertex -2.891568E+01 -1.125009E+01 2.181685E-01
      vertex -2.892789E+01 -1.109222E+01 3.765102E-01
    endloop
  endfacet
  facet normal -8.043091E-02 7.027597E-01 -7.068661E-01
    outer loop
      vertex -2.826702E+01 -1.117585E+01 2.181685E-01
      vertex -2.892789E+01 -1.109222E+01 3.765102E-01
      vertex -2.829080E+01 -1.101931E+01 3.765102E-01
    endloop
  endfacet
  facet normal -9.755231E-03 5.326039E-01 -8.463085E-01
    outer loop
      vertex -2.890106E+01 -1.143913E+01 9.903114E-02
      vertex -2.996746E+01 -1.145867E+01 9.903114E-02
      vertex -2.995977E+01 -1.126922E+01 2.181685E-01
    endloop
  endfacet
  facet normal -9.755380E-03 5.326032E-01 -8.463088E-01
    outer loop
      vertex -2.890106E+01 -1.143913E+01 9.903114E-02
      vertex -2.995977E+01 -1.126922E+01 2.181685E-01
      vertex -2.891568E+01 -1.125009E+01 2.181685E-01
    endloop
  endfacet
  facet normal -2.902830E-01 8.981844E-01 -3.301522E-01
    outer loop
      vertex -2.671595E+01 -1.050096E+01 5.661163E-01
      vertex -2.721812E+01 -1.058557E+01 7.774791E-01
      vertex -2.674076E+01 -1.043129E+01 7.774791E-01
    endloop
  endfacet
  facet normal -2.902839E-01 8.981832E-01 -3.301548E-01
    outer loop
      vertex -2.671595E+01 -1.050096E+01 5.661163E-01
      vertex -2.719746E+01 -1.065658E+01 5.661163E-01
      vertex -2.721812E+01 -1.058557E+01 7.774791E-01
    endloop
  endfacet
  facet normal -1.823747E-01 8.273889E-01 -5.311940E-01
    outer loop
      vertex -2.716417E+01 -1.077097E+01 3.765102E-01
      vertex -2.830869E+01 -1.090152E+01 5.661163E-01
      vertex -2.719746E+01 -1.065658E+01 5.661163E-01
    endloop
  endfacet
  facet normal -1.823748E-01 8.273879E-01 -5.311955E-01
    outer loop
      vertex -2.716417E+01 -1.077097E+01 3.765102E-01
      vertex -2.829080E+01 -1.101931E+01 3.765102E-01
      vertex -2.830869E+01 -1.090152E+01 5.661163E-01
    endloop
  endfacet
  facet normal -6.052583E-02 5.288371E-01 -8.465624E-01
    outer loop
      vertex -2.823854E+01 -1.136331E+01 9.903114E-02
      vertex -2.891568E+01 -1.125009E+01 2.181685E-01
      vertex -2.826702E+01 -1.117585E+01 2.181685E-01
    endloop
  endfacet
  facet normal -6.052573E-02 5.288376E-01 -8.465621E-01
    outer loop
      vertex -2.823854E+01 -1.136331E+01 9.903114E-02
      vertex -2.890106E+01 -1.143913E+01 9.903114E-02
      vertex -2.891568E+01 -1.125009E+01 2.181685E-01
    endloop
  endfacet
  facet normal -7.541356E-03 1.367311E-01 -9.905795E-01
    outer loop
      vertex -2.888477E+01 -1.164987E+01 2.507209E-02
      vertex -2.817339E+01 -1.179227E+01 0.000000E+00
      vertex -2.998504E+01 -1.189219E+01 0.000000E+00
    endloop
  endfacet
  facet normal -2.053977E-03 1.121376E-01 -9.936906E-01
    outer loop
      vertex -2.888477E+01 -1.164987E+01 2.507209E-02
      vertex -2.998504E+01 -1.189219E+01 0.000000E+00
      vertex -2.997602E+01 -1.166986E+01 2.507209E-02
    endloop
  endfacet
  facet normal -6.057908E-03 3.307336E-01 -9.437047E-01
    outer loop
      vertex -2.888477E+01 -1.164987E+01 2.507209E-02
      vertex -2.997602E+01 -1.166986E+01 2.507209E-02
      vertex -2.996746E+01 -1.145867E+01 9.903114E-02
    endloop
  endfacet
  facet normal -6.057769E-03 3.307343E-01 -9.437045E-01
    outer loop
      vertex -2.888477E+01 -1.164987E+01 2.507209E-02
      vertex -2.996746E+01 -1.145867E+01 9.903114E-02
      vertex -2.890106E+01 -1.143913E+01 9.903114E-02
    endloop
  endfacet
  facet normal -4.012066E-01 9.091559E-01 -1.116636E-01
    outer loop
      vertex -2.559419E+01 -9.925313E+00 7.774791E-01
      vertex -2.674076E+01 -1.043129E+01 7.774791E-01
      vertex -2.560597E+01 -9.903181E+00 1.000000E+00
    endloop
  endfacet
  facet normal -2.604229E-01 8.057888E-01 -5.318686E-01
    outer loop
      vertex -2.667599E+01 -1.061320E+01 3.765102E-01
      vertex -2.719746E+01 -1.065658E+01 5.661163E-01
      vertex -2.671595E+01 -1.050096E+01 5.661163E-01
    endloop
  endfacet
  facet normal -2.604220E-01 8.057911E-01 -5.318657E-01
    outer loop
      vertex -2.667599E+01 -1.061320E+01 3.765102E-01
      vertex -2.716417E+01 -1.077097E+01 3.765102E-01
      vertex -2.719746E+01 -1.065658E+01 5.661163E-01
    endloop
  endfacet
  facet normal -1.523754E-01 6.912892E-01 -7.063291E-01
    outer loop
      vertex -2.711993E+01 -1.092301E+01 2.181685E-01
      vertex -2.826702E+01 -1.117585E+01 2.181685E-01
      vertex -2.829080E+01 -1.101931E+01 3.765102E-01
    endloop
  endfacet
  facet normal -1.523755E-01 6.912885E-01 -7.063299E-01
    outer loop
      vertex -2.711993E+01 -1.092301E+01 2.181685E-01
      vertex -2.829080E+01 -1.101931E+01 3.765102E-01
      vertex -2.716417E+01 -1.077097E+01 3.765102E-01
    endloop
  endfacet
  facet normal -1.273971E-02 1.113128E-01 -9.937037E-01
    outer loop
      vertex -2.820680E+01 -1.157228E+01 2.507209E-02
      vertex -2.817339E+01 -1.179227E+01 0.000000E+00
      vertex -2.888477E+01 -1.164987E+01 2.507209E-02
    endloop
  endfacet
  facet normal -3.757805E-02 3.283345E-01 -9.438137E-01
    outer loop
      vertex -2.820680E+01 -1.157228E+01 2.507209E-02
      vertex -2.890106E+01 -1.143913E+01 9.903114E-02
      vertex -2.823854E+01 -1.136331E+01 9.903114E-02
    endloop
  endfacet
  facet normal -3.757785E-02 3.283353E-01 -9.438134E-01
    outer loop
      vertex -2.820680E+01 -1.157228E+01 2.507209E-02
      vertex -2.888477E+01 -1.164987E+01 2.507209E-02
      vertex -2.890106E+01 -1.143913E+01 9.903114E-02
    endloop
  endfacet
  facet normal -3.811874E-01 8.637915E-01 -3.294853E-01
    outer loop
      vertex -2.555944E+01 -9.990599E+00 5.661163E-01
      vertex -2.674076E+01 -1.043129E+01 7.774791E-01
      vertex -2.559419E+01 -9.925313E+00 7.774791E-01
    endloop
  endfacet
  facet normal -3.811874E-01 8.637923E-01 -3.294832E-01
    outer loop
      vertex -2.555944E+01 -9.990599E+00 5.661163E-01
      vertex -2.671595E+01 -1.050096E+01 5.661163E-01
      vertex -2.674076E+01 -1.043129E+01 7.774791E-01
    endloop
  endfacet
  facet normal -2.175012E-01 6.729867E-01 -7.069526E-01
    outer loop
      vertex -2.662289E+01 -1.076237E+01 2.181685E-01
      vertex -2.716417E+01 -1.077097E+01 3.765102E-01
      vertex -2.667599E+01 -1.061320E+01 3.765102E-01
    endloop
  endfacet
  facet normal -2.175012E-01 6.729867E-01 -7.069526E-01
    outer loop
      vertex -2.662289E+01 -1.076237E+01 2.181685E-01
      vertex -2.711993E+01 -1.092301E+01 2.181685E-01
      vertex -2.716417E+01 -1.077097E+01 3.765102E-01
    endloop
  endfacet
  facet normal -1.147024E-01 5.203763E-01 -8.461984E-01
    outer loop
      vertex -2.706696E+01 -1.110507E+01 9.903114E-02
      vertex -2.823854E+01 -1.136331E+01 9.903114E-02
      vertex -2.826702E+01 -1.117585E+01 2.181685E-01
    endloop
  endfacet
  facet normal -1.147024E-01 5.203762E-01 -8.461986E-01
    outer loop
      vertex -2.706696E+01 -1.110507E+01 9.903114E-02
      vertex -2.826702E+01 -1.117585E+01 2.181685E-01
      vertex -2.711993E+01 -1.092301E+01 2.181685E-01
    endloop
  endfacet
  facet normal -3.421107E-01 7.752406E-01 -5.310012E-01
    outer loop
      vertex -2.550346E+01 -1.009576E+01 3.765102E-01
      vertex -2.667599E+01 -1.061320E+01 3.765102E-01
      vertex -2.671595E+01 -1.050096E+01 5.661163E-01
    endloop
  endfacet
  facet normal -3.421109E-01 7.752428E-01 -5.309978E-01
    outer loop
      vertex -2.550346E+01 -1.009576E+01 3.765102E-01
      vertex -2.671595E+01 -1.050096E+01 5.661163E-01
      vertex -2.555944E+01 -9.990599E+00 5.661163E-01
    endloop
  endfacet
  facet normal -1.636646E-01 5.064070E-01 -8.466203E-01
    outer loop
      vertex -2.655930E+01 -1.094099E+01 9.903114E-02
      vertex -2.711993E+01 -1.092301E+01 2.181685E-01
      vertex -2.662289E+01 -1.076237E+01 2.181685E-01
    endloop
  endfacet
  facet normal -1.636649E-01 5.064051E-01 -8.466213E-01
    outer loop
      vertex -2.655930E+01 -1.094099E+01 9.903114E-02
      vertex -2.706696E+01 -1.110507E+01 9.903114E-02
      vertex -2.711993E+01 -1.092301E+01 2.181685E-01
    endloop
  endfacet
  facet normal -3.268838E-02 1.299788E-01 -9.909778E-01
    outer loop
      vertex -2.700790E+01 -1.130801E+01 2.507209E-02
      vertex -2.641377E+01 -1.134975E+01 0.000000E+00
      vertex -2.817339E+01 -1.179227E+01 0.000000E+00
    endloop
  endfacet
  facet normal -7.123318E-02 3.231671E-01 -9.436572E-01
    outer loop
      vertex -2.700790E+01 -1.130801E+01 2.507209E-02
      vertex -2.820680E+01 -1.157228E+01 2.507209E-02
      vertex -2.823854E+01 -1.136331E+01 9.903114E-02
    endloop
  endfacet
  facet normal -2.415321E-02 1.095771E-01 -9.936848E-01
    outer loop
      vertex -2.700790E+01 -1.130801E+01 2.507209E-02
      vertex -2.817339E+01 -1.179227E+01 0.000000E+00
      vertex -2.820680E+01 -1.157228E+01 2.507209E-02
    endloop
  endfacet
  facet normal -7.123319E-02 3.231673E-01 -9.436571E-01
    outer loop
      vertex -2.700790E+01 -1.130801E+01 2.507209E-02
      vertex -2.823854E+01 -1.136331E+01 9.903114E-02
      vertex -2.706696E+01 -1.110507E+01 9.903114E-02
    endloop
  endfacet
  facet normal -5.546812E-01 8.245751E-01 -1.113760E-01
    outer loop
      vertex -2.413964E+01 -8.946855E+00 7.774791E-01
      vertex -2.559419E+01 -9.925313E+00 7.774791E-01
      vertex -2.560597E+01 -9.903181E+00 1.000000E+00
    endloop
  endfacet
  facet normal -5.546811E-01 8.245754E-01 -1.113747E-01
    outer loop
      vertex -2.413964E+01 -8.946855E+00 7.774791E-01
      vertex -2.560597E+01 -9.903181E+00 1.000000E+00
      vertex -2.415570E+01 -8.927601E+00 1.000000E+00
    endloop
  endfacet
  facet normal -2.858679E-01 6.477927E-01 -7.061474E-01
    outer loop
      vertex -2.542905E+01 -1.023554E+01 2.181685E-01
      vertex -2.662289E+01 -1.076237E+01 2.181685E-01
      vertex -2.667599E+01 -1.061320E+01 3.765102E-01
    endloop
  endfacet
  facet normal -2.858675E-01 6.477905E-01 -7.061497E-01
    outer loop
      vertex -2.542905E+01 -1.023554E+01 2.181685E-01
      vertex -2.667599E+01 -1.061320E+01 3.765102E-01
      vertex -2.550346E+01 -1.009576E+01 3.765102E-01
    endloop
  endfacet
  facet normal -3.444695E-02 1.065840E-01 -9.937068E-01
    outer loop
      vertex -2.648841E+01 -1.114011E+01 2.507209E-02
      vertex -2.641377E+01 -1.134975E+01 0.000000E+00
      vertex -2.700790E+01 -1.130801E+01 2.507209E-02
    endloop
  endfacet
  facet normal -1.016093E-01 3.143953E-01 -9.438385E-01
    outer loop
      vertex -2.648841E+01 -1.114011E+01 2.507209E-02
      vertex -2.706696E+01 -1.110507E+01 9.903114E-02
      vertex -2.655930E+01 -1.094099E+01 9.903114E-02
    endloop
  endfacet
  facet normal -1.016094E-01 3.143946E-01 -9.438388E-01
    outer loop
      vertex -2.648841E+01 -1.114011E+01 2.507209E-02
      vertex -2.700790E+01 -1.130801E+01 2.507209E-02
      vertex -2.706696E+01 -1.110507E+01 9.903114E-02
    endloop
  endfacet
  facet normal -5.271356E-01 7.836263E-01 -3.287217E-01
    outer loop
      vertex -2.409227E+01 -9.003653E+00 5.661163E-01
      vertex -2.555944E+01 -9.990599E+00 5.661163E-01
      vertex -2.559419E+01 -9.925313E+00 7.774791E-01
    endloop
  endfacet
  facet normal -5.271357E-01 7.836266E-01 -3.287206E-01
    outer loop
      vertex -2.409227E+01 -9.003653E+00 5.661163E-01
      vertex -2.559419E+01 -9.925313E+00 7.774791E-01
      vertex -2.413964E+01 -8.946855E+00 7.774791E-01
    endloop
  endfacet
  facet normal -2.152153E-01 4.876902E-01 -8.460736E-01
    outer loop
      vertex -2.533996E+01 -1.040291E+01 9.903114E-02
      vertex -2.655930E+01 -1.094099E+01 9.903114E-02
      vertex -2.662289E+01 -1.076237E+01 2.181685E-01
    endloop
  endfacet
  facet normal -2.152153E-01 4.876899E-01 -8.460738E-01
    outer loop
      vertex -2.533996E+01 -1.040291E+01 9.903114E-02
      vertex -2.662289E+01 -1.076237E+01 2.181685E-01
      vertex -2.542905E+01 -1.023554E+01 2.181685E-01
    endloop
  endfacet
  facet normal -4.733114E-01 7.036132E-01 -5.300046E-01
    outer loop
      vertex -2.401596E+01 -9.095144E+00 3.765102E-01
      vertex -2.550346E+01 -1.009576E+01 3.765102E-01
      vertex -2.555944E+01 -9.990599E+00 5.661163E-01
    endloop
  endfacet
  facet normal -4.733107E-01 7.036116E-01 -5.300072E-01
    outer loop
      vertex -2.401596E+01 -9.095144E+00 3.765102E-01
      vertex -2.555944E+01 -9.990599E+00 5.661163E-01
      vertex -2.409227E+01 -9.003653E+00 5.661163E-01
    endloop
  endfacet
  facet normal -5.504636E-02 1.176385E-01 -9.915296E-01
    outer loop
      vertex -2.524064E+01 -1.058948E+01 2.507209E-02
      vertex -2.477038E+01 -1.058076E+01 0.000000E+00
      vertex -2.641377E+01 -1.134975E+01 0.000000E+00
    endloop
  endfacet
  facet normal -4.532456E-02 1.027081E-01 -9.936784E-01
    outer loop
      vertex -2.524064E+01 -1.058948E+01 2.507209E-02
      vertex -2.641377E+01 -1.134975E+01 0.000000E+00
      vertex -2.648841E+01 -1.114011E+01 2.507209E-02
    endloop
  endfacet
  facet normal -1.336662E-01 3.028953E-01 -9.436036E-01
    outer loop
      vertex -2.524064E+01 -1.058948E+01 2.507209E-02
      vertex -2.648841E+01 -1.114011E+01 2.507209E-02
      vertex -2.655930E+01 -1.094099E+01 9.903114E-02
    endloop
  endfacet
  facet normal -1.336661E-01 3.028949E-01 -9.436037E-01
    outer loop
      vertex -2.524064E+01 -1.058948E+01 2.507209E-02
      vertex -2.655930E+01 -1.094099E+01 9.903114E-02
      vertex -2.533996E+01 -1.040291E+01 9.903114E-02
    endloop
  endfacet
  facet normal -7.116143E-01 6.936849E-01 -1.113835E-01
    outer loop
      vertex -2.291598E+01 -7.691567E+00 7.774791E-01
      vertex -2.415570E+01 -8.927601E+00 1.000000E+00
      vertex -2.293563E+01 -7.676004E+00 1.000000E+00
    endloop
  endfacet
  facet normal -7.116141E-01 6.936865E-01 -1.113745E-01
    outer loop
      vertex -2.291598E+01 -7.691567E+00 7.774791E-01
      vertex -2.413964E+01 -8.946855E+00 7.774791E-01
      vertex -2.415570E+01 -8.927601E+00 1.000000E+00
    endloop
  endfacet
  facet normal -3.957212E-01 5.882689E-01 -7.052265E-01
    outer loop
      vertex -2.391454E+01 -9.216743E+00 2.181685E-01
      vertex -2.542905E+01 -1.023554E+01 2.181685E-01
      vertex -2.550346E+01 -1.009576E+01 3.765102E-01
    endloop
  endfacet
  facet normal -3.957221E-01 5.882709E-01 -7.052244E-01
    outer loop
      vertex -2.391454E+01 -9.216743E+00 2.181685E-01
      vertex -2.550346E+01 -1.009576E+01 3.765102E-01
      vertex -2.401596E+01 -9.095144E+00 3.765102E-01
    endloop
  endfacet
  facet normal -6.762756E-01 6.592382E-01 -3.287192E-01
    outer loop
      vertex -2.285799E+01 -7.737474E+00 5.661163E-01
      vertex -2.413964E+01 -8.946855E+00 7.774791E-01
      vertex -2.291598E+01 -7.691567E+00 7.774791E-01
    endloop
  endfacet
  facet normal -6.762756E-01 6.592380E-01 -3.287197E-01
    outer loop
      vertex -2.285799E+01 -7.737474E+00 5.661163E-01
      vertex -2.409227E+01 -9.003653E+00 5.661163E-01
      vertex -2.413964E+01 -8.946855E+00 7.774791E-01
    endloop
  endfacet
  facet normal -2.980876E-01 4.431293E-01 -8.454468E-01
    outer loop
      vertex -2.379310E+01 -9.362351E+00 9.903114E-02
      vertex -2.542905E+01 -1.023554E+01 2.181685E-01
      vertex -2.391454E+01 -9.216743E+00 2.181685E-01
    endloop
  endfacet
  facet normal -2.980875E-01 4.431292E-01 -8.454469E-01
    outer loop
      vertex -2.379310E+01 -9.362351E+00 9.903114E-02
      vertex -2.533996E+01 -1.040291E+01 9.903114E-02
      vertex -2.542905E+01 -1.023554E+01 2.181685E-01
    endloop
  endfacet
  facet normal -6.072226E-01 5.919247E-01 -5.300055E-01
    outer loop
      vertex -2.276458E+01 -7.811423E+00 3.765102E-01
      vertex -2.409227E+01 -9.003653E+00 5.661163E-01
      vertex -2.285799E+01 -7.737474E+00 5.661163E-01
    endloop
  endfacet
  facet normal -6.072218E-01 5.919235E-01 -5.300078E-01
    outer loop
      vertex -2.276458E+01 -7.811423E+00 3.765102E-01
      vertex -2.401596E+01 -9.095144E+00 3.765102E-01
      vertex -2.409227E+01 -9.003653E+00 5.661163E-01
    endloop
  endfacet
  facet normal -1.852209E-01 2.753450E-01 -9.433336E-01
    outer loop
      vertex -2.365772E+01 -9.524669E+00 2.507209E-02
      vertex -2.524064E+01 -1.058948E+01 2.507209E-02
      vertex -2.533996E+01 -1.040291E+01 9.903114E-02
    endloop
  endfacet
  facet normal -7.338034E-02 1.008666E-01 -9.921902E-01
    outer loop
      vertex -2.365772E+01 -9.524669E+00 2.507209E-02
      vertex -2.330316E+01 -9.513357E+00 0.000000E+00
      vertex -2.477038E+01 -1.058076E+01 0.000000E+00
    endloop
  endfacet
  facet normal -5.456494E-02 8.111492E-02 -9.952101E-01
    outer loop
      vertex -2.365772E+01 -9.524669E+00 2.507209E-02
      vertex -2.477038E+01 -1.058076E+01 0.000000E+00
      vertex -2.524064E+01 -1.058948E+01 2.507209E-02
    endloop
  endfacet
  facet normal -1.852202E-01 2.753436E-01 -9.433342E-01
    outer loop
      vertex -2.365772E+01 -9.524669E+00 2.507209E-02
      vertex -2.533996E+01 -1.040291E+01 9.903114E-02
      vertex -2.379310E+01 -9.362351E+00 9.903114E-02
    endloop
  endfacet
  facet normal -8.384565E-01 5.334646E-01 -1.113841E-01
    outer loop
      vertex -2.197494E+01 -6.212528E+00 7.774791E-01
      vertex -2.291598E+01 -7.691567E+00 7.774791E-01
      vertex -2.293563E+01 -7.676004E+00 1.000000E+00
    endloop
  endfacet
  facet normal -8.384564E-01 5.334644E-01 -1.113845E-01
    outer loop
      vertex -2.197494E+01 -6.212528E+00 7.774791E-01
      vertex -2.293563E+01 -7.676004E+00 1.000000E+00
      vertex -2.199737E+01 -6.201315E+00 1.000000E+00
    endloop
  endfacet
  facet normal 0.000000E+00 0.000000E+00 -1.000000E+00
    outer loop
      vertex -1.746642E+00 6.917460E+00 0.000000E+00
      vertex 9.000000E-01 9.200000E+00 0.000000E+00
      vertex 3.549261E-02 6.376855E+00 0.000000E+00
    endloop
  endfacet
  facet normal 0.000000E+00 0.000000E+00 -1.000000E+00
    outer loop
      vertex 3.549261E-02 6.376855E+00 0.000000E+00
      vertex 9.000000E-01 9.200000E+00 0.000000E+00
      vertex 1.677917E+00 5.498961E+00 0.000000E+00
    endloop
  endfacet
  facet normal 0.000000E+00 0.000000E+00 -1.000000E+00
    outer loop
      vertex -2.170104E+01 2.877917E+00 0.000000E+00
      vertex -1.149896E+01 2.877917E+00 0.000000E+00
      vertex -1.237686E+01 1.235493E+00 0.000000E+00
    endloop
  endfacet
  facet normal 0.000000E+00 0.000000E+00 -1.000000E+00
    outer loop
      vertex -2.288249E+01 4.317514E+00 0.000000E+00
      vertex -1.149896E+01 2.877917E+00 0.000000E+00
      vertex -2.170104E+01 2.877917E+00 0.000000E+00
    endloop
  endfacet
  facet normal 0.000000E+00 0.000000E+00 -1.000000E+00
    outer loop
      vertex 1.159863E+01 -3.934852E+00 0.000000E+00
      vertex 1.204261E+01 -1.856763E+00 0.000000E+00
      vertex 1.187299E+01 -3.462495E+00 0.000000E+00
    endloop
  endfacet
  facet normal 0.000000E+00 0.000000E+00 -1.000000E+00
    outer loop
      vertex -4.020000E+01 9.200000E+00 0.000000E+00
      vertex -3.410000E+01 9.200000E+00 0.000000E+00
      vertex -3.487792E+01 5.498961E+00 0.000000E+00
    endloop
  endfacet
  facet normal 0.000000E+00 0.000000E+00 -1.000000E+00
    outer loop
      vertex 1.187299E+01 -3.462495E+00 0.000000E+00
      vertex 1.204261E+01 -1.856763E+00 0.000000E+00
      vertex 1.204261E+01 -2.943237E+00 0.000000E+00
    endloop
  endfacet
  facet normal 0.000000E+00 0.000000E+00 -1.000000E+00
    outer loop
      vertex 1.204261E+01 -2.943237E+00 0.000000E+00
      vertex 1.204261E+01 -1.856763E+00 0.000000E+00
      vertex 1.210000E+01 -2.400000E+00 0.000000E+00
    endloop
  endfacet
  facet normal 0.000000E+00 -0.000000E+00 -1.000000E+00
    outer loop
      vertex 1.229617E+00 -1.058076E+01 0.000000E+00
      vertex 7.000000E+00 -1.400000E+01 0.000000E+00
      vertex -4.137737E-01 -1.134975E+01 0.000000E+00
    endloop
  endfacet
  facet normal 0.000000E+00 0.000000E+00 -1.000000E+00
    outer loop
      vertex -3.487792E+01 5.498961E+00 0.000000E+00
      vertex -3.410000E+01 9.200000E+00 0.000000E+00
      vertex -3.323549E+01 6.376855E+00 0.000000E+00
    endloop
  endfacet
  facet normal 0.000000E+00 -0.000000E+00 -1.000000E+00
    outer loop
      vertex -4.137737E-01 -1.134975E+01 0.000000E+00
      vertex 7.000000E+00 -1.400000E+01 0.000000E+00
      vertex -2.173389E+00 -1.179227E+01 0.000000E+00
    endloop
  endfacet
  facet normal 0.000000E+00 -0.000000E+00 -1.000000E+00
    outer loop
      vertex -2.173389E+00 -1.179227E+01 0.000000E+00
      vertex 7.000000E+00 -1.400000E+01 0.000000E+00
      vertex -3.985044E+00 -1.189219E+01 0.000000E+00
    endloop
  endfacet
  facet normal -0.000000E+00 -0.000000E+00 -1.000000E+00
    outer loop
      vertex -3.985044E+00 -1.189219E+01 0.000000E+00
      vertex 7.000000E+00 -1.400000E+01 0.000000E+00
      vertex -2.817339E+01 -1.179227E+01 0.000000E+00
    endloop
  endfacet
  facet normal 0.000000E+00 0.000000E+00 -1.000000E+00
    outer loop
      vertex -3.410000E+01 9.200000E+00 0.000000E+00
      vertex -3.145336E+01 6.917460E+00 0.000000E+00
      vertex -3.323549E+01 6.376855E+00 0.000000E+00
    endloop
  endfacet
  facet normal 0.000000E+00 0.000000E+00 -1.000000E+00
    outer loop
      vertex -4.479863E+01 -3.934852E+00 0.000000E+00
      vertex -4.398817E+01 -4.658452E+00 0.000000E+00
      vertex -4.443162E+01 -4.339458E+00 0.000000E+00
    endloop
  endfacet
  facet normal 0.000000E+00 -0.000000E+00 -1.000000E+00
    outer loop
      vertex -2.817339E+01 -1.179227E+01 0.000000E+00
      vertex 7.000000E+00 -1.400000E+01 0.000000E+00
      vertex -4.020000E+01 -1.400000E+01 0.000000E+00
    endloop
  endfacet
  facet normal 0.000000E+00 0.000000E+00 -1.000000E+00
    outer loop
      vertex 1.229617E+00 -1.058076E+01 0.000000E+00
      vertex 2.696836E+00 -9.513357E+00 0.000000E+00
      vertex 7.000000E+00 -1.400000E+01 0.000000E+00
    endloop
  endfacet
  facet normal 0.000000E+00 0.000000E+00 -1.000000E+00
    outer loop
      vertex -4.479863E+01 -3.934852E+00 0.000000E+00
      vertex -4.507299E+01 -3.462495E+00 0.000000E+00
      vertex -4.398817E+01 -4.658452E+00 0.000000E+00
    endloop
  endfacet
  facet normal 0.000000E+00 0.000000E+00 -1.000000E+00
    outer loop
      vertex 1.159863E+01 -3.934852E+00 0.000000E+00
      vertex 1.187299E+01 -1.337505E+00 0.000000E+00
      vertex 1.204261E+01 -1.856763E+00 0.000000E+00
    endloop
  endfacet
  facet normal 0.000000E+00 0.000000E+00 -1.000000E+00
    outer loop
      vertex -4.507299E+01 -3.462495E+00 0.000000E+00
      vertex -4.524261E+01 -2.943237E+00 0.000000E+00
      vertex -4.398817E+01 -4.658452E+00 0.000000E+00
    endloop
  endfacet
  facet normal 0.000000E+00 0.000000E+00 -1.000000E+00
    outer loop
      vertex -2.288249E+01 4.317514E+00 0.000000E+00
      vertex -1.031751E+01 4.317514E+00 0.000000E+00
      vertex -1.149896E+01 2.877917E+00 0.000000E+00
    endloop
  endfacet
  facet normal 0.000000E+00 0.000000E+00 -1.000000E+00
    outer loop
      vertex 5.717460E+00 -5.466419E-01 0.000000E+00
      vertex 1.078817E+01 -1.415477E-01 0.000000E+00
      vertex 5.900000E+00 -2.400000E+00 0.000000E+00
    endloop
  endfacet
  facet normal 0.000000E+00 0.000000E+00 -1.000000E+00
    outer loop
      vertex 5.900000E+00 -2.400000E+00 0.000000E+00
      vertex 1.078817E+01 -1.415477E-01 0.000000E+00
      vertex 1.078817E+01 -4.658453E+00 0.000000E+00
    endloop
  endfacet
  facet normal 0.000000E+00 -0.000000E+00 -1.000000E+00
    outer loop
      vertex 7.000000E+00 2.019148E+00 0.000000E+00
      vertex 1.078817E+01 -1.415477E-01 0.000000E+00
      vertex 5.717460E+00 -5.466419E-01 0.000000E+00
    endloop
  endfacet
  facet normal 0.000000E+00 0.000000E+00 -1.000000E+00
    outer loop
      vertex -2.432208E+01 5.498961E+00 0.000000E+00
      vertex -1.031751E+01 4.317514E+00 0.000000E+00
      vertex -2.288249E+01 4.317514E+00 0.000000E+00
    endloop
  endfacet
  facet normal 0.000000E+00 0.000000E+00 -1.000000E+00
    outer loop
      vertex -4.524261E+01 -2.943237E+00 0.000000E+00
      vertex -4.524261E+01 -1.856763E+00 0.000000E+00
      vertex -4.398817E+01 -4.658452E+00 0.000000E+00
    endloop
  endfacet
  facet normal 0.000000E+00 0.000000E+00 -1.000000E+00
    outer loop
      vertex -3.410000E+01 9.200000E+00 0.000000E+00
      vertex -2.960000E+01 7.100000E+00 0.000000E+00
      vertex -3.145336E+01 6.917460E+00 0.000000E+00
    endloop
  endfacet
  facet normal 0.000000E+00 0.000000E+00 -1.000000E+00
    outer loop
      vertex -4.530000E+01 -2.400000E+00 0.000000E+00
      vertex -4.524261E+01 -1.856763E+00 0.000000E+00
      vertex -4.524261E+01 -2.943237E+00 0.000000E+00
    endloop
  endfacet
  facet normal 0.000000E+00 0.000000E+00 -1.000000E+00
    outer loop
      vertex 1.159863E+01 -3.934852E+00 0.000000E+00
      vertex 1.159863E+01 -8.651476E-01 0.000000E+00
      vertex 1.187299E+01 -1.337505E+00 0.000000E+00
    endloop
  endfacet
  facet normal 0.000000E+00 0.000000E+00 -1.000000E+00
    outer loop
      vertex -3.410000E+01 9.200000E+00 0.000000E+00
      vertex -3.410000E+01 1.220000E+01 0.000000E+00
      vertex -2.960000E+01 7.100000E+00 0.000000E+00
    endloop
  endfacet
  facet normal 0.000000E+00 0.000000E+00 -1.000000E+00
    outer loop
      vertex 1.078817E+01 -4.658453E+00 0.000000E+00
      vertex 1.123162E+01 -4.605419E-01 0.000000E+00
      vertex 1.159863E+01 -3.934852E+00 0.000000E+00
    endloop
  endfacet
  facet normal 0.000000E+00 0.000000E+00 -1.000000E+00
    outer loop
      vertex 2.696836E+00 -9.513357E+00 0.000000E+00
      vertex 3.934364E+00 -8.186481E+00 0.000000E+00
      vertex 7.000000E+00 -1.400000E+01 0.000000E+00
    endloop
  endfacet
  facet normal 0.000000E+00 0.000000E+00 -1.000000E+00
    outer loop
      vertex 1.078817E+01 -1.415477E-01 0.000000E+00
      vertex 1.123162E+01 -4.605419E-01 0.000000E+00
      vertex 1.078817E+01 -4.658453E+00 0.000000E+00
    endloop
  endfacet
  facet normal 0.000000E+00 0.000000E+00 -1.000000E+00
    outer loop
      vertex 1.159863E+01 -3.934852E+00 0.000000E+00
      vertex 1.123162E+01 -4.605419E-01 0.000000E+00
      vertex 1.159863E+01 -8.651476E-01 0.000000E+00
    endloop
  endfacet
  facet normal 0.000000E+00 0.000000E+00 -1.000000E+00
    outer loop
      vertex -7.235493E+00 6.376855E+00 0.000000E+00
      vertex 9.000000E-01 1.220000E+01 0.000000E+00
      vertex -5.453358E+00 6.917460E+00 0.000000E+00
    endloop
  endfacet
  facet normal 0.000000E+00 0.000000E+00 -1.000000E+00
    outer loop
      vertex -2.432208E+01 5.498961E+00 0.000000E+00
      vertex -8.877917E+00 5.498961E+00 0.000000E+00
      vertex -1.031751E+01 4.317514E+00 0.000000E+00
    endloop
  endfacet
  facet normal 0.000000E+00 0.000000E+00 -1.000000E+00
    outer loop
      vertex -5.453358E+00 6.917460E+00 0.000000E+00
      vertex 9.000000E-01 1.220000E+01 0.000000E+00
      vertex -3.600000E+00 7.100000E+00 0.000000E+00
    endloop
  endfacet
  facet normal 0.000000E+00 0.000000E+00 -1.000000E+00
    outer loop
      vertex -3.410000E+01 1.220000E+01 0.000000E+00
      vertex 9.000000E-01 1.220000E+01 0.000000E+00
      vertex -7.235493E+00 6.376855E+00 0.000000E+00
    endloop
  endfacet
  facet normal 0.000000E+00 -0.000000E+00 -1.000000E+00
    outer loop
      vertex -4.507299E+01 -1.337505E+00 0.000000E+00
      vertex -4.479863E+01 -8.651479E-01 0.000000E+00
      vertex -4.524261E+01 -1.856763E+00 0.000000E+00
    endloop
  endfacet
  facet normal 0.000000E+00 0.000000E+00 -1.000000E+00
    outer loop
      vertex -3.600000E+00 7.100000E+00 0.000000E+00
      vertex 9.000000E-01 1.220000E+01 0.000000E+00
      vertex 9.000000E-01 9.200000E+00 0.000000E+00
    endloop
  endfacet
  facet normal 0.000000E+00 0.000000E+00 -1.000000E+00
    outer loop
      vertex -3.410000E+01 1.220000E+01 0.000000E+00
      vertex -2.774664E+01 6.917460E+00 0.000000E+00
      vertex -2.960000E+01 7.100000E+00 0.000000E+00
    endloop
  endfacet
  facet normal 0.000000E+00 0.000000E+00 -1.000000E+00
    outer loop
      vertex 1.677917E+00 5.498961E+00 0.000000E+00
      vertex 7.000000E+00 9.200000E+00 0.000000E+00
      vertex 3.117514E+00 4.317514E+00 0.000000E+00
    endloop
  endfacet
  facet normal 0.000000E+00 0.000000E+00 -1.000000E+00
    outer loop
      vertex 3.117514E+00 4.317514E+00 0.000000E+00
      vertex 7.000000E+00 9.200000E+00 0.000000E+00
      vertex 4.298961E+00 2.877917E+00 0.000000E+00
    endloop
  endfacet
  facet normal 0.000000E+00 -0.000000E+00 -1.000000E+00
    outer loop
      vertex -3.645230E+01 -8.979973E+00 0.000000E+00
      vertex -3.507635E+01 -1.016270E+01 0.000000E+00
      vertex -4.020000E+01 -1.400000E+01 0.000000E+00
    endloop
  endfacet
  facet normal 0.000000E+00 0.000000E+00 -1.000000E+00
    outer loop
      vertex -2.432208E+01 5.498961E+00 0.000000E+00
      vertex -7.235493E+00 6.376855E+00 0.000000E+00
      vertex -8.877917E+00 5.498961E+00 0.000000E+00
    endloop
  endfacet
  facet normal 0.000000E+00 0.000000E+00 -1.000000E+00
    outer loop
      vertex -4.020000E+01 -1.400000E+01 0.000000E+00
      vertex -3.757829E+01 -7.557222E+00 0.000000E+00
      vertex -3.645230E+01 -8.979973E+00 0.000000E+00
    endloop
  endfacet
  facet normal 0.000000E+00 0.000000E+00 -1.000000E+00
    outer loop
      vertex 4.298961E+00 2.877917E+00 0.000000E+00
      vertex 7.000000E+00 9.200000E+00 0.000000E+00
      vertex 7.000000E+00 2.019148E+00 0.000000E+00
    endloop
  endfacet
  facet normal 0.000000E+00 0.000000E+00 -1.000000E+00
    outer loop
      vertex -2.596451E+01 6.376855E+00 0.000000E+00
      vertex -7.235493E+00 6.376855E+00 0.000000E+00
      vertex -2.432208E+01 5.498961E+00 0.000000E+00
    endloop
  endfacet
  facet normal 0.000000E+00 0.000000E+00 -1.000000E+00
    outer loop
      vertex -4.020000E+01 -6.819149E+00 0.000000E+00
      vertex -3.757829E+01 -7.557222E+00 0.000000E+00
      vertex -4.020000E+01 -1.400000E+01 0.000000E+00
    endloop
  endfacet
  facet normal 0.000000E+00 0.000000E+00 -1.000000E+00
    outer loop
      vertex 9.000000E-01 9.200000E+00 0.000000E+00
      vertex 7.000000E+00 9.200000E+00 0.000000E+00
      vertex 1.677917E+00 5.498961E+00 0.000000E+00
    endloop
  endfacet
  facet normal 0.000000E+00 0.000000E+00 -1.000000E+00
    outer loop
      vertex -3.410000E+01 1.220000E+01 0.000000E+00
      vertex -7.235493E+00 6.376855E+00 0.000000E+00
      vertex -2.596451E+01 6.376855E+00 0.000000E+00
    endloop
  endfacet
  facet normal 0.000000E+00 0.000000E+00 -1.000000E+00
    outer loop
      vertex -3.410000E+01 1.220000E+01 0.000000E+00
      vertex -2.596451E+01 6.376855E+00 0.000000E+00
      vertex -2.774664E+01 6.917460E+00 0.000000E+00
    endloop
  endfacet
  facet normal 0.000000E+00 0.000000E+00 -1.000000E+00
    outer loop
      vertex -4.524261E+01 -1.856763E+00 0.000000E+00
      vertex -4.443162E+01 -4.605422E-01 0.000000E+00
      vertex -4.398817E+01 -4.658452E+00 0.000000E+00
    endloop
  endfacet
  facet normal 0.000000E+00 -0.000000E+00 -1.000000E+00
    outer loop
      vertex -4.479863E+01 -8.651479E-01 0.000000E+00
      vertex -4.443162E+01 -4.605422E-01 0.000000E+00
      vertex -4.524261E+01 -1.856763E+00 0.000000E+00
    endloop
  endfacet
  facet normal 0.000000E+00 -0.000000E+00 -1.000000E+00
    outer loop
      vertex -2.206564E+01 -8.186481E+00 0.000000E+00
      vertex -1.045230E+01 -8.979973E+00 0.000000E+00
      vertex -2.330316E+01 -9.513357E+00 0.000000E+00
    endloop
  endfacet
  facet normal 0.000000E+00 -0.000000E+00 -1.000000E+00
    outer loop
      vertex 4.897058E+00 -6.648529E+00 0.000000E+00
      vertex 7.000000E+00 -6.819149E+00 0.000000E+00
      vertex 3.934364E+00 -8.186481E+00 0.000000E+00
    endloop
  endfacet
  facet normal 0.000000E+00 -0.000000E+00 -1.000000E+00
    outer loop
      vertex 5.449778E+00 -5.289899E+00 0.000000E+00
      vertex 7.000000E+00 -6.819149E+00 0.000000E+00
      vertex 4.897058E+00 -6.648529E+00 0.000000E+00
    endloop
  endfacet
  facet normal 0.000000E+00 -0.000000E+00 -1.000000E+00
    outer loop
      vertex -3.507635E+01 -1.016270E+01 0.000000E+00
      vertex -3.350064E+01 -1.106227E+01 0.000000E+00
      vertex -4.020000E+01 -1.400000E+01 0.000000E+00
    endloop
  endfacet
  facet normal 0.000000E+00 0.000000E+00 -1.000000E+00
    outer loop
      vertex 3.934364E+00 -8.186481E+00 0.000000E+00
      vertex 7.000000E+00 -6.819149E+00 0.000000E+00
      vertex 7.000000E+00 -1.400000E+01 0.000000E+00
    endloop
  endfacet
  facet normal 0.000000E+00 0.000000E+00 -1.000000E+00
    outer loop
      vertex -4.020000E+01 -6.819149E+00 0.000000E+00
      vertex -3.841325E+01 -5.946350E+00 0.000000E+00
      vertex -3.757829E+01 -7.557222E+00 0.000000E+00
    endloop
  endfacet
  facet normal 0.000000E+00 -0.000000E+00 -1.000000E+00
    outer loop
      vertex -1.045230E+01 -8.979973E+00 0.000000E+00
      vertex -9.076351E+00 -1.016270E+01 0.000000E+00
      vertex -2.330316E+01 -9.513357E+00 0.000000E+00
    endloop
  endfacet
  facet normal 0.000000E+00 0.000000E+00 -1.000000E+00
    outer loop
      vertex -4.443162E+01 -4.605422E-01 0.000000E+00
      vertex -4.398817E+01 -1.415480E-01 0.000000E+00
      vertex -4.398817E+01 -4.658452E+00 0.000000E+00
    endloop
  endfacet
  facet normal 0.000000E+00 -0.000000E+00 -1.000000E+00
    outer loop
      vertex -2.330316E+01 -9.513357E+00 0.000000E+00
      vertex -9.076351E+00 -1.016270E+01 0.000000E+00
      vertex -2.477038E+01 -1.058076E+01 0.000000E+00
    endloop
  endfacet
  facet normal 0.000000E+00 0.000000E+00 -1.000000E+00
    outer loop
      vertex 5.449778E+00 -5.289899E+00 0.000000E+00
      vertex 5.786770E+00 -3.862380E+00 0.000000E+00
      vertex 7.000000E+00 -6.819149E+00 0.000000E+00
    endloop
  endfacet
  facet normal 0.000000E+00 0.000000E+00 -1.000000E+00
    outer loop
      vertex -2.206564E+01 -8.186481E+00 0.000000E+00
      vertex -1.157829E+01 -7.557222E+00 0.000000E+00
      vertex -1.045230E+01 -8.979973E+00 0.000000E+00
    endloop
  endfacet
  facet normal 0.000000E+00 -0.000000E+00 -1.000000E+00
    outer loop
      vertex -3.350064E+01 -1.106227E+01 0.000000E+00
      vertex -3.178265E+01 -1.164587E+01 0.000000E+00
      vertex -4.020000E+01 -1.400000E+01 0.000000E+00
    endloop
  endfacet
  facet normal 0.000000E+00 -0.000000E+00 -1.000000E+00
    outer loop
      vertex -2.110294E+01 -6.648529E+00 0.000000E+00
      vertex -1.157829E+01 -7.557222E+00 0.000000E+00
      vertex -2.206564E+01 -8.186481E+00 0.000000E+00
    endloop
  endfacet
  facet normal 0.000000E+00 0.000000E+00 -1.000000E+00
    outer loop
      vertex -4.020000E+01 -6.819149E+00 0.000000E+00
      vertex -3.892673E+01 -4.206116E+00 0.000000E+00
      vertex -3.841325E+01 -5.946350E+00 0.000000E+00
    endloop
  endfacet
  facet normal 0.000000E+00 0.000000E+00 -1.000000E+00
    outer loop
      vertex -4.398817E+01 -4.658452E+00 0.000000E+00
      vertex -3.892673E+01 -4.206116E+00 0.000000E+00
      vertex -4.020000E+01 -6.819149E+00 0.000000E+00
    endloop
  endfacet
  facet normal 0.000000E+00 -0.000000E+00 -1.000000E+00
    outer loop
      vertex -3.178265E+01 -1.164587E+01 0.000000E+00
      vertex -2.998504E+01 -1.189219E+01 0.000000E+00
      vertex -4.020000E+01 -1.400000E+01 0.000000E+00
    endloop
  endfacet
  facet normal 0.000000E+00 0.000000E+00 -1.000000E+00
    outer loop
      vertex -4.398817E+01 -1.415480E-01 0.000000E+00
      vertex -3.910000E+01 -2.400000E+00 0.000000E+00
      vertex -4.398817E+01 -4.658452E+00 0.000000E+00
    endloop
  endfacet
  facet normal 0.000000E+00 -0.000000E+00 -1.000000E+00
    outer loop
      vertex -9.076351E+00 -1.016270E+01 0.000000E+00
      vertex -7.500645E+00 -1.106227E+01 0.000000E+00
      vertex -2.477038E+01 -1.058076E+01 0.000000E+00
    endloop
  endfacet
  facet normal 0.000000E+00 0.000000E+00 -1.000000E+00
    outer loop
      vertex -4.398817E+01 -4.658452E+00 0.000000E+00
      vertex -3.910000E+01 -2.400000E+00 0.000000E+00
      vertex -3.892673E+01 -4.206116E+00 0.000000E+00
    endloop
  endfacet
  facet normal 0.000000E+00 -0.000000E+00 -1.000000E+00
    outer loop
      vertex 5.900000E+00 -2.400000E+00 0.000000E+00
      vertex 1.078817E+01 -4.658453E+00 0.000000E+00
      vertex 5.786770E+00 -3.862380E+00 0.000000E+00
    endloop
  endfacet
  facet normal 0.000000E+00 -0.000000E+00 -1.000000E+00
    outer loop
      vertex -2.477038E+01 -1.058076E+01 0.000000E+00
      vertex -7.500645E+00 -1.106227E+01 0.000000E+00
      vertex -2.641377E+01 -1.134975E+01 0.000000E+00
    endloop
  endfacet
  facet normal 0.000000E+00 0.000000E+00 -1.000000E+00
    outer loop
      vertex 5.786770E+00 -3.862380E+00 0.000000E+00
      vertex 1.078817E+01 -4.658453E+00 0.000000E+00
      vertex 7.000000E+00 -6.819149E+00 0.000000E+00
    endloop
  endfacet
  facet normal 0.000000E+00 -0.000000E+00 -1.000000E+00
    outer loop
      vertex -2.998504E+01 -1.189219E+01 0.000000E+00
      vertex -2.817339E+01 -1.179227E+01 0.000000E+00
      vertex -4.020000E+01 -1.400000E+01 0.000000E+00
    endloop
  endfacet
  facet normal 0.000000E+00 0.000000E+00 -1.000000E+00
    outer loop
      vertex -2.110294E+01 -6.648529E+00 0.000000E+00
      vertex -1.241325E+01 -5.946350E+00 0.000000E+00
      vertex -1.157829E+01 -7.557222E+00 0.000000E+00
    endloop
  endfacet
  facet normal 0.000000E+00 -0.000000E+00 -1.000000E+00
    outer loop
      vertex -2.055022E+01 -5.289899E+00 0.000000E+00
      vertex -1.241325E+01 -5.946350E+00 0.000000E+00
      vertex -2.110294E+01 -6.648529E+00 0.000000E+00
    endloop
  endfacet
  facet normal 0.000000E+00 0.000000E+00 -1.000000E+00
    outer loop
      vertex -4.398817E+01 -1.415480E-01 0.000000E+00
      vertex -3.891746E+01 -5.466419E-01 0.000000E+00
      vertex -3.910000E+01 -2.400000E+00 0.000000E+00
    endloop
  endfacet
  facet normal 0.000000E+00 -0.000000E+00 -1.000000E+00
    outer loop
      vertex -7.500645E+00 -1.106227E+01 0.000000E+00
      vertex -5.782653E+00 -1.164587E+01 0.000000E+00
      vertex -2.641377E+01 -1.134975E+01 0.000000E+00
    endloop
  endfacet
  facet normal 0.000000E+00 0.000000E+00 -1.000000E+00
    outer loop
      vertex -4.398817E+01 -1.415480E-01 0.000000E+00
      vertex -4.020000E+01 2.019148E+00 0.000000E+00
      vertex -3.891746E+01 -5.466419E-01 0.000000E+00
    endloop
  endfacet
  facet normal 0.000000E+00 -0.000000E+00 -1.000000E+00
    outer loop
      vertex -2.641377E+01 -1.134975E+01 0.000000E+00
      vertex -5.782653E+00 -1.164587E+01 0.000000E+00
      vertex -2.817339E+01 -1.179227E+01 0.000000E+00
    endloop
  endfacet
  facet normal 0.000000E+00 -0.000000E+00 -1.000000E+00
    outer loop
      vertex -2.021323E+01 -3.862380E+00 0.000000E+00
      vertex -1.292673E+01 -4.206116E+00 0.000000E+00
      vertex -2.055022E+01 -5.289899E+00 0.000000E+00
    endloop
  endfacet
  facet normal 0.000000E+00 0.000000E+00 -1.000000E+00
    outer loop
      vertex -2.055022E+01 -5.289899E+00 0.000000E+00
      vertex -1.292673E+01 -4.206116E+00 0.000000E+00
      vertex -1.241325E+01 -5.946350E+00 0.000000E+00
    endloop
  endfacet
  facet normal 0.000000E+00 0.000000E+00 -1.000000E+00
    outer loop
      vertex -4.020000E+01 2.019148E+00 0.000000E+00
      vertex -3.837685E+01 1.235493E+00 0.000000E+00
      vertex -3.891746E+01 -5.466419E-01 0.000000E+00
    endloop
  endfacet
  facet normal 0.000000E+00 -0.000000E+00 -1.000000E+00
    outer loop
      vertex -5.782653E+00 -1.164587E+01 0.000000E+00
      vertex -3.985044E+00 -1.189219E+01 0.000000E+00
      vertex -2.817339E+01 -1.179227E+01 0.000000E+00
    endloop
  endfacet
  facet normal 0.000000E+00 0.000000E+00 -1.000000E+00
    outer loop
      vertex -4.020000E+01 2.019148E+00 0.000000E+00
      vertex -3.749896E+01 2.877917E+00 0.000000E+00
      vertex -3.837685E+01 1.235493E+00 0.000000E+00
    endloop
  endfacet
  facet normal 0.000000E+00 0.000000E+00 -1.000000E+00
    outer loop
      vertex -2.021323E+01 -3.862380E+00 0.000000E+00
      vertex -1.310000E+01 -2.400000E+00 0.000000E+00
      vertex -1.292673E+01 -4.206116E+00 0.000000E+00
    endloop
  endfacet
  facet normal 0.000000E+00 -0.000000E+00 -1.000000E+00
    outer loop
      vertex -2.010000E+01 -2.400000E+00 0.000000E+00
      vertex -1.310000E+01 -2.400000E+00 0.000000E+00
      vertex -2.021323E+01 -3.862380E+00 0.000000E+00
    endloop
  endfacet
  facet normal 0.000000E+00 0.000000E+00 -1.000000E+00
    outer loop
      vertex 1.078817E+01 -4.658453E+00 0.000000E+00
      vertex 1.159863E+01 -3.934852E+00 0.000000E+00
      vertex 1.123162E+01 -4.339458E+00 0.000000E+00
    endloop
  endfacet
  facet normal 0.000000E+00 0.000000E+00 -1.000000E+00
    outer loop
      vertex -4.020000E+01 2.019148E+00 0.000000E+00
      vertex -4.020000E+01 9.200000E+00 0.000000E+00
      vertex -3.749896E+01 2.877917E+00 0.000000E+00
    endloop
  endfacet
  facet normal 0.000000E+00 0.000000E+00 -1.000000E+00
    outer loop
      vertex -2.010000E+01 -2.400000E+00 0.000000E+00
      vertex -1.291746E+01 -5.466419E-01 0.000000E+00
      vertex -1.310000E+01 -2.400000E+00 0.000000E+00
    endloop
  endfacet
  facet normal 0.000000E+00 0.000000E+00 -1.000000E+00
    outer loop
      vertex 4.298961E+00 2.877917E+00 0.000000E+00
      vertex 7.000000E+00 2.019148E+00 0.000000E+00
      vertex 5.176856E+00 1.235493E+00 0.000000E+00
    endloop
  endfacet
  facet normal 0.000000E+00 0.000000E+00 -1.000000E+00
    outer loop
      vertex -3.749896E+01 2.877917E+00 0.000000E+00
      vertex -4.020000E+01 9.200000E+00 0.000000E+00
      vertex -3.631752E+01 4.317514E+00 0.000000E+00
    endloop
  endfacet
  facet normal 0.000000E+00 0.000000E+00 -1.000000E+00
    outer loop
      vertex 5.176856E+00 1.235493E+00 0.000000E+00
      vertex 7.000000E+00 2.019148E+00 0.000000E+00
      vertex 5.717460E+00 -5.466419E-01 0.000000E+00
    endloop
  endfacet
  facet normal 0.000000E+00 0.000000E+00 -1.000000E+00
    outer loop
      vertex -2.028254E+01 -5.466419E-01 0.000000E+00
      vertex -1.291746E+01 -5.466419E-01 0.000000E+00
      vertex -2.010000E+01 -2.400000E+00 0.000000E+00
    endloop
  endfacet
  facet normal 0.000000E+00 0.000000E+00 -1.000000E+00
    outer loop
      vertex -4.020000E+01 9.200000E+00 0.000000E+00
      vertex -3.487792E+01 5.498961E+00 0.000000E+00
      vertex -3.631752E+01 4.317514E+00 0.000000E+00
    endloop
  endfacet
  facet normal 0.000000E+00 0.000000E+00 -1.000000E+00
    outer loop
      vertex -2.028254E+01 -5.466419E-01 0.000000E+00
      vertex -1.237686E+01 1.235493E+00 0.000000E+00
      vertex -1.291746E+01 -5.466419E-01 0.000000E+00
    endloop
  endfacet
  facet normal 0.000000E+00 0.000000E+00 -1.000000E+00
    outer loop
      vertex -2.170104E+01 2.877917E+00 0.000000E+00
      vertex -1.237686E+01 1.235493E+00 0.000000E+00
      vertex -2.082314E+01 1.235493E+00 0.000000E+00
    endloop
  endfacet
  facet normal 0.000000E+00 0.000000E+00 -1.000000E+00
    outer loop
      vertex -2.082314E+01 1.235493E+00 0.000000E+00
      vertex -1.237686E+01 1.235493E+00 0.000000E+00
      vertex -2.028254E+01 -5.466419E-01 0.000000E+00
    endloop
  endfacet
  facet normal 0.000000E+00 0.000000E+00 -1.000000E+00
    outer loop
      vertex -3.600000E+00 7.100000E+00 0.000000E+00
      vertex 9.000000E-01 9.200000E+00 0.000000E+00
      vertex -1.746642E+00 6.917460E+00 0.000000E+00
    endloop
  endfacet
  facet normal 9.951848E-01 -9.801555E-02 0.000000E+00
    outer loop
      vertex -3.810000E+01 -2.400000E+00 6.000000E+00
      vertex -3.810000E+01 -2.400000E+00 1.000000E+00
      vertex -3.793668E+01 -7.417322E-01 6.000000E+00
    endloop
  endfacet
  facet normal 9.569381E-01 -2.902846E-01 -2.035691E-03
    outer loop
      vertex -3.793668E+01 -7.417322E-01 6.000000E+00
      vertex -3.791425E+01 -6.327506E-01 1.000000E+00
      vertex -3.745298E+01 8.528092E-01 6.000000E+00
    endloop
  endfacet
  facet normal 9.945195E-01 -1.045281E-01 2.181652E-03
    outer loop
      vertex -3.810000E+01 -2.400000E+00 1.000000E+00
      vertex -3.791425E+01 -6.327506E-01 1.000000E+00
      vertex -3.793668E+01 -7.417322E-01 6.000000E+00
    endloop
  endfacet
  facet normal 8.819149E-01 -4.713934E-01 -3.781826E-03
    outer loop
      vertex -3.745298E+01 8.528092E-01 6.000000E+00
      vertex -3.736514E+01 1.057261E+00 1.000000E+00
      vertex -3.666749E+01 2.322347E+00 6.000000E+00
    endloop
  endfacet
  facet normal 9.510486E-01 -3.090143E-01 4.072479E-03
    outer loop
      vertex -3.791425E+01 -6.327506E-01 1.000000E+00
      vertex -3.736514E+01 1.057261E+00 1.000000E+00
      vertex -3.745298E+01 8.528092E-01 6.000000E+00
    endloop
  endfacet
  facet normal 7.730001E-01 -6.343842E-01 -5.237101E-03
    outer loop
      vertex -3.666749E+01 2.322347E+00 6.000000E+00
      vertex -3.647664E+01 2.596175E+00 1.000000E+00
      vertex -3.561041E+01 3.610408E+00 6.000000E+00
    endloop
  endfacet
  facet normal 8.660113E-01 -4.999922E-01 5.673181E-03
    outer loop
      vertex -3.736514E+01 1.057261E+00 1.000000E+00
      vertex -3.647664E+01 2.596175E+00 1.000000E+00
      vertex -3.666749E+01 2.322347E+00 6.000000E+00
    endloop
  endfacet
  facet normal 6.343797E-01 -7.729952E-01 -6.401808E-03
    outer loop
      vertex -3.561041E+01 3.610408E+00 6.000000E+00
      vertex -3.528761E+01 3.916731E+00 1.000000E+00
      vertex -3.432235E+01 4.667492E+00 6.000000E+00
    endloop
  endfacet
  facet normal 7.431269E-01 -6.691140E-01 6.983144E-03
    outer loop
      vertex -3.647664E+01 2.596175E+00 1.000000E+00
      vertex -3.528761E+01 3.916731E+00 1.000000E+00
      vertex -3.561041E+01 3.610408E+00 6.000000E+00
    endloop
  endfacet
  facet normal 4.713847E-01 -8.818976E-01 -7.275454E-03
    outer loop
      vertex -3.432235E+01 4.667492E+00 6.000000E+00
      vertex -3.385000E+01 4.961216E+00 1.000000E+00
      vertex -3.285281E+01 5.452976E+00 6.000000E+00
    endloop
  endfacet
  facet normal 5.877663E-01 -8.089911E-01 8.001931E-03
    outer loop
      vertex -3.528761E+01 3.916731E+00 1.000000E+00
      vertex -3.385000E+01 4.961216E+00 1.000000E+00
      vertex -3.432235E+01 4.667492E+00 6.000000E+00
    endloop
  endfacet
  facet normal 2.902757E-01 -9.569108E-01 -7.857860E-03
    outer loop
      vertex -3.285281E+01 5.452976E+00 6.000000E+00
      vertex -3.222664E+01 5.683980E+00 1.000000E+00
      vertex -3.125827E+01 5.936675E+00 6.000000E+00
    endloop
  endfacet
  facet normal 4.067211E-01 -9.135107E-01 8.730118E-03
    outer loop
      vertex -3.385000E+01 4.961216E+00 1.000000E+00
      vertex -3.222664E+01 5.683980E+00 1.000000E+00
      vertex -3.285281E+01 5.452976E+00 6.000000E+00
    endloop
  endfacet
  facet normal 2.079031E-01 -9.781064E-01 9.166843E-03
    outer loop
      vertex -3.222664E+01 5.683980E+00 1.000000E+00
      vertex -3.048849E+01 6.053436E+00 1.000000E+00
      vertex -3.125827E+01 5.936675E+00 6.000000E+00
    endloop
  endfacet
  facet normal 9.801695E-02 -9.951847E-01 0.000000E+00
    outer loop
      vertex -3.125827E+01 5.936675E+00 6.000000E+00
      vertex -2.960000E+01 6.100000E+00 2.000000E+00
      vertex -2.960000E+01 6.100000E+00 6.000000E+00
    endloop
  endfacet
  facet normal 6.691305E-02 -9.976741E-01 -1.299630E-02
    outer loop
      vertex -3.048849E+01 6.053436E+00 1.000000E+00
      vertex -2.960000E+01 6.100000E+00 2.000000E+00
      vertex -3.125827E+01 5.936675E+00 6.000000E+00
    endloop
  endfacet
  facet normal 0.000000E+00 -9.989177E-01 4.651323E-02
    outer loop
      vertex -3.048849E+01 6.053436E+00 1.000000E+00
      vertex -2.871151E+01 6.053436E+00 1.000000E+00
      vertex -2.960000E+01 6.100000E+00 2.000000E+00
    endloop
  endfacet
  facet normal -1.055004E-01 -9.932849E-01 -4.748541E-02
    outer loop
      vertex -2.871151E+01 6.053436E+00 1.000000E+00
      vertex -2.781451E+01 5.910356E+00 2.000000E+00
      vertex -2.960000E+01 6.100000E+00 2.000000E+00
    endloop
  endfacet
  facet normal -2.076870E-01 -9.770898E-01 4.649328E-02
    outer loop
      vertex -2.871151E+01 6.053436E+00 1.000000E+00
      vertex -2.697336E+01 5.683980E+00 1.000000E+00
      vertex -2.781451E+01 5.910356E+00 2.000000E+00
    endloop
  endfacet
  facet normal -3.117949E-01 -9.489641E-01 -4.744408E-02
    outer loop
      vertex -2.697336E+01 5.683980E+00 1.000000E+00
      vertex -2.610869E+01 5.349886E+00 2.000000E+00
      vertex -2.781451E+01 5.910356E+00 2.000000E+00
    endloop
  endfacet
  facet normal -4.062979E-01 -9.125602E-01 4.643218E-02
    outer loop
      vertex -2.697336E+01 5.683980E+00 1.000000E+00
      vertex -2.535000E+01 4.961216E+00 1.000000E+00
      vertex -2.610869E+01 5.349886E+00 2.000000E+00
    endloop
  endfacet
  facet normal -5.041780E-01 -8.623000E-01 -4.736278E-02
    outer loop
      vertex -2.535000E+01 4.961216E+00 1.000000E+00
      vertex -2.455866E+01 4.443599E+00 2.000000E+00
      vertex -2.610869E+01 5.349886E+00 2.000000E+00
    endloop
  endfacet
  facet normal -5.871539E-01 -8.081484E-01 4.632943E-02
    outer loop
      vertex -2.535000E+01 4.961216E+00 1.000000E+00
      vertex -2.391239E+01 3.916731E+00 1.000000E+00
      vertex -2.455866E+01 4.443599E+00 2.000000E+00
    endloop
  endfacet
  facet normal -6.740659E-01 -7.371590E-01 -4.724093E-02
    outer loop
      vertex -2.391239E+01 3.916731E+00 1.000000E+00
      vertex -2.323358E+01 3.231937E+00 2.000000E+00
      vertex -2.455866E+01 4.443599E+00 2.000000E+00
    endloop
  endfacet
  facet normal -7.423519E-01 -6.684163E-01 4.618689E-02
    outer loop
      vertex -2.391239E+01 3.916731E+00 1.000000E+00
      vertex -2.272336E+01 2.596175E+00 1.000000E+00
      vertex -2.323358E+01 3.231937E+00 2.000000E+00
    endloop
  endfacet
  facet normal -8.138790E-01 -5.791241E-01 -4.707659E-02
    outer loop
      vertex -2.272336E+01 2.596175E+00 1.000000E+00
      vertex -2.219259E+01 1.768965E+00 2.000000E+00
      vertex -2.323358E+01 3.231937E+00 2.000000E+00
    endloop
  endfacet
  facet normal -8.651084E-01 -4.994709E-01 4.600421E-02
    outer loop
      vertex -2.272336E+01 2.596175E+00 1.000000E+00
      vertex -2.183486E+01 1.057261E+00 1.000000E+00
      vertex -2.219259E+01 1.768965E+00 2.000000E+00
    endloop
  endfacet
  facet normal -9.173792E-01 -3.952446E-01 -4.687262E-02
    outer loop
      vertex -2.183486E+01 1.057261E+00 1.000000E+00
      vertex -2.148213E+01 1.199651E-01 2.000000E+00
      vertex -2.219259E+01 1.768965E+00 2.000000E+00
    endloop
  endfacet
  facet normal -9.687081E-01 -2.482029E-01 -0.000000E+00
    outer loop
      vertex -2.148213E+01 1.199651E-01 6.000000E+00
      vertex -2.148213E+01 1.199651E-01 2.000000E+00
      vertex -2.127055E+01 -7.058092E-01 6.000000E+00
    endloop
  endfacet
  facet normal -9.678468E-01 -2.515393E-01 -7.343382E-04
    outer loop
      vertex -2.148213E+01 1.199651E-01 2.000000E+00
      vertex -2.128575E+01 -6.327506E-01 1.000000E+00
      vertex -2.127055E+01 -7.058092E-01 6.000000E+00
    endloop
  endfacet
  facet normal -9.886966E-01 -1.499276E-01 8.137406E-04
    outer loop
      vertex -2.127055E+01 -7.058092E-01 6.000000E+00
      vertex -2.128575E+01 -6.327506E-01 1.000000E+00
      vertex -2.114275E+01 -1.548623E+00 6.000000E+00
    endloop
  endfacet
  facet normal -9.500595E-01 -3.086929E-01 4.577932E-02
    outer loop
      vertex -2.183486E+01 1.057261E+00 1.000000E+00
      vertex -2.128575E+01 -6.327506E-01 1.000000E+00
      vertex -2.148213E+01 1.199651E-01 2.000000E+00
    endloop
  endfacet
  facet normal -9.944789E-01 -1.045239E-01 9.295925E-03
    outer loop
      vertex -2.128575E+01 -6.327506E-01 1.000000E+00
      vertex -2.110000E+01 -2.400000E+00 1.000000E+00
      vertex -2.114275E+01 -1.548623E+00 6.000000E+00
    endloop
  endfacet
  facet normal -9.987420E-01 -5.014443E-02 0.000000E+00
    outer loop
      vertex -2.114275E+01 -1.548623E+00 6.000000E+00
      vertex -2.110000E+01 -2.400000E+00 1.000000E+00
      vertex -2.110000E+01 -2.400000E+00 6.000000E+00
    endloop
  endfacet
  facet normal -5.076811E-01 4.948906E-01 -7.052258E-01
    outer loop
      vertex 3.359566E+00 -7.909707E+00 2.181685E-01
      vertex 1.984040E+00 -9.095144E+00 3.765102E-01
      vertex 3.235420E+00 -7.811423E+00 3.765102E-01
    endloop
  endfacet
  facet normal -5.076807E-01 4.948901E-01 -7.052262E-01
    outer loop
      vertex 3.359566E+00 -7.909707E+00 2.181685E-01
      vertex 2.085459E+00 -9.216743E+00 2.181685E-01
      vertex 1.984040E+00 -9.095144E+00 3.765102E-01
    endloop
  endfacet
  facet normal -7.968201E-01 5.069734E-01 -3.287183E-01
    outer loop
      vertex 4.091207E+00 -6.245604E+00 5.661163E-01
      vertex 3.142011E+00 -7.737474E+00 5.661163E-01
      vertex 3.084024E+00 -7.691567E+00 7.774791E-01
    endloop
  endfacet
  facet normal -7.968203E-01 5.069739E-01 -3.287170E-01
    outer loop
      vertex 4.091207E+00 -6.245604E+00 5.661163E-01
      vertex 3.084024E+00 -7.691567E+00 7.774791E-01
      vertex 4.025056E+00 -6.212528E+00 7.774791E-01
    endloop
  endfacet
  facet normal -3.824243E-01 3.727894E-01 -8.454464E-01
    outer loop
      vertex 3.508226E+00 -8.027396E+00 9.903114E-02
      vertex 2.085459E+00 -9.216743E+00 2.181685E-01
      vertex 3.359566E+00 -7.909707E+00 2.181685E-01
    endloop
  endfacet
  facet normal -3.824246E-01 3.727898E-01 -8.454461E-01
    outer loop
      vertex 3.508226E+00 -8.027396E+00 9.903114E-02
      vertex 2.206903E+00 -9.362351E+00 9.903114E-02
      vertex 2.085459E+00 -9.216743E+00 2.181685E-01
    endloop
  endfacet
  facet normal -7.154579E-01 4.552071E-01 -5.300062E-01
    outer loop
      vertex 4.197767E+00 -6.298883E+00 3.765102E-01
      vertex 3.142011E+00 -7.737474E+00 5.661163E-01
      vertex 4.091207E+00 -6.245604E+00 5.661163E-01
    endloop
  endfacet
  facet normal -7.154579E-01 4.552071E-01 -5.300061E-01
    outer loop
      vertex 4.197767E+00 -6.298883E+00 3.765102E-01
      vertex 3.235420E+00 -7.811423E+00 3.765102E-01
      vertex 3.142011E+00 -7.737474E+00 5.661163E-01
    endloop
  endfacet
  facet normal -9.204920E-01 3.744758E-01 -1.116350E-01
    outer loop
      vertex 4.521054E+00 -4.993326E+00 7.774791E-01
      vertex 4.025056E+00 -6.212528E+00 7.774791E-01
      vertex 4.002631E+00 -6.201315E+00 1.000000E+00
    endloop
  endfacet
  facet normal -9.204920E-01 3.744759E-01 -1.116344E-01
    outer loop
      vertex 4.521054E+00 -4.993326E+00 7.774791E-01
      vertex 4.002631E+00 -6.201315E+00 1.000000E+00
      vertex 4.497170E+00 -4.985699E+00 1.000000E+00
    endloop
  endfacet
  facet normal -2.376238E-01 2.316371E-01 -9.433341E-01
    outer loop
      vertex 3.673943E+00 -8.158591E+00 2.507209E-02
      vertex 2.206903E+00 -9.362351E+00 9.903114E-02
      vertex 3.508226E+00 -8.027396E+00 9.903114E-02
    endloop
  endfacet
  facet normal -8.691211E-02 8.105963E-02 -9.929127E-01
    outer loop
      vertex 3.673943E+00 -8.158591E+00 2.507209E-02
      vertex 3.934364E+00 -8.186481E+00 0.000000E+00
      vertex 2.696836E+00 -9.513357E+00 0.000000E+00
    endloop
  endfacet
  facet normal -7.260809E-02 7.077882E-02 -9.948460E-01
    outer loop
      vertex 3.673943E+00 -8.158591E+00 2.507209E-02
      vertex 2.696836E+00 -9.513357E+00 0.000000E+00
      vertex 2.342282E+00 -9.524669E+00 2.507209E-02
    endloop
  endfacet
  facet normal -2.376240E-01 2.316374E-01 -9.433339E-01
    outer loop
      vertex 3.673943E+00 -8.158591E+00 2.507209E-02
      vertex 2.342282E+00 -9.524669E+00 2.507209E-02
      vertex 2.206903E+00 -9.362351E+00 9.903114E-02
    endloop
  endfacet
  facet normal -5.981729E-01 3.805850E-01 -7.052264E-01
    outer loop
      vertex 4.339392E+00 -6.369696E+00 2.181685E-01
      vertex 3.235420E+00 -7.811423E+00 3.765102E-01
      vertex 4.197767E+00 -6.298883E+00 3.765102E-01
    endloop
  endfacet
  facet normal -5.981734E-01 3.805855E-01 -7.052256E-01
    outer loop
      vertex 4.339392E+00 -6.369696E+00 2.181685E-01
      vertex 3.359566E+00 -7.909707E+00 2.181685E-01
      vertex 3.235420E+00 -7.811423E+00 3.765102E-01
    endloop
  endfacet
  facet normal -8.745868E-01 3.558009E-01 -3.293991E-01
    outer loop
      vertex 4.591508E+00 -5.015824E+00 5.661163E-01
      vertex 4.091207E+00 -6.245604E+00 5.661163E-01
      vertex 4.025056E+00 -6.212528E+00 7.774791E-01
    endloop
  endfacet
  facet normal -8.745863E-01 3.558004E-01 -3.294007E-01
    outer loop
      vertex 4.591508E+00 -5.015824E+00 5.661163E-01
      vertex 4.025056E+00 -6.212528E+00 7.774791E-01
      vertex 4.521054E+00 -4.993326E+00 7.774791E-01
    endloop
  endfacet
  facet normal -4.505899E-01 2.866861E-01 -8.454466E-01
    outer loop
      vertex 4.508981E+00 -6.454491E+00 9.903114E-02
      vertex 3.508226E+00 -8.027396E+00 9.903114E-02
      vertex 3.359566E+00 -7.909707E+00 2.181685E-01
    endloop
  endfacet
  facet normal -4.505898E-01 2.866860E-01 -8.454466E-01
    outer loop
      vertex 4.508981E+00 -6.454491E+00 9.903114E-02
      vertex 3.359566E+00 -7.909707E+00 2.181685E-01
      vertex 4.339392E+00 -6.369696E+00 2.181685E-01
    endloop
  endfacet
  facet normal -7.849675E-01 3.193417E-01 -5.308924E-01
    outer loop
      vertex 4.704999E+00 -5.052066E+00 3.765102E-01
      vertex 4.197767E+00 -6.298883E+00 3.765102E-01
      vertex 4.091207E+00 -6.245604E+00 5.661163E-01
    endloop
  endfacet
  facet normal -7.849680E-01 3.193420E-01 -5.308917E-01
    outer loop
      vertex 4.704999E+00 -5.052066E+00 3.765102E-01
      vertex 4.091207E+00 -6.245604E+00 5.661163E-01
      vertex 4.591508E+00 -5.015824E+00 5.661163E-01
    endloop
  endfacet
  facet normal -9.907838E-01 7.671523E-02 -1.116346E-01
    outer loop
      vertex 4.823462E+00 -3.712304E+00 7.774791E-01
      vertex 4.900000E+00 -2.400000E+00 1.000000E+00
      vertex 4.925072E+00 -2.400000E+00 7.774791E-01
    endloop
  endfacet
  facet normal -9.671655E-01 2.283168E-01 -1.116344E-01
    outer loop
      vertex 4.823462E+00 -3.712304E+00 7.774791E-01
      vertex 4.521054E+00 -4.993326E+00 7.774791E-01
      vertex 4.497170E+00 -4.985699E+00 1.000000E+00
    endloop
  endfacet
  facet normal -9.671656E-01 2.283169E-01 -1.116340E-01
    outer loop
      vertex 4.823462E+00 -3.712304E+00 7.774791E-01
      vertex 4.497170E+00 -4.985699E+00 1.000000E+00
      vertex 4.798689E+00 -3.708445E+00 1.000000E+00
    endloop
  endfacet
  facet normal -9.907839E-01 7.671513E-02 -1.116339E-01
    outer loop
      vertex 4.823462E+00 -3.712304E+00 7.774791E-01
      vertex 4.798689E+00 -3.708445E+00 1.000000E+00
      vertex 4.900000E+00 -2.400000E+00 1.000000E+00
    endloop
  endfacet
  facet normal -9.533489E-02 5.967574E-02 -9.936549E-01
    outer loop
      vertex 4.698030E+00 -6.549015E+00 2.507209E-02
      vertex 4.897058E+00 -6.648529E+00 0.000000E+00
      vertex 3.934364E+00 -8.186481E+00 0.000000E+00
    endloop
  endfacet
  facet normal -2.799802E-01 1.781364E-01 -9.433337E-01
    outer loop
      vertex 4.698030E+00 -6.549015E+00 2.507209E-02
      vertex 3.508226E+00 -8.027396E+00 9.903114E-02
      vertex 4.508981E+00 -6.454491E+00 9.903114E-02
    endloop
  endfacet
  facet normal -2.799796E-01 1.781358E-01 -9.433340E-01
    outer loop
      vertex 4.698030E+00 -6.549015E+00 2.507209E-02
      vertex 3.673943E+00 -8.158591E+00 2.507209E-02
      vertex 3.508226E+00 -8.027396E+00 9.903114E-02
    endloop
  endfacet
  facet normal -8.962388E-02 5.702281E-02 -9.943420E-01
    outer loop
      vertex 4.698030E+00 -6.549015E+00 2.507209E-02
      vertex 3.934364E+00 -8.186481E+00 0.000000E+00
      vertex 3.673943E+00 -8.158591E+00 2.507209E-02
    endloop
  endfacet
  facet normal -6.559576E-01 2.668574E-01 -7.060500E-01
    outer loop
      vertex 4.855836E+00 -5.100234E+00 2.181685E-01
      vertex 4.339392E+00 -6.369696E+00 2.181685E-01
      vertex 4.197767E+00 -6.298883E+00 3.765102E-01
    endloop
  endfacet
  facet normal -6.559585E-01 2.668580E-01 -7.060492E-01
    outer loop
      vertex 4.855836E+00 -5.100234E+00 2.181685E-01
      vertex 4.197767E+00 -6.298883E+00 3.765102E-01
      vertex 4.704999E+00 -5.052066E+00 3.765102E-01
    endloop
  endfacet
  facet normal -9.413728E-01 7.288916E-02 -3.293999E-01
    outer loop
      vertex 4.896540E+00 -3.723689E+00 5.661163E-01
      vertex 4.925072E+00 -2.400000E+00 7.774791E-01
      vertex 4.999031E+00 -2.400000E+00 5.661163E-01
    endloop
  endfacet
  facet normal -9.189320E-01 2.169304E-01 -3.294013E-01
    outer loop
      vertex 4.896540E+00 -3.723689E+00 5.661163E-01
      vertex 4.521054E+00 -4.993326E+00 7.774791E-01
      vertex 4.823462E+00 -3.712304E+00 7.774791E-01
    endloop
  endfacet
  facet normal -9.189321E-01 2.169305E-01 -3.294008E-01
    outer loop
      vertex 4.896540E+00 -3.723689E+00 5.661163E-01
      vertex 4.591508E+00 -5.015824E+00 5.661163E-01
      vertex 4.521054E+00 -4.993326E+00 7.774791E-01
    endloop
  endfacet
  facet normal -9.413725E-01 7.288937E-02 -3.294012E-01
    outer loop
      vertex 4.896540E+00 -3.723689E+00 5.661163E-01
      vertex 4.823462E+00 -3.712304E+00 7.774791E-01
      vertex 4.925072E+00 -2.400000E+00 7.774791E-01
    endloop
  endfacet
  facet normal -4.938672E-01 2.009156E-01 -8.460072E-01
    outer loop
      vertex 5.036457E+00 -5.157912E+00 9.903114E-02
      vertex 4.339392E+00 -6.369696E+00 2.181685E-01
      vertex 4.855836E+00 -5.100234E+00 2.181685E-01
    endloop
  endfacet
  facet normal -4.938682E-01 2.009163E-01 -8.460065E-01
    outer loop
      vertex 5.036457E+00 -5.157912E+00 9.903114E-02
      vertex 4.508981E+00 -6.454491E+00 9.903114E-02
      vertex 4.339392E+00 -6.369696E+00 2.181685E-01
    endloop
  endfacet
  facet normal -8.449106E-01 6.542026E-02 -5.308920E-01
    outer loop
      vertex 5.014257E+00 -3.742028E+00 3.765102E-01
      vertex 4.999031E+00 -2.400000E+00 5.661163E-01
      vertex 5.118168E+00 -2.400000E+00 3.765102E-01
    endloop
  endfacet
  facet normal -8.449107E-01 6.542024E-02 -5.308919E-01
    outer loop
      vertex 5.014257E+00 -3.742028E+00 3.765102E-01
      vertex 4.896540E+00 -3.723689E+00 5.661163E-01
      vertex 4.999031E+00 -2.400000E+00 5.661163E-01
    endloop
  endfacet
  facet normal -8.247699E-01 1.947018E-01 -5.308917E-01
    outer loop
      vertex 5.014257E+00 -3.742028E+00 3.765102E-01
      vertex 4.704999E+00 -5.052066E+00 3.765102E-01
      vertex 4.591508E+00 -5.015824E+00 5.661163E-01
    endloop
  endfacet
  facet normal -8.247697E-01 1.947018E-01 -5.308918E-01
    outer loop
      vertex 5.014257E+00 -3.742028E+00 3.765102E-01
      vertex 4.591508E+00 -5.015824E+00 5.661163E-01
      vertex 4.896540E+00 -3.723689E+00 5.661163E-01
    endloop
  endfacet
  facet normal -1.040173E-01 4.231643E-02 -9.936749E-01
    outer loop
      vertex 5.237803E+00 -5.222208E+00 2.507209E-02
      vertex 5.449778E+00 -5.289899E+00 0.000000E+00
      vertex 4.897058E+00 -6.648529E+00 0.000000E+00
    endloop
  endfacet
  facet normal -1.040171E-01 4.231638E-02 -9.936749E-01
    outer loop
      vertex 5.237803E+00 -5.222208E+00 2.507209E-02
      vertex 4.897058E+00 -6.648529E+00 0.000000E+00
      vertex 4.698030E+00 -6.549015E+00 2.507209E-02
    endloop
  endfacet
  facet normal -3.067470E-01 1.247913E-01 -9.435748E-01
    outer loop
      vertex 5.237803E+00 -5.222208E+00 2.507209E-02
      vertex 4.698030E+00 -6.549015E+00 2.507209E-02
      vertex 4.508981E+00 -6.454491E+00 9.903114E-02
    endloop
  endfacet
  facet normal -3.067471E-01 1.247913E-01 -9.435748E-01
    outer loop
      vertex 5.237803E+00 -5.222208E+00 2.507209E-02
      vertex 4.508981E+00 -6.454491E+00 9.903114E-02
      vertex 5.036457E+00 -5.157912E+00 9.903114E-02
    endloop
  endfacet
  facet normal -7.060488E-01 5.466841E-02 -7.060497E-01
    outer loop
      vertex 5.170712E+00 -3.766403E+00 2.181685E-01
      vertex 5.118168E+00 -2.400000E+00 3.765102E-01
      vertex 5.276510E+00 -2.400000E+00 2.181685E-01
    endloop
  endfacet
  facet normal -6.892188E-01 1.627027E-01 -7.060491E-01
    outer loop
      vertex 5.170712E+00 -3.766403E+00 2.181685E-01
      vertex 4.855836E+00 -5.100234E+00 2.181685E-01
      vertex 4.704999E+00 -5.052066E+00 3.765102E-01
    endloop
  endfacet
  facet normal -7.060491E-01 5.466839E-02 -7.060497E-01
    outer loop
      vertex 5.170712E+00 -3.766403E+00 2.181685E-01
      vertex 5.014257E+00 -3.742028E+00 3.765102E-01
      vertex 5.118168E+00 -2.400000E+00 3.765102E-01
    endloop
  endfacet
  facet normal -6.892182E-01 1.627024E-01 -7.060497E-01
    outer loop
      vertex 5.170712E+00 -3.766403E+00 2.181685E-01
      vertex 4.704999E+00 -5.052066E+00 3.765102E-01
      vertex 5.014257E+00 -3.742028E+00 3.765102E-01
    endloop
  endfacet
  facet normal -5.315809E-01 4.115970E-02 -8.460068E-01
    outer loop
      vertex 5.358057E+00 -3.795590E+00 9.903114E-02
      vertex 5.276510E+00 -2.400000E+00 2.181685E-01
      vertex 5.466116E+00 -2.400000E+00 9.903114E-02
    endloop
  endfacet
  facet normal -5.315815E-01 4.115964E-02 -8.460065E-01
    outer loop
      vertex 5.358057E+00 -3.795590E+00 9.903114E-02
      vertex 5.170712E+00 -3.766403E+00 2.181685E-01
      vertex 5.276510E+00 -2.400000E+00 2.181685E-01
    endloop
  endfacet
  facet normal -5.189097E-01 1.224981E-01 -8.460065E-01
    outer loop
      vertex 5.358057E+00 -3.795590E+00 9.903114E-02
      vertex 4.855836E+00 -5.100234E+00 2.181685E-01
      vertex 5.170712E+00 -3.766403E+00 2.181685E-01
    endloop
  endfacet
  facet normal -5.189086E-01 1.224977E-01 -8.460072E-01
    outer loop
      vertex 5.358057E+00 -3.795590E+00 9.903114E-02
      vertex 5.036457E+00 -5.157912E+00 9.903114E-02
      vertex 4.855836E+00 -5.100234E+00 2.181685E-01
    endloop
  endfacet
  facet normal -3.301711E-01 2.556475E-02 -9.435749E-01
    outer loop
      vertex 5.566901E+00 -3.828126E+00 2.507209E-02
      vertex 5.466116E+00 -2.400000E+00 9.903114E-02
      vertex 5.677479E+00 -2.400000E+00 2.507209E-02
    endloop
  endfacet
  facet normal -1.119603E-01 8.668953E-03 -9.936749E-01
    outer loop
      vertex 5.566901E+00 -3.828126E+00 2.507209E-02
      vertex 5.677479E+00 -2.400000E+00 2.507209E-02
      vertex 5.900000E+00 -2.400000E+00 0.000000E+00
    endloop
  endfacet
  facet normal -1.119603E-01 8.668949E-03 -9.936749E-01
    outer loop
      vertex 5.566901E+00 -3.828126E+00 2.507209E-02
      vertex 5.900000E+00 -2.400000E+00 0.000000E+00
      vertex 5.786770E+00 -3.862380E+00 0.000000E+00
    endloop
  endfacet
  facet normal -1.092914E-01 2.580021E-02 -9.936748E-01
    outer loop
      vertex 5.566901E+00 -3.828126E+00 2.507209E-02
      vertex 5.786770E+00 -3.862380E+00 0.000000E+00
      vertex 5.449778E+00 -5.289899E+00 0.000000E+00
    endloop
  endfacet
  facet normal -1.092914E-01 2.580022E-02 -9.936748E-01
    outer loop
      vertex 5.566901E+00 -3.828126E+00 2.507209E-02
      vertex 5.449778E+00 -5.289899E+00 0.000000E+00
      vertex 5.237803E+00 -5.222208E+00 2.507209E-02
    endloop
  endfacet
  facet normal -3.223006E-01 7.608487E-02 -9.435748E-01
    outer loop
      vertex 5.566901E+00 -3.828126E+00 2.507209E-02
      vertex 5.237803E+00 -5.222208E+00 2.507209E-02
      vertex 5.036457E+00 -5.157912E+00 9.903114E-02
    endloop
  endfacet
  facet normal -3.301710E-01 2.556477E-02 -9.435749E-01
    outer loop
      vertex 5.566901E+00 -3.828126E+00 2.507209E-02
      vertex 5.358057E+00 -3.795590E+00 9.903114E-02
      vertex 5.466116E+00 -2.400000E+00 9.903114E-02
    endloop
  endfacet
  facet normal -3.223003E-01 7.608476E-02 -9.435748E-01
    outer loop
      vertex 5.566901E+00 -3.828126E+00 2.507209E-02
      vertex 5.036457E+00 -5.157912E+00 9.903114E-02
      vertex 5.358057E+00 -3.795590E+00 9.903114E-02
    endloop
  endfacet
  facet normal 9.892274E-01 9.490033E-02 -1.114592E-01
    outer loop
      vertex -1.196959E+01 -4.020765E+00 7.774791E-01
      vertex -1.212507E+01 -2.400000E+00 7.774791E-01
      vertex -1.210000E+01 -2.400000E+00 1.000000E+00
    endloop
  endfacet
  facet normal 9.812868E-01 1.014298E-01 -1.636711E-01
    outer loop
      vertex -1.196959E+01 -4.020765E+00 7.774791E-01
      vertex -1.210000E+01 -2.400000E+00 1.000000E+00
      vertex -1.192029E+01 -4.138607E+00 1.000000E+00
    endloop
  endfacet
  facet normal 9.400383E-01 9.018119E-02 -3.289308E-01
    outer loop
      vertex -1.204220E+01 -4.034826E+00 5.661163E-01
      vertex -1.219903E+01 -2.400000E+00 5.661163E-01
      vertex -1.212507E+01 -2.400000E+00 7.774791E-01
    endloop
  endfacet
  facet normal 9.400376E-01 9.018137E-02 -3.289325E-01
    outer loop
      vertex -1.204220E+01 -4.034826E+00 5.661163E-01
      vertex -1.212507E+01 -2.400000E+00 7.774791E-01
      vertex -1.196959E+01 -4.020765E+00 7.774791E-01
    endloop
  endfacet
  facet normal 8.439447E-01 8.096260E-02 -5.302850E-01
    outer loop
      vertex -1.215916E+01 -4.057476E+00 3.765102E-01
      vertex -1.219903E+01 -2.400000E+00 5.661163E-01
      vertex -1.204220E+01 -4.034826E+00 5.661163E-01
    endloop
  endfacet
  facet normal 8.439438E-01 8.096275E-02 -5.302867E-01
    outer loop
      vertex -1.215916E+01 -4.057476E+00 3.765102E-01
      vertex -1.231817E+01 -2.400000E+00 3.765102E-01
      vertex -1.219903E+01 -2.400000E+00 5.661163E-01
    endloop
  endfacet
  facet normal 9.572453E-01 2.824492E-01 -6.248123E-02
    outer loop
      vertex -1.150880E+01 -5.582409E+00 7.774791E-01
      vertex -1.196959E+01 -4.020765E+00 7.774791E-01
      vertex -1.192029E+01 -4.138607E+00 1.000000E+00
    endloop
  endfacet
  facet normal 9.320266E-01 2.975200E-01 -2.069016E-01
    outer loop
      vertex -1.150880E+01 -5.582409E+00 7.774791E-01
      vertex -1.192029E+01 -4.138607E+00 1.000000E+00
      vertex -1.138876E+01 -5.803698E+00 1.000000E+00
    endloop
  endfacet
  facet normal 7.054860E-01 6.767988E-02 -7.054848E-01
    outer loop
      vertex -1.231461E+01 -4.087580E+00 2.181685E-01
      vertex -1.247651E+01 -2.400000E+00 2.181685E-01
      vertex -1.231817E+01 -2.400000E+00 3.765102E-01
    endloop
  endfacet
  facet normal 7.054856E-01 6.767994E-02 -7.054853E-01
    outer loop
      vertex -1.231461E+01 -4.087580E+00 2.181685E-01
      vertex -1.231817E+01 -2.400000E+00 3.765102E-01
      vertex -1.215916E+01 -4.057476E+00 3.765102E-01
    endloop
  endfacet
  facet normal 9.057468E-01 2.672538E-01 -3.289350E-01
    outer loop
      vertex -1.157741E+01 -5.610018E+00 5.661163E-01
      vertex -1.196959E+01 -4.020765E+00 7.774791E-01
      vertex -1.150880E+01 -5.582409E+00 7.774791E-01
    endloop
  endfacet
  facet normal 9.057477E-01 2.672537E-01 -3.289325E-01
    outer loop
      vertex -1.157741E+01 -5.610018E+00 5.661163E-01
      vertex -1.204220E+01 -4.034826E+00 5.661163E-01
      vertex -1.196959E+01 -4.020765E+00 7.774791E-01
    endloop
  endfacet
  facet normal 5.313389E-01 5.097330E-02 -8.456244E-01
    outer loop
      vertex -1.250076E+01 -4.123627E+00 9.903114E-02
      vertex -1.247651E+01 -2.400000E+00 2.181685E-01
      vertex -1.231461E+01 -4.087580E+00 2.181685E-01
    endloop
  endfacet
  facet normal 5.313392E-01 5.097329E-02 -8.456243E-01
    outer loop
      vertex -1.250076E+01 -4.123627E+00 9.903114E-02
      vertex -1.266612E+01 -2.400000E+00 9.903114E-02
      vertex -1.247651E+01 -2.400000E+00 2.181685E-01
    endloop
  endfacet
  facet normal 8.131595E-01 2.399342E-01 -5.302859E-01
    outer loop
      vertex -1.168794E+01 -5.654492E+00 3.765102E-01
      vertex -1.204220E+01 -4.034826E+00 5.661163E-01
      vertex -1.157741E+01 -5.610018E+00 5.661163E-01
    endloop
  endfacet
  facet normal 8.131600E-01 2.399343E-01 -5.302852E-01
    outer loop
      vertex -1.168794E+01 -5.654492E+00 3.765102E-01
      vertex -1.215916E+01 -4.057476E+00 3.765102E-01
      vertex -1.204220E+01 -4.034826E+00 5.661163E-01
    endloop
  endfacet
  facet normal 1.119578E-01 1.074053E-02 -9.936549E-01
    outer loop
      vertex -1.270827E+01 -4.163811E+00 2.507209E-02
      vertex -1.292673E+01 -4.206116E+00 0.000000E+00
      vertex -1.310000E+01 -2.400000E+00 0.000000E+00
    endloop
  endfacet
  facet normal 1.119576E-01 1.074049E-02 -9.936550E-01
    outer loop
      vertex -1.270827E+01 -4.163811E+00 2.507209E-02
      vertex -1.310000E+01 -2.400000E+00 0.000000E+00
      vertex -1.287748E+01 -2.400000E+00 2.507209E-02
    endloop
  endfacet
  facet normal 3.301147E-01 3.166905E-02 -9.434094E-01
    outer loop
      vertex -1.270827E+01 -4.163811E+00 2.507209E-02
      vertex -1.287748E+01 -2.400000E+00 2.507209E-02
      vertex -1.266612E+01 -2.400000E+00 9.903114E-02
    endloop
  endfacet
  facet normal 3.301145E-01 3.166907E-02 -9.434095E-01
    outer loop
      vertex -1.270827E+01 -4.163811E+00 2.507209E-02
      vertex -1.266612E+01 -2.400000E+00 9.903114E-02
      vertex -1.250076E+01 -4.123627E+00 9.903114E-02
    endloop
  endfacet
  facet normal 8.445560E-01 4.779573E-01 -2.414167E-01
    outer loop
      vertex -1.075952E+01 -7.027967E+00 7.774791E-01
      vertex -1.138876E+01 -5.803698E+00 1.000000E+00
      vertex -1.052789E+01 -7.324865E+00 1.000000E+00
    endloop
  endfacet
  facet normal 8.876216E-01 4.600814E-01 -2.128659E-02
    outer loop
      vertex -1.075952E+01 -7.027967E+00 7.774791E-01
      vertex -1.150880E+01 -5.582409E+00 7.774791E-01
      vertex -1.138876E+01 -5.803698E+00 1.000000E+00
    endloop
  endfacet
  facet normal 6.797513E-01 2.005705E-01 -7.054854E-01
    outer loop
      vertex -1.183483E+01 -5.713601E+00 2.181685E-01
      vertex -1.231461E+01 -4.087580E+00 2.181685E-01
      vertex -1.215916E+01 -4.057476E+00 3.765102E-01
    endloop
  endfacet
  facet normal 6.797531E-01 2.005707E-01 -7.054836E-01
    outer loop
      vertex -1.183483E+01 -5.713601E+00 2.181685E-01
      vertex -1.215916E+01 -4.057476E+00 3.765102E-01
      vertex -1.168794E+01 -5.654492E+00 3.765102E-01
    endloop
  endfacet
  facet normal 8.384175E-01 4.345779E-01 -3.289347E-01
    outer loop
      vertex -1.082164E+01 -7.068117E+00 5.661163E-01
      vertex -1.157741E+01 -5.610018E+00 5.661163E-01
      vertex -1.150880E+01 -5.582409E+00 7.774791E-01
    endloop
  endfacet
  facet normal 8.384187E-01 4.345780E-01 -3.289317E-01
    outer loop
      vertex -1.082164E+01 -7.068117E+00 5.661163E-01
      vertex -1.150880E+01 -5.582409E+00 7.774791E-01
      vertex -1.075952E+01 -7.027967E+00 7.774791E-01
    endloop
  endfacet
  facet normal 5.119572E-01 1.510606E-01 -8.456244E-01
    outer loop
      vertex -1.201073E+01 -5.784381E+00 9.903114E-02
      vertex -1.250076E+01 -4.123627E+00 9.903114E-02
      vertex -1.231461E+01 -4.087580E+00 2.181685E-01
    endloop
  endfacet
  facet normal 5.119585E-01 1.510608E-01 -8.456235E-01
    outer loop
      vertex -1.201073E+01 -5.784381E+00 9.903114E-02
      vertex -1.231461E+01 -4.087580E+00 2.181685E-01
      vertex -1.183483E+01 -5.713601E+00 2.181685E-01
    endloop
  endfacet
  facet normal 7.527127E-01 3.901546E-01 -5.302858E-01
    outer loop
      vertex -1.092169E+01 -7.132792E+00 3.765102E-01
      vertex -1.168794E+01 -5.654492E+00 3.765102E-01
      vertex -1.157741E+01 -5.610018E+00 5.661163E-01
    endloop
  endfacet
  facet normal 7.527133E-01 3.901548E-01 -5.302848E-01
    outer loop
      vertex -1.092169E+01 -7.132792E+00 3.765102E-01
      vertex -1.157741E+01 -5.610018E+00 5.661163E-01
      vertex -1.082164E+01 -7.068117E+00 5.661163E-01
    endloop
  endfacet
  facet normal 1.078739E-01 3.182973E-02 -9.936549E-01
    outer loop
      vertex -1.220682E+01 -5.863283E+00 2.507209E-02
      vertex -1.292673E+01 -4.206116E+00 0.000000E+00
      vertex -1.270827E+01 -4.163811E+00 2.507209E-02
    endloop
  endfacet
  facet normal 1.078740E-01 3.182979E-02 -9.936549E-01
    outer loop
      vertex -1.220682E+01 -5.863283E+00 2.507209E-02
      vertex -1.241325E+01 -5.946350E+00 0.000000E+00
      vertex -1.292673E+01 -4.206116E+00 0.000000E+00
    endloop
  endfacet
  facet normal 3.180728E-01 9.385190E-02 -9.434096E-01
    outer loop
      vertex -1.220682E+01 -5.863283E+00 2.507209E-02
      vertex -1.270827E+01 -4.163811E+00 2.507209E-02
      vertex -1.250076E+01 -4.123627E+00 9.903114E-02
    endloop
  endfacet
  facet normal 3.180710E-01 9.385164E-02 -9.434102E-01
    outer loop
      vertex -1.220682E+01 -5.863283E+00 2.507209E-02
      vertex -1.250076E+01 -4.123627E+00 9.903114E-02
      vertex -1.201073E+01 -5.784381E+00 9.903114E-02
    endloop
  endfacet
  facet normal 7.237502E-01 6.360405E-01 -2.676530E-01
    outer loop
      vertex -9.749085E+00 -8.304709E+00 7.774791E-01
      vertex -1.052789E+01 -7.324865E+00 1.000000E+00
      vertex -9.374081E+00 -8.637788E+00 1.000000E+00
    endloop
  endfacet
  facet normal 7.840860E-01 6.205406E-01 1.177024E-02
    outer loop
      vertex -9.749085E+00 -8.304709E+00 7.774791E-01
      vertex -1.075952E+01 -7.027967E+00 7.774791E-01
      vertex -1.052789E+01 -7.324865E+00 1.000000E+00
    endloop
  endfacet
  facet normal 6.292211E-01 3.261451E-01 -7.054856E-01
    outer loop
      vertex -1.105467E+01 -7.218751E+00 2.181685E-01
      vertex -1.168794E+01 -5.654492E+00 3.765102E-01
      vertex -1.092169E+01 -7.132792E+00 3.765102E-01
    endloop
  endfacet
  facet normal 6.292232E-01 3.261457E-01 -7.054836E-01
    outer loop
      vertex -1.105467E+01 -7.218751E+00 2.181685E-01
      vertex -1.183483E+01 -5.713601E+00 2.181685E-01
      vertex -1.168794E+01 -5.654492E+00 3.765102E-01
    endloop
  endfacet
  facet normal 6.962020E-01 7.090681E-01 -1.119166E-01
    outer loop
      vertex -9.391112E+00 -8.656187E+00 7.774791E-01
      vertex -9.749085E+00 -8.304709E+00 7.774791E-01
      vertex -9.374081E+00 -8.637788E+00 1.000000E+00
    endloop
  endfacet
  facet normal 7.405061E-01 5.860499E-01 -3.289319E-01
    outer loop
      vertex -9.802432E+00 -8.355936E+00 5.661163E-01
      vertex -1.082164E+01 -7.068117E+00 5.661163E-01
      vertex -1.075952E+01 -7.027967E+00 7.774791E-01
    endloop
  endfacet
  facet normal 7.405047E-01 5.860496E-01 -3.289357E-01
    outer loop
      vertex -9.802432E+00 -8.355936E+00 5.661163E-01
      vertex -1.075952E+01 -7.027967E+00 7.774791E-01
      vertex -9.749085E+00 -8.304709E+00 7.774791E-01
    endloop
  endfacet
  facet normal 4.739017E-01 2.456378E-01 -8.456236E-01
    outer loop
      vertex -1.121390E+01 -7.321681E+00 9.903114E-02
      vertex -1.201073E+01 -5.784381E+00 9.903114E-02
      vertex -1.183483E+01 -5.713601E+00 2.181685E-01
    endloop
  endfacet
  facet normal 4.739017E-01 2.456378E-01 -8.456236E-01
    outer loop
      vertex -1.121390E+01 -7.321681E+00 9.903114E-02
      vertex -1.183483E+01 -5.713601E+00 2.181685E-01
      vertex -1.105467E+01 -7.218751E+00 2.181685E-01
    endloop
  endfacet
  facet normal 6.613191E-01 6.735406E-01 -3.301517E-01
    outer loop
      vertex -9.441353E+00 -8.710463E+00 5.661163E-01
      vertex -9.749085E+00 -8.304709E+00 7.774791E-01
      vertex -9.391112E+00 -8.656187E+00 7.774791E-01
    endloop
  endfacet
  facet normal 6.613177E-01 6.735408E-01 -3.301541E-01
    outer loop
      vertex -9.441353E+00 -8.710463E+00 5.661163E-01
      vertex -9.802432E+00 -8.355936E+00 5.661163E-01
      vertex -9.749085E+00 -8.304709E+00 7.774791E-01
    endloop
  endfacet
  facet normal 6.648103E-01 5.261429E-01 -5.302837E-01
    outer loop
      vertex -9.888365E+00 -8.438454E+00 3.765102E-01
      vertex -1.082164E+01 -7.068117E+00 5.661163E-01
      vertex -9.802432E+00 -8.355936E+00 5.661163E-01
    endloop
  endfacet
  facet normal 6.648098E-01 5.261427E-01 -5.302845E-01
    outer loop
      vertex -9.888365E+00 -8.438454E+00 3.765102E-01
      vertex -1.092169E+01 -7.132792E+00 3.765102E-01
      vertex -1.082164E+01 -7.068117E+00 5.661163E-01
    endloop
  endfacet
  facet normal 9.985527E-02 5.175807E-02 -9.936549E-01
    outer loop
      vertex -1.139141E+01 -7.436423E+00 2.507209E-02
      vertex -1.157829E+01 -7.557222E+00 0.000000E+00
      vertex -1.241325E+01 -5.946350E+00 0.000000E+00
    endloop
  endfacet
  facet normal 9.985517E-02 5.175800E-02 -9.936549E-01
    outer loop
      vertex -1.139141E+01 -7.436423E+00 2.507209E-02
      vertex -1.241325E+01 -5.946350E+00 0.000000E+00
      vertex -1.220682E+01 -5.863283E+00 2.507209E-02
    endloop
  endfacet
  facet normal 2.944270E-01 1.526106E-01 -9.434102E-01
    outer loop
      vertex -1.139141E+01 -7.436423E+00 2.507209E-02
      vertex -1.201073E+01 -5.784381E+00 9.903114E-02
      vertex -1.121390E+01 -7.321681E+00 9.903114E-02
    endloop
  endfacet
  facet normal 2.944272E-01 1.526107E-01 -9.434102E-01
    outer loop
      vertex -1.139141E+01 -7.436423E+00 2.507209E-02
      vertex -1.220682E+01 -5.863283E+00 2.507209E-02
      vertex -1.201073E+01 -5.784381E+00 9.903114E-02
    endloop
  endfacet
  facet normal 5.751701E-01 7.663919E-01 -2.860469E-01
    outer loop
      vertex -8.514346E+00 -9.366064E+00 7.774791E-01
      vertex -9.374081E+00 -8.637788E+00 1.000000E+00
      vertex -7.976114E+00 -9.686949E+00 1.000000E+00
    endloop
  endfacet
  facet normal 6.253197E-01 7.723299E-01 -1.117221E-01
    outer loop
      vertex -8.514346E+00 -9.366064E+00 7.774791E-01
      vertex -9.391112E+00 -8.656187E+00 7.774791E-01
      vertex -9.374081E+00 -8.637788E+00 1.000000E+00
    endloop
  endfacet
  facet normal 5.932894E-01 6.042552E-01 -5.318678E-01
    outer loop
      vertex -9.522284E+00 -8.797893E+00 3.765102E-01
      vertex -9.802432E+00 -8.355936E+00 5.661163E-01
      vertex -9.441353E+00 -8.710463E+00 5.661163E-01
    endloop
  endfacet
  facet normal 5.932915E-01 6.042554E-01 -5.318652E-01
    outer loop
      vertex -9.522284E+00 -8.797893E+00 3.765102E-01
      vertex -9.888365E+00 -8.438454E+00 3.765102E-01
      vertex -9.802432E+00 -8.355936E+00 5.661163E-01
    endloop
  endfacet
  facet normal 5.557388E-01 4.398219E-01 -7.054864E-01
    outer loop
      vertex -1.000258E+01 -8.548126E+00 2.181685E-01
      vertex -1.092169E+01 -7.132792E+00 3.765102E-01
      vertex -9.888365E+00 -8.438454E+00 3.765102E-01
    endloop
  endfacet
  facet normal 5.557394E-01 4.398222E-01 -7.054857E-01
    outer loop
      vertex -1.000258E+01 -8.548126E+00 2.181685E-01
      vertex -1.105467E+01 -7.218751E+00 2.181685E-01
      vertex -1.092169E+01 -7.132792E+00 3.765102E-01
    endloop
  endfacet
  facet normal 5.425887E-01 8.325134E-01 -1.118892E-01
    outer loop
      vertex -7.989022E+00 -9.708443E+00 7.774791E-01
      vertex -8.514346E+00 -9.366064E+00 7.774791E-01
      vertex -7.976114E+00 -9.686949E+00 1.000000E+00
    endloop
  endfacet
  facet normal 5.940896E-01 7.337567E-01 -3.296342E-01
    outer loop
      vertex -8.556981E+00 -9.426498E+00 5.661163E-01
      vertex -9.441353E+00 -8.710463E+00 5.661163E-01
      vertex -9.391112E+00 -8.656187E+00 7.774791E-01
    endloop
  endfacet
  facet normal 5.940885E-01 7.337562E-01 -3.296371E-01
    outer loop
      vertex -8.556981E+00 -9.426498E+00 5.661163E-01
      vertex -9.391112E+00 -8.656187E+00 7.774791E-01
      vertex -8.514346E+00 -9.366064E+00 7.774791E-01
    endloop
  endfacet
  facet normal 4.955097E-01 5.046666E-01 -7.069525E-01
    outer loop
      vertex -9.629846E+00 -8.914092E+00 2.181685E-01
      vertex -9.888365E+00 -8.438454E+00 3.765102E-01
      vertex -9.522284E+00 -8.797893E+00 3.765102E-01
    endloop
  endfacet
  facet normal 4.955071E-01 5.046659E-01 -7.069547E-01
    outer loop
      vertex -9.629846E+00 -8.914092E+00 2.181685E-01
      vertex -1.000258E+01 -8.548126E+00 2.181685E-01
      vertex -9.888365E+00 -8.438454E+00 3.765102E-01
    endloop
  endfacet
  facet normal 4.185585E-01 3.312548E-01 -8.456234E-01
    outer loop
      vertex -1.013934E+01 -8.679453E+00 9.903114E-02
      vertex -1.105467E+01 -7.218751E+00 2.181685E-01
      vertex -1.000258E+01 -8.548126E+00 2.181685E-01
    endloop
  endfacet
  facet normal 4.185584E-01 3.312548E-01 -8.456236E-01
    outer loop
      vertex -1.013934E+01 -8.679453E+00 9.903114E-02
      vertex -1.121390E+01 -7.321681E+00 9.903114E-02
      vertex -1.105467E+01 -7.218751E+00 2.181685E-01
    endloop
  endfacet
  facet normal 5.154149E-01 7.908196E-01 -3.300786E-01
    outer loop
      vertex -8.027099E+00 -9.771847E+00 5.661163E-01
      vertex -8.514346E+00 -9.366064E+00 7.774791E-01
      vertex -7.989022E+00 -9.708443E+00 7.774791E-01
    endloop
  endfacet
  facet normal 5.154127E-01 7.908193E-01 -3.300830E-01
    outer loop
      vertex -8.027099E+00 -9.771847E+00 5.661163E-01
      vertex -8.556981E+00 -9.426498E+00 5.661163E-01
      vertex -8.514346E+00 -9.366064E+00 7.774791E-01
    endloop
  endfacet
  facet normal 5.331407E-01 6.584790E-01 -5.311934E-01
    outer loop
      vertex -8.625658E+00 -9.523849E+00 3.765102E-01
      vertex -9.441353E+00 -8.710463E+00 5.661163E-01
      vertex -8.556981E+00 -9.426498E+00 5.661163E-01
    endloop
  endfacet
  facet normal 5.331391E-01 6.584780E-01 -5.311963E-01
    outer loop
      vertex -8.625658E+00 -9.523849E+00 3.765102E-01
      vertex -9.522284E+00 -8.797893E+00 3.765102E-01
      vertex -9.441353E+00 -8.710463E+00 5.661163E-01
    endloop
  endfacet
  facet normal 3.728591E-01 3.797509E-01 -8.466200E-01
    outer loop
      vertex -9.758645E+00 -9.053236E+00 9.903114E-02
      vertex -1.000258E+01 -8.548126E+00 2.181685E-01
      vertex -9.629846E+00 -8.914092E+00 2.181685E-01
    endloop
  endfacet
  facet normal 3.728584E-01 3.797507E-01 -8.466204E-01
    outer loop
      vertex -9.758645E+00 -9.053236E+00 9.903114E-02
      vertex -1.013934E+01 -8.679453E+00 9.903114E-02
      vertex -1.000258E+01 -8.548126E+00 2.181685E-01
    endloop
  endfacet
  facet normal 8.819409E-02 6.979846E-02 -9.936549E-01
    outer loop
      vertex -1.029179E+01 -8.825849E+00 2.507209E-02
      vertex -1.045230E+01 -8.979973E+00 0.000000E+00
      vertex -1.157829E+01 -7.557222E+00 0.000000E+00
    endloop
  endfacet
  facet normal 2.600433E-01 2.058030E-01 -9.434101E-01
    outer loop
      vertex -1.029179E+01 -8.825849E+00 2.507209E-02
      vertex -1.139141E+01 -7.436423E+00 2.507209E-02
      vertex -1.121390E+01 -7.321681E+00 9.903114E-02
    endloop
  endfacet
  facet normal 2.600434E-01 2.058031E-01 -9.434100E-01
    outer loop
      vertex -1.029179E+01 -8.825849E+00 2.507209E-02
      vertex -1.121390E+01 -7.321681E+00 9.903114E-02
      vertex -1.013934E+01 -8.679453E+00 9.903114E-02
    endloop
  endfacet
  facet normal 8.819391E-02 6.979828E-02 -9.936549E-01
    outer loop
      vertex -1.029179E+01 -8.825849E+00 2.507209E-02
      vertex -1.157829E+01 -7.557222E+00 0.000000E+00
      vertex -1.139141E+01 -7.436423E+00 2.507209E-02
    endloop
  endfacet
  facet normal 4.048438E-01 8.648294E-01 -2.969373E-01
    outer loop
      vertex -7.100345E+00 -1.017332E+01 7.774791E-01
      vertex -7.976114E+00 -9.686949E+00 1.000000E+00
      vertex -6.393106E+00 -1.042799E+01 1.000000E+00
    endloop
  endfacet
  facet normal 4.606138E-01 8.805349E-01 -1.117725E-01
    outer loop
      vertex -7.100345E+00 -1.017332E+01 7.774791E-01
      vertex -7.989022E+00 -9.708443E+00 7.774791E-01
      vertex -7.976114E+00 -9.686949E+00 1.000000E+00
    endloop
  endfacet
  facet normal 4.624153E-01 7.095003E-01 -5.317720E-01
    outer loop
      vertex -8.088435E+00 -9.873982E+00 3.765102E-01
      vertex -8.625658E+00 -9.523849E+00 3.765102E-01
      vertex -8.556981E+00 -9.426498E+00 5.661163E-01
    endloop
  endfacet
  facet normal 4.624126E-01 7.094991E-01 -5.317760E-01
    outer loop
      vertex -8.088435E+00 -9.873982E+00 3.765102E-01
      vertex -8.556981E+00 -9.426498E+00 5.661163E-01
      vertex -8.027099E+00 -9.771847E+00 5.661163E-01
    endloop
  endfacet
  facet normal 4.454423E-01 5.501633E-01 -7.063296E-01
    outer loop
      vertex -8.716936E+00 -9.653234E+00 2.181685E-01
      vertex -9.629846E+00 -8.914092E+00 2.181685E-01
      vertex -9.522284E+00 -8.797893E+00 3.765102E-01
    endloop
  endfacet
  facet normal 4.454408E-01 5.501623E-01 -7.063314E-01
    outer loop
      vertex -8.716936E+00 -9.653234E+00 2.181685E-01
      vertex -9.522284E+00 -8.797893E+00 3.765102E-01
      vertex -8.625658E+00 -9.523849E+00 3.765102E-01
    endloop
  endfacet
  facet normal 8.736557E-02 1.016377E-01 -9.909778E-01
    outer loop
      vertex -9.902225E+00 -9.208346E+00 2.507209E-02
      vertex -9.076351E+00 -1.016270E+01 0.000000E+00
      vertex -1.045230E+01 -8.979973E+00 0.000000E+00
    endloop
  endfacet
  facet normal 7.847626E-02 7.992691E-02 -9.937068E-01
    outer loop
      vertex -9.902225E+00 -9.208346E+00 2.507209E-02
      vertex -1.045230E+01 -8.979973E+00 0.000000E+00
      vertex -1.029179E+01 -8.825849E+00 2.507209E-02
    endloop
  endfacet
  facet normal 2.314833E-01 2.357622E-01 -9.438388E-01
    outer loop
      vertex -9.902225E+00 -9.208346E+00 2.507209E-02
      vertex -1.013934E+01 -8.679453E+00 9.903114E-02
      vertex -9.758645E+00 -9.053236E+00 9.903114E-02
    endloop
  endfacet
  facet normal 2.314832E-01 2.357622E-01 -9.438388E-01
    outer loop
      vertex -9.902225E+00 -9.208346E+00 2.507209E-02
      vertex -1.029179E+01 -8.825849E+00 2.507209E-02
      vertex -1.013934E+01 -8.679453E+00 9.903114E-02
    endloop
  endfacet
  facet normal 4.375903E-01 8.365211E-01 -3.297682E-01
    outer loop
      vertex -7.130712E+00 -1.024075E+01 5.661163E-01
      vertex -8.027099E+00 -9.771847E+00 5.661163E-01
      vertex -7.989022E+00 -9.708443E+00 7.774791E-01
    endloop
  endfacet
  facet normal 4.375898E-01 8.365209E-01 -3.297698E-01
    outer loop
      vertex -7.130712E+00 -1.024075E+01 5.661163E-01
      vertex -7.989022E+00 -9.708443E+00 7.774791E-01
      vertex -7.100345E+00 -1.017332E+01 7.774791E-01
    endloop
  endfacet
  facet normal 3.676364E-01 9.232181E-01 -1.118566E-01
    outer loop
      vertex -6.401345E+00 -1.045167E+01 7.774791E-01
      vertex -7.100345E+00 -1.017332E+01 7.774791E-01
      vertex -6.393106E+00 -1.042799E+01 1.000000E+00
    endloop
  endfacet
  facet normal 3.862225E-01 5.925959E-01 -7.068680E-01
    outer loop
      vertex -8.169955E+00 -1.000973E+01 2.181685E-01
      vertex -8.716936E+00 -9.653234E+00 2.181685E-01
      vertex -8.625658E+00 -9.523849E+00 3.765102E-01
    endloop
  endfacet
  facet normal 3.862236E-01 5.925966E-01 -7.068667E-01
    outer loop
      vertex -8.169955E+00 -1.000973E+01 2.181685E-01
      vertex -8.625658E+00 -9.523849E+00 3.765102E-01
      vertex -8.088435E+00 -9.873982E+00 3.765102E-01
    endloop
  endfacet
  facet normal 3.353136E-01 4.141434E-01 -8.461974E-01
    outer loop
      vertex -8.826236E+00 -9.808167E+00 9.903114E-02
      vertex -9.758645E+00 -9.053236E+00 9.903114E-02
      vertex -9.629846E+00 -8.914092E+00 2.181685E-01
    endloop
  endfacet
  facet normal 3.353124E-01 4.141425E-01 -8.461983E-01
    outer loop
      vertex -8.826236E+00 -9.808167E+00 9.903114E-02
      vertex -9.629846E+00 -8.914092E+00 2.181685E-01
      vertex -8.716936E+00 -9.653234E+00 2.181685E-01
    endloop
  endfacet
  facet normal 3.926651E-01 7.506398E-01 -5.313699E-01
    outer loop
      vertex -7.179629E+00 -1.034938E+01 3.765102E-01
      vertex -8.027099E+00 -9.771847E+00 5.661163E-01
      vertex -7.130712E+00 -1.024075E+01 5.661163E-01
    endloop
  endfacet
  facet normal 3.926635E-01 7.506384E-01 -5.313731E-01
    outer loop
      vertex -7.179629E+00 -1.034938E+01 3.765102E-01
      vertex -8.088435E+00 -9.873982E+00 3.765102E-01
      vertex -8.027099E+00 -9.771847E+00 5.661163E-01
    endloop
  endfacet
  facet normal 3.492341E-01 8.770065E-01 -3.299926E-01
    outer loop
      vertex -6.425648E+00 -1.052152E+01 5.661163E-01
      vertex -7.130712E+00 -1.024075E+01 5.661163E-01
      vertex -7.100345E+00 -1.017332E+01 7.774791E-01
    endloop
  endfacet
  facet normal 3.492345E-01 8.770067E-01 -3.299918E-01
    outer loop
      vertex -6.425648E+00 -1.052152E+01 5.661163E-01
      vertex -7.100345E+00 -1.017332E+01 7.774791E-01
      vertex -6.401345E+00 -1.045167E+01 7.774791E-01
    endloop
  endfacet
  facet normal 2.906385E-01 4.459384E-01 -8.465625E-01
    outer loop
      vertex -8.267571E+00 -1.017227E+01 9.903114E-02
      vertex -8.826236E+00 -9.808167E+00 9.903114E-02
      vertex -8.716936E+00 -9.653234E+00 2.181685E-01
    endloop
  endfacet
  facet normal 2.906393E-01 4.459389E-01 -8.465621E-01
    outer loop
      vertex -8.267571E+00 -1.017227E+01 9.903114E-02
      vertex -8.716936E+00 -9.653234E+00 2.181685E-01
      vertex -8.169955E+00 -1.000973E+01 2.181685E-01
    endloop
  endfacet
  facet normal 2.082376E-01 2.571932E-01 -9.436571E-01
    outer loop
      vertex -8.948077E+00 -9.980876E+00 2.507209E-02
      vertex -9.902225E+00 -9.208346E+00 2.507209E-02
      vertex -9.758645E+00 -9.053236E+00 9.903114E-02
    endloop
  endfacet
  facet normal 2.082387E-01 2.571941E-01 -9.436567E-01
    outer loop
      vertex -8.948077E+00 -9.980876E+00 2.507209E-02
      vertex -9.758645E+00 -9.053236E+00 9.903114E-02
      vertex -8.826236E+00 -9.808167E+00 9.903114E-02
    endloop
  endfacet
  facet normal 7.060733E-02 8.720675E-02 -9.936849E-01
    outer loop
      vertex -8.948077E+00 -9.980876E+00 2.507209E-02
      vertex -9.076351E+00 -1.016270E+01 0.000000E+00
      vertex -9.902225E+00 -9.208346E+00 2.507209E-02
    endloop
  endfacet
  facet normal 2.777939E-01 9.541108E-01 -1.118177E-01
    outer loop
      vertex -5.558660E+00 -1.069702E+01 7.774791E-01
      vertex -6.401345E+00 -1.045167E+01 7.774791E-01
      vertex -6.393106E+00 -1.042799E+01 1.000000E+00
    endloop
  endfacet
  facet normal 2.191311E-01 9.282547E-01 -3.005407E-01
    outer loop
      vertex -5.558660E+00 -1.069702E+01 7.774791E-01
      vertex -6.393106E+00 -1.042799E+01 1.000000E+00
      vertex -4.691994E+00 -1.082956E+01 1.000000E+00
    endloop
  endfacet
  facet normal 3.280414E-01 6.271017E-01 -7.064930E-01
    outer loop
      vertex -7.244643E+00 -1.049376E+01 2.181685E-01
      vertex -8.169955E+00 -1.000973E+01 2.181685E-01
      vertex -8.088435E+00 -9.873982E+00 3.765102E-01
    endloop
  endfacet
  facet normal 3.280399E-01 6.271001E-01 -7.064950E-01
    outer loop
      vertex -7.244643E+00 -1.049376E+01 2.181685E-01
      vertex -8.088435E+00 -9.873982E+00 3.765102E-01
      vertex -7.179629E+00 -1.034938E+01 3.765102E-01
    endloop
  endfacet
  facet normal 3.133389E-01 7.868653E-01 -5.316594E-01
    outer loop
      vertex -6.464797E+00 -1.063404E+01 3.765102E-01
      vertex -7.130712E+00 -1.024075E+01 5.661163E-01
      vertex -6.425648E+00 -1.052152E+01 5.661163E-01
    endloop
  endfacet
  facet normal 3.133391E-01 7.868655E-01 -5.316591E-01
    outer loop
      vertex -6.464797E+00 -1.063404E+01 3.765102E-01
      vertex -7.179629E+00 -1.034938E+01 3.765102E-01
      vertex -7.130712E+00 -1.024075E+01 5.661163E-01
    endloop
  endfacet
  facet normal 6.789338E-02 1.189237E-01 -9.905795E-01
    outer loop
      vertex -8.376390E+00 -1.035347E+01 2.507209E-02
      vertex -7.500645E+00 -1.106227E+01 0.000000E+00
      vertex -9.076351E+00 -1.016270E+01 0.000000E+00
    endloop
  endfacet
  facet normal 6.117532E-02 9.386335E-02 -9.937038E-01
    outer loop
      vertex -8.376390E+00 -1.035347E+01 2.507209E-02
      vertex -9.076351E+00 -1.016270E+01 0.000000E+00
      vertex -8.948077E+00 -9.980876E+00 2.507209E-02
    endloop
  endfacet
  facet normal 1.804477E-01 2.768669E-01 -9.438133E-01
    outer loop
      vertex -8.376390E+00 -1.035347E+01 2.507209E-02
      vertex -8.948077E+00 -9.980876E+00 2.507209E-02
      vertex -8.826236E+00 -9.808167E+00 9.903114E-02
    endloop
  endfacet
  facet normal 1.804460E-01 2.768656E-01 -9.438139E-01
    outer loop
      vertex -8.376390E+00 -1.035347E+01 2.507209E-02
      vertex -8.826236E+00 -9.808167E+00 9.903114E-02
      vertex -8.267571E+00 -1.017227E+01 9.903114E-02
    endloop
  endfacet
  facet normal 2.638981E-01 9.063838E-01 -3.298884E-01
    outer loop
      vertex -5.575653E+00 -1.076900E+01 5.661163E-01
      vertex -6.425648E+00 -1.052152E+01 5.661163E-01
      vertex -6.401345E+00 -1.045167E+01 7.774791E-01
    endloop
  endfacet
  facet normal 2.638979E-01 9.063836E-01 -3.298889E-01
    outer loop
      vertex -5.575653E+00 -1.076900E+01 5.661163E-01
      vertex -6.401345E+00 -1.045167E+01 7.774791E-01
      vertex -5.558660E+00 -1.069702E+01 7.774791E-01
    endloop
  endfacet
  facet normal 1.782245E-01 9.776160E-01 -1.118170E-01
    outer loop
      vertex -4.695215E+00 -1.085443E+01 7.774791E-01
      vertex -5.558660E+00 -1.069702E+01 7.774791E-01
      vertex -4.691994E+00 -1.082956E+01 1.000000E+00
    endloop
  endfacet
  facet normal 2.469134E-01 4.720130E-01 -8.463081E-01
    outer loop
      vertex -7.322495E+00 -1.066665E+01 9.903114E-02
      vertex -8.169955E+00 -1.000973E+01 2.181685E-01
      vertex -7.244643E+00 -1.049376E+01 2.181685E-01
    endloop
  endfacet
  facet normal 2.469130E-01 4.720125E-01 -8.463085E-01
    outer loop
      vertex -7.322495E+00 -1.066665E+01 9.903114E-02
      vertex -8.267571E+00 -1.017227E+01 9.903114E-02
      vertex -8.169955E+00 -1.000973E+01 2.181685E-01
    endloop
  endfacet
  facet normal 2.617268E-01 6.572554E-01 -7.067634E-01
    outer loop
      vertex -6.516828E+00 -1.078359E+01 2.181685E-01
      vertex -7.179629E+00 -1.034938E+01 3.765102E-01
      vertex -6.464797E+00 -1.063404E+01 3.765102E-01
    endloop
  endfacet
  facet normal 2.617267E-01 6.572553E-01 -7.067634E-01
    outer loop
      vertex -6.516828E+00 -1.078359E+01 2.181685E-01
      vertex -7.244643E+00 -1.049376E+01 2.181685E-01
      vertex -7.179629E+00 -1.034938E+01 3.765102E-01
    endloop
  endfacet
  facet normal 2.367888E-01 8.132725E-01 -5.315251E-01
    outer loop
      vertex -5.603024E+00 -1.088495E+01 3.765102E-01
      vertex -6.464797E+00 -1.063404E+01 3.765102E-01
      vertex -6.425648E+00 -1.052152E+01 5.661163E-01
    endloop
  endfacet
  facet normal 2.367881E-01 8.132717E-01 -5.315266E-01
    outer loop
      vertex -5.603024E+00 -1.088495E+01 3.765102E-01
      vertex -6.425648E+00 -1.052152E+01 5.661163E-01
      vertex -5.575653E+00 -1.076900E+01 5.661163E-01
    endloop
  endfacet
  facet normal 1.693093E-01 9.287130E-01 -3.298887E-01
    outer loop
      vertex -4.704717E+00 -1.092777E+01 5.661163E-01
      vertex -5.575653E+00 -1.076900E+01 5.661163E-01
      vertex -5.558660E+00 -1.069702E+01 7.774791E-01
    endloop
  endfacet
  facet normal 1.693092E-01 9.287128E-01 -3.298891E-01
    outer loop
      vertex -4.704717E+00 -1.092777E+01 5.661163E-01
      vertex -5.558660E+00 -1.069702E+01 7.774791E-01
      vertex -4.695215E+00 -1.085443E+01 7.774791E-01
    endloop
  endfacet
  facet normal 5.198633E-02 9.938012E-02 -9.936906E-01
    outer loop
      vertex -7.409279E+00 -1.085937E+01 2.507209E-02
      vertex -7.500645E+00 -1.106227E+01 0.000000E+00
      vertex -8.376390E+00 -1.035347E+01 2.507209E-02
    endloop
  endfacet
  facet normal 1.533264E-01 2.931077E-01 -9.437049E-01
    outer loop
      vertex -7.409279E+00 -1.085937E+01 2.507209E-02
      vertex -8.376390E+00 -1.035347E+01 2.507209E-02
      vertex -8.267571E+00 -1.017227E+01 9.903114E-02
    endloop
  endfacet
  facet normal 1.533270E-01 2.931084E-01 -9.437045E-01
    outer loop
      vertex -7.409279E+00 -1.085937E+01 2.507209E-02
      vertex -8.267571E+00 -1.017227E+01 9.903114E-02
      vertex -7.322495E+00 -1.066665E+01 9.903114E-02
    endloop
  endfacet
  facet normal 2.466053E-02 9.545786E-01 -2.969371E-01
    outer loop
      vertex -3.945529E+00 -1.091807E+01 7.774791E-01
      vertex -4.691994E+00 -1.082956E+01 1.000000E+00
      vertex -2.944707E+00 -1.087470E+01 1.000000E+00
    endloop
  endfacet
  facet normal 8.405215E-02 9.901633E-01 -1.118560E-01
    outer loop
      vertex -3.945529E+00 -1.091807E+01 7.774791E-01
      vertex -4.695215E+00 -1.085443E+01 7.774791E-01
      vertex -4.691994E+00 -1.082956E+01 1.000000E+00
    endloop
  endfacet
  facet normal 1.969669E-01 4.946297E-01 -8.464901E-01
    outer loop
      vertex -6.579133E+00 -1.096266E+01 9.903114E-02
      vertex -7.322495E+00 -1.066665E+01 9.903114E-02
      vertex -7.244643E+00 -1.049376E+01 2.181685E-01
    endloop
  endfacet
  facet normal 1.969676E-01 4.946305E-01 -8.464894E-01
    outer loop
      vertex -6.579133E+00 -1.096266E+01 9.903114E-02
      vertex -7.244643E+00 -1.049376E+01 2.181685E-01
      vertex -6.516828E+00 -1.078359E+01 2.181685E-01
    endloop
  endfacet
  facet normal 1.978005E-01 6.793647E-01 -7.066389E-01
    outer loop
      vertex -5.639404E+00 -1.103905E+01 2.181685E-01
      vertex -6.516828E+00 -1.078359E+01 2.181685E-01
      vertex -6.464797E+00 -1.063404E+01 3.765102E-01
    endloop
  endfacet
  facet normal 1.978009E-01 6.793652E-01 -7.066383E-01
    outer loop
      vertex -5.639404E+00 -1.103905E+01 2.181685E-01
      vertex -6.464797E+00 -1.063404E+01 3.765102E-01
      vertex -5.603024E+00 -1.088495E+01 3.765102E-01
    endloop
  endfacet
  facet normal 1.519158E-01 8.333073E-01 -5.315266E-01
    outer loop
      vertex -4.720022E+00 -1.104592E+01 3.765102E-01
      vertex -5.603024E+00 -1.088495E+01 3.765102E-01
      vertex -5.575653E+00 -1.076900E+01 5.661163E-01
    endloop
  endfacet
  facet normal 1.519166E-01 8.333083E-01 -5.315248E-01
    outer loop
      vertex -4.720022E+00 -1.104592E+01 3.765102E-01
      vertex -5.575653E+00 -1.076900E+01 5.661163E-01
      vertex -4.704717E+00 -1.092777E+01 5.661163E-01
    endloop
  endfacet
  facet normal 7.984497E-02 9.406008E-01 -3.299924E-01
    outer loop
      vertex -3.948527E+00 -1.099197E+01 5.661163E-01
      vertex -4.704717E+00 -1.092777E+01 5.661163E-01
      vertex -4.695215E+00 -1.085443E+01 7.774791E-01
    endloop
  endfacet
  facet normal 7.984491E-02 9.406006E-01 -3.299926E-01
    outer loop
      vertex -3.948527E+00 -1.099197E+01 5.661163E-01
      vertex -4.695215E+00 -1.085443E+01 7.774791E-01
      vertex -3.945529E+00 -1.091807E+01 7.774791E-01
    endloop
  endfacet
  facet normal 4.452937E-02 1.310865E-01 -9.903703E-01
    outer loop
      vertex -6.648587E+00 -1.116229E+01 2.507209E-02
      vertex -5.782653E+00 -1.164587E+01 0.000000E+00
      vertex -7.500645E+00 -1.106227E+01 0.000000E+00
    endloop
  endfacet
  facet normal 4.146197E-02 1.041204E-01 -9.937000E-01
    outer loop
      vertex -6.648587E+00 -1.116229E+01 2.507209E-02
      vertex -7.500645E+00 -1.106227E+01 0.000000E+00
      vertex -7.409279E+00 -1.085937E+01 2.507209E-02
    endloop
  endfacet
  facet normal 1.222951E-01 3.071114E-01 -9.437831E-01
    outer loop
      vertex -6.648587E+00 -1.116229E+01 2.507209E-02
      vertex -7.322495E+00 -1.066665E+01 9.903114E-02
      vertex -6.579133E+00 -1.096266E+01 9.903114E-02
    endloop
  endfacet
  facet normal 1.222956E-01 3.071120E-01 -9.437827E-01
    outer loop
      vertex -6.648587E+00 -1.116229E+01 2.507209E-02
      vertex -7.409279E+00 -1.085937E+01 2.507209E-02
      vertex -7.322495E+00 -1.066665E+01 9.903114E-02
    endloop
  endfacet
  facet normal 1.488706E-01 5.113083E-01 -8.464050E-01
    outer loop
      vertex -5.682967E+00 -1.122359E+01 9.903114E-02
      vertex -6.579133E+00 -1.096266E+01 9.903114E-02
      vertex -6.516828E+00 -1.078359E+01 2.181685E-01
    endloop
  endfacet
  facet normal 1.488696E-01 5.113066E-01 -8.464062E-01
    outer loop
      vertex -5.682967E+00 -1.122359E+01 9.903114E-02
      vertex -6.516828E+00 -1.078359E+01 2.181685E-01
      vertex -5.639404E+00 -1.103905E+01 2.181685E-01
    endloop
  endfacet
  facet normal -1.819854E-02 9.935675E-01 -1.117699E-01
    outer loop
      vertex -2.942774E+00 -1.089970E+01 7.774791E-01
      vertex -3.945529E+00 -1.091807E+01 7.774791E-01
      vertex -2.944707E+00 -1.087470E+01 1.000000E+00
    endloop
  endfacet
  facet normal 1.269028E-01 6.961020E-01 -7.066382E-01
    outer loop
      vertex -4.740364E+00 -1.120295E+01 2.181685E-01
      vertex -5.639404E+00 -1.103905E+01 2.181685E-01
      vertex -5.603024E+00 -1.088495E+01 3.765102E-01
    endloop
  endfacet
  facet normal 1.269026E-01 6.961017E-01 -7.066386E-01
    outer loop
      vertex -4.740364E+00 -1.120295E+01 2.181685E-01
      vertex -5.603024E+00 -1.088495E+01 3.765102E-01
      vertex -4.720022E+00 -1.104592E+01 3.765102E-01
    endloop
  endfacet
  facet normal 7.163876E-02 8.439233E-01 -5.316591E-01
    outer loop
      vertex -3.953355E+00 -1.111100E+01 3.765102E-01
      vertex -4.720022E+00 -1.104592E+01 3.765102E-01
      vertex -4.704717E+00 -1.092777E+01 5.661163E-01
    endloop
  endfacet
  facet normal 7.163821E-02 8.439224E-01 -5.316605E-01
    outer loop
      vertex -3.953355E+00 -1.111100E+01 3.765102E-01
      vertex -4.704717E+00 -1.092777E+01 5.661163E-01
      vertex -3.948527E+00 -1.099197E+01 5.661163E-01
    endloop
  endfacet
  facet normal 9.243779E-02 3.174858E-01 -9.437468E-01
    outer loop
      vertex -5.731528E+00 -1.142930E+01 2.507209E-02
      vertex -6.648587E+00 -1.116229E+01 2.507209E-02
      vertex -6.579133E+00 -1.096266E+01 9.903114E-02
    endloop
  endfacet
  facet normal 9.243822E-02 3.174866E-01 -9.437464E-01
    outer loop
      vertex -5.731528E+00 -1.142930E+01 2.507209E-02
      vertex -6.579133E+00 -1.096266E+01 9.903114E-02
      vertex -5.682967E+00 -1.122359E+01 9.903114E-02
    endloop
  endfacet
  facet normal 3.134048E-02 1.076417E-01 -9.936956E-01
    outer loop
      vertex -5.731528E+00 -1.142930E+01 2.507209E-02
      vertex -5.782653E+00 -1.164587E+01 0.000000E+00
      vertex -6.648587E+00 -1.116229E+01 2.507209E-02
    endloop
  endfacet
  facet normal -1.717074E-01 9.427055E-01 -2.860471E-01
    outer loop
      vertex -2.319794E+00 -1.082840E+01 7.774791E-01
      vertex -2.944707E+00 -1.087470E+01 1.000000E+00
      vertex -1.225129E+00 -1.056149E+01 1.000000E+00
    endloop
  endfacet
  facet normal -1.129943E-01 9.872760E-01 -1.118866E-01
    outer loop
      vertex -2.319794E+00 -1.082840E+01 7.774791E-01
      vertex -2.942774E+00 -1.089970E+01 7.774791E-01
      vertex -2.944707E+00 -1.087470E+01 1.000000E+00
    endloop
  endfacet
  facet normal -1.728879E-02 9.439031E-01 -3.297696E-01
    outer loop
      vertex -2.937073E+00 -1.097344E+01 5.661163E-01
      vertex -3.948527E+00 -1.099197E+01 5.661163E-01
      vertex -3.945529E+00 -1.091807E+01 7.774791E-01
    endloop
  endfacet
  facet normal -1.728887E-02 9.439030E-01 -3.297699E-01
    outer loop
      vertex -2.937073E+00 -1.097344E+01 5.661163E-01
      vertex -3.945529E+00 -1.091807E+01 7.774791E-01
      vertex -2.942774E+00 -1.089970E+01 7.774791E-01
    endloop
  endfacet
  facet normal 9.551010E-02 5.239031E-01 -8.464062E-01
    outer loop
      vertex -4.764723E+00 -1.139099E+01 9.903114E-02
      vertex -5.682967E+00 -1.122359E+01 9.903114E-02
      vertex -5.639404E+00 -1.103905E+01 2.181685E-01
    endloop
  endfacet
  facet normal 9.551007E-02 5.239030E-01 -8.464062E-01
    outer loop
      vertex -4.764723E+00 -1.139099E+01 9.903114E-02
      vertex -5.639404E+00 -1.103905E+01 2.181685E-01
      vertex -4.740364E+00 -1.120295E+01 2.181685E-01
    endloop
  endfacet
  facet normal 5.983831E-02 7.049150E-01 -7.067633E-01
    outer loop
      vertex -3.959773E+00 -1.126922E+01 2.181685E-01
      vertex -4.740364E+00 -1.120295E+01 2.181685E-01
      vertex -4.720022E+00 -1.104592E+01 3.765102E-01
    endloop
  endfacet
  facet normal 5.983872E-02 7.049158E-01 -7.067624E-01
    outer loop
      vertex -3.959773E+00 -1.126922E+01 2.181685E-01
      vertex -4.720022E+00 -1.104592E+01 3.765102E-01
      vertex -3.953355E+00 -1.111100E+01 3.765102E-01
    endloop
  endfacet
  facet normal -1.073352E-01 9.378297E-01 -3.300828E-01
    outer loop
      vertex -2.308687E+00 -1.090152E+01 5.661163E-01
      vertex -2.942774E+00 -1.089970E+01 7.774791E-01
      vertex -2.319794E+00 -1.082840E+01 7.774791E-01
    endloop
  endfacet
  facet normal -1.073344E-01 9.378306E-01 -3.300805E-01
    outer loop
      vertex -2.308687E+00 -1.090152E+01 5.661163E-01
      vertex -2.937073E+00 -1.097344E+01 5.661163E-01
      vertex -2.942774E+00 -1.089970E+01 7.774791E-01
    endloop
  endfacet
  facet normal -1.551384E-02 8.469967E-01 -5.313717E-01
    outer loop
      vertex -2.927888E+00 -1.109222E+01 3.765102E-01
      vertex -3.948527E+00 -1.099197E+01 5.661163E-01
      vertex -2.937073E+00 -1.097344E+01 5.661163E-01
    endloop
  endfacet
  facet normal -1.551372E-02 8.469970E-01 -5.313712E-01
    outer loop
      vertex -2.927888E+00 -1.109222E+01 3.765102E-01
      vertex -3.953355E+00 -1.111100E+01 3.765102E-01
      vertex -3.948527E+00 -1.099197E+01 5.661163E-01
    endloop
  endfacet
  facet normal 1.879538E-02 1.371614E-01 -9.903703E-01
    outer loop
      vertex -4.791877E+00 -1.160060E+01 2.507209E-02
      vertex -3.985044E+00 -1.189219E+01 0.000000E+00
      vertex -5.782653E+00 -1.164587E+01 0.000000E+00
    endloop
  endfacet
  facet normal 2.010703E-02 1.102935E-01 -9.936956E-01
    outer loop
      vertex -4.791877E+00 -1.160060E+01 2.507209E-02
      vertex -5.782653E+00 -1.164587E+01 0.000000E+00
      vertex -5.731528E+00 -1.142930E+01 2.507209E-02
    endloop
  endfacet
  facet normal 5.930532E-02 3.253085E-01 -9.437464E-01
    outer loop
      vertex -4.791877E+00 -1.160060E+01 2.507209E-02
      vertex -5.682967E+00 -1.122359E+01 9.903114E-02
      vertex -4.764723E+00 -1.139099E+01 9.903114E-02
    endloop
  endfacet
  facet normal 5.930522E-02 3.253082E-01 -9.437465E-01
    outer loop
      vertex -4.791877E+00 -1.160060E+01 2.507209E-02
      vertex -5.731528E+00 -1.142930E+01 2.507209E-02
      vertex -5.682967E+00 -1.122359E+01 9.903114E-02
    endloop
  endfacet
  facet normal 4.503224E-02 5.304956E-01 -8.464907E-01
    outer loop
      vertex -3.967458E+00 -1.145867E+01 9.903114E-02
      vertex -4.764723E+00 -1.139099E+01 9.903114E-02
      vertex -4.740364E+00 -1.120295E+01 2.181685E-01
    endloop
  endfacet
  facet normal 4.503234E-02 5.304959E-01 -8.464905E-01
    outer loop
      vertex -3.967458E+00 -1.145867E+01 9.903114E-02
      vertex -4.740364E+00 -1.120295E+01 2.181685E-01
      vertex -3.959773E+00 -1.126922E+01 2.181685E-01
    endloop
  endfacet
  facet normal -2.139071E-01 9.704441E-01 -1.117222E-01
    outer loop
      vertex -1.218124E+00 -1.058557E+01 7.774791E-01
      vertex -2.319794E+00 -1.082840E+01 7.774791E-01
      vertex -1.225129E+00 -1.056149E+01 1.000000E+00
    endloop
  endfacet
  facet normal -9.629745E-02 8.413932E-01 -5.317746E-01
    outer loop
      vertex -2.290797E+00 -1.101931E+01 3.765102E-01
      vertex -2.927888E+00 -1.109222E+01 3.765102E-01
      vertex -2.937073E+00 -1.097344E+01 5.661163E-01
    endloop
  endfacet
  facet normal -9.629723E-02 8.413937E-01 -5.317739E-01
    outer loop
      vertex -2.290797E+00 -1.101931E+01 3.765102E-01
      vertex -2.937073E+00 -1.097344E+01 5.661163E-01
      vertex -2.308687E+00 -1.090152E+01 5.661163E-01
    endloop
  endfacet
  facet normal -1.296052E-02 7.076009E-01 -7.064934E-01
    outer loop
      vertex -2.915681E+00 -1.125009E+01 2.181685E-01
      vertex -3.953355E+00 -1.111100E+01 3.765102E-01
      vertex -2.927888E+00 -1.109222E+01 3.765102E-01
    endloop
  endfacet
  facet normal -1.296070E-02 7.076003E-01 -7.064940E-01
    outer loop
      vertex -2.915681E+00 -1.125009E+01 2.181685E-01
      vertex -3.959773E+00 -1.126922E+01 2.181685E-01
      vertex -3.953355E+00 -1.111100E+01 3.765102E-01
    endloop
  endfacet
  facet normal 9.479483E-03 1.116708E-01 -9.937000E-01
    outer loop
      vertex -3.976025E+00 -1.166986E+01 2.507209E-02
      vertex -3.985044E+00 -1.189219E+01 0.000000E+00
      vertex -4.791877E+00 -1.160060E+01 2.507209E-02
    endloop
  endfacet
  facet normal 2.796047E-02 3.293818E-01 -9.437827E-01
    outer loop
      vertex -3.976025E+00 -1.166986E+01 2.507209E-02
      vertex -4.791877E+00 -1.160060E+01 2.507209E-02
      vertex -4.764723E+00 -1.139099E+01 9.903114E-02
    endloop
  endfacet
  facet normal 2.796021E-02 3.293811E-01 -9.437830E-01
    outer loop
      vertex -3.976025E+00 -1.166986E+01 2.507209E-02
      vertex -4.764723E+00 -1.139099E+01 9.903114E-02
      vertex -3.967458E+00 -1.145867E+01 9.903114E-02
    endloop
  endfacet
  facet normal -3.055950E-01 9.455613E-01 -1.119166E-01
    outer loop
      vertex -7.407569E-01 -1.043129E+01 7.774791E-01
      vertex -1.218124E+00 -1.058557E+01 7.774791E-01
      vertex -1.225129E+00 -1.056149E+01 1.000000E+00
    endloop
  endfacet
  facet normal -3.628953E-01 8.925619E-01 -2.676570E-01
    outer loop
      vertex -7.407569E-01 -1.043129E+01 7.774791E-01
      vertex -1.225129E+00 -1.056149E+01 1.000000E+00
      vertex 3.940293E-01 -9.903181E+00 1.000000E+00
    endloop
  endfacet
  facet normal -2.032237E-01 9.219759E-01 -3.296369E-01
    outer loop
      vertex -1.197460E+00 -1.065658E+01 5.661163E-01
      vertex -2.308687E+00 -1.090152E+01 5.661163E-01
      vertex -2.319794E+00 -1.082840E+01 7.774791E-01
    endloop
  endfacet
  facet normal -2.032237E-01 9.219760E-01 -3.296368E-01
    outer loop
      vertex -1.197460E+00 -1.065658E+01 5.661163E-01
      vertex -2.319794E+00 -1.082840E+01 7.774791E-01
      vertex -1.218124E+00 -1.058557E+01 7.774791E-01
    endloop
  endfacet
  facet normal -8.043108E-02 7.027586E-01 -7.068671E-01
    outer loop
      vertex -2.267018E+00 -1.117585E+01 2.181685E-01
      vertex -2.915681E+00 -1.125009E+01 2.181685E-01
      vertex -2.927888E+00 -1.109222E+01 3.765102E-01
    endloop
  endfacet
  facet normal -8.043081E-02 7.027594E-01 -7.068664E-01
    outer loop
      vertex -2.267018E+00 -1.117585E+01 2.181685E-01
      vertex -2.927888E+00 -1.109222E+01 3.765102E-01
      vertex -2.290797E+00 -1.101931E+01 3.765102E-01
    endloop
  endfacet
  facet normal -9.755231E-03 5.326038E-01 -8.463085E-01
    outer loop
      vertex -2.901063E+00 -1.143913E+01 9.903114E-02
      vertex -3.967458E+00 -1.145867E+01 9.903114E-02
      vertex -3.959773E+00 -1.126922E+01 2.181685E-01
    endloop
  endfacet
  facet normal -9.755376E-03 5.326032E-01 -8.463089E-01
    outer loop
      vertex -2.901063E+00 -1.143913E+01 9.903114E-02
      vertex -3.959773E+00 -1.126922E+01 2.181685E-01
      vertex -2.915681E+00 -1.125009E+01 2.181685E-01
    endloop
  endfacet
  facet normal -2.902833E-01 8.981842E-01 -3.301525E-01
    outer loop
      vertex -7.159516E-01 -1.050096E+01 5.661163E-01
      vertex -1.218124E+00 -1.058557E+01 7.774791E-01
      vertex -7.407569E-01 -1.043129E+01 7.774791E-01
    endloop
  endfacet
  facet normal -2.902839E-01 8.981834E-01 -3.301544E-01
    outer loop
      vertex -7.159516E-01 -1.050096E+01 5.661163E-01
      vertex -1.197460E+00 -1.065658E+01 5.661163E-01
      vertex -1.218124E+00 -1.058557E+01 7.774791E-01
    endloop
  endfacet
  facet normal -1.823747E-01 8.273891E-01 -5.311938E-01
    outer loop
      vertex -1.164173E+00 -1.077097E+01 3.765102E-01
      vertex -2.308687E+00 -1.090152E+01 5.661163E-01
      vertex -1.197460E+00 -1.065658E+01 5.661163E-01
    endloop
  endfacet
  facet normal -1.823749E-01 8.273880E-01 -5.311953E-01
    outer loop
      vertex -1.164173E+00 -1.077097E+01 3.765102E-01
      vertex -2.290797E+00 -1.101931E+01 3.765102E-01
      vertex -2.308687E+00 -1.090152E+01 5.661163E-01
    endloop
  endfacet
  facet normal -6.052573E-02 5.288376E-01 -8.465621E-01
    outer loop
      vertex -2.238545E+00 -1.136331E+01 9.903114E-02
      vertex -2.915681E+00 -1.125009E+01 2.181685E-01
      vertex -2.267018E+00 -1.117585E+01 2.181685E-01
    endloop
  endfacet
  facet normal -6.052582E-02 5.288372E-01 -8.465623E-01
    outer loop
      vertex -2.238545E+00 -1.136331E+01 9.903114E-02
      vertex -2.901063E+00 -1.143913E+01 9.903114E-02
      vertex -2.915681E+00 -1.125009E+01 2.181685E-01
    endloop
  endfacet
  facet normal -2.053976E-03 1.121376E-01 -9.936906E-01
    outer loop
      vertex -2.884769E+00 -1.164987E+01 2.507209E-02
      vertex -3.985044E+00 -1.189219E+01 0.000000E+00
      vertex -3.976025E+00 -1.166986E+01 2.507209E-02
    endloop
  endfacet
  facet normal -7.541359E-03 1.367311E-01 -9.905795E-01
    outer loop
      vertex -2.884769E+00 -1.164987E+01 2.507209E-02
      vertex -2.173389E+00 -1.179227E+01 0.000000E+00
      vertex -3.985044E+00 -1.189219E+01 0.000000E+00
    endloop
  endfacet
  facet normal -6.057770E-03 3.307343E-01 -9.437045E-01
    outer loop
      vertex -2.884769E+00 -1.164987E+01 2.507209E-02
      vertex -3.967458E+00 -1.145867E+01 9.903114E-02
      vertex -2.901063E+00 -1.143913E+01 9.903114E-02
    endloop
  endfacet
  facet normal -6.057904E-03 3.307336E-01 -9.437047E-01
    outer loop
      vertex -2.884769E+00 -1.164987E+01 2.507209E-02
      vertex -3.976025E+00 -1.166986E+01 2.507209E-02
      vertex -3.967458E+00 -1.145867E+01 9.903114E-02
    endloop
  endfacet
  facet normal -4.012062E-01 9.091558E-01 -1.116658E-01
    outer loop
      vertex 4.058103E-01 -9.925313E+00 7.774791E-01
      vertex -7.407569E-01 -1.043129E+01 7.774791E-01
      vertex 3.940293E-01 -9.903181E+00 1.000000E+00
    endloop
  endfacet
  facet normal -2.604231E-01 8.057896E-01 -5.318676E-01
    outer loop
      vertex -6.759939E-01 -1.061320E+01 3.765102E-01
      vertex -1.197460E+00 -1.065658E+01 5.661163E-01
      vertex -7.159516E-01 -1.050096E+01 5.661163E-01
    endloop
  endfacet
  facet normal -2.604224E-01 8.057913E-01 -5.318652E-01
    outer loop
      vertex -6.759939E-01 -1.061320E+01 3.765102E-01
      vertex -1.164173E+00 -1.077097E+01 3.765102E-01
      vertex -1.197460E+00 -1.065658E+01 5.661163E-01
    endloop
  endfacet
  facet normal -1.523753E-01 6.912887E-01 -7.063298E-01
    outer loop
      vertex -1.119933E+00 -1.092301E+01 2.181685E-01
      vertex -2.267018E+00 -1.117585E+01 2.181685E-01
      vertex -2.290797E+00 -1.101931E+01 3.765102E-01
    endloop
  endfacet
  facet normal -1.523754E-01 6.912880E-01 -7.063305E-01
    outer loop
      vertex -1.119933E+00 -1.092301E+01 2.181685E-01
      vertex -2.290797E+00 -1.101931E+01 3.765102E-01
      vertex -1.164173E+00 -1.077097E+01 3.765102E-01
    endloop
  endfacet
  facet normal -1.273973E-02 1.113128E-01 -9.937037E-01
    outer loop
      vertex -2.206805E+00 -1.157228E+01 2.507209E-02
      vertex -2.173389E+00 -1.179227E+01 0.000000E+00
      vertex -2.884769E+00 -1.164987E+01 2.507209E-02
    endloop
  endfacet
  facet normal -3.757813E-02 3.283345E-01 -9.438137E-01
    outer loop
      vertex -2.206805E+00 -1.157228E+01 2.507209E-02
      vertex -2.901063E+00 -1.143913E+01 9.903114E-02
      vertex -2.238545E+00 -1.136331E+01 9.903114E-02
    endloop
  endfacet
  facet normal -3.757793E-02 3.283353E-01 -9.438135E-01
    outer loop
      vertex -2.206805E+00 -1.157228E+01 2.507209E-02
      vertex -2.884769E+00 -1.164987E+01 2.507209E-02
      vertex -2.901063E+00 -1.143913E+01 9.903114E-02
    endloop
  endfacet
  facet normal -3.811875E-01 8.637923E-01 -3.294829E-01
    outer loop
      vertex 4.405626E-01 -9.990599E+00 5.661163E-01
      vertex -7.407569E-01 -1.043129E+01 7.774791E-01
      vertex 4.058103E-01 -9.925313E+00 7.774791E-01
    endloop
  endfacet
  facet normal -3.811876E-01 8.637920E-01 -3.294836E-01
    outer loop
      vertex 4.405626E-01 -9.990599E+00 5.661163E-01
      vertex -7.159516E-01 -1.050096E+01 5.661163E-01
      vertex -7.407569E-01 -1.043129E+01 7.774791E-01
    endloop
  endfacet
  facet normal -2.175015E-01 6.729866E-01 -7.069528E-01
    outer loop
      vertex -6.228873E-01 -1.076237E+01 2.181685E-01
      vertex -1.164173E+00 -1.077097E+01 3.765102E-01
      vertex -6.759939E-01 -1.061320E+01 3.765102E-01
    endloop
  endfacet
  facet normal -2.175016E-01 6.729859E-01 -7.069533E-01
    outer loop
      vertex -6.228873E-01 -1.076237E+01 2.181685E-01
      vertex -1.119933E+00 -1.092301E+01 2.181685E-01
      vertex -1.164173E+00 -1.077097E+01 3.765102E-01
    endloop
  endfacet
  facet normal -1.147025E-01 5.203772E-01 -8.461979E-01
    outer loop
      vertex -1.066958E+00 -1.110507E+01 9.903114E-02
      vertex -2.238545E+00 -1.136331E+01 9.903114E-02
      vertex -2.267018E+00 -1.117585E+01 2.181685E-01
    endloop
  endfacet
  facet normal -1.147025E-01 5.203767E-01 -8.461982E-01
    outer loop
      vertex -1.066958E+00 -1.110507E+01 9.903114E-02
      vertex -2.267018E+00 -1.117585E+01 2.181685E-01
      vertex -1.119933E+00 -1.092301E+01 2.181685E-01
    endloop
  endfacet
  facet normal -3.421110E-01 7.752416E-01 -5.309997E-01
    outer loop
      vertex 4.965436E-01 -1.009576E+01 3.765102E-01
      vertex -6.759939E-01 -1.061320E+01 3.765102E-01
      vertex -7.159516E-01 -1.050096E+01 5.661163E-01
    endloop
  endfacet
  facet normal -3.421110E-01 7.752425E-01 -5.309981E-01
    outer loop
      vertex 4.965436E-01 -1.009576E+01 3.765102E-01
      vertex -7.159516E-01 -1.050096E+01 5.661163E-01
      vertex 4.405626E-01 -9.990599E+00 5.661163E-01
    endloop
  endfacet
  facet normal -1.636648E-01 5.064060E-01 -8.466208E-01
    outer loop
      vertex -5.592949E-01 -1.094099E+01 9.903114E-02
      vertex -1.119933E+00 -1.092301E+01 2.181685E-01
      vertex -6.228873E-01 -1.076237E+01 2.181685E-01
    endloop
  endfacet
  facet normal -1.636648E-01 5.064060E-01 -8.466208E-01
    outer loop
      vertex -5.592949E-01 -1.094099E+01 9.903114E-02
      vertex -1.066958E+00 -1.110507E+01 9.903114E-02
      vertex -1.119933E+00 -1.092301E+01 2.181685E-01
    endloop
  endfacet
  facet normal -3.268835E-02 1.299787E-01 -9.909778E-01
    outer loop
      vertex -1.007904E+00 -1.130801E+01 2.507209E-02
      vertex -4.137737E-01 -1.134975E+01 0.000000E+00
      vertex -2.173389E+00 -1.179227E+01 0.000000E+00
    endloop
  endfacet
  facet normal -2.415317E-02 1.095770E-01 -9.936848E-01
    outer loop
      vertex -1.007904E+00 -1.130801E+01 2.507209E-02
      vertex -2.173389E+00 -1.179227E+01 0.000000E+00
      vertex -2.206805E+00 -1.157228E+01 2.507209E-02
    endloop
  endfacet
  facet normal -7.123311E-02 3.231670E-01 -9.436572E-01
    outer loop
      vertex -1.007904E+00 -1.130801E+01 2.507209E-02
      vertex -2.206805E+00 -1.157228E+01 2.507209E-02
      vertex -2.238545E+00 -1.136331E+01 9.903114E-02
    endloop
  endfacet
  facet normal -7.123312E-02 3.231671E-01 -9.436572E-01
    outer loop
      vertex -1.007904E+00 -1.130801E+01 2.507209E-02
      vertex -2.238545E+00 -1.136331E+01 9.903114E-02
      vertex -1.066958E+00 -1.110507E+01 9.903114E-02
    endloop
  endfacet
  facet normal -5.546813E-01 8.245747E-01 -1.113790E-01
    outer loop
      vertex 1.860361E+00 -8.946855E+00 7.774791E-01
      vertex 4.058103E-01 -9.925313E+00 7.774791E-01
      vertex 3.940293E-01 -9.903181E+00 1.000000E+00
    endloop
  endfacet
  facet normal -5.546811E-01 8.245751E-01 -1.113767E-01
    outer loop
      vertex 1.860361E+00 -8.946855E+00 7.774791E-01
      vertex 3.940293E-01 -9.903181E+00 1.000000E+00
      vertex 1.844302E+00 -8.927601E+00 1.000000E+00
    endloop
  endfacet
  facet normal -2.858676E-01 6.477926E-01 -7.061476E-01
    outer loop
      vertex 5.709461E-01 -1.023554E+01 2.181685E-01
      vertex -6.228873E-01 -1.076237E+01 2.181685E-01
      vertex -6.759939E-01 -1.061320E+01 3.765102E-01
    endloop
  endfacet
  facet normal -2.858671E-01 6.477900E-01 -7.061502E-01
    outer loop
      vertex 5.709461E-01 -1.023554E+01 2.181685E-01
      vertex -6.759939E-01 -1.061320E+01 3.765102E-01
      vertex 4.965436E-01 -1.009576E+01 3.765102E-01
    endloop
  endfacet
  facet normal -3.444693E-02 1.065838E-01 -9.937069E-01
    outer loop
      vertex -4.884055E-01 -1.114011E+01 2.507209E-02
      vertex -4.137737E-01 -1.134975E+01 0.000000E+00
      vertex -1.007904E+00 -1.130801E+01 2.507209E-02
    endloop
  endfacet
  facet normal -1.016093E-01 3.143958E-01 -9.438384E-01
    outer loop
      vertex -4.884055E-01 -1.114011E+01 2.507209E-02
      vertex -1.066958E+00 -1.110507E+01 9.903114E-02
      vertex -5.592949E-01 -1.094099E+01 9.903114E-02
    endloop
  endfacet
  facet normal -1.016094E-01 3.143943E-01 -9.438388E-01
    outer loop
      vertex -4.884055E-01 -1.114011E+01 2.507209E-02
      vertex -1.007904E+00 -1.130801E+01 2.507209E-02
      vertex -1.066958E+00 -1.110507E+01 9.903114E-02
    endloop
  endfacet
  facet normal -5.271359E-01 7.836273E-01 -3.287186E-01
    outer loop
      vertex 1.907732E+00 -9.003653E+00 5.661163E-01
      vertex 4.405626E-01 -9.990599E+00 5.661163E-01
      vertex 4.058103E-01 -9.925313E+00 7.774791E-01
    endloop
  endfacet
  facet normal -5.271358E-01 7.836263E-01 -3.287214E-01
    outer loop
      vertex 1.907732E+00 -9.003653E+00 5.661163E-01
      vertex 4.058103E-01 -9.925313E+00 7.774791E-01
      vertex 1.860361E+00 -8.946855E+00 7.774791E-01
    endloop
  endfacet
  facet normal -2.152151E-01 4.876890E-01 -8.460745E-01
    outer loop
      vertex 6.600393E-01 -1.040291E+01 9.903114E-02
      vertex -5.592949E-01 -1.094099E+01 9.903114E-02
      vertex -6.228873E-01 -1.076237E+01 2.181685E-01
    endloop
  endfacet
  facet normal -2.152154E-01 4.876907E-01 -8.460733E-01
    outer loop
      vertex 6.600393E-01 -1.040291E+01 9.903114E-02
      vertex -6.228873E-01 -1.076237E+01 2.181685E-01
      vertex 5.709461E-01 -1.023554E+01 2.181685E-01
    endloop
  endfacet
  facet normal -4.733112E-01 7.036127E-01 -5.300053E-01
    outer loop
      vertex 1.984040E+00 -9.095144E+00 3.765102E-01
      vertex 4.965436E-01 -1.009576E+01 3.765102E-01
      vertex 4.405626E-01 -9.990599E+00 5.661163E-01
    endloop
  endfacet
  facet normal -4.733112E-01 7.036127E-01 -5.300053E-01
    outer loop
      vertex 1.984040E+00 -9.095144E+00 3.765102E-01
      vertex 4.405626E-01 -9.990599E+00 5.661163E-01
      vertex 1.907732E+00 -9.003653E+00 5.661163E-01
    endloop
  endfacet
  facet normal -5.504628E-02 1.176383E-01 -9.915296E-01
    outer loop
      vertex 7.593557E-01 -1.058948E+01 2.507209E-02
      vertex 1.229617E+00 -1.058076E+01 0.000000E+00
      vertex -4.137737E-01 -1.134975E+01 0.000000E+00
    endloop
  endfacet
  facet normal -4.532446E-02 1.027079E-01 -9.936785E-01
    outer loop
      vertex 7.593557E-01 -1.058948E+01 2.507209E-02
      vertex -4.137737E-01 -1.134975E+01 0.000000E+00
      vertex -4.884055E-01 -1.114011E+01 2.507209E-02
    endloop
  endfacet
  facet normal -1.336664E-01 3.028958E-01 -9.436034E-01
    outer loop
      vertex 7.593557E-01 -1.058948E+01 2.507209E-02
      vertex -4.884055E-01 -1.114011E+01 2.507209E-02
      vertex -5.592949E-01 -1.094099E+01 9.903114E-02
    endloop
  endfacet
  facet normal -1.336660E-01 3.028945E-01 -9.436038E-01
    outer loop
      vertex 7.593557E-01 -1.058948E+01 2.507209E-02
      vertex -5.592949E-01 -1.094099E+01 9.903114E-02
      vertex 6.600393E-01 -1.040291E+01 9.903114E-02
    endloop
  endfacet
  facet normal -7.116142E-01 6.936858E-01 -1.113789E-01
    outer loop
      vertex 3.084024E+00 -7.691567E+00 7.774791E-01
      vertex 1.844302E+00 -8.927601E+00 1.000000E+00
      vertex 3.064366E+00 -7.676004E+00 1.000000E+00
    endloop
  endfacet
  facet normal -7.116142E-01 6.936861E-01 -1.113769E-01
    outer loop
      vertex 3.084024E+00 -7.691567E+00 7.774791E-01
      vertex 1.860361E+00 -8.946855E+00 7.774791E-01
      vertex 1.844302E+00 -8.927601E+00 1.000000E+00
    endloop
  endfacet
  facet normal -3.957208E-01 5.882685E-01 -7.052271E-01
    outer loop
      vertex 2.085459E+00 -9.216743E+00 2.181685E-01
      vertex 5.709461E-01 -1.023554E+01 2.181685E-01
      vertex 4.965436E-01 -1.009576E+01 3.765102E-01
    endloop
  endfacet
  facet normal -3.957212E-01 5.882694E-01 -7.052262E-01
    outer loop
      vertex 2.085459E+00 -9.216743E+00 2.181685E-01
      vertex 4.965436E-01 -1.009576E+01 3.765102E-01
      vertex 1.984040E+00 -9.095144E+00 3.765102E-01
    endloop
  endfacet
  facet normal -6.762760E-01 6.592382E-01 -3.287185E-01
    outer loop
      vertex 3.142011E+00 -7.737474E+00 5.661163E-01
      vertex 1.860361E+00 -8.946855E+00 7.774791E-01
      vertex 3.084024E+00 -7.691567E+00 7.774791E-01
    endloop
  endfacet
  facet normal -6.762756E-01 6.592374E-01 -3.287210E-01
    outer loop
      vertex 3.142011E+00 -7.737474E+00 5.661163E-01
      vertex 1.907732E+00 -9.003653E+00 5.661163E-01
      vertex 1.860361E+00 -8.946855E+00 7.774791E-01
    endloop
  endfacet
  facet normal -2.980882E-01 4.431303E-01 -8.454461E-01
    outer loop
      vertex 2.206903E+00 -9.362351E+00 9.903114E-02
      vertex 5.709461E-01 -1.023554E+01 2.181685E-01
      vertex 2.085459E+00 -9.216743E+00 2.181685E-01
    endloop
  endfacet
  facet normal -2.980881E-01 4.431301E-01 -8.454462E-01
    outer loop
      vertex 2.206903E+00 -9.362351E+00 9.903114E-02
      vertex 6.600393E-01 -1.040291E+01 9.903114E-02
      vertex 5.709461E-01 -1.023554E+01 2.181685E-01
    endloop
  endfacet
  facet normal -6.072227E-01 5.919242E-01 -5.300060E-01
    outer loop
      vertex 3.235420E+00 -7.811423E+00 3.765102E-01
      vertex 1.907732E+00 -9.003653E+00 5.661163E-01
      vertex 3.142011E+00 -7.737474E+00 5.661163E-01
    endloop
  endfacet
  facet normal -6.072230E-01 5.919247E-01 -5.300052E-01
    outer loop
      vertex 3.235420E+00 -7.811423E+00 3.765102E-01
      vertex 1.984040E+00 -9.095144E+00 3.765102E-01
      vertex 1.907732E+00 -9.003653E+00 5.661163E-01
    endloop
  endfacet
  facet normal -1.852207E-01 2.753444E-01 -9.433339E-01
    outer loop
      vertex 2.342282E+00 -9.524669E+00 2.507209E-02
      vertex 7.593557E-01 -1.058948E+01 2.507209E-02
      vertex 6.600393E-01 -1.040291E+01 9.903114E-02
    endloop
  endfacet
  facet normal -7.338018E-02 1.008663E-01 -9.921902E-01
    outer loop
      vertex 2.342282E+00 -9.524669E+00 2.507209E-02
      vertex 2.696836E+00 -9.513357E+00 0.000000E+00
      vertex 1.229617E+00 -1.058076E+01 0.000000E+00
    endloop
  endfacet
  facet normal -5.456484E-02 8.111472E-02 -9.952101E-01
    outer loop
      vertex 2.342282E+00 -9.524669E+00 2.507209E-02
      vertex 1.229617E+00 -1.058076E+01 0.000000E+00
      vertex 7.593557E-01 -1.058948E+01 2.507209E-02
    endloop
  endfacet
  facet normal -1.852205E-01 2.753440E-01 -9.433340E-01
    outer loop
      vertex 2.342282E+00 -9.524669E+00 2.507209E-02
      vertex 6.600393E-01 -1.040291E+01 9.903114E-02
      vertex 2.206903E+00 -9.362351E+00 9.903114E-02
    endloop
  endfacet
  facet normal -8.384569E-01 5.334649E-01 -1.113787E-01
    outer loop
      vertex 4.025056E+00 -6.212528E+00 7.774791E-01
      vertex 3.084024E+00 -7.691567E+00 7.774791E-01
      vertex 3.064366E+00 -7.676004E+00 1.000000E+00
    endloop
  endfacet
  facet normal -8.384568E-01 5.334648E-01 -1.113791E-01
    outer loop
      vertex 4.025056E+00 -6.212528E+00 7.774791E-01
      vertex 3.064366E+00 -7.676004E+00 1.000000E+00
      vertex 4.002631E+00 -6.201315E+00 1.000000E+00
    endloop
  endfacet
  facet normal 9.987420E-01 -5.014443E-02 0.000000E+00
    outer loop
      vertex -1.210000E+01 -2.400000E+00 6.000000E+00
      vertex -1.210000E+01 -2.400000E+00 1.000000E+00
      vertex -1.205725E+01 -1.548623E+00 6.000000E+00
    endloop
  endfacet
  facet normal 9.886966E-01 -1.499276E-01 8.139279E-04
    outer loop
      vertex -1.205725E+01 -1.548623E+00 6.000000E+00
      vertex -1.191425E+01 -6.327506E-01 1.000000E+00
      vertex -1.192945E+01 -7.058092E-01 6.000000E+00
    endloop
  endfacet
  facet normal 9.944789E-01 -1.045244E-01 9.296014E-03
    outer loop
      vertex -1.210000E+01 -2.400000E+00 1.000000E+00
      vertex -1.191425E+01 -6.327506E-01 1.000000E+00
      vertex -1.205725E+01 -1.548623E+00 6.000000E+00
    endloop
  endfacet
  facet normal 9.687079E-01 -2.482039E-01 0.000000E+00
    outer loop
      vertex -1.192945E+01 -7.058092E-01 6.000000E+00
      vertex -1.171787E+01 1.199651E-01 2.000000E+00
      vertex -1.171787E+01 1.199651E-01 6.000000E+00
    endloop
  endfacet
  facet normal 9.678468E-01 -2.515395E-01 -7.341563E-04
    outer loop
      vertex -1.191425E+01 -6.327506E-01 1.000000E+00
      vertex -1.171787E+01 1.199651E-01 2.000000E+00
      vertex -1.192945E+01 -7.058092E-01 6.000000E+00
    endloop
  endfacet
  facet normal 9.500595E-01 -3.086929E-01 4.577932E-02
    outer loop
      vertex -1.191425E+01 -6.327506E-01 1.000000E+00
      vertex -1.136514E+01 1.057261E+00 1.000000E+00
      vertex -1.171787E+01 1.199651E-01 2.000000E+00
    endloop
  endfacet
  facet normal 9.173792E-01 -3.952446E-01 -4.687262E-02
    outer loop
      vertex -1.136514E+01 1.057261E+00 1.000000E+00
      vertex -1.100741E+01 1.768965E+00 2.000000E+00
      vertex -1.171787E+01 1.199651E-01 2.000000E+00
    endloop
  endfacet
  facet normal 8.651086E-01 -4.994705E-01 4.600381E-02
    outer loop
      vertex -1.136514E+01 1.057261E+00 1.000000E+00
      vertex -1.047664E+01 2.596175E+00 1.000000E+00
      vertex -1.100741E+01 1.768965E+00 2.000000E+00
    endloop
  endfacet
  facet normal 8.138793E-01 -5.791237E-01 -4.707694E-02
    outer loop
      vertex -1.047664E+01 2.596175E+00 1.000000E+00
      vertex -9.966419E+00 3.231937E+00 2.000000E+00
      vertex -1.100741E+01 1.768965E+00 2.000000E+00
    endloop
  endfacet
  facet normal 7.423517E-01 -6.684165E-01 4.618720E-02
    outer loop
      vertex -1.047664E+01 2.596175E+00 1.000000E+00
      vertex -9.287610E+00 3.916731E+00 1.000000E+00
      vertex -9.966419E+00 3.231937E+00 2.000000E+00
    endloop
  endfacet
  facet normal 6.740659E-01 -7.371591E-01 -4.724028E-02
    outer loop
      vertex -9.287610E+00 3.916731E+00 1.000000E+00
      vertex -8.641344E+00 4.443599E+00 2.000000E+00
      vertex -9.966419E+00 3.231937E+00 2.000000E+00
    endloop
  endfacet
  facet normal 5.871541E-01 -8.081483E-01 4.632984E-02
    outer loop
      vertex -9.287610E+00 3.916731E+00 1.000000E+00
      vertex -7.850000E+00 4.961216E+00 1.000000E+00
      vertex -8.641344E+00 4.443599E+00 2.000000E+00
    endloop
  endfacet
  facet normal 5.041778E-01 -8.623001E-01 -4.736279E-02
    outer loop
      vertex -7.850000E+00 4.961216E+00 1.000000E+00
      vertex -7.091313E+00 5.349886E+00 2.000000E+00
      vertex -8.641344E+00 4.443599E+00 2.000000E+00
    endloop
  endfacet
  facet normal 4.062980E-01 -9.125602E-01 4.643189E-02
    outer loop
      vertex -7.850000E+00 4.961216E+00 1.000000E+00
      vertex -6.226645E+00 5.683980E+00 1.000000E+00
      vertex -7.091313E+00 5.349886E+00 2.000000E+00
    endloop
  endfacet
  facet normal 3.117948E-01 -9.489642E-01 -4.744445E-02
    outer loop
      vertex -6.226645E+00 5.683980E+00 1.000000E+00
      vertex -5.385493E+00 5.910356E+00 2.000000E+00
      vertex -7.091313E+00 5.349886E+00 2.000000E+00
    endloop
  endfacet
  facet normal 2.076869E-01 -9.770899E-01 4.649308E-02
    outer loop
      vertex -6.226645E+00 5.683980E+00 1.000000E+00
      vertex -4.488492E+00 6.053436E+00 1.000000E+00
      vertex -5.385493E+00 5.910356E+00 2.000000E+00
    endloop
  endfacet
  facet normal -9.801698E-02 -9.951847E-01 -0.000000E+00
    outer loop
      vertex -3.600000E+00 6.100000E+00 6.000000E+00
      vertex -3.600000E+00 6.100000E+00 2.000000E+00
      vertex -1.941732E+00 5.936675E+00 6.000000E+00
    endloop
  endfacet
  facet normal 1.055005E-01 -9.932849E-01 -4.748541E-02
    outer loop
      vertex -4.488492E+00 6.053436E+00 1.000000E+00
      vertex -3.600000E+00 6.100000E+00 2.000000E+00
      vertex -5.385493E+00 5.910356E+00 2.000000E+00
    endloop
  endfacet
  facet normal -6.691300E-02 -9.976742E-01 -1.299633E-02
    outer loop
      vertex -3.600000E+00 6.100000E+00 2.000000E+00
      vertex -2.711508E+00 6.053436E+00 1.000000E+00
      vertex -1.941732E+00 5.936675E+00 6.000000E+00
    endloop
  endfacet
  facet normal 0.000000E+00 -9.989177E-01 4.651323E-02
    outer loop
      vertex -4.488492E+00 6.053436E+00 1.000000E+00
      vertex -2.711508E+00 6.053436E+00 1.000000E+00
      vertex -3.600000E+00 6.100000E+00 2.000000E+00
    endloop
  endfacet
  facet normal -2.902757E-01 -9.569107E-01 -7.858010E-03
    outer loop
      vertex -1.941732E+00 5.936675E+00 6.000000E+00
      vertex -9.733555E-01 5.683980E+00 1.000000E+00
      vertex -3.471908E-01 5.452976E+00 6.000000E+00
    endloop
  endfacet
  facet normal -2.079030E-01 -9.781064E-01 9.166761E-03
    outer loop
      vertex -2.711508E+00 6.053436E+00 1.000000E+00
      vertex -9.733555E-01 5.683980E+00 1.000000E+00
      vertex -1.941732E+00 5.936675E+00 6.000000E+00
    endloop
  endfacet
  facet normal -4.713843E-01 -8.818979E-01 -7.275539E-03
    outer loop
      vertex -3.471908E-01 5.452976E+00 6.000000E+00
      vertex 6.500000E-01 4.961216E+00 1.000000E+00
      vertex 1.122347E+00 4.667492E+00 6.000000E+00
    endloop
  endfacet
  facet normal -4.067212E-01 -9.135106E-01 8.729922E-03
    outer loop
      vertex -9.733555E-01 5.683980E+00 1.000000E+00
      vertex 6.500000E-01 4.961216E+00 1.000000E+00
      vertex -3.471908E-01 5.452976E+00 6.000000E+00
    endloop
  endfacet
  facet normal -6.343804E-01 -7.729945E-01 -6.402026E-03
    outer loop
      vertex 1.122347E+00 4.667492E+00 6.000000E+00
      vertex 2.087610E+00 3.916731E+00 1.000000E+00
      vertex 2.410408E+00 3.610408E+00 6.000000E+00
    endloop
  endfacet
  facet normal -5.877664E-01 -8.089911E-01 8.001906E-03
    outer loop
      vertex 6.500000E-01 4.961216E+00 1.000000E+00
      vertex 2.087610E+00 3.916731E+00 1.000000E+00
      vertex 1.122347E+00 4.667492E+00 6.000000E+00
    endloop
  endfacet
  facet normal -7.729998E-01 -6.343846E-01 -5.237466E-03
    outer loop
      vertex 2.410408E+00 3.610408E+00 6.000000E+00
      vertex 3.276644E+00 2.596175E+00 1.000000E+00
      vertex 3.467492E+00 2.322347E+00 6.000000E+00
    endloop
  endfacet
  facet normal -7.431267E-01 -6.691142E-01 6.982770E-03
    outer loop
      vertex 2.087610E+00 3.916731E+00 1.000000E+00
      vertex 3.276644E+00 2.596175E+00 1.000000E+00
      vertex 2.410408E+00 3.610408E+00 6.000000E+00
    endloop
  endfacet
  facet normal -8.819149E-01 -4.713934E-01 -3.782081E-03
    outer loop
      vertex 3.467492E+00 2.322347E+00 6.000000E+00
      vertex 4.165136E+00 1.057261E+00 1.000000E+00
      vertex 4.252976E+00 8.528092E-01 6.000000E+00
    endloop
  endfacet
  facet normal -8.660115E-01 -4.999919E-01 5.672830E-03
    outer loop
      vertex 3.276644E+00 2.596175E+00 1.000000E+00
      vertex 4.165136E+00 1.057261E+00 1.000000E+00
      vertex 3.467492E+00 2.322347E+00 6.000000E+00
    endloop
  endfacet
  facet normal -9.510486E-01 -3.090143E-01 4.072209E-03
    outer loop
      vertex 4.165136E+00 1.057261E+00 1.000000E+00
      vertex 4.714254E+00 -6.327506E-01 1.000000E+00
      vertex 4.252976E+00 8.528092E-01 6.000000E+00
    endloop
  endfacet
  facet normal -9.569383E-01 -2.902841E-01 -2.036136E-03
    outer loop
      vertex 4.252976E+00 8.528092E-01 6.000000E+00
      vertex 4.714254E+00 -6.327506E-01 1.000000E+00
      vertex 4.736675E+00 -7.417322E-01 6.000000E+00
    endloop
  endfacet
  facet normal -9.945195E-01 -1.045284E-01 2.181172E-03
    outer loop
      vertex 4.714254E+00 -6.327506E-01 1.000000E+00
      vertex 4.900000E+00 -2.400000E+00 1.000000E+00
      vertex 4.736675E+00 -7.417322E-01 6.000000E+00
    endloop
  endfacet
  facet normal -9.951847E-01 -9.801725E-02 0.000000E+00
    outer loop
      vertex 4.736675E+00 -7.417322E-01 6.000000E+00
      vertex 4.900000E+00 -2.400000E+00 1.000000E+00
      vertex 4.900000E+00 -2.400000E+00 6.000000E+00
    endloop
  endfacet
  facet normal 9.989626E-01 0.000000E+00 -4.553724E-02
    outer loop
      vertex 1.895853E+00 1.319585E+01 9.090198E-01
      vertex 1.900000E+00 1.320000E+01 1.000000E+00
      vertex 1.900000E+00 1.020000E+01 1.000000E+00
    endloop
  endfacet
  facet normal 9.963226E-01 -1.222538E-03 -8.567338E-02
    outer loop
      vertex 1.895853E+00 1.319585E+01 9.090198E-01
      vertex 1.900000E+00 1.020000E+01 1.000000E+00
      vertex 1.885284E+00 1.018528E+01 8.290768E-01
    endloop
  endfacet
  facet normal 9.906742E-01 1.403741E-04 -1.362525E-01
    outer loop
      vertex 1.883445E+00 1.318344E+01 8.187943E-01
      vertex 1.895853E+00 1.319585E+01 9.090198E-01
      vertex 1.885284E+00 1.018528E+01 8.290768E-01
    endloop
  endfacet
  facet normal 9.669603E-01 4.797008E-04 -2.549267E-01
    outer loop
      vertex 1.836274E+00 1.313627E+01 6.487302E-01
      vertex 1.885284E+00 1.018528E+01 8.290768E-01
      vertex 1.841570E+00 1.014157E+01 6.631841E-01
    endloop
  endfacet
  facet normal 9.636419E-01 -3.252980E-04 -2.671970E-01
    outer loop
      vertex 1.836274E+00 1.313627E+01 6.487302E-01
      vertex 1.883445E+00 1.318344E+01 8.187943E-01
      vertex 1.885284E+00 1.018528E+01 8.290768E-01
    endloop
  endfacet
  facet normal 9.090028E-01 1.184321E-03 -4.167881E-01
    outer loop
      vertex 1.752640E+00 1.305264E+01 4.775014E-01
      vertex 1.841570E+00 1.014157E+01 6.631841E-01
      vertex 1.770145E+00 1.007014E+01 5.072043E-01
    endloop
  endfacet
  facet normal 8.350860E-01 -5.773658E-04 -5.501190E-01
    outer loop
      vertex 1.752640E+00 1.305264E+01 4.775014E-01
      vertex 1.770145E+00 1.007014E+01 5.072043E-01
      vertex 1.695873E+00 9.995872E+00 3.945358E-01
    endloop
  endfacet
  facet normal 8.986468E-01 -5.279601E-04 -4.386727E-01
    outer loop
      vertex 1.752640E+00 1.305264E+01 4.775014E-01
      vertex 1.836274E+00 1.313627E+01 6.487302E-01
      vertex 1.841570E+00 1.014157E+01 6.631841E-01
    endloop
  endfacet
  facet normal 7.532064E-01 0.000000E+00 -6.577843E-01
    outer loop
      vertex 1.607107E+00 1.290711E+01 2.928932E-01
      vertex 1.695873E+00 9.995872E+00 3.945358E-01
      vertex 1.607107E+00 9.907106E+00 2.928932E-01
    endloop
  endfacet
  facet normal 7.844461E-01 2.264993E-03 -6.201929E-01
    outer loop
      vertex 1.607107E+00 1.290711E+01 2.928932E-01
      vertex 1.752640E+00 1.305264E+01 4.775014E-01
      vertex 1.695873E+00 9.995872E+00 3.945358E-01
    endloop
  endfacet
  facet normal 9.943843E-01 0.000000E+00 -1.058295E-01
    outer loop
      vertex 8.000000E+00 9.200000E+00 1.000000E+00
      vertex 8.000000E+00 2.600000E+00 1.000000E+00
      vertex 7.977600E+00 2.586989E+00 7.895283E-01
    endloop
  endfacet
  facet normal 9.498684E-01 -5.859577E-04 -3.126493E-01
    outer loop
      vertex 7.965926E+00 9.458819E+00 7.411810E-01
      vertex 7.977600E+00 2.586989E+00 7.895283E-01
      vertex 7.911403E+00 2.548538E+00 5.884857E-01
    endloop
  endfacet
  facet normal 9.915441E-01 7.715182E-04 -1.297682E-01
    outer loop
      vertex 7.965926E+00 9.458819E+00 7.411810E-01
      vertex 8.000000E+00 9.200000E+00 1.000000E+00
      vertex 7.977600E+00 2.586989E+00 7.895283E-01
    endloop
  endfacet
  facet normal 8.706494E-01 -5.618908E-04 -4.919038E-01
    outer loop
      vertex 7.866025E+00 9.700000E+00 5.000000E-01
      vertex 7.911403E+00 2.548538E+00 5.884857E-01
      vertex 7.822640E+00 2.496980E+00 4.314381E-01
    endloop
  endfacet
  facet normal 9.242824E-01 1.141889E-03 -3.817077E-01
    outer loop
      vertex 7.866025E+00 9.700000E+00 5.000000E-01
      vertex 7.965926E+00 9.458819E+00 7.411810E-01
      vertex 7.911403E+00 2.548538E+00 5.884857E-01
    endloop
  endfacet
  facet normal 7.680038E-01 0.000000E+00 -6.404452E-01
    outer loop
      vertex 7.707107E+00 9.907106E+00 2.928932E-01
      vertex 7.822640E+00 2.496980E+00 4.314381E-01
      vertex 7.707107E+00 2.429873E+00 2.928932E-01
    endloop
  endfacet
  facet normal 7.938386E-01 1.007029E-03 -6.081277E-01
    outer loop
      vertex 7.707107E+00 9.907106E+00 2.928932E-01
      vertex 7.866025E+00 9.700000E+00 5.000000E-01
      vertex 7.822640E+00 2.496980E+00 4.314381E-01
    endloop
  endfacet
  facet normal 4.930661E-01 8.644529E-01 -9.801582E-02
    outer loop
      vertex 8.000000E+00 2.600000E+00 1.000000E+00
      vertex 1.128363E+01 7.270878E-01 1.000000E+00
      vertex 1.127411E+01 7.103972E-01 8.049097E-01
    endloop
  endfacet
  facet normal 4.744420E-01 8.310470E-01 -2.902856E-01
    outer loop
      vertex 7.977600E+00 2.586989E+00 7.895283E-01
      vertex 1.127411E+01 7.103972E-01 8.049097E-01
      vertex 1.124591E+01 6.609669E-01 6.173165E-01
    endloop
  endfacet
  facet normal 4.923179E-01 8.639609E-01 -1.058045E-01
    outer loop
      vertex 7.977600E+00 2.586989E+00 7.895283E-01
      vertex 8.000000E+00 2.600000E+00 1.000000E+00
      vertex 1.127411E+01 7.103972E-01 8.049097E-01
    endloop
  endfacet
  facet normal 4.375362E-01 7.657339E-01 -4.713956E-01
    outer loop
      vertex 7.911403E+00 2.548538E+00 5.884857E-01
      vertex 1.124591E+01 6.609669E-01 6.173165E-01
      vertex 1.120013E+01 5.806963E-01 4.444298E-01
    endloop
  endfacet
  facet normal 4.699750E-01 8.254640E-01 -3.126222E-01
    outer loop
      vertex 7.911403E+00 2.548538E+00 5.884857E-01
      vertex 7.977600E+00 2.586989E+00 7.895283E-01
      vertex 1.124591E+01 6.609669E-01 6.173165E-01
    endloop
  endfacet
  facet normal 3.833060E-01 6.712832E-01 -6.343937E-01
    outer loop
      vertex 7.822640E+00 2.496980E+00 4.314381E-01
      vertex 1.120013E+01 5.806963E-01 4.444298E-01
      vertex 1.113851E+01 4.726704E-01 2.928932E-01
    endloop
  endfacet
  facet normal 4.310589E-01 7.564144E-01 -4.919608E-01
    outer loop
      vertex 7.822640E+00 2.496980E+00 4.314381E-01
      vertex 7.911403E+00 2.548538E+00 5.884857E-01
      vertex 1.120013E+01 5.806963E-01 4.444298E-01
    endloop
  endfacet
  facet normal 3.805089E-01 6.671156E-01 -6.404449E-01
    outer loop
      vertex 7.707107E+00 2.429873E+00 2.928932E-01
      vertex 7.822640E+00 2.496980E+00 4.314381E-01
      vertex 1.113851E+01 4.726704E-01 2.928932E-01
    endloop
  endfacet
  facet normal 3.506638E-01 -3.180774E-01 -8.808300E-01
    outer loop
      vertex 1.204706E+01 -4.262821E+00 1.685304E-01
      vertex 1.160163E+01 -4.753883E+00 1.685304E-01
      vertex 1.148649E+01 -4.624919E+00 7.612047E-02
    endloop
  endfacet
  facet normal 4.524130E-01 -6.289139E-01 -6.322893E-01
    outer loop
      vertex 1.178538E+01 -4.959689E+00 4.444298E-01
      vertex 1.120013E+01 -5.380696E+00 4.444298E-01
      vertex 1.113851E+01 -5.272670E+00 2.928932E-01
    endloop
  endfacet
  facet normal 4.524131E-01 -6.289146E-01 -6.322886E-01
    outer loop
      vertex 1.178538E+01 -4.959689E+00 4.444298E-01
      vertex 1.113851E+01 -5.272670E+00 2.928932E-01
      vertex 1.170256E+01 -4.866921E+00 2.928932E-01
    endloop
  endfacet
  facet normal 2.522908E-01 -1.465438E-01 -9.564906E-01
    outer loop
      vertex 1.222227E+01 -3.618880E+00 7.612047E-02
      vertex 1.175609E+01 -4.050020E+00 1.921472E-02
      vertex 1.205105E+01 -3.542219E+00 1.921472E-02
    endloop
  endfacet
  facet normal 2.522903E-01 -1.465432E-01 -9.564908E-01
    outer loop
      vertex 1.222227E+01 -3.618880E+00 7.612047E-02
      vertex 1.190751E+01 -4.160761E+00 7.612047E-02
      vertex 1.175609E+01 -4.050020E+00 1.921472E-02
    endloop
  endfacet
  facet normal 4.714415E-01 -4.276318E-01 -7.712806E-01
    outer loop
      vertex 1.216938E+01 -4.352277E+00 2.928932E-01
      vertex 1.170256E+01 -4.866921E+00 2.928932E-01
      vertex 1.160163E+01 -4.753883E+00 1.685304E-01
    endloop
  endfacet
  facet normal 4.714412E-01 -4.276312E-01 -7.712813E-01
    outer loop
      vertex 1.216938E+01 -4.352277E+00 2.928932E-01
      vertex 1.160163E+01 -4.753883E+00 1.685304E-01
      vertex 1.204706E+01 -4.262821E+00 1.685304E-01
    endloop
  endfacet
  facet normal 1.119617E-01 -7.119416E-03 -9.936870E-01
    outer loop
      vertex 1.223340E+01 -2.983999E+00 1.921472E-02
      vertex 1.210000E+01 -2.400000E+00 0.000000E+00
      vertex 1.232252E+01 -2.400000E+00 2.507209E-02
    endloop
  endfacet
  facet normal 9.368503E-02 -3.060309E-02 -9.951314E-01
    outer loop
      vertex 1.223340E+01 -2.983999E+00 1.921472E-02
      vertex 1.187299E+01 -3.462495E+00 0.000000E+00
      vertex 1.204261E+01 -2.943237E+00 0.000000E+00
    endloop
  endfacet
  facet normal 9.801140E-02 -1.035354E-02 -9.951314E-01
    outer loop
      vertex 1.223340E+01 -2.983999E+00 1.921472E-02
      vertex 1.204261E+01 -2.943237E+00 0.000000E+00
      vertex 1.210000E+01 -2.400000E+00 0.000000E+00
    endloop
  endfacet
  facet normal 9.368517E-02 -3.060319E-02 -9.951314E-01
    outer loop
      vertex 1.223340E+01 -2.983999E+00 1.921472E-02
      vertex 1.205105E+01 -3.542219E+00 1.921472E-02
      vertex 1.187299E+01 -3.462495E+00 0.000000E+00
    endloop
  endfacet
  facet normal 5.156401E-01 -7.168076E-01 -4.693635E-01
    outer loop
      vertex 1.184693E+01 -5.028622E+00 6.173165E-01
      vertex 1.124591E+01 -5.460967E+00 6.173165E-01
      vertex 1.120013E+01 -5.380696E+00 4.444298E-01
    endloop
  endfacet
  facet normal 5.156401E-01 -7.168080E-01 -4.693630E-01
    outer loop
      vertex 1.184693E+01 -5.028622E+00 6.173165E-01
      vertex 1.120013E+01 -5.380696E+00 4.444298E-01
      vertex 1.178538E+01 -4.959689E+00 4.444298E-01
    endloop
  endfacet
  facet normal 4.093833E-01 -2.377912E-01 -8.808296E-01
    outer loop
      vertex 1.238006E+01 -3.689530E+00 1.685304E-01
      vertex 1.204706E+01 -4.262821E+00 1.685304E-01
      vertex 1.190751E+01 -4.160761E+00 7.612047E-02
    endloop
  endfacet
  facet normal 4.093829E-01 -2.377906E-01 -8.808299E-01
    outer loop
      vertex 1.238006E+01 -3.689530E+00 1.685304E-01
      vertex 1.190751E+01 -4.160761E+00 7.612047E-02
      vertex 1.222227E+01 -3.618880E+00 7.612047E-02
    endloop
  endfacet
  facet normal 5.738320E-01 -5.205072E-01 -6.322887E-01
    outer loop
      vertex 1.226976E+01 -4.425692E+00 4.444298E-01
      vertex 1.178538E+01 -4.959689E+00 4.444298E-01
      vertex 1.170256E+01 -4.866921E+00 2.928932E-01
    endloop
  endfacet
  facet normal 5.738322E-01 -5.205076E-01 -6.322882E-01
    outer loop
      vertex 1.226976E+01 -4.425692E+00 4.444298E-01
      vertex 1.170256E+01 -4.866921E+00 2.928932E-01
      vertex 1.216938E+01 -4.352277E+00 2.928932E-01
    endloop
  endfacet
  facet normal 3.301558E-01 -2.731342E-02 -9.435312E-01
    outer loop
      vertex 1.241685E+01 -3.023194E+00 7.612047E-02
      vertex 1.232252E+01 -2.400000E+00 2.507209E-02
      vertex 1.253388E+01 -2.400000E+00 9.903114E-02
    endloop
  endfacet
  facet normal 2.893468E-01 -3.456115E-02 -9.566002E-01
    outer loop
      vertex 1.241685E+01 -3.023194E+00 7.612047E-02
      vertex 1.223340E+01 -2.983999E+00 1.921472E-02
      vertex 1.232252E+01 -2.400000E+00 2.507209E-02
    endloop
  endfacet
  facet normal 2.773410E-01 -9.059630E-02 -9.564906E-01
    outer loop
      vertex 1.241685E+01 -3.023194E+00 7.612047E-02
      vertex 1.222227E+01 -3.618880E+00 7.612047E-02
      vertex 1.205105E+01 -3.542219E+00 1.921472E-02
    endloop
  endfacet
  facet normal 2.773407E-01 -9.059612E-02 -9.564908E-01
    outer loop
      vertex 1.241685E+01 -3.023194E+00 7.612047E-02
      vertex 1.205105E+01 -3.542219E+00 1.921472E-02
      vertex 1.223340E+01 -2.983999E+00 1.921472E-02
    endloop
  endfacet
  facet normal 5.811794E-01 -8.079160E-01 -9.747829E-02
    outer loop
      vertex 1.188483E+01 -5.071070E+00 8.049097E-01
      vertex 1.189762E+01 -5.085403E+00 1.000000E+00
      vertex 1.128363E+01 -5.527088E+00 1.000000E+00
    endloop
  endfacet
  facet normal 5.811797E-01 -8.079160E-01 -9.747751E-02
    outer loop
      vertex 1.188483E+01 -5.071070E+00 8.049097E-01
      vertex 1.128363E+01 -5.527088E+00 1.000000E+00
      vertex 1.127411E+01 -5.510397E+00 8.049097E-01
    endloop
  endfacet
  facet normal 5.590754E-01 -7.771881E-01 -2.888138E-01
    outer loop
      vertex 1.188483E+01 -5.071070E+00 8.049097E-01
      vertex 1.127411E+01 -5.510397E+00 8.049097E-01
      vertex 1.124591E+01 -5.460967E+00 6.173165E-01
    endloop
  endfacet
  facet normal 5.590753E-01 -7.771882E-01 -2.888135E-01
    outer loop
      vertex 1.188483E+01 -5.071070E+00 8.049097E-01
      vertex 1.124591E+01 -5.460967E+00 6.173165E-01
      vertex 1.184693E+01 -5.028622E+00 6.173165E-01
    endloop
  endfacet
  facet normal 5.503853E-01 -3.196924E-01 -7.712799E-01
    outer loop
      vertex 1.251836E+01 -3.751456E+00 2.928932E-01
      vertex 1.204706E+01 -4.262821E+00 1.685304E-01
      vertex 1.238006E+01 -3.689530E+00 1.685304E-01
    endloop
  endfacet
  facet normal 5.503841E-01 -3.196910E-01 -7.712815E-01
    outer loop
      vertex 1.251836E+01 -3.751456E+00 2.928932E-01
      vertex 1.216938E+01 -4.352277E+00 2.928932E-01
      vertex 1.204706E+01 -4.262821E+00 1.685304E-01
    endloop
  endfacet
  facet normal 6.540275E-01 -5.932506E-01 -4.693629E-01
    outer loop
      vertex 1.234435E+01 -4.480244E+00 6.173165E-01
      vertex 1.184693E+01 -5.028622E+00 6.173165E-01
      vertex 1.178538E+01 -4.959689E+00 4.444298E-01
    endloop
  endfacet
  facet normal 6.540274E-01 -5.932503E-01 -4.693636E-01
    outer loop
      vertex 1.234435E+01 -4.480244E+00 6.173165E-01
      vertex 1.178538E+01 -4.959689E+00 4.444298E-01
      vertex 1.226976E+01 -4.425692E+00 4.444298E-01
    endloop
  endfacet
  facet normal 5.314395E-01 -4.720857E-02 -8.457797E-01
    outer loop
      vertex 1.258592E+01 -3.059317E+00 1.685304E-01
      vertex 1.253388E+01 -2.400000E+00 9.903114E-02
      vertex 1.272349E+01 -2.400000E+00 2.181685E-01
    endloop
  endfacet
  facet normal 4.696568E-01 -5.580642E-02 -8.810835E-01
    outer loop
      vertex 1.258592E+01 -3.059317E+00 1.685304E-01
      vertex 1.241685E+01 -3.023194E+00 7.612047E-02
      vertex 1.253388E+01 -2.400000E+00 9.903114E-02
    endloop
  endfacet
  facet normal 4.500309E-01 -1.470067E-01 -8.808299E-01
    outer loop
      vertex 1.258592E+01 -3.059317E+00 1.685304E-01
      vertex 1.238006E+01 -3.689530E+00 1.685304E-01
      vertex 1.222227E+01 -3.618880E+00 7.612047E-02
    endloop
  endfacet
  facet normal 4.500322E-01 -1.470077E-01 -8.808290E-01
    outer loop
      vertex 1.258592E+01 -3.059317E+00 1.685304E-01
      vertex 1.222227E+01 -3.618880E+00 7.612047E-02
      vertex 1.241685E+01 -3.023194E+00 7.612047E-02
    endloop
  endfacet
  facet normal 6.699206E-01 -3.891248E-01 -6.322880E-01
    outer loop
      vertex 1.263187E+01 -3.802277E+00 4.444298E-01
      vertex 1.226976E+01 -4.425692E+00 4.444298E-01
      vertex 1.216938E+01 -4.352277E+00 2.928932E-01
    endloop
  endfacet
  facet normal 6.699194E-01 -3.891231E-01 -6.322904E-01
    outer loop
      vertex 1.263187E+01 -3.802277E+00 4.444298E-01
      vertex 1.216938E+01 -4.352277E+00 2.928932E-01
      vertex 1.251836E+01 -3.751456E+00 2.928932E-01
    endloop
  endfacet
  facet normal 7.091193E-01 -6.432229E-01 -2.888150E-01
    outer loop
      vertex 1.239028E+01 -4.513837E+00 8.049097E-01
      vertex 1.184693E+01 -5.028622E+00 6.173165E-01
      vertex 1.234435E+01 -4.480244E+00 6.173165E-01
    endloop
  endfacet
  facet normal 7.371562E-01 -6.686547E-01 -9.747717E-02
    outer loop
      vertex 1.239028E+01 -4.513837E+00 8.049097E-01
      vertex 1.240579E+01 -4.525180E+00 1.000000E+00
      vertex 1.189762E+01 -5.085403E+00 1.000000E+00
    endloop
  endfacet
  facet normal 7.371560E-01 -6.686547E-01 -9.747760E-02
    outer loop
      vertex 1.239028E+01 -4.513837E+00 8.049097E-01
      vertex 1.189762E+01 -5.085403E+00 1.000000E+00
      vertex 1.188483E+01 -5.071070E+00 8.049097E-01
    endloop
  endfacet
  facet normal 7.091194E-01 -6.432234E-01 -2.888137E-01
    outer loop
      vertex 1.239028E+01 -4.513837E+00 8.049097E-01
      vertex 1.188483E+01 -5.071070E+00 8.049097E-01
      vertex 1.184693E+01 -5.028622E+00 6.173165E-01
    endloop
  endfacet
  facet normal 7.055911E-01 -6.545429E-02 -7.055898E-01
    outer loop
      vertex 1.273412E+01 -3.090979E+00 2.928932E-01
      vertex 1.272349E+01 -2.400000E+00 2.181685E-01
      vertex 1.288183E+01 -2.400000E+00 3.765102E-01
    endloop
  endfacet
  facet normal 6.050320E-01 -1.976392E-01 -7.712814E-01
    outer loop
      vertex 1.273412E+01 -3.090979E+00 2.928932E-01
      vertex 1.238006E+01 -3.689530E+00 1.685304E-01
      vertex 1.258592E+01 -3.059317E+00 1.685304E-01
    endloop
  endfacet
  facet normal 6.317923E-01 -7.373022E-02 -7.716232E-01
    outer loop
      vertex 1.273412E+01 -3.090979E+00 2.928932E-01
      vertex 1.258592E+01 -3.059317E+00 1.685304E-01
      vertex 1.272349E+01 -2.400000E+00 2.181685E-01
    endloop
  endfacet
  facet normal 6.050335E-01 -1.976404E-01 -7.712800E-01
    outer loop
      vertex 1.273412E+01 -3.090979E+00 2.928932E-01
      vertex 1.251836E+01 -3.751456E+00 2.928932E-01
      vertex 1.238006E+01 -3.689530E+00 1.685304E-01
    endloop
  endfacet
  facet normal 7.635448E-01 -4.435066E-01 -4.693625E-01
    outer loop
      vertex 1.271621E+01 -3.840040E+00 6.173165E-01
      vertex 1.226976E+01 -4.425692E+00 4.444298E-01
      vertex 1.263187E+01 -3.802277E+00 4.444298E-01
    endloop
  endfacet
  facet normal 5.755355E-02 -8.000707E-02 -9.951314E-01
    outer loop
      vertex 1.136155E+01 -4.484985E+00 1.921472E-02
      vertex 1.088483E+01 -4.827915E+00 1.921472E-02
      vertex 1.078817E+01 -4.658453E+00 0.000000E+00
    endloop
  endfacet
  facet normal 7.635445E-01 -4.435061E-01 -4.693635E-01
    outer loop
      vertex 1.271621E+01 -3.840040E+00 6.173165E-01
      vertex 1.234435E+01 -4.480244E+00 6.173165E-01
      vertex 1.226976E+01 -4.425692E+00 4.444298E-01
    endloop
  endfacet
  facet normal 5.755343E-02 -8.000664E-02 -9.951314E-01
    outer loop
      vertex 1.136155E+01 -4.484985E+00 1.921472E-02
      vertex 1.078817E+01 -4.658453E+00 0.000000E+00
      vertex 1.123162E+01 -4.339458E+00 0.000000E+00
    endloop
  endfacet
  facet normal 8.439443E-01 -8.095474E-02 -5.302870E-01
    outer loop
      vertex 1.285573E+01 -3.116963E+00 4.444298E-01
      vertex 1.288183E+01 -2.400000E+00 3.765102E-01
      vertex 1.300097E+01 -2.400000E+00 5.661163E-01
    endloop
  endfacet
  facet normal 7.364364E-01 -2.405645E-01 -6.322896E-01
    outer loop
      vertex 1.285573E+01 -3.116963E+00 4.444298E-01
      vertex 1.251836E+01 -3.751456E+00 2.928932E-01
      vertex 1.273412E+01 -3.090979E+00 2.928932E-01
    endloop
  endfacet
  facet normal 7.364357E-01 -2.405639E-01 -6.322906E-01
    outer loop
      vertex 1.285573E+01 -3.116963E+00 4.444298E-01
      vertex 1.263187E+01 -3.802277E+00 4.444298E-01
      vertex 1.251836E+01 -3.751456E+00 2.928932E-01
    endloop
  endfacet
  facet normal 7.694551E-01 -8.793744E-02 -6.326182E-01
    outer loop
      vertex 1.285573E+01 -3.116963E+00 4.444298E-01
      vertex 1.273412E+01 -3.090979E+00 2.928932E-01
      vertex 1.288183E+01 -2.400000E+00 3.765102E-01
    endloop
  endfacet
  facet normal 8.605933E-01 -4.998769E-01 -9.747998E-02
    outer loop
      vertex 1.276815E+01 -3.863295E+00 8.049097E-01
      vertex 1.278568E+01 -3.871147E+00 1.000000E+00
      vertex 1.240579E+01 -4.525180E+00 1.000000E+00
    endloop
  endfacet
  facet normal 8.278625E-01 -4.808653E-01 -2.888118E-01
    outer loop
      vertex 1.276815E+01 -3.863295E+00 8.049097E-01
      vertex 1.234435E+01 -4.480244E+00 6.173165E-01
      vertex 1.271621E+01 -3.840040E+00 6.173165E-01
    endloop
  endfacet
  facet normal 1.703779E-01 -2.368477E-01 -9.564907E-01
    outer loop
      vertex 1.148649E+01 -4.624919E+00 7.612047E-02
      vertex 1.097778E+01 -4.990865E+00 7.612047E-02
      vertex 1.088483E+01 -4.827915E+00 1.921472E-02
    endloop
  endfacet
  facet normal 8.605940E-01 -4.998763E-01 -9.747661E-02
    outer loop
      vertex 1.276815E+01 -3.863295E+00 8.049097E-01
      vertex 1.240579E+01 -4.525180E+00 1.000000E+00
      vertex 1.239028E+01 -4.513837E+00 8.049097E-01
    endloop
  endfacet
  facet normal 8.278621E-01 -4.808640E-01 -2.888152E-01
    outer loop
      vertex 1.276815E+01 -3.863295E+00 8.049097E-01
      vertex 1.239028E+01 -4.513837E+00 8.049097E-01
      vertex 1.234435E+01 -4.480244E+00 6.173165E-01
    endloop
  endfacet
  facet normal 8.393580E-01 -2.741849E-01 -4.693623E-01
    outer loop
      vertex 1.294610E+01 -3.136271E+00 6.173165E-01
      vertex 1.271621E+01 -3.840040E+00 6.173165E-01
      vertex 1.263187E+01 -3.802277E+00 4.444298E-01
    endloop
  endfacet
  facet normal 1.703781E-01 -2.368481E-01 -9.564906E-01
    outer loop
      vertex 1.148649E+01 -4.624919E+00 7.612047E-02
      vertex 1.088483E+01 -4.827915E+00 1.921472E-02
      vertex 1.136155E+01 -4.484985E+00 1.921472E-02
    endloop
  endfacet
  facet normal 9.398010E-01 -9.289982E-02 -3.288520E-01
    outer loop
      vertex 1.294610E+01 -3.136271E+00 6.173165E-01
      vertex 1.300097E+01 -2.400000E+00 5.661163E-01
      vertex 1.307493E+01 -2.400000E+00 7.774791E-01
    endloop
  endfacet
  facet normal 8.393574E-01 -2.741843E-01 -4.693637E-01
    outer loop
      vertex 1.294610E+01 -3.136271E+00 6.173165E-01
      vertex 1.263187E+01 -3.802277E+00 4.444298E-01
      vertex 1.285573E+01 -3.116963E+00 4.444298E-01
    endloop
  endfacet
  facet normal 7.299966E-02 -6.621609E-02 -9.951314E-01
    outer loop
      vertex 1.175609E+01 -4.050020E+00 1.921472E-02
      vertex 1.123162E+01 -4.339458E+00 0.000000E+00
      vertex 1.159863E+01 -3.934852E+00 0.000000E+00
    endloop
  endfacet
  facet normal 8.774244E-01 -9.803861E-02 -4.695901E-01
    outer loop
      vertex 1.294610E+01 -3.136271E+00 6.173165E-01
      vertex 1.285573E+01 -3.116963E+00 4.444298E-01
      vertex 1.300097E+01 -2.400000E+00 5.661163E-01
    endloop
  endfacet
  facet normal 9.886529E-01 -1.007803E-01 -1.113945E-01
    outer loop
      vertex 1.300175E+01 -3.148160E+00 8.049097E-01
      vertex 1.307493E+01 -2.400000E+00 7.774791E-01
      vertex 1.310000E+01 -2.400000E+00 1.000000E+00
    endloop
  endfacet
  facet normal 9.897308E-01 -1.045507E-01 -9.747808E-02
    outer loop
      vertex 1.300175E+01 -3.148160E+00 8.049097E-01
      vertex 1.310000E+01 -2.400000E+00 1.000000E+00
      vertex 1.302054E+01 -3.152175E+00 1.000000E+00
    endloop
  endfacet
  facet normal 7.299948E-02 -6.621577E-02 -9.951315E-01
    outer loop
      vertex 1.175609E+01 -4.050020E+00 1.921472E-02
      vertex 1.136155E+01 -4.484985E+00 1.921472E-02
      vertex 1.123162E+01 -4.339458E+00 0.000000E+00
    endloop
  endfacet
  facet normal 9.460422E-01 -3.090341E-01 -9.747822E-02
    outer loop
      vertex 1.300175E+01 -3.148160E+00 8.049097E-01
      vertex 1.302054E+01 -3.152175E+00 1.000000E+00
      vertex 1.278568E+01 -3.871147E+00 1.000000E+00
    endloop
  endfacet
  facet normal 9.460419E-01 -3.090346E-01 -9.748007E-02
    outer loop
      vertex 1.300175E+01 -3.148160E+00 8.049097E-01
      vertex 1.278568E+01 -3.871147E+00 1.000000E+00
      vertex 1.276815E+01 -3.863295E+00 8.049097E-01
    endloop
  endfacet
  facet normal 9.100613E-01 -2.972811E-01 -2.888118E-01
    outer loop
      vertex 1.300175E+01 -3.148160E+00 8.049097E-01
      vertex 1.276815E+01 -3.863295E+00 8.049097E-01
      vertex 1.271621E+01 -3.840040E+00 6.173165E-01
    endloop
  endfacet
  facet normal 9.100612E-01 -2.972808E-01 -2.888125E-01
    outer loop
      vertex 1.300175E+01 -3.148160E+00 8.049097E-01
      vertex 1.271621E+01 -3.840040E+00 6.173165E-01
      vertex 1.294610E+01 -3.136271E+00 6.173165E-01
    endloop
  endfacet
  facet normal 9.517281E-01 -1.036770E-01 -2.889025E-01
    outer loop
      vertex 1.300175E+01 -3.148160E+00 8.049097E-01
      vertex 1.294610E+01 -3.136271E+00 6.173165E-01
      vertex 1.307493E+01 -2.400000E+00 7.774791E-01
    endloop
  endfacet
  facet normal 2.764660E-01 -3.843244E-01 -8.808298E-01
    outer loop
      vertex 1.160163E+01 -4.753883E+00 1.685304E-01
      vertex 1.106343E+01 -5.141040E+00 1.685304E-01
      vertex 1.097778E+01 -4.990865E+00 7.612047E-02
    endloop
  endfacet
  facet normal 2.764659E-01 -3.843240E-01 -8.808302E-01
    outer loop
      vertex 1.160163E+01 -4.753883E+00 1.685304E-01
      vertex 1.097778E+01 -4.990865E+00 7.612047E-02
      vertex 1.148649E+01 -4.624919E+00 7.612047E-02
    endloop
  endfacet
  facet normal 2.161041E-01 -1.960222E-01 -9.564906E-01
    outer loop
      vertex 1.190751E+01 -4.160761E+00 7.612047E-02
      vertex 1.148649E+01 -4.624919E+00 7.612047E-02
      vertex 1.136155E+01 -4.484985E+00 1.921472E-02
    endloop
  endfacet
  facet normal 2.161038E-01 -1.960217E-01 -9.564908E-01
    outer loop
      vertex 1.190751E+01 -4.160761E+00 7.612047E-02
      vertex 1.136155E+01 -4.484985E+00 1.921472E-02
      vertex 1.175609E+01 -4.050020E+00 1.921472E-02
    endloop
  endfacet
  facet normal 3.716881E-01 -5.166960E-01 -7.712802E-01
    outer loop
      vertex 1.170256E+01 -4.866921E+00 2.928932E-01
      vertex 1.113851E+01 -5.272670E+00 2.928932E-01
      vertex 1.106343E+01 -5.141040E+00 1.685304E-01
    endloop
  endfacet
  facet normal 3.716879E-01 -5.166954E-01 -7.712808E-01
    outer loop
      vertex 1.170256E+01 -4.866921E+00 2.928932E-01
      vertex 1.106343E+01 -5.141040E+00 1.685304E-01
      vertex 1.160163E+01 -4.753883E+00 1.685304E-01
    endloop
  endfacet
  facet normal 8.522331E-02 -4.950208E-02 -9.951314E-01
    outer loop
      vertex 1.205105E+01 -3.542219E+00 1.921472E-02
      vertex 1.159863E+01 -3.934852E+00 0.000000E+00
      vertex 1.187299E+01 -3.462495E+00 0.000000E+00
    endloop
  endfacet
  facet normal 8.522349E-02 -4.950229E-02 -9.951314E-01
    outer loop
      vertex 1.205105E+01 -3.542219E+00 1.921472E-02
      vertex 1.175609E+01 -4.050020E+00 1.921472E-02
      vertex 1.159863E+01 -3.934852E+00 0.000000E+00
    endloop
  endfacet
  facet normal 3.506642E-01 -3.180781E-01 -8.808297E-01
    outer loop
      vertex 1.204706E+01 -4.262821E+00 1.685304E-01
      vertex 1.148649E+01 -4.624919E+00 7.612047E-02
      vertex 1.190751E+01 -4.160761E+00 7.612047E-02
    endloop
  endfacet
  facet normal 4.930661E-01 -8.644530E-01 -9.801472E-02
    outer loop
      vertex 1.127411E+01 -5.510397E+00 8.049097E-01
      vertex 1.128363E+01 -5.527088E+00 1.000000E+00
      vertex 8.000000E+00 -7.400000E+00 1.000000E+00
    endloop
  endfacet
  facet normal 4.923180E-01 -8.639609E-01 -1.058043E-01
    outer loop
      vertex 1.127411E+01 -5.510397E+00 8.049097E-01
      vertex 8.000000E+00 -7.400000E+00 1.000000E+00
      vertex 7.977600E+00 -7.386989E+00 7.895283E-01
    endloop
  endfacet
  facet normal 4.699749E-01 -8.254640E-01 -3.126227E-01
    outer loop
      vertex 1.124591E+01 -5.460967E+00 6.173165E-01
      vertex 7.977600E+00 -7.386989E+00 7.895283E-01
      vertex 7.911403E+00 -7.348538E+00 5.884857E-01
    endloop
  endfacet
  facet normal 4.744420E-01 -8.310469E-01 -2.902856E-01
    outer loop
      vertex 1.124591E+01 -5.460967E+00 6.173165E-01
      vertex 1.127411E+01 -5.510397E+00 8.049097E-01
      vertex 7.977600E+00 -7.386989E+00 7.895283E-01
    endloop
  endfacet
  facet normal 4.310590E-01 -7.564145E-01 -4.919607E-01
    outer loop
      vertex 1.120013E+01 -5.380696E+00 4.444298E-01
      vertex 7.911403E+00 -7.348538E+00 5.884857E-01
      vertex 7.822640E+00 -7.296980E+00 4.314381E-01
    endloop
  endfacet
  facet normal 4.375360E-01 -7.657335E-01 -4.713962E-01
    outer loop
      vertex 1.120013E+01 -5.380696E+00 4.444298E-01
      vertex 1.124591E+01 -5.460967E+00 6.173165E-01
      vertex 7.911403E+00 -7.348538E+00 5.884857E-01
    endloop
  endfacet
  facet normal 3.805093E-01 -6.671162E-01 -6.404442E-01
    outer loop
      vertex 1.113851E+01 -5.272670E+00 2.928932E-01
      vertex 7.822640E+00 -7.296980E+00 4.314381E-01
      vertex 7.707107E+00 -7.229873E+00 2.928932E-01
    endloop
  endfacet
  facet normal 3.833060E-01 -6.712832E-01 -6.343937E-01
    outer loop
      vertex 1.113851E+01 -5.272670E+00 2.928932E-01
      vertex 1.120013E+01 -5.380696E+00 4.444298E-01
      vertex 7.822640E+00 -7.296980E+00 4.314381E-01
    endloop
  endfacet
  facet normal -9.943843E-01 0.000000E+00 -1.058295E-01
    outer loop
      vertex -4.120000E+01 -1.400000E+01 1.000000E+00
      vertex -4.120000E+01 -7.400000E+00 1.000000E+00
      vertex -4.117760E+01 -7.386989E+00 7.895283E-01
    endloop
  endfacet
  facet normal -9.498691E-01 5.856132E-04 -3.126474E-01
    outer loop
      vertex -4.116592E+01 -1.425882E+01 7.411810E-01
      vertex -4.117760E+01 -7.386989E+00 7.895283E-01
      vertex -4.111140E+01 -7.348538E+00 5.884857E-01
    endloop
  endfacet
  facet normal -9.915429E-01 -7.717992E-04 -1.297769E-01
    outer loop
      vertex -4.116592E+01 -1.425882E+01 7.411810E-01
      vertex -4.120000E+01 -1.400000E+01 1.000000E+00
      vertex -4.117760E+01 -7.386989E+00 7.895283E-01
    endloop
  endfacet
  facet normal -8.706459E-01 5.617551E-04 -4.919099E-01
    outer loop
      vertex -4.106602E+01 -1.450000E+01 5.000000E-01
      vertex -4.111140E+01 -7.348538E+00 5.884857E-01
      vertex -4.102264E+01 -7.296980E+00 4.314381E-01
    endloop
  endfacet
  facet normal -9.242838E-01 -1.142186E-03 -3.817044E-01
    outer loop
      vertex -4.106602E+01 -1.450000E+01 5.000000E-01
      vertex -4.116592E+01 -1.425882E+01 7.411810E-01
      vertex -4.111140E+01 -7.348538E+00 5.884857E-01
    endloop
  endfacet
  facet normal -7.680091E-01 0.000000E+00 -6.404390E-01
    outer loop
      vertex -4.090711E+01 -1.470711E+01 2.928932E-01
      vertex -4.102264E+01 -7.296980E+00 4.314381E-01
      vertex -4.090711E+01 -7.229873E+00 2.928932E-01
    endloop
  endfacet
  facet normal -7.938430E-01 -1.007001E-03 -6.081219E-01
    outer loop
      vertex -4.090711E+01 -1.470711E+01 2.928932E-01
      vertex -4.106602E+01 -1.450000E+01 5.000000E-01
      vertex -4.102264E+01 -7.296980E+00 4.314381E-01
    endloop
  endfacet
  facet normal -4.930657E-01 8.644525E-01 -9.802081E-02
    outer loop
      vertex -4.447411E+01 7.103969E-01 8.049097E-01
      vertex -4.448363E+01 7.270874E-01 1.000000E+00
      vertex -4.120000E+01 2.600000E+00 1.000000E+00
    endloop
  endfacet
  facet normal -4.923182E-01 8.639607E-01 -1.058049E-01
    outer loop
      vertex -4.447411E+01 7.103969E-01 8.049097E-01
      vertex -4.120000E+01 2.600000E+00 1.000000E+00
      vertex -4.117760E+01 2.586989E+00 7.895283E-01
    endloop
  endfacet
  facet normal -4.699754E-01 8.254642E-01 -3.126211E-01
    outer loop
      vertex -4.444591E+01 6.609665E-01 6.173165E-01
      vertex -4.117760E+01 2.586989E+00 7.895283E-01
      vertex -4.111140E+01 2.548538E+00 5.884857E-01
    endloop
  endfacet
  facet normal -4.744422E-01 8.310469E-01 -2.902855E-01
    outer loop
      vertex -4.444591E+01 6.609665E-01 6.173165E-01
      vertex -4.447411E+01 7.103969E-01 8.049097E-01
      vertex -4.117760E+01 2.586989E+00 7.895283E-01
    endloop
  endfacet
  facet normal -4.310582E-01 7.564128E-01 -4.919637E-01
    outer loop
      vertex -4.440013E+01 5.806960E-01 4.444298E-01
      vertex -4.111140E+01 2.548538E+00 5.884857E-01
      vertex -4.102264E+01 2.496980E+00 4.314381E-01
    endloop
  endfacet
  facet normal -4.375364E-01 7.657338E-01 -4.713954E-01
    outer loop
      vertex -4.440013E+01 5.806960E-01 4.444298E-01
      vertex -4.444591E+01 6.609665E-01 6.173165E-01
      vertex -4.111140E+01 2.548538E+00 5.884857E-01
    endloop
  endfacet
  facet normal -3.805103E-01 6.671178E-01 -6.404419E-01
    outer loop
      vertex -4.433851E+01 4.726700E-01 2.928932E-01
      vertex -4.102264E+01 2.496980E+00 4.314381E-01
      vertex -4.090711E+01 2.429873E+00 2.928932E-01
    endloop
  endfacet
  facet normal -3.833067E-01 6.712843E-01 -6.343921E-01
    outer loop
      vertex -4.433851E+01 4.726700E-01 2.928932E-01
      vertex -4.440013E+01 5.806960E-01 4.444298E-01
      vertex -4.102264E+01 2.496980E+00 4.314381E-01
    endloop
  endfacet
  facet normal -8.439460E-01 -8.095790E-02 -5.302838E-01
    outer loop
      vertex -4.605573E+01 -3.116962E+00 4.444298E-01
      vertex -4.620097E+01 -2.400000E+00 5.661163E-01
      vertex -4.608183E+01 -2.400000E+00 3.765102E-01
    endloop
  endfacet
  facet normal -7.694595E-01 -8.794016E-02 -6.326126E-01
    outer loop
      vertex -4.605573E+01 -3.116962E+00 4.444298E-01
      vertex -4.608183E+01 -2.400000E+00 3.765102E-01
      vertex -4.593412E+01 -3.090978E+00 2.928932E-01
    endloop
  endfacet
  facet normal -2.522921E-01 -1.465441E-01 -9.564902E-01
    outer loop
      vertex -4.510751E+01 -4.160761E+00 7.612047E-02
      vertex -4.525105E+01 -3.542219E+00 1.921472E-02
      vertex -4.495610E+01 -4.050019E+00 1.921472E-02
    endloop
  endfacet
  facet normal -2.522896E-01 -1.465436E-01 -9.564910E-01
    outer loop
      vertex -4.510751E+01 -4.160761E+00 7.612047E-02
      vertex -4.542227E+01 -3.618879E+00 7.612047E-02
      vertex -4.525105E+01 -3.542219E+00 1.921472E-02
    endloop
  endfacet
  facet normal -6.050296E-01 -1.976392E-01 -7.712833E-01
    outer loop
      vertex -4.571836E+01 -3.751456E+00 2.928932E-01
      vertex -4.593412E+01 -3.090978E+00 2.928932E-01
      vertex -4.578592E+01 -3.059317E+00 1.685304E-01
    endloop
  endfacet
  facet normal -6.050341E-01 -1.976390E-01 -7.712798E-01
    outer loop
      vertex -4.571836E+01 -3.751456E+00 2.928932E-01
      vertex -4.578592E+01 -3.059317E+00 1.685304E-01
      vertex -4.558006E+01 -3.689530E+00 1.685304E-01
    endloop
  endfacet
  facet normal -7.299943E-02 -6.621602E-02 -9.951314E-01
    outer loop
      vertex -4.456155E+01 -4.484984E+00 1.921472E-02
      vertex -4.479863E+01 -3.934852E+00 0.000000E+00
      vertex -4.443162E+01 -4.339458E+00 0.000000E+00
    endloop
  endfacet
  facet normal -5.755335E-02 -8.000696E-02 -9.951314E-01
    outer loop
      vertex -4.456155E+01 -4.484984E+00 1.921472E-02
      vertex -4.443162E+01 -4.339458E+00 0.000000E+00
      vertex -4.408483E+01 -4.827914E+00 1.921472E-02
    endloop
  endfacet
  facet normal -7.299938E-02 -6.621599E-02 -9.951314E-01
    outer loop
      vertex -4.456155E+01 -4.484984E+00 1.921472E-02
      vertex -4.495610E+01 -4.050019E+00 1.921472E-02
      vertex -4.479863E+01 -3.934852E+00 0.000000E+00
    endloop
  endfacet
  facet normal -9.398007E-01 -9.290225E-02 -3.288519E-01
    outer loop
      vertex -4.614610E+01 -3.136270E+00 6.173165E-01
      vertex -4.627493E+01 -2.400000E+00 7.774791E-01
      vertex -4.620097E+01 -2.400000E+00 5.661163E-01
    endloop
  endfacet
  facet normal -8.774241E-01 -9.804090E-02 -4.695902E-01
    outer loop
      vertex -4.614610E+01 -3.136270E+00 6.173165E-01
      vertex -4.620097E+01 -2.400000E+00 5.661163E-01
      vertex -4.605573E+01 -3.116962E+00 4.444298E-01
    endloop
  endfacet
  facet normal -4.093802E-01 -2.377904E-01 -8.808312E-01
    outer loop
      vertex -4.524706E+01 -4.262821E+00 1.685304E-01
      vertex -4.542227E+01 -3.618879E+00 7.612047E-02
      vertex -4.510751E+01 -4.160761E+00 7.612047E-02
    endloop
  endfacet
  facet normal -4.093845E-01 -2.377913E-01 -8.808290E-01
    outer loop
      vertex -4.524706E+01 -4.262821E+00 1.685304E-01
      vertex -4.558006E+01 -3.689530E+00 1.685304E-01
      vertex -4.542227E+01 -3.618879E+00 7.612047E-02
    endloop
  endfacet
  facet normal -7.364421E-01 -2.405664E-01 -6.322823E-01
    outer loop
      vertex -4.583187E+01 -3.802277E+00 4.444298E-01
      vertex -4.593412E+01 -3.090978E+00 2.928932E-01
      vertex -4.571836E+01 -3.751456E+00 2.928932E-01
    endloop
  endfacet
  facet normal -7.364407E-01 -2.405665E-01 -6.322840E-01
    outer loop
      vertex -4.583187E+01 -3.802277E+00 4.444298E-01
      vertex -4.605573E+01 -3.116962E+00 4.444298E-01
      vertex -4.593412E+01 -3.090978E+00 2.928932E-01
    endloop
  endfacet
  facet normal -1.703769E-01 -2.368465E-01 -9.564912E-01
    outer loop
      vertex -4.468649E+01 -4.624919E+00 7.612047E-02
      vertex -4.408483E+01 -4.827914E+00 1.921472E-02
      vertex -4.417778E+01 -4.990864E+00 7.612047E-02
    endloop
  endfacet
  facet normal -2.764673E-01 -3.843264E-01 -8.808286E-01
    outer loop
      vertex -4.468649E+01 -4.624919E+00 7.612047E-02
      vertex -4.417778E+01 -4.990864E+00 7.612047E-02
      vertex -4.426343E+01 -5.141040E+00 1.685304E-01
    endloop
  endfacet
  facet normal -2.161051E-01 -1.960226E-01 -9.564903E-01
    outer loop
      vertex -4.468649E+01 -4.624919E+00 7.612047E-02
      vertex -4.510751E+01 -4.160761E+00 7.612047E-02
      vertex -4.495610E+01 -4.050019E+00 1.921472E-02
    endloop
  endfacet
  facet normal -1.703771E-01 -2.368472E-01 -9.564910E-01
    outer loop
      vertex -4.468649E+01 -4.624919E+00 7.612047E-02
      vertex -4.456155E+01 -4.484984E+00 1.921472E-02
      vertex -4.408483E+01 -4.827914E+00 1.921472E-02
    endloop
  endfacet
  facet normal -5.755377E-02 -8.000725E-02 -9.951313E-01
    outer loop
      vertex -4.408483E+01 -4.827914E+00 1.921472E-02
      vertex -4.443162E+01 -4.339458E+00 0.000000E+00
      vertex -4.398817E+01 -4.658452E+00 0.000000E+00
    endloop
  endfacet
  facet normal -2.161027E-01 -1.960216E-01 -9.564911E-01
    outer loop
      vertex -4.468649E+01 -4.624919E+00 7.612047E-02
      vertex -4.495610E+01 -4.050019E+00 1.921472E-02
      vertex -4.456155E+01 -4.484984E+00 1.921472E-02
    endloop
  endfacet
  facet normal -9.886540E-01 -1.007788E-01 -1.113861E-01
    outer loop
      vertex -4.620176E+01 -3.148160E+00 8.049097E-01
      vertex -4.630000E+01 -2.400000E+00 1.000000E+00
      vertex -4.627493E+01 -2.400000E+00 7.774791E-01
    endloop
  endfacet
  facet normal -9.897322E-01 -1.045508E-01 -9.746370E-02
    outer loop
      vertex -4.620176E+01 -3.148160E+00 8.049097E-01
      vertex -4.622054E+01 -3.152175E+00 1.000000E+00
      vertex -4.630000E+01 -2.400000E+00 1.000000E+00
    endloop
  endfacet
  facet normal -9.517243E-01 -1.036759E-01 -2.889158E-01
    outer loop
      vertex -4.620176E+01 -3.148160E+00 8.049097E-01
      vertex -4.627493E+01 -2.400000E+00 7.774791E-01
      vertex -4.614610E+01 -3.136270E+00 6.173165E-01
    endloop
  endfacet
  facet normal -5.503858E-01 -3.196920E-01 -7.712797E-01
    outer loop
      vertex -4.536938E+01 -4.352277E+00 2.928932E-01
      vertex -4.558006E+01 -3.689530E+00 1.685304E-01
      vertex -4.524706E+01 -4.262821E+00 1.685304E-01
    endloop
  endfacet
  facet normal -5.503855E-01 -3.196920E-01 -7.712800E-01
    outer loop
      vertex -4.536938E+01 -4.352277E+00 2.928932E-01
      vertex -4.571836E+01 -3.751456E+00 2.928932E-01
      vertex -4.558006E+01 -3.689530E+00 1.685304E-01
    endloop
  endfacet
  facet normal -8.393576E-01 -2.741837E-01 -4.693637E-01
    outer loop
      vertex -4.591621E+01 -3.840040E+00 6.173165E-01
      vertex -4.614610E+01 -3.136270E+00 6.173165E-01
      vertex -4.605573E+01 -3.116962E+00 4.444298E-01
    endloop
  endfacet
  facet normal -8.393541E-01 -2.741843E-01 -4.693695E-01
    outer loop
      vertex -4.591621E+01 -3.840040E+00 6.173165E-01
      vertex -4.605573E+01 -3.116962E+00 4.444298E-01
      vertex -4.583187E+01 -3.802277E+00 4.444298E-01
    endloop
  endfacet
  facet normal -3.506657E-01 -3.180787E-01 -8.808289E-01
    outer loop
      vertex -4.480163E+01 -4.753883E+00 1.685304E-01
      vertex -4.510751E+01 -4.160761E+00 7.612047E-02
      vertex -4.468649E+01 -4.624919E+00 7.612047E-02
    endloop
  endfacet
  facet normal -3.506620E-01 -3.180771E-01 -8.808309E-01
    outer loop
      vertex -4.480163E+01 -4.753883E+00 1.685304E-01
      vertex -4.524706E+01 -4.262821E+00 1.685304E-01
      vertex -4.510751E+01 -4.160761E+00 7.612047E-02
    endloop
  endfacet
  facet normal -2.764667E-01 -3.843260E-01 -8.808291E-01
    outer loop
      vertex -4.480163E+01 -4.753883E+00 1.685304E-01
      vertex -4.468649E+01 -4.624919E+00 7.612047E-02
      vertex -4.426343E+01 -5.141040E+00 1.685304E-01
    endloop
  endfacet
  facet normal -6.699251E-01 -3.891255E-01 -6.322829E-01
    outer loop
      vertex -4.546976E+01 -4.425692E+00 4.444298E-01
      vertex -4.583187E+01 -3.802277E+00 4.444298E-01
      vertex -4.571836E+01 -3.751456E+00 2.928932E-01
    endloop
  endfacet
  facet normal -6.699228E-01 -3.891253E-01 -6.322856E-01
    outer loop
      vertex -4.546976E+01 -4.425692E+00 4.444298E-01
      vertex -4.571836E+01 -3.751456E+00 2.928932E-01
      vertex -4.536938E+01 -4.352277E+00 2.928932E-01
    endloop
  endfacet
  facet normal -9.100618E-01 -2.972798E-01 -2.888117E-01
    outer loop
      vertex -4.596815E+01 -3.863295E+00 8.049097E-01
      vertex -4.614610E+01 -3.136270E+00 6.173165E-01
      vertex -4.591621E+01 -3.840040E+00 6.173165E-01
    endloop
  endfacet
  facet normal -9.460425E-01 -3.090342E-01 -9.747545E-02
    outer loop
      vertex -4.596815E+01 -3.863295E+00 8.049097E-01
      vertex -4.598568E+01 -3.871147E+00 1.000000E+00
      vertex -4.622054E+01 -3.152175E+00 1.000000E+00
    endloop
  endfacet
  facet normal -9.460426E-01 -3.090373E-01 -9.746447E-02
    outer loop
      vertex -4.596815E+01 -3.863295E+00 8.049097E-01
      vertex -4.622054E+01 -3.152175E+00 1.000000E+00
      vertex -4.620176E+01 -3.148160E+00 8.049097E-01
    endloop
  endfacet
  facet normal -9.100568E-01 -2.972821E-01 -2.888252E-01
    outer loop
      vertex -4.596815E+01 -3.863295E+00 8.049097E-01
      vertex -4.620176E+01 -3.148160E+00 8.049097E-01
      vertex -4.614610E+01 -3.136270E+00 6.173165E-01
    endloop
  endfacet
  facet normal -3.716867E-01 -5.166946E-01 -7.712819E-01
    outer loop
      vertex -4.490256E+01 -4.866921E+00 2.928932E-01
      vertex -4.480163E+01 -4.753883E+00 1.685304E-01
      vertex -4.426343E+01 -5.141040E+00 1.685304E-01
    endloop
  endfacet
  facet normal -4.714394E-01 -4.276313E-01 -7.712823E-01
    outer loop
      vertex -4.490256E+01 -4.866921E+00 2.928932E-01
      vertex -4.524706E+01 -4.262821E+00 1.685304E-01
      vertex -4.480163E+01 -4.753883E+00 1.685304E-01
    endloop
  endfacet
  facet normal -3.716862E-01 -5.166927E-01 -7.712834E-01
    outer loop
      vertex -4.490256E+01 -4.866921E+00 2.928932E-01
      vertex -4.426343E+01 -5.141040E+00 1.685304E-01
      vertex -4.433851E+01 -5.272670E+00 2.928932E-01
    endloop
  endfacet
  facet normal -4.714423E-01 -4.276325E-01 -7.712798E-01
    outer loop
      vertex -4.490256E+01 -4.866921E+00 2.928932E-01
      vertex -4.536938E+01 -4.352277E+00 2.928932E-01
      vertex -4.524706E+01 -4.262821E+00 1.685304E-01
    endloop
  endfacet
  facet normal -7.635415E-01 -4.435056E-01 -4.693690E-01
    outer loop
      vertex -4.554435E+01 -4.480244E+00 6.173165E-01
      vertex -4.591621E+01 -3.840040E+00 6.173165E-01
      vertex -4.583187E+01 -3.802277E+00 4.444298E-01
    endloop
  endfacet
  facet normal -7.635468E-01 -4.435056E-01 -4.693601E-01
    outer loop
      vertex -4.554435E+01 -4.480244E+00 6.173165E-01
      vertex -4.583187E+01 -3.802277E+00 4.444298E-01
      vertex -4.546976E+01 -4.425692E+00 4.444298E-01
    endloop
  endfacet
  facet normal -1.119608E-01 -7.119637E-03 -9.936872E-01
    outer loop
      vertex -4.543340E+01 -2.983999E+00 1.921472E-02
      vertex -4.552252E+01 -2.400000E+00 2.507209E-02
      vertex -4.530000E+01 -2.400000E+00 0.000000E+00
    endloop
  endfacet
  facet normal -9.801191E-02 -1.035342E-02 -9.951314E-01
    outer loop
      vertex -4.543340E+01 -2.983999E+00 1.921472E-02
      vertex -4.530000E+01 -2.400000E+00 0.000000E+00
      vertex -4.524261E+01 -2.943237E+00 0.000000E+00
    endloop
  endfacet
  facet normal -5.738346E-01 -5.205098E-01 -6.322843E-01
    outer loop
      vertex -4.498538E+01 -4.959689E+00 4.444298E-01
      vertex -4.536938E+01 -4.352277E+00 2.928932E-01
      vertex -4.490256E+01 -4.866921E+00 2.928932E-01
    endloop
  endfacet
  facet normal -4.524148E-01 -6.289155E-01 -6.322864E-01
    outer loop
      vertex -4.498538E+01 -4.959689E+00 4.444298E-01
      vertex -4.433851E+01 -5.272670E+00 2.928932E-01
      vertex -4.440013E+01 -5.380696E+00 4.444298E-01
    endloop
  endfacet
  facet normal -5.156404E-01 -7.168073E-01 -4.693636E-01
    outer loop
      vertex -4.498538E+01 -4.959689E+00 4.444298E-01
      vertex -4.440013E+01 -5.380696E+00 4.444298E-01
      vertex -4.444591E+01 -5.460967E+00 6.173165E-01
    endloop
  endfacet
  facet normal -5.738331E-01 -5.205093E-01 -6.322860E-01
    outer loop
      vertex -4.498538E+01 -4.959689E+00 4.444298E-01
      vertex -4.546976E+01 -4.425692E+00 4.444298E-01
      vertex -4.536938E+01 -4.352277E+00 2.928932E-01
    endloop
  endfacet
  facet normal -4.524151E-01 -6.289166E-01 -6.322851E-01
    outer loop
      vertex -4.498538E+01 -4.959689E+00 4.444298E-01
      vertex -4.490256E+01 -4.866921E+00 2.928932E-01
      vertex -4.433851E+01 -5.272670E+00 2.928932E-01
    endloop
  endfacet
  facet normal -3.301585E-01 -2.731396E-02 -9.435303E-01
    outer loop
      vertex -4.561685E+01 -3.023194E+00 7.612047E-02
      vertex -4.573388E+01 -2.400000E+00 9.903114E-02
      vertex -4.552252E+01 -2.400000E+00 2.507209E-02
    endloop
  endfacet
  facet normal -8.605934E-01 -4.998774E-01 -9.747578E-02
    outer loop
      vertex -4.559028E+01 -4.513837E+00 8.049097E-01
      vertex -4.598568E+01 -3.871147E+00 1.000000E+00
      vertex -4.596815E+01 -3.863295E+00 8.049097E-01
    endloop
  endfacet
  facet normal -8.605938E-01 -4.998749E-01 -9.748498E-02
    outer loop
      vertex -4.559028E+01 -4.513837E+00 8.049097E-01
      vertex -4.560579E+01 -4.525180E+00 1.000000E+00
      vertex -4.598568E+01 -3.871147E+00 1.000000E+00
    endloop
  endfacet
  facet normal -2.893466E-01 -3.456207E-02 -9.566002E-01
    outer loop
      vertex -4.561685E+01 -3.023194E+00 7.612047E-02
      vertex -4.552252E+01 -2.400000E+00 2.507209E-02
      vertex -4.543340E+01 -2.983999E+00 1.921472E-02
    endloop
  endfacet
  facet normal -8.278624E-01 -4.808656E-01 -2.888118E-01
    outer loop
      vertex -4.559028E+01 -4.513837E+00 8.049097E-01
      vertex -4.596815E+01 -3.863295E+00 8.049097E-01
      vertex -4.591621E+01 -3.840040E+00 6.173165E-01
    endloop
  endfacet
  facet normal -8.278610E-01 -4.808658E-01 -2.888152E-01
    outer loop
      vertex -4.559028E+01 -4.513837E+00 8.049097E-01
      vertex -4.591621E+01 -3.840040E+00 6.173165E-01
      vertex -4.554435E+01 -4.480244E+00 6.173165E-01
    endloop
  endfacet
  facet normal -9.368473E-02 -3.060301E-02 -9.951314E-01
    outer loop
      vertex -4.525105E+01 -3.542219E+00 1.921472E-02
      vertex -4.524261E+01 -2.943237E+00 0.000000E+00
      vertex -4.507299E+01 -3.462495E+00 0.000000E+00
    endloop
  endfacet
  facet normal -5.156387E-01 -7.168065E-01 -4.693667E-01
    outer loop
      vertex -4.504693E+01 -5.028622E+00 6.173165E-01
      vertex -4.498538E+01 -4.959689E+00 4.444298E-01
      vertex -4.444591E+01 -5.460967E+00 6.173165E-01
    endloop
  endfacet
  facet normal -6.540255E-01 -5.932497E-01 -4.693670E-01
    outer loop
      vertex -4.504693E+01 -5.028622E+00 6.173165E-01
      vertex -4.546976E+01 -4.425692E+00 4.444298E-01
      vertex -4.498538E+01 -4.959689E+00 4.444298E-01
    endloop
  endfacet
  facet normal -9.368552E-02 -3.060300E-02 -9.951314E-01
    outer loop
      vertex -4.525105E+01 -3.542219E+00 1.921472E-02
      vertex -4.543340E+01 -2.983999E+00 1.921472E-02
      vertex -4.524261E+01 -2.943237E+00 0.000000E+00
    endloop
  endfacet
  facet normal -6.540293E-01 -5.932506E-01 -4.693608E-01
    outer loop
      vertex -4.504693E+01 -5.028622E+00 6.173165E-01
      vertex -4.554435E+01 -4.480244E+00 6.173165E-01
      vertex -4.546976E+01 -4.425692E+00 4.444298E-01
    endloop
  endfacet
  facet normal -5.590753E-01 -7.771891E-01 -2.888108E-01
    outer loop
      vertex -4.508483E+01 -5.071070E+00 8.049097E-01
      vertex -4.504693E+01 -5.028622E+00 6.173165E-01
      vertex -4.444591E+01 -5.460967E+00 6.173165E-01
    endloop
  endfacet
  facet normal -7.091212E-01 -6.432229E-01 -2.888104E-01
    outer loop
      vertex -4.508483E+01 -5.071070E+00 8.049097E-01
      vertex -4.554435E+01 -4.480244E+00 6.173165E-01
      vertex -4.504693E+01 -5.028622E+00 6.173165E-01
    endloop
  endfacet
  facet normal -7.091194E-01 -6.432229E-01 -2.888149E-01
    outer loop
      vertex -4.508483E+01 -5.071070E+00 8.049097E-01
      vertex -4.559028E+01 -4.513837E+00 8.049097E-01
      vertex -4.554435E+01 -4.480244E+00 6.173165E-01
    endloop
  endfacet
  facet normal -5.590755E-01 -7.771879E-01 -2.888139E-01
    outer loop
      vertex -4.508483E+01 -5.071070E+00 8.049097E-01
      vertex -4.444591E+01 -5.460967E+00 6.173165E-01
      vertex -4.447411E+01 -5.510397E+00 8.049097E-01
    endloop
  endfacet
  facet normal -5.811794E-01 -8.079153E-01 -9.748504E-02
    outer loop
      vertex -4.508483E+01 -5.071070E+00 8.049097E-01
      vertex -4.447411E+01 -5.510397E+00 8.049097E-01
      vertex -4.448363E+01 -5.527088E+00 1.000000E+00
    endloop
  endfacet
  facet normal -5.314395E-01 -4.720781E-02 -8.457798E-01
    outer loop
      vertex -4.578592E+01 -3.059317E+00 1.685304E-01
      vertex -4.592349E+01 -2.400000E+00 2.181685E-01
      vertex -4.573388E+01 -2.400000E+00 9.903114E-02
    endloop
  endfacet
  facet normal -5.811803E-01 -8.079152E-01 -9.748198E-02
    outer loop
      vertex -4.508483E+01 -5.071070E+00 8.049097E-01
      vertex -4.448363E+01 -5.527088E+00 1.000000E+00
      vertex -4.509763E+01 -5.085403E+00 1.000000E+00
    endloop
  endfacet
  facet normal -7.371557E-01 -6.686543E-01 -9.748314E-02
    outer loop
      vertex -4.508483E+01 -5.071070E+00 8.049097E-01
      vertex -4.509763E+01 -5.085403E+00 1.000000E+00
      vertex -4.560579E+01 -4.525180E+00 1.000000E+00
    endloop
  endfacet
  facet normal -7.371559E-01 -6.686540E-01 -9.748436E-02
    outer loop
      vertex -4.508483E+01 -5.071070E+00 8.049097E-01
      vertex -4.560579E+01 -4.525180E+00 1.000000E+00
      vertex -4.559028E+01 -4.513837E+00 8.049097E-01
    endloop
  endfacet
  facet normal -4.696548E-01 -5.580603E-02 -8.810846E-01
    outer loop
      vertex -4.578592E+01 -3.059317E+00 1.685304E-01
      vertex -4.573388E+01 -2.400000E+00 9.903114E-02
      vertex -4.561685E+01 -3.023194E+00 7.612047E-02
    endloop
  endfacet
  facet normal -2.773401E-01 -9.059501E-02 -9.564909E-01
    outer loop
      vertex -4.542227E+01 -3.618879E+00 7.612047E-02
      vertex -4.543340E+01 -2.983999E+00 1.921472E-02
      vertex -4.525105E+01 -3.542219E+00 1.921472E-02
    endloop
  endfacet
  facet normal -2.773411E-01 -9.059500E-02 -9.564907E-01
    outer loop
      vertex -4.542227E+01 -3.618879E+00 7.612047E-02
      vertex -4.561685E+01 -3.023194E+00 7.612047E-02
      vertex -4.543340E+01 -2.983999E+00 1.921472E-02
    endloop
  endfacet
  facet normal -7.055848E-01 -6.545315E-02 -7.055963E-01
    outer loop
      vertex -4.593412E+01 -3.090978E+00 2.928932E-01
      vertex -4.608183E+01 -2.400000E+00 3.765102E-01
      vertex -4.592349E+01 -2.400000E+00 2.181685E-01
    endloop
  endfacet
  facet normal -6.317902E-01 -7.372874E-02 -7.716251E-01
    outer loop
      vertex -4.593412E+01 -3.090978E+00 2.928932E-01
      vertex -4.592349E+01 -2.400000E+00 2.181685E-01
      vertex -4.578592E+01 -3.059317E+00 1.685304E-01
    endloop
  endfacet
  facet normal -8.522332E-02 -4.950191E-02 -9.951314E-01
    outer loop
      vertex -4.495610E+01 -4.050019E+00 1.921472E-02
      vertex -4.507299E+01 -3.462495E+00 0.000000E+00
      vertex -4.479863E+01 -3.934852E+00 0.000000E+00
    endloop
  endfacet
  facet normal -8.522297E-02 -4.950184E-02 -9.951315E-01
    outer loop
      vertex -4.495610E+01 -4.050019E+00 1.921472E-02
      vertex -4.525105E+01 -3.542219E+00 1.921472E-02
      vertex -4.507299E+01 -3.462495E+00 0.000000E+00
    endloop
  endfacet
  facet normal -4.500306E-01 -1.470059E-01 -8.808301E-01
    outer loop
      vertex -4.558006E+01 -3.689530E+00 1.685304E-01
      vertex -4.578592E+01 -3.059317E+00 1.685304E-01
      vertex -4.561685E+01 -3.023194E+00 7.612047E-02
    endloop
  endfacet
  facet normal -4.500333E-01 -1.470059E-01 -8.808287E-01
    outer loop
      vertex -4.558006E+01 -3.689530E+00 1.685304E-01
      vertex -4.561685E+01 -3.023194E+00 7.612047E-02
      vertex -4.542227E+01 -3.618879E+00 7.612047E-02
    endloop
  endfacet
  facet normal -4.930657E-01 -8.644524E-01 -9.802153E-02
    outer loop
      vertex -4.120000E+01 -7.400000E+00 1.000000E+00
      vertex -4.448363E+01 -5.527088E+00 1.000000E+00
      vertex -4.447411E+01 -5.510397E+00 8.049097E-01
    endloop
  endfacet
  facet normal -4.744421E-01 -8.310468E-01 -2.902857E-01
    outer loop
      vertex -4.117760E+01 -7.386989E+00 7.895283E-01
      vertex -4.447411E+01 -5.510397E+00 8.049097E-01
      vertex -4.444591E+01 -5.460967E+00 6.173165E-01
    endloop
  endfacet
  facet normal -4.923182E-01 -8.639607E-01 -1.058045E-01
    outer loop
      vertex -4.117760E+01 -7.386989E+00 7.895283E-01
      vertex -4.120000E+01 -7.400000E+00 1.000000E+00
      vertex -4.447411E+01 -5.510397E+00 8.049097E-01
    endloop
  endfacet
  facet normal -4.375362E-01 -7.657334E-01 -4.713962E-01
    outer loop
      vertex -4.111140E+01 -7.348538E+00 5.884857E-01
      vertex -4.444591E+01 -5.460967E+00 6.173165E-01
      vertex -4.440013E+01 -5.380696E+00 4.444298E-01
    endloop
  endfacet
  facet normal -4.699752E-01 -8.254640E-01 -3.126221E-01
    outer loop
      vertex -4.111140E+01 -7.348538E+00 5.884857E-01
      vertex -4.117760E+01 -7.386989E+00 7.895283E-01
      vertex -4.444591E+01 -5.460967E+00 6.173165E-01
    endloop
  endfacet
  facet normal -3.833071E-01 -6.712850E-01 -6.343911E-01
    outer loop
      vertex -4.102264E+01 -7.296980E+00 4.314381E-01
      vertex -4.440013E+01 -5.380696E+00 4.444298E-01
      vertex -4.433851E+01 -5.272670E+00 2.928932E-01
    endloop
  endfacet
  facet normal -4.310582E-01 -7.564129E-01 -4.919637E-01
    outer loop
      vertex -4.102264E+01 -7.296980E+00 4.314381E-01
      vertex -4.111140E+01 -7.348538E+00 5.884857E-01
      vertex -4.440013E+01 -5.380696E+00 4.444298E-01
    endloop
  endfacet
  facet normal -3.805105E-01 -6.671183E-01 -6.404412E-01
    outer loop
      vertex -4.090711E+01 -7.229873E+00 2.928932E-01
      vertex -4.102264E+01 -7.296980E+00 4.314381E-01
      vertex -4.433851E+01 -5.272670E+00 2.928932E-01
    endloop
  endfacet
  facet normal -1.305259E-01 -0.000000E+00 -9.914448E-01
    outer loop
      vertex -3.410000E+01 1.220000E+01 0.000000E+00
      vertex -3.410000E+01 9.200000E+00 0.000000E+00
      vertex -3.435882E+01 9.458819E+00 3.407417E-02
    endloop
  endfacet
  facet normal -3.826842E-01 -0.000000E+00 -9.238792E-01
    outer loop
      vertex -3.435882E+01 1.245882E+01 3.407417E-02
      vertex -3.435882E+01 9.458819E+00 3.407417E-02
      vertex -3.460000E+01 9.700000E+00 1.339746E-01
    endloop
  endfacet
  facet normal -1.305259E-01 -0.000000E+00 -9.914448E-01
    outer loop
      vertex -3.435882E+01 1.245882E+01 3.407417E-02
      vertex -3.410000E+01 1.220000E+01 0.000000E+00
      vertex -3.435882E+01 9.458819E+00 3.407417E-02
    endloop
  endfacet
  facet normal -6.087601E-01 -0.000000E+00 -7.933545E-01
    outer loop
      vertex -3.460000E+01 1.270000E+01 1.339746E-01
      vertex -3.460000E+01 9.700000E+00 1.339746E-01
      vertex -3.480711E+01 9.907106E+00 2.928932E-01
    endloop
  endfacet
  facet normal -3.826842E-01 -0.000000E+00 -9.238792E-01
    outer loop
      vertex -3.460000E+01 1.270000E+01 1.339746E-01
      vertex -3.435882E+01 1.245882E+01 3.407417E-02
      vertex -3.460000E+01 9.700000E+00 1.339746E-01
    endloop
  endfacet
  facet normal -6.087601E-01 -0.000000E+00 -7.933545E-01
    outer loop
      vertex -3.480711E+01 1.290711E+01 2.928932E-01
      vertex -3.460000E+01 1.270000E+01 1.339746E-01
      vertex -3.480711E+01 9.907106E+00 2.928932E-01
    endloop
  endfacet
  facet normal 0.000000E+00 1.305259E-01 -9.914449E-01
    outer loop
      vertex 9.000000E-01 1.220000E+01 0.000000E+00
      vertex -3.410000E+01 1.220000E+01 0.000000E+00
      vertex -3.435882E+01 1.245882E+01 3.407417E-02
    endloop
  endfacet
  facet normal 0.000000E+00 3.826842E-01 -9.238792E-01
    outer loop
      vertex 1.158819E+00 1.245882E+01 3.407417E-02
      vertex -3.435882E+01 1.245882E+01 3.407417E-02
      vertex -3.460000E+01 1.270000E+01 1.339746E-01
    endloop
  endfacet
  facet normal 0.000000E+00 1.305259E-01 -9.914449E-01
    outer loop
      vertex 1.158819E+00 1.245882E+01 3.407417E-02
      vertex 9.000000E-01 1.220000E+01 0.000000E+00
      vertex -3.435882E+01 1.245882E+01 3.407417E-02
    endloop
  endfacet
  facet normal 0.000000E+00 6.087618E-01 -7.933531E-01
    outer loop
      vertex 1.400000E+00 1.270000E+01 1.339746E-01
      vertex -3.460000E+01 1.270000E+01 1.339746E-01
      vertex -3.480711E+01 1.290711E+01 2.928932E-01
    endloop
  endfacet
  facet normal 0.000000E+00 3.826842E-01 -9.238792E-01
    outer loop
      vertex 1.400000E+00 1.270000E+01 1.339746E-01
      vertex 1.158819E+00 1.245882E+01 3.407417E-02
      vertex -3.460000E+01 1.270000E+01 1.339746E-01
    endloop
  endfacet
  facet normal 0.000000E+00 6.087618E-01 -7.933530E-01
    outer loop
      vertex 1.607107E+00 1.290711E+01 2.928932E-01
      vertex 1.400000E+00 1.270000E+01 1.339746E-01
      vertex -3.480711E+01 1.290711E+01 2.928932E-01
    endloop
  endfacet
  facet normal 1.000000E+00 0.000000E+00 0.000000E+00
    outer loop
      vertex 8.000000E+00 9.200000E+00 1.500000E+01
      vertex 8.000000E+00 2.600000E+00 1.500000E+01
      vertex 8.000000E+00 2.600000E+00 1.000000E+00
    endloop
  endfacet
  facet normal 1.000000E+00 0.000000E+00 0.000000E+00
    outer loop
      vertex 8.000000E+00 9.200000E+00 1.500000E+01
      vertex 8.000000E+00 2.600000E+00 1.000000E+00
      vertex 8.000000E+00 9.200000E+00 1.000000E+00
    endloop
  endfacet
  facet normal 1.000000E+00 0.000000E+00 -0.000000E+00
    outer loop
      vertex 1.900000E+00 1.320000E+01 1.000000E+00
      vertex 1.900000E+00 1.320000E+01 1.500000E+01
      vertex 1.900000E+00 1.020000E+01 1.500000E+01
    endloop
  endfacet
  facet normal 1.000000E+00 0.000000E+00 0.000000E+00
    outer loop
      vertex 1.900000E+00 1.320000E+01 1.000000E+00
      vertex 1.900000E+00 1.020000E+01 1.500000E+01
      vertex 1.900000E+00 1.020000E+01 1.000000E+00
    endloop
  endfacet
  facet normal 0.000000E+00 1.000000E+00 0.000000E+00
    outer loop
      vertex -3.510000E+01 1.320000E+01 1.500000E+01
      vertex -2.952939E+01 1.320000E+01 9.897225E+00
      vertex -2.974079E+01 1.320000E+01 9.888920E+00
    endloop
  endfacet
  facet normal 0.000000E+00 1.000000E+00 0.000000E+00
    outer loop
      vertex -3.510000E+01 1.320000E+01 1.500000E+01
      vertex -2.974079E+01 1.320000E+01 9.888920E+00
      vertex -2.994441E+01 1.320000E+01 9.831491E+00
    endloop
  endfacet
  facet normal 0.000000E+00 1.000000E+00 0.000000E+00
    outer loop
      vertex -3.510000E+01 1.320000E+01 1.500000E+01
      vertex -2.994441E+01 1.320000E+01 9.831491E+00
      vertex -3.012901E+01 1.320000E+01 9.728115E+00
    endloop
  endfacet
  facet normal 0.000000E+00 1.000000E+00 0.000000E+00
    outer loop
      vertex -3.510000E+01 1.320000E+01 1.500000E+01
      vertex -3.012901E+01 1.320000E+01 9.728115E+00
      vertex -3.028436E+01 1.320000E+01 9.584503E+00
    endloop
  endfacet
  facet normal 0.000000E+00 1.000000E+00 0.000000E+00
    outer loop
      vertex -3.510000E+01 1.320000E+01 1.500000E+01
      vertex -3.028436E+01 1.320000E+01 9.584503E+00
      vertex -3.040191E+01 1.320000E+01 9.408591E+00
    endloop
  endfacet
  facet normal 0.000000E+00 1.000000E+00 0.000000E+00
    outer loop
      vertex -2.908874E+01 1.320000E+01 8.259315E+00
      vertex -2.892634E+01 1.320000E+01 8.403190E+00
      vertex -4.111259E+00 1.320000E+01 8.259315E+00
    endloop
  endfacet
  facet normal 0.000000E+00 1.000000E+00 0.000000E+00
    outer loop
      vertex -3.510000E+01 1.320000E+01 1.500000E+01
      vertex -3.040191E+01 1.320000E+01 9.408591E+00
      vertex -3.047513E+01 1.320000E+01 9.210101E+00
    endloop
  endfacet
  facet normal -0.000000E+00 1.000000E+00 0.000000E+00
    outer loop
      vertex -2.908874E+01 1.320000E+01 8.259315E+00
      vertex -4.111259E+00 1.320000E+01 8.259315E+00
      vertex -3.510000E+01 1.320000E+01 1.000000E+00
    endloop
  endfacet
  facet normal 0.000000E+00 1.000000E+00 0.000000E+00
    outer loop
      vertex -3.510000E+01 1.320000E+01 1.500000E+01
      vertex -3.047513E+01 1.320000E+01 9.210101E+00
      vertex -3.050000E+01 1.320000E+01 9.000000E+00
    endloop
  endfacet
  facet normal 0.000000E+00 1.000000E+00 0.000000E+00
    outer loop
      vertex -3.510000E+01 1.320000E+01 1.500000E+01
      vertex -3.050000E+01 1.320000E+01 9.000000E+00
      vertex -3.510000E+01 1.320000E+01 1.000000E+00
    endloop
  endfacet
  facet normal -0.000000E+00 1.000000E+00 0.000000E+00
    outer loop
      vertex -3.510000E+01 1.320000E+01 1.500000E+01
      vertex 1.900000E+00 1.320000E+01 1.500000E+01
      vertex -4.046024E+00 1.320000E+01 9.781705E+00
    endloop
  endfacet
  facet normal 0.000000E+00 1.000000E+00 0.000000E+00
    outer loop
      vertex -3.510000E+01 1.320000E+01 1.500000E+01
      vertex -4.046024E+00 1.320000E+01 9.781705E+00
      vertex -2.912975E+01 1.320000E+01 9.767376E+00
    endloop
  endfacet
  facet normal -0.000000E+00 1.000000E+00 0.000000E+00
    outer loop
      vertex -3.088742E+00 1.320000E+01 8.259315E+00
      vertex -2.926340E+00 1.320000E+01 8.403190E+00
      vertex 1.900000E+00 1.320000E+01 1.000000E+00
    endloop
  endfacet
  facet normal -0.000000E+00 1.000000E+00 0.000000E+00
    outer loop
      vertex -2.880309E+01 1.320000E+01 8.581749E+00
      vertex -4.396910E+00 1.320000E+01 8.581749E+00
      vertex -2.892634E+01 1.320000E+01 8.403190E+00
    endloop
  endfacet
  facet normal 0.000000E+00 1.000000E+00 0.000000E+00
    outer loop
      vertex -2.803090E+00 1.320000E+01 8.581749E+00
      vertex 1.900000E+00 1.320000E+01 1.000000E+00
      vertex -2.926340E+00 1.320000E+01 8.403190E+00
    endloop
  endfacet
  facet normal -0.000000E+00 1.000000E+00 0.000000E+00
    outer loop
      vertex -2.928086E+01 1.320000E+01 8.158485E+00
      vertex -2.908874E+01 1.320000E+01 8.259315E+00
      vertex -3.510000E+01 1.320000E+01 1.000000E+00
    endloop
  endfacet
  facet normal -0.000000E+00 1.000000E+00 0.000000E+00
    outer loop
      vertex -3.280856E+00 1.320000E+01 8.158485E+00
      vertex -3.088742E+00 1.320000E+01 8.259315E+00
      vertex 1.900000E+00 1.320000E+01 1.000000E+00
    endloop
  endfacet
  facet normal -0.000000E+00 1.000000E+00 0.000000E+00
    outer loop
      vertex -2.872615E+01 1.320000E+01 8.784616E+00
      vertex -4.473848E+00 1.320000E+01 8.784616E+00
      vertex -4.396910E+00 1.320000E+01 8.581749E+00
    endloop
  endfacet
  facet normal 0.000000E+00 1.000000E+00 0.000000E+00
    outer loop
      vertex -2.872615E+01 1.320000E+01 8.784616E+00
      vertex -4.396910E+00 1.320000E+01 8.581749E+00
      vertex -2.880309E+01 1.320000E+01 8.581749E+00
    endloop
  endfacet
  facet normal 0.000000E+00 1.000000E+00 0.000000E+00
    outer loop
      vertex -2.726152E+00 1.320000E+01 8.784616E+00
      vertex 1.900000E+00 1.320000E+01 1.000000E+00
      vertex -2.803090E+00 1.320000E+01 8.581749E+00
    endloop
  endfacet
  facet normal -0.000000E+00 1.000000E+00 0.000000E+00
    outer loop
      vertex -2.949152E+01 1.320000E+01 8.106562E+00
      vertex -2.928086E+01 1.320000E+01 8.158485E+00
      vertex -3.510000E+01 1.320000E+01 1.000000E+00
    endloop
  endfacet
  facet normal -0.000000E+00 1.000000E+00 0.000000E+00
    outer loop
      vertex -3.491517E+00 1.320000E+01 8.106562E+00
      vertex -3.280856E+00 1.320000E+01 8.158485E+00
      vertex 1.900000E+00 1.320000E+01 1.000000E+00
    endloop
  endfacet
  facet normal 0.000000E+00 1.000000E+00 0.000000E+00
    outer loop
      vertex -2.700000E+00 1.320000E+01 9.000000E+00
      vertex 1.900000E+00 1.320000E+01 1.000000E+00
      vertex -2.726152E+00 1.320000E+01 8.784616E+00
    endloop
  endfacet
  facet normal 0.000000E+00 1.000000E+00 0.000000E+00
    outer loop
      vertex -2.870000E+01 1.320000E+01 9.000000E+00
      vertex -4.482768E+00 1.320000E+01 9.175274E+00
      vertex -4.500000E+00 1.320000E+01 9.000000E+00
    endloop
  endfacet
  facet normal -0.000000E+00 1.000000E+00 0.000000E+00
    outer loop
      vertex -2.870000E+01 1.320000E+01 9.000000E+00
      vertex -4.500000E+00 1.320000E+01 9.000000E+00
      vertex -4.473848E+00 1.320000E+01 8.784616E+00
    endloop
  endfacet
  facet normal 0.000000E+00 1.000000E+00 0.000000E+00
    outer loop
      vertex -2.870000E+01 1.320000E+01 9.000000E+00
      vertex -4.473848E+00 1.320000E+01 8.784616E+00
      vertex -2.872615E+01 1.320000E+01 8.784616E+00
    endloop
  endfacet
  facet normal -0.000000E+00 1.000000E+00 0.000000E+00
    outer loop
      vertex -3.708483E+00 1.320000E+01 8.106562E+00
      vertex -3.491517E+00 1.320000E+01 8.106562E+00
      vertex 1.900000E+00 1.320000E+01 1.000000E+00
    endloop
  endfacet
  facet normal -0.000000E+00 1.000000E+00 0.000000E+00
    outer loop
      vertex -2.970848E+01 1.320000E+01 8.106562E+00
      vertex -2.949152E+01 1.320000E+01 8.106562E+00
      vertex -3.510000E+01 1.320000E+01 1.000000E+00
    endloop
  endfacet
  facet normal -0.000000E+00 1.000000E+00 0.000000E+00
    outer loop
      vertex -2.871729E+01 1.320000E+01 9.175581E+00
      vertex -4.431732E+00 1.320000E+01 9.343835E+00
      vertex -4.482768E+00 1.320000E+01 9.175274E+00
    endloop
  endfacet
  facet normal 0.000000E+00 1.000000E+00 0.000000E+00
    outer loop
      vertex -3.919144E+00 1.320000E+01 8.158485E+00
      vertex -3.708483E+00 1.320000E+01 8.106562E+00
      vertex 1.900000E+00 1.320000E+01 1.000000E+00
    endloop
  endfacet
  facet normal 0.000000E+00 1.000000E+00 0.000000E+00
    outer loop
      vertex -2.871729E+01 1.320000E+01 9.175581E+00
      vertex -4.482768E+00 1.320000E+01 9.175274E+00
      vertex -2.870000E+01 1.320000E+01 9.000000E+00
    endloop
  endfacet
  facet normal 0.000000E+00 1.000000E+00 0.000000E+00
    outer loop
      vertex -4.111259E+00 1.320000E+01 8.259315E+00
      vertex -3.919144E+00 1.320000E+01 8.158485E+00
      vertex 1.900000E+00 1.320000E+01 1.000000E+00
    endloop
  endfacet
  facet normal 0.000000E+00 1.000000E+00 0.000000E+00
    outer loop
      vertex -2.991914E+01 1.320000E+01 8.158485E+00
      vertex -2.970848E+01 1.320000E+01 8.106562E+00
      vertex -3.510000E+01 1.320000E+01 1.000000E+00
    endloop
  endfacet
  facet normal -0.000000E+00 1.000000E+00 0.000000E+00
    outer loop
      vertex -2.876851E+01 1.320000E+01 9.344415E+00
      vertex -4.348845E+00 1.320000E+01 9.499230E+00
      vertex -4.431732E+00 1.320000E+01 9.343835E+00
    endloop
  endfacet
  facet normal 0.000000E+00 1.000000E+00 0.000000E+00
    outer loop
      vertex -2.876851E+01 1.320000E+01 9.344415E+00
      vertex -4.431732E+00 1.320000E+01 9.343835E+00
      vertex -2.871729E+01 1.320000E+01 9.175581E+00
    endloop
  endfacet
  facet normal 0.000000E+00 1.000000E+00 0.000000E+00
    outer loop
      vertex -2.885168E+01 1.320000E+01 9.500013E+00
      vertex -4.348845E+00 1.320000E+01 9.499230E+00
      vertex -2.876851E+01 1.320000E+01 9.344415E+00
    endloop
  endfacet
  facet normal 0.000000E+00 1.000000E+00 0.000000E+00
    outer loop
      vertex -3.011126E+01 1.320000E+01 8.259315E+00
      vertex -2.991914E+01 1.320000E+01 8.158485E+00
      vertex -3.510000E+01 1.320000E+01 1.000000E+00
    endloop
  endfacet
  facet normal -0.000000E+00 1.000000E+00 0.000000E+00
    outer loop
      vertex -2.896360E+01 1.320000E+01 9.636396E+00
      vertex -4.213902E+00 1.320000E+01 9.658122E+00
      vertex -4.348845E+00 1.320000E+01 9.499230E+00
    endloop
  endfacet
  facet normal 0.000000E+00 1.000000E+00 0.000000E+00
    outer loop
      vertex -2.896360E+01 1.320000E+01 9.636396E+00
      vertex -4.348845E+00 1.320000E+01 9.499230E+00
      vertex -2.885168E+01 1.320000E+01 9.500013E+00
    endloop
  endfacet
  facet normal 0.000000E+00 1.000000E+00 0.000000E+00
    outer loop
      vertex 1.900000E+00 1.320000E+01 1.500000E+01
      vertex -2.700000E+00 1.320000E+01 9.000000E+00
      vertex -2.724142E+00 1.320000E+01 9.207059E+00
    endloop
  endfacet
  facet normal 0.000000E+00 1.000000E+00 0.000000E+00
    outer loop
      vertex 1.900000E+00 1.320000E+01 1.500000E+01
      vertex -2.724142E+00 1.320000E+01 9.207059E+00
      vertex -2.795274E+00 1.320000E+01 9.403008E+00
    endloop
  endfacet
  facet normal 0.000000E+00 1.000000E+00 0.000000E+00
    outer loop
      vertex 1.900000E+00 1.320000E+01 1.500000E+01
      vertex -2.795274E+00 1.320000E+01 9.403008E+00
      vertex -2.909579E+00 1.320000E+01 9.577337E+00
    endloop
  endfacet
  facet normal 0.000000E+00 1.000000E+00 0.000000E+00
    outer loop
      vertex 1.900000E+00 1.320000E+01 1.500000E+01
      vertex -2.909579E+00 1.320000E+01 9.577337E+00
      vertex -3.060924E+00 1.320000E+01 9.720693E+00
    endloop
  endfacet
  facet normal 0.000000E+00 1.000000E+00 0.000000E+00
    outer loop
      vertex 1.900000E+00 1.320000E+01 1.500000E+01
      vertex -3.060924E+00 1.320000E+01 9.720693E+00
      vertex -3.241191E+00 1.320000E+01 9.825382E+00
    endloop
  endfacet
  facet normal 0.000000E+00 1.000000E+00 0.000000E+00
    outer loop
      vertex 1.900000E+00 1.320000E+01 1.500000E+01
      vertex 1.900000E+00 1.320000E+01 1.000000E+00
      vertex -2.700000E+00 1.320000E+01 9.000000E+00
    endloop
  endfacet
  facet normal 0.000000E+00 1.000000E+00 0.000000E+00
    outer loop
      vertex -3.027366E+01 1.320000E+01 8.403190E+00
      vertex -3.011126E+01 1.320000E+01 8.259315E+00
      vertex -3.510000E+01 1.320000E+01 1.000000E+00
    endloop
  endfacet
  facet normal -0.000000E+00 1.000000E+00 0.000000E+00
    outer loop
      vertex -2.912975E+01 1.320000E+01 9.767376E+00
      vertex -4.046024E+00 1.320000E+01 9.781705E+00
      vertex -4.213902E+00 1.320000E+01 9.658122E+00
    endloop
  endfacet
  facet normal 0.000000E+00 1.000000E+00 0.000000E+00
    outer loop
      vertex -2.912975E+01 1.320000E+01 9.767376E+00
      vertex -4.213902E+00 1.320000E+01 9.658122E+00
      vertex -2.896360E+01 1.320000E+01 9.636396E+00
    endloop
  endfacet
  facet normal -0.000000E+00 1.000000E+00 0.000000E+00
    outer loop
      vertex -3.440707E+00 1.320000E+01 9.885791E+00
      vertex 1.900000E+00 1.320000E+01 1.500000E+01
      vertex -3.241191E+00 1.320000E+01 9.825382E+00
    endloop
  endfacet
  facet normal 0.000000E+00 1.000000E+00 0.000000E+00
    outer loop
      vertex -3.039691E+01 1.320000E+01 8.581749E+00
      vertex -3.027366E+01 1.320000E+01 8.403190E+00
      vertex -3.510000E+01 1.320000E+01 1.000000E+00
    endloop
  endfacet
  facet normal -0.000000E+00 1.000000E+00 0.000000E+00
    outer loop
      vertex -3.648770E+00 1.320000E+01 9.898678E+00
      vertex 1.900000E+00 1.320000E+01 1.500000E+01
      vertex -3.440707E+00 1.320000E+01 9.885791E+00
    endloop
  endfacet
  facet normal 0.000000E+00 1.000000E+00 0.000000E+00
    outer loop
      vertex -3.047385E+01 1.320000E+01 8.784616E+00
      vertex -3.039691E+01 1.320000E+01 8.581749E+00
      vertex -3.510000E+01 1.320000E+01 1.000000E+00
    endloop
  endfacet
  facet normal 0.000000E+00 1.000000E+00 0.000000E+00
    outer loop
      vertex -3.854216E+00 1.320000E+01 9.863351E+00
      vertex 1.900000E+00 1.320000E+01 1.500000E+01
      vertex -3.648770E+00 1.320000E+01 9.898678E+00
    endloop
  endfacet
  facet normal 0.000000E+00 1.000000E+00 0.000000E+00
    outer loop
      vertex -3.050000E+01 1.320000E+01 9.000000E+00
      vertex -3.047385E+01 1.320000E+01 8.784616E+00
      vertex -3.510000E+01 1.320000E+01 1.000000E+00
    endloop
  endfacet
  facet normal 0.000000E+00 1.000000E+00 0.000000E+00
    outer loop
      vertex -4.046024E+00 1.320000E+01 9.781705E+00
      vertex 1.900000E+00 1.320000E+01 1.500000E+01
      vertex -3.854216E+00 1.320000E+01 9.863351E+00
    endloop
  endfacet
  facet normal 0.000000E+00 1.000000E+00 0.000000E+00
    outer loop
      vertex -3.510000E+01 1.320000E+01 1.000000E+00
      vertex -4.111259E+00 1.320000E+01 8.259315E+00
      vertex 1.900000E+00 1.320000E+01 1.000000E+00
    endloop
  endfacet
  facet normal 0.000000E+00 1.000000E+00 0.000000E+00
    outer loop
      vertex -2.892634E+01 1.320000E+01 8.403190E+00
      vertex -4.396910E+00 1.320000E+01 8.581749E+00
      vertex -4.273660E+00 1.320000E+01 8.403190E+00
    endloop
  endfacet
  facet normal -0.000000E+00 1.000000E+00 0.000000E+00
    outer loop
      vertex -2.892634E+01 1.320000E+01 8.403190E+00
      vertex -4.273660E+00 1.320000E+01 8.403190E+00
      vertex -4.111259E+00 1.320000E+01 8.259315E+00
    endloop
  endfacet
  facet normal 0.000000E+00 1.000000E+00 0.000000E+00
    outer loop
      vertex -3.510000E+01 1.320000E+01 1.500000E+01
      vertex -2.912975E+01 1.320000E+01 9.767376E+00
      vertex -2.932188E+01 1.320000E+01 9.855951E+00
    endloop
  endfacet
  facet normal 0.000000E+00 1.000000E+00 0.000000E+00
    outer loop
      vertex -3.510000E+01 1.320000E+01 1.500000E+01
      vertex -2.932188E+01 1.320000E+01 9.855951E+00
      vertex -2.952939E+01 1.320000E+01 9.897225E+00
    endloop
  endfacet
  facet normal -1.000000E+00 0.000000E+00 -0.000000E+00
    outer loop
      vertex -3.510000E+01 1.320000E+01 1.500000E+01
      vertex -3.510000E+01 1.320000E+01 1.000000E+00
      vertex -3.510000E+01 1.020000E+01 1.000000E+00
    endloop
  endfacet
  facet normal -1.000000E+00 -0.000000E+00 0.000000E+00
    outer loop
      vertex -3.510000E+01 1.320000E+01 1.500000E+01
      vertex -3.510000E+01 1.020000E+01 1.000000E+00
      vertex -3.510000E+01 1.020000E+01 1.500000E+01
    endloop
  endfacet
  facet normal -0.000000E+00 1.000000E+00 0.000000E+00
    outer loop
      vertex -4.020000E+01 1.020000E+01 1.500000E+01
      vertex -3.510000E+01 1.020000E+01 1.500000E+01
      vertex -3.510000E+01 1.020000E+01 1.000000E+00
    endloop
  endfacet
  facet normal 0.000000E+00 1.000000E+00 0.000000E+00
    outer loop
      vertex -4.020000E+01 1.020000E+01 1.500000E+01
      vertex -3.510000E+01 1.020000E+01 1.000000E+00
      vertex -4.020000E+01 1.020000E+01 1.000000E+00
    endloop
  endfacet
  facet normal -4.954517E-01 8.686355E-01 0.000000E+00
    outer loop
      vertex -4.120000E+01 2.600000E+00 1.000000E+00
      vertex -4.448363E+01 7.270874E-01 1.000000E+00
      vertex -4.448363E+01 7.270874E-01 1.500000E+01
    endloop
  endfacet
  facet normal -4.954517E-01 8.686355E-01 0.000000E+00
    outer loop
      vertex -4.120000E+01 2.600000E+00 1.000000E+00
      vertex -4.448363E+01 7.270874E-01 1.500000E+01
      vertex -4.120000E+01 2.600000E+00 1.500000E+01
    endloop
  endfacet
  facet normal 9.927090E-01 0.000000E+00 1.205354E-01
    outer loop
      vertex -4.500000E+00 1.320000E+01 9.000000E+00
      vertex -4.500000E+00 8.600000E+00 9.000000E+00
      vertex -4.473848E+00 1.320000E+01 8.784616E+00
    endloop
  endfacet
  facet normal 9.350154E-01 0.000000E+00 3.546071E-01
    outer loop
      vertex -4.473848E+00 1.320000E+01 8.784616E+00
      vertex -4.473848E+00 8.600000E+00 8.784616E+00
      vertex -4.396910E+00 1.320000E+01 8.581749E+00
    endloop
  endfacet
  facet normal 9.927090E-01 0.000000E+00 1.205354E-01
    outer loop
      vertex -4.500000E+00 8.600000E+00 9.000000E+00
      vertex -4.473848E+00 8.600000E+00 8.784616E+00
      vertex -4.473848E+00 1.320000E+01 8.784616E+00
    endloop
  endfacet
  facet normal 8.229840E-01 0.000000E+00 5.680644E-01
    outer loop
      vertex -4.396910E+00 1.320000E+01 8.581749E+00
      vertex -4.396910E+00 8.600000E+00 8.581749E+00
      vertex -4.273660E+00 1.320000E+01 8.403190E+00
    endloop
  endfacet
  facet normal 9.350154E-01 0.000000E+00 3.546071E-01
    outer loop
      vertex -4.473848E+00 8.600000E+00 8.784616E+00
      vertex -4.396910E+00 8.600000E+00 8.581749E+00
      vertex -4.396910E+00 1.320000E+01 8.581749E+00
    endloop
  endfacet
  facet normal 6.631233E-01 0.000000E+00 7.485103E-01
    outer loop
      vertex -4.273660E+00 1.320000E+01 8.403190E+00
      vertex -4.273660E+00 8.600000E+00 8.403190E+00
      vertex -4.111259E+00 1.320000E+01 8.259315E+00
    endloop
  endfacet
  facet normal 8.229840E-01 0.000000E+00 5.680644E-01
    outer loop
      vertex -4.396910E+00 8.600000E+00 8.581749E+00
      vertex -4.273660E+00 8.600000E+00 8.403190E+00
      vertex -4.273660E+00 1.320000E+01 8.403190E+00
    endloop
  endfacet
  facet normal 4.647226E-01 0.000000E+00 8.854563E-01
    outer loop
      vertex -4.111259E+00 1.320000E+01 8.259315E+00
      vertex -4.111259E+00 8.600000E+00 8.259315E+00
      vertex -3.919144E+00 1.320000E+01 8.158485E+00
    endloop
  endfacet
  facet normal 6.631233E-01 0.000000E+00 7.485103E-01
    outer loop
      vertex -4.273660E+00 8.600000E+00 8.403190E+00
      vertex -4.111259E+00 8.600000E+00 8.259315E+00
      vertex -4.111259E+00 1.320000E+01 8.259315E+00
    endloop
  endfacet
  facet normal 2.393173E-01 0.000000E+00 9.709414E-01
    outer loop
      vertex -3.919144E+00 1.320000E+01 8.158485E+00
      vertex -3.919144E+00 8.600000E+00 8.158485E+00
      vertex -3.708483E+00 1.320000E+01 8.106562E+00
    endloop
  endfacet
  facet normal 4.647226E-01 0.000000E+00 8.854563E-01
    outer loop
      vertex -4.111259E+00 8.600000E+00 8.259315E+00
      vertex -3.919144E+00 8.600000E+00 8.158485E+00
      vertex -3.919144E+00 1.320000E+01 8.158485E+00
    endloop
  endfacet
  facet normal -0.000000E+00 0.000000E+00 1.000000E+00
    outer loop
      vertex -3.708483E+00 1.320000E+01 8.106562E+00
      vertex -3.708483E+00 8.600000E+00 8.106562E+00
      vertex -3.491517E+00 1.320000E+01 8.106562E+00
    endloop
  endfacet
  facet normal 2.393173E-01 0.000000E+00 9.709414E-01
    outer loop
      vertex -3.919144E+00 8.600000E+00 8.158485E+00
      vertex -3.708483E+00 8.600000E+00 8.106562E+00
      vertex -3.708483E+00 1.320000E+01 8.106562E+00
    endloop
  endfacet
  facet normal -2.393173E-01 0.000000E+00 9.709414E-01
    outer loop
      vertex -3.491517E+00 1.320000E+01 8.106562E+00
      vertex -3.491517E+00 8.600000E+00 8.106562E+00
      vertex -3.280856E+00 1.320000E+01 8.158485E+00
    endloop
  endfacet
  facet normal 0.000000E+00 0.000000E+00 1.000000E+00
    outer loop
      vertex -3.708483E+00 8.600000E+00 8.106562E+00
      vertex -3.491517E+00 8.600000E+00 8.106562E+00
      vertex -3.491517E+00 1.320000E+01 8.106562E+00
    endloop
  endfacet
  facet normal -4.647231E-01 0.000000E+00 8.854560E-01
    outer loop
      vertex -3.280856E+00 1.320000E+01 8.158485E+00
      vertex -3.280856E+00 8.600000E+00 8.158485E+00
      vertex -3.088742E+00 1.320000E+01 8.259315E+00
    endloop
  endfacet
  facet normal -2.393173E-01 0.000000E+00 9.709414E-01
    outer loop
      vertex -3.491517E+00 8.600000E+00 8.106562E+00
      vertex -3.280856E+00 8.600000E+00 8.158485E+00
      vertex -3.280856E+00 1.320000E+01 8.158485E+00
    endloop
  endfacet
  facet normal -6.631227E-01 0.000000E+00 7.485107E-01
    outer loop
      vertex -3.088742E+00 1.320000E+01 8.259315E+00
      vertex -3.088742E+00 8.600000E+00 8.259315E+00
      vertex -2.926340E+00 1.320000E+01 8.403190E+00
    endloop
  endfacet
  facet normal -4.647231E-01 0.000000E+00 8.854560E-01
    outer loop
      vertex -3.280856E+00 8.600000E+00 8.158485E+00
      vertex -3.088742E+00 8.600000E+00 8.259315E+00
      vertex -3.088742E+00 1.320000E+01 8.259315E+00
    endloop
  endfacet
  facet normal -8.229836E-01 0.000000E+00 5.680652E-01
    outer loop
      vertex -2.926340E+00 1.320000E+01 8.403190E+00
      vertex -2.926340E+00 8.600000E+00 8.403190E+00
      vertex -2.803090E+00 1.320000E+01 8.581749E+00
    endloop
  endfacet
  facet normal -6.631227E-01 0.000000E+00 7.485107E-01
    outer loop
      vertex -3.088742E+00 8.600000E+00 8.259315E+00
      vertex -2.926340E+00 8.600000E+00 8.403190E+00
      vertex -2.926340E+00 1.320000E+01 8.403190E+00
    endloop
  endfacet
  facet normal -9.350162E-01 0.000000E+00 3.546051E-01
    outer loop
      vertex -2.803090E+00 1.320000E+01 8.581749E+00
      vertex -2.803090E+00 8.600000E+00 8.581749E+00
      vertex -2.726152E+00 1.320000E+01 8.784616E+00
    endloop
  endfacet
  facet normal -8.229836E-01 0.000000E+00 5.680652E-01
    outer loop
      vertex -2.926340E+00 8.600000E+00 8.403190E+00
      vertex -2.803090E+00 8.600000E+00 8.581749E+00
      vertex -2.803090E+00 1.320000E+01 8.581749E+00
    endloop
  endfacet
  facet normal -9.927089E-01 0.000000E+00 1.205365E-01
    outer loop
      vertex -2.726152E+00 1.320000E+01 8.784616E+00
      vertex -2.726152E+00 8.600000E+00 8.784616E+00
      vertex -2.700000E+00 1.320000E+01 9.000000E+00
    endloop
  endfacet
  facet normal -9.350162E-01 0.000000E+00 3.546051E-01
    outer loop
      vertex -2.803090E+00 8.600000E+00 8.581749E+00
      vertex -2.726152E+00 8.600000E+00 8.784616E+00
      vertex -2.726152E+00 1.320000E+01 8.784616E+00
    endloop
  endfacet
  facet normal -9.927089E-01 0.000000E+00 1.205365E-01
    outer loop
      vertex -2.726152E+00 8.600000E+00 8.784616E+00
      vertex -2.700000E+00 8.600000E+00 9.000000E+00
      vertex -2.700000E+00 1.320000E+01 9.000000E+00
    endloop
  endfacet
  facet normal 9.927093E-01 0.000000E+00 1.205333E-01
    outer loop
      vertex -3.050000E+01 1.320000E+01 9.000000E+00
      vertex -3.050000E+01 8.600000E+00 9.000000E+00
      vertex -3.047385E+01 1.320000E+01 8.784616E+00
    endloop
  endfacet
  facet normal 9.350140E-01 0.000000E+00 3.546109E-01
    outer loop
      vertex -3.047385E+01 1.320000E+01 8.784616E+00
      vertex -3.047385E+01 8.600000E+00 8.784616E+00
      vertex -3.039691E+01 1.320000E+01 8.581749E+00
    endloop
  endfacet
  facet normal 9.927093E-01 0.000000E+00 1.205333E-01
    outer loop
      vertex -3.050000E+01 8.600000E+00 9.000000E+00
      vertex -3.047385E+01 8.600000E+00 8.784616E+00
      vertex -3.047385E+01 1.320000E+01 8.784616E+00
    endloop
  endfacet
  facet normal 8.229830E-01 0.000000E+00 5.680659E-01
    outer loop
      vertex -3.039691E+01 1.320000E+01 8.581749E+00
      vertex -3.039691E+01 8.600000E+00 8.581749E+00
      vertex -3.027366E+01 1.320000E+01 8.403190E+00
    endloop
  endfacet
  facet normal 9.350140E-01 0.000000E+00 3.546109E-01
    outer loop
      vertex -3.047385E+01 8.600000E+00 8.784616E+00
      vertex -3.039691E+01 8.600000E+00 8.581749E+00
      vertex -3.039691E+01 1.320000E+01 8.581749E+00
    endloop
  endfacet
  facet normal 6.631233E-01 0.000000E+00 7.485103E-01
    outer loop
      vertex -3.027366E+01 1.320000E+01 8.403190E+00
      vertex -3.027366E+01 8.600000E+00 8.403190E+00
      vertex -3.011126E+01 1.320000E+01 8.259315E+00
    endloop
  endfacet
  facet normal 8.229830E-01 0.000000E+00 5.680659E-01
    outer loop
      vertex -3.039691E+01 8.600000E+00 8.581749E+00
      vertex -3.027366E+01 8.600000E+00 8.403190E+00
      vertex -3.027366E+01 1.320000E+01 8.403190E+00
    endloop
  endfacet
  facet normal 4.647231E-01 0.000000E+00 8.854560E-01
    outer loop
      vertex -3.011126E+01 1.320000E+01 8.259315E+00
      vertex -3.011126E+01 8.600000E+00 8.259315E+00
      vertex -2.991914E+01 1.320000E+01 8.158485E+00
    endloop
  endfacet
  facet normal 6.631233E-01 0.000000E+00 7.485103E-01
    outer loop
      vertex -3.027366E+01 8.600000E+00 8.403190E+00
      vertex -3.011126E+01 8.600000E+00 8.259315E+00
      vertex -3.011126E+01 1.320000E+01 8.259315E+00
    endloop
  endfacet
  facet normal 2.393178E-01 0.000000E+00 9.709412E-01
    outer loop
      vertex -2.991914E+01 1.320000E+01 8.158485E+00
      vertex -2.991914E+01 8.600000E+00 8.158485E+00
      vertex -2.970848E+01 1.320000E+01 8.106562E+00
    endloop
  endfacet
  facet normal 4.647231E-01 0.000000E+00 8.854560E-01
    outer loop
      vertex -3.011126E+01 8.600000E+00 8.259315E+00
      vertex -2.991914E+01 8.600000E+00 8.158485E+00
      vertex -2.991914E+01 1.320000E+01 8.158485E+00
    endloop
  endfacet
  facet normal -0.000000E+00 0.000000E+00 1.000000E+00
    outer loop
      vertex -2.970848E+01 1.320000E+01 8.106562E+00
      vertex -2.970848E+01 8.600000E+00 8.106562E+00
      vertex -2.949152E+01 1.320000E+01 8.106562E+00
    endloop
  endfacet
  facet normal 2.393178E-01 0.000000E+00 9.709412E-01
    outer loop
      vertex -2.991914E+01 8.600000E+00 8.158485E+00
      vertex -2.970848E+01 8.600000E+00 8.106562E+00
      vertex -2.970848E+01 1.320000E+01 8.106562E+00
    endloop
  endfacet
  facet normal -2.393178E-01 0.000000E+00 9.709412E-01
    outer loop
      vertex -2.949152E+01 1.320000E+01 8.106562E+00
      vertex -2.949152E+01 8.600000E+00 8.106562E+00
      vertex -2.928086E+01 1.320000E+01 8.158485E+00
    endloop
  endfacet
  facet normal 0.000000E+00 0.000000E+00 1.000000E+00
    outer loop
      vertex -2.970848E+01 8.600000E+00 8.106562E+00
      vertex -2.949152E+01 8.600000E+00 8.106562E+00
      vertex -2.949152E+01 1.320000E+01 8.106562E+00
    endloop
  endfacet
  facet normal -4.647231E-01 0.000000E+00 8.854560E-01
    outer loop
      vertex -2.928086E+01 1.320000E+01 8.158485E+00
      vertex -2.928086E+01 8.600000E+00 8.158485E+00
      vertex -2.908874E+01 1.320000E+01 8.259315E+00
    endloop
  endfacet
  facet normal -2.393178E-01 0.000000E+00 9.709412E-01
    outer loop
      vertex -2.949152E+01 8.600000E+00 8.106562E+00
      vertex -2.928086E+01 8.600000E+00 8.158485E+00
      vertex -2.928086E+01 1.320000E+01 8.158485E+00
    endloop
  endfacet
  facet normal -6.631233E-01 0.000000E+00 7.485103E-01
    outer loop
      vertex -2.908874E+01 1.320000E+01 8.259315E+00
      vertex -2.908874E+01 8.600000E+00 8.259315E+00
      vertex -2.892634E+01 1.320000E+01 8.403190E+00
    endloop
  endfacet
  facet normal -4.647231E-01 0.000000E+00 8.854560E-01
    outer loop
      vertex -2.928086E+01 8.600000E+00 8.158485E+00
      vertex -2.908874E+01 8.600000E+00 8.259315E+00
      vertex -2.908874E+01 1.320000E+01 8.259315E+00
    endloop
  endfacet
  facet normal -8.229830E-01 0.000000E+00 5.680659E-01
    outer loop
      vertex -2.892634E+01 1.320000E+01 8.403190E+00
      vertex -2.892634E+01 8.600000E+00 8.403190E+00
      vertex -2.880309E+01 1.320000E+01 8.581749E+00
    endloop
  endfacet
  facet normal -6.631233E-01 0.000000E+00 7.485103E-01
    outer loop
      vertex -2.908874E+01 8.600000E+00 8.259315E+00
      vertex -2.892634E+01 8.600000E+00 8.403190E+00
      vertex -2.892634E+01 1.320000E+01 8.403190E+00
    endloop
  endfacet
  facet normal -9.350169E-01 0.000000E+00 3.546032E-01
    outer loop
      vertex -2.880309E+01 1.320000E+01 8.581749E+00
      vertex -2.880309E+01 8.600000E+00 8.581749E+00
      vertex -2.872615E+01 1.320000E+01 8.784616E+00
    endloop
  endfacet
  facet normal -8.229830E-01 0.000000E+00 5.680659E-01
    outer loop
      vertex -2.892634E+01 8.600000E+00 8.403190E+00
      vertex -2.880309E+01 8.600000E+00 8.581749E+00
      vertex -2.880309E+01 1.320000E+01 8.581749E+00
    endloop
  endfacet
  facet normal -9.927093E-01 0.000000E+00 1.205333E-01
    outer loop
      vertex -2.872615E+01 1.320000E+01 8.784616E+00
      vertex -2.872615E+01 8.600000E+00 8.784616E+00
      vertex -2.870000E+01 1.320000E+01 9.000000E+00
    endloop
  endfacet
  facet normal -9.350169E-01 0.000000E+00 3.546032E-01
    outer loop
      vertex -2.880309E+01 8.600000E+00 8.581749E+00
      vertex -2.872615E+01 8.600000E+00 8.784616E+00
      vertex -2.872615E+01 1.320000E+01 8.784616E+00
    endloop
  endfacet
  facet normal -9.927093E-01 0.000000E+00 1.205333E-01
    outer loop
      vertex -2.872615E+01 8.600000E+00 8.784616E+00
      vertex -2.870000E+01 8.600000E+00 9.000000E+00
      vertex -2.870000E+01 1.320000E+01 9.000000E+00
    endloop
  endfacet
  facet normal 0.000000E+00 -1.000000E+00 0.000000E+00
    outer loop
      vertex -2.912975E+01 8.600000E+00 9.767376E+00
      vertex -4.046024E+00 8.600000E+00 9.781705E+00
      vertex -2.932188E+01 8.600000E+00 9.855951E+00
    endloop
  endfacet
  facet normal 0.000000E+00 -1.000000E+00 0.000000E+00
    outer loop
      vertex -4.213902E+00 8.600000E+00 9.658122E+00
      vertex -4.046024E+00 8.600000E+00 9.781705E+00
      vertex -2.912975E+01 8.600000E+00 9.767376E+00
    endloop
  endfacet
  facet normal 0.000000E+00 -1.000000E+00 0.000000E+00
    outer loop
      vertex -2.871729E+01 8.600000E+00 9.175581E+00
      vertex -4.431732E+00 8.600000E+00 9.343835E+00
      vertex -2.876851E+01 8.600000E+00 9.344415E+00
    endloop
  endfacet
  facet normal 0.000000E+00 -1.000000E+00 0.000000E+00
    outer loop
      vertex -3.028436E+01 8.600000E+00 9.584503E+00
      vertex -3.012901E+01 8.600000E+00 9.728115E+00
      vertex -3.960000E+01 8.600000E+00 1.500000E+01
    endloop
  endfacet
  facet normal 0.000000E+00 -1.000000E+00 0.000000E+00
    outer loop
      vertex -2.876851E+01 8.600000E+00 9.344415E+00
      vertex -4.431732E+00 8.600000E+00 9.343835E+00
      vertex -4.348845E+00 8.600000E+00 9.499230E+00
    endloop
  endfacet
  facet normal 0.000000E+00 -1.000000E+00 0.000000E+00
    outer loop
      vertex -3.960000E+01 8.600000E+00 1.500000E+01
      vertex -3.040191E+01 8.600000E+00 9.408591E+00
      vertex -3.028436E+01 8.600000E+00 9.584503E+00
    endloop
  endfacet
  facet normal 0.000000E+00 -1.000000E+00 0.000000E+00
    outer loop
      vertex -4.046024E+00 8.600000E+00 9.781705E+00
      vertex -3.854216E+00 8.600000E+00 9.863351E+00
      vertex -2.932188E+01 8.600000E+00 9.855951E+00
    endloop
  endfacet
  facet normal 0.000000E+00 -1.000000E+00 0.000000E+00
    outer loop
      vertex -3.012901E+01 8.600000E+00 9.728115E+00
      vertex -2.994441E+01 8.600000E+00 9.831491E+00
      vertex -3.960000E+01 8.600000E+00 1.500000E+01
    endloop
  endfacet
  facet normal 0.000000E+00 -1.000000E+00 0.000000E+00
    outer loop
      vertex -2.870000E+01 8.600000E+00 9.000000E+00
      vertex -4.482768E+00 8.600000E+00 9.175274E+00
      vertex -2.871729E+01 8.600000E+00 9.175581E+00
    endloop
  endfacet
  facet normal 0.000000E+00 -1.000000E+00 0.000000E+00
    outer loop
      vertex -3.960000E+01 8.600000E+00 6.000000E+00
      vertex -3.047513E+01 8.600000E+00 9.210101E+00
      vertex -3.960000E+01 8.600000E+00 1.500000E+01
    endloop
  endfacet
  facet normal 0.000000E+00 -1.000000E+00 0.000000E+00
    outer loop
      vertex -3.960000E+01 8.600000E+00 1.500000E+01
      vertex -3.047513E+01 8.600000E+00 9.210101E+00
      vertex -3.040191E+01 8.600000E+00 9.408591E+00
    endloop
  endfacet
  facet normal 0.000000E+00 -1.000000E+00 0.000000E+00
    outer loop
      vertex -2.871729E+01 8.600000E+00 9.175581E+00
      vertex -4.482768E+00 8.600000E+00 9.175274E+00
      vertex -4.431732E+00 8.600000E+00 9.343835E+00
    endloop
  endfacet
  facet normal 0.000000E+00 -1.000000E+00 0.000000E+00
    outer loop
      vertex -2.994441E+01 8.600000E+00 9.831491E+00
      vertex -2.974079E+01 8.600000E+00 9.888920E+00
      vertex -3.960000E+01 8.600000E+00 1.500000E+01
    endloop
  endfacet
  facet normal 0.000000E+00 -1.000000E+00 0.000000E+00
    outer loop
      vertex -3.960000E+01 8.600000E+00 6.000000E+00
      vertex -3.050000E+01 8.600000E+00 9.000000E+00
      vertex -3.047513E+01 8.600000E+00 9.210101E+00
    endloop
  endfacet
  facet normal 0.000000E+00 -1.000000E+00 0.000000E+00
    outer loop
      vertex -2.870000E+01 8.600000E+00 9.000000E+00
      vertex -4.500000E+00 8.600000E+00 9.000000E+00
      vertex -4.482768E+00 8.600000E+00 9.175274E+00
    endloop
  endfacet
  facet normal 0.000000E+00 -1.000000E+00 0.000000E+00
    outer loop
      vertex -2.974079E+01 8.600000E+00 9.888920E+00
      vertex -2.952939E+01 8.600000E+00 9.897225E+00
      vertex -3.960000E+01 8.600000E+00 1.500000E+01
    endloop
  endfacet
  facet normal 0.000000E+00 -1.000000E+00 0.000000E+00
    outer loop
      vertex -2.870000E+01 8.600000E+00 9.000000E+00
      vertex -4.473848E+00 8.600000E+00 8.784616E+00
      vertex -4.500000E+00 8.600000E+00 9.000000E+00
    endloop
  endfacet
  facet normal 0.000000E+00 -1.000000E+00 0.000000E+00
    outer loop
      vertex -2.872615E+01 8.600000E+00 8.784616E+00
      vertex -4.473848E+00 8.600000E+00 8.784616E+00
      vertex -2.870000E+01 8.600000E+00 9.000000E+00
    endloop
  endfacet
  facet normal 0.000000E+00 -1.000000E+00 0.000000E+00
    outer loop
      vertex -2.880309E+01 8.600000E+00 8.581749E+00
      vertex -4.473848E+00 8.600000E+00 8.784616E+00
      vertex -2.872615E+01 8.600000E+00 8.784616E+00
    endloop
  endfacet
  facet normal 0.000000E+00 -1.000000E+00 0.000000E+00
    outer loop
      vertex -3.960000E+01 8.600000E+00 6.000000E+00
      vertex -3.047385E+01 8.600000E+00 8.784616E+00
      vertex -3.050000E+01 8.600000E+00 9.000000E+00
    endloop
  endfacet
  facet normal 0.000000E+00 -1.000000E+00 0.000000E+00
    outer loop
      vertex -2.952939E+01 8.600000E+00 9.897225E+00
      vertex -2.932188E+01 8.600000E+00 9.855951E+00
      vertex -3.960000E+01 8.600000E+00 1.500000E+01
    endloop
  endfacet
  facet normal 0.000000E+00 -1.000000E+00 0.000000E+00
    outer loop
      vertex -2.880309E+01 8.600000E+00 8.581749E+00
      vertex -4.396910E+00 8.600000E+00 8.581749E+00
      vertex -4.473848E+00 8.600000E+00 8.784616E+00
    endloop
  endfacet
  facet normal 0.000000E+00 -1.000000E+00 0.000000E+00
    outer loop
      vertex -3.960000E+01 8.600000E+00 6.000000E+00
      vertex -3.039691E+01 8.600000E+00 8.581749E+00
      vertex -3.047385E+01 8.600000E+00 8.784616E+00
    endloop
  endfacet
  facet normal 0.000000E+00 -1.000000E+00 -0.000000E+00
    outer loop
      vertex -2.926340E+00 8.600000E+00 8.403190E+00
      vertex -3.600000E+00 8.600000E+00 6.000000E+00
      vertex -2.803090E+00 8.600000E+00 8.581749E+00
    endloop
  endfacet
  facet normal 0.000000E+00 -1.000000E+00 -0.000000E+00
    outer loop
      vertex -3.088742E+00 8.600000E+00 8.259315E+00
      vertex -3.600000E+00 8.600000E+00 6.000000E+00
      vertex -2.926340E+00 8.600000E+00 8.403190E+00
    endloop
  endfacet
  facet normal 0.000000E+00 -1.000000E+00 -0.000000E+00
    outer loop
      vertex -3.280856E+00 8.600000E+00 8.158485E+00
      vertex -3.600000E+00 8.600000E+00 6.000000E+00
      vertex -3.088742E+00 8.600000E+00 8.259315E+00
    endloop
  endfacet
  facet normal 0.000000E+00 -1.000000E+00 -0.000000E+00
    outer loop
      vertex -3.491517E+00 8.600000E+00 8.106562E+00
      vertex -3.600000E+00 8.600000E+00 6.000000E+00
      vertex -3.280856E+00 8.600000E+00 8.158485E+00
    endloop
  endfacet
  facet normal 0.000000E+00 -1.000000E+00 0.000000E+00
    outer loop
      vertex -3.708483E+00 8.600000E+00 8.106562E+00
      vertex -3.600000E+00 8.600000E+00 6.000000E+00
      vertex -3.491517E+00 8.600000E+00 8.106562E+00
    endloop
  endfacet
  facet normal 0.000000E+00 -1.000000E+00 0.000000E+00
    outer loop
      vertex -3.919144E+00 8.600000E+00 8.158485E+00
      vertex -3.600000E+00 8.600000E+00 6.000000E+00
      vertex -3.708483E+00 8.600000E+00 8.106562E+00
    endloop
  endfacet
  facet normal 0.000000E+00 -1.000000E+00 0.000000E+00
    outer loop
      vertex -4.111259E+00 8.600000E+00 8.259315E+00
      vertex -3.600000E+00 8.600000E+00 6.000000E+00
      vertex -3.919144E+00 8.600000E+00 8.158485E+00
    endloop
  endfacet
  facet normal 0.000000E+00 -1.000000E+00 0.000000E+00
    outer loop
      vertex -4.273660E+00 8.600000E+00 8.403190E+00
      vertex -3.600000E+00 8.600000E+00 6.000000E+00
      vertex -4.111259E+00 8.600000E+00 8.259315E+00
    endloop
  endfacet
  facet normal 0.000000E+00 -1.000000E+00 0.000000E+00
    outer loop
      vertex -4.396910E+00 8.600000E+00 8.581749E+00
      vertex -3.600000E+00 8.600000E+00 6.000000E+00
      vertex -4.273660E+00 8.600000E+00 8.403190E+00
    endloop
  endfacet
  facet normal -0.000000E+00 -1.000000E+00 0.000000E+00
    outer loop
      vertex -3.854216E+00 8.600000E+00 9.863351E+00
      vertex 6.400000E+00 8.600000E+00 1.500000E+01
      vertex -2.932188E+01 8.600000E+00 9.855951E+00
    endloop
  endfacet
  facet normal -0.000000E+00 -1.000000E+00 0.000000E+00
    outer loop
      vertex -3.648770E+00 8.600000E+00 9.898678E+00
      vertex 6.400000E+00 8.600000E+00 1.500000E+01
      vertex -3.854216E+00 8.600000E+00 9.863351E+00
    endloop
  endfacet
  facet normal 0.000000E+00 -1.000000E+00 -0.000000E+00
    outer loop
      vertex -2.892634E+01 8.600000E+00 8.403190E+00
      vertex -2.960000E+01 8.600000E+00 6.000000E+00
      vertex -2.880309E+01 8.600000E+00 8.581749E+00
    endloop
  endfacet
  facet normal 0.000000E+00 -1.000000E+00 0.000000E+00
    outer loop
      vertex -3.440707E+00 8.600000E+00 9.885791E+00
      vertex 6.400000E+00 8.600000E+00 1.500000E+01
      vertex -3.648770E+00 8.600000E+00 9.898678E+00
    endloop
  endfacet
  facet normal 0.000000E+00 -1.000000E+00 -0.000000E+00
    outer loop
      vertex -2.908874E+01 8.600000E+00 8.259315E+00
      vertex -2.960000E+01 8.600000E+00 6.000000E+00
      vertex -2.892634E+01 8.600000E+00 8.403190E+00
    endloop
  endfacet
  facet normal 0.000000E+00 -1.000000E+00 0.000000E+00
    outer loop
      vertex -3.241191E+00 8.600000E+00 9.825382E+00
      vertex 6.400000E+00 8.600000E+00 1.500000E+01
      vertex -3.440707E+00 8.600000E+00 9.885791E+00
    endloop
  endfacet
  facet normal 0.000000E+00 -1.000000E+00 -0.000000E+00
    outer loop
      vertex -2.928086E+01 8.600000E+00 8.158485E+00
      vertex -2.960000E+01 8.600000E+00 6.000000E+00
      vertex -2.908874E+01 8.600000E+00 8.259315E+00
    endloop
  endfacet
  facet normal 0.000000E+00 -1.000000E+00 0.000000E+00
    outer loop
      vertex -3.060924E+00 8.600000E+00 9.720693E+00
      vertex 6.400000E+00 8.600000E+00 1.500000E+01
      vertex -3.241191E+00 8.600000E+00 9.825382E+00
    endloop
  endfacet
  facet normal 0.000000E+00 -1.000000E+00 -0.000000E+00
    outer loop
      vertex -2.949152E+01 8.600000E+00 8.106562E+00
      vertex -2.960000E+01 8.600000E+00 6.000000E+00
      vertex -2.928086E+01 8.600000E+00 8.158485E+00
    endloop
  endfacet
  facet normal 0.000000E+00 -1.000000E+00 0.000000E+00
    outer loop
      vertex -2.909579E+00 8.600000E+00 9.577337E+00
      vertex 6.400000E+00 8.600000E+00 1.500000E+01
      vertex -3.060924E+00 8.600000E+00 9.720693E+00
    endloop
  endfacet
  facet normal 0.000000E+00 -1.000000E+00 0.000000E+00
    outer loop
      vertex -2.970848E+01 8.600000E+00 8.106562E+00
      vertex -2.960000E+01 8.600000E+00 6.000000E+00
      vertex -2.949152E+01 8.600000E+00 8.106562E+00
    endloop
  endfacet
  facet normal 0.000000E+00 -1.000000E+00 0.000000E+00
    outer loop
      vertex -2.795274E+00 8.600000E+00 9.403008E+00
      vertex 6.400000E+00 8.600000E+00 1.500000E+01
      vertex -2.909579E+00 8.600000E+00 9.577337E+00
    endloop
  endfacet
  facet normal 0.000000E+00 -1.000000E+00 0.000000E+00
    outer loop
      vertex -2.991914E+01 8.600000E+00 8.158485E+00
      vertex -2.960000E+01 8.600000E+00 6.000000E+00
      vertex -2.970848E+01 8.600000E+00 8.106562E+00
    endloop
  endfacet
  facet normal 0.000000E+00 -1.000000E+00 0.000000E+00
    outer loop
      vertex -2.724142E+00 8.600000E+00 9.207059E+00
      vertex 6.400000E+00 8.600000E+00 1.500000E+01
      vertex -2.795274E+00 8.600000E+00 9.403008E+00
    endloop
  endfacet
  facet normal 0.000000E+00 -1.000000E+00 0.000000E+00
    outer loop
      vertex -3.011126E+01 8.600000E+00 8.259315E+00
      vertex -2.960000E+01 8.600000E+00 6.000000E+00
      vertex -2.991914E+01 8.600000E+00 8.158485E+00
    endloop
  endfacet
  facet normal 0.000000E+00 -1.000000E+00 0.000000E+00
    outer loop
      vertex -3.027366E+01 8.600000E+00 8.403190E+00
      vertex -2.960000E+01 8.600000E+00 6.000000E+00
      vertex -3.011126E+01 8.600000E+00 8.259315E+00
    endloop
  endfacet
  facet normal 0.000000E+00 -1.000000E+00 0.000000E+00
    outer loop
      vertex -3.039691E+01 8.600000E+00 8.581749E+00
      vertex -2.960000E+01 8.600000E+00 6.000000E+00
      vertex -3.027366E+01 8.600000E+00 8.403190E+00
    endloop
  endfacet
  facet normal 0.000000E+00 -1.000000E+00 0.000000E+00
    outer loop
      vertex -3.960000E+01 8.600000E+00 6.000000E+00
      vertex -2.960000E+01 8.600000E+00 6.000000E+00
      vertex -3.039691E+01 8.600000E+00 8.581749E+00
    endloop
  endfacet
  facet normal 0.000000E+00 -1.000000E+00 0.000000E+00
    outer loop
      vertex -2.960000E+01 8.600000E+00 6.000000E+00
      vertex -2.960000E+01 8.600000E+00 2.000000E+00
      vertex -2.880309E+01 8.600000E+00 8.581749E+00
    endloop
  endfacet
  facet normal 0.000000E+00 -1.000000E+00 0.000000E+00
    outer loop
      vertex -2.932188E+01 8.600000E+00 9.855951E+00
      vertex 6.400000E+00 8.600000E+00 1.500000E+01
      vertex -3.960000E+01 8.600000E+00 1.500000E+01
    endloop
  endfacet
  facet normal 0.000000E+00 -1.000000E+00 0.000000E+00
    outer loop
      vertex -2.960000E+01 8.600000E+00 2.000000E+00
      vertex -3.600000E+00 8.600000E+00 2.000000E+00
      vertex -2.880309E+01 8.600000E+00 8.581749E+00
    endloop
  endfacet
  facet normal 0.000000E+00 -1.000000E+00 0.000000E+00
    outer loop
      vertex -2.880309E+01 8.600000E+00 8.581749E+00
      vertex -3.600000E+00 8.600000E+00 2.000000E+00
      vertex -4.396910E+00 8.600000E+00 8.581749E+00
    endloop
  endfacet
  facet normal 0.000000E+00 -1.000000E+00 0.000000E+00
    outer loop
      vertex -4.396910E+00 8.600000E+00 8.581749E+00
      vertex -3.600000E+00 8.600000E+00 2.000000E+00
      vertex -3.600000E+00 8.600000E+00 6.000000E+00
    endloop
  endfacet
  facet normal 0.000000E+00 -1.000000E+00 0.000000E+00
    outer loop
      vertex -2.700000E+00 8.600000E+00 9.000000E+00
      vertex 6.400000E+00 8.600000E+00 6.000000E+00
      vertex -2.724142E+00 8.600000E+00 9.207059E+00
    endloop
  endfacet
  facet normal 0.000000E+00 -1.000000E+00 0.000000E+00
    outer loop
      vertex -2.726152E+00 8.600000E+00 8.784616E+00
      vertex 6.400000E+00 8.600000E+00 6.000000E+00
      vertex -2.700000E+00 8.600000E+00 9.000000E+00
    endloop
  endfacet
  facet normal 0.000000E+00 -1.000000E+00 0.000000E+00
    outer loop
      vertex -2.803090E+00 8.600000E+00 8.581749E+00
      vertex 6.400000E+00 8.600000E+00 6.000000E+00
      vertex -2.726152E+00 8.600000E+00 8.784616E+00
    endloop
  endfacet
  facet normal 0.000000E+00 -1.000000E+00 0.000000E+00
    outer loop
      vertex -2.896360E+01 8.600000E+00 9.636396E+00
      vertex -4.213902E+00 8.600000E+00 9.658122E+00
      vertex -2.912975E+01 8.600000E+00 9.767376E+00
    endloop
  endfacet
  facet normal 0.000000E+00 -1.000000E+00 0.000000E+00
    outer loop
      vertex -2.724142E+00 8.600000E+00 9.207059E+00
      vertex 6.400000E+00 8.600000E+00 6.000000E+00
      vertex 6.400000E+00 8.600000E+00 1.500000E+01
    endloop
  endfacet
  facet normal 0.000000E+00 -1.000000E+00 0.000000E+00
    outer loop
      vertex -3.600000E+00 8.600000E+00 6.000000E+00
      vertex 6.400000E+00 8.600000E+00 6.000000E+00
      vertex -2.803090E+00 8.600000E+00 8.581749E+00
    endloop
  endfacet
  facet normal 0.000000E+00 -1.000000E+00 0.000000E+00
    outer loop
      vertex -2.896360E+01 8.600000E+00 9.636396E+00
      vertex -4.348845E+00 8.600000E+00 9.499230E+00
      vertex -4.213902E+00 8.600000E+00 9.658122E+00
    endloop
  endfacet
  facet normal 0.000000E+00 -1.000000E+00 0.000000E+00
    outer loop
      vertex -2.885168E+01 8.600000E+00 9.500013E+00
      vertex -4.348845E+00 8.600000E+00 9.499230E+00
      vertex -2.896360E+01 8.600000E+00 9.636396E+00
    endloop
  endfacet
  facet normal 0.000000E+00 -1.000000E+00 0.000000E+00
    outer loop
      vertex -2.876851E+01 8.600000E+00 9.344415E+00
      vertex -4.348845E+00 8.600000E+00 9.499230E+00
      vertex -2.885168E+01 8.600000E+00 9.500013E+00
    endloop
  endfacet
  facet normal 9.927093E-01 -1.205334E-01 0.000000E+00
    outer loop
      vertex 8.600000E+00 -2.400000E+00 1.500000E+01
      vertex 8.600000E+00 -2.400000E+00 5.000000E+00
      vertex 8.626152E+00 -2.184616E+00 1.500000E+01
    endloop
  endfacet
  facet normal 9.350155E-01 -3.546069E-01 0.000000E+00
    outer loop
      vertex 8.626152E+00 -2.184616E+00 1.500000E+01
      vertex 8.626152E+00 -2.184616E+00 5.000000E+00
      vertex 8.703090E+00 -1.981749E+00 1.500000E+01
    endloop
  endfacet
  facet normal 9.927093E-01 -1.205334E-01 0.000000E+00
    outer loop
      vertex 8.600000E+00 -2.400000E+00 5.000000E+00
      vertex 8.626152E+00 -2.184616E+00 5.000000E+00
      vertex 8.626152E+00 -2.184616E+00 1.500000E+01
    endloop
  endfacet
  facet normal 8.229834E-01 -5.680654E-01 0.000000E+00
    outer loop
      vertex 8.703090E+00 -1.981749E+00 1.500000E+01
      vertex 8.703090E+00 -1.981749E+00 5.000000E+00
      vertex 8.826341E+00 -1.803190E+00 1.500000E+01
    endloop
  endfacet
  facet normal 9.350155E-01 -3.546069E-01 0.000000E+00
    outer loop
      vertex 8.626152E+00 -2.184616E+00 5.000000E+00
      vertex 8.703090E+00 -1.981749E+00 5.000000E+00
      vertex 8.703090E+00 -1.981749E+00 1.500000E+01
    endloop
  endfacet
  facet normal 6.631231E-01 -7.485102E-01 0.000000E+00
    outer loop
      vertex 8.826341E+00 -1.803190E+00 1.500000E+01
      vertex 8.826341E+00 -1.803190E+00 5.000000E+00
      vertex 8.988742E+00 -1.659315E+00 1.500000E+01
    endloop
  endfacet
  facet normal 8.229834E-01 -5.680654E-01 0.000000E+00
    outer loop
      vertex 8.703090E+00 -1.981749E+00 5.000000E+00
      vertex 8.826341E+00 -1.803190E+00 5.000000E+00
      vertex 8.826341E+00 -1.803190E+00 1.500000E+01
    endloop
  endfacet
  facet normal 4.647231E-01 -8.854560E-01 0.000000E+00
    outer loop
      vertex 8.988742E+00 -1.659315E+00 1.500000E+01
      vertex 8.988742E+00 -1.659315E+00 5.000000E+00
      vertex 9.180856E+00 -1.558485E+00 1.500000E+01
    endloop
  endfacet
  facet normal 6.631231E-01 -7.485102E-01 0.000000E+00
    outer loop
      vertex 8.826341E+00 -1.803190E+00 5.000000E+00
      vertex 8.988742E+00 -1.659315E+00 5.000000E+00
      vertex 8.988742E+00 -1.659315E+00 1.500000E+01
    endloop
  endfacet
  facet normal 2.393163E-01 -9.709417E-01 0.000000E+00
    outer loop
      vertex 9.180856E+00 -1.558485E+00 1.500000E+01
      vertex 9.180856E+00 -1.558485E+00 5.000000E+00
      vertex 9.391517E+00 -1.506562E+00 1.500000E+01
    endloop
  endfacet
  facet normal 4.647231E-01 -8.854560E-01 0.000000E+00
    outer loop
      vertex 8.988742E+00 -1.659315E+00 5.000000E+00
      vertex 9.180856E+00 -1.558485E+00 5.000000E+00
      vertex 9.180856E+00 -1.558485E+00 1.500000E+01
    endloop
  endfacet
  facet normal 0.000000E+00 -1.000000E+00 0.000000E+00
    outer loop
      vertex 9.391517E+00 -1.506562E+00 1.500000E+01
      vertex 9.391517E+00 -1.506562E+00 5.000000E+00
      vertex 9.608483E+00 -1.506562E+00 1.500000E+01
    endloop
  endfacet
  facet normal 2.393163E-01 -9.709417E-01 0.000000E+00
    outer loop
      vertex 9.180856E+00 -1.558485E+00 5.000000E+00
      vertex 9.391517E+00 -1.506562E+00 5.000000E+00
      vertex 9.391517E+00 -1.506562E+00 1.500000E+01
    endloop
  endfacet
  facet normal -2.393163E-01 -9.709417E-01 -0.000000E+00
    outer loop
      vertex 9.608483E+00 -1.506562E+00 1.500000E+01
      vertex 9.608483E+00 -1.506562E+00 5.000000E+00
      vertex 9.819144E+00 -1.558485E+00 1.500000E+01
    endloop
  endfacet
  facet normal 0.000000E+00 -1.000000E+00 0.000000E+00
    outer loop
      vertex 9.391517E+00 -1.506562E+00 5.000000E+00
      vertex 9.608483E+00 -1.506562E+00 5.000000E+00
      vertex 9.608483E+00 -1.506562E+00 1.500000E+01
    endloop
  endfacet
  facet normal -4.647231E-01 -8.854560E-01 -0.000000E+00
    outer loop
      vertex 9.819144E+00 -1.558485E+00 1.500000E+01
      vertex 9.819144E+00 -1.558485E+00 5.000000E+00
      vertex 1.001126E+01 -1.659315E+00 1.500000E+01
    endloop
  endfacet
  facet normal -2.393163E-01 -9.709417E-01 0.000000E+00
    outer loop
      vertex 9.608483E+00 -1.506562E+00 5.000000E+00
      vertex 9.819144E+00 -1.558485E+00 5.000000E+00
      vertex 9.819144E+00 -1.558485E+00 1.500000E+01
    endloop
  endfacet
  facet normal -6.631231E-01 -7.485102E-01 -0.000000E+00
    outer loop
      vertex 1.001126E+01 -1.659315E+00 1.500000E+01
      vertex 1.001126E+01 -1.659315E+00 5.000000E+00
      vertex 1.017366E+01 -1.803190E+00 1.500000E+01
    endloop
  endfacet
  facet normal -4.647231E-01 -8.854560E-01 0.000000E+00
    outer loop
      vertex 9.819144E+00 -1.558485E+00 5.000000E+00
      vertex 1.001126E+01 -1.659315E+00 5.000000E+00
      vertex 1.001126E+01 -1.659315E+00 1.500000E+01
    endloop
  endfacet
  facet normal -8.229834E-01 -5.680654E-01 -0.000000E+00
    outer loop
      vertex 1.017366E+01 -1.803190E+00 1.500000E+01
      vertex 1.017366E+01 -1.803190E+00 5.000000E+00
      vertex 1.029691E+01 -1.981749E+00 1.500000E+01
    endloop
  endfacet
  facet normal -6.631231E-01 -7.485102E-01 0.000000E+00
    outer loop
      vertex 1.001126E+01 -1.659315E+00 5.000000E+00
      vertex 1.017366E+01 -1.803190E+00 5.000000E+00
      vertex 1.017366E+01 -1.803190E+00 1.500000E+01
    endloop
  endfacet
  facet normal -9.350155E-01 -3.546069E-01 -0.000000E+00
    outer loop
      vertex 1.029691E+01 -1.981749E+00 1.500000E+01
      vertex 1.029691E+01 -1.981749E+00 5.000000E+00
      vertex 1.037385E+01 -2.184616E+00 1.500000E+01
    endloop
  endfacet
  facet normal -8.229834E-01 -5.680654E-01 0.000000E+00
    outer loop
      vertex 1.017366E+01 -1.803190E+00 5.000000E+00
      vertex 1.029691E+01 -1.981749E+00 5.000000E+00
      vertex 1.029691E+01 -1.981749E+00 1.500000E+01
    endloop
  endfacet
  facet normal -9.927093E-01 -1.205334E-01 -0.000000E+00
    outer loop
      vertex 1.037385E+01 -2.184616E+00 1.500000E+01
      vertex 1.037385E+01 -2.184616E+00 5.000000E+00
      vertex 1.040000E+01 -2.400000E+00 1.500000E+01
    endloop
  endfacet
  facet normal -9.350155E-01 -3.546069E-01 0.000000E+00
    outer loop
      vertex 1.029691E+01 -1.981749E+00 5.000000E+00
      vertex 1.037385E+01 -2.184616E+00 5.000000E+00
      vertex 1.037385E+01 -2.184616E+00 1.500000E+01
    endloop
  endfacet
  facet normal -9.927093E-01 -1.205334E-01 0.000000E+00
    outer loop
      vertex 1.037385E+01 -2.184616E+00 5.000000E+00
      vertex 1.040000E+01 -2.400000E+00 5.000000E+00
      vertex 1.040000E+01 -2.400000E+00 1.500000E+01
    endloop
  endfacet
  facet normal 0.000000E+00 0.000000E+00 1.000000E+00
    outer loop
      vertex 9.923399E+00 -3.194187E+00 5.000000E+00
      vertex 8.626152E+00 -2.184616E+00 5.000000E+00
      vertex 8.600000E+00 -2.400000E+00 5.000000E+00
    endloop
  endfacet
  facet normal 0.000000E+00 0.000000E+00 1.000000E+00
    outer loop
      vertex 9.923399E+00 -3.194187E+00 5.000000E+00
      vertex 8.600000E+00 -2.400000E+00 5.000000E+00
      vertex 8.623487E+00 -2.604264E+00 5.000000E+00
    endloop
  endfacet
  facet normal 0.000000E+00 0.000000E+00 1.000000E+00
    outer loop
      vertex 9.923399E+00 -3.194187E+00 5.000000E+00
      vertex 8.623487E+00 -2.604264E+00 5.000000E+00
      vertex 8.692719E+00 -2.797866E+00 5.000000E+00
    endloop
  endfacet
  facet normal 0.000000E+00 0.000000E+00 1.000000E+00
    outer loop
      vertex 9.923399E+00 -3.194187E+00 5.000000E+00
      vertex 8.692719E+00 -2.797866E+00 5.000000E+00
      vertex 8.804085E+00 -2.970703E+00 5.000000E+00
    endloop
  endfacet
  facet normal 0.000000E+00 0.000000E+00 1.000000E+00
    outer loop
      vertex 9.923399E+00 -3.194187E+00 5.000000E+00
      vertex 8.804085E+00 -2.970703E+00 5.000000E+00
      vertex 8.951772E+00 -3.113755E+00 5.000000E+00
    endloop
  endfacet
  facet normal 0.000000E+00 0.000000E+00 1.000000E+00
    outer loop
      vertex 9.923399E+00 -3.194187E+00 5.000000E+00
      vertex 8.951772E+00 -3.113755E+00 5.000000E+00
      vertex 9.128072E+00 -3.219554E+00 5.000000E+00
    endloop
  endfacet
  facet normal 0.000000E+00 0.000000E+00 1.000000E+00
    outer loop
      vertex 9.923399E+00 -3.194187E+00 5.000000E+00
      vertex 9.128072E+00 -3.219554E+00 5.000000E+00
      vertex 9.323783E+00 -3.282580E+00 5.000000E+00
    endloop
  endfacet
  facet normal 0.000000E+00 0.000000E+00 1.000000E+00
    outer loop
      vertex 9.923399E+00 -3.194187E+00 5.000000E+00
      vertex 9.323783E+00 -3.282580E+00 5.000000E+00
      vertex 9.528691E+00 -3.299543E+00 5.000000E+00
    endloop
  endfacet
  facet normal 0.000000E+00 0.000000E+00 1.000000E+00
    outer loop
      vertex 9.923399E+00 -3.194187E+00 5.000000E+00
      vertex 9.528691E+00 -3.299543E+00 5.000000E+00
      vertex 9.732102E+00 -3.269557E+00 5.000000E+00
    endloop
  endfacet
  facet normal 0.000000E+00 0.000000E+00 1.000000E+00
    outer loop
      vertex 1.021724E+01 -2.943665E+00 5.000000E+00
      vertex 9.923399E+00 -3.194187E+00 5.000000E+00
      vertex 1.008391E+01 -3.084870E+00 5.000000E+00
    endloop
  endfacet
  facet normal 0.000000E+00 0.000000E+00 1.000000E+00
    outer loop
      vertex 1.031717E+01 -2.777147E+00 5.000000E+00
      vertex 9.923399E+00 -3.194187E+00 5.000000E+00
      vertex 1.021724E+01 -2.943665E+00 5.000000E+00
    endloop
  endfacet
  facet normal 0.000000E+00 0.000000E+00 1.000000E+00
    outer loop
      vertex 1.037905E+01 -2.593068E+00 5.000000E+00
      vertex 9.923399E+00 -3.194187E+00 5.000000E+00
      vertex 1.031717E+01 -2.777147E+00 5.000000E+00
    endloop
  endfacet
  facet normal 0.000000E+00 0.000000E+00 1.000000E+00
    outer loop
      vertex 1.040000E+01 -2.400000E+00 5.000000E+00
      vertex 9.923399E+00 -3.194187E+00 5.000000E+00
      vertex 1.037905E+01 -2.593068E+00 5.000000E+00
    endloop
  endfacet
  facet normal 0.000000E+00 0.000000E+00 1.000000E+00
    outer loop
      vertex 9.819144E+00 -1.558485E+00 5.000000E+00
      vertex 9.608483E+00 -1.506562E+00 5.000000E+00
      vertex 9.391517E+00 -1.506562E+00 5.000000E+00
    endloop
  endfacet
  facet normal 0.000000E+00 0.000000E+00 1.000000E+00
    outer loop
      vertex 9.819144E+00 -1.558485E+00 5.000000E+00
      vertex 9.391517E+00 -1.506562E+00 5.000000E+00
      vertex 9.180856E+00 -1.558485E+00 5.000000E+00
    endloop
  endfacet
  facet normal 0.000000E+00 0.000000E+00 1.000000E+00
    outer loop
      vertex 9.819144E+00 -1.558485E+00 5.000000E+00
      vertex 9.180856E+00 -1.558485E+00 5.000000E+00
      vertex 8.988742E+00 -1.659315E+00 5.000000E+00
    endloop
  endfacet
  facet normal 0.000000E+00 0.000000E+00 1.000000E+00
    outer loop
      vertex 9.819144E+00 -1.558485E+00 5.000000E+00
      vertex 8.988742E+00 -1.659315E+00 5.000000E+00
      vertex 8.826341E+00 -1.803190E+00 5.000000E+00
    endloop
  endfacet
  facet normal 0.000000E+00 0.000000E+00 1.000000E+00
    outer loop
      vertex 9.819144E+00 -1.558485E+00 5.000000E+00
      vertex 8.826341E+00 -1.803190E+00 5.000000E+00
      vertex 8.703090E+00 -1.981749E+00 5.000000E+00
    endloop
  endfacet
  facet normal 0.000000E+00 0.000000E+00 1.000000E+00
    outer loop
      vertex 9.819144E+00 -1.558485E+00 5.000000E+00
      vertex 8.703090E+00 -1.981749E+00 5.000000E+00
      vertex 8.626152E+00 -2.184616E+00 5.000000E+00
    endloop
  endfacet
  facet normal 0.000000E+00 0.000000E+00 1.000000E+00
    outer loop
      vertex 9.819144E+00 -1.558485E+00 5.000000E+00
      vertex 8.626152E+00 -2.184616E+00 5.000000E+00
      vertex 9.923399E+00 -3.194187E+00 5.000000E+00
    endloop
  endfacet
  facet normal 0.000000E+00 0.000000E+00 1.000000E+00
    outer loop
      vertex 1.029691E+01 -1.981749E+00 5.000000E+00
      vertex 1.040000E+01 -2.400000E+00 5.000000E+00
      vertex 1.037385E+01 -2.184616E+00 5.000000E+00
    endloop
  endfacet
  facet normal 0.000000E+00 0.000000E+00 1.000000E+00
    outer loop
      vertex 1.029691E+01 -1.981749E+00 5.000000E+00
      vertex 9.923399E+00 -3.194187E+00 5.000000E+00
      vertex 1.040000E+01 -2.400000E+00 5.000000E+00
    endloop
  endfacet
  facet normal 0.000000E+00 0.000000E+00 1.000000E+00
    outer loop
      vertex 1.017366E+01 -1.803190E+00 5.000000E+00
      vertex 1.001126E+01 -1.659315E+00 5.000000E+00
      vertex 9.819144E+00 -1.558485E+00 5.000000E+00
    endloop
  endfacet
  facet normal 0.000000E+00 0.000000E+00 1.000000E+00
    outer loop
      vertex 1.017366E+01 -1.803190E+00 5.000000E+00
      vertex 9.819144E+00 -1.558485E+00 5.000000E+00
      vertex 9.923399E+00 -3.194187E+00 5.000000E+00
    endloop
  endfacet
  facet normal 0.000000E+00 0.000000E+00 1.000000E+00
    outer loop
      vertex 1.017366E+01 -1.803190E+00 5.000000E+00
      vertex 9.923399E+00 -3.194187E+00 5.000000E+00
      vertex 1.029691E+01 -1.981749E+00 5.000000E+00
    endloop
  endfacet
  facet normal 9.927104E-01 -1.205247E-01 0.000000E+00
    outer loop
      vertex -4.360000E+01 -2.400000E+00 1.500000E+01
      vertex -4.360000E+01 -2.400000E+00 5.000000E+00
      vertex -4.357385E+01 -2.184616E+00 1.500000E+01
    endloop
  endfacet
  facet normal 9.350141E-01 -3.546107E-01 0.000000E+00
    outer loop
      vertex -4.357385E+01 -2.184616E+00 1.500000E+01
      vertex -4.357385E+01 -2.184616E+00 5.000000E+00
      vertex -4.349691E+01 -1.981749E+00 1.500000E+01
    endloop
  endfacet
  facet normal 9.927104E-01 -1.205247E-01 0.000000E+00
    outer loop
      vertex -4.360000E+01 -2.400000E+00 5.000000E+00
      vertex -4.357385E+01 -2.184616E+00 5.000000E+00
      vertex -4.357385E+01 -2.184616E+00 1.500000E+01
    endloop
  endfacet
  facet normal 8.229875E-01 -5.680594E-01 0.000000E+00
    outer loop
      vertex -4.349691E+01 -1.981749E+00 1.500000E+01
      vertex -4.349691E+01 -1.981749E+00 5.000000E+00
      vertex -4.337366E+01 -1.803190E+00 1.500000E+01
    endloop
  endfacet
  facet normal 9.350141E-01 -3.546107E-01 0.000000E+00
    outer loop
      vertex -4.357385E+01 -2.184616E+00 5.000000E+00
      vertex -4.349691E+01 -1.981749E+00 5.000000E+00
      vertex -4.349691E+01 -1.981749E+00 1.500000E+01
    endloop
  endfacet
  facet normal 6.631188E-01 -7.485141E-01 0.000000E+00
    outer loop
      vertex -4.337366E+01 -1.803190E+00 1.500000E+01
      vertex -4.337366E+01 -1.803190E+00 5.000000E+00
      vertex -4.321126E+01 -1.659315E+00 1.500000E+01
    endloop
  endfacet
  facet normal 8.229875E-01 -5.680594E-01 0.000000E+00
    outer loop
      vertex -4.349691E+01 -1.981749E+00 5.000000E+00
      vertex -4.337366E+01 -1.803190E+00 5.000000E+00
      vertex -4.337366E+01 -1.803190E+00 1.500000E+01
    endloop
  endfacet
  facet normal 4.647267E-01 -8.854541E-01 0.000000E+00
    outer loop
      vertex -4.321126E+01 -1.659315E+00 1.500000E+01
      vertex -4.321126E+01 -1.659315E+00 5.000000E+00
      vertex -4.301915E+01 -1.558485E+00 1.500000E+01
    endloop
  endfacet
  facet normal 6.631188E-01 -7.485141E-01 0.000000E+00
    outer loop
      vertex -4.337366E+01 -1.803190E+00 5.000000E+00
      vertex -4.321126E+01 -1.659315E+00 5.000000E+00
      vertex -4.321126E+01 -1.659315E+00 1.500000E+01
    endloop
  endfacet
  facet normal 2.393142E-01 -9.709422E-01 0.000000E+00
    outer loop
      vertex -4.301915E+01 -1.558485E+00 1.500000E+01
      vertex -4.301915E+01 -1.558485E+00 5.000000E+00
      vertex -4.280848E+01 -1.506562E+00 1.500000E+01
    endloop
  endfacet
  facet normal 4.647267E-01 -8.854541E-01 0.000000E+00
    outer loop
      vertex -4.321126E+01 -1.659315E+00 5.000000E+00
      vertex -4.301915E+01 -1.558485E+00 5.000000E+00
      vertex -4.301915E+01 -1.558485E+00 1.500000E+01
    endloop
  endfacet
  facet normal 0.000000E+00 -1.000000E+00 0.000000E+00
    outer loop
      vertex -4.280848E+01 -1.506562E+00 1.500000E+01
      vertex -4.280848E+01 -1.506562E+00 5.000000E+00
      vertex -4.259152E+01 -1.506562E+00 1.500000E+01
    endloop
  endfacet
  facet normal 2.393142E-01 -9.709422E-01 0.000000E+00
    outer loop
      vertex -4.301915E+01 -1.558485E+00 5.000000E+00
      vertex -4.280848E+01 -1.506562E+00 5.000000E+00
      vertex -4.280848E+01 -1.506562E+00 1.500000E+01
    endloop
  endfacet
  facet normal -2.393142E-01 -9.709422E-01 -0.000000E+00
    outer loop
      vertex -4.259152E+01 -1.506562E+00 1.500000E+01
      vertex -4.259152E+01 -1.506562E+00 5.000000E+00
      vertex -4.238086E+01 -1.558485E+00 1.500000E+01
    endloop
  endfacet
  facet normal 0.000000E+00 -1.000000E+00 0.000000E+00
    outer loop
      vertex -4.280848E+01 -1.506562E+00 5.000000E+00
      vertex -4.259152E+01 -1.506562E+00 5.000000E+00
      vertex -4.259152E+01 -1.506562E+00 1.500000E+01
    endloop
  endfacet
  facet normal -4.647267E-01 -8.854541E-01 -0.000000E+00
    outer loop
      vertex -4.238086E+01 -1.558485E+00 1.500000E+01
      vertex -4.238086E+01 -1.558485E+00 5.000000E+00
      vertex -4.218874E+01 -1.659315E+00 1.500000E+01
    endloop
  endfacet
  facet normal -2.393142E-01 -9.709422E-01 0.000000E+00
    outer loop
      vertex -4.259152E+01 -1.506562E+00 5.000000E+00
      vertex -4.238086E+01 -1.558485E+00 5.000000E+00
      vertex -4.238086E+01 -1.558485E+00 1.500000E+01
    endloop
  endfacet
  facet normal -6.631188E-01 -7.485141E-01 -0.000000E+00
    outer loop
      vertex -4.218874E+01 -1.659315E+00 1.500000E+01
      vertex -4.218874E+01 -1.659315E+00 5.000000E+00
      vertex -4.202634E+01 -1.803190E+00 1.500000E+01
    endloop
  endfacet
  facet normal -4.647267E-01 -8.854541E-01 0.000000E+00
    outer loop
      vertex -4.238086E+01 -1.558485E+00 5.000000E+00
      vertex -4.218874E+01 -1.659315E+00 5.000000E+00
      vertex -4.218874E+01 -1.659315E+00 1.500000E+01
    endloop
  endfacet
  facet normal -8.229875E-01 -5.680594E-01 -0.000000E+00
    outer loop
      vertex -4.202634E+01 -1.803190E+00 1.500000E+01
      vertex -4.202634E+01 -1.803190E+00 5.000000E+00
      vertex -4.190309E+01 -1.981749E+00 1.500000E+01
    endloop
  endfacet
  facet normal -6.631188E-01 -7.485141E-01 0.000000E+00
    outer loop
      vertex -4.218874E+01 -1.659315E+00 5.000000E+00
      vertex -4.202634E+01 -1.803190E+00 5.000000E+00
      vertex -4.202634E+01 -1.803190E+00 1.500000E+01
    endloop
  endfacet
  facet normal -9.350141E-01 -3.546107E-01 -0.000000E+00
    outer loop
      vertex -4.190309E+01 -1.981749E+00 1.500000E+01
      vertex -4.190309E+01 -1.981749E+00 5.000000E+00
      vertex -4.182615E+01 -2.184616E+00 1.500000E+01
    endloop
  endfacet
  facet normal -8.229875E-01 -5.680594E-01 0.000000E+00
    outer loop
      vertex -4.202634E+01 -1.803190E+00 5.000000E+00
      vertex -4.190309E+01 -1.981749E+00 5.000000E+00
      vertex -4.190309E+01 -1.981749E+00 1.500000E+01
    endloop
  endfacet
  facet normal -9.927082E-01 -1.205420E-01 -0.000000E+00
    outer loop
      vertex -4.182615E+01 -2.184616E+00 1.500000E+01
      vertex -4.182615E+01 -2.184616E+00 5.000000E+00
      vertex -4.180000E+01 -2.400000E+00 1.500000E+01
    endloop
  endfacet
  facet normal -9.350141E-01 -3.546107E-01 0.000000E+00
    outer loop
      vertex -4.190309E+01 -1.981749E+00 5.000000E+00
      vertex -4.182615E+01 -2.184616E+00 5.000000E+00
      vertex -4.182615E+01 -2.184616E+00 1.500000E+01
    endloop
  endfacet
  facet normal -9.927082E-01 -1.205420E-01 0.000000E+00
    outer loop
      vertex -4.182615E+01 -2.184616E+00 5.000000E+00
      vertex -4.180000E+01 -2.400000E+00 5.000000E+00
      vertex -4.180000E+01 -2.400000E+00 1.500000E+01
    endloop
  endfacet
  facet normal 0.000000E+00 0.000000E+00 1.000000E+00
    outer loop
      vertex -4.202634E+01 -1.803190E+00 5.000000E+00
      vertex -4.182615E+01 -2.184616E+00 5.000000E+00
      vertex -4.190309E+01 -1.981749E+00 5.000000E+00
    endloop
  endfacet
  facet normal 0.000000E+00 0.000000E+00 1.000000E+00
    outer loop
      vertex -4.202634E+01 -1.803190E+00 5.000000E+00
      vertex -4.218874E+01 -1.659315E+00 5.000000E+00
      vertex -4.238086E+01 -1.558485E+00 5.000000E+00
    endloop
  endfacet
  facet normal 0.000000E+00 0.000000E+00 1.000000E+00
    outer loop
      vertex -4.202634E+01 -1.803190E+00 5.000000E+00
      vertex -4.238086E+01 -1.558485E+00 5.000000E+00
      vertex -4.259152E+01 -1.506562E+00 5.000000E+00
    endloop
  endfacet
  facet normal 0.000000E+00 0.000000E+00 1.000000E+00
    outer loop
      vertex -4.202634E+01 -1.803190E+00 5.000000E+00
      vertex -4.259152E+01 -1.506562E+00 5.000000E+00
      vertex -4.280848E+01 -1.506562E+00 5.000000E+00
    endloop
  endfacet
  facet normal 0.000000E+00 0.000000E+00 1.000000E+00
    outer loop
      vertex -4.202634E+01 -1.803190E+00 5.000000E+00
      vertex -4.280848E+01 -1.506562E+00 5.000000E+00
      vertex -4.301915E+01 -1.558485E+00 5.000000E+00
    endloop
  endfacet
  facet normal 0.000000E+00 0.000000E+00 1.000000E+00
    outer loop
      vertex -4.202634E+01 -1.803190E+00 5.000000E+00
      vertex -4.301915E+01 -1.558485E+00 5.000000E+00
      vertex -4.321126E+01 -1.659315E+00 5.000000E+00
    endloop
  endfacet
  facet normal 0.000000E+00 0.000000E+00 1.000000E+00
    outer loop
      vertex -4.202634E+01 -1.803190E+00 5.000000E+00
      vertex -4.321126E+01 -1.659315E+00 5.000000E+00
      vertex -4.337366E+01 -1.803190E+00 5.000000E+00
    endloop
  endfacet
  facet normal 0.000000E+00 0.000000E+00 1.000000E+00
    outer loop
      vertex -4.202634E+01 -1.803190E+00 5.000000E+00
      vertex -4.337366E+01 -1.803190E+00 5.000000E+00
      vertex -4.349691E+01 -1.981749E+00 5.000000E+00
    endloop
  endfacet
  facet normal 0.000000E+00 0.000000E+00 1.000000E+00
    outer loop
      vertex -4.202634E+01 -1.803190E+00 5.000000E+00
      vertex -4.349691E+01 -1.981749E+00 5.000000E+00
      vertex -4.357385E+01 -2.184616E+00 5.000000E+00
    endloop
  endfacet
  facet normal 0.000000E+00 0.000000E+00 1.000000E+00
    outer loop
      vertex -4.202634E+01 -1.803190E+00 5.000000E+00
      vertex -4.357385E+01 -2.184616E+00 5.000000E+00
      vertex -4.360000E+01 -2.400000E+00 5.000000E+00
    endloop
  endfacet
  facet normal 0.000000E+00 0.000000E+00 1.000000E+00
    outer loop
      vertex -4.202634E+01 -1.803190E+00 5.000000E+00
      vertex -4.360000E+01 -2.400000E+00 5.000000E+00
      vertex -4.357770E+01 -2.599099E+00 5.000000E+00
    endloop
  endfacet
  facet normal 0.000000E+00 0.000000E+00 1.000000E+00
    outer loop
      vertex -4.202634E+01 -1.803190E+00 5.000000E+00
      vertex -4.357770E+01 -2.599099E+00 5.000000E+00
      vertex -4.351191E+01 -2.788332E+00 5.000000E+00
    endloop
  endfacet
  facet normal 0.000000E+00 0.000000E+00 1.000000E+00
    outer loop
      vertex -4.202634E+01 -1.803190E+00 5.000000E+00
      vertex -4.351191E+01 -2.788332E+00 5.000000E+00
      vertex -4.182305E+01 -2.602374E+00 5.000000E+00
    endloop
  endfacet
  facet normal 0.000000E+00 0.000000E+00 1.000000E+00
    outer loop
      vertex -4.202634E+01 -1.803190E+00 5.000000E+00
      vertex -4.182305E+01 -2.602374E+00 5.000000E+00
      vertex -4.182615E+01 -2.184616E+00 5.000000E+00
    endloop
  endfacet
  facet normal 0.000000E+00 0.000000E+00 1.000000E+00
    outer loop
      vertex -4.214564E+01 -3.109002E+00 5.000000E+00
      vertex -4.250910E+01 -3.279521E+00 5.000000E+00
      vertex -4.231926E+01 -3.215499E+00 5.000000E+00
    endloop
  endfacet
  facet normal 0.000000E+00 0.000000E+00 1.000000E+00
    outer loop
      vertex -4.182305E+01 -2.602374E+00 5.000000E+00
      vertex -4.214564E+01 -3.109002E+00 5.000000E+00
      vertex -4.200041E+01 -2.966192E+00 5.000000E+00
    endloop
  endfacet
  facet normal 0.000000E+00 0.000000E+00 1.000000E+00
    outer loop
      vertex -4.182305E+01 -2.602374E+00 5.000000E+00
      vertex -4.200041E+01 -2.966192E+00 5.000000E+00
      vertex -4.189101E+01 -2.794383E+00 5.000000E+00
    endloop
  endfacet
  facet normal 0.000000E+00 0.000000E+00 1.000000E+00
    outer loop
      vertex -4.182305E+01 -2.602374E+00 5.000000E+00
      vertex -4.351191E+01 -2.788332E+00 5.000000E+00
      vertex -4.340589E+01 -2.958322E+00 5.000000E+00
    endloop
  endfacet
  facet normal 0.000000E+00 0.000000E+00 1.000000E+00
    outer loop
      vertex -4.182305E+01 -2.602374E+00 5.000000E+00
      vertex -4.340589E+01 -2.958322E+00 5.000000E+00
      vertex -4.326488E+01 -3.100646E+00 5.000000E+00
    endloop
  endfacet
  facet normal 0.000000E+00 0.000000E+00 1.000000E+00
    outer loop
      vertex -4.182305E+01 -2.602374E+00 5.000000E+00
      vertex -4.326488E+01 -3.100646E+00 5.000000E+00
      vertex -4.309589E+01 -3.208251E+00 5.000000E+00
    endloop
  endfacet
  facet normal 0.000000E+00 0.000000E+00 1.000000E+00
    outer loop
      vertex -4.182305E+01 -2.602374E+00 5.000000E+00
      vertex -4.309589E+01 -3.208251E+00 5.000000E+00
      vertex -4.290728E+01 -3.275805E+00 5.000000E+00
    endloop
  endfacet
  facet normal 0.000000E+00 0.000000E+00 1.000000E+00
    outer loop
      vertex -4.182305E+01 -2.602374E+00 5.000000E+00
      vertex -4.290728E+01 -3.275805E+00 5.000000E+00
      vertex -4.270840E+01 -3.299961E+00 5.000000E+00
    endloop
  endfacet
  facet normal 0.000000E+00 0.000000E+00 1.000000E+00
    outer loop
      vertex -4.182305E+01 -2.602374E+00 5.000000E+00
      vertex -4.270840E+01 -3.299961E+00 5.000000E+00
      vertex -4.250910E+01 -3.279521E+00 5.000000E+00
    endloop
  endfacet
  facet normal 0.000000E+00 0.000000E+00 1.000000E+00
    outer loop
      vertex -4.182305E+01 -2.602374E+00 5.000000E+00
      vertex -4.250910E+01 -3.279521E+00 5.000000E+00
      vertex -4.214564E+01 -3.109002E+00 5.000000E+00
    endloop
  endfacet
  facet normal 0.000000E+00 0.000000E+00 1.000000E+00
    outer loop
      vertex -4.182615E+01 -2.184616E+00 5.000000E+00
      vertex -4.182305E+01 -2.602374E+00 5.000000E+00
      vertex -4.180000E+01 -2.400000E+00 5.000000E+00
    endloop
  endfacet
  facet normal 4.954517E-01 8.686354E-01 0.000000E+00
    outer loop
      vertex 1.128363E+01 7.270878E-01 1.000000E+00
      vertex 8.000000E+00 2.600000E+00 1.000000E+00
      vertex 8.000000E+00 2.600000E+00 1.500000E+01
    endloop
  endfacet
  facet normal 4.954517E-01 8.686354E-01 -0.000000E+00
    outer loop
      vertex 1.128363E+01 7.270878E-01 1.000000E+00
      vertex 8.000000E+00 2.600000E+00 1.500000E+01
      vertex 1.128363E+01 7.270878E-01 1.500000E+01
    endloop
  endfacet
  facet normal 4.954518E-01 -8.686354E-01 0.000000E+00
    outer loop
      vertex 8.000000E+00 -7.400000E+00 1.000000E+00
      vertex 1.128363E+01 -5.527088E+00 1.000000E+00
      vertex 1.128363E+01 -5.527088E+00 1.500000E+01
    endloop
  endfacet
  facet normal 4.954518E-01 -8.686354E-01 0.000000E+00
    outer loop
      vertex 8.000000E+00 -7.400000E+00 1.000000E+00
      vertex 1.128363E+01 -5.527088E+00 1.500000E+01
      vertex 8.000000E+00 -7.400000E+00 1.500000E+01
    endloop
  endfacet
  facet normal 5.839605E-01 8.117821E-01 -0.000000E+00
    outer loop
      vertex 1.128363E+01 7.270878E-01 1.000000E+00
      vertex 1.128363E+01 7.270878E-01 1.500000E+01
      vertex 1.189762E+01 2.854035E-01 1.500000E+01
    endloop
  endfacet
  facet normal 5.839605E-01 8.117821E-01 -0.000000E+00
    outer loop
      vertex 1.189762E+01 2.854035E-01 1.000000E+00
      vertex 1.128363E+01 7.270878E-01 1.000000E+00
      vertex 1.189762E+01 2.854035E-01 1.500000E+01
    endloop
  endfacet
  facet normal 7.406836E-01 6.718541E-01 -0.000000E+00
    outer loop
      vertex 1.240579E+01 -2.748198E-01 1.000000E+00
      vertex 1.189762E+01 2.854035E-01 1.500000E+01
      vertex 1.240579E+01 -2.748198E-01 1.500000E+01
    endloop
  endfacet
  facet normal 7.406836E-01 6.718541E-01 0.000000E+00
    outer loop
      vertex 1.240579E+01 -2.748198E-01 1.000000E+00
      vertex 1.189762E+01 2.854035E-01 1.000000E+00
      vertex 1.189762E+01 2.854035E-01 1.500000E+01
    endloop
  endfacet
  facet normal 8.647114E-01 5.022691E-01 -0.000000E+00
    outer loop
      vertex 1.278568E+01 -9.288527E-01 1.000000E+00
      vertex 1.240579E+01 -2.748198E-01 1.500000E+01
      vertex 1.278568E+01 -9.288527E-01 1.500000E+01
    endloop
  endfacet
  facet normal 8.647114E-01 5.022691E-01 0.000000E+00
    outer loop
      vertex 1.278568E+01 -9.288527E-01 1.000000E+00
      vertex 1.240579E+01 -2.748198E-01 1.000000E+00
      vertex 1.240579E+01 -2.748198E-01 1.500000E+01
    endloop
  endfacet
  facet normal 9.505692E-01 3.105128E-01 -0.000000E+00
    outer loop
      vertex 1.302054E+01 -1.647825E+00 1.000000E+00
      vertex 1.278568E+01 -9.288527E-01 1.500000E+01
      vertex 1.302054E+01 -1.647825E+00 1.500000E+01
    endloop
  endfacet
  facet normal 9.505692E-01 3.105128E-01 0.000000E+00
    outer loop
      vertex 1.302054E+01 -1.647825E+00 1.000000E+00
      vertex 1.278568E+01 -9.288527E-01 1.000000E+00
      vertex 1.278568E+01 -9.288527E-01 1.500000E+01
    endloop
  endfacet
  facet normal 9.944668E-01 1.050509E-01 -0.000000E+00
    outer loop
      vertex 1.310000E+01 -2.400000E+00 1.000000E+00
      vertex 1.302054E+01 -1.647825E+00 1.500000E+01
      vertex 1.310000E+01 -2.400000E+00 1.500000E+01
    endloop
  endfacet
  facet normal 9.944668E-01 1.050509E-01 0.000000E+00
    outer loop
      vertex 1.310000E+01 -2.400000E+00 1.000000E+00
      vertex 1.302054E+01 -1.647825E+00 1.000000E+00
      vertex 1.302054E+01 -1.647825E+00 1.500000E+01
    endloop
  endfacet
  facet normal -9.944668E-01 1.050510E-01 0.000000E+00
    outer loop
      vertex -4.630000E+01 -2.400000E+00 1.000000E+00
      vertex -4.630000E+01 -2.400000E+00 1.500000E+01
      vertex -4.622054E+01 -1.647825E+00 1.500000E+01
    endloop
  endfacet
  facet normal -9.505692E-01 3.105129E-01 0.000000E+00
    outer loop
      vertex -4.622054E+01 -1.647825E+00 1.000000E+00
      vertex -4.622054E+01 -1.647825E+00 1.500000E+01
      vertex -4.598568E+01 -9.288530E-01 1.500000E+01
    endloop
  endfacet
  facet normal -9.944668E-01 1.050510E-01 0.000000E+00
    outer loop
      vertex -4.622054E+01 -1.647825E+00 1.000000E+00
      vertex -4.630000E+01 -2.400000E+00 1.000000E+00
      vertex -4.622054E+01 -1.647825E+00 1.500000E+01
    endloop
  endfacet
  facet normal -8.647125E-01 5.022672E-01 0.000000E+00
    outer loop
      vertex -4.598568E+01 -9.288530E-01 1.000000E+00
      vertex -4.598568E+01 -9.288530E-01 1.500000E+01
      vertex -4.560579E+01 -2.748201E-01 1.500000E+01
    endloop
  endfacet
  facet normal -9.505692E-01 3.105129E-01 0.000000E+00
    outer loop
      vertex -4.598568E+01 -9.288530E-01 1.000000E+00
      vertex -4.622054E+01 -1.647825E+00 1.000000E+00
      vertex -4.598568E+01 -9.288530E-01 1.500000E+01
    endloop
  endfacet
  facet normal -7.406835E-01 6.718541E-01 0.000000E+00
    outer loop
      vertex -4.560579E+01 -2.748201E-01 1.000000E+00
      vertex -4.560579E+01 -2.748201E-01 1.500000E+01
      vertex -4.509763E+01 2.854032E-01 1.500000E+01
    endloop
  endfacet
  facet normal -8.647125E-01 5.022672E-01 0.000000E+00
    outer loop
      vertex -4.560579E+01 -2.748201E-01 1.000000E+00
      vertex -4.598568E+01 -9.288530E-01 1.000000E+00
      vertex -4.560579E+01 -2.748201E-01 1.500000E+01
    endloop
  endfacet
  facet normal -5.839611E-01 8.117817E-01 0.000000E+00
    outer loop
      vertex -4.509763E+01 2.854032E-01 1.000000E+00
      vertex -4.509763E+01 2.854032E-01 1.500000E+01
      vertex -4.448363E+01 7.270874E-01 1.500000E+01
    endloop
  endfacet
  facet normal -7.406835E-01 6.718541E-01 0.000000E+00
    outer loop
      vertex -4.509763E+01 2.854032E-01 1.000000E+00
      vertex -4.560579E+01 -2.748201E-01 1.000000E+00
      vertex -4.509763E+01 2.854032E-01 1.500000E+01
    endloop
  endfacet
  facet normal -5.839611E-01 8.117817E-01 0.000000E+00
    outer loop
      vertex -4.448363E+01 7.270874E-01 1.000000E+00
      vertex -4.509763E+01 2.854032E-01 1.000000E+00
      vertex -4.448363E+01 7.270874E-01 1.500000E+01
    endloop
  endfacet
  facet normal -4.954517E-01 -8.686355E-01 0.000000E+00
    outer loop
      vertex -4.120000E+01 -7.400000E+00 1.000000E+00
      vertex -4.120000E+01 -7.400000E+00 1.500000E+01
      vertex -4.448363E+01 -5.527088E+00 1.500000E+01
    endloop
  endfacet
  facet normal -4.954517E-01 -8.686355E-01 0.000000E+00
    outer loop
      vertex -4.448363E+01 -5.527088E+00 1.000000E+00
      vertex -4.120000E+01 -7.400000E+00 1.000000E+00
      vertex -4.448363E+01 -5.527088E+00 1.500000E+01
    endloop
  endfacet
  facet normal -1.000000E+00 0.000000E+00 0.000000E+00
    outer loop
      vertex -4.120000E+01 -1.400000E+01 1.500000E+01
      vertex -4.120000E+01 -7.400000E+00 1.500000E+01
      vertex -4.120000E+01 -7.400000E+00 1.000000E+00
    endloop
  endfacet
  facet normal -1.000000E+00 0.000000E+00 0.000000E+00
    outer loop
      vertex -4.120000E+01 -1.400000E+01 1.500000E+01
      vertex -4.120000E+01 -7.400000E+00 1.000000E+00
      vertex -4.120000E+01 -1.400000E+01 1.000000E+00
    endloop
  endfacet
  facet normal 1.000000E+00 0.000000E+00 0.000000E+00
    outer loop
      vertex -2.960000E+01 6.100000E+00 2.000000E+00
      vertex -2.960000E+01 8.600000E+00 2.000000E+00
      vertex -2.960000E+01 6.100000E+00 6.000000E+00
    endloop
  endfacet
  facet normal 1.000000E+00 -0.000000E+00 0.000000E+00
    outer loop
      vertex -2.960000E+01 6.100000E+00 6.000000E+00
      vertex -2.960000E+01 8.600000E+00 2.000000E+00
      vertex -2.960000E+01 8.600000E+00 6.000000E+00
    endloop
  endfacet
  facet normal 0.000000E+00 1.000000E+00 -0.000000E+00
    outer loop
      vertex -1.171787E+01 1.199651E-01 2.000000E+00
      vertex -2.148213E+01 1.199651E-01 6.000000E+00
      vertex -1.171787E+01 1.199651E-01 6.000000E+00
    endloop
  endfacet
  facet normal 0.000000E+00 1.000000E+00 0.000000E+00
    outer loop
      vertex -1.171787E+01 1.199651E-01 2.000000E+00
      vertex -2.148213E+01 1.199651E-01 2.000000E+00
      vertex -2.148213E+01 1.199651E-01 6.000000E+00
    endloop
  endfacet
  facet normal -1.000000E+00 -0.000000E+00 0.000000E+00
    outer loop
      vertex -3.600000E+00 8.600000E+00 6.000000E+00
      vertex -3.600000E+00 6.100000E+00 2.000000E+00
      vertex -3.600000E+00 6.100000E+00 6.000000E+00
    endloop
  endfacet
  facet normal -1.000000E+00 0.000000E+00 0.000000E+00
    outer loop
      vertex -3.600000E+00 8.600000E+00 2.000000E+00
      vertex -3.600000E+00 6.100000E+00 2.000000E+00
      vertex -3.600000E+00 8.600000E+00 6.000000E+00
    endloop
  endfacet
  facet normal 0.000000E+00 0.000000E+00 1.000000E+00
    outer loop
      vertex -2.960000E+01 8.600000E+00 2.000000E+00
      vertex -2.960000E+01 6.100000E+00 2.000000E+00
      vertex -2.781451E+01 5.910356E+00 2.000000E+00
    endloop
  endfacet
  facet normal 0.000000E+00 0.000000E+00 1.000000E+00
    outer loop
      vertex -2.610869E+01 5.349886E+00 2.000000E+00
      vertex -2.960000E+01 8.600000E+00 2.000000E+00
      vertex -2.781451E+01 5.910356E+00 2.000000E+00
    endloop
  endfacet
  facet normal 0.000000E+00 0.000000E+00 1.000000E+00
    outer loop
      vertex -2.455866E+01 4.443599E+00 2.000000E+00
      vertex -2.960000E+01 8.600000E+00 2.000000E+00
      vertex -2.610869E+01 5.349886E+00 2.000000E+00
    endloop
  endfacet
  facet normal 0.000000E+00 0.000000E+00 1.000000E+00
    outer loop
      vertex -1.100741E+01 1.768965E+00 2.000000E+00
      vertex -2.219259E+01 1.768965E+00 2.000000E+00
      vertex -2.148213E+01 1.199651E-01 2.000000E+00
    endloop
  endfacet
  facet normal 0.000000E+00 0.000000E+00 1.000000E+00
    outer loop
      vertex -1.100741E+01 1.768965E+00 2.000000E+00
      vertex -2.148213E+01 1.199651E-01 2.000000E+00
      vertex -1.171787E+01 1.199651E-01 2.000000E+00
    endloop
  endfacet
  facet normal 0.000000E+00 0.000000E+00 1.000000E+00
    outer loop
      vertex -9.966419E+00 3.231937E+00 2.000000E+00
      vertex -2.323358E+01 3.231937E+00 2.000000E+00
      vertex -2.219259E+01 1.768965E+00 2.000000E+00
    endloop
  endfacet
  facet normal 0.000000E+00 0.000000E+00 1.000000E+00
    outer loop
      vertex -9.966419E+00 3.231937E+00 2.000000E+00
      vertex -2.455866E+01 4.443599E+00 2.000000E+00
      vertex -2.323358E+01 3.231937E+00 2.000000E+00
    endloop
  endfacet
  facet normal 0.000000E+00 0.000000E+00 1.000000E+00
    outer loop
      vertex -9.966419E+00 3.231937E+00 2.000000E+00
      vertex -2.219259E+01 1.768965E+00 2.000000E+00
      vertex -1.100741E+01 1.768965E+00 2.000000E+00
    endloop
  endfacet
  facet normal 0.000000E+00 0.000000E+00 1.000000E+00
    outer loop
      vertex -8.641344E+00 4.443599E+00 2.000000E+00
      vertex -2.455866E+01 4.443599E+00 2.000000E+00
      vertex -9.966419E+00 3.231937E+00 2.000000E+00
    endloop
  endfacet
  facet normal 0.000000E+00 0.000000E+00 1.000000E+00
    outer loop
      vertex -3.600000E+00 8.600000E+00 2.000000E+00
      vertex -5.385493E+00 5.910356E+00 2.000000E+00
      vertex -3.600000E+00 6.100000E+00 2.000000E+00
    endloop
  endfacet
  facet normal 0.000000E+00 0.000000E+00 1.000000E+00
    outer loop
      vertex -3.600000E+00 8.600000E+00 2.000000E+00
      vertex -7.091313E+00 5.349886E+00 2.000000E+00
      vertex -5.385493E+00 5.910356E+00 2.000000E+00
    endloop
  endfacet
  facet normal 0.000000E+00 0.000000E+00 1.000000E+00
    outer loop
      vertex -3.600000E+00 8.600000E+00 2.000000E+00
      vertex -8.641344E+00 4.443599E+00 2.000000E+00
      vertex -7.091313E+00 5.349886E+00 2.000000E+00
    endloop
  endfacet
  facet normal 0.000000E+00 0.000000E+00 1.000000E+00
    outer loop
      vertex -3.600000E+00 8.600000E+00 2.000000E+00
      vertex -2.960000E+01 8.600000E+00 2.000000E+00
      vertex -8.641344E+00 4.443599E+00 2.000000E+00
    endloop
  endfacet
  facet normal 0.000000E+00 0.000000E+00 1.000000E+00
    outer loop
      vertex -8.641344E+00 4.443599E+00 2.000000E+00
      vertex -2.960000E+01 8.600000E+00 2.000000E+00
      vertex -2.455866E+01 4.443599E+00 2.000000E+00
    endloop
  endfacet
  facet normal -1.000000E+00 0.000000E+00 0.000000E+00
    outer loop
      vertex -3.600000E+00 -1.090000E+01 2.000000E+00
      vertex -3.600000E+00 -1.340000E+01 2.000000E+00
      vertex -3.600000E+00 -1.090000E+01 6.000000E+00
    endloop
  endfacet
  facet normal -1.000000E+00 -0.000000E+00 0.000000E+00
    outer loop
      vertex -3.600000E+00 -1.090000E+01 6.000000E+00
      vertex -3.600000E+00 -1.340000E+01 2.000000E+00
      vertex -3.600000E+00 -1.340000E+01 6.000000E+00
    endloop
  endfacet
  facet normal 0.000000E+00 0.000000E+00 1.000000E+00
    outer loop
      vertex -2.781913E+01 -1.071135E+01 2.000000E+00
      vertex -2.960000E+01 -1.090000E+01 2.000000E+00
      vertex -2.960000E+01 -1.340000E+01 2.000000E+00
    endloop
  endfacet
  facet normal 0.000000E+00 0.000000E+00 1.000000E+00
    outer loop
      vertex -2.611732E+01 -1.015377E+01 2.000000E+00
      vertex -2.781913E+01 -1.071135E+01 2.000000E+00
      vertex -2.960000E+01 -1.340000E+01 2.000000E+00
    endloop
  endfacet
  facet normal 0.000000E+00 0.000000E+00 1.000000E+00
    outer loop
      vertex -2.457009E+01 -9.252007E+00 2.000000E+00
      vertex -2.611732E+01 -1.015377E+01 2.000000E+00
      vertex -2.960000E+01 -1.340000E+01 2.000000E+00
    endloop
  endfacet
  facet normal 0.000000E+00 0.000000E+00 1.000000E+00
    outer loop
      vertex -9.953865E+00 -8.046096E+00 2.000000E+00
      vertex -2.324614E+01 -8.046096E+00 2.000000E+00
      vertex -2.457009E+01 -9.252007E+00 2.000000E+00
    endloop
  endfacet
  facet normal 0.000000E+00 0.000000E+00 1.000000E+00
    outer loop
      vertex -8.629910E+00 -9.252007E+00 2.000000E+00
      vertex -9.953865E+00 -8.046096E+00 2.000000E+00
      vertex -2.457009E+01 -9.252007E+00 2.000000E+00
    endloop
  endfacet
  facet normal 0.000000E+00 0.000000E+00 1.000000E+00
    outer loop
      vertex -8.629910E+00 -9.252007E+00 2.000000E+00
      vertex -2.457009E+01 -9.252007E+00 2.000000E+00
      vertex -2.960000E+01 -1.340000E+01 2.000000E+00
    endloop
  endfacet
  facet normal 0.000000E+00 0.000000E+00 1.000000E+00
    outer loop
      vertex -1.099578E+01 -6.589562E+00 2.000000E+00
      vertex -2.220422E+01 -6.589562E+00 2.000000E+00
      vertex -2.324614E+01 -8.046096E+00 2.000000E+00
    endloop
  endfacet
  facet normal 0.000000E+00 0.000000E+00 1.000000E+00
    outer loop
      vertex -1.099578E+01 -6.589562E+00 2.000000E+00
      vertex -2.324614E+01 -8.046096E+00 2.000000E+00
      vertex -9.953865E+00 -8.046096E+00 2.000000E+00
    endloop
  endfacet
  facet normal 0.000000E+00 0.000000E+00 1.000000E+00
    outer loop
      vertex -3.600000E+00 -1.340000E+01 2.000000E+00
      vertex -7.082685E+00 -1.015377E+01 2.000000E+00
      vertex -8.629910E+00 -9.252007E+00 2.000000E+00
    endloop
  endfacet
  facet normal 0.000000E+00 0.000000E+00 1.000000E+00
    outer loop
      vertex -3.600000E+00 -1.340000E+01 2.000000E+00
      vertex -8.629910E+00 -9.252007E+00 2.000000E+00
      vertex -2.960000E+01 -1.340000E+01 2.000000E+00
    endloop
  endfacet
  facet normal 0.000000E+00 0.000000E+00 1.000000E+00
    outer loop
      vertex -1.170941E+01 -4.947060E+00 2.000000E+00
      vertex -2.149059E+01 -4.947060E+00 2.000000E+00
      vertex -2.220422E+01 -6.589562E+00 2.000000E+00
    endloop
  endfacet
  facet normal 0.000000E+00 0.000000E+00 1.000000E+00
    outer loop
      vertex -1.170941E+01 -4.947060E+00 2.000000E+00
      vertex -2.220422E+01 -6.589562E+00 2.000000E+00
      vertex -1.099578E+01 -6.589562E+00 2.000000E+00
    endloop
  endfacet
  facet normal 0.000000E+00 0.000000E+00 1.000000E+00
    outer loop
      vertex -5.380867E+00 -1.071135E+01 2.000000E+00
      vertex -7.082685E+00 -1.015377E+01 2.000000E+00
      vertex -3.600000E+00 -1.340000E+01 2.000000E+00
    endloop
  endfacet
  facet normal 0.000000E+00 0.000000E+00 1.000000E+00
    outer loop
      vertex -3.600000E+00 -1.090000E+01 2.000000E+00
      vertex -5.380867E+00 -1.071135E+01 2.000000E+00
      vertex -3.600000E+00 -1.340000E+01 2.000000E+00
    endloop
  endfacet
  facet normal 0.000000E+00 -1.000000E+00 0.000000E+00
    outer loop
      vertex -2.149059E+01 -4.947060E+00 2.000000E+00
      vertex -1.170941E+01 -4.947060E+00 6.000000E+00
      vertex -2.149059E+01 -4.947060E+00 6.000000E+00
    endloop
  endfacet
  facet normal 0.000000E+00 -1.000000E+00 0.000000E+00
    outer loop
      vertex -2.149059E+01 -4.947060E+00 2.000000E+00
      vertex -1.170941E+01 -4.947060E+00 2.000000E+00
      vertex -1.170941E+01 -4.947060E+00 6.000000E+00
    endloop
  endfacet
  facet normal 1.000000E+00 -0.000000E+00 0.000000E+00
    outer loop
      vertex -2.960000E+01 -1.340000E+01 6.000000E+00
      vertex -2.960000E+01 -1.090000E+01 2.000000E+00
      vertex -2.960000E+01 -1.090000E+01 6.000000E+00
    endloop
  endfacet
  facet normal 1.000000E+00 0.000000E+00 0.000000E+00
    outer loop
      vertex -2.960000E+01 -1.340000E+01 2.000000E+00
      vertex -2.960000E+01 -1.090000E+01 2.000000E+00
      vertex -2.960000E+01 -1.340000E+01 6.000000E+00
    endloop
  endfacet
  facet normal 0.000000E+00 0.000000E+00 1.000000E+00
    outer loop
      vertex -2.040425E+00 -1.075570E+01 6.000000E+00
      vertex -3.600000E+00 -1.090000E+01 6.000000E+00
      vertex -3.600000E+00 -1.340000E+01 6.000000E+00
    endloop
  endfacet
  facet normal 0.000000E+00 0.000000E+00 1.000000E+00
    outer loop
      vertex -5.338022E-01 -1.032770E+01 6.000000E+00
      vertex -2.040425E+00 -1.075570E+01 6.000000E+00
      vertex -3.600000E+00 -1.340000E+01 6.000000E+00
    endloop
  endfacet
  facet normal 0.000000E+00 0.000000E+00 1.000000E+00
    outer loop
      vertex 6.400000E+00 -1.340000E+01 6.000000E+00
      vertex 8.687145E-01 -9.630532E+00 6.000000E+00
      vertex -5.338022E-01 -1.032770E+01 6.000000E+00
    endloop
  endfacet
  facet normal 0.000000E+00 0.000000E+00 1.000000E+00
    outer loop
      vertex 6.400000E+00 -1.340000E+01 6.000000E+00
      vertex -5.338022E-01 -1.032770E+01 6.000000E+00
      vertex -3.600000E+00 -1.340000E+01 6.000000E+00
    endloop
  endfacet
  facet normal 0.000000E+00 0.000000E+00 1.000000E+00
    outer loop
      vertex 2.119505E+00 -8.687866E+00 6.000000E+00
      vertex 8.687145E-01 -9.630532E+00 6.000000E+00
      vertex 6.400000E+00 -1.340000E+01 6.000000E+00
    endloop
  endfacet
  facet normal 0.000000E+00 0.000000E+00 1.000000E+00
    outer loop
      vertex 3.176102E+00 -7.531709E+00 6.000000E+00
      vertex 2.119505E+00 -8.687866E+00 6.000000E+00
      vertex 6.400000E+00 -1.340000E+01 6.000000E+00
    endloop
  endfacet
  facet normal 0.000000E+00 0.000000E+00 1.000000E+00
    outer loop
      vertex 4.002631E+00 -6.201315E+00 6.000000E+00
      vertex 3.176102E+00 -7.531709E+00 6.000000E+00
      vertex 6.400000E+00 -1.340000E+01 6.000000E+00
    endloop
  endfacet
  facet normal 0.000000E+00 0.000000E+00 1.000000E+00
    outer loop
      vertex 4.497170E+00 -4.985699E+00 6.000000E+00
      vertex 4.002631E+00 -6.201315E+00 6.000000E+00
      vertex 6.400000E+00 -1.340000E+01 6.000000E+00
    endloop
  endfacet
  facet normal 0.000000E+00 0.000000E+00 1.000000E+00
    outer loop
      vertex 4.798689E+00 -3.708445E+00 6.000000E+00
      vertex 4.497170E+00 -4.985699E+00 6.000000E+00
      vertex 6.400000E+00 -1.340000E+01 6.000000E+00
    endloop
  endfacet
  facet normal 0.000000E+00 0.000000E+00 1.000000E+00
    outer loop
      vertex -3.600000E+00 8.600000E+00 6.000000E+00
      vertex -3.600000E+00 6.100000E+00 6.000000E+00
      vertex -1.941732E+00 5.936675E+00 6.000000E+00
    endloop
  endfacet
  facet normal 0.000000E+00 0.000000E+00 1.000000E+00
    outer loop
      vertex -3.471908E-01 5.452976E+00 6.000000E+00
      vertex -3.600000E+00 8.600000E+00 6.000000E+00
      vertex -1.941732E+00 5.936675E+00 6.000000E+00
    endloop
  endfacet
  facet normal 0.000000E+00 0.000000E+00 1.000000E+00
    outer loop
      vertex 6.400000E+00 8.600000E+00 6.000000E+00
      vertex -3.471908E-01 5.452976E+00 6.000000E+00
      vertex 1.122347E+00 4.667492E+00 6.000000E+00
    endloop
  endfacet
  facet normal 0.000000E+00 0.000000E+00 1.000000E+00
    outer loop
      vertex 6.400000E+00 8.600000E+00 6.000000E+00
      vertex 1.122347E+00 4.667492E+00 6.000000E+00
      vertex 2.410408E+00 3.610408E+00 6.000000E+00
    endloop
  endfacet
  facet normal 0.000000E+00 0.000000E+00 1.000000E+00
    outer loop
      vertex 6.400000E+00 8.600000E+00 6.000000E+00
      vertex 2.410408E+00 3.610408E+00 6.000000E+00
      vertex 3.467492E+00 2.322347E+00 6.000000E+00
    endloop
  endfacet
  facet normal 0.000000E+00 0.000000E+00 1.000000E+00
    outer loop
      vertex 6.400000E+00 8.600000E+00 6.000000E+00
      vertex 3.467492E+00 2.322347E+00 6.000000E+00
      vertex 4.252976E+00 8.528092E-01 6.000000E+00
    endloop
  endfacet
  facet normal 0.000000E+00 0.000000E+00 1.000000E+00
    outer loop
      vertex 6.400000E+00 8.600000E+00 6.000000E+00
      vertex 4.252976E+00 8.528092E-01 6.000000E+00
      vertex 4.736675E+00 -7.417322E-01 6.000000E+00
    endloop
  endfacet
  facet normal 0.000000E+00 0.000000E+00 1.000000E+00
    outer loop
      vertex 6.400000E+00 8.600000E+00 6.000000E+00
      vertex 4.736675E+00 -7.417322E-01 6.000000E+00
      vertex 4.900000E+00 -2.400000E+00 6.000000E+00
    endloop
  endfacet
  facet normal 0.000000E+00 0.000000E+00 1.000000E+00
    outer loop
      vertex 6.400000E+00 8.600000E+00 6.000000E+00
      vertex -3.600000E+00 8.600000E+00 6.000000E+00
      vertex -3.471908E-01 5.452976E+00 6.000000E+00
    endloop
  endfacet
  facet normal 0.000000E+00 -0.000000E+00 1.000000E+00
    outer loop
      vertex 6.400000E+00 -1.340000E+01 6.000000E+00
      vertex 6.400000E+00 8.600000E+00 6.000000E+00
      vertex 4.900000E+00 -2.400000E+00 6.000000E+00
    endloop
  endfacet
  facet normal 0.000000E+00 0.000000E+00 1.000000E+00
    outer loop
      vertex 6.400000E+00 -1.340000E+01 6.000000E+00
      vertex 4.900000E+00 -2.400000E+00 6.000000E+00
      vertex 4.798689E+00 -3.708445E+00 6.000000E+00
    endloop
  endfacet
  facet normal 0.000000E+00 0.000000E+00 1.000000E+00
    outer loop
      vertex -1.192566E+01 -4.112731E+00 6.000000E+00
      vertex -2.127434E+01 -4.112731E+00 6.000000E+00
      vertex -2.149059E+01 -4.947060E+00 6.000000E+00
    endloop
  endfacet
  facet normal 0.000000E+00 0.000000E+00 1.000000E+00
    outer loop
      vertex -1.192566E+01 -4.112731E+00 6.000000E+00
      vertex -2.149059E+01 -4.947060E+00 6.000000E+00
      vertex -1.170941E+01 -4.947060E+00 6.000000E+00
    endloop
  endfacet
  facet normal 0.000000E+00 0.000000E+00 1.000000E+00
    outer loop
      vertex -1.205630E+01 -3.260791E+00 6.000000E+00
      vertex -2.114370E+01 -3.260791E+00 6.000000E+00
      vertex -2.127434E+01 -4.112731E+00 6.000000E+00
    endloop
  endfacet
  facet normal 0.000000E+00 0.000000E+00 1.000000E+00
    outer loop
      vertex -1.205630E+01 -3.260791E+00 6.000000E+00
      vertex -2.127434E+01 -4.112731E+00 6.000000E+00
      vertex -1.192566E+01 -4.112731E+00 6.000000E+00
    endloop
  endfacet
  facet normal 0.000000E+00 0.000000E+00 1.000000E+00
    outer loop
      vertex -1.210000E+01 -2.400000E+00 6.000000E+00
      vertex -2.110000E+01 -2.400000E+00 6.000000E+00
      vertex -2.114370E+01 -3.260791E+00 6.000000E+00
    endloop
  endfacet
  facet normal 0.000000E+00 0.000000E+00 1.000000E+00
    outer loop
      vertex -1.210000E+01 -2.400000E+00 6.000000E+00
      vertex -2.114370E+01 -3.260791E+00 6.000000E+00
      vertex -1.205630E+01 -3.260791E+00 6.000000E+00
    endloop
  endfacet
  facet normal 0.000000E+00 0.000000E+00 1.000000E+00
    outer loop
      vertex -1.205725E+01 -1.548623E+00 6.000000E+00
      vertex -2.114275E+01 -1.548623E+00 6.000000E+00
      vertex -2.110000E+01 -2.400000E+00 6.000000E+00
    endloop
  endfacet
  facet normal 0.000000E+00 0.000000E+00 1.000000E+00
    outer loop
      vertex -1.205725E+01 -1.548623E+00 6.000000E+00
      vertex -2.110000E+01 -2.400000E+00 6.000000E+00
      vertex -1.210000E+01 -2.400000E+00 6.000000E+00
    endloop
  endfacet
  facet normal 0.000000E+00 0.000000E+00 1.000000E+00
    outer loop
      vertex -1.192945E+01 -7.058092E-01 6.000000E+00
      vertex -2.127055E+01 -7.058092E-01 6.000000E+00
      vertex -2.114275E+01 -1.548623E+00 6.000000E+00
    endloop
  endfacet
  facet normal 0.000000E+00 0.000000E+00 1.000000E+00
    outer loop
      vertex -1.192945E+01 -7.058092E-01 6.000000E+00
      vertex -2.114275E+01 -1.548623E+00 6.000000E+00
      vertex -1.205725E+01 -1.548623E+00 6.000000E+00
    endloop
  endfacet
  facet normal 0.000000E+00 0.000000E+00 1.000000E+00
    outer loop
      vertex -1.171787E+01 1.199651E-01 6.000000E+00
      vertex -2.148213E+01 1.199651E-01 6.000000E+00
      vertex -2.127055E+01 -7.058092E-01 6.000000E+00
    endloop
  endfacet
  facet normal 0.000000E+00 0.000000E+00 1.000000E+00
    outer loop
      vertex -1.171787E+01 1.199651E-01 6.000000E+00
      vertex -2.127055E+01 -7.058092E-01 6.000000E+00
      vertex -1.192945E+01 -7.058092E-01 6.000000E+00
    endloop
  endfacet
  facet normal 0.000000E+00 0.000000E+00 1.000000E+00
    outer loop
      vertex -3.666749E+01 -7.122347E+00 6.000000E+00
      vertex -3.960000E+01 -1.340000E+01 6.000000E+00
      vertex -3.561041E+01 -8.410408E+00 6.000000E+00
    endloop
  endfacet
  facet normal 0.000000E+00 0.000000E+00 1.000000E+00
    outer loop
      vertex -3.432235E+01 -9.467492E+00 6.000000E+00
      vertex -3.561041E+01 -8.410408E+00 6.000000E+00
      vertex -3.960000E+01 -1.340000E+01 6.000000E+00
    endloop
  endfacet
  facet normal 0.000000E+00 0.000000E+00 1.000000E+00
    outer loop
      vertex -3.745298E+01 -5.652809E+00 6.000000E+00
      vertex -3.960000E+01 -1.340000E+01 6.000000E+00
      vertex -3.666749E+01 -7.122347E+00 6.000000E+00
    endloop
  endfacet
  facet normal 0.000000E+00 0.000000E+00 1.000000E+00
    outer loop
      vertex -3.285281E+01 -1.025298E+01 6.000000E+00
      vertex -3.432235E+01 -9.467492E+00 6.000000E+00
      vertex -3.960000E+01 -1.340000E+01 6.000000E+00
    endloop
  endfacet
  facet normal 0.000000E+00 0.000000E+00 1.000000E+00
    outer loop
      vertex -2.960000E+01 -1.340000E+01 6.000000E+00
      vertex -3.285281E+01 -1.025298E+01 6.000000E+00
      vertex -3.960000E+01 -1.340000E+01 6.000000E+00
    endloop
  endfacet
  facet normal 0.000000E+00 0.000000E+00 1.000000E+00
    outer loop
      vertex -3.793668E+01 -4.058268E+00 6.000000E+00
      vertex -3.960000E+01 -1.340000E+01 6.000000E+00
      vertex -3.745298E+01 -5.652809E+00 6.000000E+00
    endloop
  endfacet
  facet normal 0.000000E+00 0.000000E+00 1.000000E+00
    outer loop
      vertex -3.125827E+01 -1.073668E+01 6.000000E+00
      vertex -3.285281E+01 -1.025298E+01 6.000000E+00
      vertex -2.960000E+01 -1.340000E+01 6.000000E+00
    endloop
  endfacet
  facet normal 0.000000E+00 0.000000E+00 1.000000E+00
    outer loop
      vertex -3.810000E+01 -2.400000E+00 6.000000E+00
      vertex -3.960000E+01 -1.340000E+01 6.000000E+00
      vertex -3.793668E+01 -4.058268E+00 6.000000E+00
    endloop
  endfacet
  facet normal 0.000000E+00 0.000000E+00 1.000000E+00
    outer loop
      vertex -2.960000E+01 -1.090000E+01 6.000000E+00
      vertex -3.125827E+01 -1.073668E+01 6.000000E+00
      vertex -2.960000E+01 -1.340000E+01 6.000000E+00
    endloop
  endfacet
  facet normal 0.000000E+00 0.000000E+00 1.000000E+00
    outer loop
      vertex -3.960000E+01 8.600000E+00 6.000000E+00
      vertex -3.810000E+01 -2.400000E+00 6.000000E+00
      vertex -3.793668E+01 -7.417322E-01 6.000000E+00
    endloop
  endfacet
  facet normal 0.000000E+00 0.000000E+00 1.000000E+00
    outer loop
      vertex -3.960000E+01 8.600000E+00 6.000000E+00
      vertex -3.793668E+01 -7.417322E-01 6.000000E+00
      vertex -3.745298E+01 8.528092E-01 6.000000E+00
    endloop
  endfacet
  facet normal 0.000000E+00 0.000000E+00 1.000000E+00
    outer loop
      vertex -3.960000E+01 8.600000E+00 6.000000E+00
      vertex -3.745298E+01 8.528092E-01 6.000000E+00
      vertex -3.666749E+01 2.322347E+00 6.000000E+00
    endloop
  endfacet
  facet normal 0.000000E+00 0.000000E+00 1.000000E+00
    outer loop
      vertex -3.960000E+01 8.600000E+00 6.000000E+00
      vertex -3.666749E+01 2.322347E+00 6.000000E+00
      vertex -3.561041E+01 3.610408E+00 6.000000E+00
    endloop
  endfacet
  facet normal 0.000000E+00 0.000000E+00 1.000000E+00
    outer loop
      vertex -3.432235E+01 4.667492E+00 6.000000E+00
      vertex -3.960000E+01 8.600000E+00 6.000000E+00
      vertex -3.561041E+01 3.610408E+00 6.000000E+00
    endloop
  endfacet
  facet normal 0.000000E+00 0.000000E+00 1.000000E+00
    outer loop
      vertex -3.285281E+01 5.452976E+00 6.000000E+00
      vertex -3.960000E+01 8.600000E+00 6.000000E+00
      vertex -3.432235E+01 4.667492E+00 6.000000E+00
    endloop
  endfacet
  facet normal 0.000000E+00 0.000000E+00 1.000000E+00
    outer loop
      vertex -2.960000E+01 8.600000E+00 6.000000E+00
      vertex -3.285281E+01 5.452976E+00 6.000000E+00
      vertex -3.125827E+01 5.936675E+00 6.000000E+00
    endloop
  endfacet
  facet normal 0.000000E+00 0.000000E+00 1.000000E+00
    outer loop
      vertex -2.960000E+01 8.600000E+00 6.000000E+00
      vertex -3.125827E+01 5.936675E+00 6.000000E+00
      vertex -2.960000E+01 6.100000E+00 6.000000E+00
    endloop
  endfacet
  facet normal 0.000000E+00 0.000000E+00 1.000000E+00
    outer loop
      vertex -2.960000E+01 8.600000E+00 6.000000E+00
      vertex -3.960000E+01 8.600000E+00 6.000000E+00
      vertex -3.285281E+01 5.452976E+00 6.000000E+00
    endloop
  endfacet
  facet normal 0.000000E+00 0.000000E+00 1.000000E+00
    outer loop
      vertex -3.960000E+01 8.600000E+00 6.000000E+00
      vertex -3.960000E+01 -1.340000E+01 6.000000E+00
      vertex -3.810000E+01 -2.400000E+00 6.000000E+00
    endloop
  endfacet
  facet normal 1.000000E+00 0.000000E+00 0.000000E+00
    outer loop
      vertex -3.960000E+01 -1.340000E+01 6.000000E+00
      vertex -3.960000E+01 8.600000E+00 1.500000E+01
      vertex -3.960000E+01 -1.340000E+01 1.500000E+01
    endloop
  endfacet
  facet normal 1.000000E+00 0.000000E+00 0.000000E+00
    outer loop
      vertex -3.960000E+01 -1.340000E+01 6.000000E+00
      vertex -3.960000E+01 8.600000E+00 6.000000E+00
      vertex -3.960000E+01 8.600000E+00 1.500000E+01
    endloop
  endfacet
  facet normal 0.000000E+00 1.000000E+00 -0.000000E+00
    outer loop
      vertex 6.400000E+00 -1.340000E+01 6.000000E+00
      vertex -3.600000E+00 -1.340000E+01 6.000000E+00
      vertex 6.400000E+00 -1.340000E+01 1.500000E+01
    endloop
  endfacet
  facet normal 0.000000E+00 1.000000E+00 -0.000000E+00
    outer loop
      vertex -3.600000E+00 -1.340000E+01 2.000000E+00
      vertex -2.960000E+01 -1.340000E+01 6.000000E+00
      vertex -3.600000E+00 -1.340000E+01 6.000000E+00
    endloop
  endfacet
  facet normal 0.000000E+00 1.000000E+00 -0.000000E+00
    outer loop
      vertex -3.600000E+00 -1.340000E+01 6.000000E+00
      vertex -2.960000E+01 -1.340000E+01 6.000000E+00
      vertex 6.400000E+00 -1.340000E+01 1.500000E+01
    endloop
  endfacet
  facet normal 0.000000E+00 1.000000E+00 -0.000000E+00
    outer loop
      vertex -2.960000E+01 -1.340000E+01 6.000000E+00
      vertex -3.960000E+01 -1.340000E+01 1.500000E+01
      vertex 6.400000E+00 -1.340000E+01 1.500000E+01
    endloop
  endfacet
  facet normal 0.000000E+00 1.000000E+00 0.000000E+00
    outer loop
      vertex -3.600000E+00 -1.340000E+01 2.000000E+00
      vertex -2.960000E+01 -1.340000E+01 2.000000E+00
      vertex -2.960000E+01 -1.340000E+01 6.000000E+00
    endloop
  endfacet
  facet normal 0.000000E+00 1.000000E+00 0.000000E+00
    outer loop
      vertex -2.960000E+01 -1.340000E+01 6.000000E+00
      vertex -3.960000E+01 -1.340000E+01 6.000000E+00
      vertex -3.960000E+01 -1.340000E+01 1.500000E+01
    endloop
  endfacet
  facet normal -1.000000E+00 -0.000000E+00 0.000000E+00
    outer loop
      vertex 6.400000E+00 8.600000E+00 1.500000E+01
      vertex 6.400000E+00 -1.340000E+01 6.000000E+00
      vertex 6.400000E+00 -1.340000E+01 1.500000E+01
    endloop
  endfacet
  facet normal -1.000000E+00 0.000000E+00 0.000000E+00
    outer loop
      vertex 6.400000E+00 8.600000E+00 6.000000E+00
      vertex 6.400000E+00 -1.340000E+01 6.000000E+00
      vertex 6.400000E+00 8.600000E+00 1.500000E+01
    endloop
  endfacet
endsolid 
