solid 
  facet normal -3.506648E-01 -3.180780E-01 8.808296E-01
    outer loop
      vertex -2.864706E+01 -1.862821E+00 1.831470E+00
      vertex -2.808649E+01 -2.224919E+00 1.923880E+00
      vertex -2.850751E+01 -1.760761E+00 1.923880E+00
    endloop
  endfacet
  facet normal -4.524136E-01 -6.289154E-01 6.322874E-01
    outer loop
      vertex -2.838538E+01 -2.559689E+00 1.555570E+00
      vertex -2.780013E+01 -2.980696E+00 1.555570E+00
      vertex -2.773851E+01 -2.872670E+00 1.707107E+00
    endloop
  endfacet
  facet normal -4.524133E-01 -6.289140E-01 6.322891E-01
    outer loop
      vertex -2.838538E+01 -2.559689E+00 1.555570E+00
      vertex -2.773851E+01 -2.872670E+00 1.707107E+00
      vertex -2.830256E+01 -2.466921E+00 1.707107E+00
    endloop
  endfacet
  facet normal -2.522901E-01 -1.465430E-01 9.564909E-01
    outer loop
      vertex -2.882227E+01 -1.218880E+00 1.923880E+00
      vertex -2.850751E+01 -1.760761E+00 1.923880E+00
      vertex -2.835609E+01 -1.650020E+00 1.980785E+00
    endloop
  endfacet
  facet normal -2.522916E-01 -1.465447E-01 9.564902E-01
    outer loop
      vertex -2.882227E+01 -1.218880E+00 1.923880E+00
      vertex -2.835609E+01 -1.650020E+00 1.980785E+00
      vertex -2.865105E+01 -1.142219E+00 1.980785E+00
    endloop
  endfacet
  facet normal -4.714404E-01 -4.276310E-01 7.712820E-01
    outer loop
      vertex -2.876938E+01 -1.952277E+00 1.707107E+00
      vertex -2.830256E+01 -2.466921E+00 1.707107E+00
      vertex -2.820163E+01 -2.353883E+00 1.831470E+00
    endloop
  endfacet
  facet normal -4.714398E-01 -4.276298E-01 7.712830E-01
    outer loop
      vertex -2.876938E+01 -1.952277E+00 1.707107E+00
      vertex -2.820163E+01 -2.353883E+00 1.831470E+00
      vertex -2.864706E+01 -1.862821E+00 1.831470E+00
    endloop
  endfacet
  facet normal -9.368554E-02 -3.060362E-02 9.951313E-01
    outer loop
      vertex -2.883340E+01 -5.839991E-01 1.980785E+00
      vertex -2.847299E+01 -1.062495E+00 2.000000E+00
      vertex -2.864262E+01 -5.432374E-01 2.000000E+00
    endloop
  endfacet
  facet normal -9.801205E-02 -1.035343E-02 9.951314E-01
    outer loop
      vertex -2.883340E+01 -5.839991E-01 1.980785E+00
      vertex -2.864262E+01 -5.432374E-01 2.000000E+00
      vertex -2.870000E+01 -7.624974E-16 2.000000E+00
    endloop
  endfacet
  facet normal -1.119617E-01 -7.119454E-03 9.936870E-01
    outer loop
      vertex -2.883340E+01 -5.839991E-01 1.980785E+00
      vertex -2.870000E+01 -7.624974E-16 2.000000E+00
      vertex -2.892252E+01 -7.897483E-16 1.974928E+00
    endloop
  endfacet
  facet normal -9.368485E-02 -3.060310E-02 9.951314E-01
    outer loop
      vertex -2.883340E+01 -5.839991E-01 1.980785E+00
      vertex -2.865105E+01 -1.142219E+00 1.980785E+00
      vertex -2.847299E+01 -1.062495E+00 2.000000E+00
    endloop
  endfacet
  facet normal -5.156399E-01 -7.168055E-01 4.693670E-01
    outer loop
      vertex -2.844693E+01 -2.628622E+00 1.382683E+00
      vertex -2.784591E+01 -3.060967E+00 1.382683E+00
      vertex -2.780013E+01 -2.980696E+00 1.555570E+00
    endloop
  endfacet
  facet normal -5.590771E-01 -7.771887E-01 2.888087E-01
    outer loop
      vertex -2.844693E+01 -2.628622E+00 1.382683E+00
      vertex -2.787411E+01 -3.110397E+00 1.195090E+00
      vertex -2.784591E+01 -3.060967E+00 1.382683E+00
    endloop
  endfacet
  facet normal -5.156403E-01 -7.168090E-01 4.693614E-01
    outer loop
      vertex -2.844693E+01 -2.628622E+00 1.382683E+00
      vertex -2.780013E+01 -2.980696E+00 1.555570E+00
      vertex -2.838538E+01 -2.559689E+00 1.555570E+00
    endloop
  endfacet
  facet normal -4.093831E-01 -2.377918E-01 8.808295E-01
    outer loop
      vertex -2.898006E+01 -1.289530E+00 1.831470E+00
      vertex -2.864706E+01 -1.862821E+00 1.831470E+00
      vertex -2.850751E+01 -1.760761E+00 1.923880E+00
    endloop
  endfacet
  facet normal -4.093811E-01 -2.377895E-01 8.808310E-01
    outer loop
      vertex -2.898006E+01 -1.289530E+00 1.831470E+00
      vertex -2.850751E+01 -1.760761E+00 1.923880E+00
      vertex -2.882227E+01 -1.218880E+00 1.923880E+00
    endloop
  endfacet
  facet normal -5.738323E-01 -5.205065E-01 6.322889E-01
    outer loop
      vertex -2.886976E+01 -2.025692E+00 1.555570E+00
      vertex -2.838538E+01 -2.559689E+00 1.555570E+00
      vertex -2.830256E+01 -2.466921E+00 1.707107E+00
    endloop
  endfacet
  facet normal -5.738335E-01 -5.205091E-01 6.322859E-01
    outer loop
      vertex -2.886976E+01 -2.025692E+00 1.555570E+00
      vertex -2.830256E+01 -2.466921E+00 1.707107E+00
      vertex -2.876938E+01 -1.952277E+00 1.707107E+00
    endloop
  endfacet
  facet normal -3.301556E-01 -2.731348E-02 9.435313E-01
    outer loop
      vertex -2.901685E+01 -6.231943E-01 1.923880E+00
      vertex -2.892252E+01 -7.897483E-16 1.974928E+00
      vertex -2.913388E+01 -8.156328E-16 1.900969E+00
    endloop
  endfacet
  facet normal -2.893468E-01 -3.456117E-02 9.566002E-01
    outer loop
      vertex -2.901685E+01 -6.231943E-01 1.923880E+00
      vertex -2.883340E+01 -5.839991E-01 1.980785E+00
      vertex -2.892252E+01 -7.897483E-16 1.974928E+00
    endloop
  endfacet
  facet normal -2.773420E-01 -9.059708E-02 9.564902E-01
    outer loop
      vertex -2.901685E+01 -6.231943E-01 1.923880E+00
      vertex -2.882227E+01 -1.218880E+00 1.923880E+00
      vertex -2.865105E+01 -1.142219E+00 1.980785E+00
    endloop
  endfacet
  facet normal -2.773407E-01 -9.059615E-02 9.564907E-01
    outer loop
      vertex -2.901685E+01 -6.231943E-01 1.923880E+00
      vertex -2.865105E+01 -1.142219E+00 1.980785E+00
      vertex -2.883340E+01 -5.839991E-01 1.980785E+00
    endloop
  endfacet
  facet normal -5.811800E-01 -8.079156E-01 9.747829E-02
    outer loop
      vertex -2.848483E+01 -2.671070E+00 1.195090E+00
      vertex -2.849763E+01 -2.685404E+00 1.000000E+00
      vertex -2.788363E+01 -3.127088E+00 1.000000E+00
    endloop
  endfacet
  facet normal -5.811785E-01 -8.079161E-01 9.748403E-02
    outer loop
      vertex -2.848483E+01 -2.671070E+00 1.195090E+00
      vertex -2.788363E+01 -3.127088E+00 1.000000E+00
      vertex -2.787411E+01 -3.110397E+00 1.195090E+00
    endloop
  endfacet
  facet normal -5.590742E-01 -7.771881E-01 2.888161E-01
    outer loop
      vertex -2.848483E+01 -2.671070E+00 1.195090E+00
      vertex -2.787411E+01 -3.110397E+00 1.195090E+00
      vertex -2.844693E+01 -2.628622E+00 1.382683E+00
    endloop
  endfacet
  facet normal -5.503848E-01 -3.196932E-01 7.712799E-01
    outer loop
      vertex -2.911836E+01 -1.351456E+00 1.707107E+00
      vertex -2.864706E+01 -1.862821E+00 1.831470E+00
      vertex -2.898006E+01 -1.289530E+00 1.831470E+00
    endloop
  endfacet
  facet normal -5.503821E-01 -3.196899E-01 7.712833E-01
    outer loop
      vertex -2.911836E+01 -1.351456E+00 1.707107E+00
      vertex -2.876938E+01 -1.952277E+00 1.707107E+00
      vertex -2.864706E+01 -1.862821E+00 1.831470E+00
    endloop
  endfacet
  facet normal -6.540267E-01 -5.932485E-01 4.693670E-01
    outer loop
      vertex -2.894435E+01 -2.080244E+00 1.382683E+00
      vertex -2.838538E+01 -2.559689E+00 1.555570E+00
      vertex -2.886976E+01 -2.025692E+00 1.555570E+00
    endloop
  endfacet
  facet normal -6.540279E-01 -5.932522E-01 4.693607E-01
    outer loop
      vertex -2.894435E+01 -2.080244E+00 1.382683E+00
      vertex -2.844693E+01 -2.628622E+00 1.382683E+00
      vertex -2.838538E+01 -2.559689E+00 1.555570E+00
    endloop
  endfacet
  facet normal -5.314397E-01 -4.720778E-02 8.457797E-01
    outer loop
      vertex -2.918592E+01 -6.593168E-01 1.831470E+00
      vertex -2.913388E+01 -8.156328E-16 1.900969E+00
      vertex -2.932349E+01 -8.388528E-16 1.781832E+00
    endloop
  endfacet
  facet normal -4.500285E-01 -1.470066E-01 8.808311E-01
    outer loop
      vertex -2.918592E+01 -6.593168E-01 1.831470E+00
      vertex -2.898006E+01 -1.289530E+00 1.831470E+00
      vertex -2.882227E+01 -1.218880E+00 1.923880E+00
    endloop
  endfacet
  facet normal -4.696545E-01 -5.580604E-02 8.810847E-01
    outer loop
      vertex -2.918592E+01 -6.593168E-01 1.831470E+00
      vertex -2.901685E+01 -6.231943E-01 1.923880E+00
      vertex -2.913388E+01 -8.156328E-16 1.900969E+00
    endloop
  endfacet
  facet normal -4.500299E-01 -1.470076E-01 8.808302E-01
    outer loop
      vertex -2.918592E+01 -6.593168E-01 1.831470E+00
      vertex -2.882227E+01 -1.218880E+00 1.923880E+00
      vertex -2.901685E+01 -6.231943E-01 1.923880E+00
    endloop
  endfacet
  facet normal -6.699224E-01 -3.891260E-01 6.322855E-01
    outer loop
      vertex -2.923187E+01 -1.402277E+00 1.555570E+00
      vertex -2.886976E+01 -2.025692E+00 1.555570E+00
      vertex -2.876938E+01 -1.952277E+00 1.707107E+00
    endloop
  endfacet
  facet normal -6.699212E-01 -3.891242E-01 6.322880E-01
    outer loop
      vertex -2.923187E+01 -1.402277E+00 1.555570E+00
      vertex -2.876938E+01 -1.952277E+00 1.707107E+00
      vertex -2.911836E+01 -1.351456E+00 1.707107E+00
    endloop
  endfacet
  facet normal -7.371562E-01 -6.686545E-01 9.747717E-02
    outer loop
      vertex -2.899028E+01 -2.113837E+00 1.195090E+00
      vertex -2.900579E+01 -2.125180E+00 1.000000E+00
      vertex -2.849763E+01 -2.685404E+00 1.000000E+00
    endloop
  endfacet
  facet normal -7.091188E-01 -6.432238E-01 2.888143E-01
    outer loop
      vertex -2.899028E+01 -2.113837E+00 1.195090E+00
      vertex -2.844693E+01 -2.628622E+00 1.382683E+00
      vertex -2.894435E+01 -2.080244E+00 1.382683E+00
    endloop
  endfacet
  facet normal -7.371562E-01 -6.686546E-01 9.747758E-02
    outer loop
      vertex -2.899028E+01 -2.113837E+00 1.195090E+00
      vertex -2.849763E+01 -2.685404E+00 1.000000E+00
      vertex -2.848483E+01 -2.671070E+00 1.195090E+00
    endloop
  endfacet
  facet normal -7.091188E-01 -6.432226E-01 2.888171E-01
    outer loop
      vertex -2.899028E+01 -2.113837E+00 1.195090E+00
      vertex -2.848483E+01 -2.671070E+00 1.195090E+00
      vertex -2.844693E+01 -2.628622E+00 1.382683E+00
    endloop
  endfacet
  facet normal -6.050339E-01 -1.976407E-01 7.712795E-01
    outer loop
      vertex -2.933412E+01 -6.909785E-01 1.707107E+00
      vertex -2.898006E+01 -1.289530E+00 1.831470E+00
      vertex -2.918592E+01 -6.593168E-01 1.831470E+00
    endloop
  endfacet
  facet normal -7.055930E-01 -6.545398E-02 7.055877E-01
    outer loop
      vertex -2.933412E+01 -6.909785E-01 1.707107E+00
      vertex -2.932349E+01 -8.388528E-16 1.781832E+00
      vertex -2.948183E+01 -8.582441E-16 1.623490E+00
    endloop
  endfacet
  facet normal -6.050335E-01 -1.976404E-01 7.712800E-01
    outer loop
      vertex -2.933412E+01 -6.909785E-01 1.707107E+00
      vertex -2.911836E+01 -1.351456E+00 1.707107E+00
      vertex -2.898006E+01 -1.289530E+00 1.831470E+00
    endloop
  endfacet
  facet normal -6.317947E-01 -7.372992E-02 7.716212E-01
    outer loop
      vertex -2.933412E+01 -6.909785E-01 1.707107E+00
      vertex -2.918592E+01 -6.593168E-01 1.831470E+00
      vertex -2.932349E+01 -8.388528E-16 1.781832E+00
    endloop
  endfacet
  facet normal -7.635434E-01 -4.435042E-01 4.693672E-01
    outer loop
      vertex -2.931621E+01 -1.440040E+00 1.382683E+00
      vertex -2.894435E+01 -2.080244E+00 1.382683E+00
      vertex -2.886976E+01 -2.025692E+00 1.555570E+00
    endloop
  endfacet
  facet normal -7.635449E-01 -4.435068E-01 4.693621E-01
    outer loop
      vertex -2.931621E+01 -1.440040E+00 1.382683E+00
      vertex -2.886976E+01 -2.025692E+00 1.555570E+00
      vertex -2.923187E+01 -1.402277E+00 1.555570E+00
    endloop
  endfacet
  facet normal -5.755356E-02 -8.000691E-02 9.951314E-01
    outer loop
      vertex -2.796155E+01 -2.084985E+00 1.980785E+00
      vertex -2.748483E+01 -2.427915E+00 1.980785E+00
      vertex -2.738817E+01 -2.258452E+00 2.000000E+00
    endloop
  endfacet
  facet normal -7.364376E-01 -2.405655E-01 6.322879E-01
    outer loop
      vertex -2.945573E+01 -7.169626E-01 1.555570E+00
      vertex -2.923187E+01 -1.402277E+00 1.555570E+00
      vertex -2.911836E+01 -1.351456E+00 1.707107E+00
    endloop
  endfacet
  facet normal -7.694554E-01 -8.793646E-02 6.326181E-01
    outer loop
      vertex -2.945573E+01 -7.169626E-01 1.555570E+00
      vertex -2.933412E+01 -6.909785E-01 1.707107E+00
      vertex -2.948183E+01 -8.582441E-16 1.623490E+00
    endloop
  endfacet
  facet normal -5.755372E-02 -8.000746E-02 9.951313E-01
    outer loop
      vertex -2.796155E+01 -2.084985E+00 1.980785E+00
      vertex -2.738817E+01 -2.258452E+00 2.000000E+00
      vertex -2.783162E+01 -1.939458E+00 2.000000E+00
    endloop
  endfacet
  facet normal -8.439425E-01 -8.095389E-02 5.302901E-01
    outer loop
      vertex -2.945573E+01 -7.169626E-01 1.555570E+00
      vertex -2.948183E+01 -8.582441E-16 1.623490E+00
      vertex -2.960097E+01 -8.728343E-16 1.433884E+00
    endloop
  endfacet
  facet normal -7.364365E-01 -2.405645E-01 6.322894E-01
    outer loop
      vertex -2.945573E+01 -7.169626E-01 1.555570E+00
      vertex -2.911836E+01 -1.351456E+00 1.707107E+00
      vertex -2.933412E+01 -6.909785E-01 1.707107E+00
    endloop
  endfacet
  facet normal -8.605934E-01 -4.998773E-01 9.747666E-02
    outer loop
      vertex -2.936815E+01 -1.463295E+00 1.195090E+00
      vertex -2.900579E+01 -2.125180E+00 1.000000E+00
      vertex -2.899028E+01 -2.113837E+00 1.195090E+00
    endloop
  endfacet
  facet normal -8.605935E-01 -4.998772E-01 9.747610E-02
    outer loop
      vertex -2.936815E+01 -1.463295E+00 1.195090E+00
      vertex -2.938568E+01 -1.471147E+00 1.000000E+00
      vertex -2.900579E+01 -2.125180E+00 1.000000E+00
    endloop
  endfacet
  facet normal -8.278616E-01 -4.808650E-01 2.888148E-01
    outer loop
      vertex -2.936815E+01 -1.463295E+00 1.195090E+00
      vertex -2.899028E+01 -2.113837E+00 1.195090E+00
      vertex -2.894435E+01 -2.080244E+00 1.382683E+00
    endloop
  endfacet
  facet normal -1.703779E-01 -2.368478E-01 9.564908E-01
    outer loop
      vertex -2.808649E+01 -2.224919E+00 1.923880E+00
      vertex -2.757778E+01 -2.590865E+00 1.923880E+00
      vertex -2.748483E+01 -2.427915E+00 1.980785E+00
    endloop
  endfacet
  facet normal -8.278610E-01 -4.808631E-01 2.888197E-01
    outer loop
      vertex -2.936815E+01 -1.463295E+00 1.195090E+00
      vertex -2.894435E+01 -2.080244E+00 1.382683E+00
      vertex -2.931621E+01 -1.440040E+00 1.382683E+00
    endloop
  endfacet
  facet normal -8.393577E-01 -2.741859E-01 4.693620E-01
    outer loop
      vertex -2.954610E+01 -7.362704E-01 1.382683E+00
      vertex -2.931621E+01 -1.440040E+00 1.382683E+00
      vertex -2.923187E+01 -1.402277E+00 1.555570E+00
    endloop
  endfacet
  facet normal -8.774245E-01 -9.803868E-02 4.695899E-01
    outer loop
      vertex -2.954610E+01 -7.362704E-01 1.382683E+00
      vertex -2.945573E+01 -7.169626E-01 1.555570E+00
      vertex -2.960097E+01 -8.728343E-16 1.433884E+00
    endloop
  endfacet
  facet normal -9.398010E-01 -9.289987E-02 3.288519E-01
    outer loop
      vertex -2.954610E+01 -7.362704E-01 1.382683E+00
      vertex -2.960097E+01 -8.728343E-16 1.433884E+00
      vertex -2.967493E+01 -8.818916E-16 1.222521E+00
    endloop
  endfacet
  facet normal -1.703777E-01 -2.368471E-01 9.564909E-01
    outer loop
      vertex -2.808649E+01 -2.224919E+00 1.923880E+00
      vertex -2.748483E+01 -2.427915E+00 1.980785E+00
      vertex -2.796155E+01 -2.084985E+00 1.980785E+00
    endloop
  endfacet
  facet normal -8.393571E-01 -2.741852E-01 4.693635E-01
    outer loop
      vertex -2.954610E+01 -7.362704E-01 1.382683E+00
      vertex -2.923187E+01 -1.402277E+00 1.555570E+00
      vertex -2.945573E+01 -7.169626E-01 1.555570E+00
    endloop
  endfacet
  facet normal -9.460418E-01 -3.090339E-01 9.748270E-02
    outer loop
      vertex -2.960175E+01 -7.481602E-01 1.195090E+00
      vertex -2.962054E+01 -7.521749E-01 1.000000E+00
      vertex -2.938568E+01 -1.471147E+00 1.000000E+00
    endloop
  endfacet
  facet normal -7.300014E-02 -6.621633E-02 9.951313E-01
    outer loop
      vertex -2.835609E+01 -1.650020E+00 1.980785E+00
      vertex -2.783162E+01 -1.939458E+00 2.000000E+00
      vertex -2.819863E+01 -1.534852E+00 2.000000E+00
    endloop
  endfacet
  facet normal -9.897303E-01 -1.045506E-01 9.748284E-02
    outer loop
      vertex -2.960175E+01 -7.481602E-01 1.195090E+00
      vertex -2.970000E+01 -7.981454E-16 1.000000E+00
      vertex -2.962054E+01 -7.521749E-01 1.000000E+00
    endloop
  endfacet
  facet normal -9.460431E-01 -3.090324E-01 9.747563E-02
    outer loop
      vertex -2.960175E+01 -7.481602E-01 1.195090E+00
      vertex -2.938568E+01 -1.471147E+00 1.000000E+00
      vertex -2.936815E+01 -1.463295E+00 1.195090E+00
    endloop
  endfacet
  facet normal -9.100621E-01 -2.972823E-01 2.888085E-01
    outer loop
      vertex -2.960175E+01 -7.481602E-01 1.195090E+00
      vertex -2.931621E+01 -1.440040E+00 1.382683E+00
      vertex -2.954610E+01 -7.362704E-01 1.382683E+00
    endloop
  endfacet
  facet normal -9.100596E-01 -2.972781E-01 2.888203E-01
    outer loop
      vertex -2.960175E+01 -7.481602E-01 1.195090E+00
      vertex -2.936815E+01 -1.463295E+00 1.195090E+00
      vertex -2.931621E+01 -1.440040E+00 1.382683E+00
    endloop
  endfacet
  facet normal -9.886528E-01 -1.007815E-01 1.113944E-01
    outer loop
      vertex -2.960175E+01 -7.481602E-01 1.195090E+00
      vertex -2.967493E+01 -8.818916E-16 1.222521E+00
      vertex -2.970000E+01 -7.981454E-16 1.000000E+00
    endloop
  endfacet
  facet normal -9.517294E-01 -1.036782E-01 2.888982E-01
    outer loop
      vertex -2.960175E+01 -7.481602E-01 1.195090E+00
      vertex -2.954610E+01 -7.362704E-01 1.382683E+00
      vertex -2.967493E+01 -8.818916E-16 1.222521E+00
    endloop
  endfacet
  facet normal -7.300018E-02 -6.621640E-02 9.951314E-01
    outer loop
      vertex -2.835609E+01 -1.650020E+00 1.980785E+00
      vertex -2.796155E+01 -2.084985E+00 1.980785E+00
      vertex -2.783162E+01 -1.939458E+00 2.000000E+00
    endloop
  endfacet
  facet normal -2.764662E-01 -3.843239E-01 8.808300E-01
    outer loop
      vertex -2.820163E+01 -2.353883E+00 1.831470E+00
      vertex -2.766343E+01 -2.741040E+00 1.831470E+00
      vertex -2.757778E+01 -2.590865E+00 1.923880E+00
    endloop
  endfacet
  facet normal -2.764666E-01 -3.843251E-01 8.808294E-01
    outer loop
      vertex -2.820163E+01 -2.353883E+00 1.831470E+00
      vertex -2.757778E+01 -2.590865E+00 1.923880E+00
      vertex -2.808649E+01 -2.224919E+00 1.923880E+00
    endloop
  endfacet
  facet normal -2.161034E-01 -1.960212E-01 9.564909E-01
    outer loop
      vertex -2.850751E+01 -1.760761E+00 1.923880E+00
      vertex -2.808649E+01 -2.224919E+00 1.923880E+00
      vertex -2.796155E+01 -2.084985E+00 1.980785E+00
    endloop
  endfacet
  facet normal -2.161036E-01 -1.960215E-01 9.564909E-01
    outer loop
      vertex -2.850751E+01 -1.760761E+00 1.923880E+00
      vertex -2.796155E+01 -2.084985E+00 1.980785E+00
      vertex -2.835609E+01 -1.650020E+00 1.980785E+00
    endloop
  endfacet
  facet normal -3.716880E-01 -5.166953E-01 7.712807E-01
    outer loop
      vertex -2.830256E+01 -2.466921E+00 1.707107E+00
      vertex -2.773851E+01 -2.872670E+00 1.707107E+00
      vertex -2.766343E+01 -2.741040E+00 1.831470E+00
    endloop
  endfacet
  facet normal -3.716878E-01 -5.166942E-01 7.712816E-01
    outer loop
      vertex -2.830256E+01 -2.466921E+00 1.707107E+00
      vertex -2.766343E+01 -2.741040E+00 1.831470E+00
      vertex -2.820163E+01 -2.353883E+00 1.831470E+00
    endloop
  endfacet
  facet normal -8.522315E-02 -4.950180E-02 9.951314E-01
    outer loop
      vertex -2.865105E+01 -1.142219E+00 1.980785E+00
      vertex -2.819863E+01 -1.534852E+00 2.000000E+00
      vertex -2.847299E+01 -1.062495E+00 2.000000E+00
    endloop
  endfacet
  facet normal -8.522392E-02 -4.950270E-02 9.951313E-01
    outer loop
      vertex -2.865105E+01 -1.142219E+00 1.980785E+00
      vertex -2.835609E+01 -1.650020E+00 1.980785E+00
      vertex -2.819863E+01 -1.534852E+00 2.000000E+00
    endloop
  endfacet
  facet normal -3.506650E-01 -3.180784E-01 8.808293E-01
    outer loop
      vertex -2.864706E+01 -1.862821E+00 1.831470E+00
      vertex -2.820163E+01 -2.353883E+00 1.831470E+00
      vertex -2.808649E+01 -2.224919E+00 1.923880E+00
    endloop
  endfacet
  facet normal 8.439425E-01 -8.095389E-02 5.302901E-01
    outer loop
      vertex 2.945573E+01 -7.169626E-01 1.555570E+00
      vertex 2.960097E+01 8.728343E-16 1.433884E+00
      vertex 2.948183E+01 8.582441E-16 1.623490E+00
    endloop
  endfacet
  facet normal 7.694554E-01 -8.793646E-02 6.326181E-01
    outer loop
      vertex 2.945573E+01 -7.169626E-01 1.555570E+00
      vertex 2.948183E+01 8.582441E-16 1.623490E+00
      vertex 2.933412E+01 -6.909785E-01 1.707107E+00
    endloop
  endfacet
  facet normal 2.522897E-01 -1.465436E-01 9.564909E-01
    outer loop
      vertex 2.850751E+01 -1.760761E+00 1.923880E+00
      vertex 2.865105E+01 -1.142219E+00 1.980785E+00
      vertex 2.835609E+01 -1.650020E+00 1.980785E+00
    endloop
  endfacet
  facet normal 2.522919E-01 -1.465441E-01 9.564903E-01
    outer loop
      vertex 2.850751E+01 -1.760761E+00 1.923880E+00
      vertex 2.882227E+01 -1.218880E+00 1.923880E+00
      vertex 2.865105E+01 -1.142219E+00 1.980785E+00
    endloop
  endfacet
  facet normal 6.050333E-01 -1.976406E-01 7.712801E-01
    outer loop
      vertex 2.911836E+01 -1.351456E+00 1.707107E+00
      vertex 2.918592E+01 -6.593168E-01 1.831470E+00
      vertex 2.898006E+01 -1.289530E+00 1.831470E+00
    endloop
  endfacet
  facet normal 6.050339E-01 -1.976405E-01 7.712795E-01
    outer loop
      vertex 2.911836E+01 -1.351456E+00 1.707107E+00
      vertex 2.933412E+01 -6.909785E-01 1.707107E+00
      vertex 2.918592E+01 -6.593168E-01 1.831470E+00
    endloop
  endfacet
  facet normal 7.300019E-02 -6.621638E-02 9.951314E-01
    outer loop
      vertex 2.796155E+01 -2.084985E+00 1.980785E+00
      vertex 2.819863E+01 -1.534852E+00 2.000000E+00
      vertex 2.783162E+01 -1.939458E+00 2.000000E+00
    endloop
  endfacet
  facet normal 5.755372E-02 -8.000746E-02 9.951313E-01
    outer loop
      vertex 2.796155E+01 -2.084985E+00 1.980785E+00
      vertex 2.783162E+01 -1.939458E+00 2.000000E+00
      vertex 2.738817E+01 -2.258452E+00 2.000000E+00
    endloop
  endfacet
  facet normal 5.755356E-02 -8.000691E-02 9.951314E-01
    outer loop
      vertex 2.796155E+01 -2.084985E+00 1.980785E+00
      vertex 2.738817E+01 -2.258452E+00 2.000000E+00
      vertex 2.748483E+01 -2.427915E+00 1.980785E+00
    endloop
  endfacet
  facet normal 7.300013E-02 -6.621636E-02 9.951313E-01
    outer loop
      vertex 2.796155E+01 -2.084985E+00 1.980785E+00
      vertex 2.835609E+01 -1.650020E+00 1.980785E+00
      vertex 2.819863E+01 -1.534852E+00 2.000000E+00
    endloop
  endfacet
  facet normal 9.398010E-01 -9.289987E-02 3.288519E-01
    outer loop
      vertex 2.954610E+01 -7.362704E-01 1.382683E+00
      vertex 2.967493E+01 8.818916E-16 1.222521E+00
      vertex 2.960097E+01 8.728343E-16 1.433884E+00
    endloop
  endfacet
  facet normal 8.774245E-01 -9.803868E-02 4.695899E-01
    outer loop
      vertex 2.954610E+01 -7.362704E-01 1.382683E+00
      vertex 2.960097E+01 8.728343E-16 1.433884E+00
      vertex 2.945573E+01 -7.169626E-01 1.555570E+00
    endloop
  endfacet
  facet normal 4.093807E-01 -2.377904E-01 8.808310E-01
    outer loop
      vertex 2.864706E+01 -1.862821E+00 1.831470E+00
      vertex 2.898006E+01 -1.289530E+00 1.831470E+00
      vertex 2.882227E+01 -1.218880E+00 1.923880E+00
    endloop
  endfacet
  facet normal 4.093837E-01 -2.377910E-01 8.808294E-01
    outer loop
      vertex 2.864706E+01 -1.862821E+00 1.831470E+00
      vertex 2.882227E+01 -1.218880E+00 1.923880E+00
      vertex 2.850751E+01 -1.760761E+00 1.923880E+00
    endloop
  endfacet
  facet normal 7.364364E-01 -2.405651E-01 6.322894E-01
    outer loop
      vertex 2.923187E+01 -1.402277E+00 1.555570E+00
      vertex 2.945573E+01 -7.169626E-01 1.555570E+00
      vertex 2.933412E+01 -6.909785E-01 1.707107E+00
    endloop
  endfacet
  facet normal 7.364379E-01 -2.405649E-01 6.322878E-01
    outer loop
      vertex 2.923187E+01 -1.402277E+00 1.555570E+00
      vertex 2.933412E+01 -6.909785E-01 1.707107E+00
      vertex 2.911836E+01 -1.351456E+00 1.707107E+00
    endloop
  endfacet
  facet normal 1.703779E-01 -2.368478E-01 9.564908E-01
    outer loop
      vertex 2.808649E+01 -2.224919E+00 1.923880E+00
      vertex 2.748483E+01 -2.427915E+00 1.980785E+00
      vertex 2.757778E+01 -2.590865E+00 1.923880E+00
    endloop
  endfacet
  facet normal 2.161036E-01 -1.960214E-01 9.564909E-01
    outer loop
      vertex 2.808649E+01 -2.224919E+00 1.923880E+00
      vertex 2.850751E+01 -1.760761E+00 1.923880E+00
      vertex 2.835609E+01 -1.650020E+00 1.980785E+00
    endloop
  endfacet
  facet normal 1.703777E-01 -2.368471E-01 9.564909E-01
    outer loop
      vertex 2.808649E+01 -2.224919E+00 1.923880E+00
      vertex 2.796155E+01 -2.084985E+00 1.980785E+00
      vertex 2.748483E+01 -2.427915E+00 1.980785E+00
    endloop
  endfacet
  facet normal 2.161034E-01 -1.960213E-01 9.564909E-01
    outer loop
      vertex 2.808649E+01 -2.224919E+00 1.923880E+00
      vertex 2.835609E+01 -1.650020E+00 1.980785E+00
      vertex 2.796155E+01 -2.084985E+00 1.980785E+00
    endloop
  endfacet
  facet normal 9.897303E-01 -1.045506E-01 9.748284E-02
    outer loop
      vertex 2.960175E+01 -7.481602E-01 1.195090E+00
      vertex 2.962054E+01 -7.521749E-01 1.000000E+00
      vertex 2.970000E+01 7.981454E-16 1.000000E+00
    endloop
  endfacet
  facet normal 9.886528E-01 -1.007815E-01 1.113944E-01
    outer loop
      vertex 2.960175E+01 -7.481602E-01 1.195090E+00
      vertex 2.970000E+01 7.981454E-16 1.000000E+00
      vertex 2.967493E+01 8.818916E-16 1.222521E+00
    endloop
  endfacet
  facet normal 9.517294E-01 -1.036782E-01 2.888982E-01
    outer loop
      vertex 2.960175E+01 -7.481602E-01 1.195090E+00
      vertex 2.967493E+01 8.818916E-16 1.222521E+00
      vertex 2.954610E+01 -7.362704E-01 1.382683E+00
    endloop
  endfacet
  facet normal 5.503812E-01 -3.196911E-01 7.712834E-01
    outer loop
      vertex 2.876938E+01 -1.952277E+00 1.707107E+00
      vertex 2.898006E+01 -1.289530E+00 1.831470E+00
      vertex 2.864706E+01 -1.862821E+00 1.831470E+00
    endloop
  endfacet
  facet normal 5.503856E-01 -3.196919E-01 7.712800E-01
    outer loop
      vertex 2.876938E+01 -1.952277E+00 1.707107E+00
      vertex 2.911836E+01 -1.351456E+00 1.707107E+00
      vertex 2.898006E+01 -1.289530E+00 1.831470E+00
    endloop
  endfacet
  facet normal 8.393570E-01 -2.741857E-01 4.693635E-01
    outer loop
      vertex 2.931621E+01 -1.440040E+00 1.382683E+00
      vertex 2.954610E+01 -7.362704E-01 1.382683E+00
      vertex 2.945573E+01 -7.169626E-01 1.555570E+00
    endloop
  endfacet
  facet normal 8.393578E-01 -2.741855E-01 4.693620E-01
    outer loop
      vertex 2.931621E+01 -1.440040E+00 1.382683E+00
      vertex 2.945573E+01 -7.169626E-01 1.555570E+00
      vertex 2.923187E+01 -1.402277E+00 1.555570E+00
    endloop
  endfacet
  facet normal 2.764662E-01 -3.843239E-01 8.808300E-01
    outer loop
      vertex 2.820163E+01 -2.353883E+00 1.831470E+00
      vertex 2.757778E+01 -2.590865E+00 1.923880E+00
      vertex 2.766343E+01 -2.741040E+00 1.831470E+00
    endloop
  endfacet
  facet normal 3.506652E-01 -3.180783E-01 8.808292E-01
    outer loop
      vertex 2.820163E+01 -2.353883E+00 1.831470E+00
      vertex 2.850751E+01 -1.760761E+00 1.923880E+00
      vertex 2.808649E+01 -2.224919E+00 1.923880E+00
    endloop
  endfacet
  facet normal 2.764666E-01 -3.843251E-01 8.808294E-01
    outer loop
      vertex 2.820163E+01 -2.353883E+00 1.831470E+00
      vertex 2.808649E+01 -2.224919E+00 1.923880E+00
      vertex 2.757778E+01 -2.590865E+00 1.923880E+00
    endloop
  endfacet
  facet normal 3.506646E-01 -3.180781E-01 8.808295E-01
    outer loop
      vertex 2.820163E+01 -2.353883E+00 1.831470E+00
      vertex 2.864706E+01 -1.862821E+00 1.831470E+00
      vertex 2.850751E+01 -1.760761E+00 1.923880E+00
    endloop
  endfacet
  facet normal 6.699207E-01 -3.891250E-01 6.322879E-01
    outer loop
      vertex 2.886976E+01 -2.025692E+00 1.555570E+00
      vertex 2.923187E+01 -1.402277E+00 1.555570E+00
      vertex 2.911836E+01 -1.351456E+00 1.707107E+00
    endloop
  endfacet
  facet normal 6.699229E-01 -3.891253E-01 6.322855E-01
    outer loop
      vertex 2.886976E+01 -2.025692E+00 1.555570E+00
      vertex 2.911836E+01 -1.351456E+00 1.707107E+00
      vertex 2.876938E+01 -1.952277E+00 1.707107E+00
    endloop
  endfacet
  facet normal 9.100586E-01 -2.972812E-01 2.888204E-01
    outer loop
      vertex 2.936815E+01 -1.463295E+00 1.195090E+00
      vertex 2.954610E+01 -7.362704E-01 1.382683E+00
      vertex 2.931621E+01 -1.440040E+00 1.382683E+00
    endloop
  endfacet
  facet normal 9.460425E-01 -3.090341E-01 9.747565E-02
    outer loop
      vertex 2.936815E+01 -1.463295E+00 1.195090E+00
      vertex 2.938568E+01 -1.471147E+00 1.000000E+00
      vertex 2.962054E+01 -7.521749E-01 1.000000E+00
    endloop
  endfacet
  facet normal 9.460424E-01 -3.090322E-01 9.748274E-02
    outer loop
      vertex 2.936815E+01 -1.463295E+00 1.195090E+00
      vertex 2.962054E+01 -7.521749E-01 1.000000E+00
      vertex 2.960175E+01 -7.481602E-01 1.195090E+00
    endloop
  endfacet
  facet normal 9.100630E-01 -2.972792E-01 2.888086E-01
    outer loop
      vertex 2.936815E+01 -1.463295E+00 1.195090E+00
      vertex 2.960175E+01 -7.481602E-01 1.195090E+00
      vertex 2.954610E+01 -7.362704E-01 1.382683E+00
    endloop
  endfacet
  facet normal 4.714406E-01 -4.276306E-01 7.712819E-01
    outer loop
      vertex 2.830256E+01 -2.466921E+00 1.707107E+00
      vertex 2.864706E+01 -1.862821E+00 1.831470E+00
      vertex 2.820163E+01 -2.353883E+00 1.831470E+00
    endloop
  endfacet
  facet normal 3.716880E-01 -5.166953E-01 7.712807E-01
    outer loop
      vertex 2.830256E+01 -2.466921E+00 1.707107E+00
      vertex 2.766343E+01 -2.741040E+00 1.831470E+00
      vertex 2.773851E+01 -2.872670E+00 1.707107E+00
    endloop
  endfacet
  facet normal 4.714395E-01 -4.276301E-01 7.712829E-01
    outer loop
      vertex 2.830256E+01 -2.466921E+00 1.707107E+00
      vertex 2.876938E+01 -1.952277E+00 1.707107E+00
      vertex 2.864706E+01 -1.862821E+00 1.831470E+00
    endloop
  endfacet
  facet normal 3.716878E-01 -5.166942E-01 7.712816E-01
    outer loop
      vertex 2.830256E+01 -2.466921E+00 1.707107E+00
      vertex 2.820163E+01 -2.353883E+00 1.831470E+00
      vertex 2.766343E+01 -2.741040E+00 1.831470E+00
    endloop
  endfacet
  facet normal 7.635426E-01 -4.435055E-01 4.693672E-01
    outer loop
      vertex 2.894435E+01 -2.080244E+00 1.382683E+00
      vertex 2.923187E+01 -1.402277E+00 1.555570E+00
      vertex 2.886976E+01 -2.025692E+00 1.555570E+00
    endloop
  endfacet
  facet normal 7.635456E-01 -4.435055E-01 4.693623E-01
    outer loop
      vertex 2.894435E+01 -2.080244E+00 1.382683E+00
      vertex 2.931621E+01 -1.440040E+00 1.382683E+00
      vertex 2.923187E+01 -1.402277E+00 1.555570E+00
    endloop
  endfacet
  facet normal 1.119617E-01 -7.119454E-03 9.936870E-01
    outer loop
      vertex 2.883340E+01 -5.839991E-01 1.980785E+00
      vertex 2.892252E+01 7.897483E-16 1.974928E+00
      vertex 2.870000E+01 7.624974E-16 2.000000E+00
    endloop
  endfacet
  facet normal 5.738316E-01 -5.205073E-01 6.322891E-01
    outer loop
      vertex 2.838538E+01 -2.559689E+00 1.555570E+00
      vertex 2.876938E+01 -1.952277E+00 1.707107E+00
      vertex 2.830256E+01 -2.466921E+00 1.707107E+00
    endloop
  endfacet
  facet normal 9.801205E-02 -1.035343E-02 9.951314E-01
    outer loop
      vertex 2.883340E+01 -5.839991E-01 1.980785E+00
      vertex 2.870000E+01 7.624974E-16 2.000000E+00
      vertex 2.864262E+01 -5.432374E-01 2.000000E+00
    endloop
  endfacet
  facet normal 4.524136E-01 -6.289154E-01 6.322874E-01
    outer loop
      vertex 2.838538E+01 -2.559689E+00 1.555570E+00
      vertex 2.773851E+01 -2.872670E+00 1.707107E+00
      vertex 2.780013E+01 -2.980696E+00 1.555570E+00
    endloop
  endfacet
  facet normal 5.738342E-01 -5.205082E-01 6.322858E-01
    outer loop
      vertex 2.838538E+01 -2.559689E+00 1.555570E+00
      vertex 2.886976E+01 -2.025692E+00 1.555570E+00
      vertex 2.876938E+01 -1.952277E+00 1.707107E+00
    endloop
  endfacet
  facet normal 4.524133E-01 -6.289140E-01 6.322891E-01
    outer loop
      vertex 2.838538E+01 -2.559689E+00 1.555570E+00
      vertex 2.830256E+01 -2.466921E+00 1.707107E+00
      vertex 2.773851E+01 -2.872670E+00 1.707107E+00
    endloop
  endfacet
  facet normal 8.605935E-01 -4.998772E-01 9.747667E-02
    outer loop
      vertex 2.899028E+01 -2.113837E+00 1.195090E+00
      vertex 2.900579E+01 -2.125180E+00 1.000000E+00
      vertex 2.938568E+01 -1.471147E+00 1.000000E+00
    endloop
  endfacet
  facet normal 3.301556E-01 -2.731348E-02 9.435313E-01
    outer loop
      vertex 2.901685E+01 -6.231943E-01 1.923880E+00
      vertex 2.913388E+01 8.156328E-16 1.900969E+00
      vertex 2.892252E+01 7.897483E-16 1.974928E+00
    endloop
  endfacet
  facet normal 8.278623E-01 -4.808638E-01 2.888147E-01
    outer loop
      vertex 2.899028E+01 -2.113837E+00 1.195090E+00
      vertex 2.931621E+01 -1.440040E+00 1.382683E+00
      vertex 2.894435E+01 -2.080244E+00 1.382683E+00
    endloop
  endfacet
  facet normal 8.278604E-01 -4.808643E-01 2.888196E-01
    outer loop
      vertex 2.899028E+01 -2.113837E+00 1.195090E+00
      vertex 2.936815E+01 -1.463295E+00 1.195090E+00
      vertex 2.931621E+01 -1.440040E+00 1.382683E+00
    endloop
  endfacet
  facet normal 8.605934E-01 -4.998773E-01 9.747596E-02
    outer loop
      vertex 2.899028E+01 -2.113837E+00 1.195090E+00
      vertex 2.938568E+01 -1.471147E+00 1.000000E+00
      vertex 2.936815E+01 -1.463295E+00 1.195090E+00
    endloop
  endfacet
  facet normal 2.893468E-01 -3.456117E-02 9.566002E-01
    outer loop
      vertex 2.901685E+01 -6.231943E-01 1.923880E+00
      vertex 2.892252E+01 7.897483E-16 1.974928E+00
      vertex 2.883340E+01 -5.839991E-01 1.980785E+00
    endloop
  endfacet
  facet normal 5.156403E-01 -7.168090E-01 4.693614E-01
    outer loop
      vertex 2.844693E+01 -2.628622E+00 1.382683E+00
      vertex 2.838538E+01 -2.559689E+00 1.555570E+00
      vertex 2.780013E+01 -2.980696E+00 1.555570E+00
    endloop
  endfacet
  facet normal 6.540293E-01 -5.932508E-01 4.693606E-01
    outer loop
      vertex 2.844693E+01 -2.628622E+00 1.382683E+00
      vertex 2.886976E+01 -2.025692E+00 1.555570E+00
      vertex 2.838538E+01 -2.559689E+00 1.555570E+00
    endloop
  endfacet
  facet normal 5.156399E-01 -7.168055E-01 4.693670E-01
    outer loop
      vertex 2.844693E+01 -2.628622E+00 1.382683E+00
      vertex 2.780013E+01 -2.980696E+00 1.555570E+00
      vertex 2.784591E+01 -3.060967E+00 1.382683E+00
    endloop
  endfacet
  facet normal 9.368474E-02 -3.060336E-02 9.951314E-01
    outer loop
      vertex 2.865105E+01 -1.142219E+00 1.980785E+00
      vertex 2.864262E+01 -5.432374E-01 2.000000E+00
      vertex 2.847299E+01 -1.062495E+00 2.000000E+00
    endloop
  endfacet
  facet normal 6.540255E-01 -5.932500E-01 4.693668E-01
    outer loop
      vertex 2.844693E+01 -2.628622E+00 1.382683E+00
      vertex 2.894435E+01 -2.080244E+00 1.382683E+00
      vertex 2.886976E+01 -2.025692E+00 1.555570E+00
    endloop
  endfacet
  facet normal 9.368560E-02 -3.060334E-02 9.951314E-01
    outer loop
      vertex 2.865105E+01 -1.142219E+00 1.980785E+00
      vertex 2.883340E+01 -5.839991E-01 1.980785E+00
      vertex 2.864262E+01 -5.432374E-01 2.000000E+00
    endloop
  endfacet
  facet normal 7.371562E-01 -6.686545E-01 9.747762E-02
    outer loop
      vertex 2.848483E+01 -2.671070E+00 1.195090E+00
      vertex 2.849763E+01 -2.685404E+00 1.000000E+00
      vertex 2.900579E+01 -2.125180E+00 1.000000E+00
    endloop
  endfacet
  facet normal 5.811800E-01 -8.079156E-01 9.747829E-02
    outer loop
      vertex 2.848483E+01 -2.671070E+00 1.195090E+00
      vertex 2.788363E+01 -3.127088E+00 1.000000E+00
      vertex 2.849763E+01 -2.685404E+00 1.000000E+00
    endloop
  endfacet
  facet normal 7.091194E-01 -6.432232E-01 2.888143E-01
    outer loop
      vertex 2.848483E+01 -2.671070E+00 1.195090E+00
      vertex 2.899028E+01 -2.113837E+00 1.195090E+00
      vertex 2.894435E+01 -2.080244E+00 1.382683E+00
    endloop
  endfacet
  facet normal 5.590755E-01 -7.771899E-01 2.888087E-01
    outer loop
      vertex 2.848483E+01 -2.671070E+00 1.195090E+00
      vertex 2.784591E+01 -3.060967E+00 1.382683E+00
      vertex 2.787411E+01 -3.110397E+00 1.195090E+00
    endloop
  endfacet
  facet normal 5.811785E-01 -8.079161E-01 9.748403E-02
    outer loop
      vertex 2.848483E+01 -2.671070E+00 1.195090E+00
      vertex 2.787411E+01 -3.110397E+00 1.195090E+00
      vertex 2.788363E+01 -3.127088E+00 1.000000E+00
    endloop
  endfacet
  facet normal 5.590758E-01 -7.771869E-01 2.888162E-01
    outer loop
      vertex 2.848483E+01 -2.671070E+00 1.195090E+00
      vertex 2.844693E+01 -2.628622E+00 1.382683E+00
      vertex 2.784591E+01 -3.060967E+00 1.382683E+00
    endloop
  endfacet
  facet normal 7.091182E-01 -6.432232E-01 2.888171E-01
    outer loop
      vertex 2.848483E+01 -2.671070E+00 1.195090E+00
      vertex 2.894435E+01 -2.080244E+00 1.382683E+00
      vertex 2.844693E+01 -2.628622E+00 1.382683E+00
    endloop
  endfacet
  facet normal 5.314397E-01 -4.720778E-02 8.457797E-01
    outer loop
      vertex 2.918592E+01 -6.593168E-01 1.831470E+00
      vertex 2.932349E+01 8.388528E-16 1.781832E+00
      vertex 2.913388E+01 8.156328E-16 1.900969E+00
    endloop
  endfacet
  facet normal 7.371562E-01 -6.686546E-01 9.747718E-02
    outer loop
      vertex 2.848483E+01 -2.671070E+00 1.195090E+00
      vertex 2.900579E+01 -2.125180E+00 1.000000E+00
      vertex 2.899028E+01 -2.113837E+00 1.195090E+00
    endloop
  endfacet
  facet normal 4.696545E-01 -5.580604E-02 8.810847E-01
    outer loop
      vertex 2.918592E+01 -6.593168E-01 1.831470E+00
      vertex 2.913388E+01 8.156328E-16 1.900969E+00
      vertex 2.901685E+01 -6.231943E-01 1.923880E+00
    endloop
  endfacet
  facet normal 2.773406E-01 -9.059663E-02 9.564907E-01
    outer loop
      vertex 2.882227E+01 -1.218880E+00 1.923880E+00
      vertex 2.901685E+01 -6.231943E-01 1.923880E+00
      vertex 2.883340E+01 -5.839991E-01 1.980785E+00
    endloop
  endfacet
  facet normal 2.773422E-01 -9.059662E-02 9.564902E-01
    outer loop
      vertex 2.882227E+01 -1.218880E+00 1.923880E+00
      vertex 2.883340E+01 -5.839991E-01 1.980785E+00
      vertex 2.865105E+01 -1.142219E+00 1.980785E+00
    endloop
  endfacet
  facet normal 7.055930E-01 -6.545398E-02 7.055877E-01
    outer loop
      vertex 2.933412E+01 -6.909785E-01 1.707107E+00
      vertex 2.948183E+01 8.582441E-16 1.623490E+00
      vertex 2.932349E+01 8.388528E-16 1.781832E+00
    endloop
  endfacet
  facet normal 6.317947E-01 -7.372992E-02 7.716212E-01
    outer loop
      vertex 2.933412E+01 -6.909785E-01 1.707107E+00
      vertex 2.932349E+01 8.388528E-16 1.781832E+00
      vertex 2.918592E+01 -6.593168E-01 1.831470E+00
    endloop
  endfacet
  facet normal 8.522416E-02 -4.950239E-02 9.951314E-01
    outer loop
      vertex 2.835609E+01 -1.650020E+00 1.980785E+00
      vertex 2.847299E+01 -1.062495E+00 2.000000E+00
      vertex 2.819863E+01 -1.534852E+00 2.000000E+00
    endloop
  endfacet
  facet normal 8.522299E-02 -4.950216E-02 9.951315E-01
    outer loop
      vertex 2.835609E+01 -1.650020E+00 1.980785E+00
      vertex 2.865105E+01 -1.142219E+00 1.980785E+00
      vertex 2.847299E+01 -1.062495E+00 2.000000E+00
    endloop
  endfacet
  facet normal 4.500283E-01 -1.470071E-01 8.808311E-01
    outer loop
      vertex 2.898006E+01 -1.289530E+00 1.831470E+00
      vertex 2.901685E+01 -6.231943E-01 1.923880E+00
      vertex 2.882227E+01 -1.218880E+00 1.923880E+00
    endloop
  endfacet
  facet normal 4.500300E-01 -1.470071E-01 8.808302E-01
    outer loop
      vertex 2.898006E+01 -1.289530E+00 1.831470E+00
      vertex 2.918592E+01 -6.593168E-01 1.831470E+00
      vertex 2.901685E+01 -6.231943E-01 1.923880E+00
    endloop
  endfacet
  facet normal 4.524136E-01 6.289154E-01 6.322874E-01
    outer loop
      vertex 2.838538E+01 2.559689E+00 1.555570E+00
      vertex 2.780013E+01 2.980696E+00 1.555570E+00
      vertex 2.773851E+01 2.872670E+00 1.707107E+00
    endloop
  endfacet
  facet normal 4.524133E-01 6.289140E-01 6.322891E-01
    outer loop
      vertex 2.838538E+01 2.559689E+00 1.555570E+00
      vertex 2.773851E+01 2.872670E+00 1.707107E+00
      vertex 2.830256E+01 2.466921E+00 1.707107E+00
    endloop
  endfacet
  facet normal 2.522916E-01 1.465447E-01 9.564902E-01
    outer loop
      vertex 2.882227E+01 1.218880E+00 1.923880E+00
      vertex 2.835609E+01 1.650020E+00 1.980785E+00
      vertex 2.865105E+01 1.142219E+00 1.980785E+00
    endloop
  endfacet
  facet normal 2.522901E-01 1.465430E-01 9.564909E-01
    outer loop
      vertex 2.882227E+01 1.218880E+00 1.923880E+00
      vertex 2.850751E+01 1.760761E+00 1.923880E+00
      vertex 2.835609E+01 1.650020E+00 1.980785E+00
    endloop
  endfacet
  facet normal 4.714404E-01 4.276310E-01 7.712820E-01
    outer loop
      vertex 2.876938E+01 1.952277E+00 1.707107E+00
      vertex 2.830256E+01 2.466921E+00 1.707107E+00
      vertex 2.820163E+01 2.353883E+00 1.831470E+00
    endloop
  endfacet
  facet normal 4.714398E-01 4.276298E-01 7.712830E-01
    outer loop
      vertex 2.876938E+01 1.952277E+00 1.707107E+00
      vertex 2.820163E+01 2.353883E+00 1.831470E+00
      vertex 2.864706E+01 1.862821E+00 1.831470E+00
    endloop
  endfacet
  facet normal 9.368554E-02 3.060362E-02 9.951313E-01
    outer loop
      vertex 2.883340E+01 5.839991E-01 1.980785E+00
      vertex 2.847299E+01 1.062495E+00 2.000000E+00
      vertex 2.864262E+01 5.432374E-01 2.000000E+00
    endloop
  endfacet
  facet normal 9.801205E-02 1.035343E-02 9.951314E-01
    outer loop
      vertex 2.883340E+01 5.839991E-01 1.980785E+00
      vertex 2.864262E+01 5.432374E-01 2.000000E+00
      vertex 2.870000E+01 7.624974E-16 2.000000E+00
    endloop
  endfacet
  facet normal 1.119617E-01 7.119454E-03 9.936870E-01
    outer loop
      vertex 2.883340E+01 5.839991E-01 1.980785E+00
      vertex 2.870000E+01 7.624974E-16 2.000000E+00
      vertex 2.892252E+01 7.897483E-16 1.974928E+00
    endloop
  endfacet
  facet normal 9.368485E-02 3.060310E-02 9.951314E-01
    outer loop
      vertex 2.883340E+01 5.839991E-01 1.980785E+00
      vertex 2.865105E+01 1.142219E+00 1.980785E+00
      vertex 2.847299E+01 1.062495E+00 2.000000E+00
    endloop
  endfacet
  facet normal 5.156399E-01 7.168055E-01 4.693670E-01
    outer loop
      vertex 2.844693E+01 2.628622E+00 1.382683E+00
      vertex 2.784591E+01 3.060967E+00 1.382683E+00
      vertex 2.780013E+01 2.980696E+00 1.555570E+00
    endloop
  endfacet
  facet normal 5.156403E-01 7.168090E-01 4.693614E-01
    outer loop
      vertex 2.844693E+01 2.628622E+00 1.382683E+00
      vertex 2.780013E+01 2.980696E+00 1.555570E+00
      vertex 2.838538E+01 2.559689E+00 1.555570E+00
    endloop
  endfacet
  facet normal 4.093831E-01 2.377918E-01 8.808295E-01
    outer loop
      vertex 2.898006E+01 1.289530E+00 1.831470E+00
      vertex 2.864706E+01 1.862821E+00 1.831470E+00
      vertex 2.850751E+01 1.760761E+00 1.923880E+00
    endloop
  endfacet
  facet normal 4.093811E-01 2.377895E-01 8.808310E-01
    outer loop
      vertex 2.898006E+01 1.289530E+00 1.831470E+00
      vertex 2.850751E+01 1.760761E+00 1.923880E+00
      vertex 2.882227E+01 1.218880E+00 1.923880E+00
    endloop
  endfacet
  facet normal 5.738323E-01 5.205065E-01 6.322889E-01
    outer loop
      vertex 2.886976E+01 2.025692E+00 1.555570E+00
      vertex 2.838538E+01 2.559689E+00 1.555570E+00
      vertex 2.830256E+01 2.466921E+00 1.707107E+00
    endloop
  endfacet
  facet normal 5.738335E-01 5.205091E-01 6.322859E-01
    outer loop
      vertex 2.886976E+01 2.025692E+00 1.555570E+00
      vertex 2.830256E+01 2.466921E+00 1.707107E+00
      vertex 2.876938E+01 1.952277E+00 1.707107E+00
    endloop
  endfacet
  facet normal 3.301556E-01 2.731348E-02 9.435313E-01
    outer loop
      vertex 2.901685E+01 6.231943E-01 1.923880E+00
      vertex 2.892252E+01 7.897483E-16 1.974928E+00
      vertex 2.913388E+01 8.156328E-16 1.900969E+00
    endloop
  endfacet
  facet normal 2.773420E-01 9.059708E-02 9.564902E-01
    outer loop
      vertex 2.901685E+01 6.231943E-01 1.923880E+00
      vertex 2.882227E+01 1.218880E+00 1.923880E+00
      vertex 2.865105E+01 1.142219E+00 1.980785E+00
    endloop
  endfacet
  facet normal 2.893468E-01 3.456117E-02 9.566002E-01
    outer loop
      vertex 2.901685E+01 6.231943E-01 1.923880E+00
      vertex 2.883340E+01 5.839991E-01 1.980785E+00
      vertex 2.892252E+01 7.897483E-16 1.974928E+00
    endloop
  endfacet
  facet normal 2.773407E-01 9.059615E-02 9.564907E-01
    outer loop
      vertex 2.901685E+01 6.231943E-01 1.923880E+00
      vertex 2.865105E+01 1.142219E+00 1.980785E+00
      vertex 2.883340E+01 5.839991E-01 1.980785E+00
    endloop
  endfacet
  facet normal 5.811800E-01 8.079156E-01 9.747829E-02
    outer loop
      vertex 2.848483E+01 2.671070E+00 1.195090E+00
      vertex 2.849763E+01 2.685404E+00 1.000000E+00
      vertex 2.788363E+01 3.127088E+00 1.000000E+00
    endloop
  endfacet
  facet normal 5.590755E-01 7.771899E-01 2.888087E-01
    outer loop
      vertex 2.848483E+01 2.671070E+00 1.195090E+00
      vertex 2.787411E+01 3.110397E+00 1.195090E+00
      vertex 2.784591E+01 3.060967E+00 1.382683E+00
    endloop
  endfacet
  facet normal 5.811785E-01 8.079161E-01 9.748403E-02
    outer loop
      vertex 2.848483E+01 2.671070E+00 1.195090E+00
      vertex 2.788363E+01 3.127088E+00 1.000000E+00
      vertex 2.787411E+01 3.110397E+00 1.195090E+00
    endloop
  endfacet
  facet normal 5.590758E-01 7.771869E-01 2.888162E-01
    outer loop
      vertex 2.848483E+01 2.671070E+00 1.195090E+00
      vertex 2.784591E+01 3.060967E+00 1.382683E+00
      vertex 2.844693E+01 2.628622E+00 1.382683E+00
    endloop
  endfacet
  facet normal 5.503848E-01 3.196932E-01 7.712799E-01
    outer loop
      vertex 2.911836E+01 1.351456E+00 1.707107E+00
      vertex 2.864706E+01 1.862821E+00 1.831470E+00
      vertex 2.898006E+01 1.289530E+00 1.831470E+00
    endloop
  endfacet
  facet normal 5.503821E-01 3.196899E-01 7.712833E-01
    outer loop
      vertex 2.911836E+01 1.351456E+00 1.707107E+00
      vertex 2.876938E+01 1.952277E+00 1.707107E+00
      vertex 2.864706E+01 1.862821E+00 1.831470E+00
    endloop
  endfacet
  facet normal 6.540267E-01 5.932485E-01 4.693670E-01
    outer loop
      vertex 2.894435E+01 2.080244E+00 1.382683E+00
      vertex 2.838538E+01 2.559689E+00 1.555570E+00
      vertex 2.886976E+01 2.025692E+00 1.555570E+00
    endloop
  endfacet
  facet normal 6.540279E-01 5.932522E-01 4.693607E-01
    outer loop
      vertex 2.894435E+01 2.080244E+00 1.382683E+00
      vertex 2.844693E+01 2.628622E+00 1.382683E+00
      vertex 2.838538E+01 2.559689E+00 1.555570E+00
    endloop
  endfacet
  facet normal 5.314397E-01 4.720778E-02 8.457797E-01
    outer loop
      vertex 2.918592E+01 6.593168E-01 1.831470E+00
      vertex 2.913388E+01 8.156328E-16 1.900969E+00
      vertex 2.932349E+01 8.388528E-16 1.781832E+00
    endloop
  endfacet
  facet normal 4.500299E-01 1.470076E-01 8.808302E-01
    outer loop
      vertex 2.918592E+01 6.593168E-01 1.831470E+00
      vertex 2.882227E+01 1.218880E+00 1.923880E+00
      vertex 2.901685E+01 6.231943E-01 1.923880E+00
    endloop
  endfacet
  facet normal 4.500285E-01 1.470066E-01 8.808311E-01
    outer loop
      vertex 2.918592E+01 6.593168E-01 1.831470E+00
      vertex 2.898006E+01 1.289530E+00 1.831470E+00
      vertex 2.882227E+01 1.218880E+00 1.923880E+00
    endloop
  endfacet
  facet normal 4.696545E-01 5.580604E-02 8.810847E-01
    outer loop
      vertex 2.918592E+01 6.593168E-01 1.831470E+00
      vertex 2.901685E+01 6.231943E-01 1.923880E+00
      vertex 2.913388E+01 8.156328E-16 1.900969E+00
    endloop
  endfacet
  facet normal 6.699224E-01 3.891260E-01 6.322855E-01
    outer loop
      vertex 2.923187E+01 1.402277E+00 1.555570E+00
      vertex 2.886976E+01 2.025692E+00 1.555570E+00
      vertex 2.876938E+01 1.952277E+00 1.707107E+00
    endloop
  endfacet
  facet normal 6.699212E-01 3.891242E-01 6.322880E-01
    outer loop
      vertex 2.923187E+01 1.402277E+00 1.555570E+00
      vertex 2.876938E+01 1.952277E+00 1.707107E+00
      vertex 2.911836E+01 1.351456E+00 1.707107E+00
    endloop
  endfacet
  facet normal 7.371562E-01 6.686545E-01 9.747717E-02
    outer loop
      vertex 2.899028E+01 2.113837E+00 1.195090E+00
      vertex 2.900579E+01 2.125180E+00 1.000000E+00
      vertex 2.849763E+01 2.685404E+00 1.000000E+00
    endloop
  endfacet
  facet normal 7.091188E-01 6.432238E-01 2.888143E-01
    outer loop
      vertex 2.899028E+01 2.113837E+00 1.195090E+00
      vertex 2.844693E+01 2.628622E+00 1.382683E+00
      vertex 2.894435E+01 2.080244E+00 1.382683E+00
    endloop
  endfacet
  facet normal 7.371562E-01 6.686546E-01 9.747758E-02
    outer loop
      vertex 2.899028E+01 2.113837E+00 1.195090E+00
      vertex 2.849763E+01 2.685404E+00 1.000000E+00
      vertex 2.848483E+01 2.671070E+00 1.195090E+00
    endloop
  endfacet
  facet normal 7.091188E-01 6.432226E-01 2.888171E-01
    outer loop
      vertex 2.899028E+01 2.113837E+00 1.195090E+00
      vertex 2.848483E+01 2.671070E+00 1.195090E+00
      vertex 2.844693E+01 2.628622E+00 1.382683E+00
    endloop
  endfacet
  facet normal 6.050339E-01 1.976407E-01 7.712795E-01
    outer loop
      vertex 2.933412E+01 6.909785E-01 1.707107E+00
      vertex 2.898006E+01 1.289530E+00 1.831470E+00
      vertex 2.918592E+01 6.593168E-01 1.831470E+00
    endloop
  endfacet
  facet normal 7.055930E-01 6.545398E-02 7.055877E-01
    outer loop
      vertex 2.933412E+01 6.909785E-01 1.707107E+00
      vertex 2.932349E+01 8.388528E-16 1.781832E+00
      vertex 2.948183E+01 8.582441E-16 1.623490E+00
    endloop
  endfacet
  facet normal 6.317947E-01 7.372992E-02 7.716212E-01
    outer loop
      vertex 2.933412E+01 6.909785E-01 1.707107E+00
      vertex 2.918592E+01 6.593168E-01 1.831470E+00
      vertex 2.932349E+01 8.388528E-16 1.781832E+00
    endloop
  endfacet
  facet normal 6.050335E-01 1.976404E-01 7.712800E-01
    outer loop
      vertex 2.933412E+01 6.909785E-01 1.707107E+00
      vertex 2.911836E+01 1.351456E+00 1.707107E+00
      vertex 2.898006E+01 1.289530E+00 1.831470E+00
    endloop
  endfacet
  facet normal 7.635449E-01 4.435068E-01 4.693621E-01
    outer loop
      vertex 2.931621E+01 1.440040E+00 1.382683E+00
      vertex 2.886976E+01 2.025692E+00 1.555570E+00
      vertex 2.923187E+01 1.402277E+00 1.555570E+00
    endloop
  endfacet
  facet normal 7.635434E-01 4.435042E-01 4.693672E-01
    outer loop
      vertex 2.931621E+01 1.440040E+00 1.382683E+00
      vertex 2.894435E+01 2.080244E+00 1.382683E+00
      vertex 2.886976E+01 2.025692E+00 1.555570E+00
    endloop
  endfacet
  facet normal 5.755356E-02 8.000691E-02 9.951314E-01
    outer loop
      vertex 2.796155E+01 2.084985E+00 1.980785E+00
      vertex 2.748483E+01 2.427915E+00 1.980785E+00
      vertex 2.738817E+01 2.258452E+00 2.000000E+00
    endloop
  endfacet
  facet normal 7.694554E-01 8.793646E-02 6.326181E-01
    outer loop
      vertex 2.945573E+01 7.169626E-01 1.555570E+00
      vertex 2.933412E+01 6.909785E-01 1.707107E+00
      vertex 2.948183E+01 8.582441E-16 1.623490E+00
    endloop
  endfacet
  facet normal 7.364365E-01 2.405645E-01 6.322894E-01
    outer loop
      vertex 2.945573E+01 7.169626E-01 1.555570E+00
      vertex 2.911836E+01 1.351456E+00 1.707107E+00
      vertex 2.933412E+01 6.909785E-01 1.707107E+00
    endloop
  endfacet
  facet normal 5.755372E-02 8.000746E-02 9.951313E-01
    outer loop
      vertex 2.796155E+01 2.084985E+00 1.980785E+00
      vertex 2.738817E+01 2.258452E+00 2.000000E+00
      vertex 2.783162E+01 1.939458E+00 2.000000E+00
    endloop
  endfacet
  facet normal 8.439425E-01 8.095389E-02 5.302901E-01
    outer loop
      vertex 2.945573E+01 7.169626E-01 1.555570E+00
      vertex 2.948183E+01 8.582441E-16 1.623490E+00
      vertex 2.960097E+01 8.728343E-16 1.433884E+00
    endloop
  endfacet
  facet normal 7.300019E-02 6.621638E-02 9.951314E-01
    outer loop
      vertex 2.796155E+01 2.084985E+00 1.980785E+00
      vertex 2.783162E+01 1.939458E+00 2.000000E+00
      vertex 2.819863E+01 1.534852E+00 2.000000E+00
    endloop
  endfacet
  facet normal 7.364376E-01 2.405655E-01 6.322879E-01
    outer loop
      vertex 2.945573E+01 7.169626E-01 1.555570E+00
      vertex 2.923187E+01 1.402277E+00 1.555570E+00
      vertex 2.911836E+01 1.351456E+00 1.707107E+00
    endloop
  endfacet
  facet normal 8.605934E-01 4.998773E-01 9.747666E-02
    outer loop
      vertex 2.936815E+01 1.463295E+00 1.195090E+00
      vertex 2.900579E+01 2.125180E+00 1.000000E+00
      vertex 2.899028E+01 2.113837E+00 1.195090E+00
    endloop
  endfacet
  facet normal 8.605935E-01 4.998772E-01 9.747610E-02
    outer loop
      vertex 2.936815E+01 1.463295E+00 1.195090E+00
      vertex 2.938568E+01 1.471147E+00 1.000000E+00
      vertex 2.900579E+01 2.125180E+00 1.000000E+00
    endloop
  endfacet
  facet normal 8.278616E-01 4.808650E-01 2.888148E-01
    outer loop
      vertex 2.936815E+01 1.463295E+00 1.195090E+00
      vertex 2.899028E+01 2.113837E+00 1.195090E+00
      vertex 2.894435E+01 2.080244E+00 1.382683E+00
    endloop
  endfacet
  facet normal 1.703779E-01 2.368478E-01 9.564908E-01
    outer loop
      vertex 2.808649E+01 2.224919E+00 1.923880E+00
      vertex 2.757778E+01 2.590865E+00 1.923880E+00
      vertex 2.748483E+01 2.427915E+00 1.980785E+00
    endloop
  endfacet
  facet normal 8.278610E-01 4.808631E-01 2.888197E-01
    outer loop
      vertex 2.936815E+01 1.463295E+00 1.195090E+00
      vertex 2.894435E+01 2.080244E+00 1.382683E+00
      vertex 2.931621E+01 1.440040E+00 1.382683E+00
    endloop
  endfacet
  facet normal 8.774245E-01 9.803868E-02 4.695899E-01
    outer loop
      vertex 2.954610E+01 7.362704E-01 1.382683E+00
      vertex 2.945573E+01 7.169626E-01 1.555570E+00
      vertex 2.960097E+01 8.728343E-16 1.433884E+00
    endloop
  endfacet
  facet normal 9.398010E-01 9.289987E-02 3.288519E-01
    outer loop
      vertex 2.954610E+01 7.362704E-01 1.382683E+00
      vertex 2.960097E+01 8.728343E-16 1.433884E+00
      vertex 2.967493E+01 8.818916E-16 1.222521E+00
    endloop
  endfacet
  facet normal 8.393571E-01 2.741852E-01 4.693635E-01
    outer loop
      vertex 2.954610E+01 7.362704E-01 1.382683E+00
      vertex 2.923187E+01 1.402277E+00 1.555570E+00
      vertex 2.945573E+01 7.169626E-01 1.555570E+00
    endloop
  endfacet
  facet normal 8.393577E-01 2.741859E-01 4.693620E-01
    outer loop
      vertex 2.954610E+01 7.362704E-01 1.382683E+00
      vertex 2.931621E+01 1.440040E+00 1.382683E+00
      vertex 2.923187E+01 1.402277E+00 1.555570E+00
    endloop
  endfacet
  facet normal 1.703777E-01 2.368471E-01 9.564909E-01
    outer loop
      vertex 2.808649E+01 2.224919E+00 1.923880E+00
      vertex 2.748483E+01 2.427915E+00 1.980785E+00
      vertex 2.796155E+01 2.084985E+00 1.980785E+00
    endloop
  endfacet
  facet normal 9.460418E-01 3.090339E-01 9.748270E-02
    outer loop
      vertex 2.960175E+01 7.481602E-01 1.195090E+00
      vertex 2.962054E+01 7.521749E-01 1.000000E+00
      vertex 2.938568E+01 1.471147E+00 1.000000E+00
    endloop
  endfacet
  facet normal 9.897303E-01 1.045506E-01 9.748284E-02
    outer loop
      vertex 2.960175E+01 7.481602E-01 1.195090E+00
      vertex 2.970000E+01 7.981454E-16 1.000000E+00
      vertex 2.962054E+01 7.521749E-01 1.000000E+00
    endloop
  endfacet
  facet normal 9.886528E-01 1.007815E-01 1.113944E-01
    outer loop
      vertex 2.960175E+01 7.481602E-01 1.195090E+00
      vertex 2.967493E+01 8.818916E-16 1.222521E+00
      vertex 2.970000E+01 7.981454E-16 1.000000E+00
    endloop
  endfacet
  facet normal 9.517294E-01 1.036782E-01 2.888982E-01
    outer loop
      vertex 2.960175E+01 7.481602E-01 1.195090E+00
      vertex 2.954610E+01 7.362704E-01 1.382683E+00
      vertex 2.967493E+01 8.818916E-16 1.222521E+00
    endloop
  endfacet
  facet normal 9.100596E-01 2.972781E-01 2.888203E-01
    outer loop
      vertex 2.960175E+01 7.481602E-01 1.195090E+00
      vertex 2.936815E+01 1.463295E+00 1.195090E+00
      vertex 2.931621E+01 1.440040E+00 1.382683E+00
    endloop
  endfacet
  facet normal 9.100621E-01 2.972823E-01 2.888085E-01
    outer loop
      vertex 2.960175E+01 7.481602E-01 1.195090E+00
      vertex 2.931621E+01 1.440040E+00 1.382683E+00
      vertex 2.954610E+01 7.362704E-01 1.382683E+00
    endloop
  endfacet
  facet normal 7.300013E-02 6.621636E-02 9.951313E-01
    outer loop
      vertex 2.835609E+01 1.650020E+00 1.980785E+00
      vertex 2.796155E+01 2.084985E+00 1.980785E+00
      vertex 2.819863E+01 1.534852E+00 2.000000E+00
    endloop
  endfacet
  facet normal 9.460431E-01 3.090324E-01 9.747563E-02
    outer loop
      vertex 2.960175E+01 7.481602E-01 1.195090E+00
      vertex 2.938568E+01 1.471147E+00 1.000000E+00
      vertex 2.936815E+01 1.463295E+00 1.195090E+00
    endloop
  endfacet
  facet normal 2.764662E-01 3.843239E-01 8.808300E-01
    outer loop
      vertex 2.820163E+01 2.353883E+00 1.831470E+00
      vertex 2.766343E+01 2.741040E+00 1.831470E+00
      vertex 2.757778E+01 2.590865E+00 1.923880E+00
    endloop
  endfacet
  facet normal 2.764666E-01 3.843251E-01 8.808294E-01
    outer loop
      vertex 2.820163E+01 2.353883E+00 1.831470E+00
      vertex 2.757778E+01 2.590865E+00 1.923880E+00
      vertex 2.808649E+01 2.224919E+00 1.923880E+00
    endloop
  endfacet
  facet normal 2.161034E-01 1.960212E-01 9.564909E-01
    outer loop
      vertex 2.850751E+01 1.760761E+00 1.923880E+00
      vertex 2.808649E+01 2.224919E+00 1.923880E+00
      vertex 2.796155E+01 2.084985E+00 1.980785E+00
    endloop
  endfacet
  facet normal 2.161036E-01 1.960215E-01 9.564909E-01
    outer loop
      vertex 2.850751E+01 1.760761E+00 1.923880E+00
      vertex 2.796155E+01 2.084985E+00 1.980785E+00
      vertex 2.835609E+01 1.650020E+00 1.980785E+00
    endloop
  endfacet
  facet normal 3.716880E-01 5.166953E-01 7.712807E-01
    outer loop
      vertex 2.830256E+01 2.466921E+00 1.707107E+00
      vertex 2.773851E+01 2.872670E+00 1.707107E+00
      vertex 2.766343E+01 2.741040E+00 1.831470E+00
    endloop
  endfacet
  facet normal 3.716878E-01 5.166942E-01 7.712816E-01
    outer loop
      vertex 2.830256E+01 2.466921E+00 1.707107E+00
      vertex 2.766343E+01 2.741040E+00 1.831470E+00
      vertex 2.820163E+01 2.353883E+00 1.831470E+00
    endloop
  endfacet
  facet normal 8.522315E-02 4.950180E-02 9.951314E-01
    outer loop
      vertex 2.865105E+01 1.142219E+00 1.980785E+00
      vertex 2.819863E+01 1.534852E+00 2.000000E+00
      vertex 2.847299E+01 1.062495E+00 2.000000E+00
    endloop
  endfacet
  facet normal 8.522392E-02 4.950270E-02 9.951313E-01
    outer loop
      vertex 2.865105E+01 1.142219E+00 1.980785E+00
      vertex 2.835609E+01 1.650020E+00 1.980785E+00
      vertex 2.819863E+01 1.534852E+00 2.000000E+00
    endloop
  endfacet
  facet normal 3.506648E-01 3.180780E-01 8.808296E-01
    outer loop
      vertex 2.864706E+01 1.862821E+00 1.831470E+00
      vertex 2.808649E+01 2.224919E+00 1.923880E+00
      vertex 2.850751E+01 1.760761E+00 1.923880E+00
    endloop
  endfacet
  facet normal 3.506650E-01 3.180784E-01 8.808293E-01
    outer loop
      vertex 2.864706E+01 1.862821E+00 1.831470E+00
      vertex 2.820163E+01 2.353883E+00 1.831470E+00
      vertex 2.808649E+01 2.224919E+00 1.923880E+00
    endloop
  endfacet
  facet normal -8.439425E-01 8.095389E-02 5.302901E-01
    outer loop
      vertex -2.945573E+01 7.169626E-01 1.555570E+00
      vertex -2.960097E+01 -8.728343E-16 1.433884E+00
      vertex -2.948183E+01 -8.582441E-16 1.623490E+00
    endloop
  endfacet
  facet normal -7.694554E-01 8.793646E-02 6.326181E-01
    outer loop
      vertex -2.945573E+01 7.169626E-01 1.555570E+00
      vertex -2.948183E+01 -8.582441E-16 1.623490E+00
      vertex -2.933412E+01 6.909785E-01 1.707107E+00
    endloop
  endfacet
  facet normal -2.522897E-01 1.465436E-01 9.564909E-01
    outer loop
      vertex -2.850751E+01 1.760761E+00 1.923880E+00
      vertex -2.865105E+01 1.142219E+00 1.980785E+00
      vertex -2.835609E+01 1.650020E+00 1.980785E+00
    endloop
  endfacet
  facet normal -2.522919E-01 1.465441E-01 9.564903E-01
    outer loop
      vertex -2.850751E+01 1.760761E+00 1.923880E+00
      vertex -2.882227E+01 1.218880E+00 1.923880E+00
      vertex -2.865105E+01 1.142219E+00 1.980785E+00
    endloop
  endfacet
  facet normal -6.050339E-01 1.976405E-01 7.712795E-01
    outer loop
      vertex -2.911836E+01 1.351456E+00 1.707107E+00
      vertex -2.933412E+01 6.909785E-01 1.707107E+00
      vertex -2.918592E+01 6.593168E-01 1.831470E+00
    endloop
  endfacet
  facet normal -6.050333E-01 1.976406E-01 7.712801E-01
    outer loop
      vertex -2.911836E+01 1.351456E+00 1.707107E+00
      vertex -2.918592E+01 6.593168E-01 1.831470E+00
      vertex -2.898006E+01 1.289530E+00 1.831470E+00
    endloop
  endfacet
  facet normal -7.300019E-02 6.621638E-02 9.951314E-01
    outer loop
      vertex -2.796155E+01 2.084985E+00 1.980785E+00
      vertex -2.819863E+01 1.534852E+00 2.000000E+00
      vertex -2.783162E+01 1.939458E+00 2.000000E+00
    endloop
  endfacet
  facet normal -5.755372E-02 8.000746E-02 9.951313E-01
    outer loop
      vertex -2.796155E+01 2.084985E+00 1.980785E+00
      vertex -2.783162E+01 1.939458E+00 2.000000E+00
      vertex -2.738817E+01 2.258452E+00 2.000000E+00
    endloop
  endfacet
  facet normal -5.755356E-02 8.000691E-02 9.951314E-01
    outer loop
      vertex -2.796155E+01 2.084985E+00 1.980785E+00
      vertex -2.738817E+01 2.258452E+00 2.000000E+00
      vertex -2.748483E+01 2.427915E+00 1.980785E+00
    endloop
  endfacet
  facet normal -7.300013E-02 6.621636E-02 9.951313E-01
    outer loop
      vertex -2.796155E+01 2.084985E+00 1.980785E+00
      vertex -2.835609E+01 1.650020E+00 1.980785E+00
      vertex -2.819863E+01 1.534852E+00 2.000000E+00
    endloop
  endfacet
  facet normal -9.398010E-01 9.289987E-02 3.288519E-01
    outer loop
      vertex -2.954610E+01 7.362704E-01 1.382683E+00
      vertex -2.967493E+01 -8.818916E-16 1.222521E+00
      vertex -2.960097E+01 -8.728343E-16 1.433884E+00
    endloop
  endfacet
  facet normal -8.774245E-01 9.803868E-02 4.695899E-01
    outer loop
      vertex -2.954610E+01 7.362704E-01 1.382683E+00
      vertex -2.960097E+01 -8.728343E-16 1.433884E+00
      vertex -2.945573E+01 7.169626E-01 1.555570E+00
    endloop
  endfacet
  facet normal -4.093807E-01 2.377904E-01 8.808310E-01
    outer loop
      vertex -2.864706E+01 1.862821E+00 1.831470E+00
      vertex -2.898006E+01 1.289530E+00 1.831470E+00
      vertex -2.882227E+01 1.218880E+00 1.923880E+00
    endloop
  endfacet
  facet normal -4.093837E-01 2.377910E-01 8.808294E-01
    outer loop
      vertex -2.864706E+01 1.862821E+00 1.831470E+00
      vertex -2.882227E+01 1.218880E+00 1.923880E+00
      vertex -2.850751E+01 1.760761E+00 1.923880E+00
    endloop
  endfacet
  facet normal -7.364379E-01 2.405649E-01 6.322878E-01
    outer loop
      vertex -2.923187E+01 1.402277E+00 1.555570E+00
      vertex -2.933412E+01 6.909785E-01 1.707107E+00
      vertex -2.911836E+01 1.351456E+00 1.707107E+00
    endloop
  endfacet
  facet normal -7.364364E-01 2.405651E-01 6.322894E-01
    outer loop
      vertex -2.923187E+01 1.402277E+00 1.555570E+00
      vertex -2.945573E+01 7.169626E-01 1.555570E+00
      vertex -2.933412E+01 6.909785E-01 1.707107E+00
    endloop
  endfacet
  facet normal -1.703779E-01 2.368478E-01 9.564908E-01
    outer loop
      vertex -2.808649E+01 2.224919E+00 1.923880E+00
      vertex -2.748483E+01 2.427915E+00 1.980785E+00
      vertex -2.757778E+01 2.590865E+00 1.923880E+00
    endloop
  endfacet
  facet normal -1.703777E-01 2.368471E-01 9.564909E-01
    outer loop
      vertex -2.808649E+01 2.224919E+00 1.923880E+00
      vertex -2.796155E+01 2.084985E+00 1.980785E+00
      vertex -2.748483E+01 2.427915E+00 1.980785E+00
    endloop
  endfacet
  facet normal -2.161036E-01 1.960214E-01 9.564909E-01
    outer loop
      vertex -2.808649E+01 2.224919E+00 1.923880E+00
      vertex -2.850751E+01 1.760761E+00 1.923880E+00
      vertex -2.835609E+01 1.650020E+00 1.980785E+00
    endloop
  endfacet
  facet normal -2.161034E-01 1.960213E-01 9.564909E-01
    outer loop
      vertex -2.808649E+01 2.224919E+00 1.923880E+00
      vertex -2.835609E+01 1.650020E+00 1.980785E+00
      vertex -2.796155E+01 2.084985E+00 1.980785E+00
    endloop
  endfacet
  facet normal -9.897303E-01 1.045506E-01 9.748284E-02
    outer loop
      vertex -2.960175E+01 7.481602E-01 1.195090E+00
      vertex -2.962054E+01 7.521749E-01 1.000000E+00
      vertex -2.970000E+01 -7.981454E-16 1.000000E+00
    endloop
  endfacet
  facet normal -9.886528E-01 1.007815E-01 1.113944E-01
    outer loop
      vertex -2.960175E+01 7.481602E-01 1.195090E+00
      vertex -2.970000E+01 -7.981454E-16 1.000000E+00
      vertex -2.967493E+01 -8.818916E-16 1.222521E+00
    endloop
  endfacet
  facet normal -9.517294E-01 1.036782E-01 2.888982E-01
    outer loop
      vertex -2.960175E+01 7.481602E-01 1.195090E+00
      vertex -2.967493E+01 -8.818916E-16 1.222521E+00
      vertex -2.954610E+01 7.362704E-01 1.382683E+00
    endloop
  endfacet
  facet normal -5.503812E-01 3.196911E-01 7.712834E-01
    outer loop
      vertex -2.876938E+01 1.952277E+00 1.707107E+00
      vertex -2.898006E+01 1.289530E+00 1.831470E+00
      vertex -2.864706E+01 1.862821E+00 1.831470E+00
    endloop
  endfacet
  facet normal -5.503856E-01 3.196919E-01 7.712800E-01
    outer loop
      vertex -2.876938E+01 1.952277E+00 1.707107E+00
      vertex -2.911836E+01 1.351456E+00 1.707107E+00
      vertex -2.898006E+01 1.289530E+00 1.831470E+00
    endloop
  endfacet
  facet normal -8.393570E-01 2.741857E-01 4.693635E-01
    outer loop
      vertex -2.931621E+01 1.440040E+00 1.382683E+00
      vertex -2.954610E+01 7.362704E-01 1.382683E+00
      vertex -2.945573E+01 7.169626E-01 1.555570E+00
    endloop
  endfacet
  facet normal -8.393578E-01 2.741855E-01 4.693620E-01
    outer loop
      vertex -2.931621E+01 1.440040E+00 1.382683E+00
      vertex -2.945573E+01 7.169626E-01 1.555570E+00
      vertex -2.923187E+01 1.402277E+00 1.555570E+00
    endloop
  endfacet
  facet normal -2.764662E-01 3.843239E-01 8.808300E-01
    outer loop
      vertex -2.820163E+01 2.353883E+00 1.831470E+00
      vertex -2.757778E+01 2.590865E+00 1.923880E+00
      vertex -2.766343E+01 2.741040E+00 1.831470E+00
    endloop
  endfacet
  facet normal -2.764666E-01 3.843251E-01 8.808294E-01
    outer loop
      vertex -2.820163E+01 2.353883E+00 1.831470E+00
      vertex -2.808649E+01 2.224919E+00 1.923880E+00
      vertex -2.757778E+01 2.590865E+00 1.923880E+00
    endloop
  endfacet
  facet normal -3.506646E-01 3.180781E-01 8.808295E-01
    outer loop
      vertex -2.820163E+01 2.353883E+00 1.831470E+00
      vertex -2.864706E+01 1.862821E+00 1.831470E+00
      vertex -2.850751E+01 1.760761E+00 1.923880E+00
    endloop
  endfacet
  facet normal -3.506652E-01 3.180783E-01 8.808292E-01
    outer loop
      vertex -2.820163E+01 2.353883E+00 1.831470E+00
      vertex -2.850751E+01 1.760761E+00 1.923880E+00
      vertex -2.808649E+01 2.224919E+00 1.923880E+00
    endloop
  endfacet
  facet normal -6.699229E-01 3.891253E-01 6.322855E-01
    outer loop
      vertex -2.886976E+01 2.025692E+00 1.555570E+00
      vertex -2.911836E+01 1.351456E+00 1.707107E+00
      vertex -2.876938E+01 1.952277E+00 1.707107E+00
    endloop
  endfacet
  facet normal -6.699207E-01 3.891250E-01 6.322879E-01
    outer loop
      vertex -2.886976E+01 2.025692E+00 1.555570E+00
      vertex -2.923187E+01 1.402277E+00 1.555570E+00
      vertex -2.911836E+01 1.351456E+00 1.707107E+00
    endloop
  endfacet
  facet normal -9.460425E-01 3.090341E-01 9.747565E-02
    outer loop
      vertex -2.936815E+01 1.463295E+00 1.195090E+00
      vertex -2.938568E+01 1.471147E+00 1.000000E+00
      vertex -2.962054E+01 7.521749E-01 1.000000E+00
    endloop
  endfacet
  facet normal -9.460424E-01 3.090322E-01 9.748274E-02
    outer loop
      vertex -2.936815E+01 1.463295E+00 1.195090E+00
      vertex -2.962054E+01 7.521749E-01 1.000000E+00
      vertex -2.960175E+01 7.481602E-01 1.195090E+00
    endloop
  endfacet
  facet normal -9.100586E-01 2.972812E-01 2.888204E-01
    outer loop
      vertex -2.936815E+01 1.463295E+00 1.195090E+00
      vertex -2.954610E+01 7.362704E-01 1.382683E+00
      vertex -2.931621E+01 1.440040E+00 1.382683E+00
    endloop
  endfacet
  facet normal -9.100630E-01 2.972792E-01 2.888086E-01
    outer loop
      vertex -2.936815E+01 1.463295E+00 1.195090E+00
      vertex -2.960175E+01 7.481602E-01 1.195090E+00
      vertex -2.954610E+01 7.362704E-01 1.382683E+00
    endloop
  endfacet
  facet normal -4.714406E-01 4.276306E-01 7.712819E-01
    outer loop
      vertex -2.830256E+01 2.466921E+00 1.707107E+00
      vertex -2.864706E+01 1.862821E+00 1.831470E+00
      vertex -2.820163E+01 2.353883E+00 1.831470E+00
    endloop
  endfacet
  facet normal -3.716880E-01 5.166953E-01 7.712807E-01
    outer loop
      vertex -2.830256E+01 2.466921E+00 1.707107E+00
      vertex -2.766343E+01 2.741040E+00 1.831470E+00
      vertex -2.773851E+01 2.872670E+00 1.707107E+00
    endloop
  endfacet
  facet normal -4.714395E-01 4.276301E-01 7.712829E-01
    outer loop
      vertex -2.830256E+01 2.466921E+00 1.707107E+00
      vertex -2.876938E+01 1.952277E+00 1.707107E+00
      vertex -2.864706E+01 1.862821E+00 1.831470E+00
    endloop
  endfacet
  facet normal -3.716878E-01 5.166942E-01 7.712816E-01
    outer loop
      vertex -2.830256E+01 2.466921E+00 1.707107E+00
      vertex -2.820163E+01 2.353883E+00 1.831470E+00
      vertex -2.766343E+01 2.741040E+00 1.831470E+00
    endloop
  endfacet
  facet normal -7.635456E-01 4.435055E-01 4.693623E-01
    outer loop
      vertex -2.894435E+01 2.080244E+00 1.382683E+00
      vertex -2.931621E+01 1.440040E+00 1.382683E+00
      vertex -2.923187E+01 1.402277E+00 1.555570E+00
    endloop
  endfacet
  facet normal -1.119617E-01 7.119454E-03 9.936870E-01
    outer loop
      vertex -2.883340E+01 5.839991E-01 1.980785E+00
      vertex -2.892252E+01 -7.897483E-16 1.974928E+00
      vertex -2.870000E+01 -7.624974E-16 2.000000E+00
    endloop
  endfacet
  facet normal -7.635426E-01 4.435055E-01 4.693672E-01
    outer loop
      vertex -2.894435E+01 2.080244E+00 1.382683E+00
      vertex -2.923187E+01 1.402277E+00 1.555570E+00
      vertex -2.886976E+01 2.025692E+00 1.555570E+00
    endloop
  endfacet
  facet normal -4.524133E-01 6.289140E-01 6.322891E-01
    outer loop
      vertex -2.838538E+01 2.559689E+00 1.555570E+00
      vertex -2.830256E+01 2.466921E+00 1.707107E+00
      vertex -2.773851E+01 2.872670E+00 1.707107E+00
    endloop
  endfacet
  facet normal -9.801205E-02 1.035343E-02 9.951314E-01
    outer loop
      vertex -2.883340E+01 5.839991E-01 1.980785E+00
      vertex -2.870000E+01 -7.624974E-16 2.000000E+00
      vertex -2.864262E+01 5.432374E-01 2.000000E+00
    endloop
  endfacet
  facet normal -5.738316E-01 5.205073E-01 6.322891E-01
    outer loop
      vertex -2.838538E+01 2.559689E+00 1.555570E+00
      vertex -2.876938E+01 1.952277E+00 1.707107E+00
      vertex -2.830256E+01 2.466921E+00 1.707107E+00
    endloop
  endfacet
  facet normal -4.524136E-01 6.289154E-01 6.322874E-01
    outer loop
      vertex -2.838538E+01 2.559689E+00 1.555570E+00
      vertex -2.773851E+01 2.872670E+00 1.707107E+00
      vertex -2.780013E+01 2.980696E+00 1.555570E+00
    endloop
  endfacet
  facet normal -5.738342E-01 5.205082E-01 6.322858E-01
    outer loop
      vertex -2.838538E+01 2.559689E+00 1.555570E+00
      vertex -2.886976E+01 2.025692E+00 1.555570E+00
      vertex -2.876938E+01 1.952277E+00 1.707107E+00
    endloop
  endfacet
  facet normal -3.301556E-01 2.731348E-02 9.435313E-01
    outer loop
      vertex -2.901685E+01 6.231943E-01 1.923880E+00
      vertex -2.913388E+01 -8.156328E-16 1.900969E+00
      vertex -2.892252E+01 -7.897483E-16 1.974928E+00
    endloop
  endfacet
  facet normal -8.605934E-01 4.998773E-01 9.747596E-02
    outer loop
      vertex -2.899028E+01 2.113837E+00 1.195090E+00
      vertex -2.938568E+01 1.471147E+00 1.000000E+00
      vertex -2.936815E+01 1.463295E+00 1.195090E+00
    endloop
  endfacet
  facet normal -8.605935E-01 4.998772E-01 9.747667E-02
    outer loop
      vertex -2.899028E+01 2.113837E+00 1.195090E+00
      vertex -2.900579E+01 2.125180E+00 1.000000E+00
      vertex -2.938568E+01 1.471147E+00 1.000000E+00
    endloop
  endfacet
  facet normal -8.278604E-01 4.808643E-01 2.888196E-01
    outer loop
      vertex -2.899028E+01 2.113837E+00 1.195090E+00
      vertex -2.936815E+01 1.463295E+00 1.195090E+00
      vertex -2.931621E+01 1.440040E+00 1.382683E+00
    endloop
  endfacet
  facet normal -8.278623E-01 4.808638E-01 2.888147E-01
    outer loop
      vertex -2.899028E+01 2.113837E+00 1.195090E+00
      vertex -2.931621E+01 1.440040E+00 1.382683E+00
      vertex -2.894435E+01 2.080244E+00 1.382683E+00
    endloop
  endfacet
  facet normal -6.540293E-01 5.932508E-01 4.693606E-01
    outer loop
      vertex -2.844693E+01 2.628622E+00 1.382683E+00
      vertex -2.886976E+01 2.025692E+00 1.555570E+00
      vertex -2.838538E+01 2.559689E+00 1.555570E+00
    endloop
  endfacet
  facet normal -6.540255E-01 5.932500E-01 4.693668E-01
    outer loop
      vertex -2.844693E+01 2.628622E+00 1.382683E+00
      vertex -2.894435E+01 2.080244E+00 1.382683E+00
      vertex -2.886976E+01 2.025692E+00 1.555570E+00
    endloop
  endfacet
  facet normal -2.893468E-01 3.456117E-02 9.566002E-01
    outer loop
      vertex -2.901685E+01 6.231943E-01 1.923880E+00
      vertex -2.892252E+01 -7.897483E-16 1.974928E+00
      vertex -2.883340E+01 5.839991E-01 1.980785E+00
    endloop
  endfacet
  facet normal -5.156403E-01 7.168090E-01 4.693614E-01
    outer loop
      vertex -2.844693E+01 2.628622E+00 1.382683E+00
      vertex -2.838538E+01 2.559689E+00 1.555570E+00
      vertex -2.780013E+01 2.980696E+00 1.555570E+00
    endloop
  endfacet
  facet normal -9.368474E-02 3.060336E-02 9.951314E-01
    outer loop
      vertex -2.865105E+01 1.142219E+00 1.980785E+00
      vertex -2.864262E+01 5.432374E-01 2.000000E+00
      vertex -2.847299E+01 1.062495E+00 2.000000E+00
    endloop
  endfacet
  facet normal -5.156399E-01 7.168055E-01 4.693670E-01
    outer loop
      vertex -2.844693E+01 2.628622E+00 1.382683E+00
      vertex -2.780013E+01 2.980696E+00 1.555570E+00
      vertex -2.784591E+01 3.060967E+00 1.382683E+00
    endloop
  endfacet
  facet normal -5.590771E-01 7.771887E-01 2.888087E-01
    outer loop
      vertex -2.844693E+01 2.628622E+00 1.382683E+00
      vertex -2.784591E+01 3.060967E+00 1.382683E+00
      vertex -2.787411E+01 3.110397E+00 1.195090E+00
    endloop
  endfacet
  facet normal -9.368560E-02 3.060334E-02 9.951314E-01
    outer loop
      vertex -2.865105E+01 1.142219E+00 1.980785E+00
      vertex -2.883340E+01 5.839991E-01 1.980785E+00
      vertex -2.864262E+01 5.432374E-01 2.000000E+00
    endloop
  endfacet
  facet normal -7.371562E-01 6.686545E-01 9.747762E-02
    outer loop
      vertex -2.848483E+01 2.671070E+00 1.195090E+00
      vertex -2.849763E+01 2.685404E+00 1.000000E+00
      vertex -2.900579E+01 2.125180E+00 1.000000E+00
    endloop
  endfacet
  facet normal -5.811800E-01 8.079156E-01 9.747829E-02
    outer loop
      vertex -2.848483E+01 2.671070E+00 1.195090E+00
      vertex -2.788363E+01 3.127088E+00 1.000000E+00
      vertex -2.849763E+01 2.685404E+00 1.000000E+00
    endloop
  endfacet
  facet normal -7.091182E-01 6.432232E-01 2.888171E-01
    outer loop
      vertex -2.848483E+01 2.671070E+00 1.195090E+00
      vertex -2.894435E+01 2.080244E+00 1.382683E+00
      vertex -2.844693E+01 2.628622E+00 1.382683E+00
    endloop
  endfacet
  facet normal -7.091194E-01 6.432232E-01 2.888143E-01
    outer loop
      vertex -2.848483E+01 2.671070E+00 1.195090E+00
      vertex -2.899028E+01 2.113837E+00 1.195090E+00
      vertex -2.894435E+01 2.080244E+00 1.382683E+00
    endloop
  endfacet
  facet normal -5.811785E-01 8.079161E-01 9.748403E-02
    outer loop
      vertex -2.848483E+01 2.671070E+00 1.195090E+00
      vertex -2.787411E+01 3.110397E+00 1.195090E+00
      vertex -2.788363E+01 3.127088E+00 1.000000E+00
    endloop
  endfacet
  facet normal -5.314397E-01 4.720778E-02 8.457797E-01
    outer loop
      vertex -2.918592E+01 6.593168E-01 1.831470E+00
      vertex -2.932349E+01 -8.388528E-16 1.781832E+00
      vertex -2.913388E+01 -8.156328E-16 1.900969E+00
    endloop
  endfacet
  facet normal -5.590742E-01 7.771881E-01 2.888161E-01
    outer loop
      vertex -2.848483E+01 2.671070E+00 1.195090E+00
      vertex -2.844693E+01 2.628622E+00 1.382683E+00
      vertex -2.787411E+01 3.110397E+00 1.195090E+00
    endloop
  endfacet
  facet normal -7.371562E-01 6.686546E-01 9.747718E-02
    outer loop
      vertex -2.848483E+01 2.671070E+00 1.195090E+00
      vertex -2.900579E+01 2.125180E+00 1.000000E+00
      vertex -2.899028E+01 2.113837E+00 1.195090E+00
    endloop
  endfacet
  facet normal -4.696545E-01 5.580604E-02 8.810847E-01
    outer loop
      vertex -2.918592E+01 6.593168E-01 1.831470E+00
      vertex -2.913388E+01 -8.156328E-16 1.900969E+00
      vertex -2.901685E+01 6.231943E-01 1.923880E+00
    endloop
  endfacet
  facet normal -2.773406E-01 9.059663E-02 9.564907E-01
    outer loop
      vertex -2.882227E+01 1.218880E+00 1.923880E+00
      vertex -2.901685E+01 6.231943E-01 1.923880E+00
      vertex -2.883340E+01 5.839991E-01 1.980785E+00
    endloop
  endfacet
  facet normal -2.773422E-01 9.059662E-02 9.564902E-01
    outer loop
      vertex -2.882227E+01 1.218880E+00 1.923880E+00
      vertex -2.883340E+01 5.839991E-01 1.980785E+00
      vertex -2.865105E+01 1.142219E+00 1.980785E+00
    endloop
  endfacet
  facet normal -7.055930E-01 6.545398E-02 7.055877E-01
    outer loop
      vertex -2.933412E+01 6.909785E-01 1.707107E+00
      vertex -2.948183E+01 -8.582441E-16 1.623490E+00
      vertex -2.932349E+01 -8.388528E-16 1.781832E+00
    endloop
  endfacet
  facet normal -6.317947E-01 7.372992E-02 7.716212E-01
    outer loop
      vertex -2.933412E+01 6.909785E-01 1.707107E+00
      vertex -2.932349E+01 -8.388528E-16 1.781832E+00
      vertex -2.918592E+01 6.593168E-01 1.831470E+00
    endloop
  endfacet
  facet normal -8.522416E-02 4.950239E-02 9.951314E-01
    outer loop
      vertex -2.835609E+01 1.650020E+00 1.980785E+00
      vertex -2.847299E+01 1.062495E+00 2.000000E+00
      vertex -2.819863E+01 1.534852E+00 2.000000E+00
    endloop
  endfacet
  facet normal -8.522299E-02 4.950216E-02 9.951315E-01
    outer loop
      vertex -2.835609E+01 1.650020E+00 1.980785E+00
      vertex -2.865105E+01 1.142219E+00 1.980785E+00
      vertex -2.847299E+01 1.062495E+00 2.000000E+00
    endloop
  endfacet
  facet normal -4.500300E-01 1.470071E-01 8.808302E-01
    outer loop
      vertex -2.898006E+01 1.289530E+00 1.831470E+00
      vertex -2.918592E+01 6.593168E-01 1.831470E+00
      vertex -2.901685E+01 6.231943E-01 1.923880E+00
    endloop
  endfacet
  facet normal -4.500283E-01 1.470071E-01 8.808311E-01
    outer loop
      vertex -2.898006E+01 1.289530E+00 1.831470E+00
      vertex -2.901685E+01 6.231943E-01 1.923880E+00
      vertex -2.882227E+01 1.218880E+00 1.923880E+00
    endloop
  endfacet
  facet normal 9.934547E-01 1.142271E-01 0.000000E+00
    outer loop
      vertex 2.490000E+01 5.910468E-16 2.000000E+00
      vertex 2.493131E+01 -2.723512E-01 2.000000E+00
      vertex 2.490000E+01 5.910468E-16 0.000000E+00
    endloop
  endfacet
  facet normal 9.934547E-01 1.142271E-01 0.000000E+00
    outer loop
      vertex 2.490000E+01 5.910468E-16 0.000000E+00
      vertex 2.493131E+01 -2.723512E-01 2.000000E+00
      vertex 2.493131E+01 -2.723512E-01 0.000000E+00
    endloop
  endfacet
  facet normal 9.416053E-01 3.367189E-01 0.000000E+00
    outer loop
      vertex 2.493131E+01 -2.723512E-01 0.000000E+00
      vertex 2.502362E+01 -5.304881E-01 2.000000E+00
      vertex 2.502362E+01 -5.304881E-01 0.000000E+00
    endloop
  endfacet
  facet normal 9.416053E-01 3.367189E-01 0.000000E+00
    outer loop
      vertex 2.493131E+01 -2.723512E-01 2.000000E+00
      vertex 2.502362E+01 -5.304881E-01 2.000000E+00
      vertex 2.493131E+01 -2.723512E-01 0.000000E+00
    endloop
  endfacet
  facet normal 8.406094E-01 5.416418E-01 0.000000E+00
    outer loop
      vertex 2.502362E+01 -5.304881E-01 0.000000E+00
      vertex 2.517211E+01 -7.609379E-01 2.000000E+00
      vertex 2.517211E+01 -7.609379E-01 0.000000E+00
    endloop
  endfacet
  facet normal 8.406094E-01 5.416418E-01 0.000000E+00
    outer loop
      vertex 2.502362E+01 -5.304881E-01 2.000000E+00
      vertex 2.517211E+01 -7.609379E-01 2.000000E+00
      vertex 2.502362E+01 -5.304881E-01 0.000000E+00
    endloop
  endfacet
  facet normal 6.957431E-01 7.182906E-01 0.000000E+00
    outer loop
      vertex 2.517211E+01 -7.609379E-01 0.000000E+00
      vertex 2.536903E+01 -9.516732E-01 2.000000E+00
      vertex 2.536903E+01 -9.516732E-01 0.000000E+00
    endloop
  endfacet
  facet normal 6.957431E-01 7.182906E-01 0.000000E+00
    outer loop
      vertex 2.517211E+01 -7.609379E-01 2.000000E+00
      vertex 2.536903E+01 -9.516732E-01 2.000000E+00
      vertex 2.517211E+01 -7.609379E-01 0.000000E+00
    endloop
  endfacet
  facet normal 5.145677E-01 8.574498E-01 0.000000E+00
    outer loop
      vertex 2.536903E+01 -9.516732E-01 0.000000E+00
      vertex 2.560410E+01 -1.092739E+00 2.000000E+00
      vertex 2.560410E+01 -1.092739E+00 0.000000E+00
    endloop
  endfacet
  facet normal 5.145677E-01 8.574498E-01 0.000000E+00
    outer loop
      vertex 2.536903E+01 -9.516732E-01 2.000000E+00
      vertex 2.560410E+01 -1.092739E+00 2.000000E+00
      vertex 2.536903E+01 -9.516732E-01 0.000000E+00
    endloop
  endfacet
  facet normal 3.065315E-01 9.518605E-01 0.000000E+00
    outer loop
      vertex 2.560410E+01 -1.092739E+00 0.000000E+00
      vertex 2.586504E+01 -1.176773E+00 2.000000E+00
      vertex 2.586504E+01 -1.176773E+00 0.000000E+00
    endloop
  endfacet
  facet normal 3.065315E-01 9.518605E-01 0.000000E+00
    outer loop
      vertex 2.560410E+01 -1.092739E+00 2.000000E+00
      vertex 2.586504E+01 -1.176773E+00 2.000000E+00
      vertex 2.560410E+01 -1.092739E+00 0.000000E+00
    endloop
  endfacet
  facet normal 8.249819E-02 9.965912E-01 0.000000E+00
    outer loop
      vertex 2.586504E+01 -1.176773E+00 0.000000E+00
      vertex 2.613826E+01 -1.199390E+00 2.000000E+00
      vertex 2.613826E+01 -1.199390E+00 0.000000E+00
    endloop
  endfacet
  facet normal 8.249819E-02 9.965912E-01 0.000000E+00
    outer loop
      vertex 2.586504E+01 -1.176773E+00 2.000000E+00
      vertex 2.613826E+01 -1.199390E+00 2.000000E+00
      vertex 2.586504E+01 -1.176773E+00 0.000000E+00
    endloop
  endfacet
  facet normal -1.458404E-01 9.893081E-01 0.000000E+00
    outer loop
      vertex 2.613826E+01 -1.199390E+00 0.000000E+00
      vertex 2.640947E+01 -1.159409E+00 2.000000E+00
      vertex 2.640947E+01 -1.159409E+00 0.000000E+00
    endloop
  endfacet
  facet normal -1.458404E-01 9.893081E-01 0.000000E+00
    outer loop
      vertex 2.613826E+01 -1.199390E+00 2.000000E+00
      vertex 2.640947E+01 -1.159409E+00 2.000000E+00
      vertex 2.613826E+01 -1.199390E+00 0.000000E+00
    endloop
  endfacet
  facet normal -3.665678E-01 9.303914E-01 0.000000E+00
    outer loop
      vertex 2.640947E+01 -1.159409E+00 0.000000E+00
      vertex 2.666453E+01 -1.058916E+00 2.000000E+00
      vertex 2.666453E+01 -1.058916E+00 0.000000E+00
    endloop
  endfacet
  facet normal -3.665678E-01 9.303914E-01 0.000000E+00
    outer loop
      vertex 2.640947E+01 -1.159409E+00 2.000000E+00
      vertex 2.666453E+01 -1.058916E+00 2.000000E+00
      vertex 2.640947E+01 -1.159409E+00 0.000000E+00
    endloop
  endfacet
  facet normal -5.629001E-01 8.265250E-01 0.000000E+00
    outer loop
      vertex 2.666453E+01 -1.058916E+00 0.000000E+00
      vertex 2.687855E+01 -9.131603E-01 2.000000E+00
      vertex 2.687855E+01 -9.131603E-01 0.000000E+00
    endloop
  endfacet
  facet normal -5.629001E-01 8.265250E-01 0.000000E+00
    outer loop
      vertex 2.666453E+01 -1.058916E+00 2.000000E+00
      vertex 2.687855E+01 -9.131603E-01 2.000000E+00
      vertex 2.666453E+01 -1.058916E+00 0.000000E+00
    endloop
  endfacet
  facet normal -7.271070E-01 6.865242E-01 0.000000E+00
    outer loop
      vertex 2.687855E+01 -9.131603E-01 0.000000E+00
      vertex 2.705631E+01 -7.248871E-01 2.000000E+00
      vertex 2.705631E+01 -7.248871E-01 0.000000E+00
    endloop
  endfacet
  facet normal -7.271070E-01 6.865242E-01 0.000000E+00
    outer loop
      vertex 2.687855E+01 -9.131603E-01 2.000000E+00
      vertex 2.705631E+01 -7.248871E-01 2.000000E+00
      vertex 2.687855E+01 -9.131603E-01 0.000000E+00
    endloop
  endfacet
  facet normal -8.574504E-01 5.145667E-01 0.000000E+00
    outer loop
      vertex 2.705631E+01 -7.248871E-01 0.000000E+00
      vertex 2.718955E+01 -5.028625E-01 2.000000E+00
      vertex 2.718955E+01 -5.028625E-01 0.000000E+00
    endloop
  endfacet
  facet normal -8.574504E-01 5.145667E-01 0.000000E+00
    outer loop
      vertex 2.705631E+01 -7.248871E-01 2.000000E+00
      vertex 2.718955E+01 -5.028625E-01 2.000000E+00
      vertex 2.705631E+01 -7.248871E-01 0.000000E+00
    endloop
  endfacet
  facet normal -9.478724E-01 3.186501E-01 0.000000E+00
    outer loop
      vertex 2.718955E+01 -5.028625E-01 0.000000E+00
      vertex 2.727206E+01 -2.574242E-01 2.000000E+00
      vertex 2.727206E+01 -2.574242E-01 0.000000E+00
    endloop
  endfacet
  facet normal -9.478724E-01 3.186501E-01 0.000000E+00
    outer loop
      vertex 2.718955E+01 -5.028625E-01 2.000000E+00
      vertex 2.727206E+01 -2.574242E-01 2.000000E+00
      vertex 2.718955E+01 -5.028625E-01 0.000000E+00
    endloop
  endfacet
  facet normal -9.941635E-01 1.078841E-01 0.000000E+00
    outer loop
      vertex 2.727206E+01 -2.574242E-01 0.000000E+00
      vertex 2.730000E+01 2.971316E-16 2.000000E+00
      vertex 2.730000E+01 2.971316E-16 0.000000E+00
    endloop
  endfacet
  facet normal -9.941635E-01 1.078841E-01 0.000000E+00
    outer loop
      vertex 2.727206E+01 -2.574242E-01 2.000000E+00
      vertex 2.730000E+01 2.971316E-16 2.000000E+00
      vertex 2.727206E+01 -2.574242E-01 0.000000E+00
    endloop
  endfacet
  facet normal 9.937873E-01 1.112958E-01 0.000000E+00
    outer loop
      vertex -2.730000E+01 -2.971316E-16 2.000000E+00
      vertex -2.727027E+01 -2.654651E-01 2.000000E+00
      vertex -2.730000E+01 -2.971316E-16 0.000000E+00
    endloop
  endfacet
  facet normal 9.937873E-01 1.112958E-01 0.000000E+00
    outer loop
      vertex -2.730000E+01 -2.971316E-16 0.000000E+00
      vertex -2.727027E+01 -2.654651E-01 2.000000E+00
      vertex -2.727027E+01 -2.654651E-01 0.000000E+00
    endloop
  endfacet
  facet normal 9.445403E-01 3.283955E-01 0.000000E+00
    outer loop
      vertex -2.727027E+01 -2.654651E-01 0.000000E+00
      vertex -2.718255E+01 -5.177758E-01 2.000000E+00
      vertex -2.718255E+01 -5.177758E-01 0.000000E+00
    endloop
  endfacet
  facet normal 9.445403E-01 3.283955E-01 0.000000E+00
    outer loop
      vertex -2.727027E+01 -2.654651E-01 2.000000E+00
      vertex -2.718255E+01 -5.177758E-01 2.000000E+00
      vertex -2.727027E+01 -2.654651E-01 0.000000E+00
    endloop
  endfacet
  facet normal 8.484948E-01 5.292037E-01 0.000000E+00
    outer loop
      vertex -2.718255E+01 -5.177758E-01 0.000000E+00
      vertex -2.704118E+01 -7.444293E-01 2.000000E+00
      vertex -2.704118E+01 -7.444293E-01 0.000000E+00
    endloop
  endfacet
  facet normal 8.484948E-01 5.292037E-01 0.000000E+00
    outer loop
      vertex -2.718255E+01 -5.177758E-01 2.000000E+00
      vertex -2.704118E+01 -7.444293E-01 2.000000E+00
      vertex -2.718255E+01 -5.177758E-01 0.000000E+00
    endloop
  endfacet
  facet normal 7.103964E-01 7.038017E-01 0.000000E+00
    outer loop
      vertex -2.704118E+01 -7.444293E-01 0.000000E+00
      vertex -2.685318E+01 -9.341944E-01 2.000000E+00
      vertex -2.685318E+01 -9.341944E-01 0.000000E+00
    endloop
  endfacet
  facet normal 7.103964E-01 7.038017E-01 0.000000E+00
    outer loop
      vertex -2.704118E+01 -7.444293E-01 2.000000E+00
      vertex -2.685318E+01 -9.341944E-01 2.000000E+00
      vertex -2.704118E+01 -7.444293E-01 0.000000E+00
    endloop
  endfacet
  facet normal 5.371019E-01 8.435174E-01 0.000000E+00
    outer loop
      vertex -2.685318E+01 -9.341944E-01 0.000000E+00
      vertex -2.662786E+01 -1.077668E+00 2.000000E+00
      vertex -2.662786E+01 -1.077668E+00 0.000000E+00
    endloop
  endfacet
  facet normal 5.371019E-01 8.435174E-01 0.000000E+00
    outer loop
      vertex -2.685318E+01 -9.341944E-01 2.000000E+00
      vertex -2.662786E+01 -1.077668E+00 2.000000E+00
      vertex -2.685318E+01 -9.341944E-01 0.000000E+00
    endloop
  endfacet
  facet normal 3.371923E-01 9.414358E-01 0.000000E+00
    outer loop
      vertex -2.662786E+01 -1.077668E+00 0.000000E+00
      vertex -2.637638E+01 -1.167740E+00 2.000000E+00
      vertex -2.637638E+01 -1.167740E+00 0.000000E+00
    endloop
  endfacet
  facet normal 3.371923E-01 9.414358E-01 0.000000E+00
    outer loop
      vertex -2.662786E+01 -1.077668E+00 2.000000E+00
      vertex -2.637638E+01 -1.167740E+00 2.000000E+00
      vertex -2.662786E+01 -1.077668E+00 0.000000E+00
    endloop
  endfacet
  facet normal 1.205715E-01 9.927046E-01 0.000000E+00
    outer loop
      vertex -2.637638E+01 -1.167740E+00 0.000000E+00
      vertex -2.611120E+01 -1.199948E+00 2.000000E+00
      vertex -2.611120E+01 -1.199948E+00 0.000000E+00
    endloop
  endfacet
  facet normal 1.205715E-01 9.927046E-01 0.000000E+00
    outer loop
      vertex -2.637638E+01 -1.167740E+00 2.000000E+00
      vertex -2.611120E+01 -1.199948E+00 2.000000E+00
      vertex -2.637638E+01 -1.167740E+00 0.000000E+00
    endloop
  endfacet
  facet normal -1.020231E-01 9.947821E-01 0.000000E+00
    outer loop
      vertex -2.611120E+01 -1.199948E+00 0.000000E+00
      vertex -2.584547E+01 -1.172695E+00 2.000000E+00
      vertex -2.584547E+01 -1.172695E+00 0.000000E+00
    endloop
  endfacet
  facet normal -3.195612E-01 9.475657E-01 0.000000E+00
    outer loop
      vertex -2.584547E+01 -1.172695E+00 0.000000E+00
      vertex -2.584547E+01 -1.172695E+00 2.000000E+00
      vertex -2.559235E+01 -1.087332E+00 0.000000E+00
    endloop
  endfacet
  facet normal -1.020231E-01 9.947821E-01 0.000000E+00
    outer loop
      vertex -2.611120E+01 -1.199948E+00 2.000000E+00
      vertex -2.584547E+01 -1.172695E+00 2.000000E+00
      vertex -2.611120E+01 -1.199948E+00 0.000000E+00
    endloop
  endfacet
  facet normal -5.228577E-01 8.524199E-01 0.000000E+00
    outer loop
      vertex -2.559235E+01 -1.087332E+00 0.000000E+00
      vertex -2.559235E+01 -1.087332E+00 2.000000E+00
      vertex -2.536085E+01 -9.453365E-01 0.000000E+00
    endloop
  endfacet
  facet normal -3.195612E-01 9.475657E-01 0.000000E+00
    outer loop
      vertex -2.584547E+01 -1.172695E+00 2.000000E+00
      vertex -2.559235E+01 -1.087332E+00 2.000000E+00
      vertex -2.559235E+01 -1.087332E+00 0.000000E+00
    endloop
  endfacet
  facet normal -5.228577E-01 8.524199E-01 0.000000E+00
    outer loop
      vertex -2.559235E+01 -1.087332E+00 2.000000E+00
      vertex -2.536085E+01 -9.453365E-01 2.000000E+00
      vertex -2.536085E+01 -9.453365E-01 0.000000E+00
    endloop
  endfacet
  facet normal -7.011423E-01 7.130213E-01 0.000000E+00
    outer loop
      vertex -2.536085E+01 -9.453365E-01 0.000000E+00
      vertex -2.516721E+01 -7.549228E-01 2.000000E+00
      vertex -2.516721E+01 -7.549228E-01 0.000000E+00
    endloop
  endfacet
  facet normal -7.011423E-01 7.130213E-01 0.000000E+00
    outer loop
      vertex -2.536085E+01 -9.453365E-01 2.000000E+00
      vertex -2.516721E+01 -7.549228E-01 2.000000E+00
      vertex -2.536085E+01 -9.453365E-01 0.000000E+00
    endloop
  endfacet
  facet normal -8.435166E-01 5.371031E-01 0.000000E+00
    outer loop
      vertex -2.516721E+01 -7.549228E-01 0.000000E+00
      vertex -2.502135E+01 -5.258437E-01 2.000000E+00
      vertex -2.502135E+01 -5.258437E-01 0.000000E+00
    endloop
  endfacet
  facet normal -8.435166E-01 5.371031E-01 0.000000E+00
    outer loop
      vertex -2.516721E+01 -7.549228E-01 2.000000E+00
      vertex -2.502135E+01 -5.258437E-01 2.000000E+00
      vertex -2.516721E+01 -7.549228E-01 0.000000E+00
    endloop
  endfacet
  facet normal -9.426883E-01 3.336747E-01 0.000000E+00
    outer loop
      vertex -2.502135E+01 -5.258437E-01 0.000000E+00
      vertex -2.493073E+01 -2.698319E-01 2.000000E+00
      vertex -2.493073E+01 -2.698319E-01 0.000000E+00
    endloop
  endfacet
  facet normal -9.426883E-01 3.336747E-01 0.000000E+00
    outer loop
      vertex -2.502135E+01 -5.258437E-01 2.000000E+00
      vertex -2.493073E+01 -2.698319E-01 2.000000E+00
      vertex -2.502135E+01 -5.258437E-01 0.000000E+00
    endloop
  endfacet
  facet normal -9.935769E-01 1.131586E-01 0.000000E+00
    outer loop
      vertex -2.493073E+01 -2.698319E-01 0.000000E+00
      vertex -2.490000E+01 -5.910468E-16 2.000000E+00
      vertex -2.490000E+01 -5.910468E-16 0.000000E+00
    endloop
  endfacet
  facet normal -9.935769E-01 1.131586E-01 0.000000E+00
    outer loop
      vertex -2.493073E+01 -2.698319E-01 2.000000E+00
      vertex -2.490000E+01 -5.910468E-16 2.000000E+00
      vertex -2.493073E+01 -2.698319E-01 0.000000E+00
    endloop
  endfacet
  facet normal 0.000000E+00 6.343923E-01 7.730113E-01
    outer loop
      vertex -6.000000E+00 1.215557E+01 1.831470E+00
      vertex -6.000000E+00 1.230711E+01 1.707107E+00
      vertex -2.430711E+01 1.230711E+01 1.707107E+00
    endloop
  endfacet
  facet normal -3.533413E-04 6.085393E-01 7.935237E-01
    outer loop
      vertex -6.000000E+00 1.215557E+01 1.831470E+00
      vertex -2.430711E+01 1.230711E+01 1.707107E+00
      vertex -2.410000E+01 1.210000E+01 1.866025E+00
    endloop
  endfacet
  facet normal -4.758184E-04 3.822764E-01 9.240479E-01
    outer loop
      vertex -6.000000E+00 1.198268E+01 1.923880E+00
      vertex -2.410000E+01 1.210000E+01 1.866025E+00
      vertex -2.385882E+01 1.185882E+01 1.965926E+00
    endloop
  endfacet
  facet normal 2.364732E-04 4.713964E-01 8.819215E-01
    outer loop
      vertex -6.000000E+00 1.198268E+01 1.923880E+00
      vertex -6.000000E+00 1.215557E+01 1.831470E+00
      vertex -2.410000E+01 1.210000E+01 1.866025E+00
    endloop
  endfacet
  facet normal -3.604579E-04 1.301721E-01 9.914914E-01
    outer loop
      vertex -6.000000E+00 1.179509E+01 1.980785E+00
      vertex -2.385882E+01 1.185882E+01 1.965926E+00
      vertex -2.360000E+01 1.160000E+01 2.000000E+00
    endloop
  endfacet
  facet normal 2.396475E-04 2.902855E-01 9.569401E-01
    outer loop
      vertex -6.000000E+00 1.179509E+01 1.980785E+00
      vertex -6.000000E+00 1.198268E+01 1.923880E+00
      vertex -2.385882E+01 1.185882E+01 1.965926E+00
    endloop
  endfacet
  facet normal 0.000000E+00 9.801731E-02 9.951847E-01
    outer loop
      vertex -6.000000E+00 1.160000E+01 2.000000E+00
      vertex -6.000000E+00 1.179509E+01 1.980785E+00
      vertex -2.360000E+01 1.160000E+01 2.000000E+00
    endloop
  endfacet
  facet normal -6.087635E-01 0.000000E+00 7.933517E-01
    outer loop
      vertex -2.410000E+01 1.210000E+01 1.866025E+00
      vertex -2.430711E+01 1.230711E+01 1.707107E+00
      vertex -2.430711E+01 4.829873E+00 1.707107E+00
    endloop
  endfacet
  facet normal -6.087635E-01 0.000000E+00 7.933517E-01
    outer loop
      vertex -2.410000E+01 1.210000E+01 1.866025E+00
      vertex -2.430711E+01 4.829873E+00 1.707107E+00
      vertex -2.410000E+01 4.709574E+00 1.866025E+00
    endloop
  endfacet
  facet normal -3.826840E-01 0.000000E+00 9.238793E-01
    outer loop
      vertex -2.385882E+01 1.185882E+01 1.965926E+00
      vertex -2.410000E+01 4.709574E+00 1.866025E+00
      vertex -2.385882E+01 4.569484E+00 1.965926E+00
    endloop
  endfacet
  facet normal -3.826840E-01 0.000000E+00 9.238793E-01
    outer loop
      vertex -2.385882E+01 1.185882E+01 1.965926E+00
      vertex -2.410000E+01 1.210000E+01 1.866025E+00
      vertex -2.410000E+01 4.709574E+00 1.866025E+00
    endloop
  endfacet
  facet normal -1.305260E-01 0.000000E+00 9.914449E-01
    outer loop
      vertex -2.360000E+01 1.160000E+01 2.000000E+00
      vertex -2.385882E+01 4.569484E+00 1.965926E+00
      vertex -2.360000E+01 4.419148E+00 2.000000E+00
    endloop
  endfacet
  facet normal -1.305260E-01 0.000000E+00 9.914449E-01
    outer loop
      vertex -2.360000E+01 1.160000E+01 2.000000E+00
      vertex -2.385882E+01 1.185882E+01 1.965926E+00
      vertex -2.385882E+01 4.569484E+00 1.965926E+00
    endloop
  endfacet
  facet normal -3.143110E-01 -5.510564E-01 7.730107E-01
    outer loop
      vertex -2.766343E+01 -2.741040E+00 1.831470E+00
      vertex -2.773851E+01 -2.872670E+00 1.707107E+00
      vertex -2.430711E+01 -4.829873E+00 1.707107E+00
    endloop
  endfacet
  facet normal -3.005204E-01 -5.300823E-01 7.929062E-01
    outer loop
      vertex -2.766343E+01 -2.741040E+00 1.831470E+00
      vertex -2.430711E+01 -4.829873E+00 1.707107E+00
      vertex -2.410000E+01 -4.709574E+00 1.866025E+00
    endloop
  endfacet
  facet normal -1.883134E-01 -3.343249E-01 9.234527E-01
    outer loop
      vertex -2.757778E+01 -2.590865E+00 1.923880E+00
      vertex -2.410000E+01 -4.709574E+00 1.866025E+00
      vertex -2.385882E+01 -4.569484E+00 1.965926E+00
    endloop
  endfacet
  facet normal -2.344673E-01 -4.089505E-01 8.819209E-01
    outer loop
      vertex -2.757778E+01 -2.590865E+00 1.923880E+00
      vertex -2.766343E+01 -2.741040E+00 1.831470E+00
      vertex -2.410000E+01 -4.709574E+00 1.866025E+00
    endloop
  endfacet
  facet normal -6.378492E-02 -1.148763E-01 9.913298E-01
    outer loop
      vertex -2.748483E+01 -2.427915E+00 1.980785E+00
      vertex -2.385882E+01 -4.569484E+00 1.965926E+00
      vertex -2.360000E+01 -4.419148E+00 2.000000E+00
    endloop
  endfacet
  facet normal -1.447049E-01 -2.516479E-01 9.569399E-01
    outer loop
      vertex -2.748483E+01 -2.427915E+00 1.980785E+00
      vertex -2.757778E+01 -2.590865E+00 1.923880E+00
      vertex -2.385882E+01 -4.569484E+00 1.965926E+00
    endloop
  endfacet
  facet normal -4.856276E-02 -8.514117E-02 9.951847E-01
    outer loop
      vertex -2.738817E+01 -2.258452E+00 2.000000E+00
      vertex -2.748483E+01 -2.427915E+00 1.980785E+00
      vertex -2.360000E+01 -4.419148E+00 2.000000E+00
    endloop
  endfacet
  facet normal -8.166770E-01 4.743682E-01 -3.286538E-01
    outer loop
      vertex -2.892585E+01 2.066720E+00 5.661163E-01
      vertex -2.929530E+01 1.430678E+00 5.661163E-01
      vertex -2.936280E+01 1.460901E+00 7.774791E-01
    endloop
  endfacet
  facet normal -8.166772E-01 4.743687E-01 -3.286529E-01
    outer loop
      vertex -2.892585E+01 2.066720E+00 5.661163E-01
      vertex -2.936280E+01 1.460901E+00 7.774791E-01
      vertex -2.898555E+01 2.110379E+00 7.774791E-01
    endloop
  endfacet
  facet normal -5.311945E-01 5.611282E-02 -8.453897E-01
    outer loop
      vertex -2.906692E+01 6.338920E-01 9.903114E-02
      vertex -2.913388E+01 -8.156328E-16 9.903114E-02
      vertex -2.932349E+01 -8.388528E-16 2.181685E-01
    endloop
  endfacet
  facet normal -5.311943E-01 5.611272E-02 -8.453897E-01
    outer loop
      vertex -2.906692E+01 6.338920E-01 9.903114E-02
      vertex -2.932349E+01 -8.388528E-16 2.181685E-01
      vertex -2.925234E+01 6.735078E-01 2.181685E-01
    endloop
  endfacet
  facet normal -7.360770E-01 6.676756E-01 -1.113551E-01
    outer loop
      vertex -2.848093E+01 2.666701E+00 7.774791E-01
      vertex -2.900579E+01 2.125180E+00 1.000000E+00
      vertex -2.849763E+01 2.685404E+00 1.000000E+00
    endloop
  endfacet
  facet normal -5.803292E-01 8.067330E-01 -1.113547E-01
    outer loop
      vertex -2.848093E+01 2.666701E+00 7.774791E-01
      vertex -2.849763E+01 2.685404E+00 1.000000E+00
      vertex -2.788363E+01 3.127088E+00 1.000000E+00
    endloop
  endfacet
  facet normal -5.803294E-01 8.067330E-01 -1.113543E-01
    outer loop
      vertex -2.848093E+01 2.666701E+00 7.774791E-01
      vertex -2.788363E+01 3.127088E+00 1.000000E+00
      vertex -2.787120E+01 3.105309E+00 7.774791E-01
    endloop
  endfacet
  facet normal -5.515230E-01 7.666883E-01 -3.286510E-01
    outer loop
      vertex -2.848093E+01 2.666701E+00 7.774791E-01
      vertex -2.787120E+01 3.105309E+00 7.774791E-01
      vertex -2.783456E+01 3.041066E+00 5.661163E-01
    endloop
  endfacet
  facet normal -7.360766E-01 6.676766E-01 -1.113518E-01
    outer loop
      vertex -2.848093E+01 2.666701E+00 7.774791E-01
      vertex -2.898555E+01 2.110379E+00 7.774791E-01
      vertex -2.900579E+01 2.125180E+00 1.000000E+00
    endloop
  endfacet
  facet normal -6.740175E-01 2.201747E-01 -7.051408E-01
    outer loop
      vertex -2.904205E+01 1.317286E+00 2.181685E-01
      vertex -2.925234E+01 6.735078E-01 2.181685E-01
      vertex -2.940719E+01 7.065913E-01 3.765102E-01
    endloop
  endfacet
  facet normal -6.740146E-01 2.201721E-01 -7.051443E-01
    outer loop
      vertex -2.904205E+01 1.317286E+00 2.181685E-01
      vertex -2.940719E+01 7.065913E-01 3.765102E-01
      vertex -2.918657E+01 1.381992E+00 3.765102E-01
    endloop
  endfacet
  facet normal -7.333190E-01 4.259496E-01 -5.299153E-01
    outer loop
      vertex -2.882969E+01 1.996389E+00 3.765102E-01
      vertex -2.929530E+01 1.430678E+00 5.661163E-01
      vertex -2.892585E+01 2.066720E+00 5.661163E-01
    endloop
  endfacet
  facet normal -7.333199E-01 4.259512E-01 -5.299128E-01
    outer loop
      vertex -2.882969E+01 1.996389E+00 3.765102E-01
      vertex -2.918657E+01 1.381992E+00 3.765102E-01
      vertex -2.929530E+01 1.430678E+00 5.661163E-01
    endloop
  endfacet
  facet normal -1.119568E-01 1.182648E-02 -9.936427E-01
    outer loop
      vertex -2.886023E+01 5.897304E-01 2.507209E-02
      vertex -2.864262E+01 5.432374E-01 0.000000E+00
      vertex -2.870000E+01 -7.624974E-16 0.000000E+00
    endloop
  endfacet
  facet normal -3.300782E-01 3.486767E-02 -9.433094E-01
    outer loop
      vertex -2.886023E+01 5.897304E-01 2.507209E-02
      vertex -2.892252E+01 -7.897483E-16 2.507209E-02
      vertex -2.913388E+01 -8.156328E-16 9.903114E-02
    endloop
  endfacet
  facet normal -1.119567E-01 1.182650E-02 -9.936427E-01
    outer loop
      vertex -2.886023E+01 5.897304E-01 2.507209E-02
      vertex -2.870000E+01 -7.624974E-16 0.000000E+00
      vertex -2.892252E+01 -7.897483E-16 2.507209E-02
    endloop
  endfacet
  facet normal -3.300787E-01 3.486791E-02 -9.433092E-01
    outer loop
      vertex -2.886023E+01 5.897304E-01 2.507209E-02
      vertex -2.913388E+01 -8.156328E-16 9.903114E-02
      vertex -2.906692E+01 6.338920E-01 9.903114E-02
    endloop
  endfacet
  facet normal -6.995393E-01 6.345333E-01 -3.286522E-01
    outer loop
      vertex -2.843167E+01 2.611532E+00 5.661163E-01
      vertex -2.892585E+01 2.066720E+00 5.661163E-01
      vertex -2.898555E+01 2.110379E+00 7.774791E-01
    endloop
  endfacet
  facet normal -5.515229E-01 7.666890E-01 -3.286494E-01
    outer loop
      vertex -2.843167E+01 2.611532E+00 5.661163E-01
      vertex -2.848093E+01 2.666701E+00 7.774791E-01
      vertex -2.783456E+01 3.041066E+00 5.661163E-01
    endloop
  endfacet
  facet normal -6.995394E-01 6.345345E-01 -3.286495E-01
    outer loop
      vertex -2.843167E+01 2.611532E+00 5.661163E-01
      vertex -2.898555E+01 2.110379E+00 7.774791E-01
      vertex -2.848093E+01 2.666701E+00 7.774791E-01
    endloop
  endfacet
  facet normal -5.077462E-01 1.658609E-01 -8.453898E-01
    outer loop
      vertex -2.886900E+01 1.239803E+00 9.903114E-02
      vertex -2.906692E+01 6.338920E-01 9.903114E-02
      vertex -2.925234E+01 6.735078E-01 2.181685E-01
    endloop
  endfacet
  facet normal -5.077453E-01 1.658602E-01 -8.453904E-01
    outer loop
      vertex -2.886900E+01 1.239803E+00 9.903114E-02
      vertex -2.925234E+01 6.735078E-01 2.181685E-01
      vertex -2.904205E+01 1.317286E+00 2.181685E-01
    endloop
  endfacet
  facet normal -6.131357E-01 3.561408E-01 -7.051442E-01
    outer loop
      vertex -2.870188E+01 1.902916E+00 2.181685E-01
      vertex -2.904205E+01 1.317286E+00 2.181685E-01
      vertex -2.918657E+01 1.381992E+00 3.765102E-01
    endloop
  endfacet
  facet normal -6.131369E-01 3.561425E-01 -7.051423E-01
    outer loop
      vertex -2.870188E+01 1.902916E+00 2.181685E-01
      vertex -2.918657E+01 1.381992E+00 3.765102E-01
      vertex -2.882969E+01 1.996389E+00 3.765102E-01
    endloop
  endfacet
  facet normal -4.952275E-01 6.884317E-01 -5.299165E-01
    outer loop
      vertex -2.835232E+01 2.522662E+00 3.765102E-01
      vertex -2.783456E+01 3.041066E+00 5.661163E-01
      vertex -2.777553E+01 2.937579E+00 3.765102E-01
    endloop
  endfacet
  facet normal -6.281371E-01 5.697663E-01 -5.299152E-01
    outer loop
      vertex -2.835232E+01 2.522662E+00 3.765102E-01
      vertex -2.892585E+01 2.066720E+00 5.661163E-01
      vertex -2.843167E+01 2.611532E+00 5.661163E-01
    endloop
  endfacet
  facet normal -6.281370E-01 5.697660E-01 -5.299156E-01
    outer loop
      vertex -2.835232E+01 2.522662E+00 3.765102E-01
      vertex -2.882969E+01 1.996389E+00 3.765102E-01
      vertex -2.892585E+01 2.066720E+00 5.661163E-01
    endloop
  endfacet
  facet normal -4.952281E-01 6.884320E-01 -5.299156E-01
    outer loop
      vertex -2.835232E+01 2.522662E+00 3.765102E-01
      vertex -2.843167E+01 2.611532E+00 5.661163E-01
      vertex -2.783456E+01 3.041066E+00 5.661163E-01
    endloop
  endfacet
  facet normal -1.070137E-01 3.495744E-02 -9.936428E-01
    outer loop
      vertex -2.867609E+01 1.153429E+00 2.507209E-02
      vertex -2.847299E+01 1.062495E+00 0.000000E+00
      vertex -2.864262E+01 5.432374E-01 0.000000E+00
    endloop
  endfacet
  facet normal -1.070148E-01 3.495737E-02 -9.936427E-01
    outer loop
      vertex -2.867609E+01 1.153429E+00 2.507209E-02
      vertex -2.864262E+01 5.432374E-01 0.000000E+00
      vertex -2.886023E+01 5.897304E-01 2.507209E-02
    endloop
  endfacet
  facet normal -3.155084E-01 1.030637E-01 -9.433092E-01
    outer loop
      vertex -2.867609E+01 1.153429E+00 2.507209E-02
      vertex -2.886023E+01 5.897304E-01 2.507209E-02
      vertex -2.906692E+01 6.338920E-01 9.903114E-02
    endloop
  endfacet
  facet normal -3.155096E-01 1.030647E-01 -9.433088E-01
    outer loop
      vertex -2.867609E+01 1.153429E+00 2.507209E-02
      vertex -2.906692E+01 6.338920E-01 9.903114E-02
      vertex -2.886900E+01 1.239803E+00 9.903114E-02
    endloop
  endfacet
  facet normal -4.618845E-01 2.682867E-01 -8.453904E-01
    outer loop
      vertex -2.854884E+01 1.790986E+00 9.903114E-02
      vertex -2.886900E+01 1.239803E+00 9.903114E-02
      vertex -2.904205E+01 1.317286E+00 2.181685E-01
    endloop
  endfacet
  facet normal -4.618840E-01 2.682860E-01 -8.453909E-01
    outer loop
      vertex -2.854884E+01 1.790986E+00 9.903114E-02
      vertex -2.904205E+01 1.317286E+00 2.181685E-01
      vertex -2.870188E+01 1.902916E+00 2.181685E-01
    endloop
  endfacet
  facet normal -4.140658E-01 5.756062E-01 -7.051433E-01
    outer loop
      vertex -2.824687E+01 2.404547E+00 2.181685E-01
      vertex -2.777553E+01 2.937579E+00 3.765102E-01
      vertex -2.769708E+01 2.800038E+00 2.181685E-01
    endloop
  endfacet
  facet normal -3.119232E-01 4.336146E-01 -8.453888E-01
    outer loop
      vertex -2.824687E+01 2.404547E+00 2.181685E-01
      vertex -2.769708E+01 2.800038E+00 2.181685E-01
      vertex -2.760314E+01 2.635339E+00 9.903114E-02
    endloop
  endfacet
  facet normal -4.140658E-01 5.756063E-01 -7.051432E-01
    outer loop
      vertex -2.824687E+01 2.404547E+00 2.181685E-01
      vertex -2.835232E+01 2.522662E+00 3.765102E-01
      vertex -2.777553E+01 2.937579E+00 3.765102E-01
    endloop
  endfacet
  facet normal -5.251932E-01 4.763892E-01 -7.051422E-01
    outer loop
      vertex -2.824687E+01 2.404547E+00 2.181685E-01
      vertex -2.870188E+01 1.902916E+00 2.181685E-01
      vertex -2.882969E+01 1.996389E+00 3.765102E-01
    endloop
  endfacet
  facet normal -5.251927E-01 4.763879E-01 -7.051434E-01
    outer loop
      vertex -2.824687E+01 2.404547E+00 2.181685E-01
      vertex -2.882969E+01 1.996389E+00 3.765102E-01
      vertex -2.835232E+01 2.522662E+00 3.765102E-01
    endloop
  endfacet
  facet normal -2.870120E-01 1.667115E-01 -9.433088E-01
    outer loop
      vertex -2.837824E+01 1.666213E+00 2.507209E-02
      vertex -2.867609E+01 1.153429E+00 2.507209E-02
      vertex -2.886900E+01 1.239803E+00 9.903114E-02
    endloop
  endfacet
  facet normal -9.734879E-02 5.654497E-02 -9.936427E-01
    outer loop
      vertex -2.837824E+01 1.666213E+00 2.507209E-02
      vertex -2.819863E+01 1.534852E+00 0.000000E+00
      vertex -2.847299E+01 1.062495E+00 0.000000E+00
    endloop
  endfacet
  facet normal -9.734812E-02 5.654487E-02 -9.936429E-01
    outer loop
      vertex -2.837824E+01 1.666213E+00 2.507209E-02
      vertex -2.847299E+01 1.062495E+00 0.000000E+00
      vertex -2.867609E+01 1.153429E+00 2.507209E-02
    endloop
  endfacet
  facet normal -2.870120E-01 1.667116E-01 -9.433088E-01
    outer loop
      vertex -2.837824E+01 1.666213E+00 2.507209E-02
      vertex -2.886900E+01 1.239803E+00 9.903114E-02
      vertex -2.854884E+01 1.790986E+00 9.903114E-02
    endloop
  endfacet
  facet normal -3.956354E-01 3.588691E-01 -8.453908E-01
    outer loop
      vertex -2.812059E+01 2.263112E+00 9.903114E-02
      vertex -2.854884E+01 1.790986E+00 9.903114E-02
      vertex -2.870188E+01 1.902916E+00 2.181685E-01
    endloop
  endfacet
  facet normal -3.119231E-01 4.336140E-01 -8.453892E-01
    outer loop
      vertex -2.812059E+01 2.263112E+00 9.903114E-02
      vertex -2.824687E+01 2.404547E+00 2.181685E-01
      vertex -2.760314E+01 2.635339E+00 9.903114E-02
    endloop
  endfacet
  facet normal -3.956366E-01 3.588718E-01 -8.453891E-01
    outer loop
      vertex -2.812059E+01 2.263112E+00 9.903114E-02
      vertex -2.870188E+01 1.902916E+00 2.181685E-01
      vertex -2.824687E+01 2.404547E+00 2.181685E-01
    endloop
  endfacet
  facet normal -2.458447E-01 2.229997E-01 -9.433088E-01
    outer loop
      vertex -2.797982E+01 2.105447E+00 2.507209E-02
      vertex -2.837824E+01 1.666213E+00 2.507209E-02
      vertex -2.854884E+01 1.790986E+00 9.903114E-02
    endloop
  endfacet
  facet normal -1.938247E-01 2.694417E-01 -9.433097E-01
    outer loop
      vertex -2.797982E+01 2.105447E+00 2.507209E-02
      vertex -2.812059E+01 2.263112E+00 9.903114E-02
      vertex -2.760314E+01 2.635339E+00 9.903114E-02
    endloop
  endfacet
  facet normal -1.938249E-01 2.694418E-01 -9.433095E-01
    outer loop
      vertex -2.797982E+01 2.105447E+00 2.507209E-02
      vertex -2.760314E+01 2.635339E+00 9.903114E-02
      vertex -2.749842E+01 2.451742E+00 2.507209E-02
    endloop
  endfacet
  facet normal -6.574204E-02 9.139001E-02 -9.936427E-01
    outer loop
      vertex -2.797982E+01 2.105447E+00 2.507209E-02
      vertex -2.749842E+01 2.451742E+00 2.507209E-02
      vertex -2.738817E+01 2.258452E+00 0.000000E+00
    endloop
  endfacet
  facet normal -6.574216E-02 9.139051E-02 -9.936427E-01
    outer loop
      vertex -2.797982E+01 2.105447E+00 2.507209E-02
      vertex -2.738817E+01 2.258452E+00 0.000000E+00
      vertex -2.783162E+01 1.939458E+00 0.000000E+00
    endloop
  endfacet
  facet normal -8.338631E-02 7.563733E-02 -9.936426E-01
    outer loop
      vertex -2.797982E+01 2.105447E+00 2.507209E-02
      vertex -2.783162E+01 1.939458E+00 0.000000E+00
      vertex -2.819863E+01 1.534852E+00 0.000000E+00
    endloop
  endfacet
  facet normal -8.338561E-02 7.563706E-02 -9.936427E-01
    outer loop
      vertex -2.797982E+01 2.105447E+00 2.507209E-02
      vertex -2.819863E+01 1.534852E+00 0.000000E+00
      vertex -2.837824E+01 1.666213E+00 2.507209E-02
    endloop
  endfacet
  facet normal -2.458434E-01 2.229973E-01 -9.433097E-01
    outer loop
      vertex -2.797982E+01 2.105447E+00 2.507209E-02
      vertex -2.854884E+01 1.790986E+00 9.903114E-02
      vertex -2.812059E+01 2.263112E+00 9.903114E-02
    endloop
  endfacet
  facet normal -9.882821E-01 1.043976E-01 -1.113537E-01
    outer loop
      vertex -2.959603E+01 7.469364E-01 7.774791E-01
      vertex -2.970000E+01 -7.981454E-16 1.000000E+00
      vertex -2.962054E+01 7.521749E-01 1.000000E+00
    endloop
  endfacet
  facet normal -9.882822E-01 1.043979E-01 -1.113527E-01
    outer loop
      vertex -2.959603E+01 7.469364E-01 7.774791E-01
      vertex -2.967493E+01 -8.818916E-16 7.774791E-01
      vertex -2.970000E+01 -7.981454E-16 1.000000E+00
    endloop
  endfacet
  facet normal -9.392257E-01 9.921542E-02 -3.286507E-01
    outer loop
      vertex -2.952370E+01 7.314836E-01 5.661163E-01
      vertex -2.960097E+01 -8.728343E-16 5.661163E-01
      vertex -2.967493E+01 -8.818916E-16 7.774791E-01
    endloop
  endfacet
  facet normal -9.392262E-01 9.921587E-02 -3.286495E-01
    outer loop
      vertex -2.952370E+01 7.314836E-01 5.661163E-01
      vertex -2.967493E+01 -8.818916E-16 7.774791E-01
      vertex -2.959603E+01 7.469364E-01 7.774791E-01
    endloop
  endfacet
  facet normal -9.446578E-01 3.085818E-01 -1.113502E-01
    outer loop
      vertex -2.936280E+01 1.460901E+00 7.774791E-01
      vertex -2.962054E+01 7.521749E-01 1.000000E+00
      vertex -2.938568E+01 1.471147E+00 1.000000E+00
    endloop
  endfacet
  facet normal -9.446578E-01 3.085808E-01 -1.113537E-01
    outer loop
      vertex -2.936280E+01 1.460901E+00 7.774791E-01
      vertex -2.959603E+01 7.469364E-01 7.774791E-01
      vertex -2.962054E+01 7.521749E-01 1.000000E+00
    endloop
  endfacet
  facet normal -8.433548E-01 8.908720E-02 -5.299209E-01
    outer loop
      vertex -2.940719E+01 7.065913E-01 3.765102E-01
      vertex -2.948183E+01 -8.582441E-16 3.765102E-01
      vertex -2.960097E+01 -8.728343E-16 5.661163E-01
    endloop
  endfacet
  facet normal -8.433563E-01 8.908822E-02 -5.299185E-01
    outer loop
      vertex -2.940719E+01 7.065913E-01 3.765102E-01
      vertex -2.960097E+01 -8.728343E-16 5.661163E-01
      vertex -2.952370E+01 7.314836E-01 5.661163E-01
    endloop
  endfacet
  facet normal -8.977668E-01 2.932650E-01 -3.286494E-01
    outer loop
      vertex -2.929530E+01 1.430678E+00 5.661163E-01
      vertex -2.952370E+01 7.314836E-01 5.661163E-01
      vertex -2.959603E+01 7.469364E-01 7.774791E-01
    endloop
  endfacet
  facet normal -8.977656E-01 2.932630E-01 -3.286543E-01
    outer loop
      vertex -2.929530E+01 1.430678E+00 5.661163E-01
      vertex -2.959603E+01 7.469364E-01 7.774791E-01
      vertex -2.936280E+01 1.460901E+00 7.774791E-01
    endloop
  endfacet
  facet normal -8.593338E-01 4.991455E-01 -1.113516E-01
    outer loop
      vertex -2.898555E+01 2.110379E+00 7.774791E-01
      vertex -2.938568E+01 1.471147E+00 1.000000E+00
      vertex -2.900579E+01 2.125180E+00 1.000000E+00
    endloop
  endfacet
  facet normal -8.593338E-01 4.991459E-01 -1.113505E-01
    outer loop
      vertex -2.898555E+01 2.110379E+00 7.774791E-01
      vertex -2.936280E+01 1.460901E+00 7.774791E-01
      vertex -2.938568E+01 1.471147E+00 1.000000E+00
    endloop
  endfacet
  facet normal -7.051452E-01 7.448802E-02 -7.051396E-01
    outer loop
      vertex -2.925234E+01 6.735078E-01 2.181685E-01
      vertex -2.932349E+01 -8.388528E-16 2.181685E-01
      vertex -2.948183E+01 -8.582441E-16 3.765102E-01
    endloop
  endfacet
  facet normal -7.051440E-01 7.448740E-02 -7.051408E-01
    outer loop
      vertex -2.925234E+01 6.735078E-01 2.181685E-01
      vertex -2.948183E+01 -8.582441E-16 3.765102E-01
      vertex -2.940719E+01 7.065913E-01 3.765102E-01
    endloop
  endfacet
  facet normal -8.061323E-01 2.633317E-01 -5.299124E-01
    outer loop
      vertex -2.918657E+01 1.381992E+00 3.765102E-01
      vertex -2.952370E+01 7.314836E-01 5.661163E-01
      vertex -2.929530E+01 1.430678E+00 5.661163E-01
    endloop
  endfacet
  facet normal -8.061294E-01 2.633284E-01 -5.299185E-01
    outer loop
      vertex -2.918657E+01 1.381992E+00 3.765102E-01
      vertex -2.940719E+01 7.065913E-01 3.765102E-01
      vertex -2.952370E+01 7.314836E-01 5.661163E-01
    endloop
  endfacet
  facet normal -3.143110E-01 5.510563E-01 7.730107E-01
    outer loop
      vertex -2.430711E+01 4.829873E+00 1.707107E+00
      vertex -2.773851E+01 2.872670E+00 1.707107E+00
      vertex -2.766343E+01 2.741040E+00 1.831470E+00
    endloop
  endfacet
  facet normal -2.344673E-01 4.089505E-01 8.819210E-01
    outer loop
      vertex -2.410000E+01 4.709574E+00 1.866025E+00
      vertex -2.766343E+01 2.741040E+00 1.831470E+00
      vertex -2.757778E+01 2.590865E+00 1.923880E+00
    endloop
  endfacet
  facet normal -3.005205E-01 5.300824E-01 7.929061E-01
    outer loop
      vertex -2.410000E+01 4.709574E+00 1.866025E+00
      vertex -2.430711E+01 4.829873E+00 1.707107E+00
      vertex -2.766343E+01 2.741040E+00 1.831470E+00
    endloop
  endfacet
  facet normal -1.447049E-01 2.516479E-01 9.569398E-01
    outer loop
      vertex -2.385882E+01 4.569484E+00 1.965926E+00
      vertex -2.757778E+01 2.590865E+00 1.923880E+00
      vertex -2.748483E+01 2.427915E+00 1.980785E+00
    endloop
  endfacet
  facet normal -1.883135E-01 3.343250E-01 9.234527E-01
    outer loop
      vertex -2.385882E+01 4.569484E+00 1.965926E+00
      vertex -2.410000E+01 4.709574E+00 1.866025E+00
      vertex -2.757778E+01 2.590865E+00 1.923880E+00
    endloop
  endfacet
  facet normal -4.856276E-02 8.514117E-02 9.951847E-01
    outer loop
      vertex -2.360000E+01 4.419148E+00 2.000000E+00
      vertex -2.748483E+01 2.427915E+00 1.980785E+00
      vertex -2.738817E+01 2.258452E+00 2.000000E+00
    endloop
  endfacet
  facet normal -6.378493E-02 1.148763E-01 9.913298E-01
    outer loop
      vertex -2.360000E+01 4.419148E+00 2.000000E+00
      vertex -2.385882E+01 4.569484E+00 1.965926E+00
      vertex -2.748483E+01 2.427915E+00 1.980785E+00
    endloop
  endfacet
  facet normal -6.087635E-01 0.000000E+00 7.933517E-01
    outer loop
      vertex -2.430711E+01 -4.829873E+00 1.707107E+00
      vertex -2.430711E+01 -1.230711E+01 1.707107E+00
      vertex -2.410000E+01 -1.210000E+01 1.866025E+00
    endloop
  endfacet
  facet normal -3.826840E-01 0.000000E+00 9.238793E-01
    outer loop
      vertex -2.410000E+01 -4.709574E+00 1.866025E+00
      vertex -2.410000E+01 -1.210000E+01 1.866025E+00
      vertex -2.385882E+01 -1.185882E+01 1.965926E+00
    endloop
  endfacet
  facet normal -6.087635E-01 0.000000E+00 7.933517E-01
    outer loop
      vertex -2.410000E+01 -4.709574E+00 1.866025E+00
      vertex -2.430711E+01 -4.829873E+00 1.707107E+00
      vertex -2.410000E+01 -1.210000E+01 1.866025E+00
    endloop
  endfacet
  facet normal -1.305260E-01 0.000000E+00 9.914449E-01
    outer loop
      vertex -2.385882E+01 -4.569484E+00 1.965926E+00
      vertex -2.385882E+01 -1.185882E+01 1.965926E+00
      vertex -2.360000E+01 -1.160000E+01 2.000000E+00
    endloop
  endfacet
  facet normal -3.826840E-01 0.000000E+00 9.238793E-01
    outer loop
      vertex -2.385882E+01 -4.569484E+00 1.965926E+00
      vertex -2.410000E+01 -4.709574E+00 1.866025E+00
      vertex -2.385882E+01 -1.185882E+01 1.965926E+00
    endloop
  endfacet
  facet normal -1.305260E-01 0.000000E+00 9.914449E-01
    outer loop
      vertex -2.360000E+01 -4.419148E+00 2.000000E+00
      vertex -2.385882E+01 -4.569484E+00 1.965926E+00
      vertex -2.360000E+01 -1.160000E+01 2.000000E+00
    endloop
  endfacet
  facet normal 0.000000E+00 -6.087618E-01 7.933531E-01
    outer loop
      vertex -2.430711E+01 -1.230711E+01 1.707107E+00
      vertex 2.430711E+01 -1.230711E+01 1.707107E+00
      vertex 2.410000E+01 -1.210000E+01 1.866025E+00
    endloop
  endfacet
  facet normal 0.000000E+00 -3.826827E-01 9.238799E-01
    outer loop
      vertex -2.410000E+01 -1.210000E+01 1.866025E+00
      vertex 2.410000E+01 -1.210000E+01 1.866025E+00
      vertex 2.385882E+01 -1.185882E+01 1.965926E+00
    endloop
  endfacet
  facet normal 0.000000E+00 -6.087618E-01 7.933531E-01
    outer loop
      vertex -2.410000E+01 -1.210000E+01 1.866025E+00
      vertex -2.430711E+01 -1.230711E+01 1.707107E+00
      vertex 2.410000E+01 -1.210000E+01 1.866025E+00
    endloop
  endfacet
  facet normal 0.000000E+00 -1.305265E-01 9.914448E-01
    outer loop
      vertex -2.385882E+01 -1.185882E+01 1.965926E+00
      vertex 2.385882E+01 -1.185882E+01 1.965926E+00
      vertex 2.360000E+01 -1.160000E+01 2.000000E+00
    endloop
  endfacet
  facet normal 0.000000E+00 -3.826827E-01 9.238798E-01
    outer loop
      vertex -2.385882E+01 -1.185882E+01 1.965926E+00
      vertex -2.410000E+01 -1.210000E+01 1.866025E+00
      vertex 2.385882E+01 -1.185882E+01 1.965926E+00
    endloop
  endfacet
  facet normal 0.000000E+00 -1.305265E-01 9.914448E-01
    outer loop
      vertex -2.360000E+01 -1.160000E+01 2.000000E+00
      vertex -2.385882E+01 -1.185882E+01 1.965926E+00
      vertex 2.360000E+01 -1.160000E+01 2.000000E+00
    endloop
  endfacet
  facet normal 6.087635E-01 0.000000E+00 7.933517E-01
    outer loop
      vertex 2.410000E+01 -1.210000E+01 1.866025E+00
      vertex 2.430711E+01 -1.230711E+01 1.707107E+00
      vertex 2.430711E+01 -4.829873E+00 1.707107E+00
    endloop
  endfacet
  facet normal 6.087635E-01 -0.000000E+00 7.933517E-01
    outer loop
      vertex 2.410000E+01 -1.210000E+01 1.866025E+00
      vertex 2.430711E+01 -4.829873E+00 1.707107E+00
      vertex 2.410000E+01 -4.709574E+00 1.866025E+00
    endloop
  endfacet
  facet normal 3.826840E-01 -0.000000E+00 9.238793E-01
    outer loop
      vertex 2.385882E+01 -1.185882E+01 1.965926E+00
      vertex 2.410000E+01 -4.709574E+00 1.866025E+00
      vertex 2.385882E+01 -4.569484E+00 1.965926E+00
    endloop
  endfacet
  facet normal 3.826840E-01 0.000000E+00 9.238793E-01
    outer loop
      vertex 2.385882E+01 -1.185882E+01 1.965926E+00
      vertex 2.410000E+01 -1.210000E+01 1.866025E+00
      vertex 2.410000E+01 -4.709574E+00 1.866025E+00
    endloop
  endfacet
  facet normal 1.305260E-01 -0.000000E+00 9.914449E-01
    outer loop
      vertex 2.360000E+01 -1.160000E+01 2.000000E+00
      vertex 2.385882E+01 -4.569484E+00 1.965926E+00
      vertex 2.360000E+01 -4.419148E+00 2.000000E+00
    endloop
  endfacet
  facet normal 1.305260E-01 0.000000E+00 9.914449E-01
    outer loop
      vertex 2.360000E+01 -1.160000E+01 2.000000E+00
      vertex 2.385882E+01 -1.185882E+01 1.965926E+00
      vertex 2.385882E+01 -4.569484E+00 1.965926E+00
    endloop
  endfacet
  facet normal 3.143110E-01 5.510564E-01 7.730107E-01
    outer loop
      vertex 2.766343E+01 2.741040E+00 1.831470E+00
      vertex 2.773851E+01 2.872670E+00 1.707107E+00
      vertex 2.430711E+01 4.829873E+00 1.707107E+00
    endloop
  endfacet
  facet normal 3.005204E-01 5.300823E-01 7.929062E-01
    outer loop
      vertex 2.766343E+01 2.741040E+00 1.831470E+00
      vertex 2.430711E+01 4.829873E+00 1.707107E+00
      vertex 2.410000E+01 4.709574E+00 1.866025E+00
    endloop
  endfacet
  facet normal 1.883134E-01 3.343249E-01 9.234527E-01
    outer loop
      vertex 2.757778E+01 2.590865E+00 1.923880E+00
      vertex 2.410000E+01 4.709574E+00 1.866025E+00
      vertex 2.385882E+01 4.569484E+00 1.965926E+00
    endloop
  endfacet
  facet normal 2.344673E-01 4.089505E-01 8.819209E-01
    outer loop
      vertex 2.757778E+01 2.590865E+00 1.923880E+00
      vertex 2.766343E+01 2.741040E+00 1.831470E+00
      vertex 2.410000E+01 4.709574E+00 1.866025E+00
    endloop
  endfacet
  facet normal 6.378492E-02 1.148763E-01 9.913298E-01
    outer loop
      vertex 2.748483E+01 2.427915E+00 1.980785E+00
      vertex 2.385882E+01 4.569484E+00 1.965926E+00
      vertex 2.360000E+01 4.419148E+00 2.000000E+00
    endloop
  endfacet
  facet normal 1.447049E-01 2.516479E-01 9.569399E-01
    outer loop
      vertex 2.748483E+01 2.427915E+00 1.980785E+00
      vertex 2.757778E+01 2.590865E+00 1.923880E+00
      vertex 2.385882E+01 4.569484E+00 1.965926E+00
    endloop
  endfacet
  facet normal 4.856276E-02 8.514117E-02 9.951847E-01
    outer loop
      vertex 2.738817E+01 2.258452E+00 2.000000E+00
      vertex 2.748483E+01 2.427915E+00 1.980785E+00
      vertex 2.360000E+01 4.419148E+00 2.000000E+00
    endloop
  endfacet
  facet normal 8.166769E-01 4.743685E-01 -3.286539E-01
    outer loop
      vertex 2.929530E+01 1.430678E+00 5.661163E-01
      vertex 2.898555E+01 2.110379E+00 7.774791E-01
      vertex 2.936280E+01 1.460901E+00 7.774791E-01
    endloop
  endfacet
  facet normal 8.166773E-01 4.743684E-01 -3.286529E-01
    outer loop
      vertex 2.929530E+01 1.430678E+00 5.661163E-01
      vertex 2.892585E+01 2.066720E+00 5.661163E-01
      vertex 2.898555E+01 2.110379E+00 7.774791E-01
    endloop
  endfacet
  facet normal 3.119234E-01 4.336145E-01 -8.453888E-01
    outer loop
      vertex 2.812059E+01 2.263112E+00 9.903114E-02
      vertex 2.760314E+01 2.635339E+00 9.903114E-02
      vertex 2.769708E+01 2.800038E+00 2.181685E-01
    endloop
  endfacet
  facet normal 1.938248E-01 2.694419E-01 -9.433097E-01
    outer loop
      vertex 2.812059E+01 2.263112E+00 9.903114E-02
      vertex 2.749842E+01 2.451742E+00 2.507209E-02
      vertex 2.760314E+01 2.635339E+00 9.903114E-02
    endloop
  endfacet
  facet normal 3.119228E-01 4.336141E-01 -8.453892E-01
    outer loop
      vertex 2.812059E+01 2.263112E+00 9.903114E-02
      vertex 2.769708E+01 2.800038E+00 2.181685E-01
      vertex 2.824687E+01 2.404547E+00 2.181685E-01
    endloop
  endfacet
  facet normal 9.446574E-01 3.085817E-01 -1.113537E-01
    outer loop
      vertex 2.959603E+01 7.469364E-01 7.774791E-01
      vertex 2.938568E+01 1.471147E+00 1.000000E+00
      vertex 2.962054E+01 7.521749E-01 1.000000E+00
    endloop
  endfacet
  facet normal 9.882821E-01 1.043976E-01 -1.113537E-01
    outer loop
      vertex 2.959603E+01 7.469364E-01 7.774791E-01
      vertex 2.962054E+01 7.521749E-01 1.000000E+00
      vertex 2.970000E+01 7.981454E-16 1.000000E+00
    endloop
  endfacet
  facet normal 9.882822E-01 1.043979E-01 -1.113527E-01
    outer loop
      vertex 2.959603E+01 7.469364E-01 7.774791E-01
      vertex 2.970000E+01 7.981454E-16 1.000000E+00
      vertex 2.967493E+01 8.818916E-16 7.774791E-01
    endloop
  endfacet
  facet normal 9.446582E-01 3.085809E-01 -1.113503E-01
    outer loop
      vertex 2.959603E+01 7.469364E-01 7.774791E-01
      vertex 2.936280E+01 1.460901E+00 7.774791E-01
      vertex 2.938568E+01 1.471147E+00 1.000000E+00
    endloop
  endfacet
  facet normal 5.251923E-01 4.763883E-01 -7.051434E-01
    outer loop
      vertex 2.870188E+01 1.902916E+00 2.181685E-01
      vertex 2.824687E+01 2.404547E+00 2.181685E-01
      vertex 2.835232E+01 2.522662E+00 3.765102E-01
    endloop
  endfacet
  facet normal 5.251935E-01 4.763887E-01 -7.051423E-01
    outer loop
      vertex 2.870188E+01 1.902916E+00 2.181685E-01
      vertex 2.835232E+01 2.522662E+00 3.765102E-01
      vertex 2.882969E+01 1.996389E+00 3.765102E-01
    endloop
  endfacet
  facet normal 7.333204E-01 4.259504E-01 -5.299128E-01
    outer loop
      vertex 2.918657E+01 1.381992E+00 3.765102E-01
      vertex 2.892585E+01 2.066720E+00 5.661163E-01
      vertex 2.929530E+01 1.430678E+00 5.661163E-01
    endloop
  endfacet
  facet normal 7.333185E-01 4.259503E-01 -5.299153E-01
    outer loop
      vertex 2.918657E+01 1.381992E+00 3.765102E-01
      vertex 2.882969E+01 1.996389E+00 3.765102E-01
      vertex 2.892585E+01 2.066720E+00 5.661163E-01
    endloop
  endfacet
  facet normal 6.574216E-02 9.139051E-02 -9.936427E-01
    outer loop
      vertex 2.797982E+01 2.105447E+00 2.507209E-02
      vertex 2.783162E+01 1.939458E+00 0.000000E+00
      vertex 2.738817E+01 2.258452E+00 0.000000E+00
    endloop
  endfacet
  facet normal 6.574204E-02 9.139001E-02 -9.936427E-01
    outer loop
      vertex 2.797982E+01 2.105447E+00 2.507209E-02
      vertex 2.738817E+01 2.258452E+00 0.000000E+00
      vertex 2.749842E+01 2.451742E+00 2.507209E-02
    endloop
  endfacet
  facet normal 1.938247E-01 2.694416E-01 -9.433097E-01
    outer loop
      vertex 2.797982E+01 2.105447E+00 2.507209E-02
      vertex 2.749842E+01 2.451742E+00 2.507209E-02
      vertex 2.812059E+01 2.263112E+00 9.903114E-02
    endloop
  endfacet
  facet normal 9.392257E-01 9.921542E-02 -3.286507E-01
    outer loop
      vertex 2.952370E+01 7.314836E-01 5.661163E-01
      vertex 2.967493E+01 8.818916E-16 7.774791E-01
      vertex 2.960097E+01 8.728343E-16 5.661163E-01
    endloop
  endfacet
  facet normal 9.392262E-01 9.921587E-02 -3.286495E-01
    outer loop
      vertex 2.952370E+01 7.314836E-01 5.661163E-01
      vertex 2.959603E+01 7.469364E-01 7.774791E-01
      vertex 2.967493E+01 8.818916E-16 7.774791E-01
    endloop
  endfacet
  facet normal 8.977651E-01 2.932645E-01 -3.286543E-01
    outer loop
      vertex 2.952370E+01 7.314836E-01 5.661163E-01
      vertex 2.929530E+01 1.430678E+00 5.661163E-01
      vertex 2.936280E+01 1.460901E+00 7.774791E-01
    endloop
  endfacet
  facet normal 8.977672E-01 2.932635E-01 -3.286494E-01
    outer loop
      vertex 2.952370E+01 7.314836E-01 5.661163E-01
      vertex 2.936280E+01 1.460901E+00 7.774791E-01
      vertex 2.959603E+01 7.469364E-01 7.774791E-01
    endloop
  endfacet
  facet normal 3.956375E-01 3.588710E-01 -8.453890E-01
    outer loop
      vertex 2.854884E+01 1.790986E+00 9.903114E-02
      vertex 2.812059E+01 2.263112E+00 9.903114E-02
      vertex 2.824687E+01 2.404547E+00 2.181685E-01
    endloop
  endfacet
  facet normal 3.956347E-01 3.588700E-01 -8.453908E-01
    outer loop
      vertex 2.854884E+01 1.790986E+00 9.903114E-02
      vertex 2.824687E+01 2.404547E+00 2.181685E-01
      vertex 2.870188E+01 1.902916E+00 2.181685E-01
    endloop
  endfacet
  facet normal 6.131374E-01 3.561418E-01 -7.051423E-01
    outer loop
      vertex 2.904205E+01 1.317286E+00 2.181685E-01
      vertex 2.870188E+01 1.902916E+00 2.181685E-01
      vertex 2.882969E+01 1.996389E+00 3.765102E-01
    endloop
  endfacet
  facet normal 6.131352E-01 3.561416E-01 -7.051441E-01
    outer loop
      vertex 2.904205E+01 1.317286E+00 2.181685E-01
      vertex 2.882969E+01 1.996389E+00 3.765102E-01
      vertex 2.918657E+01 1.381992E+00 3.765102E-01
    endloop
  endfacet
  facet normal 8.433548E-01 8.908720E-02 -5.299209E-01
    outer loop
      vertex 2.940719E+01 7.065913E-01 3.765102E-01
      vertex 2.960097E+01 8.728343E-16 5.661163E-01
      vertex 2.948183E+01 8.582441E-16 3.765102E-01
    endloop
  endfacet
  facet normal 8.433563E-01 8.908822E-02 -5.299185E-01
    outer loop
      vertex 2.940719E+01 7.065913E-01 3.765102E-01
      vertex 2.952370E+01 7.314836E-01 5.661163E-01
      vertex 2.960097E+01 8.728343E-16 5.661163E-01
    endloop
  endfacet
  facet normal 8.061330E-01 2.633296E-01 -5.299123E-01
    outer loop
      vertex 2.940719E+01 7.065913E-01 3.765102E-01
      vertex 2.918657E+01 1.381992E+00 3.765102E-01
      vertex 2.929530E+01 1.430678E+00 5.661163E-01
    endloop
  endfacet
  facet normal 8.061287E-01 2.633305E-01 -5.299183E-01
    outer loop
      vertex 2.940719E+01 7.065913E-01 3.765102E-01
      vertex 2.929530E+01 1.430678E+00 5.661163E-01
      vertex 2.952370E+01 7.314836E-01 5.661163E-01
    endloop
  endfacet
  facet normal 8.338577E-02 7.563685E-02 -9.936427E-01
    outer loop
      vertex 2.837824E+01 1.666213E+00 2.507209E-02
      vertex 2.819863E+01 1.534852E+00 0.000000E+00
      vertex 2.783162E+01 1.939458E+00 0.000000E+00
    endloop
  endfacet
  facet normal 8.338611E-02 7.563752E-02 -9.936427E-01
    outer loop
      vertex 2.837824E+01 1.666213E+00 2.507209E-02
      vertex 2.783162E+01 1.939458E+00 0.000000E+00
      vertex 2.797982E+01 2.105447E+00 2.507209E-02
    endloop
  endfacet
  facet normal 2.458453E-01 2.229989E-01 -9.433088E-01
    outer loop
      vertex 2.837824E+01 1.666213E+00 2.507209E-02
      vertex 2.812059E+01 2.263112E+00 9.903114E-02
      vertex 2.854884E+01 1.790986E+00 9.903114E-02
    endloop
  endfacet
  facet normal 2.458427E-01 2.229979E-01 -9.433098E-01
    outer loop
      vertex 2.837824E+01 1.666213E+00 2.507209E-02
      vertex 2.797982E+01 2.105447E+00 2.507209E-02
      vertex 2.812059E+01 2.263112E+00 9.903114E-02
    endloop
  endfacet
  facet normal 4.618838E-01 2.682863E-01 -8.453909E-01
    outer loop
      vertex 2.886900E+01 1.239803E+00 9.903114E-02
      vertex 2.854884E+01 1.790986E+00 9.903114E-02
      vertex 2.870188E+01 1.902916E+00 2.181685E-01
    endloop
  endfacet
  facet normal 4.618846E-01 2.682864E-01 -8.453904E-01
    outer loop
      vertex 2.886900E+01 1.239803E+00 9.903114E-02
      vertex 2.870188E+01 1.902916E+00 2.181685E-01
      vertex 2.904205E+01 1.317286E+00 2.181685E-01
    endloop
  endfacet
  facet normal 7.051452E-01 7.448802E-02 -7.051396E-01
    outer loop
      vertex 2.925234E+01 6.735078E-01 2.181685E-01
      vertex 2.948183E+01 8.582441E-16 3.765102E-01
      vertex 2.932349E+01 8.388528E-16 2.181685E-01
    endloop
  endfacet
  facet normal 7.051440E-01 7.448740E-02 -7.051408E-01
    outer loop
      vertex 2.925234E+01 6.735078E-01 2.181685E-01
      vertex 2.940719E+01 7.065913E-01 3.765102E-01
      vertex 2.948183E+01 8.582441E-16 3.765102E-01
    endloop
  endfacet
  facet normal 6.740140E-01 2.201736E-01 -7.051445E-01
    outer loop
      vertex 2.925234E+01 6.735078E-01 2.181685E-01
      vertex 2.904205E+01 1.317286E+00 2.181685E-01
      vertex 2.918657E+01 1.381992E+00 3.765102E-01
    endloop
  endfacet
  facet normal 6.740178E-01 2.201731E-01 -7.051408E-01
    outer loop
      vertex 2.925234E+01 6.735078E-01 2.181685E-01
      vertex 2.918657E+01 1.381992E+00 3.765102E-01
      vertex 2.940719E+01 7.065913E-01 3.765102E-01
    endloop
  endfacet
  facet normal 2.870120E-01 1.667115E-01 -9.433087E-01
    outer loop
      vertex 2.867609E+01 1.153429E+00 2.507209E-02
      vertex 2.837824E+01 1.666213E+00 2.507209E-02
      vertex 2.854884E+01 1.790986E+00 9.903114E-02
    endloop
  endfacet
  facet normal 9.734823E-02 5.654464E-02 -9.936429E-01
    outer loop
      vertex 2.867609E+01 1.153429E+00 2.507209E-02
      vertex 2.847299E+01 1.062495E+00 0.000000E+00
      vertex 2.819863E+01 1.534852E+00 0.000000E+00
    endloop
  endfacet
  facet normal 9.734864E-02 5.654517E-02 -9.936427E-01
    outer loop
      vertex 2.867609E+01 1.153429E+00 2.507209E-02
      vertex 2.819863E+01 1.534852E+00 0.000000E+00
      vertex 2.837824E+01 1.666213E+00 2.507209E-02
    endloop
  endfacet
  facet normal 2.870120E-01 1.667115E-01 -9.433088E-01
    outer loop
      vertex 2.867609E+01 1.153429E+00 2.507209E-02
      vertex 2.854884E+01 1.790986E+00 9.903114E-02
      vertex 2.886900E+01 1.239803E+00 9.903114E-02
    endloop
  endfacet
  facet normal 5.077451E-01 1.658606E-01 -8.453904E-01
    outer loop
      vertex 2.906692E+01 6.338920E-01 9.903114E-02
      vertex 2.886900E+01 1.239803E+00 9.903114E-02
      vertex 2.904205E+01 1.317286E+00 2.181685E-01
    endloop
  endfacet
  facet normal 5.311945E-01 5.611282E-02 -8.453897E-01
    outer loop
      vertex 2.906692E+01 6.338920E-01 9.903114E-02
      vertex 2.932349E+01 8.388528E-16 2.181685E-01
      vertex 2.913388E+01 8.156328E-16 9.903114E-02
    endloop
  endfacet
  facet normal 5.311943E-01 5.611272E-02 -8.453897E-01
    outer loop
      vertex 2.906692E+01 6.338920E-01 9.903114E-02
      vertex 2.925234E+01 6.735078E-01 2.181685E-01
      vertex 2.932349E+01 8.388528E-16 2.181685E-01
    endloop
  endfacet
  facet normal 5.077463E-01 1.658605E-01 -8.453898E-01
    outer loop
      vertex 2.906692E+01 6.338920E-01 9.903114E-02
      vertex 2.904205E+01 1.317286E+00 2.181685E-01
      vertex 2.925234E+01 6.735078E-01 2.181685E-01
    endloop
  endfacet
  facet normal 3.300782E-01 3.486767E-02 -9.433094E-01
    outer loop
      vertex 2.886023E+01 5.897304E-01 2.507209E-02
      vertex 2.913388E+01 8.156328E-16 9.903114E-02
      vertex 2.892252E+01 7.897483E-16 2.507209E-02
    endloop
  endfacet
  facet normal 1.070139E-01 3.495706E-02 -9.936427E-01
    outer loop
      vertex 2.886023E+01 5.897304E-01 2.507209E-02
      vertex 2.847299E+01 1.062495E+00 0.000000E+00
      vertex 2.867609E+01 1.153429E+00 2.507209E-02
    endloop
  endfacet
  facet normal 3.155099E-01 1.030642E-01 -9.433087E-01
    outer loop
      vertex 2.886023E+01 5.897304E-01 2.507209E-02
      vertex 2.867609E+01 1.153429E+00 2.507209E-02
      vertex 2.886900E+01 1.239803E+00 9.903114E-02
    endloop
  endfacet
  facet normal 1.070147E-01 3.495777E-02 -9.936427E-01
    outer loop
      vertex 2.886023E+01 5.897304E-01 2.507209E-02
      vertex 2.864262E+01 5.432374E-01 0.000000E+00
      vertex 2.847299E+01 1.062495E+00 0.000000E+00
    endloop
  endfacet
  facet normal 3.155083E-01 1.030643E-01 -9.433092E-01
    outer loop
      vertex 2.886023E+01 5.897304E-01 2.507209E-02
      vertex 2.886900E+01 1.239803E+00 9.903114E-02
      vertex 2.906692E+01 6.338920E-01 9.903114E-02
    endloop
  endfacet
  facet normal 3.300787E-01 3.486791E-02 -9.433092E-01
    outer loop
      vertex 2.886023E+01 5.897304E-01 2.507209E-02
      vertex 2.906692E+01 6.338920E-01 9.903114E-02
      vertex 2.913388E+01 8.156328E-16 9.903114E-02
    endloop
  endfacet
  facet normal 1.119567E-01 1.182646E-02 -9.936427E-01
    outer loop
      vertex 2.870000E+01 7.624974E-16 0.000000E+00
      vertex 2.864262E+01 5.432374E-01 0.000000E+00
      vertex 2.892252E+01 7.897483E-16 2.507209E-02
    endloop
  endfacet
  facet normal 1.119568E-01 1.182651E-02 -9.936427E-01
    outer loop
      vertex 2.886023E+01 5.897304E-01 2.507209E-02
      vertex 2.892252E+01 7.897483E-16 2.507209E-02
      vertex 2.864262E+01 5.432374E-01 0.000000E+00
    endloop
  endfacet
  facet normal 5.803292E-01 8.067330E-01 -1.113547E-01
    outer loop
      vertex 2.848093E+01 2.666701E+00 7.774791E-01
      vertex 2.788363E+01 3.127088E+00 1.000000E+00
      vertex 2.849763E+01 2.685404E+00 1.000000E+00
    endloop
  endfacet
  facet normal 5.803294E-01 8.067330E-01 -1.113543E-01
    outer loop
      vertex 2.848093E+01 2.666701E+00 7.774791E-01
      vertex 2.787120E+01 3.105309E+00 7.774791E-01
      vertex 2.788363E+01 3.127088E+00 1.000000E+00
    endloop
  endfacet
  facet normal 5.515230E-01 7.666883E-01 -3.286510E-01
    outer loop
      vertex 2.848093E+01 2.666701E+00 7.774791E-01
      vertex 2.783456E+01 3.041066E+00 5.661163E-01
      vertex 2.787120E+01 3.105309E+00 7.774791E-01
    endloop
  endfacet
  facet normal 5.515229E-01 7.666890E-01 -3.286494E-01
    outer loop
      vertex 2.843167E+01 2.611532E+00 5.661163E-01
      vertex 2.783456E+01 3.041066E+00 5.661163E-01
      vertex 2.848093E+01 2.666701E+00 7.774791E-01
    endloop
  endfacet
  facet normal 7.360772E-01 6.676758E-01 -1.113518E-01
    outer loop
      vertex 2.898555E+01 2.110379E+00 7.774791E-01
      vertex 2.849763E+01 2.685404E+00 1.000000E+00
      vertex 2.900579E+01 2.125180E+00 1.000000E+00
    endloop
  endfacet
  facet normal 7.360764E-01 6.676763E-01 -1.113551E-01
    outer loop
      vertex 2.898555E+01 2.110379E+00 7.774791E-01
      vertex 2.848093E+01 2.666701E+00 7.774791E-01
      vertex 2.849763E+01 2.685404E+00 1.000000E+00
    endloop
  endfacet
  facet normal 4.952275E-01 6.884317E-01 -5.299165E-01
    outer loop
      vertex 2.835232E+01 2.522662E+00 3.765102E-01
      vertex 2.777553E+01 2.937579E+00 3.765102E-01
      vertex 2.783456E+01 3.041066E+00 5.661163E-01
    endloop
  endfacet
  facet normal 4.140658E-01 5.756063E-01 -7.051433E-01
    outer loop
      vertex 2.835232E+01 2.522662E+00 3.765102E-01
      vertex 2.769708E+01 2.800038E+00 2.181685E-01
      vertex 2.777553E+01 2.937579E+00 3.765102E-01
    endloop
  endfacet
  facet normal 4.952281E-01 6.884320E-01 -5.299156E-01
    outer loop
      vertex 2.835232E+01 2.522662E+00 3.765102E-01
      vertex 2.783456E+01 3.041066E+00 5.661163E-01
      vertex 2.843167E+01 2.611532E+00 5.661163E-01
    endloop
  endfacet
  facet normal 6.995401E-01 6.345340E-01 -3.286495E-01
    outer loop
      vertex 2.892585E+01 2.066720E+00 5.661163E-01
      vertex 2.843167E+01 2.611532E+00 5.661163E-01
      vertex 2.848093E+01 2.666701E+00 7.774791E-01
    endloop
  endfacet
  facet normal 6.995387E-01 6.345339E-01 -3.286522E-01
    outer loop
      vertex 2.892585E+01 2.066720E+00 5.661163E-01
      vertex 2.848093E+01 2.666701E+00 7.774791E-01
      vertex 2.898555E+01 2.110379E+00 7.774791E-01
    endloop
  endfacet
  facet normal 8.593339E-01 4.991456E-01 -1.113505E-01
    outer loop
      vertex 2.936280E+01 1.460901E+00 7.774791E-01
      vertex 2.900579E+01 2.125180E+00 1.000000E+00
      vertex 2.938568E+01 1.471147E+00 1.000000E+00
    endloop
  endfacet
  facet normal 8.593336E-01 4.991458E-01 -1.113515E-01
    outer loop
      vertex 2.936280E+01 1.460901E+00 7.774791E-01
      vertex 2.898555E+01 2.110379E+00 7.774791E-01
      vertex 2.900579E+01 2.125180E+00 1.000000E+00
    endloop
  endfacet
  facet normal 4.140658E-01 5.756063E-01 -7.051432E-01
    outer loop
      vertex 2.824687E+01 2.404547E+00 2.181685E-01
      vertex 2.769708E+01 2.800038E+00 2.181685E-01
      vertex 2.835232E+01 2.522662E+00 3.765102E-01
    endloop
  endfacet
  facet normal 6.281370E-01 5.697662E-01 -5.299156E-01
    outer loop
      vertex 2.882969E+01 1.996389E+00 3.765102E-01
      vertex 2.843167E+01 2.611532E+00 5.661163E-01
      vertex 2.892585E+01 2.066720E+00 5.661163E-01
    endloop
  endfacet
  facet normal 6.281372E-01 5.697662E-01 -5.299152E-01
    outer loop
      vertex 2.882969E+01 1.996389E+00 3.765102E-01
      vertex 2.835232E+01 2.522662E+00 3.765102E-01
      vertex 2.843167E+01 2.611532E+00 5.661163E-01
    endloop
  endfacet
  facet normal 3.143110E-01 -5.510563E-01 7.730107E-01
    outer loop
      vertex 2.430711E+01 -4.829873E+00 1.707107E+00
      vertex 2.773851E+01 -2.872670E+00 1.707107E+00
      vertex 2.766343E+01 -2.741040E+00 1.831470E+00
    endloop
  endfacet
  facet normal 2.344673E-01 -4.089505E-01 8.819210E-01
    outer loop
      vertex 2.410000E+01 -4.709574E+00 1.866025E+00
      vertex 2.766343E+01 -2.741040E+00 1.831470E+00
      vertex 2.757778E+01 -2.590865E+00 1.923880E+00
    endloop
  endfacet
  facet normal 3.005205E-01 -5.300824E-01 7.929061E-01
    outer loop
      vertex 2.410000E+01 -4.709574E+00 1.866025E+00
      vertex 2.430711E+01 -4.829873E+00 1.707107E+00
      vertex 2.766343E+01 -2.741040E+00 1.831470E+00
    endloop
  endfacet
  facet normal 1.447049E-01 -2.516479E-01 9.569398E-01
    outer loop
      vertex 2.385882E+01 -4.569484E+00 1.965926E+00
      vertex 2.757778E+01 -2.590865E+00 1.923880E+00
      vertex 2.748483E+01 -2.427915E+00 1.980785E+00
    endloop
  endfacet
  facet normal 1.883135E-01 -3.343250E-01 9.234527E-01
    outer loop
      vertex 2.385882E+01 -4.569484E+00 1.965926E+00
      vertex 2.410000E+01 -4.709574E+00 1.866025E+00
      vertex 2.757778E+01 -2.590865E+00 1.923880E+00
    endloop
  endfacet
  facet normal 4.856276E-02 -8.514117E-02 9.951847E-01
    outer loop
      vertex 2.360000E+01 -4.419148E+00 2.000000E+00
      vertex 2.748483E+01 -2.427915E+00 1.980785E+00
      vertex 2.738817E+01 -2.258452E+00 2.000000E+00
    endloop
  endfacet
  facet normal 6.378493E-02 -1.148763E-01 9.913298E-01
    outer loop
      vertex 2.360000E+01 -4.419148E+00 2.000000E+00
      vertex 2.385882E+01 -4.569484E+00 1.965926E+00
      vertex 2.748483E+01 -2.427915E+00 1.980785E+00
    endloop
  endfacet
  facet normal 6.087635E-01 -0.000000E+00 7.933517E-01
    outer loop
      vertex 2.430711E+01 4.829873E+00 1.707107E+00
      vertex 2.430711E+01 1.230711E+01 1.707107E+00
      vertex 2.410000E+01 1.210000E+01 1.866025E+00
    endloop
  endfacet
  facet normal 3.826840E-01 -0.000000E+00 9.238793E-01
    outer loop
      vertex 2.410000E+01 4.709574E+00 1.866025E+00
      vertex 2.410000E+01 1.210000E+01 1.866025E+00
      vertex 2.385882E+01 1.185882E+01 1.965926E+00
    endloop
  endfacet
  facet normal 6.087635E-01 -0.000000E+00 7.933517E-01
    outer loop
      vertex 2.410000E+01 4.709574E+00 1.866025E+00
      vertex 2.430711E+01 4.829873E+00 1.707107E+00
      vertex 2.410000E+01 1.210000E+01 1.866025E+00
    endloop
  endfacet
  facet normal 1.305260E-01 -0.000000E+00 9.914449E-01
    outer loop
      vertex 2.385882E+01 4.569484E+00 1.965926E+00
      vertex 2.385882E+01 1.185882E+01 1.965926E+00
      vertex 2.360000E+01 1.160000E+01 2.000000E+00
    endloop
  endfacet
  facet normal 3.826840E-01 -0.000000E+00 9.238793E-01
    outer loop
      vertex 2.385882E+01 4.569484E+00 1.965926E+00
      vertex 2.410000E+01 4.709574E+00 1.866025E+00
      vertex 2.385882E+01 1.185882E+01 1.965926E+00
    endloop
  endfacet
  facet normal 1.305260E-01 -0.000000E+00 9.914449E-01
    outer loop
      vertex 2.360000E+01 4.419148E+00 2.000000E+00
      vertex 2.385882E+01 4.569484E+00 1.965926E+00
      vertex 2.360000E+01 1.160000E+01 2.000000E+00
    endloop
  endfacet
  facet normal 0.000000E+00 6.343923E-01 7.730113E-01
    outer loop
      vertex 2.430711E+01 1.230711E+01 1.707107E+00
      vertex 6.000000E+00 1.230711E+01 1.707107E+00
      vertex 6.000000E+00 1.215557E+01 1.831470E+00
    endloop
  endfacet
  facet normal -2.364733E-04 4.713964E-01 8.819214E-01
    outer loop
      vertex 2.410000E+01 1.210000E+01 1.866025E+00
      vertex 6.000000E+00 1.215557E+01 1.831470E+00
      vertex 6.000000E+00 1.198268E+01 1.923880E+00
    endloop
  endfacet
  facet normal 3.533413E-04 6.085393E-01 7.935237E-01
    outer loop
      vertex 2.410000E+01 1.210000E+01 1.866025E+00
      vertex 2.430711E+01 1.230711E+01 1.707107E+00
      vertex 6.000000E+00 1.215557E+01 1.831470E+00
    endloop
  endfacet
  facet normal -2.396475E-04 2.902855E-01 9.569401E-01
    outer loop
      vertex 2.385882E+01 1.185882E+01 1.965926E+00
      vertex 6.000000E+00 1.198268E+01 1.923880E+00
      vertex 6.000000E+00 1.179509E+01 1.980785E+00
    endloop
  endfacet
  facet normal 4.758183E-04 3.822765E-01 9.240479E-01
    outer loop
      vertex 2.385882E+01 1.185882E+01 1.965926E+00
      vertex 2.410000E+01 1.210000E+01 1.866025E+00
      vertex 6.000000E+00 1.198268E+01 1.923880E+00
    endloop
  endfacet
  facet normal 0.000000E+00 9.801731E-02 9.951847E-01
    outer loop
      vertex 2.360000E+01 1.160000E+01 2.000000E+00
      vertex 6.000000E+00 1.179509E+01 1.980785E+00
      vertex 6.000000E+00 1.160000E+01 2.000000E+00
    endloop
  endfacet
  facet normal 3.604579E-04 1.301721E-01 9.914914E-01
    outer loop
      vertex 2.360000E+01 1.160000E+01 2.000000E+00
      vertex 2.385882E+01 1.185882E+01 1.965926E+00
      vertex 6.000000E+00 1.179509E+01 1.980785E+00
    endloop
  endfacet
  facet normal 0.000000E+00 0.000000E+00 -1.000000E+00
    outer loop
      vertex -2.493073E+01 -2.698319E-01 0.000000E+00
      vertex -2.490000E+01 -5.910468E-16 0.000000E+00
      vertex -2.360000E+01 -4.419148E+00 0.000000E+00
    endloop
  endfacet
  facet normal 0.000000E+00 0.000000E+00 -1.000000E+00
    outer loop
      vertex 2.687855E+01 -9.131603E-01 0.000000E+00
      vertex 2.705631E+01 -7.248871E-01 0.000000E+00
      vertex 2.783162E+01 -1.939458E+00 0.000000E+00
    endloop
  endfacet
  facet normal 0.000000E+00 0.000000E+00 -1.000000E+00
    outer loop
      vertex -2.738817E+01 2.258452E+00 0.000000E+00
      vertex -2.595536E+01 1.191251E+00 0.000000E+00
      vertex -2.624464E+01 1.191251E+00 0.000000E+00
    endloop
  endfacet
  facet normal 0.000000E+00 0.000000E+00 -1.000000E+00
    outer loop
      vertex 2.705631E+01 -7.248871E-01 0.000000E+00
      vertex 2.819863E+01 -1.534852E+00 0.000000E+00
      vertex 2.783162E+01 -1.939458E+00 0.000000E+00
    endloop
  endfacet
  facet normal 0.000000E+00 0.000000E+00 -1.000000E+00
    outer loop
      vertex 2.705631E+01 -7.248871E-01 0.000000E+00
      vertex 2.718955E+01 -5.028625E-01 0.000000E+00
      vertex 2.819863E+01 -1.534852E+00 0.000000E+00
    endloop
  endfacet
  facet normal 0.000000E+00 0.000000E+00 -1.000000E+00
    outer loop
      vertex -2.493487E+01 2.871788E-01 0.000000E+00
      vertex -2.360000E+01 4.419148E+00 0.000000E+00
      vertex -2.490000E+01 -5.910468E-16 0.000000E+00
    endloop
  endfacet
  facet normal 0.000000E+00 0.000000E+00 -1.000000E+00
    outer loop
      vertex -2.503745E+01 5.576678E-01 0.000000E+00
      vertex -2.360000E+01 4.419148E+00 0.000000E+00
      vertex -2.493487E+01 2.871788E-01 0.000000E+00
    endloop
  endfacet
  facet normal 0.000000E+00 0.000000E+00 -1.000000E+00
    outer loop
      vertex -2.520179E+01 7.957472E-01 0.000000E+00
      vertex -2.360000E+01 4.419148E+00 0.000000E+00
      vertex -2.503745E+01 5.576678E-01 0.000000E+00
    endloop
  endfacet
  facet normal 0.000000E+00 0.000000E+00 -1.000000E+00
    outer loop
      vertex -2.541832E+01 9.875807E-01 0.000000E+00
      vertex -2.360000E+01 4.419148E+00 0.000000E+00
      vertex -2.520179E+01 7.957472E-01 0.000000E+00
    endloop
  endfacet
  facet normal 0.000000E+00 0.000000E+00 -1.000000E+00
    outer loop
      vertex -2.567447E+01 1.122020E+00 0.000000E+00
      vertex -2.360000E+01 4.419148E+00 0.000000E+00
      vertex -2.541832E+01 9.875807E-01 0.000000E+00
    endloop
  endfacet
  facet normal 0.000000E+00 0.000000E+00 -1.000000E+00
    outer loop
      vertex -2.595536E+01 1.191251E+00 0.000000E+00
      vertex -2.360000E+01 4.419148E+00 0.000000E+00
      vertex -2.567447E+01 1.122020E+00 0.000000E+00
    endloop
  endfacet
  facet normal 0.000000E+00 0.000000E+00 -1.000000E+00
    outer loop
      vertex -2.783162E+01 -1.939458E+00 0.000000E+00
      vertex -2.685318E+01 -9.341944E-01 0.000000E+00
      vertex -2.738817E+01 -2.258452E+00 0.000000E+00
    endloop
  endfacet
  facet normal 0.000000E+00 0.000000E+00 -1.000000E+00
    outer loop
      vertex -2.490000E+01 -5.910468E-16 0.000000E+00
      vertex -2.360000E+01 4.419148E+00 0.000000E+00
      vertex -2.360000E+01 -4.419148E+00 0.000000E+00
    endloop
  endfacet
  facet normal 0.000000E+00 0.000000E+00 -1.000000E+00
    outer loop
      vertex -2.738817E+01 2.258452E+00 0.000000E+00
      vertex -2.360000E+01 4.419148E+00 0.000000E+00
      vertex -2.595536E+01 1.191251E+00 0.000000E+00
    endloop
  endfacet
  facet normal 0.000000E+00 0.000000E+00 -1.000000E+00
    outer loop
      vertex -2.783162E+01 -1.939458E+00 0.000000E+00
      vertex -2.704118E+01 -7.444293E-01 0.000000E+00
      vertex -2.685318E+01 -9.341944E-01 0.000000E+00
    endloop
  endfacet
  facet normal 0.000000E+00 -0.000000E+00 -1.000000E+00
    outer loop
      vertex 2.727206E+01 -2.574242E-01 0.000000E+00
      vertex 2.847299E+01 -1.062495E+00 0.000000E+00
      vertex 2.718955E+01 -5.028625E-01 0.000000E+00
    endloop
  endfacet
  facet normal 0.000000E+00 0.000000E+00 -1.000000E+00
    outer loop
      vertex 2.718955E+01 -5.028625E-01 0.000000E+00
      vertex 2.847299E+01 -1.062495E+00 0.000000E+00
      vertex 2.819863E+01 -1.534852E+00 0.000000E+00
    endloop
  endfacet
  facet normal 0.000000E+00 0.000000E+00 -1.000000E+00
    outer loop
      vertex -2.819863E+01 -1.534852E+00 0.000000E+00
      vertex -2.704118E+01 -7.444293E-01 0.000000E+00
      vertex -2.783162E+01 -1.939458E+00 0.000000E+00
    endloop
  endfacet
  facet normal 0.000000E+00 0.000000E+00 -1.000000E+00
    outer loop
      vertex -2.360000E+01 4.419148E+00 0.000000E+00
      vertex -6.000000E+00 6.600000E+00 0.000000E+00
      vertex -2.360000E+01 -4.419148E+00 0.000000E+00
    endloop
  endfacet
  facet normal 0.000000E+00 -0.000000E+00 -1.000000E+00
    outer loop
      vertex -2.685318E+01 -9.341944E-01 0.000000E+00
      vertex -2.662786E+01 -1.077668E+00 0.000000E+00
      vertex -2.738817E+01 -2.258452E+00 0.000000E+00
    endloop
  endfacet
  facet normal 0.000000E+00 0.000000E+00 -1.000000E+00
    outer loop
      vertex -2.360000E+01 -4.419148E+00 0.000000E+00
      vertex -6.000000E+00 6.600000E+00 0.000000E+00
      vertex -2.360000E+01 -1.160000E+01 0.000000E+00
    endloop
  endfacet
  facet normal 0.000000E+00 0.000000E+00 -1.000000E+00
    outer loop
      vertex -2.360000E+01 1.160000E+01 0.000000E+00
      vertex -6.000000E+00 6.600000E+00 0.000000E+00
      vertex -2.360000E+01 4.419148E+00 0.000000E+00
    endloop
  endfacet
  facet normal 0.000000E+00 0.000000E+00 -1.000000E+00
    outer loop
      vertex -2.819863E+01 -1.534852E+00 0.000000E+00
      vertex -2.718255E+01 -5.177758E-01 0.000000E+00
      vertex -2.704118E+01 -7.444293E-01 0.000000E+00
    endloop
  endfacet
  facet normal 0.000000E+00 0.000000E+00 -1.000000E+00
    outer loop
      vertex -2.360000E+01 1.160000E+01 0.000000E+00
      vertex -6.000000E+00 1.160000E+01 0.000000E+00
      vertex -6.000000E+00 6.600000E+00 0.000000E+00
    endloop
  endfacet
  facet normal 0.000000E+00 0.000000E+00 -1.000000E+00
    outer loop
      vertex -2.847299E+01 -1.062495E+00 0.000000E+00
      vertex -2.718255E+01 -5.177758E-01 0.000000E+00
      vertex -2.819863E+01 -1.534852E+00 0.000000E+00
    endloop
  endfacet
  facet normal 0.000000E+00 -0.000000E+00 -1.000000E+00
    outer loop
      vertex -2.662786E+01 -1.077668E+00 0.000000E+00
      vertex -2.637638E+01 -1.167740E+00 0.000000E+00
      vertex -2.738817E+01 -2.258452E+00 0.000000E+00
    endloop
  endfacet
  facet normal 0.000000E+00 -0.000000E+00 -1.000000E+00
    outer loop
      vertex -6.000000E+00 6.600000E+00 0.000000E+00
      vertex 6.000000E+00 6.600000E+00 0.000000E+00
      vertex -2.360000E+01 -1.160000E+01 0.000000E+00
    endloop
  endfacet
  facet normal 0.000000E+00 0.000000E+00 -1.000000E+00
    outer loop
      vertex -2.360000E+01 -1.160000E+01 0.000000E+00
      vertex 6.000000E+00 6.600000E+00 0.000000E+00
      vertex 2.360000E+01 -1.160000E+01 0.000000E+00
    endloop
  endfacet
  facet normal 0.000000E+00 0.000000E+00 -1.000000E+00
    outer loop
      vertex -2.847299E+01 -1.062495E+00 0.000000E+00
      vertex -2.727027E+01 -2.654651E-01 0.000000E+00
      vertex -2.718255E+01 -5.177758E-01 0.000000E+00
    endloop
  endfacet
  facet normal 0.000000E+00 0.000000E+00 -1.000000E+00
    outer loop
      vertex -2.864262E+01 -5.432374E-01 0.000000E+00
      vertex -2.727027E+01 -2.654651E-01 0.000000E+00
      vertex -2.847299E+01 -1.062495E+00 0.000000E+00
    endloop
  endfacet
  facet normal 0.000000E+00 0.000000E+00 -1.000000E+00
    outer loop
      vertex 6.000000E+00 6.600000E+00 0.000000E+00
      vertex 2.360000E+01 -4.419148E+00 0.000000E+00
      vertex 2.360000E+01 -1.160000E+01 0.000000E+00
    endloop
  endfacet
  facet normal 0.000000E+00 -0.000000E+00 -1.000000E+00
    outer loop
      vertex -2.637638E+01 -1.167740E+00 0.000000E+00
      vertex -2.611120E+01 -1.199948E+00 0.000000E+00
      vertex -2.738817E+01 -2.258452E+00 0.000000E+00
    endloop
  endfacet
  facet normal 0.000000E+00 0.000000E+00 -1.000000E+00
    outer loop
      vertex 2.567447E+01 1.122020E+00 0.000000E+00
      vertex 2.360000E+01 4.419148E+00 0.000000E+00
      vertex 2.595536E+01 1.191251E+00 0.000000E+00
    endloop
  endfacet
  facet normal 0.000000E+00 -0.000000E+00 -1.000000E+00
    outer loop
      vertex 2.517211E+01 -7.609379E-01 0.000000E+00
      vertex 2.536903E+01 -9.516732E-01 0.000000E+00
      vertex 2.360000E+01 -4.419148E+00 0.000000E+00
    endloop
  endfacet
  facet normal 0.000000E+00 0.000000E+00 -1.000000E+00
    outer loop
      vertex -2.864262E+01 -5.432374E-01 0.000000E+00
      vertex -2.730000E+01 -2.971316E-16 0.000000E+00
      vertex -2.727027E+01 -2.654651E-01 0.000000E+00
    endloop
  endfacet
  facet normal 0.000000E+00 0.000000E+00 -1.000000E+00
    outer loop
      vertex 2.541832E+01 9.875807E-01 0.000000E+00
      vertex 2.360000E+01 4.419148E+00 0.000000E+00
      vertex 2.567447E+01 1.122020E+00 0.000000E+00
    endloop
  endfacet
  facet normal 0.000000E+00 0.000000E+00 -1.000000E+00
    outer loop
      vertex 2.520179E+01 7.957472E-01 0.000000E+00
      vertex 2.360000E+01 4.419148E+00 0.000000E+00
      vertex 2.541832E+01 9.875807E-01 0.000000E+00
    endloop
  endfacet
  facet normal 0.000000E+00 0.000000E+00 -1.000000E+00
    outer loop
      vertex 2.503745E+01 5.576678E-01 0.000000E+00
      vertex 2.360000E+01 4.419148E+00 0.000000E+00
      vertex 2.520179E+01 7.957472E-01 0.000000E+00
    endloop
  endfacet
  facet normal 0.000000E+00 0.000000E+00 -1.000000E+00
    outer loop
      vertex 2.493487E+01 2.871788E-01 0.000000E+00
      vertex 2.360000E+01 4.419148E+00 0.000000E+00
      vertex 2.503745E+01 5.576678E-01 0.000000E+00
    endloop
  endfacet
  facet normal 0.000000E+00 0.000000E+00 -1.000000E+00
    outer loop
      vertex 2.490000E+01 5.910468E-16 0.000000E+00
      vertex 2.360000E+01 4.419148E+00 0.000000E+00
      vertex 2.493487E+01 2.871788E-01 0.000000E+00
    endloop
  endfacet
  facet normal 0.000000E+00 0.000000E+00 -1.000000E+00
    outer loop
      vertex -2.870000E+01 -7.624974E-16 0.000000E+00
      vertex -2.730000E+01 -2.971316E-16 0.000000E+00
      vertex -2.864262E+01 -5.432374E-01 0.000000E+00
    endloop
  endfacet
  facet normal 0.000000E+00 0.000000E+00 -1.000000E+00
    outer loop
      vertex 2.360000E+01 -4.419148E+00 0.000000E+00
      vertex 2.502362E+01 -5.304881E-01 0.000000E+00
      vertex 2.517211E+01 -7.609379E-01 0.000000E+00
    endloop
  endfacet
  facet normal 0.000000E+00 0.000000E+00 -1.000000E+00
    outer loop
      vertex 6.000000E+00 6.600000E+00 0.000000E+00
      vertex 2.360000E+01 4.419148E+00 0.000000E+00
      vertex 2.360000E+01 -4.419148E+00 0.000000E+00
    endloop
  endfacet
  facet normal 0.000000E+00 -0.000000E+00 -1.000000E+00
    outer loop
      vertex -2.864262E+01 5.432374E-01 0.000000E+00
      vertex -2.730000E+01 -2.971316E-16 0.000000E+00
      vertex -2.870000E+01 -7.624974E-16 0.000000E+00
    endloop
  endfacet
  facet normal 0.000000E+00 0.000000E+00 -1.000000E+00
    outer loop
      vertex 2.360000E+01 -4.419148E+00 0.000000E+00
      vertex 2.360000E+01 4.419148E+00 0.000000E+00
      vertex 2.490000E+01 5.910468E-16 0.000000E+00
    endloop
  endfacet
  facet normal 0.000000E+00 -0.000000E+00 -1.000000E+00
    outer loop
      vertex -2.611120E+01 -1.199948E+00 0.000000E+00
      vertex -2.584547E+01 -1.172695E+00 0.000000E+00
      vertex -2.738817E+01 -2.258452E+00 0.000000E+00
    endloop
  endfacet
  facet normal 0.000000E+00 -0.000000E+00 -1.000000E+00
    outer loop
      vertex 2.730000E+01 2.971316E-16 0.000000E+00
      vertex 2.864262E+01 -5.432374E-01 0.000000E+00
      vertex 2.727206E+01 -2.574242E-01 0.000000E+00
    endloop
  endfacet
  facet normal 0.000000E+00 0.000000E+00 -1.000000E+00
    outer loop
      vertex 2.727206E+01 -2.574242E-01 0.000000E+00
      vertex 2.864262E+01 -5.432374E-01 0.000000E+00
      vertex 2.847299E+01 -1.062495E+00 0.000000E+00
    endloop
  endfacet
  facet normal 0.000000E+00 -0.000000E+00 -1.000000E+00
    outer loop
      vertex 2.536903E+01 -9.516732E-01 0.000000E+00
      vertex 2.560410E+01 -1.092739E+00 0.000000E+00
      vertex 2.360000E+01 -4.419148E+00 0.000000E+00
    endloop
  endfacet
  facet normal 0.000000E+00 0.000000E+00 -1.000000E+00
    outer loop
      vertex -2.738817E+01 -2.258452E+00 0.000000E+00
      vertex -2.584547E+01 -1.172695E+00 0.000000E+00
      vertex -2.360000E+01 -4.419148E+00 0.000000E+00
    endloop
  endfacet
  facet normal 0.000000E+00 0.000000E+00 -1.000000E+00
    outer loop
      vertex -2.864262E+01 5.432374E-01 0.000000E+00
      vertex -2.726513E+01 2.871788E-01 0.000000E+00
      vertex -2.730000E+01 -2.971316E-16 0.000000E+00
    endloop
  endfacet
  facet normal 0.000000E+00 -0.000000E+00 -1.000000E+00
    outer loop
      vertex -2.847299E+01 1.062495E+00 0.000000E+00
      vertex -2.726513E+01 2.871788E-01 0.000000E+00
      vertex -2.864262E+01 5.432374E-01 0.000000E+00
    endloop
  endfacet
  facet normal 0.000000E+00 0.000000E+00 -1.000000E+00
    outer loop
      vertex 2.360000E+01 -4.419148E+00 0.000000E+00
      vertex 2.493131E+01 -2.723512E-01 0.000000E+00
      vertex 2.502362E+01 -5.304881E-01 0.000000E+00
    endloop
  endfacet
  facet normal 0.000000E+00 0.000000E+00 -1.000000E+00
    outer loop
      vertex -2.584547E+01 -1.172695E+00 0.000000E+00
      vertex -2.559235E+01 -1.087332E+00 0.000000E+00
      vertex -2.360000E+01 -4.419148E+00 0.000000E+00
    endloop
  endfacet
  facet normal 0.000000E+00 0.000000E+00 -1.000000E+00
    outer loop
      vertex 2.730000E+01 2.971316E-16 0.000000E+00
      vertex 2.870000E+01 7.624974E-16 0.000000E+00
      vertex 2.864262E+01 -5.432374E-01 0.000000E+00
    endloop
  endfacet
  facet normal 0.000000E+00 -0.000000E+00 -1.000000E+00
    outer loop
      vertex 2.560410E+01 -1.092739E+00 0.000000E+00
      vertex 2.586504E+01 -1.176773E+00 0.000000E+00
      vertex 2.360000E+01 -4.419148E+00 0.000000E+00
    endloop
  endfacet
  facet normal 0.000000E+00 0.000000E+00 -1.000000E+00
    outer loop
      vertex 2.726513E+01 2.871788E-01 0.000000E+00
      vertex 2.864262E+01 5.432374E-01 0.000000E+00
      vertex 2.730000E+01 2.971316E-16 0.000000E+00
    endloop
  endfacet
  facet normal 0.000000E+00 0.000000E+00 -1.000000E+00
    outer loop
      vertex 2.730000E+01 2.971316E-16 0.000000E+00
      vertex 2.864262E+01 5.432374E-01 0.000000E+00
      vertex 2.870000E+01 7.624974E-16 0.000000E+00
    endloop
  endfacet
  facet normal 0.000000E+00 0.000000E+00 -1.000000E+00
    outer loop
      vertex 2.360000E+01 -4.419148E+00 0.000000E+00
      vertex 2.490000E+01 5.910468E-16 0.000000E+00
      vertex 2.493131E+01 -2.723512E-01 0.000000E+00
    endloop
  endfacet
  facet normal 0.000000E+00 0.000000E+00 -1.000000E+00
    outer loop
      vertex -2.847299E+01 1.062495E+00 0.000000E+00
      vertex -2.716255E+01 5.576678E-01 0.000000E+00
      vertex -2.726513E+01 2.871788E-01 0.000000E+00
    endloop
  endfacet
  facet normal 0.000000E+00 0.000000E+00 -1.000000E+00
    outer loop
      vertex 2.716255E+01 5.576678E-01 0.000000E+00
      vertex 2.847299E+01 1.062495E+00 0.000000E+00
      vertex 2.726513E+01 2.871788E-01 0.000000E+00
    endloop
  endfacet
  facet normal 0.000000E+00 -0.000000E+00 -1.000000E+00
    outer loop
      vertex -2.819863E+01 1.534852E+00 0.000000E+00
      vertex -2.716255E+01 5.576678E-01 0.000000E+00
      vertex -2.847299E+01 1.062495E+00 0.000000E+00
    endloop
  endfacet
  facet normal 0.000000E+00 0.000000E+00 -1.000000E+00
    outer loop
      vertex -2.559235E+01 -1.087332E+00 0.000000E+00
      vertex -2.536085E+01 -9.453365E-01 0.000000E+00
      vertex -2.360000E+01 -4.419148E+00 0.000000E+00
    endloop
  endfacet
  facet normal 0.000000E+00 0.000000E+00 -1.000000E+00
    outer loop
      vertex 2.726513E+01 2.871788E-01 0.000000E+00
      vertex 2.847299E+01 1.062495E+00 0.000000E+00
      vertex 2.864262E+01 5.432374E-01 0.000000E+00
    endloop
  endfacet
  facet normal -0.000000E+00 -0.000000E+00 -1.000000E+00
    outer loop
      vertex 2.613826E+01 -1.199390E+00 0.000000E+00
      vertex 2.738817E+01 -2.258452E+00 0.000000E+00
      vertex 2.586504E+01 -1.176773E+00 0.000000E+00
    endloop
  endfacet
  facet normal 0.000000E+00 0.000000E+00 -1.000000E+00
    outer loop
      vertex 2.652553E+01 1.122020E+00 0.000000E+00
      vertex 2.738817E+01 2.258452E+00 0.000000E+00
      vertex 2.678168E+01 9.875807E-01 0.000000E+00
    endloop
  endfacet
  facet normal 0.000000E+00 0.000000E+00 -1.000000E+00
    outer loop
      vertex 2.624464E+01 1.191251E+00 0.000000E+00
      vertex 2.738817E+01 2.258452E+00 0.000000E+00
      vertex 2.652553E+01 1.122020E+00 0.000000E+00
    endloop
  endfacet
  facet normal 0.000000E+00 0.000000E+00 -1.000000E+00
    outer loop
      vertex 2.595536E+01 1.191251E+00 0.000000E+00
      vertex 2.738817E+01 2.258452E+00 0.000000E+00
      vertex 2.624464E+01 1.191251E+00 0.000000E+00
    endloop
  endfacet
  facet normal 0.000000E+00 0.000000E+00 -1.000000E+00
    outer loop
      vertex 2.360000E+01 4.419148E+00 0.000000E+00
      vertex 2.738817E+01 2.258452E+00 0.000000E+00
      vertex 2.595536E+01 1.191251E+00 0.000000E+00
    endloop
  endfacet
  facet normal 0.000000E+00 -0.000000E+00 -1.000000E+00
    outer loop
      vertex 2.586504E+01 -1.176773E+00 0.000000E+00
      vertex 2.738817E+01 -2.258452E+00 0.000000E+00
      vertex 2.360000E+01 -4.419148E+00 0.000000E+00
    endloop
  endfacet
  facet normal 0.000000E+00 0.000000E+00 -1.000000E+00
    outer loop
      vertex -2.819863E+01 1.534852E+00 0.000000E+00
      vertex -2.699821E+01 7.957472E-01 0.000000E+00
      vertex -2.716255E+01 5.576678E-01 0.000000E+00
    endloop
  endfacet
  facet normal 0.000000E+00 0.000000E+00 -1.000000E+00
    outer loop
      vertex -2.536085E+01 -9.453365E-01 0.000000E+00
      vertex -2.516721E+01 -7.549228E-01 0.000000E+00
      vertex -2.360000E+01 -4.419148E+00 0.000000E+00
    endloop
  endfacet
  facet normal 0.000000E+00 0.000000E+00 -1.000000E+00
    outer loop
      vertex 2.699821E+01 7.957472E-01 0.000000E+00
      vertex 2.819863E+01 1.534852E+00 0.000000E+00
      vertex 2.716255E+01 5.576678E-01 0.000000E+00
    endloop
  endfacet
  facet normal 0.000000E+00 0.000000E+00 -1.000000E+00
    outer loop
      vertex 2.716255E+01 5.576678E-01 0.000000E+00
      vertex 2.819863E+01 1.534852E+00 0.000000E+00
      vertex 2.847299E+01 1.062495E+00 0.000000E+00
    endloop
  endfacet
  facet normal 0.000000E+00 0.000000E+00 -1.000000E+00
    outer loop
      vertex -2.819863E+01 1.534852E+00 0.000000E+00
      vertex -2.783162E+01 1.939458E+00 0.000000E+00
      vertex -2.699821E+01 7.957472E-01 0.000000E+00
    endloop
  endfacet
  facet normal 0.000000E+00 0.000000E+00 -1.000000E+00
    outer loop
      vertex 2.613826E+01 -1.199390E+00 0.000000E+00
      vertex 2.640947E+01 -1.159409E+00 0.000000E+00
      vertex 2.738817E+01 -2.258452E+00 0.000000E+00
    endloop
  endfacet
  facet normal 0.000000E+00 0.000000E+00 -1.000000E+00
    outer loop
      vertex 2.678168E+01 9.875807E-01 0.000000E+00
      vertex 2.783162E+01 1.939458E+00 0.000000E+00
      vertex 2.699821E+01 7.957472E-01 0.000000E+00
    endloop
  endfacet
  facet normal 0.000000E+00 -0.000000E+00 -1.000000E+00
    outer loop
      vertex 2.738817E+01 2.258452E+00 0.000000E+00
      vertex 2.783162E+01 1.939458E+00 0.000000E+00
      vertex 2.678168E+01 9.875807E-01 0.000000E+00
    endloop
  endfacet
  facet normal 0.000000E+00 0.000000E+00 -1.000000E+00
    outer loop
      vertex 2.699821E+01 7.957472E-01 0.000000E+00
      vertex 2.783162E+01 1.939458E+00 0.000000E+00
      vertex 2.819863E+01 1.534852E+00 0.000000E+00
    endloop
  endfacet
  facet normal 0.000000E+00 0.000000E+00 -1.000000E+00
    outer loop
      vertex -2.783162E+01 1.939458E+00 0.000000E+00
      vertex -2.678168E+01 9.875807E-01 0.000000E+00
      vertex -2.699821E+01 7.957472E-01 0.000000E+00
    endloop
  endfacet
  facet normal 0.000000E+00 0.000000E+00 -1.000000E+00
    outer loop
      vertex 6.000000E+00 6.600000E+00 0.000000E+00
      vertex 2.360000E+01 1.160000E+01 0.000000E+00
      vertex 2.360000E+01 4.419148E+00 0.000000E+00
    endloop
  endfacet
  facet normal 0.000000E+00 0.000000E+00 -1.000000E+00
    outer loop
      vertex -2.516721E+01 -7.549228E-01 0.000000E+00
      vertex -2.502135E+01 -5.258437E-01 0.000000E+00
      vertex -2.360000E+01 -4.419148E+00 0.000000E+00
    endloop
  endfacet
  facet normal 0.000000E+00 0.000000E+00 -1.000000E+00
    outer loop
      vertex 6.000000E+00 1.160000E+01 0.000000E+00
      vertex 2.360000E+01 1.160000E+01 0.000000E+00
      vertex 6.000000E+00 6.600000E+00 0.000000E+00
    endloop
  endfacet
  facet normal 0.000000E+00 0.000000E+00 -1.000000E+00
    outer loop
      vertex 2.640947E+01 -1.159409E+00 0.000000E+00
      vertex 2.666453E+01 -1.058916E+00 0.000000E+00
      vertex 2.738817E+01 -2.258452E+00 0.000000E+00
    endloop
  endfacet
  facet normal 0.000000E+00 0.000000E+00 -1.000000E+00
    outer loop
      vertex -2.502135E+01 -5.258437E-01 0.000000E+00
      vertex -2.493073E+01 -2.698319E-01 0.000000E+00
      vertex -2.360000E+01 -4.419148E+00 0.000000E+00
    endloop
  endfacet
  facet normal 0.000000E+00 0.000000E+00 -1.000000E+00
    outer loop
      vertex -2.678168E+01 9.875807E-01 0.000000E+00
      vertex -2.738817E+01 2.258452E+00 0.000000E+00
      vertex -2.652553E+01 1.122020E+00 0.000000E+00
    endloop
  endfacet
  facet normal 0.000000E+00 0.000000E+00 -1.000000E+00
    outer loop
      vertex -2.783162E+01 1.939458E+00 0.000000E+00
      vertex -2.738817E+01 2.258452E+00 0.000000E+00
      vertex -2.678168E+01 9.875807E-01 0.000000E+00
    endloop
  endfacet
  facet normal 0.000000E+00 0.000000E+00 -1.000000E+00
    outer loop
      vertex 2.738817E+01 -2.258452E+00 0.000000E+00
      vertex 2.687855E+01 -9.131603E-01 0.000000E+00
      vertex 2.783162E+01 -1.939458E+00 0.000000E+00
    endloop
  endfacet
  facet normal 0.000000E+00 0.000000E+00 -1.000000E+00
    outer loop
      vertex 2.666453E+01 -1.058916E+00 0.000000E+00
      vertex 2.687855E+01 -9.131603E-01 0.000000E+00
      vertex 2.738817E+01 -2.258452E+00 0.000000E+00
    endloop
  endfacet
  facet normal 0.000000E+00 0.000000E+00 -1.000000E+00
    outer loop
      vertex -2.738817E+01 2.258452E+00 0.000000E+00
      vertex -2.624464E+01 1.191251E+00 0.000000E+00
      vertex -2.652553E+01 1.122020E+00 0.000000E+00
    endloop
  endfacet
  facet normal 1.000000E+00 0.000000E+00 0.000000E+00
    outer loop
      vertex -6.000000E+00 1.160000E+01 2.000000E+00
      vertex -6.000000E+00 1.230711E+01 1.707107E+00
      vertex -6.000000E+00 1.179509E+01 1.980785E+00
    endloop
  endfacet
  facet normal 1.000000E+00 0.000000E+00 0.000000E+00
    outer loop
      vertex -6.000000E+00 1.179509E+01 1.980785E+00
      vertex -6.000000E+00 1.230711E+01 1.707107E+00
      vertex -6.000000E+00 1.198268E+01 1.923880E+00
    endloop
  endfacet
  facet normal 1.000000E+00 0.000000E+00 0.000000E+00
    outer loop
      vertex -6.000000E+00 1.198268E+01 1.923880E+00
      vertex -6.000000E+00 1.230711E+01 1.707107E+00
      vertex -6.000000E+00 1.215557E+01 1.831470E+00
    endloop
  endfacet
  facet normal 1.000000E+00 0.000000E+00 0.000000E+00
    outer loop
      vertex -6.000000E+00 1.230711E+01 1.707107E+00
      vertex -6.000000E+00 1.255106E+01 1.309017E+00
      vertex -6.000000E+00 1.245264E+01 1.522499E+00
    endloop
  endfacet
  facet normal 1.000000E+00 0.000000E+00 0.000000E+00
    outer loop
      vertex -6.000000E+00 1.230711E+01 1.707107E+00
      vertex -6.000000E+00 1.259692E+01 1.078459E+00
      vertex -6.000000E+00 1.255106E+01 1.309017E+00
    endloop
  endfacet
  facet normal 1.000000E+00 -0.000000E+00 0.000000E+00
    outer loop
      vertex -6.000000E+00 6.600000E+00 2.000000E+00
      vertex -6.000000E+00 1.160000E+01 0.000000E+00
      vertex -6.000000E+00 1.160000E+01 2.000000E+00
    endloop
  endfacet
  facet normal 1.000000E+00 0.000000E+00 0.000000E+00
    outer loop
      vertex -6.000000E+00 6.600000E+00 0.000000E+00
      vertex -6.000000E+00 1.160000E+01 0.000000E+00
      vertex -6.000000E+00 6.600000E+00 2.000000E+00
    endloop
  endfacet
  facet normal 1.000000E+00 0.000000E+00 0.000000E+00
    outer loop
      vertex -6.000000E+00 1.160000E+01 2.000000E+00
      vertex -6.000000E+00 1.160000E+01 0.000000E+00
      vertex -6.000000E+00 1.230711E+01 1.707107E+00
    endloop
  endfacet
  facet normal 1.000000E+00 0.000000E+00 0.000000E+00
    outer loop
      vertex -6.000000E+00 1.230711E+01 1.707107E+00
      vertex -6.000000E+00 1.258769E+01 8.435655E-01
      vertex -6.000000E+00 1.259692E+01 1.078459E+00
    endloop
  endfacet
  facet normal 1.000000E+00 0.000000E+00 0.000000E+00
    outer loop
      vertex -6.000000E+00 1.160000E+01 0.000000E+00
      vertex -6.000000E+00 1.183345E+01 2.763008E-02
      vertex -6.000000E+00 1.230711E+01 1.707107E+00
    endloop
  endfacet
  facet normal 1.000000E+00 0.000000E+00 0.000000E+00
    outer loop
      vertex -6.000000E+00 1.230711E+01 1.707107E+00
      vertex -6.000000E+00 1.252388E+01 6.173165E-01
      vertex -6.000000E+00 1.258769E+01 8.435655E-01
    endloop
  endfacet
  facet normal 1.000000E+00 0.000000E+00 0.000000E+00
    outer loop
      vertex -6.000000E+00 1.183345E+01 2.763008E-02
      vertex -6.000000E+00 1.205399E+01 1.089935E-01
      vertex -6.000000E+00 1.230711E+01 1.707107E+00
    endloop
  endfacet
  facet normal 1.000000E+00 0.000000E+00 0.000000E+00
    outer loop
      vertex -6.000000E+00 1.230711E+01 1.707107E+00
      vertex -6.000000E+00 1.240902E+01 4.122148E-01
      vertex -6.000000E+00 1.252388E+01 6.173165E-01
    endloop
  endfacet
  facet normal 1.000000E+00 0.000000E+00 0.000000E+00
    outer loop
      vertex -6.000000E+00 1.205399E+01 1.089935E-01
      vertex -6.000000E+00 1.224945E+01 2.395940E-01
      vertex -6.000000E+00 1.230711E+01 1.707107E+00
    endloop
  endfacet
  facet normal 1.000000E+00 0.000000E+00 0.000000E+00
    outer loop
      vertex -6.000000E+00 1.230711E+01 1.707107E+00
      vertex -6.000000E+00 1.224945E+01 2.395940E-01
      vertex -6.000000E+00 1.240902E+01 4.122148E-01
    endloop
  endfacet
  facet normal 0.000000E+00 5.834605E-02 -9.982964E-01
    outer loop
      vertex 2.371649E+01 1.171649E+01 6.808463E-03
      vertex 2.360000E+01 1.160000E+01 0.000000E+00
      vertex 6.000000E+00 1.160000E+01 0.000000E+00
    endloop
  endfacet
  facet normal -3.912139E-04 1.175375E-01 -9.930683E-01
    outer loop
      vertex 2.371649E+01 1.171649E+01 6.808463E-03
      vertex 6.000000E+00 1.160000E+01 0.000000E+00
      vertex 6.000000E+00 1.183345E+01 2.763008E-02
    endloop
  endfacet
  facet normal -7.001102E-06 1.742500E-01 -9.847015E-01
    outer loop
      vertex 2.383140E+01 1.183140E+01 2.714114E-02
      vertex 2.371649E+01 1.171649E+01 6.808463E-03
      vertex 6.000000E+00 1.183345E+01 2.763008E-02
    endloop
  endfacet
  facet normal -1.220702E-04 3.461175E-01 -9.381912E-01
    outer loop
      vertex 2.403562E+01 1.203562E+01 9.987058E-02
      vertex 6.000000E+00 1.183345E+01 2.763008E-02
      vertex 6.000000E+00 1.205399E+01 1.089935E-01
    endloop
  endfacet
  facet normal 1.267313E-05 3.354758E-01 -9.420488E-01
    outer loop
      vertex 2.403562E+01 1.203562E+01 9.987058E-02
      vertex 2.383140E+01 1.183140E+01 2.714114E-02
      vertex 6.000000E+00 1.183345E+01 2.763008E-02
    endloop
  endfacet
  facet normal -2.097154E-04 5.555704E-01 -8.314695E-01
    outer loop
      vertex 2.421937E+01 1.221937E+01 2.149032E-01
      vertex 6.000000E+00 1.205399E+01 1.089935E-01
      vertex 6.000000E+00 1.224945E+01 2.395940E-01
    endloop
  endfacet
  facet normal 1.115482E-04 5.305447E-01 -8.476570E-01
    outer loop
      vertex 2.421937E+01 1.221937E+01 2.149032E-01
      vertex 2.403562E+01 1.203562E+01 9.987058E-02
      vertex 6.000000E+00 1.205399E+01 1.089935E-01
    endloop
  endfacet
  facet normal -3.416025E-04 7.343229E-01 -6.788003E-01
    outer loop
      vertex 2.435851E+01 1.235851E+01 3.483382E-01
      vertex 6.000000E+00 1.224945E+01 2.395940E-01
      vertex 6.000000E+00 1.240902E+01 4.122148E-01
    endloop
  endfacet
  facet normal 1.642107E-04 6.920770E-01 -7.218237E-01
    outer loop
      vertex 2.435851E+01 1.235851E+01 3.483382E-01
      vertex 2.421937E+01 1.221937E+01 2.149032E-01
      vertex 6.000000E+00 1.224945E+01 2.395940E-01
    endloop
  endfacet
  facet normal -2.954377E-04 8.724944E-01 -4.886241E-01
    outer loop
      vertex 2.444461E+01 1.244461E+01 4.646146E-01
      vertex 6.000000E+00 1.240902E+01 4.122148E-01
      vertex 6.000000E+00 1.252388E+01 6.173165E-01
    endloop
  endfacet
  facet normal 1.400955E-04 8.036166E-01 -5.951473E-01
    outer loop
      vertex 2.444461E+01 1.244461E+01 4.646146E-01
      vertex 2.435851E+01 1.235851E+01 3.483382E-01
      vertex 6.000000E+00 1.240902E+01 4.122148E-01
    endloop
  endfacet
  facet normal -1.274856E-04 8.811525E-01 -4.728321E-01
    outer loop
      vertex 2.451303E+01 1.251303E+01 5.920984E-01
      vertex 2.444461E+01 1.244461E+01 4.646146E-01
      vertex 6.000000E+00 1.252388E+01 6.173165E-01
    endloop
  endfacet
  facet normal -3.733891E-04 9.624556E-01 -2.714390E-01
    outer loop
      vertex 2.456233E+01 1.256233E+01 7.281208E-01
      vertex 6.000000E+00 1.252388E+01 6.173165E-01
      vertex 6.000000E+00 1.258769E+01 8.435655E-01
    endloop
  endfacet
  facet normal 8.693498E-05 9.401330E-01 -3.408078E-01
    outer loop
      vertex 2.456233E+01 1.256233E+01 7.281208E-01
      vertex 2.451303E+01 1.251303E+01 5.920984E-01
      vertex 6.000000E+00 1.252388E+01 6.173165E-01
    endloop
  endfacet
  facet normal 8.438994E-05 9.794739E-01 -2.015708E-01
    outer loop
      vertex 2.459149E+01 1.259149E+01 8.698345E-01
      vertex 2.456233E+01 1.256233E+01 7.281208E-01
      vertex 6.000000E+00 1.258769E+01 8.435655E-01
    endloop
  endfacet
  facet normal -2.956332E-04 9.992291E-01 -3.925859E-02
    outer loop
      vertex 2.459990E+01 1.259990E+01 1.014273E+00
      vertex 6.000000E+00 1.258769E+01 8.435655E-01
      vertex 6.000000E+00 1.259692E+01 1.078459E+00
    endloop
  endfacet
  facet normal -1.221963E-04 9.983113E-01 -5.809024E-02
    outer loop
      vertex 2.459990E+01 1.259990E+01 1.014273E+00
      vertex 2.459149E+01 1.259149E+01 8.698345E-01
      vertex 6.000000E+00 1.258769E+01 8.435655E-01
    endloop
  endfacet
  facet normal -3.609210E-04 9.807857E-01 1.950883E-01
    outer loop
      vertex 2.458470E+01 1.258470E+01 1.174278E+00
      vertex 6.000000E+00 1.259692E+01 1.078459E+00
      vertex 6.000000E+00 1.255106E+01 1.309017E+00
    endloop
  endfacet
  facet normal 1.668811E-04 9.955157E-01 9.459646E-02
    outer loop
      vertex 2.458470E+01 1.258470E+01 1.174278E+00
      vertex 2.459990E+01 1.259990E+01 1.014273E+00
      vertex 6.000000E+00 1.259692E+01 1.078459E+00
    endloop
  endfacet
  facet normal -2.097795E-04 9.081433E-01 4.186594E-01
    outer loop
      vertex 2.453801E+01 1.253801E+01 1.346605E+00
      vertex 6.000000E+00 1.255106E+01 1.309017E+00
      vertex 6.000000E+00 1.245264E+01 1.522499E+00
    endloop
  endfacet
  facet normal 1.489798E-04 9.651961E-01 2.615273E-01
    outer loop
      vertex 2.453801E+01 1.253801E+01 1.346605E+00
      vertex 2.458470E+01 1.258470E+01 1.174278E+00
      vertex 6.000000E+00 1.255106E+01 1.309017E+00
    endloop
  endfacet
  facet normal -1.455813E-05 9.002382E-01 4.353978E-01
    outer loop
      vertex 2.445407E+01 1.245407E+01 1.520152E+00
      vertex 2.453801E+01 1.253801E+01 1.346605E+00
      vertex 6.000000E+00 1.245264E+01 1.522499E+00
    endloop
  endfacet
  facet normal 0.000000E+00 7.853166E-01 6.190944E-01
    outer loop
      vertex 2.430711E+01 1.230711E+01 1.707107E+00
      vertex 6.000000E+00 1.245264E+01 1.522499E+00
      vertex 6.000000E+00 1.230711E+01 1.707107E+00
    endloop
  endfacet
  facet normal 1.752503E-05 7.861608E-01 6.180220E-01
    outer loop
      vertex 2.430711E+01 1.230711E+01 1.707107E+00
      vertex 2.445407E+01 1.245407E+01 1.520152E+00
      vertex 6.000000E+00 1.245264E+01 1.522499E+00
    endloop
  endfacet
  facet normal 6.632572E-02 0.000000E+00 -9.977980E-01
    outer loop
      vertex 2.373236E+01 4.496029E+00 8.798150E-03
      vertex 2.360000E+01 4.419148E+00 0.000000E+00
      vertex 2.360000E+01 1.160000E+01 0.000000E+00
    endloop
  endfacet
  facet normal 1.741353E-01 1.112706E-04 -9.847218E-01
    outer loop
      vertex 2.373236E+01 4.496029E+00 8.798150E-03
      vertex 2.371649E+01 1.171649E+01 6.808463E-03
      vertex 2.383140E+01 1.183140E+01 2.714114E-02
    endloop
  endfacet
  facet normal 5.849164E-02 -1.465684E-04 -9.982879E-01
    outer loop
      vertex 2.373236E+01 4.496029E+00 8.798150E-03
      vertex 2.360000E+01 1.160000E+01 0.000000E+00
      vertex 2.371649E+01 1.171649E+01 6.808463E-03
    endloop
  endfacet
  facet normal 1.979334E-01 -2.213154E-04 -9.802154E-01
    outer loop
      vertex 2.386239E+01 4.571558E+00 3.503779E-02
      vertex 2.373236E+01 4.496029E+00 8.798150E-03
      vertex 2.383140E+01 1.183140E+01 2.714114E-02
    endloop
  endfacet
  facet normal 3.354299E-01 6.762657E-05 -9.420651E-01
    outer loop
      vertex 2.403139E+01 4.669724E+00 9.783620E-02
      vertex 2.383140E+01 1.183140E+01 2.714114E-02
      vertex 2.403562E+01 1.203562E+01 9.987058E-02
    endloop
  endfacet
  facet normal 3.480721E-01 4.660496E-04 -9.374676E-01
    outer loop
      vertex 2.403139E+01 4.669724E+00 9.783620E-02
      vertex 2.386239E+01 4.571558E+00 3.503779E-02
      vertex 2.383140E+01 1.183140E+01 2.714114E-02
    endloop
  endfacet
  facet normal 5.302694E-01 4.891246E-04 -8.478290E-01
    outer loop
      vertex 2.418637E+01 4.759746E+00 1.899606E-01
      vertex 2.403562E+01 1.203562E+01 9.987058E-02
      vertex 2.421937E+01 1.221937E+01 2.149032E-01
    endloop
  endfacet
  facet normal 5.109893E-01 -5.593707E-05 -8.595871E-01
    outer loop
      vertex 2.418637E+01 4.759746E+00 1.899606E-01
      vertex 2.403139E+01 4.669724E+00 9.783620E-02
      vertex 2.403562E+01 1.203562E+01 9.987058E-02
    endloop
  endfacet
  facet normal 6.919063E-01 5.009634E-04 -7.219871E-01
    outer loop
      vertex 2.432230E+01 4.838696E+00 3.084162E-01
      vertex 2.421937E+01 1.221937E+01 2.149032E-01
      vertex 2.435851E+01 1.235851E+01 3.483382E-01
    endloop
  endfacet
  facet normal 6.571369E-01 -3.865965E-04 -7.537711E-01
    outer loop
      vertex 2.432230E+01 4.838696E+00 3.084162E-01
      vertex 2.418637E+01 4.759746E+00 1.899606E-01
      vertex 2.421937E+01 1.221937E+01 2.149032E-01
    endloop
  endfacet
  facet normal 8.036059E-01 1.526750E-04 -5.951619E-01
    outer loop
      vertex 2.443474E+01 4.904007E+00 4.493527E-01
      vertex 2.435851E+01 1.235851E+01 3.483382E-01
      vertex 2.444461E+01 1.244461E+01 4.646146E-01
    endloop
  endfacet
  facet normal 7.818018E-01 -4.546584E-04 -6.235268E-01
    outer loop
      vertex 2.443474E+01 4.904007E+00 4.493527E-01
      vertex 2.432230E+01 4.838696E+00 3.084162E-01
      vertex 2.435851E+01 1.235851E+01 3.483382E-01
    endloop
  endfacet
  facet normal 9.401217E-01 1.476713E-04 -3.408389E-01
    outer loop
      vertex 2.452005E+01 4.953558E+00 6.081887E-01
      vertex 2.451303E+01 1.251303E+01 5.920984E-01
      vertex 2.456233E+01 1.256233E+01 7.281208E-01
    endloop
  endfacet
  facet normal 8.811715E-01 -1.879527E-04 -4.727966E-01
    outer loop
      vertex 2.452005E+01 4.953558E+00 6.081887E-01
      vertex 2.444461E+01 1.244461E+01 4.646146E-01
      vertex 2.451303E+01 1.251303E+01 5.920984E-01
    endloop
  endfacet
  facet normal 8.810031E-01 -1.956637E-04 -4.731104E-01
    outer loop
      vertex 2.452005E+01 4.953558E+00 6.081887E-01
      vertex 2.443474E+01 4.904007E+00 4.493527E-01
      vertex 2.444461E+01 1.244461E+01 4.646146E-01
    endloop
  endfacet
  facet normal 9.794669E-01 3.211008E-04 -2.016049E-01
    outer loop
      vertex 2.457545E+01 4.985738E+00 7.797610E-01
      vertex 2.456233E+01 1.256233E+01 7.281208E-01
      vertex 2.459149E+01 1.259149E+01 8.698345E-01
    endloop
  endfacet
  facet normal 9.516470E-01 -4.467130E-04 -3.071934E-01
    outer loop
      vertex 2.457545E+01 4.985738E+00 7.797610E-01
      vertex 2.452005E+01 4.953558E+00 6.081887E-01
      vertex 2.456233E+01 1.256233E+01 7.281208E-01
    endloop
  endfacet
  facet normal 9.983097E-01 3.268138E-04 -5.811628E-02
    outer loop
      vertex 2.459914E+01 4.999499E+00 9.584924E-01
      vertex 2.459149E+01 1.259149E+01 8.698345E-01
      vertex 2.459990E+01 1.259990E+01 1.014273E+00
    endloop
  endfacet
  facet normal 9.913329E-01 -5.356843E-04 -1.313723E-01
    outer loop
      vertex 2.459914E+01 4.999499E+00 9.584924E-01
      vertex 2.457545E+01 4.985738E+00 7.797610E-01
      vertex 2.459149E+01 1.259149E+01 8.698345E-01
    endloop
  endfacet
  facet normal 9.955145E-01 2.969312E-04 9.460869E-02
    outer loop
      vertex 2.459035E+01 4.994396E+00 1.138573E+00
      vertex 2.459990E+01 1.259990E+01 1.014273E+00
      vertex 2.458470E+01 1.258470E+01 1.174278E+00
    endloop
  endfacet
  facet normal 9.988127E-01 -4.572822E-04 4.871419E-02
    outer loop
      vertex 2.459035E+01 4.994396E+00 1.138573E+00
      vertex 2.459914E+01 4.999499E+00 9.584924E-01
      vertex 2.459990E+01 1.259990E+01 1.014273E+00
    endloop
  endfacet
  facet normal 9.002687E-01 -1.958486E-04 4.353348E-01
    outer loop
      vertex 2.454288E+01 4.966823E+00 1.333129E+00
      vertex 2.453801E+01 1.253801E+01 1.346605E+00
      vertex 2.445407E+01 1.245407E+01 1.520152E+00
    endloop
  endfacet
  facet normal 9.651983E-01 1.552901E-04 2.615190E-01
    outer loop
      vertex 2.454288E+01 4.966823E+00 1.333129E+00
      vertex 2.458470E+01 1.258470E+01 1.174278E+00
      vertex 2.453801E+01 1.253801E+01 1.346605E+00
    endloop
  endfacet
  facet normal 9.715109E-01 -3.907507E-04 2.369947E-01
    outer loop
      vertex 2.454288E+01 4.966823E+00 1.333129E+00
      vertex 2.459035E+01 4.994396E+00 1.138573E+00
      vertex 2.458470E+01 1.258470E+01 1.174278E+00
    endloop
  endfacet
  facet normal 7.860802E-01 2.285386E-04 6.181245E-01
    outer loop
      vertex 2.444592E+01 4.910502E+00 1.533311E+00
      vertex 2.445407E+01 1.245407E+01 1.520152E+00
      vertex 2.430711E+01 1.230711E+01 1.707107E+00
    endloop
  endfacet
  facet normal 9.000062E-01 -2.125068E-04 4.358770E-01
    outer loop
      vertex 2.444592E+01 4.910502E+00 1.533311E+00
      vertex 2.454288E+01 4.966823E+00 1.333129E+00
      vertex 2.445407E+01 1.245407E+01 1.520152E+00
    endloop
  endfacet
  facet normal 7.813599E-01 -0.000000E+00 6.240808E-01
    outer loop
      vertex 2.430711E+01 4.829873E+00 1.707107E+00
      vertex 2.444592E+01 4.910502E+00 1.533311E+00
      vertex 2.430711E+01 1.230711E+01 1.707107E+00
    endloop
  endfacet
  facet normal 3.286114E-02 -5.761278E-02 -9.977981E-01
    outer loop
      vertex 2.373236E+01 -4.496029E+00 8.798150E-03
      vertex 2.360000E+01 -4.419148E+00 0.000000E+00
      vertex 2.738817E+01 -2.258452E+00 0.000000E+00
    endloop
  endfacet
  facet normal 5.670501E-02 -9.655350E-02 -9.937112E-01
    outer loop
      vertex 2.373236E+01 -4.496029E+00 8.798150E-03
      vertex 2.738817E+01 -2.258452E+00 0.000000E+00
      vertex 2.749842E+01 -2.451742E+00 2.507209E-02
    endloop
  endfacet
  facet normal 1.644133E-01 -2.864488E-01 -9.438831E-01
    outer loop
      vertex 2.386239E+01 -4.571558E+00 3.503779E-02
      vertex 2.749842E+01 -2.451742E+00 2.507209E-02
      vertex 2.760314E+01 -2.635339E+00 9.903114E-02
    endloop
  endfacet
  facet normal 9.774169E-02 -1.722605E-01 -9.801902E-01
    outer loop
      vertex 2.386239E+01 -4.571558E+00 3.503779E-02
      vertex 2.373236E+01 -4.496029E+00 8.798150E-03
      vertex 2.749842E+01 -2.451742E+00 2.507209E-02
    endloop
  endfacet
  facet normal 1.726087E-01 -3.024968E-01 -9.373911E-01
    outer loop
      vertex 2.403139E+01 -4.669724E+00 9.783620E-02
      vertex 2.386239E+01 -4.571558E+00 3.503779E-02
      vertex 2.760314E+01 -2.635339E+00 9.903114E-02
    endloop
  endfacet
  facet normal 2.644910E-01 -4.616332E-01 -8.467227E-01
    outer loop
      vertex 2.418637E+01 -4.759746E+00 1.899606E-01
      vertex 2.760314E+01 -2.635339E+00 9.903114E-02
      vertex 2.769708E+01 -2.800038E+00 2.181685E-01
    endloop
  endfacet
  facet normal 2.531191E-01 -4.438939E-01 -8.595864E-01
    outer loop
      vertex 2.418637E+01 -4.759746E+00 1.899606E-01
      vertex 2.403139E+01 -4.669724E+00 9.783620E-02
      vertex 2.760314E+01 -2.635339E+00 9.903114E-02
    endloop
  endfacet
  facet normal 3.516703E-01 -6.134560E-01 -7.071065E-01
    outer loop
      vertex 2.432230E+01 -4.838696E+00 3.084162E-01
      vertex 2.769708E+01 -2.800038E+00 2.181685E-01
      vertex 2.777553E+01 -2.937579E+00 3.765102E-01
    endloop
  endfacet
  facet normal 3.249668E-01 -5.713119E-01 -7.536573E-01
    outer loop
      vertex 2.432230E+01 -4.838696E+00 3.084162E-01
      vertex 2.418637E+01 -4.759746E+00 1.899606E-01
      vertex 2.769708E+01 -2.800038E+00 2.181685E-01
    endloop
  endfacet
  facet normal 4.208647E-01 -7.347215E-01 -5.320312E-01
    outer loop
      vertex 2.443474E+01 -4.904007E+00 4.493527E-01
      vertex 2.777553E+01 -2.937579E+00 3.765102E-01
      vertex 2.783456E+01 -3.041066E+00 5.661163E-01
    endloop
  endfacet
  facet normal 3.865060E-01 -6.797321E-01 -6.233596E-01
    outer loop
      vertex 2.443474E+01 -4.904007E+00 4.493527E-01
      vertex 2.432230E+01 -4.838696E+00 3.084162E-01
      vertex 2.777553E+01 -2.937579E+00 3.765102E-01
    endloop
  endfacet
  facet normal 4.685813E-01 -8.193575E-01 -3.302801E-01
    outer loop
      vertex 2.452005E+01 -4.953558E+00 6.081887E-01
      vertex 2.783456E+01 -3.041066E+00 5.661163E-01
      vertex 2.787120E+01 -3.105309E+00 7.774791E-01
    endloop
  endfacet
  facet normal 4.358326E-01 -7.657400E-01 -4.729610E-01
    outer loop
      vertex 2.452005E+01 -4.953558E+00 6.081887E-01
      vertex 2.443474E+01 -4.904007E+00 4.493527E-01
      vertex 2.783456E+01 -3.041066E+00 5.661163E-01
    endloop
  endfacet
  facet normal 4.714362E-01 -8.266420E-01 -3.072634E-01
    outer loop
      vertex 2.457545E+01 -4.985738E+00 7.797610E-01
      vertex 2.452005E+01 -4.953558E+00 6.081887E-01
      vertex 2.787120E+01 -3.105309E+00 7.774791E-01
    endloop
  endfacet
  facet normal 4.932069E-01 -8.626763E-01 -1.119662E-01
    outer loop
      vertex 2.459914E+01 -4.999499E+00 9.584924E-01
      vertex 2.787120E+01 -3.105309E+00 7.774791E-01
      vertex 2.788363E+01 -3.127088E+00 1.000000E+00
    endloop
  endfacet
  facet normal 4.912037E-01 -8.610745E-01 -1.314141E-01
    outer loop
      vertex 2.459914E+01 -4.999499E+00 9.584924E-01
      vertex 2.457545E+01 -4.985738E+00 7.797610E-01
      vertex 2.787120E+01 -3.105309E+00 7.774791E-01
    endloop
  endfacet
  facet normal 4.939791E-01 -8.639309E-01 9.802099E-02
    outer loop
      vertex 2.459035E+01 -4.994396E+00 1.138573E+00
      vertex 2.788363E+01 -3.127088E+00 1.000000E+00
      vertex 2.787411E+01 -3.110397E+00 1.195090E+00
    endloop
  endfacet
  facet normal 4.942012E-01 -8.679821E-01 4.870645E-02
    outer loop
      vertex 2.459035E+01 -4.994396E+00 1.138573E+00
      vertex 2.459914E+01 -4.999499E+00 9.584924E-01
      vertex 2.788363E+01 -3.127088E+00 1.000000E+00
    endloop
  endfacet
  facet normal 4.749832E-01 -8.307393E-01 2.902811E-01
    outer loop
      vertex 2.454288E+01 -4.966823E+00 1.333129E+00
      vertex 2.787411E+01 -3.110397E+00 1.195090E+00
      vertex 2.784591E+01 -3.060967E+00 1.382683E+00
    endloop
  endfacet
  facet normal 4.804086E-01 -8.444443E-01 2.368997E-01
    outer loop
      vertex 2.454288E+01 -4.966823E+00 1.333129E+00
      vertex 2.459035E+01 -4.994396E+00 1.138573E+00
      vertex 2.787411E+01 -3.110397E+00 1.195090E+00
    endloop
  endfacet
  facet normal 4.374537E-01 -7.657787E-01 4.713992E-01
    outer loop
      vertex 2.444592E+01 -4.910502E+00 1.533311E+00
      vertex 2.784591E+01 -3.060967E+00 1.382683E+00
      vertex 2.780013E+01 -2.980696E+00 1.555570E+00
    endloop
  endfacet
  facet normal 4.449401E-01 -7.824517E-01 4.356576E-01
    outer loop
      vertex 2.444592E+01 -4.910502E+00 1.533311E+00
      vertex 2.454288E+01 -4.966823E+00 1.333129E+00
      vertex 2.784591E+01 -3.060967E+00 1.382683E+00
    endloop
  endfacet
  facet normal 3.829898E-01 -6.714653E-01 6.343920E-01
    outer loop
      vertex 2.430711E+01 -4.829873E+00 1.707107E+00
      vertex 2.780013E+01 -2.980696E+00 1.555570E+00
      vertex 2.773851E+01 -2.872670E+00 1.707107E+00
    endloop
  endfacet
  facet normal 3.866190E-01 -6.791815E-01 6.238896E-01
    outer loop
      vertex 2.430711E+01 -4.829873E+00 1.707107E+00
      vertex 2.444592E+01 -4.910502E+00 1.533311E+00
      vertex 2.780013E+01 -2.980696E+00 1.555570E+00
    endloop
  endfacet
  facet normal 8.166772E-01 -4.743687E-01 -3.286529E-01
    outer loop
      vertex 2.892585E+01 -2.066720E+00 5.661163E-01
      vertex 2.936280E+01 -1.460901E+00 7.774791E-01
      vertex 2.898555E+01 -2.110379E+00 7.774791E-01
    endloop
  endfacet
  facet normal 8.166770E-01 -4.743682E-01 -3.286538E-01
    outer loop
      vertex 2.892585E+01 -2.066720E+00 5.661163E-01
      vertex 2.929530E+01 -1.430678E+00 5.661163E-01
      vertex 2.936280E+01 -1.460901E+00 7.774791E-01
    endloop
  endfacet
  facet normal 5.311945E-01 -5.611282E-02 -8.453897E-01
    outer loop
      vertex 2.906692E+01 -6.338920E-01 9.903114E-02
      vertex 2.913388E+01 8.156328E-16 9.903114E-02
      vertex 2.932349E+01 8.388528E-16 2.181685E-01
    endloop
  endfacet
  facet normal 5.311943E-01 -5.611272E-02 -8.453897E-01
    outer loop
      vertex 2.906692E+01 -6.338920E-01 9.903114E-02
      vertex 2.932349E+01 8.388528E-16 2.181685E-01
      vertex 2.925234E+01 -6.735078E-01 2.181685E-01
    endloop
  endfacet
  facet normal 7.360770E-01 -6.676756E-01 -1.113551E-01
    outer loop
      vertex 2.848093E+01 -2.666701E+00 7.774791E-01
      vertex 2.900579E+01 -2.125180E+00 1.000000E+00
      vertex 2.849763E+01 -2.685404E+00 1.000000E+00
    endloop
  endfacet
  facet normal 5.803292E-01 -8.067330E-01 -1.113547E-01
    outer loop
      vertex 2.848093E+01 -2.666701E+00 7.774791E-01
      vertex 2.849763E+01 -2.685404E+00 1.000000E+00
      vertex 2.788363E+01 -3.127088E+00 1.000000E+00
    endloop
  endfacet
  facet normal 5.803294E-01 -8.067330E-01 -1.113543E-01
    outer loop
      vertex 2.848093E+01 -2.666701E+00 7.774791E-01
      vertex 2.788363E+01 -3.127088E+00 1.000000E+00
      vertex 2.787120E+01 -3.105309E+00 7.774791E-01
    endloop
  endfacet
  facet normal 5.515230E-01 -7.666883E-01 -3.286510E-01
    outer loop
      vertex 2.848093E+01 -2.666701E+00 7.774791E-01
      vertex 2.787120E+01 -3.105309E+00 7.774791E-01
      vertex 2.783456E+01 -3.041066E+00 5.661163E-01
    endloop
  endfacet
  facet normal 7.360766E-01 -6.676766E-01 -1.113518E-01
    outer loop
      vertex 2.848093E+01 -2.666701E+00 7.774791E-01
      vertex 2.898555E+01 -2.110379E+00 7.774791E-01
      vertex 2.900579E+01 -2.125180E+00 1.000000E+00
    endloop
  endfacet
  facet normal 6.740175E-01 -2.201747E-01 -7.051408E-01
    outer loop
      vertex 2.904205E+01 -1.317286E+00 2.181685E-01
      vertex 2.925234E+01 -6.735078E-01 2.181685E-01
      vertex 2.940719E+01 -7.065913E-01 3.765102E-01
    endloop
  endfacet
  facet normal 6.740146E-01 -2.201721E-01 -7.051443E-01
    outer loop
      vertex 2.904205E+01 -1.317286E+00 2.181685E-01
      vertex 2.940719E+01 -7.065913E-01 3.765102E-01
      vertex 2.918657E+01 -1.381992E+00 3.765102E-01
    endloop
  endfacet
  facet normal 7.333190E-01 -4.259496E-01 -5.299153E-01
    outer loop
      vertex 2.882969E+01 -1.996389E+00 3.765102E-01
      vertex 2.929530E+01 -1.430678E+00 5.661163E-01
      vertex 2.892585E+01 -2.066720E+00 5.661163E-01
    endloop
  endfacet
  facet normal 7.333199E-01 -4.259512E-01 -5.299128E-01
    outer loop
      vertex 2.882969E+01 -1.996389E+00 3.765102E-01
      vertex 2.918657E+01 -1.381992E+00 3.765102E-01
      vertex 2.929530E+01 -1.430678E+00 5.661163E-01
    endloop
  endfacet
  facet normal 3.300782E-01 -3.486767E-02 -9.433094E-01
    outer loop
      vertex 2.886023E+01 -5.897304E-01 2.507209E-02
      vertex 2.892252E+01 7.897483E-16 2.507209E-02
      vertex 2.913388E+01 8.156328E-16 9.903114E-02
    endloop
  endfacet
  facet normal 3.300787E-01 -3.486791E-02 -9.433092E-01
    outer loop
      vertex 2.886023E+01 -5.897304E-01 2.507209E-02
      vertex 2.913388E+01 8.156328E-16 9.903114E-02
      vertex 2.906692E+01 -6.338920E-01 9.903114E-02
    endloop
  endfacet
  facet normal 1.119568E-01 -1.182651E-02 -9.936427E-01
    outer loop
      vertex 2.886023E+01 -5.897304E-01 2.507209E-02
      vertex 2.864262E+01 -5.432374E-01 0.000000E+00
      vertex 2.892252E+01 7.897483E-16 2.507209E-02
    endloop
  endfacet
  facet normal 6.995393E-01 -6.345333E-01 -3.286522E-01
    outer loop
      vertex 2.843167E+01 -2.611532E+00 5.661163E-01
      vertex 2.892585E+01 -2.066720E+00 5.661163E-01
      vertex 2.898555E+01 -2.110379E+00 7.774791E-01
    endloop
  endfacet
  facet normal 5.515229E-01 -7.666890E-01 -3.286494E-01
    outer loop
      vertex 2.843167E+01 -2.611532E+00 5.661163E-01
      vertex 2.848093E+01 -2.666701E+00 7.774791E-01
      vertex 2.783456E+01 -3.041066E+00 5.661163E-01
    endloop
  endfacet
  facet normal 6.995394E-01 -6.345345E-01 -3.286495E-01
    outer loop
      vertex 2.843167E+01 -2.611532E+00 5.661163E-01
      vertex 2.898555E+01 -2.110379E+00 7.774791E-01
      vertex 2.848093E+01 -2.666701E+00 7.774791E-01
    endloop
  endfacet
  facet normal 5.077453E-01 -1.658602E-01 -8.453904E-01
    outer loop
      vertex 2.886900E+01 -1.239803E+00 9.903114E-02
      vertex 2.925234E+01 -6.735078E-01 2.181685E-01
      vertex 2.904205E+01 -1.317286E+00 2.181685E-01
    endloop
  endfacet
  facet normal 5.077462E-01 -1.658609E-01 -8.453898E-01
    outer loop
      vertex 2.886900E+01 -1.239803E+00 9.903114E-02
      vertex 2.906692E+01 -6.338920E-01 9.903114E-02
      vertex 2.925234E+01 -6.735078E-01 2.181685E-01
    endloop
  endfacet
  facet normal 6.131357E-01 -3.561408E-01 -7.051442E-01
    outer loop
      vertex 2.870188E+01 -1.902916E+00 2.181685E-01
      vertex 2.904205E+01 -1.317286E+00 2.181685E-01
      vertex 2.918657E+01 -1.381992E+00 3.765102E-01
    endloop
  endfacet
  facet normal 6.131369E-01 -3.561425E-01 -7.051423E-01
    outer loop
      vertex 2.870188E+01 -1.902916E+00 2.181685E-01
      vertex 2.918657E+01 -1.381992E+00 3.765102E-01
      vertex 2.882969E+01 -1.996389E+00 3.765102E-01
    endloop
  endfacet
  facet normal 4.952275E-01 -6.884317E-01 -5.299165E-01
    outer loop
      vertex 2.835232E+01 -2.522662E+00 3.765102E-01
      vertex 2.783456E+01 -3.041066E+00 5.661163E-01
      vertex 2.777553E+01 -2.937579E+00 3.765102E-01
    endloop
  endfacet
  facet normal 4.140658E-01 -5.756063E-01 -7.051433E-01
    outer loop
      vertex 2.835232E+01 -2.522662E+00 3.765102E-01
      vertex 2.777553E+01 -2.937579E+00 3.765102E-01
      vertex 2.769708E+01 -2.800038E+00 2.181685E-01
    endloop
  endfacet
  facet normal 6.281370E-01 -5.697660E-01 -5.299156E-01
    outer loop
      vertex 2.835232E+01 -2.522662E+00 3.765102E-01
      vertex 2.882969E+01 -1.996389E+00 3.765102E-01
      vertex 2.892585E+01 -2.066720E+00 5.661163E-01
    endloop
  endfacet
  facet normal 1.119567E-01 -1.182646E-02 -9.936427E-01
    outer loop
      vertex 2.864262E+01 -5.432374E-01 0.000000E+00
      vertex 2.870000E+01 7.624974E-16 0.000000E+00
      vertex 2.892252E+01 7.897483E-16 2.507209E-02
    endloop
  endfacet
  facet normal 4.952281E-01 -6.884320E-01 -5.299156E-01
    outer loop
      vertex 2.835232E+01 -2.522662E+00 3.765102E-01
      vertex 2.843167E+01 -2.611532E+00 5.661163E-01
      vertex 2.783456E+01 -3.041066E+00 5.661163E-01
    endloop
  endfacet
  facet normal 6.281371E-01 -5.697663E-01 -5.299152E-01
    outer loop
      vertex 2.835232E+01 -2.522662E+00 3.765102E-01
      vertex 2.892585E+01 -2.066720E+00 5.661163E-01
      vertex 2.843167E+01 -2.611532E+00 5.661163E-01
    endloop
  endfacet
  facet normal 1.070137E-01 -3.495744E-02 -9.936428E-01
    outer loop
      vertex 2.867609E+01 -1.153429E+00 2.507209E-02
      vertex 2.847299E+01 -1.062495E+00 0.000000E+00
      vertex 2.864262E+01 -5.432374E-01 0.000000E+00
    endloop
  endfacet
  facet normal 1.070148E-01 -3.495737E-02 -9.936427E-01
    outer loop
      vertex 2.867609E+01 -1.153429E+00 2.507209E-02
      vertex 2.864262E+01 -5.432374E-01 0.000000E+00
      vertex 2.886023E+01 -5.897304E-01 2.507209E-02
    endloop
  endfacet
  facet normal 3.155084E-01 -1.030637E-01 -9.433092E-01
    outer loop
      vertex 2.867609E+01 -1.153429E+00 2.507209E-02
      vertex 2.886023E+01 -5.897304E-01 2.507209E-02
      vertex 2.906692E+01 -6.338920E-01 9.903114E-02
    endloop
  endfacet
  facet normal 3.155096E-01 -1.030647E-01 -9.433088E-01
    outer loop
      vertex 2.867609E+01 -1.153429E+00 2.507209E-02
      vertex 2.906692E+01 -6.338920E-01 9.903114E-02
      vertex 2.886900E+01 -1.239803E+00 9.903114E-02
    endloop
  endfacet
  facet normal 4.618845E-01 -2.682867E-01 -8.453904E-01
    outer loop
      vertex 2.854884E+01 -1.790986E+00 9.903114E-02
      vertex 2.886900E+01 -1.239803E+00 9.903114E-02
      vertex 2.904205E+01 -1.317286E+00 2.181685E-01
    endloop
  endfacet
  facet normal 4.618840E-01 -2.682860E-01 -8.453909E-01
    outer loop
      vertex 2.854884E+01 -1.790986E+00 9.903114E-02
      vertex 2.904205E+01 -1.317286E+00 2.181685E-01
      vertex 2.870188E+01 -1.902916E+00 2.181685E-01
    endloop
  endfacet
  facet normal 4.140658E-01 -5.756063E-01 -7.051432E-01
    outer loop
      vertex 2.824687E+01 -2.404547E+00 2.181685E-01
      vertex 2.835232E+01 -2.522662E+00 3.765102E-01
      vertex 2.769708E+01 -2.800038E+00 2.181685E-01
    endloop
  endfacet
  facet normal 5.251927E-01 -4.763879E-01 -7.051434E-01
    outer loop
      vertex 2.824687E+01 -2.404547E+00 2.181685E-01
      vertex 2.882969E+01 -1.996389E+00 3.765102E-01
      vertex 2.835232E+01 -2.522662E+00 3.765102E-01
    endloop
  endfacet
  facet normal 5.251932E-01 -4.763892E-01 -7.051422E-01
    outer loop
      vertex 2.824687E+01 -2.404547E+00 2.181685E-01
      vertex 2.870188E+01 -1.902916E+00 2.181685E-01
      vertex 2.882969E+01 -1.996389E+00 3.765102E-01
    endloop
  endfacet
  facet normal 2.870120E-01 -1.667115E-01 -9.433088E-01
    outer loop
      vertex 2.837824E+01 -1.666213E+00 2.507209E-02
      vertex 2.867609E+01 -1.153429E+00 2.507209E-02
      vertex 2.886900E+01 -1.239803E+00 9.903114E-02
    endloop
  endfacet
  facet normal 9.734879E-02 -5.654497E-02 -9.936427E-01
    outer loop
      vertex 2.837824E+01 -1.666213E+00 2.507209E-02
      vertex 2.819863E+01 -1.534852E+00 0.000000E+00
      vertex 2.847299E+01 -1.062495E+00 0.000000E+00
    endloop
  endfacet
  facet normal 9.734812E-02 -5.654487E-02 -9.936429E-01
    outer loop
      vertex 2.837824E+01 -1.666213E+00 2.507209E-02
      vertex 2.847299E+01 -1.062495E+00 0.000000E+00
      vertex 2.867609E+01 -1.153429E+00 2.507209E-02
    endloop
  endfacet
  facet normal 2.870120E-01 -1.667116E-01 -9.433088E-01
    outer loop
      vertex 2.837824E+01 -1.666213E+00 2.507209E-02
      vertex 2.886900E+01 -1.239803E+00 9.903114E-02
      vertex 2.854884E+01 -1.790986E+00 9.903114E-02
    endloop
  endfacet
  facet normal 3.956354E-01 -3.588691E-01 -8.453908E-01
    outer loop
      vertex 2.812059E+01 -2.263112E+00 9.903114E-02
      vertex 2.854884E+01 -1.790986E+00 9.903114E-02
      vertex 2.870188E+01 -1.902916E+00 2.181685E-01
    endloop
  endfacet
  facet normal 3.119234E-01 -4.336145E-01 -8.453888E-01
    outer loop
      vertex 2.812059E+01 -2.263112E+00 9.903114E-02
      vertex 2.769708E+01 -2.800038E+00 2.181685E-01
      vertex 2.760314E+01 -2.635339E+00 9.903114E-02
    endloop
  endfacet
  facet normal 1.938248E-01 -2.694419E-01 -9.433097E-01
    outer loop
      vertex 2.812059E+01 -2.263112E+00 9.903114E-02
      vertex 2.760314E+01 -2.635339E+00 9.903114E-02
      vertex 2.749842E+01 -2.451742E+00 2.507209E-02
    endloop
  endfacet
  facet normal 3.956366E-01 -3.588718E-01 -8.453891E-01
    outer loop
      vertex 2.812059E+01 -2.263112E+00 9.903114E-02
      vertex 2.870188E+01 -1.902916E+00 2.181685E-01
      vertex 2.824687E+01 -2.404547E+00 2.181685E-01
    endloop
  endfacet
  facet normal 3.119228E-01 -4.336141E-01 -8.453892E-01
    outer loop
      vertex 2.812059E+01 -2.263112E+00 9.903114E-02
      vertex 2.824687E+01 -2.404547E+00 2.181685E-01
      vertex 2.769708E+01 -2.800038E+00 2.181685E-01
    endloop
  endfacet
  facet normal 2.458434E-01 -2.229973E-01 -9.433097E-01
    outer loop
      vertex 2.797982E+01 -2.105447E+00 2.507209E-02
      vertex 2.854884E+01 -1.790986E+00 9.903114E-02
      vertex 2.812059E+01 -2.263112E+00 9.903114E-02
    endloop
  endfacet
  facet normal 2.458447E-01 -2.229997E-01 -9.433088E-01
    outer loop
      vertex 2.797982E+01 -2.105447E+00 2.507209E-02
      vertex 2.837824E+01 -1.666213E+00 2.507209E-02
      vertex 2.854884E+01 -1.790986E+00 9.903114E-02
    endloop
  endfacet
  facet normal 1.938247E-01 -2.694416E-01 -9.433097E-01
    outer loop
      vertex 2.797982E+01 -2.105447E+00 2.507209E-02
      vertex 2.812059E+01 -2.263112E+00 9.903114E-02
      vertex 2.749842E+01 -2.451742E+00 2.507209E-02
    endloop
  endfacet
  facet normal 6.574204E-02 -9.139001E-02 -9.936427E-01
    outer loop
      vertex 2.797982E+01 -2.105447E+00 2.507209E-02
      vertex 2.749842E+01 -2.451742E+00 2.507209E-02
      vertex 2.738817E+01 -2.258452E+00 0.000000E+00
    endloop
  endfacet
  facet normal 6.574216E-02 -9.139051E-02 -9.936427E-01
    outer loop
      vertex 2.797982E+01 -2.105447E+00 2.507209E-02
      vertex 2.738817E+01 -2.258452E+00 0.000000E+00
      vertex 2.783162E+01 -1.939458E+00 0.000000E+00
    endloop
  endfacet
  facet normal 8.338631E-02 -7.563733E-02 -9.936426E-01
    outer loop
      vertex 2.797982E+01 -2.105447E+00 2.507209E-02
      vertex 2.783162E+01 -1.939458E+00 0.000000E+00
      vertex 2.819863E+01 -1.534852E+00 0.000000E+00
    endloop
  endfacet
  facet normal 8.338561E-02 -7.563706E-02 -9.936427E-01
    outer loop
      vertex 2.797982E+01 -2.105447E+00 2.507209E-02
      vertex 2.819863E+01 -1.534852E+00 0.000000E+00
      vertex 2.837824E+01 -1.666213E+00 2.507209E-02
    endloop
  endfacet
  facet normal 9.882821E-01 -1.043976E-01 -1.113537E-01
    outer loop
      vertex 2.959603E+01 -7.469364E-01 7.774791E-01
      vertex 2.970000E+01 7.981454E-16 1.000000E+00
      vertex 2.962054E+01 -7.521749E-01 1.000000E+00
    endloop
  endfacet
  facet normal 9.882822E-01 -1.043979E-01 -1.113527E-01
    outer loop
      vertex 2.959603E+01 -7.469364E-01 7.774791E-01
      vertex 2.967493E+01 8.818916E-16 7.774791E-01
      vertex 2.970000E+01 7.981454E-16 1.000000E+00
    endloop
  endfacet
  facet normal 9.392257E-01 -9.921542E-02 -3.286507E-01
    outer loop
      vertex 2.952370E+01 -7.314836E-01 5.661163E-01
      vertex 2.960097E+01 8.728343E-16 5.661163E-01
      vertex 2.967493E+01 8.818916E-16 7.774791E-01
    endloop
  endfacet
  facet normal 9.392262E-01 -9.921587E-02 -3.286495E-01
    outer loop
      vertex 2.952370E+01 -7.314836E-01 5.661163E-01
      vertex 2.967493E+01 8.818916E-16 7.774791E-01
      vertex 2.959603E+01 -7.469364E-01 7.774791E-01
    endloop
  endfacet
  facet normal 9.446578E-01 -3.085818E-01 -1.113502E-01
    outer loop
      vertex 2.936280E+01 -1.460901E+00 7.774791E-01
      vertex 2.962054E+01 -7.521749E-01 1.000000E+00
      vertex 2.938568E+01 -1.471147E+00 1.000000E+00
    endloop
  endfacet
  facet normal 9.446578E-01 -3.085808E-01 -1.113537E-01
    outer loop
      vertex 2.936280E+01 -1.460901E+00 7.774791E-01
      vertex 2.959603E+01 -7.469364E-01 7.774791E-01
      vertex 2.962054E+01 -7.521749E-01 1.000000E+00
    endloop
  endfacet
  facet normal 8.433548E-01 -8.908720E-02 -5.299209E-01
    outer loop
      vertex 2.940719E+01 -7.065913E-01 3.765102E-01
      vertex 2.948183E+01 8.582441E-16 3.765102E-01
      vertex 2.960097E+01 8.728343E-16 5.661163E-01
    endloop
  endfacet
  facet normal 8.433563E-01 -8.908822E-02 -5.299185E-01
    outer loop
      vertex 2.940719E+01 -7.065913E-01 3.765102E-01
      vertex 2.960097E+01 8.728343E-16 5.661163E-01
      vertex 2.952370E+01 -7.314836E-01 5.661163E-01
    endloop
  endfacet
  facet normal 8.977668E-01 -2.932650E-01 -3.286494E-01
    outer loop
      vertex 2.929530E+01 -1.430678E+00 5.661163E-01
      vertex 2.952370E+01 -7.314836E-01 5.661163E-01
      vertex 2.959603E+01 -7.469364E-01 7.774791E-01
    endloop
  endfacet
  facet normal 8.977656E-01 -2.932630E-01 -3.286543E-01
    outer loop
      vertex 2.929530E+01 -1.430678E+00 5.661163E-01
      vertex 2.959603E+01 -7.469364E-01 7.774791E-01
      vertex 2.936280E+01 -1.460901E+00 7.774791E-01
    endloop
  endfacet
  facet normal 8.593338E-01 -4.991455E-01 -1.113516E-01
    outer loop
      vertex 2.898555E+01 -2.110379E+00 7.774791E-01
      vertex 2.938568E+01 -1.471147E+00 1.000000E+00
      vertex 2.900579E+01 -2.125180E+00 1.000000E+00
    endloop
  endfacet
  facet normal 8.593338E-01 -4.991459E-01 -1.113505E-01
    outer loop
      vertex 2.898555E+01 -2.110379E+00 7.774791E-01
      vertex 2.936280E+01 -1.460901E+00 7.774791E-01
      vertex 2.938568E+01 -1.471147E+00 1.000000E+00
    endloop
  endfacet
  facet normal 7.051452E-01 -7.448802E-02 -7.051396E-01
    outer loop
      vertex 2.925234E+01 -6.735078E-01 2.181685E-01
      vertex 2.932349E+01 8.388528E-16 2.181685E-01
      vertex 2.948183E+01 8.582441E-16 3.765102E-01
    endloop
  endfacet
  facet normal 7.051440E-01 -7.448740E-02 -7.051408E-01
    outer loop
      vertex 2.925234E+01 -6.735078E-01 2.181685E-01
      vertex 2.948183E+01 8.582441E-16 3.765102E-01
      vertex 2.940719E+01 -7.065913E-01 3.765102E-01
    endloop
  endfacet
  facet normal 8.061323E-01 -2.633317E-01 -5.299124E-01
    outer loop
      vertex 2.918657E+01 -1.381992E+00 3.765102E-01
      vertex 2.952370E+01 -7.314836E-01 5.661163E-01
      vertex 2.929530E+01 -1.430678E+00 5.661163E-01
    endloop
  endfacet
  facet normal 8.061294E-01 -2.633284E-01 -5.299185E-01
    outer loop
      vertex 2.918657E+01 -1.381992E+00 3.765102E-01
      vertex 2.940719E+01 -7.065913E-01 3.765102E-01
      vertex 2.952370E+01 -7.314836E-01 5.661163E-01
    endloop
  endfacet
  facet normal 3.286115E-02 5.761280E-02 -9.977981E-01
    outer loop
      vertex 2.738817E+01 2.258452E+00 0.000000E+00
      vertex 2.360000E+01 4.419148E+00 0.000000E+00
      vertex 2.373236E+01 4.496029E+00 8.798150E-03
    endloop
  endfacet
  facet normal 9.774176E-02 1.722606E-01 -9.801902E-01
    outer loop
      vertex 2.749842E+01 2.451742E+00 2.507209E-02
      vertex 2.373236E+01 4.496029E+00 8.798150E-03
      vertex 2.386239E+01 4.571558E+00 3.503779E-02
    endloop
  endfacet
  facet normal 5.670499E-02 9.655346E-02 -9.937112E-01
    outer loop
      vertex 2.749842E+01 2.451742E+00 2.507209E-02
      vertex 2.738817E+01 2.258452E+00 0.000000E+00
      vertex 2.373236E+01 4.496029E+00 8.798150E-03
    endloop
  endfacet
  facet normal 2.531191E-01 4.438939E-01 -8.595864E-01
    outer loop
      vertex 2.760314E+01 2.635339E+00 9.903114E-02
      vertex 2.403139E+01 4.669724E+00 9.783620E-02
      vertex 2.418637E+01 4.759746E+00 1.899606E-01
    endloop
  endfacet
  facet normal 1.726086E-01 3.024966E-01 -9.373911E-01
    outer loop
      vertex 2.760314E+01 2.635339E+00 9.903114E-02
      vertex 2.386239E+01 4.571558E+00 3.503779E-02
      vertex 2.403139E+01 4.669724E+00 9.783620E-02
    endloop
  endfacet
  facet normal 1.644132E-01 2.864488E-01 -9.438831E-01
    outer loop
      vertex 2.760314E+01 2.635339E+00 9.903114E-02
      vertex 2.749842E+01 2.451742E+00 2.507209E-02
      vertex 2.386239E+01 4.571558E+00 3.503779E-02
    endloop
  endfacet
  facet normal 3.249669E-01 5.713121E-01 -7.536571E-01
    outer loop
      vertex 2.769708E+01 2.800038E+00 2.181685E-01
      vertex 2.418637E+01 4.759746E+00 1.899606E-01
      vertex 2.432230E+01 4.838696E+00 3.084162E-01
    endloop
  endfacet
  facet normal 2.644910E-01 4.616332E-01 -8.467227E-01
    outer loop
      vertex 2.769708E+01 2.800038E+00 2.181685E-01
      vertex 2.760314E+01 2.635339E+00 9.903114E-02
      vertex 2.418637E+01 4.759746E+00 1.899606E-01
    endloop
  endfacet
  facet normal 3.865060E-01 6.797321E-01 -6.233596E-01
    outer loop
      vertex 2.777553E+01 2.937579E+00 3.765102E-01
      vertex 2.432230E+01 4.838696E+00 3.084162E-01
      vertex 2.443474E+01 4.904007E+00 4.493527E-01
    endloop
  endfacet
  facet normal 3.516703E-01 6.134560E-01 -7.071067E-01
    outer loop
      vertex 2.777553E+01 2.937579E+00 3.765102E-01
      vertex 2.769708E+01 2.800038E+00 2.181685E-01
      vertex 2.432230E+01 4.838696E+00 3.084162E-01
    endloop
  endfacet
  facet normal 4.358326E-01 7.657399E-01 -4.729612E-01
    outer loop
      vertex 2.783456E+01 3.041066E+00 5.661163E-01
      vertex 2.443474E+01 4.904007E+00 4.493527E-01
      vertex 2.452005E+01 4.953558E+00 6.081887E-01
    endloop
  endfacet
  facet normal 4.208646E-01 7.347214E-01 -5.320314E-01
    outer loop
      vertex 2.783456E+01 3.041066E+00 5.661163E-01
      vertex 2.777553E+01 2.937579E+00 3.765102E-01
      vertex 2.443474E+01 4.904007E+00 4.493527E-01
    endloop
  endfacet
  facet normal 4.912037E-01 8.610744E-01 -1.314146E-01
    outer loop
      vertex 2.787120E+01 3.105309E+00 7.774791E-01
      vertex 2.457545E+01 4.985738E+00 7.797610E-01
      vertex 2.459914E+01 4.999499E+00 9.584924E-01
    endloop
  endfacet
  facet normal 4.714363E-01 8.266422E-01 -3.072631E-01
    outer loop
      vertex 2.787120E+01 3.105309E+00 7.774791E-01
      vertex 2.452005E+01 4.953558E+00 6.081887E-01
      vertex 2.457545E+01 4.985738E+00 7.797610E-01
    endloop
  endfacet
  facet normal 4.685813E-01 8.193575E-01 -3.302801E-01
    outer loop
      vertex 2.787120E+01 3.105309E+00 7.774791E-01
      vertex 2.783456E+01 3.041066E+00 5.661163E-01
      vertex 2.452005E+01 4.953558E+00 6.081887E-01
    endloop
  endfacet
  facet normal 4.942012E-01 8.679821E-01 4.870581E-02
    outer loop
      vertex 2.788363E+01 3.127088E+00 1.000000E+00
      vertex 2.459914E+01 4.999499E+00 9.584924E-01
      vertex 2.459035E+01 4.994396E+00 1.138573E+00
    endloop
  endfacet
  facet normal 4.932069E-01 8.626764E-01 -1.119659E-01
    outer loop
      vertex 2.788363E+01 3.127088E+00 1.000000E+00
      vertex 2.787120E+01 3.105309E+00 7.774791E-01
      vertex 2.459914E+01 4.999499E+00 9.584924E-01
    endloop
  endfacet
  facet normal 4.804087E-01 8.444443E-01 2.368993E-01
    outer loop
      vertex 2.787411E+01 3.110397E+00 1.195090E+00
      vertex 2.459035E+01 4.994396E+00 1.138573E+00
      vertex 2.454288E+01 4.966823E+00 1.333129E+00
    endloop
  endfacet
  facet normal 4.939791E-01 8.639309E-01 9.802049E-02
    outer loop
      vertex 2.787411E+01 3.110397E+00 1.195090E+00
      vertex 2.788363E+01 3.127088E+00 1.000000E+00
      vertex 2.459035E+01 4.994396E+00 1.138573E+00
    endloop
  endfacet
  facet normal 4.449402E-01 7.824519E-01 4.356575E-01
    outer loop
      vertex 2.784591E+01 3.060967E+00 1.382683E+00
      vertex 2.454288E+01 4.966823E+00 1.333129E+00
      vertex 2.444592E+01 4.910502E+00 1.533311E+00
    endloop
  endfacet
  facet normal 4.749832E-01 8.307393E-01 2.902811E-01
    outer loop
      vertex 2.784591E+01 3.060967E+00 1.382683E+00
      vertex 2.787411E+01 3.110397E+00 1.195090E+00
      vertex 2.454288E+01 4.966823E+00 1.333129E+00
    endloop
  endfacet
  facet normal 3.866189E-01 6.791813E-01 6.238899E-01
    outer loop
      vertex 2.780013E+01 2.980696E+00 1.555570E+00
      vertex 2.444592E+01 4.910502E+00 1.533311E+00
      vertex 2.430711E+01 4.829873E+00 1.707107E+00
    endloop
  endfacet
  facet normal 4.374537E-01 7.657788E-01 4.713990E-01
    outer loop
      vertex 2.780013E+01 2.980696E+00 1.555570E+00
      vertex 2.784591E+01 3.060967E+00 1.382683E+00
      vertex 2.444592E+01 4.910502E+00 1.533311E+00
    endloop
  endfacet
  facet normal 3.829897E-01 6.714652E-01 6.343922E-01
    outer loop
      vertex 2.773851E+01 2.872670E+00 1.707107E+00
      vertex 2.780013E+01 2.980696E+00 1.555570E+00
      vertex 2.430711E+01 4.829873E+00 1.707107E+00
    endloop
  endfacet
  facet normal 6.632572E-02 0.000000E+00 -9.977980E-01
    outer loop
      vertex 2.360000E+01 -1.160000E+01 0.000000E+00
      vertex 2.360000E+01 -4.419148E+00 0.000000E+00
      vertex 2.373236E+01 -4.496029E+00 8.798150E-03
    endloop
  endfacet
  facet normal 5.849165E-02 1.465684E-04 -9.982879E-01
    outer loop
      vertex 2.371649E+01 -1.171649E+01 6.808463E-03
      vertex 2.360000E+01 -1.160000E+01 0.000000E+00
      vertex 2.373236E+01 -4.496029E+00 8.798150E-03
    endloop
  endfacet
  facet normal 3.480721E-01 -4.660505E-04 -9.374676E-01
    outer loop
      vertex 2.383140E+01 -1.183140E+01 2.714114E-02
      vertex 2.386239E+01 -4.571558E+00 3.503779E-02
      vertex 2.403139E+01 -4.669724E+00 9.783620E-02
    endloop
  endfacet
  facet normal 1.979334E-01 2.213155E-04 -9.802154E-01
    outer loop
      vertex 2.383140E+01 -1.183140E+01 2.714114E-02
      vertex 2.373236E+01 -4.496029E+00 8.798150E-03
      vertex 2.386239E+01 -4.571558E+00 3.503779E-02
    endloop
  endfacet
  facet normal 1.741353E-01 -1.112706E-04 -9.847218E-01
    outer loop
      vertex 2.383140E+01 -1.183140E+01 2.714114E-02
      vertex 2.371649E+01 -1.171649E+01 6.808463E-03
      vertex 2.373236E+01 -4.496029E+00 8.798150E-03
    endloop
  endfacet
  facet normal 5.109893E-01 5.593766E-05 -8.595871E-01
    outer loop
      vertex 2.403562E+01 -1.203562E+01 9.987058E-02
      vertex 2.403139E+01 -4.669724E+00 9.783620E-02
      vertex 2.418637E+01 -4.759746E+00 1.899606E-01
    endloop
  endfacet
  facet normal 3.354299E-01 -6.762659E-05 -9.420652E-01
    outer loop
      vertex 2.403562E+01 -1.203562E+01 9.987058E-02
      vertex 2.383140E+01 -1.183140E+01 2.714114E-02
      vertex 2.403139E+01 -4.669724E+00 9.783620E-02
    endloop
  endfacet
  facet normal 6.571369E-01 3.865965E-04 -7.537712E-01
    outer loop
      vertex 2.421937E+01 -1.221937E+01 2.149032E-01
      vertex 2.418637E+01 -4.759746E+00 1.899606E-01
      vertex 2.432230E+01 -4.838696E+00 3.084162E-01
    endloop
  endfacet
  facet normal 5.302694E-01 -4.891248E-04 -8.478290E-01
    outer loop
      vertex 2.421937E+01 -1.221937E+01 2.149032E-01
      vertex 2.403562E+01 -1.203562E+01 9.987058E-02
      vertex 2.418637E+01 -4.759746E+00 1.899606E-01
    endloop
  endfacet
  facet normal 7.818018E-01 4.546586E-04 -6.235268E-01
    outer loop
      vertex 2.435851E+01 -1.235851E+01 3.483382E-01
      vertex 2.432230E+01 -4.838696E+00 3.084162E-01
      vertex 2.443474E+01 -4.904007E+00 4.493527E-01
    endloop
  endfacet
  facet normal 6.919063E-01 -5.009637E-04 -7.219871E-01
    outer loop
      vertex 2.435851E+01 -1.235851E+01 3.483382E-01
      vertex 2.421937E+01 -1.221937E+01 2.149032E-01
      vertex 2.432230E+01 -4.838696E+00 3.084162E-01
    endloop
  endfacet
  facet normal 8.810031E-01 1.956636E-04 -4.731105E-01
    outer loop
      vertex 2.444461E+01 -1.244461E+01 4.646146E-01
      vertex 2.443474E+01 -4.904007E+00 4.493527E-01
      vertex 2.452005E+01 -4.953558E+00 6.081887E-01
    endloop
  endfacet
  facet normal 8.036059E-01 -1.526750E-04 -5.951619E-01
    outer loop
      vertex 2.444461E+01 -1.244461E+01 4.646146E-01
      vertex 2.435851E+01 -1.235851E+01 3.483382E-01
      vertex 2.443474E+01 -4.904007E+00 4.493527E-01
    endloop
  endfacet
  facet normal 8.811715E-01 1.879528E-04 -4.727967E-01
    outer loop
      vertex 2.451303E+01 -1.251303E+01 5.920984E-01
      vertex 2.444461E+01 -1.244461E+01 4.646146E-01
      vertex 2.452005E+01 -4.953558E+00 6.081887E-01
    endloop
  endfacet
  facet normal 9.516470E-01 4.467129E-04 -3.071934E-01
    outer loop
      vertex 2.456233E+01 -1.256233E+01 7.281208E-01
      vertex 2.452005E+01 -4.953558E+00 6.081887E-01
      vertex 2.457545E+01 -4.985738E+00 7.797610E-01
    endloop
  endfacet
  facet normal 9.401217E-01 -1.476712E-04 -3.408389E-01
    outer loop
      vertex 2.456233E+01 -1.256233E+01 7.281208E-01
      vertex 2.451303E+01 -1.251303E+01 5.920984E-01
      vertex 2.452005E+01 -4.953558E+00 6.081887E-01
    endloop
  endfacet
  facet normal 9.913329E-01 5.356843E-04 -1.313723E-01
    outer loop
      vertex 2.459149E+01 -1.259149E+01 8.698345E-01
      vertex 2.457545E+01 -4.985738E+00 7.797610E-01
      vertex 2.459914E+01 -4.999499E+00 9.584924E-01
    endloop
  endfacet
  facet normal 9.794669E-01 -3.211009E-04 -2.016049E-01
    outer loop
      vertex 2.459149E+01 -1.259149E+01 8.698345E-01
      vertex 2.456233E+01 -1.256233E+01 7.281208E-01
      vertex 2.457545E+01 -4.985738E+00 7.797610E-01
    endloop
  endfacet
  facet normal 9.988127E-01 4.572821E-04 4.871420E-02
    outer loop
      vertex 2.459990E+01 -1.259990E+01 1.014273E+00
      vertex 2.459914E+01 -4.999499E+00 9.584924E-01
      vertex 2.459035E+01 -4.994396E+00 1.138573E+00
    endloop
  endfacet
  facet normal 9.983097E-01 -3.268138E-04 -5.811628E-02
    outer loop
      vertex 2.459990E+01 -1.259990E+01 1.014273E+00
      vertex 2.459149E+01 -1.259149E+01 8.698345E-01
      vertex 2.459914E+01 -4.999499E+00 9.584924E-01
    endloop
  endfacet
  facet normal 9.715109E-01 3.907509E-04 2.369946E-01
    outer loop
      vertex 2.458470E+01 -1.258470E+01 1.174278E+00
      vertex 2.459035E+01 -4.994396E+00 1.138573E+00
      vertex 2.454288E+01 -4.966823E+00 1.333129E+00
    endloop
  endfacet
  facet normal 9.955145E-01 -2.969312E-04 9.460870E-02
    outer loop
      vertex 2.458470E+01 -1.258470E+01 1.174278E+00
      vertex 2.459990E+01 -1.259990E+01 1.014273E+00
      vertex 2.459035E+01 -4.994396E+00 1.138573E+00
    endloop
  endfacet
  facet normal 9.651983E-01 -1.552902E-04 2.615190E-01
    outer loop
      vertex 2.453801E+01 -1.253801E+01 1.346605E+00
      vertex 2.458470E+01 -1.258470E+01 1.174278E+00
      vertex 2.454288E+01 -4.966823E+00 1.333129E+00
    endloop
  endfacet
  facet normal 9.000062E-01 2.125068E-04 4.358770E-01
    outer loop
      vertex 2.445407E+01 -1.245407E+01 1.520152E+00
      vertex 2.454288E+01 -4.966823E+00 1.333129E+00
      vertex 2.444592E+01 -4.910502E+00 1.533311E+00
    endloop
  endfacet
  facet normal 9.002687E-01 1.958484E-04 4.353348E-01
    outer loop
      vertex 2.445407E+01 -1.245407E+01 1.520152E+00
      vertex 2.453801E+01 -1.253801E+01 1.346605E+00
      vertex 2.454288E+01 -4.966823E+00 1.333129E+00
    endloop
  endfacet
  facet normal 7.813599E-01 -0.000000E+00 6.240808E-01
    outer loop
      vertex 2.430711E+01 -1.230711E+01 1.707107E+00
      vertex 2.444592E+01 -4.910502E+00 1.533311E+00
      vertex 2.430711E+01 -4.829873E+00 1.707107E+00
    endloop
  endfacet
  facet normal 7.860802E-01 -2.285379E-04 6.181245E-01
    outer loop
      vertex 2.430711E+01 -1.230711E+01 1.707107E+00
      vertex 2.445407E+01 -1.245407E+01 1.520152E+00
      vertex 2.444592E+01 -4.910502E+00 1.533311E+00
    endloop
  endfacet
  facet normal 0.000000E+00 -5.834605E-02 -9.982964E-01
    outer loop
      vertex -2.360000E+01 -1.160000E+01 0.000000E+00
      vertex 2.360000E+01 -1.160000E+01 0.000000E+00
      vertex 2.371649E+01 -1.171649E+01 6.808463E-03
    endloop
  endfacet
  facet normal 0.000000E+00 -1.742432E-01 -9.847026E-01
    outer loop
      vertex -2.371649E+01 -1.171649E+01 6.808463E-03
      vertex 2.371649E+01 -1.171649E+01 6.808463E-03
      vertex 2.383140E+01 -1.183140E+01 2.714114E-02
    endloop
  endfacet
  facet normal 0.000000E+00 -5.834605E-02 -9.982964E-01
    outer loop
      vertex -2.371649E+01 -1.171649E+01 6.808463E-03
      vertex -2.360000E+01 -1.160000E+01 0.000000E+00
      vertex 2.371649E+01 -1.171649E+01 6.808463E-03
    endloop
  endfacet
  facet normal 0.000000E+00 -3.354871E-01 -9.420448E-01
    outer loop
      vertex -2.383140E+01 -1.183140E+01 2.714114E-02
      vertex 2.383140E+01 -1.183140E+01 2.714114E-02
      vertex 2.403562E+01 -1.203562E+01 9.987058E-02
    endloop
  endfacet
  facet normal 0.000000E+00 -1.742432E-01 -9.847026E-01
    outer loop
      vertex -2.383140E+01 -1.183140E+01 2.714114E-02
      vertex -2.371649E+01 -1.171649E+01 6.808463E-03
      vertex 2.383140E+01 -1.183140E+01 2.714114E-02
    endloop
  endfacet
  facet normal 0.000000E+00 -5.306248E-01 -8.476068E-01
    outer loop
      vertex -2.403562E+01 -1.203562E+01 9.987058E-02
      vertex 2.403562E+01 -1.203562E+01 9.987058E-02
      vertex 2.421937E+01 -1.221937E+01 2.149032E-01
    endloop
  endfacet
  facet normal 0.000000E+00 -3.354871E-01 -9.420448E-01
    outer loop
      vertex -2.403562E+01 -1.203562E+01 9.987058E-02
      vertex -2.383140E+01 -1.183140E+01 2.714114E-02
      vertex 2.403562E+01 -1.203562E+01 9.987058E-02
    endloop
  endfacet
  facet normal 0.000000E+00 -6.921625E-01 -7.217417E-01
    outer loop
      vertex -2.421937E+01 -1.221937E+01 2.149032E-01
      vertex 2.421937E+01 -1.221937E+01 2.149032E-01
      vertex 2.435851E+01 -1.235851E+01 3.483382E-01
    endloop
  endfacet
  facet normal 0.000000E+00 -5.306248E-01 -8.476068E-01
    outer loop
      vertex -2.421937E+01 -1.221937E+01 2.149032E-01
      vertex -2.403562E+01 -1.203562E+01 9.987058E-02
      vertex 2.421937E+01 -1.221937E+01 2.149032E-01
    endloop
  endfacet
  facet normal 0.000000E+00 -8.036662E-01 -5.950804E-01
    outer loop
      vertex -2.435851E+01 -1.235851E+01 3.483382E-01
      vertex 2.435851E+01 -1.235851E+01 3.483382E-01
      vertex 2.444461E+01 -1.244461E+01 4.646146E-01
    endloop
  endfacet
  facet normal 0.000000E+00 -6.921625E-01 -7.217417E-01
    outer loop
      vertex -2.435851E+01 -1.235851E+01 3.483382E-01
      vertex -2.421937E+01 -1.221937E+01 2.149032E-01
      vertex 2.435851E+01 -1.235851E+01 3.483382E-01
    endloop
  endfacet
  facet normal 0.000000E+00 -8.811241E-01 -4.728853E-01
    outer loop
      vertex -2.444461E+01 -1.244461E+01 4.646146E-01
      vertex 2.444461E+01 -1.244461E+01 4.646146E-01
      vertex 2.451303E+01 -1.251303E+01 5.920984E-01
    endloop
  endfacet
  facet normal 0.000000E+00 -8.036662E-01 -5.950804E-01
    outer loop
      vertex -2.444461E+01 -1.244461E+01 4.646146E-01
      vertex -2.435851E+01 -1.235851E+01 3.483382E-01
      vertex 2.444461E+01 -1.244461E+01 4.646146E-01
    endloop
  endfacet
  facet normal 0.000000E+00 -9.401430E-01 -3.407799E-01
    outer loop
      vertex -2.451303E+01 -1.251303E+01 5.920984E-01
      vertex 2.451303E+01 -1.251303E+01 5.920984E-01
      vertex 2.456233E+01 -1.256233E+01 7.281208E-01
    endloop
  endfacet
  facet normal 0.000000E+00 -8.811240E-01 -4.728853E-01
    outer loop
      vertex -2.451303E+01 -1.251303E+01 5.920984E-01
      vertex -2.444461E+01 -1.244461E+01 4.646146E-01
      vertex 2.451303E+01 -1.251303E+01 5.920984E-01
    endloop
  endfacet
  facet normal 0.000000E+00 -9.794774E-01 -2.015542E-01
    outer loop
      vertex -2.456233E+01 -1.256233E+01 7.281208E-01
      vertex 2.456233E+01 -1.256233E+01 7.281208E-01
      vertex 2.459149E+01 -1.259149E+01 8.698345E-01
    endloop
  endfacet
  facet normal 0.000000E+00 -9.401431E-01 -3.407800E-01
    outer loop
      vertex -2.456233E+01 -1.256233E+01 7.281208E-01
      vertex -2.451303E+01 -1.251303E+01 5.920984E-01
      vertex 2.456233E+01 -1.256233E+01 7.281208E-01
    endloop
  endfacet
  facet normal 0.000000E+00 -9.983109E-01 -5.809732E-02
    outer loop
      vertex -2.459149E+01 -1.259149E+01 8.698345E-01
      vertex 2.459149E+01 -1.259149E+01 8.698345E-01
      vertex 2.459990E+01 -1.259990E+01 1.014273E+00
    endloop
  endfacet
  facet normal 0.000000E+00 -9.794774E-01 -2.015542E-01
    outer loop
      vertex -2.459149E+01 -1.259149E+01 8.698345E-01
      vertex -2.456233E+01 -1.256233E+01 7.281208E-01
      vertex 2.459149E+01 -1.259149E+01 8.698345E-01
    endloop
  endfacet
  facet normal 0.000000E+00 -9.955172E-01 9.458074E-02
    outer loop
      vertex -2.459990E+01 -1.259990E+01 1.014273E+00
      vertex 2.459990E+01 -1.259990E+01 1.014273E+00
      vertex 2.458470E+01 -1.258470E+01 1.174278E+00
    endloop
  endfacet
  facet normal 0.000000E+00 -9.983109E-01 -5.809733E-02
    outer loop
      vertex -2.459990E+01 -1.259990E+01 1.014273E+00
      vertex -2.459149E+01 -1.259149E+01 8.698345E-01
      vertex 2.459990E+01 -1.259990E+01 1.014273E+00
    endloop
  endfacet
  facet normal 0.000000E+00 -9.652062E-01 2.614897E-01
    outer loop
      vertex -2.458470E+01 -1.258470E+01 1.174278E+00
      vertex 2.458470E+01 -1.258470E+01 1.174278E+00
      vertex 2.453801E+01 -1.253801E+01 1.346605E+00
    endloop
  endfacet
  facet normal 0.000000E+00 -9.955172E-01 9.458075E-02
    outer loop
      vertex -2.458470E+01 -1.258470E+01 1.174278E+00
      vertex -2.459990E+01 -1.259990E+01 1.014273E+00
      vertex 2.458470E+01 -1.258470E+01 1.174278E+00
    endloop
  endfacet
  facet normal 0.000000E+00 -9.002354E-01 4.354035E-01
    outer loop
      vertex -2.453801E+01 -1.253801E+01 1.346605E+00
      vertex 2.453801E+01 -1.253801E+01 1.346605E+00
      vertex 2.445407E+01 -1.245407E+01 1.520152E+00
    endloop
  endfacet
  facet normal 0.000000E+00 -9.652062E-01 2.614897E-01
    outer loop
      vertex -2.453801E+01 -1.253801E+01 1.346605E+00
      vertex -2.458470E+01 -1.258470E+01 1.174278E+00
      vertex 2.453801E+01 -1.253801E+01 1.346605E+00
    endloop
  endfacet
  facet normal 0.000000E+00 -7.861675E-01 6.180135E-01
    outer loop
      vertex -2.445407E+01 -1.245407E+01 1.520152E+00
      vertex 2.445407E+01 -1.245407E+01 1.520152E+00
      vertex 2.430711E+01 -1.230711E+01 1.707107E+00
    endloop
  endfacet
  facet normal 0.000000E+00 -9.002353E-01 4.354035E-01
    outer loop
      vertex -2.445407E+01 -1.245407E+01 1.520152E+00
      vertex -2.453801E+01 -1.253801E+01 1.346605E+00
      vertex 2.445407E+01 -1.245407E+01 1.520152E+00
    endloop
  endfacet
  facet normal 0.000000E+00 -7.861674E-01 6.180135E-01
    outer loop
      vertex -2.430711E+01 -1.230711E+01 1.707107E+00
      vertex -2.445407E+01 -1.245407E+01 1.520152E+00
      vertex 2.430711E+01 -1.230711E+01 1.707107E+00
    endloop
  endfacet
  facet normal -6.632572E-02 0.000000E+00 -9.977980E-01
    outer loop
      vertex -2.373236E+01 -4.496029E+00 8.798150E-03
      vertex -2.360000E+01 -4.419148E+00 0.000000E+00
      vertex -2.360000E+01 -1.160000E+01 0.000000E+00
    endloop
  endfacet
  facet normal -1.741353E-01 -1.112706E-04 -9.847218E-01
    outer loop
      vertex -2.373236E+01 -4.496029E+00 8.798150E-03
      vertex -2.371649E+01 -1.171649E+01 6.808463E-03
      vertex -2.383140E+01 -1.183140E+01 2.714114E-02
    endloop
  endfacet
  facet normal -5.849164E-02 1.465684E-04 -9.982879E-01
    outer loop
      vertex -2.373236E+01 -4.496029E+00 8.798150E-03
      vertex -2.360000E+01 -1.160000E+01 0.000000E+00
      vertex -2.371649E+01 -1.171649E+01 6.808463E-03
    endloop
  endfacet
  facet normal -1.979334E-01 2.213154E-04 -9.802154E-01
    outer loop
      vertex -2.386239E+01 -4.571558E+00 3.503779E-02
      vertex -2.373236E+01 -4.496029E+00 8.798150E-03
      vertex -2.383140E+01 -1.183140E+01 2.714114E-02
    endloop
  endfacet
  facet normal -3.354299E-01 -6.762657E-05 -9.420651E-01
    outer loop
      vertex -2.403139E+01 -4.669724E+00 9.783620E-02
      vertex -2.383140E+01 -1.183140E+01 2.714114E-02
      vertex -2.403562E+01 -1.203562E+01 9.987058E-02
    endloop
  endfacet
  facet normal -3.480721E-01 -4.660496E-04 -9.374676E-01
    outer loop
      vertex -2.403139E+01 -4.669724E+00 9.783620E-02
      vertex -2.386239E+01 -4.571558E+00 3.503779E-02
      vertex -2.383140E+01 -1.183140E+01 2.714114E-02
    endloop
  endfacet
  facet normal -5.302694E-01 -4.891246E-04 -8.478290E-01
    outer loop
      vertex -2.418637E+01 -4.759746E+00 1.899606E-01
      vertex -2.403562E+01 -1.203562E+01 9.987058E-02
      vertex -2.421937E+01 -1.221937E+01 2.149032E-01
    endloop
  endfacet
  facet normal -5.109893E-01 5.593707E-05 -8.595871E-01
    outer loop
      vertex -2.418637E+01 -4.759746E+00 1.899606E-01
      vertex -2.403139E+01 -4.669724E+00 9.783620E-02
      vertex -2.403562E+01 -1.203562E+01 9.987058E-02
    endloop
  endfacet
  facet normal -6.919063E-01 -5.009634E-04 -7.219871E-01
    outer loop
      vertex -2.432230E+01 -4.838696E+00 3.084162E-01
      vertex -2.421937E+01 -1.221937E+01 2.149032E-01
      vertex -2.435851E+01 -1.235851E+01 3.483382E-01
    endloop
  endfacet
  facet normal -6.571369E-01 3.865965E-04 -7.537711E-01
    outer loop
      vertex -2.432230E+01 -4.838696E+00 3.084162E-01
      vertex -2.418637E+01 -4.759746E+00 1.899606E-01
      vertex -2.421937E+01 -1.221937E+01 2.149032E-01
    endloop
  endfacet
  facet normal -8.036059E-01 -1.526750E-04 -5.951619E-01
    outer loop
      vertex -2.443474E+01 -4.904007E+00 4.493527E-01
      vertex -2.435851E+01 -1.235851E+01 3.483382E-01
      vertex -2.444461E+01 -1.244461E+01 4.646146E-01
    endloop
  endfacet
  facet normal -7.818018E-01 4.546584E-04 -6.235268E-01
    outer loop
      vertex -2.443474E+01 -4.904007E+00 4.493527E-01
      vertex -2.432230E+01 -4.838696E+00 3.084162E-01
      vertex -2.435851E+01 -1.235851E+01 3.483382E-01
    endloop
  endfacet
  facet normal -9.401217E-01 -1.476713E-04 -3.408389E-01
    outer loop
      vertex -2.452005E+01 -4.953558E+00 6.081887E-01
      vertex -2.451303E+01 -1.251303E+01 5.920984E-01
      vertex -2.456233E+01 -1.256233E+01 7.281208E-01
    endloop
  endfacet
  facet normal -8.811715E-01 1.879527E-04 -4.727966E-01
    outer loop
      vertex -2.452005E+01 -4.953558E+00 6.081887E-01
      vertex -2.444461E+01 -1.244461E+01 4.646146E-01
      vertex -2.451303E+01 -1.251303E+01 5.920984E-01
    endloop
  endfacet
  facet normal -8.810031E-01 1.956637E-04 -4.731104E-01
    outer loop
      vertex -2.452005E+01 -4.953558E+00 6.081887E-01
      vertex -2.443474E+01 -4.904007E+00 4.493527E-01
      vertex -2.444461E+01 -1.244461E+01 4.646146E-01
    endloop
  endfacet
  facet normal -9.794669E-01 -3.211008E-04 -2.016049E-01
    outer loop
      vertex -2.457545E+01 -4.985738E+00 7.797610E-01
      vertex -2.456233E+01 -1.256233E+01 7.281208E-01
      vertex -2.459149E+01 -1.259149E+01 8.698345E-01
    endloop
  endfacet
  facet normal -9.516470E-01 4.467130E-04 -3.071934E-01
    outer loop
      vertex -2.457545E+01 -4.985738E+00 7.797610E-01
      vertex -2.452005E+01 -4.953558E+00 6.081887E-01
      vertex -2.456233E+01 -1.256233E+01 7.281208E-01
    endloop
  endfacet
  facet normal -9.983097E-01 -3.268138E-04 -5.811628E-02
    outer loop
      vertex -2.459914E+01 -4.999499E+00 9.584924E-01
      vertex -2.459149E+01 -1.259149E+01 8.698345E-01
      vertex -2.459990E+01 -1.259990E+01 1.014273E+00
    endloop
  endfacet
  facet normal -9.913329E-01 5.356843E-04 -1.313723E-01
    outer loop
      vertex -2.459914E+01 -4.999499E+00 9.584924E-01
      vertex -2.457545E+01 -4.985738E+00 7.797610E-01
      vertex -2.459149E+01 -1.259149E+01 8.698345E-01
    endloop
  endfacet
  facet normal -9.955145E-01 -2.969312E-04 9.460869E-02
    outer loop
      vertex -2.459035E+01 -4.994396E+00 1.138573E+00
      vertex -2.459990E+01 -1.259990E+01 1.014273E+00
      vertex -2.458470E+01 -1.258470E+01 1.174278E+00
    endloop
  endfacet
  facet normal -9.988127E-01 4.572822E-04 4.871419E-02
    outer loop
      vertex -2.459035E+01 -4.994396E+00 1.138573E+00
      vertex -2.459914E+01 -4.999499E+00 9.584924E-01
      vertex -2.459990E+01 -1.259990E+01 1.014273E+00
    endloop
  endfacet
  facet normal -9.002687E-01 1.958486E-04 4.353348E-01
    outer loop
      vertex -2.454288E+01 -4.966823E+00 1.333129E+00
      vertex -2.453801E+01 -1.253801E+01 1.346605E+00
      vertex -2.445407E+01 -1.245407E+01 1.520152E+00
    endloop
  endfacet
  facet normal -9.651983E-01 -1.552901E-04 2.615190E-01
    outer loop
      vertex -2.454288E+01 -4.966823E+00 1.333129E+00
      vertex -2.458470E+01 -1.258470E+01 1.174278E+00
      vertex -2.453801E+01 -1.253801E+01 1.346605E+00
    endloop
  endfacet
  facet normal -9.715109E-01 3.907507E-04 2.369947E-01
    outer loop
      vertex -2.454288E+01 -4.966823E+00 1.333129E+00
      vertex -2.459035E+01 -4.994396E+00 1.138573E+00
      vertex -2.458470E+01 -1.258470E+01 1.174278E+00
    endloop
  endfacet
  facet normal -7.860802E-01 -2.285386E-04 6.181245E-01
    outer loop
      vertex -2.444592E+01 -4.910502E+00 1.533311E+00
      vertex -2.445407E+01 -1.245407E+01 1.520152E+00
      vertex -2.430711E+01 -1.230711E+01 1.707107E+00
    endloop
  endfacet
  facet normal -9.000062E-01 2.125068E-04 4.358770E-01
    outer loop
      vertex -2.444592E+01 -4.910502E+00 1.533311E+00
      vertex -2.454288E+01 -4.966823E+00 1.333129E+00
      vertex -2.445407E+01 -1.245407E+01 1.520152E+00
    endloop
  endfacet
  facet normal -7.813599E-01 0.000000E+00 6.240808E-01
    outer loop
      vertex -2.430711E+01 -4.829873E+00 1.707107E+00
      vertex -2.444592E+01 -4.910502E+00 1.533311E+00
      vertex -2.430711E+01 -1.230711E+01 1.707107E+00
    endloop
  endfacet
  facet normal -3.286114E-02 5.761278E-02 -9.977981E-01
    outer loop
      vertex -2.373236E+01 4.496029E+00 8.798150E-03
      vertex -2.360000E+01 4.419148E+00 0.000000E+00
      vertex -2.738817E+01 2.258452E+00 0.000000E+00
    endloop
  endfacet
  facet normal -5.670501E-02 9.655350E-02 -9.937112E-01
    outer loop
      vertex -2.373236E+01 4.496029E+00 8.798150E-03
      vertex -2.738817E+01 2.258452E+00 0.000000E+00
      vertex -2.749842E+01 2.451742E+00 2.507209E-02
    endloop
  endfacet
  facet normal -1.644133E-01 2.864488E-01 -9.438831E-01
    outer loop
      vertex -2.386239E+01 4.571558E+00 3.503779E-02
      vertex -2.749842E+01 2.451742E+00 2.507209E-02
      vertex -2.760314E+01 2.635339E+00 9.903114E-02
    endloop
  endfacet
  facet normal -9.774169E-02 1.722605E-01 -9.801902E-01
    outer loop
      vertex -2.386239E+01 4.571558E+00 3.503779E-02
      vertex -2.373236E+01 4.496029E+00 8.798150E-03
      vertex -2.749842E+01 2.451742E+00 2.507209E-02
    endloop
  endfacet
  facet normal -1.726087E-01 3.024968E-01 -9.373911E-01
    outer loop
      vertex -2.403139E+01 4.669724E+00 9.783620E-02
      vertex -2.386239E+01 4.571558E+00 3.503779E-02
      vertex -2.760314E+01 2.635339E+00 9.903114E-02
    endloop
  endfacet
  facet normal -2.644910E-01 4.616332E-01 -8.467227E-01
    outer loop
      vertex -2.418637E+01 4.759746E+00 1.899606E-01
      vertex -2.760314E+01 2.635339E+00 9.903114E-02
      vertex -2.769708E+01 2.800038E+00 2.181685E-01
    endloop
  endfacet
  facet normal -2.531191E-01 4.438939E-01 -8.595864E-01
    outer loop
      vertex -2.418637E+01 4.759746E+00 1.899606E-01
      vertex -2.403139E+01 4.669724E+00 9.783620E-02
      vertex -2.760314E+01 2.635339E+00 9.903114E-02
    endloop
  endfacet
  facet normal -3.516703E-01 6.134560E-01 -7.071065E-01
    outer loop
      vertex -2.432230E+01 4.838696E+00 3.084162E-01
      vertex -2.769708E+01 2.800038E+00 2.181685E-01
      vertex -2.777553E+01 2.937579E+00 3.765102E-01
    endloop
  endfacet
  facet normal -3.249668E-01 5.713119E-01 -7.536573E-01
    outer loop
      vertex -2.432230E+01 4.838696E+00 3.084162E-01
      vertex -2.418637E+01 4.759746E+00 1.899606E-01
      vertex -2.769708E+01 2.800038E+00 2.181685E-01
    endloop
  endfacet
  facet normal -4.208647E-01 7.347215E-01 -5.320312E-01
    outer loop
      vertex -2.443474E+01 4.904007E+00 4.493527E-01
      vertex -2.777553E+01 2.937579E+00 3.765102E-01
      vertex -2.783456E+01 3.041066E+00 5.661163E-01
    endloop
  endfacet
  facet normal -3.865060E-01 6.797321E-01 -6.233596E-01
    outer loop
      vertex -2.443474E+01 4.904007E+00 4.493527E-01
      vertex -2.432230E+01 4.838696E+00 3.084162E-01
      vertex -2.777553E+01 2.937579E+00 3.765102E-01
    endloop
  endfacet
  facet normal -4.685813E-01 8.193575E-01 -3.302801E-01
    outer loop
      vertex -2.452005E+01 4.953558E+00 6.081887E-01
      vertex -2.783456E+01 3.041066E+00 5.661163E-01
      vertex -2.787120E+01 3.105309E+00 7.774791E-01
    endloop
  endfacet
  facet normal -4.358326E-01 7.657400E-01 -4.729610E-01
    outer loop
      vertex -2.452005E+01 4.953558E+00 6.081887E-01
      vertex -2.443474E+01 4.904007E+00 4.493527E-01
      vertex -2.783456E+01 3.041066E+00 5.661163E-01
    endloop
  endfacet
  facet normal -4.714362E-01 8.266420E-01 -3.072634E-01
    outer loop
      vertex -2.457545E+01 4.985738E+00 7.797610E-01
      vertex -2.452005E+01 4.953558E+00 6.081887E-01
      vertex -2.787120E+01 3.105309E+00 7.774791E-01
    endloop
  endfacet
  facet normal -4.932069E-01 8.626763E-01 -1.119662E-01
    outer loop
      vertex -2.459914E+01 4.999499E+00 9.584924E-01
      vertex -2.787120E+01 3.105309E+00 7.774791E-01
      vertex -2.788363E+01 3.127088E+00 1.000000E+00
    endloop
  endfacet
  facet normal -4.912037E-01 8.610745E-01 -1.314141E-01
    outer loop
      vertex -2.459914E+01 4.999499E+00 9.584924E-01
      vertex -2.457545E+01 4.985738E+00 7.797610E-01
      vertex -2.787120E+01 3.105309E+00 7.774791E-01
    endloop
  endfacet
  facet normal -4.939791E-01 8.639309E-01 9.802099E-02
    outer loop
      vertex -2.459035E+01 4.994396E+00 1.138573E+00
      vertex -2.788363E+01 3.127088E+00 1.000000E+00
      vertex -2.787411E+01 3.110397E+00 1.195090E+00
    endloop
  endfacet
  facet normal -4.942012E-01 8.679821E-01 4.870645E-02
    outer loop
      vertex -2.459035E+01 4.994396E+00 1.138573E+00
      vertex -2.459914E+01 4.999499E+00 9.584924E-01
      vertex -2.788363E+01 3.127088E+00 1.000000E+00
    endloop
  endfacet
  facet normal -4.749832E-01 8.307393E-01 2.902811E-01
    outer loop
      vertex -2.454288E+01 4.966823E+00 1.333129E+00
      vertex -2.787411E+01 3.110397E+00 1.195090E+00
      vertex -2.784591E+01 3.060967E+00 1.382683E+00
    endloop
  endfacet
  facet normal -4.804086E-01 8.444443E-01 2.368997E-01
    outer loop
      vertex -2.454288E+01 4.966823E+00 1.333129E+00
      vertex -2.459035E+01 4.994396E+00 1.138573E+00
      vertex -2.787411E+01 3.110397E+00 1.195090E+00
    endloop
  endfacet
  facet normal -4.374537E-01 7.657787E-01 4.713992E-01
    outer loop
      vertex -2.444592E+01 4.910502E+00 1.533311E+00
      vertex -2.784591E+01 3.060967E+00 1.382683E+00
      vertex -2.780013E+01 2.980696E+00 1.555570E+00
    endloop
  endfacet
  facet normal -4.449401E-01 7.824517E-01 4.356576E-01
    outer loop
      vertex -2.444592E+01 4.910502E+00 1.533311E+00
      vertex -2.454288E+01 4.966823E+00 1.333129E+00
      vertex -2.784591E+01 3.060967E+00 1.382683E+00
    endloop
  endfacet
  facet normal -3.829898E-01 6.714653E-01 6.343920E-01
    outer loop
      vertex -2.430711E+01 4.829873E+00 1.707107E+00
      vertex -2.780013E+01 2.980696E+00 1.555570E+00
      vertex -2.773851E+01 2.872670E+00 1.707107E+00
    endloop
  endfacet
  facet normal -3.866190E-01 6.791815E-01 6.238896E-01
    outer loop
      vertex -2.430711E+01 4.829873E+00 1.707107E+00
      vertex -2.444592E+01 4.910502E+00 1.533311E+00
      vertex -2.780013E+01 2.980696E+00 1.555570E+00
    endloop
  endfacet
  facet normal -8.166773E-01 -4.743684E-01 -3.286529E-01
    outer loop
      vertex -2.929530E+01 -1.430678E+00 5.661163E-01
      vertex -2.892585E+01 -2.066720E+00 5.661163E-01
      vertex -2.898555E+01 -2.110379E+00 7.774791E-01
    endloop
  endfacet
  facet normal -8.166769E-01 -4.743685E-01 -3.286539E-01
    outer loop
      vertex -2.929530E+01 -1.430678E+00 5.661163E-01
      vertex -2.898555E+01 -2.110379E+00 7.774791E-01
      vertex -2.936280E+01 -1.460901E+00 7.774791E-01
    endloop
  endfacet
  facet normal -3.119234E-01 -4.336145E-01 -8.453888E-01
    outer loop
      vertex -2.812059E+01 -2.263112E+00 9.903114E-02
      vertex -2.760314E+01 -2.635339E+00 9.903114E-02
      vertex -2.769708E+01 -2.800038E+00 2.181685E-01
    endloop
  endfacet
  facet normal -3.119228E-01 -4.336141E-01 -8.453892E-01
    outer loop
      vertex -2.812059E+01 -2.263112E+00 9.903114E-02
      vertex -2.769708E+01 -2.800038E+00 2.181685E-01
      vertex -2.824687E+01 -2.404547E+00 2.181685E-01
    endloop
  endfacet
  facet normal -9.446574E-01 -3.085817E-01 -1.113537E-01
    outer loop
      vertex -2.959603E+01 -7.469364E-01 7.774791E-01
      vertex -2.938568E+01 -1.471147E+00 1.000000E+00
      vertex -2.962054E+01 -7.521749E-01 1.000000E+00
    endloop
  endfacet
  facet normal -9.882821E-01 -1.043976E-01 -1.113537E-01
    outer loop
      vertex -2.959603E+01 -7.469364E-01 7.774791E-01
      vertex -2.962054E+01 -7.521749E-01 1.000000E+00
      vertex -2.970000E+01 -7.981454E-16 1.000000E+00
    endloop
  endfacet
  facet normal -9.882822E-01 -1.043979E-01 -1.113527E-01
    outer loop
      vertex -2.959603E+01 -7.469364E-01 7.774791E-01
      vertex -2.970000E+01 -7.981454E-16 1.000000E+00
      vertex -2.967493E+01 -8.818916E-16 7.774791E-01
    endloop
  endfacet
  facet normal -9.446582E-01 -3.085809E-01 -1.113503E-01
    outer loop
      vertex -2.959603E+01 -7.469364E-01 7.774791E-01
      vertex -2.936280E+01 -1.460901E+00 7.774791E-01
      vertex -2.938568E+01 -1.471147E+00 1.000000E+00
    endloop
  endfacet
  facet normal -5.251935E-01 -4.763887E-01 -7.051423E-01
    outer loop
      vertex -2.870188E+01 -1.902916E+00 2.181685E-01
      vertex -2.835232E+01 -2.522662E+00 3.765102E-01
      vertex -2.882969E+01 -1.996389E+00 3.765102E-01
    endloop
  endfacet
  facet normal -5.251923E-01 -4.763883E-01 -7.051434E-01
    outer loop
      vertex -2.870188E+01 -1.902916E+00 2.181685E-01
      vertex -2.824687E+01 -2.404547E+00 2.181685E-01
      vertex -2.835232E+01 -2.522662E+00 3.765102E-01
    endloop
  endfacet
  facet normal -7.333185E-01 -4.259503E-01 -5.299153E-01
    outer loop
      vertex -2.918657E+01 -1.381992E+00 3.765102E-01
      vertex -2.882969E+01 -1.996389E+00 3.765102E-01
      vertex -2.892585E+01 -2.066720E+00 5.661163E-01
    endloop
  endfacet
  facet normal -7.333204E-01 -4.259504E-01 -5.299128E-01
    outer loop
      vertex -2.918657E+01 -1.381992E+00 3.765102E-01
      vertex -2.892585E+01 -2.066720E+00 5.661163E-01
      vertex -2.929530E+01 -1.430678E+00 5.661163E-01
    endloop
  endfacet
  facet normal -6.574216E-02 -9.139051E-02 -9.936427E-01
    outer loop
      vertex -2.797982E+01 -2.105447E+00 2.507209E-02
      vertex -2.783162E+01 -1.939458E+00 0.000000E+00
      vertex -2.738817E+01 -2.258452E+00 0.000000E+00
    endloop
  endfacet
  facet normal -1.938249E-01 -2.694418E-01 -9.433095E-01
    outer loop
      vertex -2.797982E+01 -2.105447E+00 2.507209E-02
      vertex -2.749842E+01 -2.451742E+00 2.507209E-02
      vertex -2.760314E+01 -2.635339E+00 9.903114E-02
    endloop
  endfacet
  facet normal -6.574204E-02 -9.139001E-02 -9.936427E-01
    outer loop
      vertex -2.797982E+01 -2.105447E+00 2.507209E-02
      vertex -2.738817E+01 -2.258452E+00 0.000000E+00
      vertex -2.749842E+01 -2.451742E+00 2.507209E-02
    endloop
  endfacet
  facet normal -1.938247E-01 -2.694417E-01 -9.433097E-01
    outer loop
      vertex -2.797982E+01 -2.105447E+00 2.507209E-02
      vertex -2.760314E+01 -2.635339E+00 9.903114E-02
      vertex -2.812059E+01 -2.263112E+00 9.903114E-02
    endloop
  endfacet
  facet normal -9.392257E-01 -9.921542E-02 -3.286507E-01
    outer loop
      vertex -2.952370E+01 -7.314836E-01 5.661163E-01
      vertex -2.967493E+01 -8.818916E-16 7.774791E-01
      vertex -2.960097E+01 -8.728343E-16 5.661163E-01
    endloop
  endfacet
  facet normal -9.392262E-01 -9.921587E-02 -3.286495E-01
    outer loop
      vertex -2.952370E+01 -7.314836E-01 5.661163E-01
      vertex -2.959603E+01 -7.469364E-01 7.774791E-01
      vertex -2.967493E+01 -8.818916E-16 7.774791E-01
    endloop
  endfacet
  facet normal -8.977651E-01 -2.932645E-01 -3.286543E-01
    outer loop
      vertex -2.952370E+01 -7.314836E-01 5.661163E-01
      vertex -2.929530E+01 -1.430678E+00 5.661163E-01
      vertex -2.936280E+01 -1.460901E+00 7.774791E-01
    endloop
  endfacet
  facet normal -8.977672E-01 -2.932635E-01 -3.286494E-01
    outer loop
      vertex -2.952370E+01 -7.314836E-01 5.661163E-01
      vertex -2.936280E+01 -1.460901E+00 7.774791E-01
      vertex -2.959603E+01 -7.469364E-01 7.774791E-01
    endloop
  endfacet
  facet normal -3.956375E-01 -3.588710E-01 -8.453890E-01
    outer loop
      vertex -2.854884E+01 -1.790986E+00 9.903114E-02
      vertex -2.812059E+01 -2.263112E+00 9.903114E-02
      vertex -2.824687E+01 -2.404547E+00 2.181685E-01
    endloop
  endfacet
  facet normal -3.956347E-01 -3.588700E-01 -8.453908E-01
    outer loop
      vertex -2.854884E+01 -1.790986E+00 9.903114E-02
      vertex -2.824687E+01 -2.404547E+00 2.181685E-01
      vertex -2.870188E+01 -1.902916E+00 2.181685E-01
    endloop
  endfacet
  facet normal -6.131374E-01 -3.561418E-01 -7.051423E-01
    outer loop
      vertex -2.904205E+01 -1.317286E+00 2.181685E-01
      vertex -2.870188E+01 -1.902916E+00 2.181685E-01
      vertex -2.882969E+01 -1.996389E+00 3.765102E-01
    endloop
  endfacet
  facet normal -6.131352E-01 -3.561416E-01 -7.051441E-01
    outer loop
      vertex -2.904205E+01 -1.317286E+00 2.181685E-01
      vertex -2.882969E+01 -1.996389E+00 3.765102E-01
      vertex -2.918657E+01 -1.381992E+00 3.765102E-01
    endloop
  endfacet
  facet normal -8.433548E-01 -8.908720E-02 -5.299209E-01
    outer loop
      vertex -2.940719E+01 -7.065913E-01 3.765102E-01
      vertex -2.960097E+01 -8.728343E-16 5.661163E-01
      vertex -2.948183E+01 -8.582441E-16 3.765102E-01
    endloop
  endfacet
  facet normal -8.433563E-01 -8.908822E-02 -5.299185E-01
    outer loop
      vertex -2.940719E+01 -7.065913E-01 3.765102E-01
      vertex -2.952370E+01 -7.314836E-01 5.661163E-01
      vertex -2.960097E+01 -8.728343E-16 5.661163E-01
    endloop
  endfacet
  facet normal -8.061330E-01 -2.633296E-01 -5.299123E-01
    outer loop
      vertex -2.940719E+01 -7.065913E-01 3.765102E-01
      vertex -2.918657E+01 -1.381992E+00 3.765102E-01
      vertex -2.929530E+01 -1.430678E+00 5.661163E-01
    endloop
  endfacet
  facet normal -8.061287E-01 -2.633305E-01 -5.299183E-01
    outer loop
      vertex -2.940719E+01 -7.065913E-01 3.765102E-01
      vertex -2.929530E+01 -1.430678E+00 5.661163E-01
      vertex -2.952370E+01 -7.314836E-01 5.661163E-01
    endloop
  endfacet
  facet normal -8.338577E-02 -7.563685E-02 -9.936427E-01
    outer loop
      vertex -2.837824E+01 -1.666213E+00 2.507209E-02
      vertex -2.819863E+01 -1.534852E+00 0.000000E+00
      vertex -2.783162E+01 -1.939458E+00 0.000000E+00
    endloop
  endfacet
  facet normal -8.338611E-02 -7.563752E-02 -9.936427E-01
    outer loop
      vertex -2.837824E+01 -1.666213E+00 2.507209E-02
      vertex -2.783162E+01 -1.939458E+00 0.000000E+00
      vertex -2.797982E+01 -2.105447E+00 2.507209E-02
    endloop
  endfacet
  facet normal -2.458453E-01 -2.229989E-01 -9.433088E-01
    outer loop
      vertex -2.837824E+01 -1.666213E+00 2.507209E-02
      vertex -2.812059E+01 -2.263112E+00 9.903114E-02
      vertex -2.854884E+01 -1.790986E+00 9.903114E-02
    endloop
  endfacet
  facet normal -2.458427E-01 -2.229979E-01 -9.433098E-01
    outer loop
      vertex -2.837824E+01 -1.666213E+00 2.507209E-02
      vertex -2.797982E+01 -2.105447E+00 2.507209E-02
      vertex -2.812059E+01 -2.263112E+00 9.903114E-02
    endloop
  endfacet
  facet normal -4.618838E-01 -2.682863E-01 -8.453909E-01
    outer loop
      vertex -2.886900E+01 -1.239803E+00 9.903114E-02
      vertex -2.854884E+01 -1.790986E+00 9.903114E-02
      vertex -2.870188E+01 -1.902916E+00 2.181685E-01
    endloop
  endfacet
  facet normal -4.618846E-01 -2.682864E-01 -8.453904E-01
    outer loop
      vertex -2.886900E+01 -1.239803E+00 9.903114E-02
      vertex -2.870188E+01 -1.902916E+00 2.181685E-01
      vertex -2.904205E+01 -1.317286E+00 2.181685E-01
    endloop
  endfacet
  facet normal -7.051452E-01 -7.448802E-02 -7.051396E-01
    outer loop
      vertex -2.925234E+01 -6.735078E-01 2.181685E-01
      vertex -2.948183E+01 -8.582441E-16 3.765102E-01
      vertex -2.932349E+01 -8.388528E-16 2.181685E-01
    endloop
  endfacet
  facet normal -7.051440E-01 -7.448740E-02 -7.051408E-01
    outer loop
      vertex -2.925234E+01 -6.735078E-01 2.181685E-01
      vertex -2.940719E+01 -7.065913E-01 3.765102E-01
      vertex -2.948183E+01 -8.582441E-16 3.765102E-01
    endloop
  endfacet
  facet normal -6.740140E-01 -2.201736E-01 -7.051445E-01
    outer loop
      vertex -2.925234E+01 -6.735078E-01 2.181685E-01
      vertex -2.904205E+01 -1.317286E+00 2.181685E-01
      vertex -2.918657E+01 -1.381992E+00 3.765102E-01
    endloop
  endfacet
  facet normal -6.740178E-01 -2.201731E-01 -7.051408E-01
    outer loop
      vertex -2.925234E+01 -6.735078E-01 2.181685E-01
      vertex -2.918657E+01 -1.381992E+00 3.765102E-01
      vertex -2.940719E+01 -7.065913E-01 3.765102E-01
    endloop
  endfacet
  facet normal -2.870120E-01 -1.667115E-01 -9.433087E-01
    outer loop
      vertex -2.867609E+01 -1.153429E+00 2.507209E-02
      vertex -2.837824E+01 -1.666213E+00 2.507209E-02
      vertex -2.854884E+01 -1.790986E+00 9.903114E-02
    endloop
  endfacet
  facet normal -1.070137E-01 -3.495744E-02 -9.936428E-01
    outer loop
      vertex -2.867609E+01 -1.153429E+00 2.507209E-02
      vertex -2.864262E+01 -5.432374E-01 0.000000E+00
      vertex -2.847299E+01 -1.062495E+00 0.000000E+00
    endloop
  endfacet
  facet normal -9.734823E-02 -5.654464E-02 -9.936429E-01
    outer loop
      vertex -2.867609E+01 -1.153429E+00 2.507209E-02
      vertex -2.847299E+01 -1.062495E+00 0.000000E+00
      vertex -2.819863E+01 -1.534852E+00 0.000000E+00
    endloop
  endfacet
  facet normal -9.734864E-02 -5.654517E-02 -9.936427E-01
    outer loop
      vertex -2.867609E+01 -1.153429E+00 2.507209E-02
      vertex -2.819863E+01 -1.534852E+00 0.000000E+00
      vertex -2.837824E+01 -1.666213E+00 2.507209E-02
    endloop
  endfacet
  facet normal -2.870120E-01 -1.667115E-01 -9.433088E-01
    outer loop
      vertex -2.867609E+01 -1.153429E+00 2.507209E-02
      vertex -2.854884E+01 -1.790986E+00 9.903114E-02
      vertex -2.886900E+01 -1.239803E+00 9.903114E-02
    endloop
  endfacet
  facet normal -5.077451E-01 -1.658606E-01 -8.453904E-01
    outer loop
      vertex -2.906692E+01 -6.338920E-01 9.903114E-02
      vertex -2.886900E+01 -1.239803E+00 9.903114E-02
      vertex -2.904205E+01 -1.317286E+00 2.181685E-01
    endloop
  endfacet
  facet normal -5.311945E-01 -5.611282E-02 -8.453897E-01
    outer loop
      vertex -2.906692E+01 -6.338920E-01 9.903114E-02
      vertex -2.932349E+01 -8.388528E-16 2.181685E-01
      vertex -2.913388E+01 -8.156328E-16 9.903114E-02
    endloop
  endfacet
  facet normal -5.311943E-01 -5.611272E-02 -8.453897E-01
    outer loop
      vertex -2.906692E+01 -6.338920E-01 9.903114E-02
      vertex -2.925234E+01 -6.735078E-01 2.181685E-01
      vertex -2.932349E+01 -8.388528E-16 2.181685E-01
    endloop
  endfacet
  facet normal -5.077463E-01 -1.658605E-01 -8.453898E-01
    outer loop
      vertex -2.906692E+01 -6.338920E-01 9.903114E-02
      vertex -2.904205E+01 -1.317286E+00 2.181685E-01
      vertex -2.925234E+01 -6.735078E-01 2.181685E-01
    endloop
  endfacet
  facet normal -3.300787E-01 -3.486791E-02 -9.433092E-01
    outer loop
      vertex -2.886023E+01 -5.897304E-01 2.507209E-02
      vertex -2.906692E+01 -6.338920E-01 9.903114E-02
      vertex -2.913388E+01 -8.156328E-16 9.903114E-02
    endloop
  endfacet
  facet normal -3.155099E-01 -1.030642E-01 -9.433087E-01
    outer loop
      vertex -2.886023E+01 -5.897304E-01 2.507209E-02
      vertex -2.867609E+01 -1.153429E+00 2.507209E-02
      vertex -2.886900E+01 -1.239803E+00 9.903114E-02
    endloop
  endfacet
  facet normal -3.300782E-01 -3.486767E-02 -9.433094E-01
    outer loop
      vertex -2.886023E+01 -5.897304E-01 2.507209E-02
      vertex -2.913388E+01 -8.156328E-16 9.903114E-02
      vertex -2.892252E+01 -7.897483E-16 2.507209E-02
    endloop
  endfacet
  facet normal -1.119567E-01 -1.182646E-02 -9.936427E-01
    outer loop
      vertex -2.870000E+01 -7.624974E-16 0.000000E+00
      vertex -2.864262E+01 -5.432374E-01 0.000000E+00
      vertex -2.892252E+01 -7.897483E-16 2.507209E-02
    endloop
  endfacet
  facet normal -1.119568E-01 -1.182651E-02 -9.936427E-01
    outer loop
      vertex -2.886023E+01 -5.897304E-01 2.507209E-02
      vertex -2.892252E+01 -7.897483E-16 2.507209E-02
      vertex -2.864262E+01 -5.432374E-01 0.000000E+00
    endloop
  endfacet
  facet normal -5.803292E-01 -8.067330E-01 -1.113547E-01
    outer loop
      vertex -2.848093E+01 -2.666701E+00 7.774791E-01
      vertex -2.788363E+01 -3.127088E+00 1.000000E+00
      vertex -2.849763E+01 -2.685404E+00 1.000000E+00
    endloop
  endfacet
  facet normal -3.155083E-01 -1.030643E-01 -9.433092E-01
    outer loop
      vertex -2.886023E+01 -5.897304E-01 2.507209E-02
      vertex -2.886900E+01 -1.239803E+00 9.903114E-02
      vertex -2.906692E+01 -6.338920E-01 9.903114E-02
    endloop
  endfacet
  facet normal -1.070148E-01 -3.495737E-02 -9.936427E-01
    outer loop
      vertex -2.886023E+01 -5.897304E-01 2.507209E-02
      vertex -2.864262E+01 -5.432374E-01 0.000000E+00
      vertex -2.867609E+01 -1.153429E+00 2.507209E-02
    endloop
  endfacet
  facet normal -5.803294E-01 -8.067330E-01 -1.113543E-01
    outer loop
      vertex -2.848093E+01 -2.666701E+00 7.774791E-01
      vertex -2.787120E+01 -3.105309E+00 7.774791E-01
      vertex -2.788363E+01 -3.127088E+00 1.000000E+00
    endloop
  endfacet
  facet normal -5.515226E-01 -7.666886E-01 -3.286510E-01
    outer loop
      vertex -2.843167E+01 -2.611532E+00 5.661163E-01
      vertex -2.783456E+01 -3.041066E+00 5.661163E-01
      vertex -2.787120E+01 -3.105309E+00 7.774791E-01
    endloop
  endfacet
  facet normal -5.515233E-01 -7.666887E-01 -3.286494E-01
    outer loop
      vertex -2.843167E+01 -2.611532E+00 5.661163E-01
      vertex -2.787120E+01 -3.105309E+00 7.774791E-01
      vertex -2.848093E+01 -2.666701E+00 7.774791E-01
    endloop
  endfacet
  facet normal -7.360772E-01 -6.676758E-01 -1.113518E-01
    outer loop
      vertex -2.898555E+01 -2.110379E+00 7.774791E-01
      vertex -2.849763E+01 -2.685404E+00 1.000000E+00
      vertex -2.900579E+01 -2.125180E+00 1.000000E+00
    endloop
  endfacet
  facet normal -7.360764E-01 -6.676763E-01 -1.113551E-01
    outer loop
      vertex -2.898555E+01 -2.110379E+00 7.774791E-01
      vertex -2.848093E+01 -2.666701E+00 7.774791E-01
      vertex -2.849763E+01 -2.685404E+00 1.000000E+00
    endloop
  endfacet
  facet normal -4.952275E-01 -6.884317E-01 -5.299165E-01
    outer loop
      vertex -2.835232E+01 -2.522662E+00 3.765102E-01
      vertex -2.777553E+01 -2.937579E+00 3.765102E-01
      vertex -2.783456E+01 -3.041066E+00 5.661163E-01
    endloop
  endfacet
  facet normal -4.140658E-01 -5.756063E-01 -7.051433E-01
    outer loop
      vertex -2.835232E+01 -2.522662E+00 3.765102E-01
      vertex -2.769708E+01 -2.800038E+00 2.181685E-01
      vertex -2.777553E+01 -2.937579E+00 3.765102E-01
    endloop
  endfacet
  facet normal -4.952281E-01 -6.884320E-01 -5.299156E-01
    outer loop
      vertex -2.835232E+01 -2.522662E+00 3.765102E-01
      vertex -2.783456E+01 -3.041066E+00 5.661163E-01
      vertex -2.843167E+01 -2.611532E+00 5.661163E-01
    endloop
  endfacet
  facet normal -6.995401E-01 -6.345340E-01 -3.286495E-01
    outer loop
      vertex -2.892585E+01 -2.066720E+00 5.661163E-01
      vertex -2.843167E+01 -2.611532E+00 5.661163E-01
      vertex -2.848093E+01 -2.666701E+00 7.774791E-01
    endloop
  endfacet
  facet normal -6.995387E-01 -6.345339E-01 -3.286522E-01
    outer loop
      vertex -2.892585E+01 -2.066720E+00 5.661163E-01
      vertex -2.848093E+01 -2.666701E+00 7.774791E-01
      vertex -2.898555E+01 -2.110379E+00 7.774791E-01
    endloop
  endfacet
  facet normal -8.593339E-01 -4.991456E-01 -1.113505E-01
    outer loop
      vertex -2.936280E+01 -1.460901E+00 7.774791E-01
      vertex -2.900579E+01 -2.125180E+00 1.000000E+00
      vertex -2.938568E+01 -1.471147E+00 1.000000E+00
    endloop
  endfacet
  facet normal -8.593336E-01 -4.991458E-01 -1.113515E-01
    outer loop
      vertex -2.936280E+01 -1.460901E+00 7.774791E-01
      vertex -2.898555E+01 -2.110379E+00 7.774791E-01
      vertex -2.900579E+01 -2.125180E+00 1.000000E+00
    endloop
  endfacet
  facet normal -4.140658E-01 -5.756063E-01 -7.051432E-01
    outer loop
      vertex -2.824687E+01 -2.404547E+00 2.181685E-01
      vertex -2.769708E+01 -2.800038E+00 2.181685E-01
      vertex -2.835232E+01 -2.522662E+00 3.765102E-01
    endloop
  endfacet
  facet normal -6.281370E-01 -5.697662E-01 -5.299156E-01
    outer loop
      vertex -2.882969E+01 -1.996389E+00 3.765102E-01
      vertex -2.843167E+01 -2.611532E+00 5.661163E-01
      vertex -2.892585E+01 -2.066720E+00 5.661163E-01
    endloop
  endfacet
  facet normal -6.281372E-01 -5.697662E-01 -5.299152E-01
    outer loop
      vertex -2.882969E+01 -1.996389E+00 3.765102E-01
      vertex -2.835232E+01 -2.522662E+00 3.765102E-01
      vertex -2.843167E+01 -2.611532E+00 5.661163E-01
    endloop
  endfacet
  facet normal -3.286115E-02 -5.761280E-02 -9.977981E-01
    outer loop
      vertex -2.738817E+01 -2.258452E+00 0.000000E+00
      vertex -2.360000E+01 -4.419148E+00 0.000000E+00
      vertex -2.373236E+01 -4.496029E+00 8.798150E-03
    endloop
  endfacet
  facet normal -9.774176E-02 -1.722606E-01 -9.801902E-01
    outer loop
      vertex -2.749842E+01 -2.451742E+00 2.507209E-02
      vertex -2.373236E+01 -4.496029E+00 8.798150E-03
      vertex -2.386239E+01 -4.571558E+00 3.503779E-02
    endloop
  endfacet
  facet normal -5.670499E-02 -9.655346E-02 -9.937112E-01
    outer loop
      vertex -2.749842E+01 -2.451742E+00 2.507209E-02
      vertex -2.738817E+01 -2.258452E+00 0.000000E+00
      vertex -2.373236E+01 -4.496029E+00 8.798150E-03
    endloop
  endfacet
  facet normal -2.531191E-01 -4.438939E-01 -8.595864E-01
    outer loop
      vertex -2.760314E+01 -2.635339E+00 9.903114E-02
      vertex -2.403139E+01 -4.669724E+00 9.783620E-02
      vertex -2.418637E+01 -4.759746E+00 1.899606E-01
    endloop
  endfacet
  facet normal -1.726086E-01 -3.024966E-01 -9.373911E-01
    outer loop
      vertex -2.760314E+01 -2.635339E+00 9.903114E-02
      vertex -2.386239E+01 -4.571558E+00 3.503779E-02
      vertex -2.403139E+01 -4.669724E+00 9.783620E-02
    endloop
  endfacet
  facet normal -1.644132E-01 -2.864488E-01 -9.438831E-01
    outer loop
      vertex -2.760314E+01 -2.635339E+00 9.903114E-02
      vertex -2.749842E+01 -2.451742E+00 2.507209E-02
      vertex -2.386239E+01 -4.571558E+00 3.503779E-02
    endloop
  endfacet
  facet normal -3.249669E-01 -5.713121E-01 -7.536571E-01
    outer loop
      vertex -2.769708E+01 -2.800038E+00 2.181685E-01
      vertex -2.418637E+01 -4.759746E+00 1.899606E-01
      vertex -2.432230E+01 -4.838696E+00 3.084162E-01
    endloop
  endfacet
  facet normal -2.644910E-01 -4.616332E-01 -8.467227E-01
    outer loop
      vertex -2.769708E+01 -2.800038E+00 2.181685E-01
      vertex -2.760314E+01 -2.635339E+00 9.903114E-02
      vertex -2.418637E+01 -4.759746E+00 1.899606E-01
    endloop
  endfacet
  facet normal -3.865060E-01 -6.797321E-01 -6.233596E-01
    outer loop
      vertex -2.777553E+01 -2.937579E+00 3.765102E-01
      vertex -2.432230E+01 -4.838696E+00 3.084162E-01
      vertex -2.443474E+01 -4.904007E+00 4.493527E-01
    endloop
  endfacet
  facet normal -3.516703E-01 -6.134560E-01 -7.071067E-01
    outer loop
      vertex -2.777553E+01 -2.937579E+00 3.765102E-01
      vertex -2.769708E+01 -2.800038E+00 2.181685E-01
      vertex -2.432230E+01 -4.838696E+00 3.084162E-01
    endloop
  endfacet
  facet normal -4.358326E-01 -7.657399E-01 -4.729612E-01
    outer loop
      vertex -2.783456E+01 -3.041066E+00 5.661163E-01
      vertex -2.443474E+01 -4.904007E+00 4.493527E-01
      vertex -2.452005E+01 -4.953558E+00 6.081887E-01
    endloop
  endfacet
  facet normal -4.208646E-01 -7.347214E-01 -5.320314E-01
    outer loop
      vertex -2.783456E+01 -3.041066E+00 5.661163E-01
      vertex -2.777553E+01 -2.937579E+00 3.765102E-01
      vertex -2.443474E+01 -4.904007E+00 4.493527E-01
    endloop
  endfacet
  facet normal -4.912037E-01 -8.610744E-01 -1.314146E-01
    outer loop
      vertex -2.787120E+01 -3.105309E+00 7.774791E-01
      vertex -2.457545E+01 -4.985738E+00 7.797610E-01
      vertex -2.459914E+01 -4.999499E+00 9.584924E-01
    endloop
  endfacet
  facet normal -4.714363E-01 -8.266422E-01 -3.072631E-01
    outer loop
      vertex -2.787120E+01 -3.105309E+00 7.774791E-01
      vertex -2.452005E+01 -4.953558E+00 6.081887E-01
      vertex -2.457545E+01 -4.985738E+00 7.797610E-01
    endloop
  endfacet
  facet normal -4.685813E-01 -8.193575E-01 -3.302801E-01
    outer loop
      vertex -2.787120E+01 -3.105309E+00 7.774791E-01
      vertex -2.783456E+01 -3.041066E+00 5.661163E-01
      vertex -2.452005E+01 -4.953558E+00 6.081887E-01
    endloop
  endfacet
  facet normal -4.942012E-01 -8.679821E-01 4.870581E-02
    outer loop
      vertex -2.788363E+01 -3.127088E+00 1.000000E+00
      vertex -2.459914E+01 -4.999499E+00 9.584924E-01
      vertex -2.459035E+01 -4.994396E+00 1.138573E+00
    endloop
  endfacet
  facet normal -4.932069E-01 -8.626764E-01 -1.119659E-01
    outer loop
      vertex -2.788363E+01 -3.127088E+00 1.000000E+00
      vertex -2.787120E+01 -3.105309E+00 7.774791E-01
      vertex -2.459914E+01 -4.999499E+00 9.584924E-01
    endloop
  endfacet
  facet normal -4.804087E-01 -8.444443E-01 2.368993E-01
    outer loop
      vertex -2.787411E+01 -3.110397E+00 1.195090E+00
      vertex -2.459035E+01 -4.994396E+00 1.138573E+00
      vertex -2.454288E+01 -4.966823E+00 1.333129E+00
    endloop
  endfacet
  facet normal -4.939791E-01 -8.639309E-01 9.802049E-02
    outer loop
      vertex -2.787411E+01 -3.110397E+00 1.195090E+00
      vertex -2.788363E+01 -3.127088E+00 1.000000E+00
      vertex -2.459035E+01 -4.994396E+00 1.138573E+00
    endloop
  endfacet
  facet normal -4.449402E-01 -7.824519E-01 4.356575E-01
    outer loop
      vertex -2.784591E+01 -3.060967E+00 1.382683E+00
      vertex -2.454288E+01 -4.966823E+00 1.333129E+00
      vertex -2.444592E+01 -4.910502E+00 1.533311E+00
    endloop
  endfacet
  facet normal -4.749832E-01 -8.307393E-01 2.902811E-01
    outer loop
      vertex -2.784591E+01 -3.060967E+00 1.382683E+00
      vertex -2.787411E+01 -3.110397E+00 1.195090E+00
      vertex -2.454288E+01 -4.966823E+00 1.333129E+00
    endloop
  endfacet
  facet normal -3.866189E-01 -6.791813E-01 6.238899E-01
    outer loop
      vertex -2.780013E+01 -2.980696E+00 1.555570E+00
      vertex -2.444592E+01 -4.910502E+00 1.533311E+00
      vertex -2.430711E+01 -4.829873E+00 1.707107E+00
    endloop
  endfacet
  facet normal -4.374537E-01 -7.657788E-01 4.713990E-01
    outer loop
      vertex -2.780013E+01 -2.980696E+00 1.555570E+00
      vertex -2.784591E+01 -3.060967E+00 1.382683E+00
      vertex -2.444592E+01 -4.910502E+00 1.533311E+00
    endloop
  endfacet
  facet normal -3.829897E-01 -6.714652E-01 6.343922E-01
    outer loop
      vertex -2.773851E+01 -2.872670E+00 1.707107E+00
      vertex -2.780013E+01 -2.980696E+00 1.555570E+00
      vertex -2.430711E+01 -4.829873E+00 1.707107E+00
    endloop
  endfacet
  facet normal -6.632572E-02 -0.000000E+00 -9.977980E-01
    outer loop
      vertex -2.360000E+01 1.160000E+01 0.000000E+00
      vertex -2.360000E+01 4.419148E+00 0.000000E+00
      vertex -2.373236E+01 4.496029E+00 8.798150E-03
    endloop
  endfacet
  facet normal -3.485396E-01 -4.499913E-04 -9.372939E-01
    outer loop
      vertex -2.391098E+01 1.191098E+01 4.958472E-02
      vertex -2.386239E+01 4.571558E+00 3.503779E-02
      vertex -2.403139E+01 4.669724E+00 9.783620E-02
    endloop
  endfacet
  facet normal -1.974551E-01 6.356243E-04 -9.803117E-01
    outer loop
      vertex -2.391098E+01 1.191098E+01 4.958472E-02
      vertex -2.373236E+01 4.496029E+00 8.798150E-03
      vertex -2.386239E+01 4.571558E+00 3.503779E-02
    endloop
  endfacet
  facet normal -1.558173E-01 1.679776E-03 -9.877845E-01
    outer loop
      vertex -2.391098E+01 1.191098E+01 4.958472E-02
      vertex -2.360000E+01 1.160000E+01 0.000000E+00
      vertex -2.373236E+01 4.496029E+00 8.798150E-03
    endloop
  endfacet
  facet normal -6.570321E-01 -6.913979E-05 -7.538626E-01
    outer loop
      vertex -2.419113E+01 1.219113E+01 1.934216E-01
      vertex -2.418637E+01 4.759746E+00 1.899606E-01
      vertex -2.432230E+01 4.838696E+00 3.084162E-01
    endloop
  endfacet
  facet normal -5.109337E-01 7.355942E-05 -8.596201E-01
    outer loop
      vertex -2.419113E+01 1.219113E+01 1.934216E-01
      vertex -2.403139E+01 4.669724E+00 9.783620E-02
      vertex -2.418637E+01 4.759746E+00 1.899606E-01
    endloop
  endfacet
  facet normal -4.554527E-01 1.641196E-03 -8.902584E-01
    outer loop
      vertex -2.419113E+01 1.219113E+01 1.934216E-01
      vertex -2.391098E+01 1.191098E+01 4.958472E-02
      vertex -2.403139E+01 4.669724E+00 9.783620E-02
    endloop
  endfacet
  facet normal -7.818204E-01 -5.371924E-04 -6.235034E-01
    outer loop
      vertex -2.437619E+01 1.237619E+01 3.695007E-01
      vertex -2.432230E+01 4.838696E+00 3.084162E-01
      vertex -2.443474E+01 4.904007E+00 4.493527E-01
    endloop
  endfacet
  facet normal -6.888054E-01 9.499730E-04 -7.249456E-01
    outer loop
      vertex -2.437619E+01 1.237619E+01 3.695007E-01
      vertex -2.419113E+01 1.219113E+01 1.934216E-01
      vertex -2.432230E+01 4.838696E+00 3.084162E-01
    endloop
  endfacet
  facet normal -8.810426E-01 -5.003350E-04 -4.730367E-01
    outer loop
      vertex -2.449214E+01 1.249214E+01 5.482352E-01
      vertex -2.443474E+01 4.904007E+00 4.493527E-01
      vertex -2.452005E+01 4.953558E+00 6.081887E-01
    endloop
  endfacet
  facet normal -8.387128E-01 7.520759E-04 -5.445735E-01
    outer loop
      vertex -2.449214E+01 1.249214E+01 5.482352E-01
      vertex -2.437619E+01 1.237619E+01 3.695007E-01
      vertex -2.443474E+01 4.904007E+00 4.493527E-01
    endloop
  endfacet
  facet normal -9.516474E-01 -4.526873E-04 -3.071924E-01
    outer loop
      vertex -2.456198E+01 1.256198E+01 7.268807E-01
      vertex -2.452005E+01 4.953558E+00 6.081887E-01
      vertex -2.457545E+01 4.985738E+00 7.797610E-01
    endloop
  endfacet
  facet normal -9.312817E-01 5.504302E-04 -3.642994E-01
    outer loop
      vertex -2.456198E+01 1.256198E+01 7.268807E-01
      vertex -2.449214E+01 1.249214E+01 5.482352E-01
      vertex -2.452005E+01 4.953558E+00 6.081887E-01
    endloop
  endfacet
  facet normal -9.913324E-01 -4.839189E-04 -1.313763E-01
    outer loop
      vertex -2.459462E+01 1.259462E+01 8.964493E-01
      vertex -2.457545E+01 4.985738E+00 7.797610E-01
      vertex -2.459914E+01 4.999499E+00 9.584924E-01
    endloop
  endfacet
  facet normal -9.819536E-01 4.252863E-04 -1.891213E-01
    outer loop
      vertex -2.459462E+01 1.259462E+01 8.964493E-01
      vertex -2.456198E+01 1.256198E+01 7.268807E-01
      vertex -2.457545E+01 4.985738E+00 7.797610E-01
    endloop
  endfacet
  facet normal -9.988127E-01 -5.349992E-04 4.871200E-02
    outer loop
      vertex -2.459866E+01 1.259865E+01 1.051848E+00
      vertex -2.459914E+01 4.999499E+00 9.584924E-01
      vertex -2.459035E+01 4.994396E+00 1.138573E+00
    endloop
  endfacet
  facet normal -9.996631E-01 3.822537E-04 -2.594824E-02
    outer loop
      vertex -2.459866E+01 1.259865E+01 1.051848E+00
      vertex -2.459462E+01 1.259462E+01 8.964493E-01
      vertex -2.459914E+01 4.999499E+00 9.584924E-01
    endloop
  endfacet
  facet normal -9.715174E-01 -5.951423E-04 2.369673E-01
    outer loop
      vertex -2.457855E+01 1.257855E+01 1.205994E+00
      vertex -2.459035E+01 4.994396E+00 1.138573E+00
      vertex -2.454288E+01 4.966823E+00 1.333129E+00
    endloop
  endfacet
  facet normal -9.915975E-01 3.926733E-04 1.293616E-01
    outer loop
      vertex -2.457855E+01 1.257855E+01 1.205994E+00
      vertex -2.459866E+01 1.259865E+01 1.051848E+00
      vertex -2.459035E+01 4.994396E+00 1.138573E+00
    endloop
  endfacet
  facet normal -9.595650E-01 2.044683E-04 2.814870E-01
    outer loop
      vertex -2.453481E+01 1.253481E+01 1.355161E+00
      vertex -2.457855E+01 1.257855E+01 1.205994E+00
      vertex -2.454288E+01 4.966823E+00 1.333129E+00
    endloop
  endfacet
  facet normal -9.000399E-01 -5.192055E-04 4.358071E-01
    outer loop
      vertex -2.446847E+01 1.246847E+01 1.495747E+00
      vertex -2.454288E+01 4.966823E+00 1.333129E+00
      vertex -2.444592E+01 4.910502E+00 1.533311E+00
    endloop
  endfacet
  facet normal -9.044229E-01 -2.769384E-04 4.266368E-01
    outer loop
      vertex -2.446847E+01 1.246847E+01 1.495747E+00
      vertex -2.453481E+01 1.253481E+01 1.355161E+00
      vertex -2.454288E+01 4.966823E+00 1.333129E+00
    endloop
  endfacet
  facet normal -7.815391E-01 -7.934644E-04 6.238558E-01
    outer loop
      vertex -2.439484E+01 1.239484E+01 1.606814E+00
      vertex -2.444592E+01 4.910502E+00 1.533311E+00
      vertex -2.430711E+01 4.829873E+00 1.707107E+00
    endloop
  endfacet
  facet normal -8.334271E-01 2.601467E-04 5.526293E-01
    outer loop
      vertex -2.439484E+01 1.239484E+01 1.606814E+00
      vertex -2.446847E+01 1.246847E+01 1.495747E+00
      vertex -2.444592E+01 4.910502E+00 1.533311E+00
    endloop
  endfacet
  facet normal -7.526439E-01 0.000000E+00 6.584279E-01
    outer loop
      vertex -2.430711E+01 1.230711E+01 1.707107E+00
      vertex -2.439484E+01 1.239484E+01 1.606814E+00
      vertex -2.430711E+01 4.829873E+00 1.707107E+00
    endloop
  endfacet
  facet normal 0.000000E+00 1.175375E-01 -9.930685E-01
    outer loop
      vertex -6.000000E+00 1.183345E+01 2.763008E-02
      vertex -6.000000E+00 1.160000E+01 0.000000E+00
      vertex -2.360000E+01 1.160000E+01 0.000000E+00
    endloop
  endfacet
  facet normal -5.311749E-04 1.569378E-01 -9.876083E-01
    outer loop
      vertex -6.000000E+00 1.183345E+01 2.763008E-02
      vertex -2.360000E+01 1.160000E+01 0.000000E+00
      vertex -2.391098E+01 1.191098E+01 4.958472E-02
    endloop
  endfacet
  facet normal -6.908718E-04 4.562069E-01 -8.898736E-01
    outer loop
      vertex -6.000000E+00 1.205399E+01 1.089935E-01
      vertex -2.391098E+01 1.191098E+01 4.958472E-02
      vertex -2.419113E+01 1.219113E+01 1.934216E-01
    endloop
  endfacet
  facet normal 3.483773E-04 3.461175E-01 -9.381911E-01
    outer loop
      vertex -6.000000E+00 1.205399E+01 1.089935E-01
      vertex -6.000000E+00 1.183345E+01 2.763008E-02
      vertex -2.391098E+01 1.191098E+01 4.958472E-02
    endloop
  endfacet
  facet normal -3.699746E-04 6.891084E-01 -7.246582E-01
    outer loop
      vertex -6.000000E+00 1.224945E+01 2.395940E-01
      vertex -2.419113E+01 1.219113E+01 1.934216E-01
      vertex -2.437619E+01 1.237619E+01 3.695007E-01
    endloop
  endfacet
  facet normal 3.292571E-04 5.555703E-01 -8.314695E-01
    outer loop
      vertex -6.000000E+00 1.224945E+01 2.395940E-01
      vertex -6.000000E+00 1.205399E+01 1.089935E-01
      vertex -2.419113E+01 1.219113E+01 1.934216E-01
    endloop
  endfacet
  facet normal -2.332573E-04 8.388688E-01 -5.443336E-01
    outer loop
      vertex -6.000000E+00 1.240902E+01 4.122148E-01
      vertex -2.437619E+01 1.237619E+01 3.695007E-01
      vertex -2.449214E+01 1.249214E+01 5.482352E-01
    endloop
  endfacet
  facet normal 2.660564E-04 7.343228E-01 -6.788003E-01
    outer loop
      vertex -6.000000E+00 1.240902E+01 4.122148E-01
      vertex -6.000000E+00 1.224945E+01 2.395940E-01
      vertex -2.437619E+01 1.237619E+01 3.695007E-01
    endloop
  endfacet
  facet normal -2.381200E-04 9.313199E-01 -3.642022E-01
    outer loop
      vertex -6.000000E+00 1.252388E+01 6.173165E-01
      vertex -2.449214E+01 1.249214E+01 5.482352E-01
      vertex -2.456198E+01 1.256198E+01 7.268807E-01
    endloop
  endfacet
  facet normal 3.276628E-04 8.724944E-01 -4.886240E-01
    outer loop
      vertex -6.000000E+00 1.252388E+01 6.173165E-01
      vertex -6.000000E+00 1.240902E+01 4.122148E-01
      vertex -2.449214E+01 1.249214E+01 5.482352E-01
    endloop
  endfacet
  facet normal -1.714472E-04 9.819628E-01 -1.890742E-01
    outer loop
      vertex -6.000000E+00 1.258769E+01 8.435655E-01
      vertex -2.456198E+01 1.256198E+01 7.268807E-01
      vertex -2.459462E+01 1.259462E+01 8.964493E-01
    endloop
  endfacet
  facet normal 3.733340E-04 9.624556E-01 -2.714390E-01
    outer loop
      vertex -6.000000E+00 1.258769E+01 8.435655E-01
      vertex -6.000000E+00 1.252388E+01 6.173165E-01
      vertex -2.456198E+01 1.256198E+01 7.268807E-01
    endloop
  endfacet
  facet normal 1.304851E-04 9.996639E-01 -2.592269E-02
    outer loop
      vertex -6.000000E+00 1.259692E+01 1.078459E+00
      vertex -2.459462E+01 1.259462E+01 8.964493E-01
      vertex -2.459866E+01 1.259865E+01 1.051848E+00
    endloop
  endfacet
  facet normal -9.239679E-05 9.916025E-01 1.293231E-01
    outer loop
      vertex -6.000000E+00 1.259692E+01 1.078459E+00
      vertex -2.459866E+01 1.259865E+01 1.051848E+00
      vertex -2.457855E+01 1.257855E+01 1.205994E+00
    endloop
  endfacet
  facet normal 2.610745E-04 9.992291E-01 -3.925859E-02
    outer loop
      vertex -6.000000E+00 1.259692E+01 1.078459E+00
      vertex -6.000000E+00 1.258769E+01 8.435655E-01
      vertex -2.459462E+01 1.259462E+01 8.964493E-01
    endloop
  endfacet
  facet normal -1.406288E-04 9.595718E-01 2.814641E-01
    outer loop
      vertex -6.000000E+00 1.255106E+01 1.309017E+00
      vertex -2.457855E+01 1.257855E+01 1.205994E+00
      vertex -2.453481E+01 1.253481E+01 1.355161E+00
    endloop
  endfacet
  facet normal 3.697466E-04 9.807857E-01 1.950882E-01
    outer loop
      vertex -6.000000E+00 1.255106E+01 1.309017E+00
      vertex -6.000000E+00 1.259692E+01 1.078459E+00
      vertex -2.457855E+01 1.257855E+01 1.205994E+00
    endloop
  endfacet
  facet normal 1.569437E-04 9.043989E-01 4.266882E-01
    outer loop
      vertex -6.000000E+00 1.245264E+01 1.522499E+00
      vertex -2.453481E+01 1.253481E+01 1.355161E+00
      vertex -2.446847E+01 1.246847E+01 1.495747E+00
    endloop
  endfacet
  facet normal -8.613032E-05 8.334836E-01 5.525442E-01
    outer loop
      vertex -6.000000E+00 1.245264E+01 1.522499E+00
      vertex -2.446847E+01 1.246847E+01 1.495747E+00
      vertex -2.439484E+01 1.239484E+01 1.606814E+00
    endloop
  endfacet
  facet normal 2.460279E-04 9.081433E-01 4.186595E-01
    outer loop
      vertex -6.000000E+00 1.245264E+01 1.522499E+00
      vertex -6.000000E+00 1.255106E+01 1.309017E+00
      vertex -2.453481E+01 1.253481E+01 1.355161E+00
    endloop
  endfacet
  facet normal 0.000000E+00 7.526473E-01 6.584238E-01
    outer loop
      vertex -6.000000E+00 1.230711E+01 1.707107E+00
      vertex -2.439484E+01 1.239484E+01 1.606814E+00
      vertex -2.430711E+01 1.230711E+01 1.707107E+00
    endloop
  endfacet
  facet normal 3.702530E-04 7.853165E-01 6.190944E-01
    outer loop
      vertex -6.000000E+00 1.230711E+01 1.707107E+00
      vertex -6.000000E+00 1.245264E+01 1.522499E+00
      vertex -2.439484E+01 1.239484E+01 1.606814E+00
    endloop
  endfacet
  facet normal 0.000000E+00 1.000000E+00 0.000000E+00
    outer loop
      vertex 6.000000E+00 6.600000E+00 2.000000E+00
      vertex -6.000000E+00 6.600000E+00 0.000000E+00
      vertex -6.000000E+00 6.600000E+00 2.000000E+00
    endloop
  endfacet
  facet normal 0.000000E+00 1.000000E+00 -0.000000E+00
    outer loop
      vertex 6.000000E+00 6.600000E+00 0.000000E+00
      vertex -6.000000E+00 6.600000E+00 0.000000E+00
      vertex 6.000000E+00 6.600000E+00 2.000000E+00
    endloop
  endfacet
  facet normal -1.000000E+00 0.000000E+00 0.000000E+00
    outer loop
      vertex 6.000000E+00 1.230711E+01 1.707107E+00
      vertex 6.000000E+00 1.198268E+01 1.923880E+00
      vertex 6.000000E+00 1.215557E+01 1.831470E+00
    endloop
  endfacet
  facet normal -1.000000E+00 -0.000000E+00 -0.000000E+00
    outer loop
      vertex 6.000000E+00 1.245264E+01 1.522499E+00
      vertex 6.000000E+00 1.255106E+01 1.309017E+00
      vertex 6.000000E+00 1.230711E+01 1.707107E+00
    endloop
  endfacet
  facet normal -1.000000E+00 0.000000E+00 0.000000E+00
    outer loop
      vertex 6.000000E+00 1.230711E+01 1.707107E+00
      vertex 6.000000E+00 1.179509E+01 1.980785E+00
      vertex 6.000000E+00 1.198268E+01 1.923880E+00
    endloop
  endfacet
  facet normal -1.000000E+00 -0.000000E+00 -0.000000E+00
    outer loop
      vertex 6.000000E+00 1.255106E+01 1.309017E+00
      vertex 6.000000E+00 1.259692E+01 1.078459E+00
      vertex 6.000000E+00 1.230711E+01 1.707107E+00
    endloop
  endfacet
  facet normal -1.000000E+00 0.000000E+00 0.000000E+00
    outer loop
      vertex 6.000000E+00 1.230711E+01 1.707107E+00
      vertex 6.000000E+00 1.160000E+01 2.000000E+00
      vertex 6.000000E+00 1.179509E+01 1.980785E+00
    endloop
  endfacet
  facet normal -1.000000E+00 -0.000000E+00 0.000000E+00
    outer loop
      vertex 6.000000E+00 1.259692E+01 1.078459E+00
      vertex 6.000000E+00 1.258769E+01 8.435655E-01
      vertex 6.000000E+00 1.230711E+01 1.707107E+00
    endloop
  endfacet
  facet normal -1.000000E+00 -0.000000E+00 0.000000E+00
    outer loop
      vertex 6.000000E+00 1.258769E+01 8.435655E-01
      vertex 6.000000E+00 1.252388E+01 6.173165E-01
      vertex 6.000000E+00 1.230711E+01 1.707107E+00
    endloop
  endfacet
  facet normal -1.000000E+00 -0.000000E+00 0.000000E+00
    outer loop
      vertex 6.000000E+00 1.252388E+01 6.173165E-01
      vertex 6.000000E+00 1.240902E+01 4.122148E-01
      vertex 6.000000E+00 1.230711E+01 1.707107E+00
    endloop
  endfacet
  facet normal -1.000000E+00 -0.000000E+00 0.000000E+00
    outer loop
      vertex 6.000000E+00 1.240902E+01 4.122148E-01
      vertex 6.000000E+00 1.224945E+01 2.395940E-01
      vertex 6.000000E+00 1.230711E+01 1.707107E+00
    endloop
  endfacet
  facet normal -1.000000E+00 -0.000000E+00 0.000000E+00
    outer loop
      vertex 6.000000E+00 1.224945E+01 2.395940E-01
      vertex 6.000000E+00 1.205399E+01 1.089935E-01
      vertex 6.000000E+00 1.230711E+01 1.707107E+00
    endloop
  endfacet
  facet normal -1.000000E+00 -0.000000E+00 0.000000E+00
    outer loop
      vertex 6.000000E+00 1.205399E+01 1.089935E-01
      vertex 6.000000E+00 1.183345E+01 2.763008E-02
      vertex 6.000000E+00 1.230711E+01 1.707107E+00
    endloop
  endfacet
  facet normal -1.000000E+00 -0.000000E+00 0.000000E+00
    outer loop
      vertex 6.000000E+00 1.230711E+01 1.707107E+00
      vertex 6.000000E+00 1.160000E+01 0.000000E+00
      vertex 6.000000E+00 1.160000E+01 2.000000E+00
    endloop
  endfacet
  facet normal -1.000000E+00 -0.000000E+00 0.000000E+00
    outer loop
      vertex 6.000000E+00 1.183345E+01 2.763008E-02
      vertex 6.000000E+00 1.160000E+01 0.000000E+00
      vertex 6.000000E+00 1.230711E+01 1.707107E+00
    endloop
  endfacet
  facet normal -1.000000E+00 -0.000000E+00 0.000000E+00
    outer loop
      vertex 6.000000E+00 1.160000E+01 2.000000E+00
      vertex 6.000000E+00 6.600000E+00 0.000000E+00
      vertex 6.000000E+00 6.600000E+00 2.000000E+00
    endloop
  endfacet
  facet normal -1.000000E+00 0.000000E+00 0.000000E+00
    outer loop
      vertex 6.000000E+00 1.160000E+01 0.000000E+00
      vertex 6.000000E+00 6.600000E+00 0.000000E+00
      vertex 6.000000E+00 1.160000E+01 2.000000E+00
    endloop
  endfacet
  facet normal -9.927087E-01 -1.205378E-01 0.000000E+00
    outer loop
      vertex -2.490000E+01 -5.910468E-16 0.000000E+00
      vertex -2.493487E+01 2.871788E-01 2.000000E+00
      vertex -2.493487E+01 2.871788E-01 0.000000E+00
    endloop
  endfacet
  facet normal -9.927087E-01 -1.205378E-01 -0.000000E+00
    outer loop
      vertex -2.490000E+01 -5.910468E-16 2.000000E+00
      vertex -2.493487E+01 2.871788E-01 2.000000E+00
      vertex -2.490000E+01 -5.910468E-16 0.000000E+00
    endloop
  endfacet
  facet normal -9.350162E-01 -3.546048E-01 0.000000E+00
    outer loop
      vertex -2.493487E+01 2.871788E-01 0.000000E+00
      vertex -2.503745E+01 5.576678E-01 2.000000E+00
      vertex -2.503745E+01 5.576678E-01 0.000000E+00
    endloop
  endfacet
  facet normal -9.350162E-01 -3.546048E-01 -0.000000E+00
    outer loop
      vertex -2.493487E+01 2.871788E-01 2.000000E+00
      vertex -2.503745E+01 5.576678E-01 2.000000E+00
      vertex -2.493487E+01 2.871788E-01 0.000000E+00
    endloop
  endfacet
  facet normal -8.229824E-01 -5.680670E-01 0.000000E+00
    outer loop
      vertex -2.503745E+01 5.576678E-01 0.000000E+00
      vertex -2.520179E+01 7.957472E-01 2.000000E+00
      vertex -2.520179E+01 7.957472E-01 0.000000E+00
    endloop
  endfacet
  facet normal -8.229824E-01 -5.680670E-01 -0.000000E+00
    outer loop
      vertex -2.503745E+01 5.576678E-01 2.000000E+00
      vertex -2.520179E+01 7.957472E-01 2.000000E+00
      vertex -2.503745E+01 5.576678E-01 0.000000E+00
    endloop
  endfacet
  facet normal -6.631254E-01 -7.485083E-01 0.000000E+00
    outer loop
      vertex -2.520179E+01 7.957472E-01 0.000000E+00
      vertex -2.541832E+01 9.875807E-01 2.000000E+00
      vertex -2.541832E+01 9.875807E-01 0.000000E+00
    endloop
  endfacet
  facet normal -6.631254E-01 -7.485083E-01 -0.000000E+00
    outer loop
      vertex -2.520179E+01 7.957472E-01 2.000000E+00
      vertex -2.541832E+01 9.875807E-01 2.000000E+00
      vertex -2.520179E+01 7.957472E-01 0.000000E+00
    endloop
  endfacet
  facet normal -4.647214E-01 -8.854569E-01 0.000000E+00
    outer loop
      vertex -2.541832E+01 9.875807E-01 0.000000E+00
      vertex -2.567447E+01 1.122020E+00 2.000000E+00
      vertex -2.567447E+01 1.122020E+00 0.000000E+00
    endloop
  endfacet
  facet normal -4.647214E-01 -8.854569E-01 -0.000000E+00
    outer loop
      vertex -2.541832E+01 9.875807E-01 2.000000E+00
      vertex -2.567447E+01 1.122020E+00 2.000000E+00
      vertex -2.541832E+01 9.875807E-01 0.000000E+00
    endloop
  endfacet
  facet normal -2.393156E-01 -9.709418E-01 0.000000E+00
    outer loop
      vertex -2.567447E+01 1.122020E+00 0.000000E+00
      vertex -2.595536E+01 1.191251E+00 2.000000E+00
      vertex -2.595536E+01 1.191251E+00 0.000000E+00
    endloop
  endfacet
  facet normal -2.393156E-01 -9.709418E-01 -0.000000E+00
    outer loop
      vertex -2.567447E+01 1.122020E+00 2.000000E+00
      vertex -2.595536E+01 1.191251E+00 2.000000E+00
      vertex -2.567447E+01 1.122020E+00 0.000000E+00
    endloop
  endfacet
  facet normal 0.000000E+00 -1.000000E+00 0.000000E+00
    outer loop
      vertex -2.595536E+01 1.191251E+00 0.000000E+00
      vertex -2.624464E+01 1.191251E+00 2.000000E+00
      vertex -2.624464E+01 1.191251E+00 0.000000E+00
    endloop
  endfacet
  facet normal -0.000000E+00 -1.000000E+00 -0.000000E+00
    outer loop
      vertex -2.595536E+01 1.191251E+00 2.000000E+00
      vertex -2.624464E+01 1.191251E+00 2.000000E+00
      vertex -2.595536E+01 1.191251E+00 0.000000E+00
    endloop
  endfacet
  facet normal 2.393156E-01 -9.709418E-01 0.000000E+00
    outer loop
      vertex -2.624464E+01 1.191251E+00 0.000000E+00
      vertex -2.652553E+01 1.122020E+00 2.000000E+00
      vertex -2.652553E+01 1.122020E+00 0.000000E+00
    endloop
  endfacet
  facet normal 2.393156E-01 -9.709418E-01 0.000000E+00
    outer loop
      vertex -2.624464E+01 1.191251E+00 2.000000E+00
      vertex -2.652553E+01 1.122020E+00 2.000000E+00
      vertex -2.624464E+01 1.191251E+00 0.000000E+00
    endloop
  endfacet
  facet normal 4.647241E-01 -8.854555E-01 0.000000E+00
    outer loop
      vertex -2.652553E+01 1.122020E+00 0.000000E+00
      vertex -2.678168E+01 9.875807E-01 2.000000E+00
      vertex -2.678168E+01 9.875807E-01 0.000000E+00
    endloop
  endfacet
  facet normal 4.647241E-01 -8.854555E-01 0.000000E+00
    outer loop
      vertex -2.652553E+01 1.122020E+00 2.000000E+00
      vertex -2.678168E+01 9.875807E-01 2.000000E+00
      vertex -2.652553E+01 1.122020E+00 0.000000E+00
    endloop
  endfacet
  facet normal 6.631221E-01 -7.485112E-01 0.000000E+00
    outer loop
      vertex -2.678168E+01 9.875807E-01 0.000000E+00
      vertex -2.699821E+01 7.957472E-01 2.000000E+00
      vertex -2.699821E+01 7.957472E-01 0.000000E+00
    endloop
  endfacet
  facet normal 6.631221E-01 -7.485112E-01 0.000000E+00
    outer loop
      vertex -2.678168E+01 9.875807E-01 2.000000E+00
      vertex -2.699821E+01 7.957472E-01 2.000000E+00
      vertex -2.678168E+01 9.875807E-01 0.000000E+00
    endloop
  endfacet
  facet normal 8.229824E-01 -5.680670E-01 0.000000E+00
    outer loop
      vertex -2.699821E+01 7.957472E-01 0.000000E+00
      vertex -2.716255E+01 5.576678E-01 2.000000E+00
      vertex -2.716255E+01 5.576678E-01 0.000000E+00
    endloop
  endfacet
  facet normal 8.229824E-01 -5.680670E-01 0.000000E+00
    outer loop
      vertex -2.699821E+01 7.957472E-01 2.000000E+00
      vertex -2.716255E+01 5.576678E-01 2.000000E+00
      vertex -2.699821E+01 7.957472E-01 0.000000E+00
    endloop
  endfacet
  facet normal 9.350162E-01 -3.546048E-01 0.000000E+00
    outer loop
      vertex -2.716255E+01 5.576678E-01 0.000000E+00
      vertex -2.726513E+01 2.871788E-01 2.000000E+00
      vertex -2.726513E+01 2.871788E-01 0.000000E+00
    endloop
  endfacet
  facet normal 9.350162E-01 -3.546048E-01 0.000000E+00
    outer loop
      vertex -2.716255E+01 5.576678E-01 2.000000E+00
      vertex -2.726513E+01 2.871788E-01 2.000000E+00
      vertex -2.716255E+01 5.576678E-01 0.000000E+00
    endloop
  endfacet
  facet normal 9.927095E-01 -1.205313E-01 0.000000E+00
    outer loop
      vertex -2.726513E+01 2.871788E-01 0.000000E+00
      vertex -2.730000E+01 -2.971316E-16 2.000000E+00
      vertex -2.730000E+01 -2.971316E-16 0.000000E+00
    endloop
  endfacet
  facet normal 9.927095E-01 -1.205313E-01 0.000000E+00
    outer loop
      vertex -2.726513E+01 2.871788E-01 2.000000E+00
      vertex -2.730000E+01 -2.971316E-16 2.000000E+00
      vertex -2.726513E+01 2.871788E-01 0.000000E+00
    endloop
  endfacet
  facet normal -9.927095E-01 -1.205313E-01 0.000000E+00
    outer loop
      vertex 2.730000E+01 2.971316E-16 0.000000E+00
      vertex 2.726513E+01 2.871788E-01 2.000000E+00
      vertex 2.726513E+01 2.871788E-01 0.000000E+00
    endloop
  endfacet
  facet normal -9.927095E-01 -1.205313E-01 -0.000000E+00
    outer loop
      vertex 2.730000E+01 2.971316E-16 2.000000E+00
      vertex 2.726513E+01 2.871788E-01 2.000000E+00
      vertex 2.730000E+01 2.971316E-16 0.000000E+00
    endloop
  endfacet
  facet normal -9.350162E-01 -3.546048E-01 0.000000E+00
    outer loop
      vertex 2.726513E+01 2.871788E-01 0.000000E+00
      vertex 2.716255E+01 5.576678E-01 2.000000E+00
      vertex 2.716255E+01 5.576678E-01 0.000000E+00
    endloop
  endfacet
  facet normal -9.350162E-01 -3.546048E-01 -0.000000E+00
    outer loop
      vertex 2.726513E+01 2.871788E-01 2.000000E+00
      vertex 2.716255E+01 5.576678E-01 2.000000E+00
      vertex 2.726513E+01 2.871788E-01 0.000000E+00
    endloop
  endfacet
  facet normal -8.229824E-01 -5.680670E-01 0.000000E+00
    outer loop
      vertex 2.716255E+01 5.576678E-01 0.000000E+00
      vertex 2.699821E+01 7.957472E-01 2.000000E+00
      vertex 2.699821E+01 7.957472E-01 0.000000E+00
    endloop
  endfacet
  facet normal -8.229824E-01 -5.680670E-01 -0.000000E+00
    outer loop
      vertex 2.716255E+01 5.576678E-01 2.000000E+00
      vertex 2.699821E+01 7.957472E-01 2.000000E+00
      vertex 2.716255E+01 5.576678E-01 0.000000E+00
    endloop
  endfacet
  facet normal -6.631221E-01 -7.485112E-01 0.000000E+00
    outer loop
      vertex 2.699821E+01 7.957472E-01 0.000000E+00
      vertex 2.678168E+01 9.875807E-01 2.000000E+00
      vertex 2.678168E+01 9.875807E-01 0.000000E+00
    endloop
  endfacet
  facet normal -6.631221E-01 -7.485112E-01 -0.000000E+00
    outer loop
      vertex 2.699821E+01 7.957472E-01 2.000000E+00
      vertex 2.678168E+01 9.875807E-01 2.000000E+00
      vertex 2.699821E+01 7.957472E-01 0.000000E+00
    endloop
  endfacet
  facet normal -4.647241E-01 -8.854555E-01 0.000000E+00
    outer loop
      vertex 2.678168E+01 9.875807E-01 0.000000E+00
      vertex 2.652553E+01 1.122020E+00 2.000000E+00
      vertex 2.652553E+01 1.122020E+00 0.000000E+00
    endloop
  endfacet
  facet normal -4.647241E-01 -8.854555E-01 -0.000000E+00
    outer loop
      vertex 2.678168E+01 9.875807E-01 2.000000E+00
      vertex 2.652553E+01 1.122020E+00 2.000000E+00
      vertex 2.678168E+01 9.875807E-01 0.000000E+00
    endloop
  endfacet
  facet normal -2.393156E-01 -9.709418E-01 0.000000E+00
    outer loop
      vertex 2.652553E+01 1.122020E+00 0.000000E+00
      vertex 2.624464E+01 1.191251E+00 2.000000E+00
      vertex 2.624464E+01 1.191251E+00 0.000000E+00
    endloop
  endfacet
  facet normal -2.393156E-01 -9.709418E-01 -0.000000E+00
    outer loop
      vertex 2.652553E+01 1.122020E+00 2.000000E+00
      vertex 2.624464E+01 1.191251E+00 2.000000E+00
      vertex 2.652553E+01 1.122020E+00 0.000000E+00
    endloop
  endfacet
  facet normal 0.000000E+00 -1.000000E+00 0.000000E+00
    outer loop
      vertex 2.624464E+01 1.191251E+00 0.000000E+00
      vertex 2.595536E+01 1.191251E+00 2.000000E+00
      vertex 2.595536E+01 1.191251E+00 0.000000E+00
    endloop
  endfacet
  facet normal -0.000000E+00 -1.000000E+00 -0.000000E+00
    outer loop
      vertex 2.624464E+01 1.191251E+00 2.000000E+00
      vertex 2.595536E+01 1.191251E+00 2.000000E+00
      vertex 2.624464E+01 1.191251E+00 0.000000E+00
    endloop
  endfacet
  facet normal 2.393156E-01 -9.709418E-01 0.000000E+00
    outer loop
      vertex 2.595536E+01 1.191251E+00 0.000000E+00
      vertex 2.567447E+01 1.122020E+00 2.000000E+00
      vertex 2.567447E+01 1.122020E+00 0.000000E+00
    endloop
  endfacet
  facet normal 2.393156E-01 -9.709418E-01 0.000000E+00
    outer loop
      vertex 2.595536E+01 1.191251E+00 2.000000E+00
      vertex 2.567447E+01 1.122020E+00 2.000000E+00
      vertex 2.595536E+01 1.191251E+00 0.000000E+00
    endloop
  endfacet
  facet normal 4.647214E-01 -8.854569E-01 0.000000E+00
    outer loop
      vertex 2.567447E+01 1.122020E+00 0.000000E+00
      vertex 2.541832E+01 9.875807E-01 2.000000E+00
      vertex 2.541832E+01 9.875807E-01 0.000000E+00
    endloop
  endfacet
  facet normal 4.647214E-01 -8.854569E-01 0.000000E+00
    outer loop
      vertex 2.567447E+01 1.122020E+00 2.000000E+00
      vertex 2.541832E+01 9.875807E-01 2.000000E+00
      vertex 2.567447E+01 1.122020E+00 0.000000E+00
    endloop
  endfacet
  facet normal 6.631254E-01 -7.485083E-01 0.000000E+00
    outer loop
      vertex 2.541832E+01 9.875807E-01 0.000000E+00
      vertex 2.520179E+01 7.957472E-01 2.000000E+00
      vertex 2.520179E+01 7.957472E-01 0.000000E+00
    endloop
  endfacet
  facet normal 6.631254E-01 -7.485083E-01 0.000000E+00
    outer loop
      vertex 2.541832E+01 9.875807E-01 2.000000E+00
      vertex 2.520179E+01 7.957472E-01 2.000000E+00
      vertex 2.541832E+01 9.875807E-01 0.000000E+00
    endloop
  endfacet
  facet normal 8.229824E-01 -5.680670E-01 0.000000E+00
    outer loop
      vertex 2.520179E+01 7.957472E-01 0.000000E+00
      vertex 2.503745E+01 5.576678E-01 2.000000E+00
      vertex 2.503745E+01 5.576678E-01 0.000000E+00
    endloop
  endfacet
  facet normal 8.229824E-01 -5.680670E-01 0.000000E+00
    outer loop
      vertex 2.520179E+01 7.957472E-01 2.000000E+00
      vertex 2.503745E+01 5.576678E-01 2.000000E+00
      vertex 2.520179E+01 7.957472E-01 0.000000E+00
    endloop
  endfacet
  facet normal 9.350162E-01 -3.546048E-01 0.000000E+00
    outer loop
      vertex 2.503745E+01 5.576678E-01 0.000000E+00
      vertex 2.493487E+01 2.871788E-01 2.000000E+00
      vertex 2.493487E+01 2.871788E-01 0.000000E+00
    endloop
  endfacet
  facet normal 9.350162E-01 -3.546048E-01 0.000000E+00
    outer loop
      vertex 2.503745E+01 5.576678E-01 2.000000E+00
      vertex 2.493487E+01 2.871788E-01 2.000000E+00
      vertex 2.503745E+01 5.576678E-01 0.000000E+00
    endloop
  endfacet
  facet normal 9.927087E-01 -1.205378E-01 0.000000E+00
    outer loop
      vertex 2.493487E+01 2.871788E-01 0.000000E+00
      vertex 2.490000E+01 5.910468E-16 2.000000E+00
      vertex 2.490000E+01 5.910468E-16 0.000000E+00
    endloop
  endfacet
  facet normal 9.927087E-01 -1.205378E-01 0.000000E+00
    outer loop
      vertex 2.493487E+01 2.871788E-01 2.000000E+00
      vertex 2.490000E+01 5.910468E-16 2.000000E+00
      vertex 2.493487E+01 2.871788E-01 0.000000E+00
    endloop
  endfacet
  facet normal 0.000000E+00 0.000000E+00 1.000000E+00
    outer loop
      vertex 2.705631E+01 -7.248871E-01 2.000000E+00
      vertex 2.687855E+01 -9.131603E-01 2.000000E+00
      vertex 2.783162E+01 -1.939458E+00 2.000000E+00
    endloop
  endfacet
  facet normal 0.000000E+00 0.000000E+00 1.000000E+00
    outer loop
      vertex -2.490000E+01 -5.910468E-16 2.000000E+00
      vertex -2.493073E+01 -2.698319E-01 2.000000E+00
      vertex -2.360000E+01 -4.419148E+00 2.000000E+00
    endloop
  endfacet
  facet normal 0.000000E+00 0.000000E+00 1.000000E+00
    outer loop
      vertex -2.595536E+01 1.191251E+00 2.000000E+00
      vertex -2.738817E+01 2.258452E+00 2.000000E+00
      vertex -2.624464E+01 1.191251E+00 2.000000E+00
    endloop
  endfacet
  facet normal 0.000000E+00 0.000000E+00 1.000000E+00
    outer loop
      vertex 2.819863E+01 -1.534852E+00 2.000000E+00
      vertex 2.705631E+01 -7.248871E-01 2.000000E+00
      vertex 2.783162E+01 -1.939458E+00 2.000000E+00
    endloop
  endfacet
  facet normal 0.000000E+00 0.000000E+00 1.000000E+00
    outer loop
      vertex 2.718955E+01 -5.028625E-01 2.000000E+00
      vertex 2.705631E+01 -7.248871E-01 2.000000E+00
      vertex 2.819863E+01 -1.534852E+00 2.000000E+00
    endloop
  endfacet
  facet normal 0.000000E+00 0.000000E+00 1.000000E+00
    outer loop
      vertex -2.360000E+01 4.419148E+00 2.000000E+00
      vertex -2.490000E+01 -5.910468E-16 2.000000E+00
      vertex -2.360000E+01 -4.419148E+00 2.000000E+00
    endloop
  endfacet
  facet normal 0.000000E+00 0.000000E+00 1.000000E+00
    outer loop
      vertex -2.685318E+01 -9.341944E-01 2.000000E+00
      vertex -2.783162E+01 -1.939458E+00 2.000000E+00
      vertex -2.738817E+01 -2.258452E+00 2.000000E+00
    endloop
  endfacet
  facet normal 0.000000E+00 0.000000E+00 1.000000E+00
    outer loop
      vertex -2.360000E+01 4.419148E+00 2.000000E+00
      vertex -2.738817E+01 2.258452E+00 2.000000E+00
      vertex -2.595536E+01 1.191251E+00 2.000000E+00
    endloop
  endfacet
  facet normal 0.000000E+00 0.000000E+00 1.000000E+00
    outer loop
      vertex -2.360000E+01 4.419148E+00 2.000000E+00
      vertex -2.493487E+01 2.871788E-01 2.000000E+00
      vertex -2.490000E+01 -5.910468E-16 2.000000E+00
    endloop
  endfacet
  facet normal 0.000000E+00 0.000000E+00 1.000000E+00
    outer loop
      vertex -2.360000E+01 4.419148E+00 2.000000E+00
      vertex -2.503745E+01 5.576678E-01 2.000000E+00
      vertex -2.493487E+01 2.871788E-01 2.000000E+00
    endloop
  endfacet
  facet normal 0.000000E+00 0.000000E+00 1.000000E+00
    outer loop
      vertex -2.360000E+01 4.419148E+00 2.000000E+00
      vertex -2.520179E+01 7.957472E-01 2.000000E+00
      vertex -2.503745E+01 5.576678E-01 2.000000E+00
    endloop
  endfacet
  facet normal 0.000000E+00 0.000000E+00 1.000000E+00
    outer loop
      vertex -2.360000E+01 4.419148E+00 2.000000E+00
      vertex -2.541832E+01 9.875807E-01 2.000000E+00
      vertex -2.520179E+01 7.957472E-01 2.000000E+00
    endloop
  endfacet
  facet normal 0.000000E+00 0.000000E+00 1.000000E+00
    outer loop
      vertex -2.360000E+01 4.419148E+00 2.000000E+00
      vertex -2.567447E+01 1.122020E+00 2.000000E+00
      vertex -2.541832E+01 9.875807E-01 2.000000E+00
    endloop
  endfacet
  facet normal 0.000000E+00 0.000000E+00 1.000000E+00
    outer loop
      vertex -2.360000E+01 4.419148E+00 2.000000E+00
      vertex -2.595536E+01 1.191251E+00 2.000000E+00
      vertex -2.567447E+01 1.122020E+00 2.000000E+00
    endloop
  endfacet
  facet normal 0.000000E+00 0.000000E+00 1.000000E+00
    outer loop
      vertex -2.704118E+01 -7.444293E-01 2.000000E+00
      vertex -2.783162E+01 -1.939458E+00 2.000000E+00
      vertex -2.685318E+01 -9.341944E-01 2.000000E+00
    endloop
  endfacet
  facet normal 0.000000E+00 0.000000E+00 1.000000E+00
    outer loop
      vertex 2.847299E+01 -1.062495E+00 2.000000E+00
      vertex 2.718955E+01 -5.028625E-01 2.000000E+00
      vertex 2.819863E+01 -1.534852E+00 2.000000E+00
    endloop
  endfacet
  facet normal 0.000000E+00 0.000000E+00 1.000000E+00
    outer loop
      vertex -2.704118E+01 -7.444293E-01 2.000000E+00
      vertex -2.819863E+01 -1.534852E+00 2.000000E+00
      vertex -2.783162E+01 -1.939458E+00 2.000000E+00
    endloop
  endfacet
  facet normal 0.000000E+00 0.000000E+00 1.000000E+00
    outer loop
      vertex 2.847299E+01 -1.062495E+00 2.000000E+00
      vertex 2.727206E+01 -2.574242E-01 2.000000E+00
      vertex 2.718955E+01 -5.028625E-01 2.000000E+00
    endloop
  endfacet
  facet normal 0.000000E+00 0.000000E+00 1.000000E+00
    outer loop
      vertex -6.000000E+00 6.600000E+00 2.000000E+00
      vertex -2.360000E+01 1.160000E+01 2.000000E+00
      vertex -2.360000E+01 4.419148E+00 2.000000E+00
    endloop
  endfacet
  facet normal 0.000000E+00 0.000000E+00 1.000000E+00
    outer loop
      vertex -2.662786E+01 -1.077668E+00 2.000000E+00
      vertex -2.685318E+01 -9.341944E-01 2.000000E+00
      vertex -2.738817E+01 -2.258452E+00 2.000000E+00
    endloop
  endfacet
  facet normal 0.000000E+00 0.000000E+00 1.000000E+00
    outer loop
      vertex -6.000000E+00 6.600000E+00 2.000000E+00
      vertex -2.360000E+01 -4.419148E+00 2.000000E+00
      vertex -2.360000E+01 -1.160000E+01 2.000000E+00
    endloop
  endfacet
  facet normal 0.000000E+00 0.000000E+00 1.000000E+00
    outer loop
      vertex -6.000000E+00 6.600000E+00 2.000000E+00
      vertex -2.360000E+01 4.419148E+00 2.000000E+00
      vertex -2.360000E+01 -4.419148E+00 2.000000E+00
    endloop
  endfacet
  facet normal 0.000000E+00 0.000000E+00 1.000000E+00
    outer loop
      vertex -2.718255E+01 -5.177758E-01 2.000000E+00
      vertex -2.819863E+01 -1.534852E+00 2.000000E+00
      vertex -2.704118E+01 -7.444293E-01 2.000000E+00
    endloop
  endfacet
  facet normal 0.000000E+00 0.000000E+00 1.000000E+00
    outer loop
      vertex -6.000000E+00 1.160000E+01 2.000000E+00
      vertex -2.360000E+01 1.160000E+01 2.000000E+00
      vertex -6.000000E+00 6.600000E+00 2.000000E+00
    endloop
  endfacet
  facet normal 0.000000E+00 0.000000E+00 1.000000E+00
    outer loop
      vertex -2.718255E+01 -5.177758E-01 2.000000E+00
      vertex -2.847299E+01 -1.062495E+00 2.000000E+00
      vertex -2.819863E+01 -1.534852E+00 2.000000E+00
    endloop
  endfacet
  facet normal 0.000000E+00 0.000000E+00 1.000000E+00
    outer loop
      vertex -2.637638E+01 -1.167740E+00 2.000000E+00
      vertex -2.662786E+01 -1.077668E+00 2.000000E+00
      vertex -2.738817E+01 -2.258452E+00 2.000000E+00
    endloop
  endfacet
  facet normal 0.000000E+00 0.000000E+00 1.000000E+00
    outer loop
      vertex 6.000000E+00 6.600000E+00 2.000000E+00
      vertex -2.360000E+01 -1.160000E+01 2.000000E+00
      vertex 2.360000E+01 -1.160000E+01 2.000000E+00
    endloop
  endfacet
  facet normal 0.000000E+00 0.000000E+00 1.000000E+00
    outer loop
      vertex 6.000000E+00 6.600000E+00 2.000000E+00
      vertex -6.000000E+00 6.600000E+00 2.000000E+00
      vertex -2.360000E+01 -1.160000E+01 2.000000E+00
    endloop
  endfacet
  facet normal 0.000000E+00 0.000000E+00 1.000000E+00
    outer loop
      vertex -2.727027E+01 -2.654651E-01 2.000000E+00
      vertex -2.864262E+01 -5.432374E-01 2.000000E+00
      vertex -2.847299E+01 -1.062495E+00 2.000000E+00
    endloop
  endfacet
  facet normal 0.000000E+00 0.000000E+00 1.000000E+00
    outer loop
      vertex -2.727027E+01 -2.654651E-01 2.000000E+00
      vertex -2.847299E+01 -1.062495E+00 2.000000E+00
      vertex -2.718255E+01 -5.177758E-01 2.000000E+00
    endloop
  endfacet
  facet normal 0.000000E+00 0.000000E+00 1.000000E+00
    outer loop
      vertex 2.360000E+01 -4.419148E+00 2.000000E+00
      vertex 6.000000E+00 6.600000E+00 2.000000E+00
      vertex 2.360000E+01 -1.160000E+01 2.000000E+00
    endloop
  endfacet
  facet normal 0.000000E+00 0.000000E+00 1.000000E+00
    outer loop
      vertex -2.611120E+01 -1.199948E+00 2.000000E+00
      vertex -2.637638E+01 -1.167740E+00 2.000000E+00
      vertex -2.738817E+01 -2.258452E+00 2.000000E+00
    endloop
  endfacet
  facet normal 0.000000E+00 0.000000E+00 1.000000E+00
    outer loop
      vertex -2.730000E+01 -2.971316E-16 2.000000E+00
      vertex -2.864262E+01 5.432374E-01 2.000000E+00
      vertex -2.870000E+01 -7.624974E-16 2.000000E+00
    endloop
  endfacet
  facet normal 0.000000E+00 0.000000E+00 1.000000E+00
    outer loop
      vertex 2.360000E+01 4.419148E+00 2.000000E+00
      vertex 2.567447E+01 1.122020E+00 2.000000E+00
      vertex 2.595536E+01 1.191251E+00 2.000000E+00
    endloop
  endfacet
  facet normal 0.000000E+00 0.000000E+00 1.000000E+00
    outer loop
      vertex 2.536903E+01 -9.516732E-01 2.000000E+00
      vertex 2.517211E+01 -7.609379E-01 2.000000E+00
      vertex 2.360000E+01 -4.419148E+00 2.000000E+00
    endloop
  endfacet
  facet normal 0.000000E+00 0.000000E+00 1.000000E+00
    outer loop
      vertex -2.730000E+01 -2.971316E-16 2.000000E+00
      vertex -2.870000E+01 -7.624974E-16 2.000000E+00
      vertex -2.864262E+01 -5.432374E-01 2.000000E+00
    endloop
  endfacet
  facet normal 0.000000E+00 0.000000E+00 1.000000E+00
    outer loop
      vertex 2.360000E+01 4.419148E+00 2.000000E+00
      vertex 2.541832E+01 9.875807E-01 2.000000E+00
      vertex 2.567447E+01 1.122020E+00 2.000000E+00
    endloop
  endfacet
  facet normal 0.000000E+00 0.000000E+00 1.000000E+00
    outer loop
      vertex -2.730000E+01 -2.971316E-16 2.000000E+00
      vertex -2.864262E+01 -5.432374E-01 2.000000E+00
      vertex -2.727027E+01 -2.654651E-01 2.000000E+00
    endloop
  endfacet
  facet normal 0.000000E+00 0.000000E+00 1.000000E+00
    outer loop
      vertex 2.360000E+01 4.419148E+00 2.000000E+00
      vertex 2.520179E+01 7.957472E-01 2.000000E+00
      vertex 2.541832E+01 9.875807E-01 2.000000E+00
    endloop
  endfacet
  facet normal 0.000000E+00 0.000000E+00 1.000000E+00
    outer loop
      vertex 2.360000E+01 4.419148E+00 2.000000E+00
      vertex 2.503745E+01 5.576678E-01 2.000000E+00
      vertex 2.520179E+01 7.957472E-01 2.000000E+00
    endloop
  endfacet
  facet normal 0.000000E+00 0.000000E+00 1.000000E+00
    outer loop
      vertex 2.360000E+01 4.419148E+00 2.000000E+00
      vertex 2.493487E+01 2.871788E-01 2.000000E+00
      vertex 2.503745E+01 5.576678E-01 2.000000E+00
    endloop
  endfacet
  facet normal 0.000000E+00 0.000000E+00 1.000000E+00
    outer loop
      vertex 2.360000E+01 4.419148E+00 2.000000E+00
      vertex 2.490000E+01 5.910468E-16 2.000000E+00
      vertex 2.493487E+01 2.871788E-01 2.000000E+00
    endloop
  endfacet
  facet normal 0.000000E+00 0.000000E+00 1.000000E+00
    outer loop
      vertex -2.584547E+01 -1.172695E+00 2.000000E+00
      vertex -2.611120E+01 -1.199948E+00 2.000000E+00
      vertex -2.738817E+01 -2.258452E+00 2.000000E+00
    endloop
  endfacet
  facet normal 0.000000E+00 0.000000E+00 1.000000E+00
    outer loop
      vertex 2.360000E+01 4.419148E+00 2.000000E+00
      vertex 6.000000E+00 6.600000E+00 2.000000E+00
      vertex 2.360000E+01 -4.419148E+00 2.000000E+00
    endloop
  endfacet
  facet normal 0.000000E+00 0.000000E+00 1.000000E+00
    outer loop
      vertex 2.502362E+01 -5.304881E-01 2.000000E+00
      vertex 2.360000E+01 -4.419148E+00 2.000000E+00
      vertex 2.517211E+01 -7.609379E-01 2.000000E+00
    endloop
  endfacet
  facet normal 0.000000E+00 0.000000E+00 1.000000E+00
    outer loop
      vertex 2.360000E+01 4.419148E+00 2.000000E+00
      vertex 2.360000E+01 -4.419148E+00 2.000000E+00
      vertex 2.490000E+01 5.910468E-16 2.000000E+00
    endloop
  endfacet
  facet normal 0.000000E+00 0.000000E+00 1.000000E+00
    outer loop
      vertex -2.584547E+01 -1.172695E+00 2.000000E+00
      vertex -2.738817E+01 -2.258452E+00 2.000000E+00
      vertex -2.360000E+01 -4.419148E+00 2.000000E+00
    endloop
  endfacet
  facet normal 0.000000E+00 0.000000E+00 1.000000E+00
    outer loop
      vertex 2.864262E+01 -5.432374E-01 2.000000E+00
      vertex 2.727206E+01 -2.574242E-01 2.000000E+00
      vertex 2.847299E+01 -1.062495E+00 2.000000E+00
    endloop
  endfacet
  facet normal 0.000000E+00 0.000000E+00 1.000000E+00
    outer loop
      vertex 2.864262E+01 -5.432374E-01 2.000000E+00
      vertex 2.730000E+01 2.971316E-16 2.000000E+00
      vertex 2.727206E+01 -2.574242E-01 2.000000E+00
    endloop
  endfacet
  facet normal 0.000000E+00 0.000000E+00 1.000000E+00
    outer loop
      vertex 2.560410E+01 -1.092739E+00 2.000000E+00
      vertex 2.536903E+01 -9.516732E-01 2.000000E+00
      vertex 2.360000E+01 -4.419148E+00 2.000000E+00
    endloop
  endfacet
  facet normal 0.000000E+00 0.000000E+00 1.000000E+00
    outer loop
      vertex -2.726513E+01 2.871788E-01 2.000000E+00
      vertex -2.847299E+01 1.062495E+00 2.000000E+00
      vertex -2.864262E+01 5.432374E-01 2.000000E+00
    endloop
  endfacet
  facet normal 0.000000E+00 0.000000E+00 1.000000E+00
    outer loop
      vertex -2.726513E+01 2.871788E-01 2.000000E+00
      vertex -2.864262E+01 5.432374E-01 2.000000E+00
      vertex -2.730000E+01 -2.971316E-16 2.000000E+00
    endloop
  endfacet
  facet normal 0.000000E+00 0.000000E+00 1.000000E+00
    outer loop
      vertex 2.870000E+01 7.624974E-16 2.000000E+00
      vertex 2.730000E+01 2.971316E-16 2.000000E+00
      vertex 2.864262E+01 -5.432374E-01 2.000000E+00
    endloop
  endfacet
  facet normal 0.000000E+00 0.000000E+00 1.000000E+00
    outer loop
      vertex -2.559235E+01 -1.087332E+00 2.000000E+00
      vertex -2.584547E+01 -1.172695E+00 2.000000E+00
      vertex -2.360000E+01 -4.419148E+00 2.000000E+00
    endloop
  endfacet
  facet normal 0.000000E+00 0.000000E+00 1.000000E+00
    outer loop
      vertex 2.493131E+01 -2.723512E-01 2.000000E+00
      vertex 2.360000E+01 -4.419148E+00 2.000000E+00
      vertex 2.502362E+01 -5.304881E-01 2.000000E+00
    endloop
  endfacet
  facet normal 0.000000E+00 0.000000E+00 1.000000E+00
    outer loop
      vertex 2.586504E+01 -1.176773E+00 2.000000E+00
      vertex 2.560410E+01 -1.092739E+00 2.000000E+00
      vertex 2.360000E+01 -4.419148E+00 2.000000E+00
    endloop
  endfacet
  facet normal 0.000000E+00 0.000000E+00 1.000000E+00
    outer loop
      vertex 2.864262E+01 5.432374E-01 2.000000E+00
      vertex 2.730000E+01 2.971316E-16 2.000000E+00
      vertex 2.870000E+01 7.624974E-16 2.000000E+00
    endloop
  endfacet
  facet normal 0.000000E+00 0.000000E+00 1.000000E+00
    outer loop
      vertex 2.864262E+01 5.432374E-01 2.000000E+00
      vertex 2.726513E+01 2.871788E-01 2.000000E+00
      vertex 2.730000E+01 2.971316E-16 2.000000E+00
    endloop
  endfacet
  facet normal 0.000000E+00 0.000000E+00 1.000000E+00
    outer loop
      vertex -2.716255E+01 5.576678E-01 2.000000E+00
      vertex -2.819863E+01 1.534852E+00 2.000000E+00
      vertex -2.847299E+01 1.062495E+00 2.000000E+00
    endloop
  endfacet
  facet normal 0.000000E+00 0.000000E+00 1.000000E+00
    outer loop
      vertex -2.716255E+01 5.576678E-01 2.000000E+00
      vertex -2.847299E+01 1.062495E+00 2.000000E+00
      vertex -2.726513E+01 2.871788E-01 2.000000E+00
    endloop
  endfacet
  facet normal 0.000000E+00 0.000000E+00 1.000000E+00
    outer loop
      vertex 2.490000E+01 5.910468E-16 2.000000E+00
      vertex 2.360000E+01 -4.419148E+00 2.000000E+00
      vertex 2.493131E+01 -2.723512E-01 2.000000E+00
    endloop
  endfacet
  facet normal 0.000000E+00 0.000000E+00 1.000000E+00
    outer loop
      vertex 2.847299E+01 1.062495E+00 2.000000E+00
      vertex 2.716255E+01 5.576678E-01 2.000000E+00
      vertex 2.726513E+01 2.871788E-01 2.000000E+00
    endloop
  endfacet
  facet normal 0.000000E+00 0.000000E+00 1.000000E+00
    outer loop
      vertex -2.536085E+01 -9.453365E-01 2.000000E+00
      vertex -2.559235E+01 -1.087332E+00 2.000000E+00
      vertex -2.360000E+01 -4.419148E+00 2.000000E+00
    endloop
  endfacet
  facet normal 0.000000E+00 0.000000E+00 1.000000E+00
    outer loop
      vertex 2.847299E+01 1.062495E+00 2.000000E+00
      vertex 2.726513E+01 2.871788E-01 2.000000E+00
      vertex 2.864262E+01 5.432374E-01 2.000000E+00
    endloop
  endfacet
  facet normal 0.000000E+00 0.000000E+00 1.000000E+00
    outer loop
      vertex 2.738817E+01 -2.258452E+00 2.000000E+00
      vertex 2.613826E+01 -1.199390E+00 2.000000E+00
      vertex 2.586504E+01 -1.176773E+00 2.000000E+00
    endloop
  endfacet
  facet normal 0.000000E+00 0.000000E+00 1.000000E+00
    outer loop
      vertex 2.738817E+01 2.258452E+00 2.000000E+00
      vertex 2.360000E+01 4.419148E+00 2.000000E+00
      vertex 2.595536E+01 1.191251E+00 2.000000E+00
    endloop
  endfacet
  facet normal 0.000000E+00 0.000000E+00 1.000000E+00
    outer loop
      vertex -2.699821E+01 7.957472E-01 2.000000E+00
      vertex -2.819863E+01 1.534852E+00 2.000000E+00
      vertex -2.716255E+01 5.576678E-01 2.000000E+00
    endloop
  endfacet
  facet normal 0.000000E+00 0.000000E+00 1.000000E+00
    outer loop
      vertex 2.738817E+01 -2.258452E+00 2.000000E+00
      vertex 2.586504E+01 -1.176773E+00 2.000000E+00
      vertex 2.360000E+01 -4.419148E+00 2.000000E+00
    endloop
  endfacet
  facet normal 0.000000E+00 0.000000E+00 1.000000E+00
    outer loop
      vertex 2.738817E+01 2.258452E+00 2.000000E+00
      vertex 2.652553E+01 1.122020E+00 2.000000E+00
      vertex 2.678168E+01 9.875807E-01 2.000000E+00
    endloop
  endfacet
  facet normal 0.000000E+00 0.000000E+00 1.000000E+00
    outer loop
      vertex 2.738817E+01 2.258452E+00 2.000000E+00
      vertex 2.624464E+01 1.191251E+00 2.000000E+00
      vertex 2.652553E+01 1.122020E+00 2.000000E+00
    endloop
  endfacet
  facet normal 0.000000E+00 0.000000E+00 1.000000E+00
    outer loop
      vertex 2.738817E+01 2.258452E+00 2.000000E+00
      vertex 2.595536E+01 1.191251E+00 2.000000E+00
      vertex 2.624464E+01 1.191251E+00 2.000000E+00
    endloop
  endfacet
  facet normal 0.000000E+00 0.000000E+00 1.000000E+00
    outer loop
      vertex -2.516721E+01 -7.549228E-01 2.000000E+00
      vertex -2.536085E+01 -9.453365E-01 2.000000E+00
      vertex -2.360000E+01 -4.419148E+00 2.000000E+00
    endloop
  endfacet
  facet normal 0.000000E+00 0.000000E+00 1.000000E+00
    outer loop
      vertex 2.819863E+01 1.534852E+00 2.000000E+00
      vertex 2.699821E+01 7.957472E-01 2.000000E+00
      vertex 2.716255E+01 5.576678E-01 2.000000E+00
    endloop
  endfacet
  facet normal 0.000000E+00 0.000000E+00 1.000000E+00
    outer loop
      vertex 2.819863E+01 1.534852E+00 2.000000E+00
      vertex 2.716255E+01 5.576678E-01 2.000000E+00
      vertex 2.847299E+01 1.062495E+00 2.000000E+00
    endloop
  endfacet
  facet normal 0.000000E+00 0.000000E+00 1.000000E+00
    outer loop
      vertex -2.783162E+01 1.939458E+00 2.000000E+00
      vertex -2.819863E+01 1.534852E+00 2.000000E+00
      vertex -2.699821E+01 7.957472E-01 2.000000E+00
    endloop
  endfacet
  facet normal 0.000000E+00 0.000000E+00 1.000000E+00
    outer loop
      vertex 2.640947E+01 -1.159409E+00 2.000000E+00
      vertex 2.613826E+01 -1.199390E+00 2.000000E+00
      vertex 2.738817E+01 -2.258452E+00 2.000000E+00
    endloop
  endfacet
  facet normal 0.000000E+00 0.000000E+00 1.000000E+00
    outer loop
      vertex 2.783162E+01 1.939458E+00 2.000000E+00
      vertex 2.699821E+01 7.957472E-01 2.000000E+00
      vertex 2.819863E+01 1.534852E+00 2.000000E+00
    endloop
  endfacet
  facet normal 0.000000E+00 0.000000E+00 1.000000E+00
    outer loop
      vertex 2.783162E+01 1.939458E+00 2.000000E+00
      vertex 2.738817E+01 2.258452E+00 2.000000E+00
      vertex 2.678168E+01 9.875807E-01 2.000000E+00
    endloop
  endfacet
  facet normal 0.000000E+00 0.000000E+00 1.000000E+00
    outer loop
      vertex -2.678168E+01 9.875807E-01 2.000000E+00
      vertex -2.783162E+01 1.939458E+00 2.000000E+00
      vertex -2.699821E+01 7.957472E-01 2.000000E+00
    endloop
  endfacet
  facet normal 0.000000E+00 0.000000E+00 1.000000E+00
    outer loop
      vertex 2.783162E+01 1.939458E+00 2.000000E+00
      vertex 2.678168E+01 9.875807E-01 2.000000E+00
      vertex 2.699821E+01 7.957472E-01 2.000000E+00
    endloop
  endfacet
  facet normal 0.000000E+00 0.000000E+00 1.000000E+00
    outer loop
      vertex 2.360000E+01 1.160000E+01 2.000000E+00
      vertex 6.000000E+00 1.160000E+01 2.000000E+00
      vertex 6.000000E+00 6.600000E+00 2.000000E+00
    endloop
  endfacet
  facet normal 0.000000E+00 0.000000E+00 1.000000E+00
    outer loop
      vertex -2.502135E+01 -5.258437E-01 2.000000E+00
      vertex -2.516721E+01 -7.549228E-01 2.000000E+00
      vertex -2.360000E+01 -4.419148E+00 2.000000E+00
    endloop
  endfacet
  facet normal 0.000000E+00 0.000000E+00 1.000000E+00
    outer loop
      vertex 2.360000E+01 1.160000E+01 2.000000E+00
      vertex 6.000000E+00 6.600000E+00 2.000000E+00
      vertex 2.360000E+01 4.419148E+00 2.000000E+00
    endloop
  endfacet
  facet normal 0.000000E+00 0.000000E+00 1.000000E+00
    outer loop
      vertex 2.666453E+01 -1.058916E+00 2.000000E+00
      vertex 2.640947E+01 -1.159409E+00 2.000000E+00
      vertex 2.738817E+01 -2.258452E+00 2.000000E+00
    endloop
  endfacet
  facet normal 0.000000E+00 0.000000E+00 1.000000E+00
    outer loop
      vertex -2.493073E+01 -2.698319E-01 2.000000E+00
      vertex -2.502135E+01 -5.258437E-01 2.000000E+00
      vertex -2.360000E+01 -4.419148E+00 2.000000E+00
    endloop
  endfacet
  facet normal 0.000000E+00 0.000000E+00 1.000000E+00
    outer loop
      vertex -2.738817E+01 2.258452E+00 2.000000E+00
      vertex -2.783162E+01 1.939458E+00 2.000000E+00
      vertex -2.678168E+01 9.875807E-01 2.000000E+00
    endloop
  endfacet
  facet normal 0.000000E+00 0.000000E+00 1.000000E+00
    outer loop
      vertex 2.687855E+01 -9.131603E-01 2.000000E+00
      vertex 2.666453E+01 -1.058916E+00 2.000000E+00
      vertex 2.738817E+01 -2.258452E+00 2.000000E+00
    endloop
  endfacet
  facet normal 0.000000E+00 0.000000E+00 1.000000E+00
    outer loop
      vertex -2.738817E+01 2.258452E+00 2.000000E+00
      vertex -2.678168E+01 9.875807E-01 2.000000E+00
      vertex -2.652553E+01 1.122020E+00 2.000000E+00
    endloop
  endfacet
  facet normal 0.000000E+00 0.000000E+00 1.000000E+00
    outer loop
      vertex 2.687855E+01 -9.131603E-01 2.000000E+00
      vertex 2.738817E+01 -2.258452E+00 2.000000E+00
      vertex 2.783162E+01 -1.939458E+00 2.000000E+00
    endloop
  endfacet
  facet normal 0.000000E+00 0.000000E+00 1.000000E+00
    outer loop
      vertex -2.624464E+01 1.191251E+00 2.000000E+00
      vertex -2.738817E+01 2.258452E+00 2.000000E+00
      vertex -2.652553E+01 1.122020E+00 2.000000E+00
    endloop
  endfacet
endsolid 
